time,open,high,low,close,volume
2019-01-02 10:00:00,21.7069380000,21.8536065000,21.2375988000,21.3940452000,835378
2019-01-02 10:30:00,21.4038231000,21.6580485000,21.3940452000,21.5993811000,252922
2019-01-02 11:00:00,21.5993811000,21.7558275000,21.5309358000,21.6580485000,229500
2019-01-02 11:30:00,21.6580485000,21.7362717000,21.5896032000,21.6384927000,153200
2019-01-02 13:30:00,21.6384927000,21.7069380000,21.6091590000,21.6189369000,184800
2019-01-02 14:00:00,21.6776043000,21.6971601000,21.5602695000,21.6482706000,177500
2019-01-02 14:30:00,21.5896032000,21.7460496000,21.5896032000,21.7264938000,210400
2019-01-02 15:00:00,21.7167159000,21.7362717000,21.6091590000,21.6091590000,220200
2019-01-03 10:00:00,21.4624905000,21.8927181000,21.3549336000,21.8047170000,550700
2019-01-03 10:30:00,21.7851612000,21.9024960000,21.6873822000,21.7558275000,383078
2019-01-03 11:00:00,21.7558275000,21.7558275000,21.6482706000,21.6776043000,213600
2019-01-03 11:30:00,21.6776043000,21.7851612000,21.6384927000,21.7851612000,204504
2019-01-03 13:30:00,21.7362717000,21.8340507000,21.7362717000,21.8144949000,169773
2019-01-03 14:00:00,21.7949391000,21.9904971000,21.7656054000,21.9611634000,379900
2019-01-03 14:30:00,21.9611634000,21.9611634000,21.8047170000,21.9024960000,288390
2019-01-03 15:00:00,21.9024960000,21.9709413000,21.8144949000,21.9513855000,583300
2019-01-04 10:00:00,21.9220518000,22.5869490000,21.8047170000,22.4109468000,2138798
2019-01-04 10:30:00,22.4109468000,22.4500584000,22.2642783000,22.3425015000,428158
2019-01-04 11:00:00,22.3425015000,22.5380595000,22.3425015000,22.5282816000,494326
2019-01-04 11:30:00,22.5478374000,22.6651722000,22.4402805000,22.6358385000,500200
2019-01-04 13:30:00,22.6260606000,22.9585092000,22.5087258000,22.8216186000,859000
2019-01-04 14:00:00,22.8216186000,22.8998418000,22.7336175000,22.8411744000,321300
2019-01-04 14:30:00,22.8411744000,22.9291755000,22.7140617000,22.8802860000,386700
2019-01-04 15:00:00,22.8802860000,22.9487313000,22.8216186000,22.8900639000,625373
2019-01-07 10:00:00,22.7531733000,23.5256274000,22.7531733000,23.4571821000,1910104
2019-01-07 10:30:00,23.4669600000,23.9069655000,23.2714020000,23.7798528000,1747452
2019-01-07 11:00:00,23.7896307000,24.0047445000,23.7602970000,23.7994086000,1144989
2019-01-07 11:30:00,23.7994086000,23.8776318000,23.6918517000,23.8482981000,671282
2019-01-07 13:30:00,23.8385202000,24.1025235000,23.8287423000,23.8874097000,1061542
2019-01-07 14:00:00,23.8874097000,24.0047445000,23.8482981000,23.9362992000,743858
2019-01-07 14:30:00,23.9362992000,23.9558550000,23.8482981000,23.8971876000,461400
2019-01-07 15:00:00,23.8971876000,23.9069655000,23.8091865000,23.8091865000,756800
2019-01-08 10:00:00,23.6625180000,24.3763047000,23.6625180000,24.2883036000,2758454
2019-01-08 10:30:00,24.2980815000,24.3078594000,24.0243003000,24.1514130000,1354400
2019-01-08 11:00:00,24.1514130000,24.1514130000,23.9656329000,24.1220793000,763246
2019-01-08 11:30:00,24.1318572000,24.2687478000,24.0829677000,24.2589699000,657511
2019-01-08 13:30:00,24.2589699000,24.3469710000,24.2003025000,24.3469710000,1121145
2019-01-08 14:00:00,24.3371931000,24.5034174000,24.1807467000,24.4838616000,1862800
2019-01-08 14:30:00,24.4936395000,24.6207522000,24.4545279000,24.5523069000,1261091
2019-01-08 15:00:00,24.5523069000,24.6109743000,24.3078594000,24.3469710000,910400
2019-01-09 10:00:00,24.2491920000,25.0118682000,24.1709688000,24.9238671000,2041157
2019-01-09 10:30:00,24.9336450000,24.9336450000,24.5914185000,24.6500859000,751600
2019-01-09 11:00:00,24.6500859000,24.6891975000,24.4056384000,24.5034174000,883100
2019-01-09 11:30:00,24.4936395000,24.6989754000,24.4251942000,24.6696417000,423900
2019-01-09 13:30:00,24.7185312000,24.9336450000,24.6696417000,24.8358660000,1235500
2019-01-09 14:00:00,24.7869765000,24.8847555000,24.7576428000,24.8847555000,796800
2019-01-09 14:30:00,24.8847555000,24.9629787000,24.8358660000,24.9336450000,1243203
2019-01-09 15:00:00,24.9336450000,24.9532008000,24.6207522000,24.6305301000,1481976
2019-01-10 10:00:00,25.1487588000,25.3247610000,24.6989754000,25.0118682000,2415522
2019-01-10 10:30:00,25.0314240000,25.0314240000,24.7478649000,24.8749776000,634210
2019-01-10 11:00:00,24.8749776000,25.0118682000,24.8065323000,24.9629787000,656900
2019-01-10 11:30:00,24.9629787000,25.2074262000,24.9434229000,25.1976483000,681700
2019-01-10 13:30:00,25.1878704000,25.2172041000,25.0412019000,25.0705356000,690918
2019-01-10 14:00:00,25.0705356000,25.1585367000,25.0118682000,25.1585367000,761791
2019-01-10 14:30:00,25.1585367000,25.1585367000,25.0607577000,25.0900914000,647481
2019-01-10 15:00:00,25.0998693000,25.0998693000,24.8749776000,24.9238671000,972579
2019-01-11 10:00:00,25.2465378000,26.4296637000,25.2172041000,26.3807742000,3567231
2019-01-11 10:30:00,26.4101079000,26.5274427000,26.0385477000,26.0581035000,1969359
2019-01-11 11:00:00,26.0581035000,26.0678814000,25.5203190000,25.5985422000,1118155
2019-01-11 11:30:00,25.5692085000,25.6963212000,25.4225400000,25.5007632000,635227
2019-01-11 13:30:00,25.4909853000,25.6278759000,25.3345389000,25.6180980000,574173
2019-01-11 14:00:00,25.6180980000,25.6572096000,25.2269820000,25.2856494000,739400
2019-01-11 14:30:00,25.2856494000,25.3247610000,25.0803135000,25.1292030000,808291
2019-01-11 15:00:00,25.1292030000,25.3052052000,25.1292030000,25.1780925000,856344
2019-01-14 10:00:00,25.6474317000,26.0581035000,25.4518737000,25.7647665000,2245481
2019-01-14 10:30:00,25.7745444000,25.9114350000,25.6474317000,25.8234339000,805096
2019-01-14 11:00:00,25.8234339000,26.0385477000,25.8038781000,26.0385477000,777066
2019-01-14 11:30:00,26.0678814000,26.2047720000,25.8429897000,25.8821013000,954234
2019-01-14 13:30:00,25.8821013000,25.9016571000,25.7745444000,25.8821013000,256500
2019-01-14 14:00:00,25.8821013000,25.8918792000,25.6669875000,25.7060991000,434200
2019-01-14 14:30:00,25.7060991000,25.7354328000,25.5398748000,25.5985422000,423666
2019-01-14 15:00:00,25.5985422000,25.7158770000,25.5692085000,25.6963212000,529222
2019-01-15 10:00:00,25.5007632000,26.1461046000,25.5007632000,25.8723234000,1459118
2019-01-15 10:30:00,25.8723234000,26.4785532000,25.8625455000,26.2829952000,1462563
2019-01-15 11:00:00,26.2829952000,26.8892250000,26.2536615000,26.7425565000,2250691
2019-01-15 11:30:00,26.7914460000,26.9478924000,26.6349996000,26.7816681000,1113105
2019-01-15 13:30:00,26.7621123000,26.7914460000,26.4981090000,26.5078869000,431953
2019-01-15 14:00:00,26.5078869000,26.6349996000,26.4785532000,26.6349996000,354300
2019-01-15 14:30:00,26.6349996000,26.6349996000,26.3514405000,26.4492195000,791284
2019-01-15 15:00:00,26.4492195000,26.5567764000,26.4492195000,26.5469985000,863958
2019-01-16 10:00:00,26.6447775000,27.1532283000,26.5078869000,26.8892250000,1689191
2019-01-16 10:30:00,26.8696692000,26.8892250000,26.1167709000,26.2047720000,1618700
2019-01-16 11:00:00,26.2634394000,26.3318847000,25.9603245000,26.0874372000,931877
2019-01-16 11:30:00,26.1069930000,26.3025510000,26.0189919000,26.1558825000,254518
2019-01-16 13:30:00,26.1265488000,26.1363267000,25.9701024000,25.9798803000,452582
2019-01-16 14:00:00,25.9798803000,26.1558825000,25.9701024000,25.9896582000,465500
2019-01-16 14:30:00,25.9994361000,26.0287698000,25.8527676000,26.0092140000,910918
2019-01-16 15:00:00,26.0092140000,26.0483256000,25.8332118000,25.9016571000,1124616
2019-01-17 10:00:00,26.3025510000,26.7621123000,25.9309908000,26.3025510000,2087400
2019-01-17 10:30:00,26.3025510000,26.3025510000,25.8918792000,25.9603245000,998701
2019-01-17 11:00:00,25.9603245000,26.1558825000,25.9603245000,26.1069930000,327924
2019-01-17 11:30:00,26.1069930000,26.2341057000,25.9114350000,26.0092140000,264900
2019-01-17 13:30:00,26.0092140000,26.0874372000,25.5985422000,25.7158770000,470900
2019-01-17 14:00:00,25.7060991000,25.8136560000,25.5398748000,25.7354328000,568200
2019-01-17 14:30:00,25.7354328000,25.9114350000,25.6865433000,25.8332118000,337800
2019-01-17 15:00:00,25.8332118000,26.0776593000,25.7549886000,25.8723234000,560569
2019-01-18 10:00:00,26.1363267000,26.2829952000,25.5398748000,25.6180980000,1209169
2019-01-18 10:30:00,25.6572096000,25.8918792000,25.4225400000,25.4812074000,1105300
2019-01-18 11:00:00,25.4714295000,25.5692085000,25.3540947000,25.4714295000,725020
2019-01-18 11:30:00,25.5398748000,25.7843223000,25.4420958000,25.6083201000,354282
2019-01-18 13:30:00,25.6083201000,25.8821013000,25.5985422000,25.7647665000,323100
2019-01-18 14:00:00,25.7647665000,25.7647665000,25.5789864000,25.6278759000,242200
2019-01-18 14:30:00,25.6278759000,25.9114350000,25.5692085000,25.7158770000,427600
2019-01-18 15:00:00,25.7060991000,25.8527676000,25.6767654000,25.8038781000,679800
2019-01-21 10:00:00,25.9896582000,26.4589974000,25.6669875000,26.2047720000,1476669
2019-01-21 10:30:00,26.2047720000,26.3612184000,26.1069930000,26.3318847000,545900
2019-01-21 11:00:00,26.3514405000,26.5861101000,26.3123289000,26.5665543000,1128615
2019-01-21 11:30:00,26.5861101000,26.7914460000,26.5469985000,26.6447775000,767405
2019-01-21 13:30:00,26.6252217000,26.6252217000,26.1754383000,26.2438836000,491000
2019-01-21 14:00:00,26.2438836000,26.2732173000,26.0972151000,26.1852162000,436100
2019-01-21 14:30:00,26.1852162000,26.1852162000,25.9701024000,26.0287698000,730400
2019-01-21 15:00:00,26.0287698000,26.1461046000,26.0092140000,26.0776593000,525773
2019-01-22 10:00:00,25.8429897000,26.2732173000,25.8429897000,26.1949941000,725777
2019-01-22 10:30:00,26.1949941000,26.1949941000,25.8136560000,25.8429897000,567967
2019-01-22 11:00:00,25.7941002000,25.9309908000,25.6865433000,25.7745444000,462000
2019-01-22 11:30:00,25.7745444000,25.7745444000,25.3247610000,25.3834284000,986724
2019-01-22 13:30:00,25.3834284000,25.5203190000,25.2758715000,25.4420958000,641400
2019-01-22 14:00:00,25.4420958000,25.4518737000,25.2465378000,25.3834284000,710354
2019-01-22 14:30:00,25.3443168000,25.3932063000,25.0900914000,25.1389809000,775291
2019-01-22 15:00:00,25.1389809000,25.4127621000,25.1389809000,25.3345389000,809282
2019-01-23 10:00:00,25.7060991000,25.9407687000,25.5007632000,25.5594306000,1576600
2019-01-23 10:30:00,25.5398748000,25.7060991000,25.4323179000,25.5692085000,554783
2019-01-23 11:00:00,25.5594306000,25.6963212000,25.4127621000,25.4714295000,351654
2019-01-23 11:30:00,25.4714295000,25.5203190000,25.2660936000,25.3540947000,283700
2019-01-23 13:30:00,25.3540947000,25.5007632000,25.3149831000,25.4225400000,185082
2019-01-23 14:00:00,25.4323179000,25.5203190000,25.2269820000,25.4909853000,273400
2019-01-23 14:30:00,25.4812074000,25.6963212000,25.3932063000,25.6278759000,338900
2019-01-23 15:00:00,25.6278759000,25.7647665000,25.5496527000,25.6180980000,599615
2019-01-24 10:00:00,25.9212129000,26.5372206000,25.7647665000,26.3709963000,2321007
2019-01-24 10:30:00,26.4003300000,26.8403355000,26.3709963000,26.6154438000,1723400
2019-01-24 11:00:00,26.6154438000,27.0652272000,26.5861101000,26.9870040000,1864100
2019-01-24 11:30:00,26.9967819000,27.4758990000,26.9870040000,27.1532283000,2144100
2019-01-24 13:30:00,27.1532283000,27.1532283000,26.8696692000,26.8696692000,699184
2019-01-24 14:00:00,26.8892250000,26.9087808000,26.7425565000,26.8403355000,450561
2019-01-24 14:30:00,26.8403355000,26.9772261000,26.7621123000,26.9772261000,600600
2019-01-24 15:00:00,26.9772261000,27.0261156000,26.8110018000,26.8794471000,717500
2019-01-25 10:00:00,26.7523344000,27.0358935000,26.1069930000,26.4003300000,2170077
2019-01-25 10:30:00,26.4003300000,26.6349996000,26.2927731000,26.6056659000,639623
2019-01-25 11:00:00,26.5958880000,26.6447775000,26.5078869000,26.6252217000,315800
2019-01-25 11:30:00,26.6252217000,26.7132228000,26.5176648000,26.5567764000,421500
2019-01-25 13:30:00,26.9870040000,28.8839166000,26.9870040000,28.7079144000,6417571
2019-01-25 14:00:00,28.7372481000,29.5292580000,28.5221343000,29.1968094000,3128244
2019-01-25 14:30:00,29.1968094000,29.2359210000,28.4732448000,28.4928006000,943273
2019-01-25 15:00:00,28.4928006000,28.5123564000,28.1505741000,28.2092415000,1112627
2019-01-28 10:00:00,28.0723509000,28.2483531000,27.6812349000,28.0723509000,2414893
2019-01-28 10:30:00,28.0821288000,28.1994636000,27.7985697000,27.8767929000,963147
2019-01-28 11:00:00,27.8767929000,27.8767929000,27.2998968000,27.4563432000,1438755
2019-01-28 11:30:00,27.4563432000,27.5541222000,27.2803410000,27.2803410000,581389
2019-01-28 13:30:00,27.2998968000,27.5736780000,27.2607852000,27.3976758000,576000
2019-01-28 14:00:00,27.3976758000,27.3976758000,26.9967819000,27.1727841000,802700
2019-01-28 14:30:00,27.1727841000,27.3390084000,26.9967819000,27.2412294000,527400
2019-01-28 15:00:00,27.2314515000,27.4661211000,27.0358935000,27.3292305000,824054
2019-01-29 10:00:00,27.3781200000,27.3781200000,26.9087808000,26.9870040000,1005255
2019-01-29 10:30:00,26.9870040000,26.9967819000,26.2047720000,26.5078869000,1759200
2019-01-29 11:00:00,26.5078869000,26.9381145000,26.5078869000,26.7914460000,511700
2019-01-29 11:30:00,26.8305576000,26.9674482000,26.7327786000,26.9576703000,290081
2019-01-29 13:30:00,26.9576703000,26.9772261000,26.5861101000,26.8012239000,315219
2019-01-29 14:00:00,26.8012239000,27.0163377000,26.7523344000,26.8207797000,353900
2019-01-29 14:30:00,26.8207797000,26.9381145000,26.6741112000,26.8892250000,517200
2019-01-29 15:00:00,26.8892250000,27.0163377000,26.5372206000,26.7132228000,888556
2019-01-30 10:00:00,26.7327786000,26.9576703000,26.4589974000,26.6936670000,816400
2019-01-30 10:30:00,26.7816681000,26.8012239000,26.3123289000,26.4198858000,761200
2019-01-30 11:00:00,26.4981090000,26.5372206000,26.2829952000,26.4981090000,366530
2019-01-30 11:30:00,26.4981090000,26.7523344000,26.4101079000,26.5958880000,271500
2019-01-30 13:30:00,26.5958880000,26.5958880000,26.3807742000,26.4003300000,209300
2019-01-30 14:00:00,26.4003300000,26.4296637000,25.9505466000,26.0189919000,987700
2019-01-30 14:30:00,25.9798803000,26.1656604000,25.7158770000,25.8918792000,907680
2019-01-30 15:00:00,25.8918792000,26.2634394000,25.8821013000,26.0972151000,1039867
2019-01-31 10:00:00,26.2536615000,26.4785532000,25.9798803000,26.0972151000,957900
2019-01-31 10:30:00,26.2536615000,26.6349996000,26.1363267000,26.5665543000,612390
2019-01-31 11:00:00,26.5958880000,26.6252217000,26.3612184000,26.4785532000,455809
2019-01-31 11:30:00,26.4785532000,26.5176648000,26.1069930000,26.2536615000,366900
2019-01-31 13:30:00,26.2438836000,26.3318847000,26.0972151000,26.1069930000,275600
2019-01-31 14:00:00,26.1069930000,26.2732173000,26.0287698000,26.1754383000,276307
2019-01-31 14:30:00,26.1754383000,26.1754383000,25.7941002000,25.9896582000,469455
2019-01-31 15:00:00,25.9896582000,26.4003300000,25.9505466000,26.3123289000,915881
2019-02-01 10:00:00,26.4687753000,26.5372206000,26.1069930000,26.3514405000,698300
2019-02-01 10:30:00,26.3514405000,26.8403355000,26.3221068000,26.5958880000,675571
2019-02-01 11:00:00,26.5958880000,26.9870040000,26.5763322000,26.8990029000,771600
2019-02-01 11:30:00,26.8990029000,26.9967819000,26.7914460000,26.8696692000,409400
2019-02-01 13:30:00,26.8892250000,26.9381145000,26.7230007000,26.8892250000,292000
2019-02-01 14:00:00,26.8892250000,27.1923399000,26.8892250000,27.1825620000,665018
2019-02-01 14:30:00,27.1825620000,27.4270095000,27.1630062000,27.2803410000,935467
2019-02-01 15:00:00,27.2607852000,27.4172316000,27.1630062000,27.2314515000,685275
2019-02-11 10:00:00,27.3878979000,27.9256824000,27.2314515000,27.3781200000,1427100
2019-02-11 10:30:00,27.3781200000,27.7301244000,27.3585642000,27.6225675000,734882
2019-02-11 11:00:00,27.6616791000,28.0136835000,27.6519012000,27.9941277000,686255
2019-02-11 11:30:00,28.0039056000,28.1212404000,27.9256824000,28.0136835000,674000
2019-02-11 13:30:00,28.0136835000,28.1114625000,27.9647940000,28.0919067000,418900
2019-02-11 14:00:00,28.0919067000,28.0919067000,27.9941277000,28.0625730000,476170
2019-02-11 14:30:00,28.0527951000,28.1212404000,28.0332393000,28.0919067000,670000
2019-02-11 15:00:00,28.1114625000,28.2190194000,28.0821288000,28.1994636000,833801
2019-02-12 10:00:00,28.1212404000,28.4634669000,28.0039056000,28.1603520000,1214400
2019-02-12 10:30:00,28.1603520000,28.1603520000,27.8083476000,27.9941277000,1270237
2019-02-12 11:00:00,27.9941277000,28.0625730000,27.8670150000,28.0234614000,604200
2019-02-12 11:30:00,28.0234614000,28.2483531000,27.9647940000,28.1603520000,482051
2019-02-12 13:30:00,28.1603520000,28.1603520000,27.9159045000,27.9256824000,367500
2019-02-12 14:00:00,27.9256824000,27.9745719000,27.8279034000,27.8963487000,660400
2019-02-12 14:30:00,27.8767929000,27.9745719000,27.7301244000,27.7790139000,525150
2019-02-12 15:00:00,27.7790139000,27.9550161000,27.7496802000,27.9452382000,677767
2019-02-13 10:00:00,28.1212404000,28.9328061000,28.0723509000,28.7470260000,2204622
2019-02-13 10:30:00,28.7274702000,28.8448050000,28.3265763000,28.3265763000,1015000
2019-02-13 11:00:00,28.3265763000,28.5905796000,28.2581310000,28.3461321000,688499
2019-02-13 11:30:00,28.3461321000,28.3656879000,28.1799078000,28.2581310000,486300
2019-02-13 13:30:00,28.2581310000,28.2679089000,28.0136835000,28.1212404000,908856
2019-02-13 14:00:00,28.1407962000,28.3265763000,28.0919067000,28.2483531000,381996
2019-02-13 14:30:00,28.2483531000,28.3167984000,28.0821288000,28.2874647000,391905
2019-02-13 15:00:00,28.2874647000,28.3070205000,28.1799078000,28.2874647000,716105
2019-02-14 10:00:00,28.1212404000,28.3461321000,27.8963487000,27.8963487000,1555435
2019-02-14 10:30:00,27.9061266000,28.0723509000,27.7399023000,28.0430172000,1084305
2019-02-14 11:00:00,28.0430172000,28.0821288000,27.8963487000,27.9843498000,551856
2019-02-14 11:30:00,27.9843498000,28.0039056000,27.8279034000,27.9256824000,403180
2019-02-14 13:30:00,27.9256824000,27.9354603000,27.8767929000,27.9159045000,222400
2019-02-14 14:00:00,27.9159045000,27.9647940000,27.8670150000,27.9647940000,353300
2019-02-14 14:30:00,27.9647940000,28.2385752000,27.9647940000,28.1799078000,655912
2019-02-14 15:00:00,28.1799078000,28.4341332000,28.0625730000,28.4341332000,893281
2019-02-15 10:00:00,28.3559100000,28.6785807000,28.1896857000,28.4634669000,2044912
2019-02-15 10:30:00,28.4634669000,28.8448050000,28.4047995000,28.8448050000,1538707
2019-02-15 11:00:00,28.8448050000,28.9034724000,28.5123564000,28.6394691000,711300
2019-02-15 11:30:00,28.6394691000,28.6785807000,28.4732448000,28.5319122000,513468
2019-02-15 13:30:00,28.5319122000,28.5319122000,28.4341332000,28.4439111000,331600
2019-02-15 14:00:00,28.4439111000,28.5221343000,28.3070205000,28.4536890000,547800
2019-02-15 14:30:00,28.4536890000,28.4928006000,28.2190194000,28.2679089000,372700
2019-02-15 15:00:00,28.2679089000,28.2972426000,27.8670150000,28.2287973000,1159003
2019-02-18 10:00:00,28.3559100000,29.0208072000,28.2483531000,28.8448050000,2099119
2019-02-18 10:30:00,28.8448050000,29.2652547000,28.8448050000,28.9816956000,1436631
2019-02-18 11:00:00,28.9816956000,29.2261431000,28.9621398000,29.1870315000,708213
2019-02-18 11:30:00,29.1968094000,29.2456989000,28.9914735000,29.0403630000,663563
2019-02-18 13:30:00,29.0403630000,29.5488138000,29.0403630000,29.3043663000,1652270
2019-02-18 14:00:00,29.3043663000,29.3923674000,29.1674757000,29.3043663000,611627
2019-02-18 14:30:00,29.3043663000,29.3141442000,29.1968094000,29.3141442000,316800
2019-02-18 15:00:00,29.3141442000,29.3923674000,29.2456989000,29.3239221000,952324
2019-02-19 10:00:00,29.4803685000,30.3310458000,29.4412569000,30.0768204000,2864528
2019-02-19 10:30:00,30.0768204000,30.1159320000,29.5585917000,29.7443718000,1357801
2019-02-19 11:00:00,29.7443718000,29.8519287000,29.4901464000,29.6270370000,741500
2019-02-19 11:30:00,29.6270370000,29.9594856000,29.0501409000,29.1088083000,999200
2019-02-19 13:30:00,29.1088083000,29.1185862000,28.7665818000,28.9523619000,1065800
2019-02-19 14:00:00,28.9621398000,29.1381420000,28.8448050000,28.8936945000,462066
2019-02-19 14:30:00,28.8936945000,29.0794746000,28.7959155000,29.0794746000,316881
2019-02-19 15:00:00,29.0794746000,29.9203740000,29.0794746000,29.6465928000,1486040
2019-02-20 10:00:00,29.6465928000,29.6954823000,29.0403630000,29.3337000000,1440266
2019-02-20 10:30:00,29.2848105000,29.4412569000,29.2750326000,29.3825895000,640001
2019-02-20 11:00:00,29.3923674000,30.0181530000,29.3043663000,29.9692635000,1046800
2019-02-20 11:30:00,29.9692635000,29.9790414000,29.4999243000,29.5488138000,715000
2019-02-20 13:30:00,29.5292580000,29.5292580000,29.1674757000,29.3532558000,476900
2019-02-20 14:00:00,29.3532558000,29.4314790000,29.2359210000,29.2652547000,255100
2019-02-20 14:30:00,29.2652547000,29.7443718000,29.2554768000,29.7345939000,584704
2019-02-20 15:00:00,29.7150381000,30.2528226000,29.7150381000,30.0181530000,1512131
2019-02-21 10:00:00,29.8714845000,30.5266038000,29.8519287000,30.4092690000,1479200
2019-02-21 10:30:00,30.4092690000,30.4092690000,29.9105961000,30.0279309000,933400
2019-02-21 11:00:00,30.0279309000,30.3114900000,29.9692635000,30.2528226000,636663
2019-02-21 11:30:00,30.2430447000,30.4190469000,30.1452657000,30.3114900000,832164
2019-02-21 13:30:00,30.3799353000,30.7514955000,30.3310458000,30.7221618000,1202345
2019-02-21 14:00:00,30.7221618000,30.7319397000,30.0083751000,30.0083751000,942100
2019-02-21 14:30:00,30.0083751000,30.0768204000,29.5977033000,29.7345939000,1129000
2019-02-21 15:00:00,29.7345939000,29.7345939000,29.2652547000,29.4608127000,1336769
2019-02-22 10:00:00,29.3337000000,29.8030392000,29.3043663000,29.6368149000,1182902
2019-02-22 10:30:00,29.6368149000,30.2723784000,29.5585917000,30.0083751000,1241699
2019-02-22 11:00:00,30.0181530000,30.5070480000,29.9203740000,30.1550436000,1085791
2019-02-22 11:30:00,30.1550436000,30.3017121000,30.0279309000,30.1745994000,280025
2019-02-22 13:30:00,30.1648215000,30.5070480000,30.0963762000,30.3897132000,1047465
2019-02-22 14:00:00,30.3408237000,30.6048270000,30.3212679000,30.4092690000,996346
2019-02-22 14:30:00,30.3310458000,30.7417176000,30.3310458000,30.5754933000,983280
2019-02-22 15:00:00,30.5754933000,30.6341607000,30.3897132000,30.5852712000,946900
2019-02-25 10:00:00,31.3870590000,32.4626280000,31.3870590000,31.6999518000,4818452
2019-02-25 10:30:00,31.6999518000,33.6359760000,31.5435054000,33.5968644000,3649797
2019-02-25 11:00:00,33.6359760000,33.6359760000,32.7559650000,32.9124114000,1723917
2019-02-25 11:30:00,32.9124114000,33.6261981000,32.8537440000,33.6261981000,886060
2019-02-25 13:30:00,33.6261981000,33.6457539000,33.3426390000,33.6457539000,3030395
2019-02-25 14:00:00,33.6359760000,33.6457539000,33.3621948000,33.6261981000,832551
2019-02-25 14:30:00,33.6261981000,33.6457539000,33.5773086000,33.6359760000,715118
2019-02-25 15:00:00,33.6359760000,33.6457539000,33.6164202000,33.6261981000,1003500
2019-02-26 10:00:00,33.2546379000,33.4599738000,32.7559650000,33.4599738000,2995318
2019-02-26 10:30:00,33.4795296000,33.5381970000,32.8341882000,32.9026335000,1207590
2019-02-26 11:00:00,32.8928556000,33.1275252000,32.6581860000,33.0786357000,1242018
2019-02-26 11:30:00,33.0786357000,33.2741937000,32.6092965000,33.2057484000,1059063
2019-02-26 13:30:00,33.2448600000,35.8360035000,33.2057484000,35.1515505000,3730293
2019-02-26 14:00:00,35.1613284000,35.4155538000,34.7506566000,34.9951041000,1118129
2019-02-26 14:30:00,34.9951041000,34.9951041000,34.5746544000,34.6626555000,895182
2019-02-26 15:00:00,34.6626555000,34.7506566000,33.1275252000,33.1568589000,1978607
2019-02-27 10:00:00,33.7337550000,35.0537715000,33.7337550000,34.7702124000,3167733
2019-02-27 10:30:00,34.7702124000,34.8582135000,33.8119782000,33.9782025000,1575055
2019-02-27 11:00:00,34.1835384000,34.2813174000,33.7924224000,33.9684246000,725800
2019-02-27 11:30:00,33.9782025000,34.0270920000,33.2448600000,33.5284191000,897000
2019-02-27 13:30:00,33.5284191000,34.2128721000,33.5088633000,34.1248710000,759940
2019-02-27 14:00:00,34.1346489000,34.1933163000,33.2839716000,33.4208622000,1257105
2019-02-27 14:30:00,33.4208622000,33.5870865000,33.0493020000,33.2741937000,1060663
2019-02-27 15:00:00,33.2546379000,33.8315340000,33.0493020000,33.7728666000,1275492
2019-02-28 10:00:00,35.4742212000,35.4839991000,33.7924224000,34.6919892000,4016558
2019-02-28 10:30:00,34.7115450000,34.7115450000,34.1639826000,34.2715395000,1013759
2019-02-28 11:00:00,34.2715395000,34.6724334000,34.0662036000,34.6137660000,1274254
2019-02-28 11:30:00,34.6137660000,34.9853262000,34.4866533000,34.7311008000,1357362
2019-02-28 13:30:00,34.7311008000,34.7311008000,34.1346489000,34.2128721000,824648
2019-02-28 14:00:00,34.2128721000,34.2519837000,33.9879804000,34.0662036000,697300
2019-02-28 14:30:00,34.0662036000,34.0662036000,33.4404180000,33.5675307000,1284899
2019-02-28 15:00:00,33.5675307000,33.8315340000,33.3817506000,33.7337550000,1319724
2019-03-01 10:00:00,34.1248710000,34.1835384000,32.6581860000,32.9319672000,2655300
2019-03-01 10:30:00,32.9319672000,33.2448600000,32.7559650000,32.7852987000,1317211
2019-03-01 11:00:00,32.7950766000,33.3426390000,32.7559650000,33.1764147000,927800
2019-03-01 11:30:00,33.1764147000,33.2350821000,32.5604070000,32.6288523000,1348212
2019-03-01 13:30:00,32.6777418000,33.0493020000,32.5212954000,32.7559650000,781500
2019-03-01 14:00:00,32.7168534000,32.7755208000,32.4039606000,32.5115175000,1099092
2019-03-01 14:30:00,32.5115175000,32.8635219000,32.5017396000,32.7755208000,819994
2019-03-01 15:00:00,32.8048545000,33.0981915000,32.7070755000,33.0688578000,1119472
2019-03-04 10:00:00,34.7115450000,34.7115450000,33.3524169000,33.4990854000,4259505
2019-03-04 10:30:00,33.4893075000,34.0075362000,33.4697517000,33.9879804000,2172978
2019-03-04 11:00:00,33.9879804000,34.5550986000,33.8119782000,34.4670975000,2167305
2019-03-04 11:30:00,34.4670975000,34.8093240000,34.2519837000,34.7213229000,1640047
2019-03-04 13:30:00,34.7213229000,35.0146599000,34.4182080000,34.6137660000,1716918
2019-03-04 14:00:00,34.6137660000,34.6333218000,34.1639826000,34.3204290000,706673
2019-03-04 14:30:00,34.3204290000,34.3204290000,33.9390909000,34.0173141000,1343336
2019-03-04 15:00:00,34.0075362000,34.1150931000,33.7337550000,34.0368699000,1220748
2019-03-05 10:00:00,34.0662036000,34.8093240000,33.8413119000,34.3693185000,2776939
2019-03-05 10:30:00,34.3790964000,34.7311008000,34.0955373000,34.6919892000,1668055
2019-03-05 11:00:00,34.6626555000,35.5231107000,34.6333218000,35.3471085000,3728218
2019-03-05 11:30:00,35.3862201000,35.3959980000,34.9559925000,35.1711063000,1432543
2019-03-05 13:30:00,35.1613284000,36.4128996000,35.0733273000,36.1097847000,2643520
2019-03-05 14:00:00,36.0902289000,36.7453482000,35.9631162000,36.3053427000,2205735
2019-03-05 14:30:00,36.3542322000,37.0680189000,36.3248985000,36.9702399000,1643464
2019-03-05 15:00:00,36.9506841000,37.4395791000,36.8626830000,37.4395791000,2585205
2019-03-06 10:00:00,38.3782575000,39.0431547000,35.9631162000,36.0608952000,8071606
2019-03-06 10:30:00,36.0608952000,36.6671250000,35.9337825000,36.4715670000,3138850
2019-03-06 11:00:00,36.4715670000,36.7062366000,36.1977858000,36.2075637000,1773023
2019-03-06 11:30:00,36.2173416000,36.7453482000,36.1977858000,36.7453482000,1062853
2019-03-06 13:30:00,36.8333493000,37.6351371000,36.7942377000,37.2342432000,2098571
2019-03-06 14:00:00,37.2342432000,37.2635769000,36.7649040000,36.8920167000,903391
2019-03-06 14:30:00,36.8920167000,37.0386852000,36.2955648000,36.7942377000,1413900
2019-03-06 15:00:00,36.7942377000,37.3418001000,36.7942377000,37.1071305000,1683827
2019-03-07 10:00:00,36.3737880000,37.8991404000,36.1880079000,37.8404730000,3874724
2019-03-07 10:30:00,37.8404730000,38.6031492000,37.5471360000,37.6449150000,3224176
2019-03-07 11:00:00,37.6449150000,37.6938045000,36.6280134000,37.4004675000,2284223
2019-03-07 11:30:00,37.3515780000,37.4395791000,36.8626830000,37.1755758000,827629
2019-03-07 13:30:00,37.2049095000,37.4493570000,36.8529051000,37.4004675000,879399
2019-03-07 14:00:00,37.4200233000,38.1924774000,37.4004675000,37.7133603000,1356859
2019-03-07 14:30:00,37.7133603000,38.1631437000,37.5862476000,38.0849205000,1636953
2019-03-07 15:00:00,38.0458089000,38.2120332000,37.4786907000,37.5178023000,2345442
2019-03-08 10:00:00,35.2297737000,37.5373581000,35.0048820000,37.0777968000,4180303
2019-03-08 10:30:00,37.0582410000,38.1338100000,36.2760090000,38.0653647000,2839043
2019-03-08 11:00:00,38.0751426000,38.9844873000,37.7231382000,37.7231382000,3713931
2019-03-08 11:30:00,37.7426940000,38.8182630000,37.5471360000,37.5471360000,1919800
2019-03-08 13:30:00,37.5471360000,37.9675857000,37.1462421000,37.4591349000,1151801
2019-03-08 14:00:00,37.4591349000,38.9355978000,37.4591349000,38.2902564000,2204853
2019-03-08 14:30:00,38.2902564000,38.6715945000,38.0458089000,38.1533658000,1260952
2019-03-08 15:00:00,38.1338100000,38.1826995000,37.1071305000,37.1755758000,2199900
2019-03-11 10:00:00,38.2120332000,38.6422608000,36.9702399000,37.5471360000,4001235
2019-03-11 10:30:00,37.5275802000,37.5471360000,35.9142267000,36.5009007000,3203050
2019-03-11 11:00:00,36.4911228000,37.0973526000,36.4715670000,36.9213504000,1011135
2019-03-11 11:30:00,36.9213504000,37.8111393000,36.9213504000,37.5373581000,1331951
2019-03-11 13:30:00,37.5373581000,38.1240321000,37.3418001000,37.7524719000,1230117
2019-03-11 14:00:00,37.7524719000,37.9969194000,37.3515780000,37.3515780000,966528
2019-03-11 14:30:00,37.3515780000,37.6938045000,37.2342432000,37.5960255000,829499
2019-03-11 15:00:00,37.6058034000,38.1729216000,37.5666918000,38.1338100000,2057440
2019-03-12 10:00:00,37.9382520000,38.5738155000,37.8502509000,38.3293680000,2851187
2019-03-12 10:30:00,38.3000343000,38.6227050000,37.9871415000,38.0653647000,2077372
2019-03-12 11:00:00,38.0653647000,38.1044763000,37.5178023000,37.6449150000,1914970
2019-03-12 11:30:00,37.6449150000,37.9578078000,37.3124664000,37.5275802000,1578929
2019-03-12 13:30:00,37.5275802000,38.7302619000,37.5275802000,38.0849205000,2748266
2019-03-12 14:00:00,38.0849205000,38.3782575000,37.5764697000,37.6644708000,1339711
2019-03-12 14:30:00,37.6644708000,38.0360310000,37.4982465000,37.6449150000,1096308
2019-03-12 15:00:00,37.6449150000,38.1729216000,37.5275802000,38.1338100000,1342035
2019-03-13 10:00:00,38.5347039000,38.5347039000,36.6671250000,37.0484631000,2981375
2019-03-13 10:30:00,37.0386852000,37.1853537000,36.6769029000,36.8333493000,1736633
2019-03-13 11:00:00,36.8235714000,36.9604620000,36.4813449000,36.5889018000,1527549
2019-03-13 11:30:00,36.5889018000,36.9604620000,36.5497902000,36.5791239000,1206082
2019-03-13 13:30:00,36.5791239000,36.5791239000,35.5915560000,35.7577803000,3230765
2019-03-13 14:00:00,35.7480024000,35.9631162000,34.5648765000,34.9071030000,3477029
2019-03-13 14:30:00,34.9071030000,35.2982190000,34.4279859000,34.6137660000,2352487
2019-03-13 15:00:00,34.5942102000,34.8093240000,34.3204290000,34.3302069000,2929304
2019-03-14 10:00:00,34.3302069000,34.7311008000,33.6359760000,33.6848655000,3698982
2019-03-14 10:30:00,33.6946434000,33.7337550000,32.1595131000,32.3648490000,4375026
2019-03-14 11:00:00,32.3648490000,32.4528501000,31.6119507000,32.1692910000,4566048
2019-03-14 11:30:00,32.1692910000,32.5408512000,31.8759540000,31.9052877000,1627754
2019-03-14 13:30:00,31.9052877000,32.2377363000,31.6803960000,32.0324004000,1573600
2019-03-14 14:00:00,32.0519562000,32.1008457000,31.7195076000,31.8172866000,1346900
2019-03-14 14:30:00,31.8172866000,31.8759540000,31.3675032000,31.5337275000,1791875
2019-03-14 15:00:00,31.5337275000,31.9541772000,30.9763872000,31.9443993000,3108404
2019-03-15 10:00:00,32.3941827000,32.5604070000,31.9541772000,32.1497352000,2951305
2019-03-15 10:30:00,32.1301794000,32.4430722000,32.0519562000,32.2572921000,1203520
2019-03-15 11:00:00,32.2670700000,32.3746269000,32.0324004000,32.3452932000,1029275
2019-03-15 11:30:00,32.3550711000,32.8537440000,32.2964037000,32.4235164000,1903700
2019-03-15 13:30:00,32.4137385000,32.6386302000,32.0715120000,32.2377363000,921256
2019-03-15 14:00:00,32.2377363000,32.2377363000,31.5826170000,31.6901739000,1218867
2019-03-15 14:30:00,31.6901739000,31.9835109000,31.3381695000,31.8661761000,1297905
2019-03-15 15:00:00,31.8759540000,32.0910678000,31.6315065000,32.0715120000,1170399
2019-03-18 10:00:00,31.8759540000,32.4039606000,31.3968369000,32.1008457000,2009157
2019-03-18 10:30:00,32.1008457000,32.4137385000,31.8563982000,32.2475142000,1207254
2019-03-18 11:00:00,32.2377363000,32.9906346000,32.1399573000,32.5701849000,1905410
2019-03-18 11:30:00,32.5604070000,32.7070755000,32.3941827000,32.4821838000,719290
2019-03-18 13:30:00,32.4821838000,32.5799628000,32.2670700000,32.2768479000,612100
2019-03-18 14:00:00,32.2768479000,32.5799628000,32.0910678000,32.4626280000,877201
2019-03-18 14:30:00,32.4724059000,32.6777418000,32.3355153000,32.6288523000,713528
2019-03-18 15:00:00,32.6386302000,32.8928556000,32.5017396000,32.8537440000,1326622
2019-03-19 10:00:00,32.8635219000,33.7924224000,32.3648490000,33.5186412000,3141596
2019-03-19 10:30:00,33.5186412000,34.5159870000,33.3230832000,34.4573196000,3212660
2019-03-19 11:00:00,34.4182080000,34.4964312000,33.7435329000,34.0955373000,2684738
2019-03-19 11:30:00,34.1053152000,34.1346489000,33.7337550000,33.7630887000,946110
2019-03-19 13:30:00,33.7630887000,33.9293130000,33.4893075000,33.8119782000,541453
2019-03-19 14:00:00,33.8119782000,33.8315340000,33.4501959000,33.5088633000,692000
2019-03-19 14:30:00,33.4990854000,33.7239771000,33.2546379000,33.3817506000,758386
2019-03-19 15:00:00,33.3817506000,33.6848655000,33.3719727000,33.5577528000,897363
2019-03-20 10:00:00,34.2226500000,34.3693185000,33.6359760000,33.6848655000,3488525
2019-03-20 10:30:00,33.7044213000,33.9097572000,33.3915285000,33.7044213000,1521367
2019-03-20 11:00:00,33.7239771000,33.7435329000,33.4893075000,33.6555318000,732100
2019-03-20 11:30:00,33.6555318000,33.6848655000,32.7364092000,32.9808567000,1560035
2019-03-20 13:30:00,33.0004125000,33.1764147000,32.7070755000,32.9808567000,964975
2019-03-20 14:00:00,32.9808567000,33.1079694000,32.8244103000,32.8439661000,696100
2019-03-20 14:30:00,32.8439661000,33.3133053000,32.7559650000,33.2155263000,763964
2019-03-20 15:00:00,33.2839716000,33.5284191000,33.1666368000,33.4599738000,923425
2019-03-21 10:00:00,33.5088633000,33.5284191000,32.7364092000,33.2057484000,2409900
2019-03-21 10:30:00,33.2057484000,33.8217561000,33.0688578000,33.4208622000,1821000
2019-03-21 11:00:00,33.4013064000,33.4795296000,33.0688578000,33.1275252000,1063381
2019-03-21 11:30:00,33.1275252000,33.3817506000,32.9124114000,33.2155263000,805600
2019-03-21 13:30:00,33.2155263000,34.0759815000,33.2155263000,33.8999793000,1632630
2019-03-21 14:00:00,33.8999793000,34.0857594000,33.6555318000,33.7337550000,1782725
2019-03-21 14:30:00,33.7337550000,34.0173141000,33.6653097000,33.8999793000,1207930
2019-03-21 15:00:00,33.9097572000,33.9684246000,33.6750876000,33.7141992000,1219643
2019-03-22 10:00:00,33.5088633000,33.6261981000,32.5897407000,32.7559650000,3209016
2019-03-22 10:30:00,32.7657429000,32.8048545000,32.4430722000,32.4626280000,2072046
2019-03-22 11:00:00,32.4528501000,32.5897407000,32.1106236000,32.1692910000,1678013
2019-03-22 11:30:00,32.1399573000,32.2572921000,31.8955098000,32.0910678000,1851241
2019-03-22 13:30:00,32.0910678000,32.5408512000,31.9541772000,32.3941827000,1216694
2019-03-22 14:00:00,32.4137385000,32.8244103000,32.3844048000,32.7950766000,1147034
2019-03-22 14:30:00,32.7950766000,33.1959705000,32.7657429000,33.1373031000,1170028
2019-03-22 15:00:00,33.1079694000,33.1568589000,32.8341882000,33.0004125000,1045799
2019-03-25 10:00:00,32.2572921000,32.9026335000,31.9932888000,32.5017396000,3198975
2019-03-25 10:30:00,32.4821838000,32.9515230000,32.3941827000,32.9319672000,1196632
2019-03-25 11:00:00,32.9319672000,33.5381970000,32.8537440000,33.2741937000,1834200
2019-03-25 11:30:00,33.2546379000,33.2839716000,32.8341882000,32.8830777000,798300
2019-03-25 13:30:00,32.8732998000,33.4795296000,32.8537440000,33.2057484000,983900
2019-03-25 14:00:00,33.2057484000,33.5381970000,33.1373031000,33.2253042000,1093000
2019-03-25 14:30:00,33.2253042000,33.4110843000,33.0395241000,33.2057484000,795734
2019-03-25 15:00:00,33.1861926000,33.4306401000,32.8928556000,33.4306401000,1983678
2019-03-26 10:00:00,33.5381970000,33.7337550000,32.5995186000,32.7852987000,2776700
2019-03-26 10:30:00,32.7755208000,33.0395241000,32.5604070000,33.0101904000,1464700
2019-03-26 11:00:00,33.0101904000,33.4893075000,32.7657429000,33.3426390000,1066134
2019-03-26 11:30:00,33.3426390000,33.4893075000,32.9221893000,32.9417451000,865559
2019-03-26 13:30:00,32.9515230000,32.9515230000,32.6190744000,32.7657429000,955300
2019-03-26 14:00:00,32.7657429000,32.8732998000,32.2181805000,32.3355153000,1266703
2019-03-26 14:30:00,32.3355153000,32.5408512000,32.2377363000,32.3941827000,709135
2019-03-26 15:00:00,32.3941827000,32.4528501000,31.9346214000,32.3550711000,1926991
2019-03-27 10:00:00,32.3941827000,32.5115175000,32.0128446000,32.1790689000,1316779
2019-03-27 10:30:00,32.1790689000,32.2084026000,31.0937220000,31.6706181000,1924968
2019-03-27 11:00:00,31.6803960000,32.1399573000,31.4163927000,32.1399573000,910345
2019-03-27 11:30:00,32.1497352000,32.4332943000,32.0715120000,32.2572921000,1016812
2019-03-27 13:30:00,32.2572921000,32.6484081000,32.2279584000,32.5408512000,946500
2019-03-27 14:00:00,32.5310733000,32.6972976000,32.1301794000,32.6972976000,1112800
2019-03-27 14:30:00,32.6972976000,33.1666368000,32.6972976000,32.8537440000,2060149
2019-03-27 15:00:00,32.8537440000,32.9710788000,32.7657429000,32.7950766000,904459
2019-03-28 10:00:00,32.7559650000,33.6164202000,32.4724059000,33.4501959000,2418929
2019-03-28 10:30:00,33.4404180000,34.1835384000,33.4404180000,33.8608677000,2739300
2019-03-28 11:00:00,33.8608677000,33.9195351000,33.4501959000,33.7533108000,1049600
2019-03-28 11:30:00,33.7337550000,33.8510898000,33.1275252000,33.2546379000,869927
2019-03-28 13:30:00,33.2741937000,33.3035274000,32.9613009000,33.0786357000,474000
2019-03-28 14:00:00,33.0493020000,33.2350821000,32.9515230000,33.1177473000,452536
2019-03-28 14:30:00,33.1177473000,33.2741937000,32.9515230000,33.1568589000,370804
2019-03-28 15:00:00,33.1568589000,33.1861926000,32.7070755000,32.8048545000,870096
2019-03-29 10:00:00,33.5284191000,33.5284191000,32.1008457000,32.3159595000,1772804
2019-03-29 10:30:00,32.3550711000,33.0101904000,32.2377363000,32.8732998000,834291
2019-03-29 11:00:00,32.8732998000,33.4208622000,32.8439661000,33.2448600000,951200
2019-03-29 11:30:00,33.2448600000,33.4990854000,33.2253042000,33.4990854000,1206019
2019-03-29 13:30:00,33.5284191000,33.9293130000,33.5284191000,33.6848655000,1597191
2019-03-29 14:00:00,33.6653097000,33.7630887000,33.5186412000,33.5870865000,906923
2019-03-29 14:30:00,33.5870865000,33.7337550000,33.3915285000,33.6555318000,948878
2019-03-29 15:00:00,33.6555318000,33.7924224000,33.5381970000,33.7826445000,1738544
2019-04-01 10:00:00,32.2768479000,34.2715395000,32.2670700000,33.4697517000,7709522
2019-04-01 10:30:00,33.4404180000,33.4404180000,32.8537440000,33.1861926000,3803806
2019-04-01 11:00:00,33.1861926000,34.1542047000,33.1470810000,33.7630887000,2482982
2019-04-01 11:30:00,33.7337550000,34.2226500000,33.6359760000,34.0857594000,1728266
2019-04-01 13:30:00,34.0857594000,34.7017671000,34.0857594000,34.6137660000,3019277
2019-04-01 14:00:00,34.6626555000,34.6626555000,34.1248710000,34.2617616000,1589714
2019-04-01 14:30:00,34.2324279000,34.3399848000,34.1053152000,34.3399848000,1298754
2019-04-01 15:00:00,34.3399848000,34.5550986000,34.3204290000,34.5453207000,2351745
2019-04-02 10:00:00,34.5648765000,36.1684521000,34.0368699000,36.1391184000,5391785
2019-04-02 10:30:00,36.1293405000,37.4004675000,35.7968919000,36.9604620000,5802725
2019-04-02 11:00:00,36.9506841000,37.0582410000,36.1880079000,36.3933438000,1527412
2019-04-02 11:30:00,36.3640101000,37.1560200000,36.3151206000,37.0386852000,1193445
2019-04-02 13:30:00,37.0191294000,37.8013614000,37.0191294000,37.3124664000,3040881
2019-04-02 14:00:00,37.3124664000,37.3124664000,36.7062366000,36.8529051000,1246716
2019-04-02 14:30:00,36.8529051000,37.2733548000,36.7551261000,37.1462421000,1084545
2019-04-02 15:00:00,37.1462421000,37.1462421000,36.2760090000,36.5693460000,1749544
2019-04-03 10:00:00,36.3737880000,38.6031492000,36.0217836000,38.0849205000,6208964
2019-04-03 10:30:00,38.0360310000,38.0849205000,37.6938045000,37.7231382000,2207292
2019-04-03 11:00:00,37.7329161000,37.7524719000,36.9604620000,36.9604620000,1883191
2019-04-03 11:30:00,36.9604620000,37.6351371000,36.8137935000,37.6351371000,1197632
2019-04-03 13:30:00,37.7426940000,38.0360310000,37.5960255000,37.7329161000,1692784
2019-04-03 14:00:00,37.7231382000,38.1826995000,37.7231382000,37.9578078000,1863200
2019-04-03 14:30:00,37.9578078000,37.9675857000,37.3809117000,37.8502509000,1239700
2019-04-03 15:00:00,37.8795846000,38.0360310000,37.6058034000,37.8893625000,1524190
2019-04-04 10:00:00,37.8404730000,37.8893625000,36.5106786000,37.0093515000,4250939
2019-04-04 10:30:00,37.0289073000,38.9747094000,36.8137935000,38.5835934000,4246089
2019-04-04 11:00:00,38.5835934000,38.6227050000,37.8893625000,38.1142542000,1541020
2019-04-04 11:30:00,38.1044763000,38.1338100000,37.6449150000,37.8893625000,620903
2019-04-04 13:30:00,37.8893625000,37.9871415000,37.2537990000,37.4591349000,771500
2019-04-04 14:00:00,37.4493570000,37.7231382000,37.1560200000,37.7035824000,656491
2019-04-04 14:30:00,37.7035824000,37.8600288000,37.3418001000,37.3613559000,630182
2019-04-04 15:00:00,37.3613559000,37.5862476000,37.1071305000,37.1657979000,1111452
2019-04-08 10:00:00,37.1560200000,37.7426940000,36.1880079000,36.3151206000,3529099
2019-04-08 10:30:00,36.3151206000,36.3151206000,35.4937770000,35.6600013000,3318146
2019-04-08 11:00:00,35.6404455000,35.7871140000,35.5133328000,35.7186687000,1088293
2019-04-08 11:30:00,35.7284466000,35.7284466000,34.4768754000,34.7506566000,2575633
2019-04-08 13:30:00,34.7408787000,34.9951041000,33.8608677000,34.3204290000,2624295
2019-04-08 14:00:00,34.3204290000,34.6822113000,34.2030942000,34.3790964000,1449889
2019-04-08 14:30:00,34.3693185000,34.7897682000,34.2422058000,34.4670975000,1553898
2019-04-08 15:00:00,34.4964312000,34.7311008000,34.4182080000,34.6333218000,1144376
2019-04-09 10:00:00,34.3204290000,35.1026610000,34.0857594000,34.8973251000,2085893
2019-04-09 10:30:00,34.8973251000,34.8973251000,34.2324279000,34.3008732000,1297900
2019-04-09 11:00:00,34.2910953000,34.7311008000,34.2226500000,34.5159870000,875963
2019-04-09 11:30:00,34.5355428000,34.6626555000,34.4182080000,34.5159870000,553885
2019-04-09 13:30:00,34.5159870000,34.6333218000,34.2519837000,34.3008732000,607989
2019-04-09 14:00:00,34.3008732000,34.4182080000,34.1737605000,34.2422058000,1069524
2019-04-09 14:30:00,34.2422058000,34.3790964000,34.1053152000,34.3204290000,981087
2019-04-09 15:00:00,34.3204290000,34.4475417000,34.2226500000,34.3986522000,677004
2019-04-10 10:00:00,34.3888743000,34.3986522000,33.4404180000,33.5186412000,2567000
2019-04-10 10:30:00,33.5186412000,33.6750876000,33.2546379000,33.5284191000,1308176
2019-04-10 11:00:00,33.5870865000,34.1346489000,33.4501959000,33.9782025000,856600
2019-04-10 11:30:00,33.9782025000,34.1248710000,33.7533108000,33.7826445000,388672
2019-04-10 13:30:00,33.7826445000,34.0466478000,33.7826445000,33.9293130000,382991
2019-04-10 14:00:00,33.9293130000,33.9293130000,33.5870865000,33.7630887000,622809
2019-04-10 14:30:00,33.7630887000,34.1248710000,33.7630887000,33.9488688000,856600
2019-04-10 15:00:00,33.9488688000,33.9488688000,33.7337550000,33.7337550000,1060834
2019-04-11 10:00:00,33.6359760000,35.0537715000,33.6359760000,34.7995461000,2876002
2019-04-11 10:30:00,34.7897682000,34.8191019000,34.2030942000,34.2128721000,1140096
2019-04-11 11:00:00,34.2128721000,34.3693185000,34.0270920000,34.1248710000,536300
2019-04-11 11:30:00,34.1248710000,34.1835384000,33.7337550000,34.0075362000,572406
2019-04-11 13:30:00,34.0075362000,34.0759815000,33.8510898000,33.9097572000,439300
2019-04-11 14:00:00,33.9097572000,34.0466478000,33.7924224000,33.7924224000,548646
2019-04-11 14:30:00,33.7924224000,33.8706456000,33.5381970000,33.7435329000,927541
2019-04-11 15:00:00,33.7630887000,33.9782025000,33.5479749000,33.8217561000,1010833
2019-04-12 10:00:00,34.2226500000,34.2226500000,33.2546379000,33.2741937000,1839866
2019-04-12 10:30:00,33.2741937000,33.7239771000,33.2644158000,33.5577528000,727100
2019-04-12 11:00:00,33.5577528000,33.6359760000,33.1470810000,33.2839716000,657700
2019-04-12 11:30:00,33.2839716000,33.4501959000,33.2057484000,33.2448600000,457027
2019-04-12 13:30:00,33.2448600000,33.4306401000,33.1568589000,33.3035274000,532865
2019-04-12 14:00:00,33.3035274000,33.3915285000,33.2253042000,33.2350821000,284635
2019-04-12 14:30:00,33.2350821000,33.3719727000,33.0884136000,33.2546379000,809832
2019-04-12 15:00:00,33.2546379000,33.4599738000,33.2546379000,33.3230832000,622300
2019-04-15 10:00:00,33.8315340000,34.5942102000,33.5381970000,34.2617616000,2639056
2019-04-15 10:30:00,34.2617616000,34.4964312000,33.8902014000,33.9097572000,1202296
2019-04-15 11:00:00,33.9293130000,34.2030942000,33.7533108000,33.9977583000,524800
2019-04-15 11:30:00,34.0075362000,34.0270920000,33.6164202000,33.7337550000,508100
2019-04-15 13:30:00,33.7728666000,33.9195351000,33.6653097000,33.7044213000,484500
2019-04-15 14:00:00,33.7044213000,33.7337550000,33.3621948000,33.4208622000,763891
2019-04-15 14:30:00,33.4208622000,33.5577528000,33.2937495000,33.3621948000,607400
2019-04-15 15:00:00,33.3621948000,33.4893075000,33.1568589000,33.1568589000,696009
2019-04-16 10:00:00,33.1373031000,33.1373031000,31.9737330000,32.2181805000,2700724
2019-04-16 10:30:00,32.2181805000,32.2768479000,31.8661761000,32.1008457000,1628276
2019-04-16 11:00:00,32.1008457000,32.3257374000,31.9737330000,31.9737330000,1369700
2019-04-16 11:30:00,31.9737330000,32.5017396000,31.8759540000,32.4919617000,1234264
2019-04-16 13:30:00,32.4919617000,32.9906346000,32.3452932000,32.7461871000,1325530
2019-04-16 14:00:00,32.7657429000,33.1275252000,32.6679639000,33.0493020000,1059786
2019-04-16 14:30:00,33.0493020000,33.7337550000,33.0395241000,33.4501959000,1631318
2019-04-16 15:00:00,33.4599738000,33.9293130000,33.4599738000,33.8315340000,1172267
2019-04-17 10:00:00,34.3497627000,35.1319947000,34.3497627000,34.6626555000,4798085
2019-04-17 10:30:00,34.6626555000,34.7311008000,34.3399848000,34.3790964000,1667400
2019-04-17 11:00:00,34.3790964000,34.4670975000,33.9488688000,34.1737605000,1220481
2019-04-17 11:30:00,34.1248710000,34.3497627000,33.9977583000,34.2715395000,608700
2019-04-17 13:30:00,34.2715395000,34.7115450000,34.2715395000,34.5159870000,1123284
2019-04-17 14:00:00,34.5159870000,34.5159870000,34.2715395000,34.4475417000,479754
2019-04-17 14:30:00,34.4475417000,34.5159870000,34.0466478000,34.1933163000,730402
2019-04-17 15:00:00,34.1933163000,34.3986522000,34.1053152000,34.2715395000,870617
2019-04-18 10:00:00,34.3986522000,34.3986522000,33.8022003000,33.8902014000,1993344
2019-04-18 10:30:00,33.9097572000,33.9097572000,33.3817506000,33.5968644000,2173941
2019-04-18 11:00:00,33.5968644000,33.7239771000,33.4501959000,33.6066423000,964354
2019-04-18 11:30:00,33.5675307000,33.7141992000,33.4306401000,33.4599738000,747800
2019-04-18 13:30:00,33.4404180000,33.5870865000,33.3915285000,33.4599738000,685121
2019-04-18 14:00:00,33.4599738000,33.5381970000,33.3621948000,33.4208622000,678882
2019-04-18 14:30:00,33.4208622000,33.5870865000,33.2448600000,33.3035274000,792600
2019-04-18 15:00:00,33.3035274000,33.4306401000,33.1470810000,33.1470810000,1442286
2019-04-19 10:00:00,33.1470810000,33.2350821000,32.6679639000,33.1079694000,1613252
2019-04-19 10:30:00,33.1177473000,33.4599738000,33.0101904000,33.0688578000,868524
2019-04-19 11:00:00,33.0688578000,33.1959705000,32.8537440000,33.0884136000,410400
2019-04-19 11:30:00,33.0884136000,33.3915285000,33.0493020000,33.3230832000,457500
2019-04-19 13:30:00,33.3230832000,33.3817506000,33.1275252000,33.2741937000,383954
2019-04-19 14:00:00,33.2644158000,33.3621948000,33.0981915000,33.1275252000,345088
2019-04-19 14:30:00,33.1275252000,33.3426390000,33.0590799000,33.2448600000,423870
2019-04-19 15:00:00,33.2448600000,33.5870865000,33.2253042000,33.5284191000,1096453
2019-04-22 10:00:00,33.5381970000,33.5968644000,32.9319672000,33.0395241000,1401308
2019-04-22 10:30:00,33.0395241000,33.5284191000,33.0297462000,33.4110843000,822705
2019-04-22 11:00:00,33.4110843000,33.7239771000,33.3230832000,33.5381970000,648100
2019-04-22 11:30:00,33.5381970000,33.5479749000,33.1470810000,33.2448600000,419400
2019-04-22 13:30:00,33.1764147000,33.2741937000,33.0786357000,33.1470810000,350700
2019-04-22 14:00:00,33.1470810000,33.2253042000,33.0493020000,33.1861926000,367306
2019-04-22 14:30:00,33.1959705000,33.2546379000,32.9515230000,32.9515230000,428300
2019-04-22 15:00:00,32.9613009000,33.0493020000,32.4919617000,32.6581860000,1562654
2019-04-23 10:00:00,32.7559650000,33.0884136000,32.6777418000,32.9124114000,1552985
2019-04-23 10:30:00,32.9124114000,32.9417451000,32.3452932000,32.5212954000,950447
2019-04-23 11:00:00,32.5212954000,32.5995186000,32.0715120000,32.1692910000,906700
2019-04-23 11:30:00,32.1595131000,32.2670700000,31.8270645000,32.1301794000,1055137
2019-04-23 13:30:00,32.1692910000,32.2670700000,32.0715120000,32.1986247000,358700
2019-04-23 14:00:00,32.1986247000,32.4626280000,32.0812899000,32.2475142000,542947
2019-04-23 14:30:00,32.2475142000,32.2768479000,31.9932888000,31.9932888000,442565
2019-04-23 15:00:00,31.9737330000,31.9932888000,31.5141717000,31.6315065000,1618358
2019-04-24 10:00:00,31.8759540000,31.9639551000,31.4848380000,31.5826170000,1161604
2019-04-24 10:30:00,31.5728391000,31.7488413000,31.4652822000,31.6510623000,518447
2019-04-24 11:00:00,31.6510623000,31.6510623000,31.3479474000,31.4555043000,619900
2019-04-24 11:30:00,31.4652822000,31.5728391000,31.1915010000,31.4652822000,732400
2019-04-24 13:30:00,31.4457264000,32.0715120000,31.2990579000,31.9248435000,1052352
2019-04-24 14:00:00,31.9248435000,32.4626280000,31.9052877000,32.1692910000,1138695
2019-04-24 14:30:00,32.1595131000,32.3159595000,31.9639551000,32.0226225000,567173
2019-04-24 15:00:00,32.0226225000,32.3257374000,31.9737330000,32.2768479000,773203
2019-04-25 10:00:00,32.1497352000,32.2279584000,31.6803960000,31.7195076000,1036700
2019-04-25 10:30:00,31.7195076000,32.0617341000,31.5630612000,31.8563982000,737721
2019-04-25 11:00:00,31.8661761000,31.8857319000,31.6217286000,31.7488413000,474600
2019-04-25 11:30:00,31.7488413000,31.7781750000,31.6021728000,31.6021728000,434691
2019-04-25 13:30:00,31.6021728000,31.7195076000,31.3577253000,31.5435054000,721379
2019-04-25 14:00:00,31.5141717000,31.5435054000,31.3381695000,31.4750601000,669857
2019-04-25 14:30:00,31.4750601000,31.4848380000,31.1132778000,31.2795021000,1151355
2019-04-25 15:00:00,31.2892800000,31.2892800000,30.8492745000,30.8492745000,1354736
2019-04-26 10:00:00,30.8199408000,31.4848380000,30.7417176000,31.2697242000,1527086
2019-04-26 10:30:00,31.2697242000,31.3968369000,30.9763872000,31.3381695000,728031
2019-04-26 11:00:00,31.3381695000,31.6803960000,31.1523894000,31.5337275000,903914
2019-04-26 11:30:00,31.5337275000,31.5337275000,31.2990579000,31.3577253000,335100
2019-04-26 13:30:00,31.3675032000,31.6315065000,31.3186137000,31.5532833000,456709
2019-04-26 14:00:00,31.5532833000,31.5826170000,31.1817231000,31.2012789000,388714
2019-04-26 14:30:00,31.2012789000,31.2795021000,31.1034999000,31.1132778000,500666
2019-04-26 15:00:00,31.1230557000,31.3186137000,31.0252767000,31.0741662000,688394
2019-04-29 10:00:00,31.0154988000,31.5826170000,30.5070480000,30.7123839000,1491707
2019-04-29 10:30:00,30.8003850000,30.9763872000,30.5559375000,30.5754933000,722393
2019-04-29 11:00:00,30.5754933000,30.6928281000,29.9105961000,30.5657154000,1439533
2019-04-29 11:30:00,30.5559375000,30.7417176000,30.3114900000,30.4092690000,338800
2019-04-29 13:30:00,30.4288248000,31.0546104000,30.3897132000,30.9959430000,386966
2019-04-29 14:00:00,30.9959430000,31.1719452000,30.8297187000,30.9274977000,565673
2019-04-29 14:30:00,30.9274977000,30.9274977000,30.5559375000,30.5852712000,473172
2019-04-29 15:00:00,30.5852712000,30.7221618000,30.0963762000,30.1941552000,759291
2019-04-30 10:00:00,30.6048270000,30.8003850000,30.2332668000,30.7710513000,990326
2019-04-30 10:30:00,30.7710513000,30.7906071000,30.5070480000,30.6048270000,495300
2019-04-30 11:00:00,30.5657154000,31.0937220000,30.5559375000,30.9274977000,950172
2019-04-30 11:30:00,30.9274977000,31.0154988000,30.7906071000,30.9177198000,468880
2019-04-30 13:30:00,30.9079419000,31.2501684000,30.8981640000,31.0741662000,633235
2019-04-30 14:00:00,31.0741662000,31.1426115000,30.8101629000,30.8981640000,589632
2019-04-30 14:30:00,30.8199408000,30.9959430000,30.7319397000,30.8981640000,585289
2019-04-30 15:00:00,30.8981640000,30.8981640000,30.7514955000,30.8199408000,414835
2019-05-06 10:00:00,29.4314790000,29.9105961000,29.1381420000,29.2261431000,2900562
2019-05-06 10:30:00,29.2261431000,29.2359210000,28.1603520000,28.3950216000,2556860
2019-05-06 11:00:00,28.3950216000,28.5514680000,28.2092415000,28.3656879000,1116030
2019-05-06 11:30:00,28.3656879000,28.6101354000,28.2190194000,28.2287973000,579100
2019-05-06 13:30:00,28.2287973000,28.3167984000,27.7399023000,27.7790139000,1280400
2019-05-06 14:00:00,27.7790139000,27.8670150000,27.7399023000,27.7399023000,993500
2019-05-06 14:30:00,27.7399023000,27.8572371000,27.7399023000,27.7594581000,634141
2019-05-06 15:00:00,27.7594581000,27.8376813000,27.7399023000,27.7399023000,627900
2019-05-07 10:00:00,27.8083476000,28.3070205000,27.8083476000,28.0527951000,1926072
2019-05-07 10:30:00,28.0625730000,28.4928006000,28.0625730000,28.3656879000,982487
2019-05-07 11:00:00,28.3559100000,28.4830227000,28.1505741000,28.4536890000,1016973
2019-05-07 11:30:00,28.4536890000,28.5025785000,28.2287973000,28.2874647000,407300
2019-05-07 13:30:00,28.2776868000,28.2776868000,27.8963487000,27.9843498000,615893
2019-05-07 14:00:00,27.9843498000,28.4634669000,27.9159045000,28.3070205000,935169
2019-05-07 14:30:00,28.3070205000,28.6394691000,28.2679089000,28.5808017000,1026823
2019-05-07 15:00:00,28.5905796000,28.9230282000,28.5514680000,28.6785807000,906890
2019-05-08 10:00:00,28.0625730000,28.4732448000,27.9647940000,28.2385752000,1457000
2019-05-08 10:30:00,28.2190194000,28.9914735000,28.2190194000,28.8545829000,832047
2019-05-08 11:00:00,28.8643608000,29.2065873000,28.6883586000,28.9914735000,932112
2019-05-08 11:30:00,28.9914735000,29.0110293000,28.6394691000,28.8545829000,641673
2019-05-08 13:30:00,28.8448050000,28.9719177000,28.6492470000,28.8154713000,361100
2019-05-08 14:00:00,28.7763597000,28.8448050000,28.6296912000,28.7176923000,273253
2019-05-08 14:30:00,28.7176923000,28.7665818000,28.4830227000,28.5416901000,343358
2019-05-08 15:00:00,28.5416901000,28.6003575000,28.2972426000,28.4439111000,493000
2019-05-09 10:00:00,28.2972426000,28.9425840000,28.1603520000,28.6003575000,1100000
2019-05-09 10:30:00,28.6003575000,28.9230282000,28.5905796000,28.6688028000,643503
2019-05-09 11:00:00,28.7079144000,28.8448050000,28.4732448000,28.7763597000,475030
2019-05-09 11:30:00,28.7763597000,28.7763597000,28.5221343000,28.5514680000,246000
2019-05-09 13:30:00,28.5514680000,29.1870315000,28.5514680000,28.8448050000,833100
2019-05-09 14:00:00,28.9523619000,29.1576978000,28.8252492000,28.9914735000,846000
2019-05-09 14:30:00,28.9914735000,29.0696967000,28.7470260000,28.8448050000,672460
2019-05-09 15:00:00,28.8448050000,28.8936945000,28.6492470000,28.6492470000,581714
2019-05-10 10:00:00,28.4634669000,29.7345939000,28.4634669000,29.5488138000,2146501
2019-05-10 10:30:00,29.5390359000,29.5879254000,29.2652547000,29.2652547000,610134
2019-05-10 11:00:00,29.2359210000,29.4314790000,29.1870315000,29.3239221000,400300
2019-05-10 11:30:00,29.3239221000,29.4510348000,29.2554768000,29.4412569000,405579
2019-05-10 13:30:00,29.4119232000,29.6954823000,28.5514680000,29.5488138000,1823837
2019-05-10 14:00:00,29.5585917000,30.1648215000,29.5194801000,30.0670425000,1588375
2019-05-10 14:30:00,30.0670425000,30.2626005000,29.8519287000,30.2137110000,896037
2019-05-10 15:00:00,30.2137110000,30.5070480000,30.0181530000,30.3114900000,1110215
2019-05-13 10:00:00,29.8714845000,30.2919342000,29.6759265000,30.1941552000,1759733
2019-05-13 10:30:00,30.1941552000,30.3017121000,29.9692635000,30.0083751000,689500
2019-05-13 11:00:00,30.0083751000,30.2626005000,29.9985972000,30.1648215000,556200
2019-05-13 11:30:00,30.1648215000,30.2528226000,29.9594856000,30.0083751000,376000
2019-05-13 13:30:00,30.0572646000,30.1550436000,29.9105961000,30.0474867000,304554
2019-05-13 14:00:00,30.0474867000,30.0572646000,29.8714845000,29.8812624000,403746
2019-05-13 14:30:00,29.8617066000,29.8812624000,29.6759265000,29.7639276000,739276
2019-05-13 15:00:00,29.7639276000,29.8519287000,29.6759265000,29.8519287000,654252
2019-05-14 10:00:00,29.5292580000,30.0768204000,29.4021453000,29.9399298000,1243050
2019-05-14 10:30:00,29.9399298000,29.9985972000,29.7541497000,29.9594856000,548900
2019-05-14 11:00:00,29.9301519000,30.0768204000,29.5781475000,29.7345939000,520200
2019-05-14 11:30:00,29.7345939000,29.8812624000,29.5781475000,29.8617066000,364000
2019-05-14 13:30:00,29.8812624000,30.1745994000,29.8323729000,30.0083751000,579240
2019-05-14 14:00:00,30.0083751000,30.0670425000,29.6759265000,29.8910403000,381760
2019-05-14 14:30:00,29.8910403000,29.9692635000,29.6074812000,29.6759265000,416200
2019-05-14 15:00:00,29.6759265000,29.7345939000,29.4999243000,29.5781475000,678200
2019-05-15 10:00:00,30.0181530000,30.4288248000,29.9888193000,30.1648215000,1482552
2019-05-15 10:30:00,30.1648215000,30.2723784000,29.9985972000,30.0279309000,572298
2019-05-15 11:00:00,30.0279309000,30.1159320000,29.8910403000,30.0572646000,389500
2019-05-15 11:30:00,30.0572646000,30.1257099000,29.9790414000,30.0279309000,193200
2019-05-15 13:30:00,30.0572646000,30.1745994000,30.0181530000,30.1648215000,281500
2019-05-15 14:00:00,30.1648215000,30.2626005000,30.0670425000,30.1648215000,420900
2019-05-15 14:30:00,30.1648215000,30.2821563000,30.1452657000,30.2332668000,519000
2019-05-15 15:00:00,30.2332668000,30.3114900000,30.0572646000,30.3114900000,987475
2019-05-16 10:00:00,30.6634944000,30.7808292000,30.0768204000,30.1257099000,1490863
2019-05-16 10:30:00,30.1257099000,30.1941552000,29.8714845000,30.1257099000,751352
2019-05-16 11:00:00,30.1257099000,30.2332668000,29.9985972000,30.0181530000,410300
2019-05-16 11:30:00,30.0181530000,30.9763872000,30.0181530000,30.8394966000,1540782
2019-05-16 13:30:00,30.8394966000,30.9079419000,30.4581585000,30.5461596000,607818
2019-05-16 14:00:00,30.5461596000,30.6243828000,30.4679364000,30.6048270000,488100
2019-05-16 14:30:00,30.5852712000,30.7026060000,30.2430447000,30.4777143000,904900
2019-05-16 15:00:00,30.4777143000,31.1719452000,30.4777143000,31.1426115000,2134990
2019-05-17 10:00:00,32.4626280000,34.2226500000,32.1204015000,32.5604070000,7268155
2019-05-17 10:30:00,32.5604070000,32.7070755000,32.1692910000,32.2964037000,1331170
2019-05-17 11:00:00,32.3159595000,32.4430722000,31.9541772000,32.1790689000,1172096
2019-05-17 11:30:00,32.1790689000,32.2572921000,31.9248435000,32.2572921000,865497
2019-05-17 13:30:00,32.2964037000,32.8928556000,32.2670700000,32.2670700000,1292959
2019-05-17 14:00:00,32.2768479000,32.2866258000,31.3088358000,31.6803960000,1330500
2019-05-17 14:30:00,31.6803960000,31.8563982000,31.1915010000,31.3772811000,1057477
2019-05-17 15:00:00,31.3772811000,31.4359485000,30.6146049000,30.9861651000,1894550
2019-05-20 10:00:00,32.2670700000,32.8048545000,30.6537165000,30.9959430000,6144290
2019-05-20 10:30:00,31.0937220000,31.3479474000,30.8394966000,31.2208347000,1650755
2019-05-20 11:00:00,31.2208347000,31.4066148000,30.9666093000,31.1719452000,1307708
2019-05-20 11:30:00,31.1034999000,31.1523894000,30.8003850000,30.8003850000,1099400
2019-05-20 13:30:00,30.8003850000,30.8394966000,29.9008182000,30.1159320000,2394172
2019-05-20 14:00:00,30.1061541000,30.3114900000,29.4314790000,29.5781475000,1544600
2019-05-20 14:30:00,29.7150381000,29.9105961000,29.1088083000,29.2652547000,1818100
2019-05-20 15:00:00,29.2750326000,29.6661486000,29.1772536000,29.3337000000,2209746
2019-05-21 10:00:00,29.0403630000,30.0181530000,28.8545829000,29.6563707000,2689037
2019-05-21 10:30:00,29.6368149000,30.2137110000,29.4119232000,30.0670425000,1420160
2019-05-21 11:00:00,30.0279309000,30.4483806000,30.0181530000,30.3994911000,1519453
2019-05-21 11:30:00,30.3897132000,30.4972701000,30.0279309000,30.1550436000,891857
2019-05-21 13:30:00,30.1550436000,30.3994911000,29.9692635000,30.0279309000,940400
2019-05-21 14:00:00,30.0279309000,30.1061541000,29.7639276000,29.9399298000,780100
2019-05-21 14:30:00,29.9203740000,29.9497077000,29.6857044000,29.8910403000,663800
2019-05-21 15:00:00,29.8910403000,30.1452657000,29.8128171000,30.0377088000,903545
2019-05-22 10:00:00,31.0154988000,32.4332943000,30.9959430000,32.0715120000,8548903
2019-05-22 10:30:00,32.0715120000,32.1008457000,31.9052877000,31.9248435000,1657482
2019-05-22 11:00:00,31.9248435000,31.9639551000,31.2795021000,31.6315065000,1710900
2019-05-22 11:30:00,31.6315065000,31.6706181000,31.4457264000,31.5923949000,484700
2019-05-22 13:30:00,31.5923949000,32.0226225000,31.5923949000,31.6217286000,1123577
2019-05-22 14:00:00,31.6315065000,31.7781750000,31.3381695000,31.7781750000,839737
2019-05-22 14:30:00,31.7683971000,31.9443993000,31.4359485000,31.6315065000,908135
2019-05-22 15:00:00,31.6315065000,32.1301794000,31.6315065000,31.8857319000,2514768
2019-05-23 10:00:00,32.0519562000,32.0715120000,30.5168259000,31.2208347000,6195224
2019-05-23 10:30:00,31.2110568000,31.6999518000,31.0643883000,31.3283916000,2080986
2019-05-23 11:00:00,31.3283916000,31.5239496000,30.9470535000,31.0350546000,1292880
2019-05-23 11:30:00,31.0252767000,31.2403905000,30.6048270000,30.6928281000,1141324
2019-05-23 13:30:00,30.6928281000,30.8199408000,30.3408237000,30.3994911000,1536100
2019-05-23 14:00:00,30.3994911000,30.5754933000,30.1159320000,30.2919342000,1571100
2019-05-23 14:30:00,30.2626005000,30.4581585000,30.0963762000,30.2332668000,1124920
2019-05-23 15:00:00,30.2528226000,30.3114900000,30.1159320000,30.2332668000,1422511
2019-05-24 10:00:00,29.7834834000,30.0768204000,28.9132503000,29.2456989000,3796800
2019-05-24 10:30:00,29.2652547000,29.5781475000,29.0892525000,29.5292580000,1165600
2019-05-24 11:00:00,29.5292580000,29.5977033000,29.3532558000,29.5488138000,439233
2019-05-24 11:30:00,29.5488138000,29.5781475000,29.0012514000,29.0208072000,783792
2019-05-24 13:30:00,29.0305851000,29.1479199000,28.9230282000,29.1088083000,1148400
2019-05-24 14:00:00,29.1283641000,29.3728116000,29.0110293000,29.0501409000,567024
2019-05-24 14:30:00,29.0501409000,29.1185862000,28.6785807000,29.0403630000,1501766
2019-05-24 15:00:00,29.0403630000,29.1185862000,28.7274702000,28.7470260000,1344402
2019-05-27 10:00:00,28.5514680000,29.7345939000,28.5514680000,29.4314790000,2231206
2019-05-27 10:30:00,29.4314790000,29.5683696000,29.2848105000,29.4803685000,730800
2019-05-27 11:00:00,29.4803685000,29.5488138000,29.2163652000,29.3337000000,372445
2019-05-27 11:30:00,29.3337000000,29.7248160000,29.2065873000,29.6172591000,853825
2019-05-27 13:30:00,29.6563707000,30.1159320000,29.6563707000,30.0572646000,1586059
2019-05-27 14:00:00,30.0670425000,30.6048270000,29.8910403000,30.3897132000,1886927
2019-05-27 14:30:00,30.4092690000,30.6537165000,30.2332668000,30.5070480000,1376455
2019-05-27 15:00:00,30.5070480000,30.8003850000,30.4581585000,30.6634944000,1663065
2019-05-28 10:00:00,30.7026060000,30.7808292000,30.2137110000,30.4092690000,2822755
2019-05-28 10:30:00,30.4092690000,30.4483806000,29.9985972000,30.2039331000,1579600
2019-05-28 11:00:00,30.2039331000,30.4874922000,30.1354878000,30.4386027000,880954
2019-05-28 11:30:00,30.4386027000,30.4483806000,30.2039331000,30.3408237000,492071
2019-05-28 13:30:00,30.3310458000,30.4092690000,30.2723784000,30.3799353000,509500
2019-05-28 14:00:00,30.3701574000,30.3701574000,30.1159320000,30.2234889000,696500
2019-05-28 14:30:00,30.2137110000,30.2234889000,30.0670425000,30.2137110000,935753
2019-05-28 15:00:00,30.2137110000,30.2137110000,29.9301519000,30.0670425000,1413947
2019-05-29 10:00:00,29.9985972000,30.0865983000,29.6368149000,29.7052602000,1891700
2019-05-29 10:30:00,29.7052602000,29.8519287000,29.5977033000,29.6857044000,987036
2019-05-29 11:00:00,29.6857044000,29.7834834000,29.4999243000,29.5879254000,1055092
2019-05-29 11:30:00,29.5781475000,30.3701574000,29.5194801000,30.2332668000,1844990
2019-05-29 13:30:00,30.2332668000,30.3799353000,30.0865983000,30.1745994000,1121500
2019-05-29 14:00:00,30.1843773000,30.2919342000,29.9203740000,29.9203740000,1082378
2019-05-29 14:30:00,29.9203740000,29.9301519000,29.5683696000,29.6368149000,1309768
2019-05-29 15:00:00,29.6368149000,29.6465928000,29.4901464000,29.4901464000,1944245
2019-05-30 10:00:00,29.2750326000,29.4803685000,28.6590249000,28.6883586000,2881564
2019-05-30 10:30:00,28.7079144000,28.8643608000,28.5514680000,28.7079144000,1283600
2019-05-30 11:00:00,28.7274702000,28.8448050000,28.6003575000,28.6296912000,722900
2019-05-30 11:30:00,28.6199133000,28.7861376000,28.4536890000,28.6101354000,795000
2019-05-30 13:30:00,28.6296912000,28.7372481000,28.4047995000,28.4634669000,845500
2019-05-30 14:00:00,28.4634669000,28.5025785000,28.2092415000,28.3363542000,1453518
2019-05-30 14:30:00,28.3363542000,28.5123564000,28.2874647000,28.4243553000,1011400
2019-05-30 15:00:00,28.4341332000,28.7079144000,28.4145774000,28.6296912000,1177028
2019-05-31 10:00:00,28.5808017000,28.8643608000,28.4536890000,28.7470260000,1742266
2019-05-31 10:30:00,28.7470260000,28.7861376000,28.5025785000,28.5025785000,1188200
2019-05-31 11:00:00,28.5025785000,28.5416901000,28.3167984000,28.3363542000,1163300
2019-05-31 11:30:00,28.3363542000,28.3559100000,28.2385752000,28.2483531000,828700
2019-05-31 13:30:00,28.2483531000,28.3070205000,28.1212404000,28.1701299000,1159145
2019-05-31 14:00:00,28.1701299000,28.2092415000,27.8963487000,28.0430172000,1537555
2019-05-31 14:30:00,28.0430172000,28.2385752000,28.0136835000,28.2287973000,793001
2019-05-31 15:00:00,28.2092415000,28.2679089000,28.0625730000,28.1212404000,1044633
2019-06-03 10:00:00,28.2287973000,28.6101354000,28.1896857000,28.2092415000,1948160
2019-06-03 10:30:00,28.1896857000,28.2581310000,27.7301244000,27.7985697000,1424600
2019-06-03 11:00:00,27.7887918000,27.8670150000,27.5834559000,27.8474592000,1005300
2019-06-03 11:30:00,27.8474592000,27.9843498000,27.6421233000,27.8474592000,460800
2019-06-03 13:30:00,27.8670150000,27.9550161000,27.6910128000,27.7985697000,407800
2019-06-03 14:00:00,27.7985697000,28.2581310000,27.7887918000,28.1212404000,888500
2019-06-03 14:30:00,28.1212404000,28.4047995000,28.1016846000,28.3363542000,953686
2019-06-03 15:00:00,28.3559100000,28.3656879000,28.2092415000,28.2190194000,774517
2019-06-04 10:00:00,27.9354603000,28.4928006000,27.8767929000,28.2972426000,1416600
2019-06-04 10:30:00,28.2972426000,28.4145774000,28.1799078000,28.2581310000,693900
2019-06-04 11:00:00,28.2483531000,28.3559100000,28.0332393000,28.2385752000,464100
2019-06-04 11:30:00,28.2385752000,28.2385752000,27.9647940000,28.1310183000,302800
2019-06-04 13:30:00,28.1310183000,28.2190194000,27.9452382000,28.0234614000,453854
2019-06-04 14:00:00,28.0136835000,28.0332393000,27.8865708000,27.9843498000,452278
2019-06-04 14:30:00,27.9647940000,28.0723509000,27.8670150000,27.8963487000,597022
2019-06-04 15:00:00,27.8865708000,27.9550161000,27.7105686000,27.9452382000,996400
2019-06-05 10:00:00,28.1603520000,28.5025785000,28.1603520000,28.2092415000,1531400
2019-06-05 10:30:00,28.2092415000,28.2483531000,28.0625730000,28.1114625000,582700
2019-06-05 11:00:00,28.1114625000,28.1114625000,27.9256824000,28.0234614000,374900
2019-06-05 11:30:00,28.0332393000,28.2972426000,27.9941277000,28.2776868000,478500
2019-06-05 13:30:00,28.2776868000,28.4830227000,28.2287973000,28.3265763000,966200
2019-06-05 14:00:00,28.3461321000,28.3754658000,28.2092415000,28.2581310000,505800
2019-06-05 14:30:00,28.2581310000,28.3167984000,28.1114625000,28.1212404000,351300
2019-06-05 15:00:00,28.1212404000,28.1603520000,27.9941277000,28.1212404000,628443
2019-06-06 10:00:00,28.1212404000,28.1603520000,27.7399023000,28.0723509000,1131700
2019-06-06 10:30:00,28.0625730000,28.4341332000,28.0527951000,28.1016846000,866400
2019-06-06 11:00:00,28.1016846000,28.2679089000,28.0430172000,28.0821288000,569400
2019-06-06 11:30:00,28.0821288000,28.3363542000,28.0332393000,28.3265763000,762254
2019-06-06 13:30:00,28.3559100000,28.4047995000,28.0430172000,28.1407962000,720419
2019-06-06 14:00:00,28.1407962000,28.2385752000,28.0234614000,28.1310183000,532700
2019-06-06 14:30:00,28.1310183000,28.1799078000,27.8865708000,27.8963487000,611326
2019-06-06 15:00:00,27.8963487000,28.0625730000,27.7692360000,27.9647940000,1067500
2019-06-10 10:00:00,28.0136835000,28.2092415000,27.7692360000,28.0136835000,1391600
2019-06-10 10:30:00,28.0136835000,28.4928006000,27.9843498000,28.3363542000,1290834
2019-06-10 11:00:00,28.3363542000,28.3950216000,28.2385752000,28.2972426000,418400
2019-06-10 11:30:00,28.2972426000,28.6296912000,28.2972426000,28.4830227000,848000
2019-06-10 13:30:00,28.4928006000,28.6492470000,28.4830227000,28.4830227000,715911
2019-06-10 14:00:00,28.4830227000,28.4928006000,28.3070205000,28.3559100000,525418
2019-06-10 14:30:00,28.3559100000,28.5319122000,28.2581310000,28.4536890000,392954
2019-06-10 15:00:00,28.5123564000,28.5514680000,28.4145774000,28.5514680000,877955
2019-06-11 10:00:00,28.4634669000,28.4634669000,27.9061266000,28.1016846000,1899954
2019-06-11 10:30:00,28.1016846000,28.5905796000,28.1016846000,28.5612459000,1134211
2019-06-11 11:00:00,28.5612459000,28.9816956000,28.5221343000,28.9816956000,1833510
2019-06-11 11:30:00,28.9816956000,29.0208072000,28.7176923000,28.9523619000,841800
2019-06-11 13:30:00,28.9621398000,29.1381420000,28.9132503000,28.9425840000,1209900
2019-06-11 14:00:00,28.9523619000,29.2945884000,28.9328061000,29.0892525000,1194700
2019-06-11 14:30:00,29.0990304000,29.4021453000,29.0990304000,29.3630337000,1512345
2019-06-11 15:00:00,29.3434779000,29.3825895000,29.2848105000,29.3434779000,1160426
2019-06-12 10:00:00,29.3337000000,29.6270370000,29.1479199000,29.4999243000,2150913
2019-06-12 10:30:00,29.4999243000,29.7052602000,29.4412569000,29.4510348000,1111468
2019-06-12 11:00:00,29.4510348000,29.4510348000,29.2652547000,29.2652547000,845800
2019-06-12 11:30:00,29.2554768000,29.3923674000,29.1088083000,29.2456989000,669512
2019-06-12 13:30:00,29.2456989000,29.2554768000,29.0110293000,29.0892525000,608063
2019-06-12 14:00:00,29.0892525000,29.1968094000,29.0501409000,29.0990304000,375400
2019-06-12 14:30:00,29.0794746000,29.2945884000,28.9914735000,29.1674757000,578299
2019-06-12 15:00:00,29.1674757000,29.2554768000,28.8936945000,28.9719177000,906700
2019-06-13 10:00:00,29.0110293000,29.7052602000,28.8643608000,29.5879254000,2446250
2019-06-13 10:30:00,29.5292580000,29.5977033000,29.0794746000,29.2359210000,1411700
2019-06-13 11:00:00,29.2065873000,29.3141442000,29.0990304000,29.1870315000,817200
2019-06-13 11:30:00,29.1870315000,29.2554768000,28.9621398000,29.2163652000,641300
2019-06-13 13:30:00,29.2163652000,29.2945884000,29.0696967000,29.1088083000,357000
2019-06-13 14:00:00,29.1381420000,29.2261431000,28.9816956000,29.0012514000,484000
2019-06-13 14:30:00,29.0012514000,29.1088083000,28.9816956000,29.0012514000,700115
2019-06-13 15:00:00,29.0012514000,29.1772536000,28.9914735000,28.9914735000,995574
2019-06-14 10:00:00,28.9425840000,29.1381420000,28.5905796000,28.5905796000,1697863
2019-06-14 10:30:00,28.6003575000,28.6003575000,28.1701299000,28.3167984000,1779039
2019-06-14 11:00:00,28.3461321000,28.3852437000,28.0332393000,28.2287973000,1278400
2019-06-14 11:30:00,28.2287973000,28.2287973000,27.9061266000,28.0039056000,863900
2019-06-14 13:30:00,28.0039056000,28.0234614000,27.9061266000,27.9647940000,698500
2019-06-14 14:00:00,27.9550161000,27.9941277000,27.7496802000,27.7790139000,1003600
2019-06-14 14:30:00,27.7790139000,27.8572371000,27.6519012000,27.7203465000,910655
2019-06-14 15:00:00,27.7203465000,27.8474592000,27.5834559000,27.5932338000,1338137
2019-06-17 10:00:00,26.8696692000,26.8696692000,25.1585367000,25.7256549000,7248522
2019-06-17 10:30:00,25.7256549000,25.9212129000,25.5789864000,25.5887643000,1500017
2019-06-17 11:00:00,25.5887643000,25.7158770000,25.4616516000,25.7158770000,825801
2019-06-17 11:30:00,25.7158770000,25.7452107000,25.4225400000,25.4909853000,913700
2019-06-17 13:30:00,25.4909853000,25.7647665000,25.4127621000,25.6669875000,759200
2019-06-17 14:00:00,25.6669875000,25.8136560000,25.6376538000,25.6865433000,737300
2019-06-17 14:30:00,25.6865433000,25.7843223000,25.4909853000,25.4909853000,727800
2019-06-17 15:00:00,25.4909853000,25.5887643000,25.2954273000,25.5789864000,1625196
2019-06-18 10:00:00,25.7060991000,25.8918792000,25.6083201000,25.8429897000,1755525
2019-06-18 10:30:00,25.8723234000,26.0678814000,25.7647665000,26.0483256000,1080600
2019-06-18 11:00:00,26.0483256000,26.0972151000,25.9114350000,25.9407687000,937700
2019-06-18 11:30:00,25.9407687000,26.0776593000,25.9407687000,26.0776593000,485625
2019-06-18 13:30:00,26.0678814000,26.1754383000,25.9505466000,26.1558825000,846900
2019-06-18 14:00:00,26.1558825000,26.2634394000,26.0189919000,26.0972151000,760300
2019-06-18 14:30:00,26.0972151000,26.1558825000,26.0092140000,26.1363267000,501563
2019-06-18 15:00:00,26.1363267000,26.2341057000,26.0678814000,26.1363267000,896780
2019-06-19 10:00:00,27.3585642000,27.4954548000,26.9870040000,27.1141167000,3681976
2019-06-19 10:30:00,27.1141167000,27.4563432000,27.1043388000,27.3781200000,1438990
2019-06-19 11:00:00,27.3781200000,27.4465653000,27.2412294000,27.3781200000,864253
2019-06-19 11:30:00,27.3781200000,27.6225675000,27.3683421000,27.6225675000,1082437
2019-06-19 13:30:00,27.6225675000,27.8279034000,27.5345664000,27.8083476000,1083108
2019-06-19 14:00:00,27.8083476000,27.9061266000,27.6812349000,27.7007907000,1313364
2019-06-19 14:30:00,27.7007907000,27.7985697000,27.5443443000,27.6127896000,727331
2019-06-19 15:00:00,27.6127896000,27.7692360000,27.4758990000,27.4758990000,1442590
2019-06-20 10:00:00,27.4172316000,27.6910128000,27.0945609000,27.3194526000,1791279
2019-06-20 10:30:00,27.3194526000,27.6030117000,27.2607852000,27.5150106000,726632
2019-06-20 11:00:00,27.5052327000,27.6714570000,27.3781200000,27.5932338000,616863
2019-06-20 11:30:00,27.6323454000,28.0527951000,27.5932338000,28.0136835000,1346000
2019-06-20 13:30:00,28.0136835000,28.4243553000,28.0136835000,28.2679089000,2122147
2019-06-20 14:00:00,28.2679089000,28.3265763000,28.0625730000,28.1799078000,688100
2019-06-20 14:30:00,28.1701299000,28.2385752000,28.0136835000,28.0723509000,814454
2019-06-20 15:00:00,28.0919067000,28.1016846000,27.9452382000,28.0625730000,906054
2019-06-21 10:00:00,28.7079144000,29.8128171000,28.7079144000,29.6661486000,5959072
2019-06-21 10:30:00,29.6857044000,29.7052602000,29.4217011000,29.5292580000,1511311
2019-06-21 11:00:00,29.5292580000,29.9203740000,29.4901464000,29.8128171000,1588254
2019-06-21 11:30:00,29.8225950000,30.1648215000,29.8128171000,29.9301519000,1292891
2019-06-21 13:30:00,29.9301519000,29.9301519000,29.5683696000,29.5781475000,663500
2019-06-21 14:00:00,29.5585917000,29.7834834000,29.5488138000,29.6661486000,753900
2019-06-21 14:30:00,29.6759265000,29.7150381000,29.4803685000,29.4901464000,809354
2019-06-21 15:00:00,29.4999243000,29.8225950000,29.4999243000,29.7443718000,1617161
2019-06-24 10:00:00,29.5879254000,30.4386027000,29.3923674000,29.5390359000,2745848
2019-06-24 10:30:00,29.4999243000,29.5879254000,29.1870315000,29.4608127000,1360000
2019-06-24 11:00:00,29.4608127000,29.6759265000,29.4119232000,29.4217011000,566093
2019-06-24 11:30:00,29.4510348000,29.4901464000,29.2554768000,29.3043663000,503100
2019-06-24 13:30:00,29.2848105000,29.4803685000,29.2652547000,29.3239221000,472891
2019-06-24 14:00:00,29.3239221000,29.3923674000,29.1576978000,29.1968094000,422344
2019-06-24 14:30:00,29.1968094000,29.4510348000,29.1674757000,29.3434779000,475144
2019-06-24 15:00:00,29.3434779000,29.3532558000,29.2065873000,29.2065873000,632380
2019-06-25 10:00:00,29.3337000000,29.3630337000,28.6785807000,28.7959155000,1246100
2019-06-25 10:30:00,28.7665818000,28.9328061000,28.6981365000,28.7274702000,769100
2019-06-25 11:00:00,28.7176923000,28.7568039000,28.4047995000,28.4830227000,1025100
2019-06-25 11:30:00,28.4830227000,28.6003575000,28.3656879000,28.3754658000,595182
2019-06-25 13:30:00,28.3754658000,28.4047995000,28.2483531000,28.3461321000,1104600
2019-06-25 14:00:00,28.3461321000,28.7470260000,28.3265763000,28.6883586000,583626
2019-06-25 14:30:00,28.6394691000,28.6981365000,28.4732448000,28.6199133000,263126
2019-06-25 15:00:00,28.6199133000,28.8252492000,28.5514680000,28.7470260000,624700
2019-06-26 10:00:00,28.5214604400,29.0903203800,28.5214604400,28.8843538500,1310500
2019-06-26 10:30:00,28.8843538500,29.2080155400,28.8353142000,29.1001283100,723923
2019-06-26 11:00:00,29.1001283100,29.3649424200,28.8843538500,28.8843538500,900682
2019-06-26 11:30:00,28.8843538500,28.8941617800,28.6293476700,28.6489635300,627500
2019-06-26 13:30:00,28.6587714600,28.7862745500,28.5312683700,28.7274269700,453825
2019-06-26 14:00:00,28.7274269700,28.8843538500,28.6391556000,28.7470428300,398100
2019-06-26 14:30:00,28.7470428300,29.0314728000,28.7078111100,28.7666586900,482600
2019-06-26 15:00:00,28.7666586900,28.9824331500,28.7470428300,28.8058904100,593205
2019-06-27 10:00:00,28.6881952500,29.2864789800,28.6489635300,29.0314728000,1421354
2019-06-27 10:30:00,29.0314728000,29.3845582800,29.0118569400,29.0805124500,947367
2019-06-27 11:00:00,29.0805124500,29.1393600300,28.9432014300,29.0608965900,386358
2019-06-27 11:30:00,29.0608965900,29.0707045200,28.7862745500,28.9628172900,526600
2019-06-27 13:30:00,28.9628172900,29.2276314000,28.9628172900,29.1295521000,1021311
2019-06-27 14:00:00,29.1295521000,29.2570551900,29.0216648700,29.2374393300,677700
2019-06-27 14:30:00,29.2374393300,29.2374393300,29.0314728000,29.1589758900,553600
2019-06-27 15:00:00,29.1589758900,29.2668631200,29.1099362400,29.1785917500,679900
2019-06-28 10:00:00,29.1883996800,29.1883996800,28.5606921600,28.7960824800,1028016
2019-06-28 10:30:00,28.7960824800,28.8941617800,28.4626128600,28.5312683700,736300
2019-06-28 11:00:00,28.5312683700,28.6391556000,28.3449177000,28.3743414900,626900
2019-06-28 11:30:00,28.3939573500,28.4331890700,28.2174146100,28.3449177000,551900
2019-06-28 13:30:00,28.3449177000,28.7862745500,28.3154939100,28.3743414900,675100
2019-06-28 14:00:00,28.3645335600,28.5508842300,28.3056859800,28.4135732100,403653
2019-06-28 14:30:00,28.4135732100,28.5705000900,28.3449177000,28.5116525100,268899
2019-06-28 15:00:00,28.5116525100,28.6783873200,28.4920366500,28.5214604400,716600
2019-07-01 10:00:00,29.7474516900,30.5026623000,29.4924455100,30.2084244000,5140654
2019-07-01 10:30:00,30.2084244000,30.5320860900,30.1495768200,30.3849671400,2071901
2019-07-01 11:00:00,30.3849671400,30.8557477800,30.3163116300,30.8263239900,1736365
2019-07-01 11:30:00,30.7969002000,31.1892174000,30.7478605500,30.7478605500,1124400
2019-07-01 13:30:00,30.7380526200,30.8851715700,30.5418940200,30.5615098800,791800
2019-07-01 14:00:00,30.5517019500,30.5713178100,30.3457354200,30.4045830000,813900
2019-07-01 14:30:00,30.4045830000,30.4634305800,30.3065037000,30.3751592100,593716
2019-07-01 15:00:00,30.3947750700,30.6792050400,30.3751592100,30.6595891800,1265760
2019-07-02 10:00:00,30.4045830000,30.6890129700,30.3065037000,30.5615098800,1842800
2019-07-02 10:30:00,30.5909336700,31.2088332600,30.5320860900,31.0322905200,2185402
2019-07-02 11:00:00,31.0028667300,31.0420984500,30.6007416000,30.6988209000,996475
2019-07-02 11:30:00,30.7478605500,30.7478605500,30.5026623000,30.6792050400,497200
2019-07-02 13:30:00,30.6399733200,30.6890129700,30.4241988600,30.4634305800,611900
2019-07-02 14:00:00,30.4536226500,30.5026623000,30.3849671400,30.4241988600,566400
2019-07-02 14:30:00,30.4241988600,30.7184367600,30.4143909300,30.6693971100,503042
2019-07-02 15:00:00,30.6693971100,30.6890129700,30.4634305800,30.5517019500,635200
2019-07-03 10:00:00,30.4045830000,30.5418940200,29.7768754800,29.7768754800,1893114
2019-07-03 10:30:00,29.7768754800,30.1201530300,29.7376437600,29.8161072000,1031600
2019-07-03 11:00:00,29.8161072000,29.8455309900,29.5414851600,29.6199486000,996600
2019-07-03 11:30:00,29.6199486000,29.8357230600,29.6199486000,29.7376437600,335500
2019-07-03 13:30:00,29.7376437600,29.7964913400,29.6689882500,29.6787961800,347700
2019-07-03 14:00:00,29.6787961800,29.6886041100,29.4335979300,29.5218693000,798000
2019-07-03 14:30:00,29.5218693000,29.6787961800,29.4237900000,29.4924455100,732900
2019-07-03 15:00:00,29.4924455100,29.6297565300,29.3845582800,29.6297565300,819031
2019-07-04 10:00:00,29.6395644600,29.9632261500,29.6003327400,29.6689882500,943400
2019-07-04 10:30:00,29.6689882500,29.7180279000,29.4728296500,29.6003327400,730800
2019-07-04 11:00:00,29.6003327400,29.6003327400,29.2374393300,29.2962869100,616700
2019-07-04 11:30:00,29.2962869100,29.3845582800,29.2276314000,29.3453265600,446401
2019-07-04 13:30:00,29.3453265600,29.4139820700,29.2374393300,29.3257107000,319900
2019-07-04 14:00:00,29.3257107000,29.4532137900,29.3257107000,29.4237900000,235600
2019-07-04 14:30:00,29.4237900000,29.4335979300,29.2374393300,29.2962869100,493200
2019-07-04 15:00:00,29.2864789800,29.3257107000,29.1001283100,29.2080155400,1064500
2019-07-05 10:00:00,29.1589758900,29.4434058600,29.0314728000,29.2766710500,1094582
2019-07-05 10:30:00,29.2864789800,29.6003327400,29.2080155400,29.5218693000,699046
2019-07-05 11:00:00,29.5218693000,29.6297565300,29.3060948400,29.3747503500,525479
2019-07-05 11:30:00,29.3747503500,29.4335979300,29.1687838200,29.2374393300,333051
2019-07-05 13:30:00,29.2080155400,29.4728296500,29.1982076100,29.4532137900,464700
2019-07-05 14:00:00,29.4532137900,29.4924455100,29.3257107000,29.4041741400,391236
2019-07-05 14:30:00,29.4041741400,29.4532137900,29.3453265600,29.4335979300,315700
2019-07-05 15:00:00,29.4237900000,29.4826375800,29.3453265600,29.4434058600,610682
2019-07-08 10:00:00,29.2276314000,29.2276314000,28.5999238800,28.6293476700,1466900
2019-07-08 10:30:00,28.6293476700,28.6587714600,28.3449177000,28.4233811400,1177500
2019-07-08 11:00:00,28.3939573500,28.4429970000,28.0997194500,28.2076066800,1001600
2019-07-08 11:30:00,28.2076066800,28.5606921600,28.2076066800,28.5508842300,630798
2019-07-08 13:30:00,28.5410763000,28.6489635300,28.4429970000,28.5999238800,665892
2019-07-08 14:00:00,28.5999238800,28.6293476700,28.3253018400,28.4233811400,415035
2019-07-08 14:30:00,28.4037652800,28.5214604400,28.3056859800,28.4920366500,494079
2019-07-08 15:00:00,28.4920366500,28.6489635300,28.4429970000,28.4724207900,815819
2019-07-09 10:00:00,28.4822287200,28.5999238800,28.1879908200,28.3743414900,906000
2019-07-09 10:30:00,28.3743414900,28.4135732100,28.2468384000,28.3056859800,397200
2019-07-09 11:00:00,28.3056859800,28.3743414900,28.0506798000,28.1095273800,449600
2019-07-09 11:30:00,28.1095273800,28.1487591000,27.9722163600,28.1193353100,404300
2019-07-09 13:30:00,28.0801035900,28.2370304700,28.0506798000,28.0997194500,255791
2019-07-09 14:00:00,28.0997194500,28.3449177000,28.0801035900,28.3154939100,462400
2019-07-09 14:30:00,28.3351097700,28.5214604400,28.2958780500,28.4920366500,468364
2019-07-09 15:00:00,28.4626128600,28.5018445800,28.3449177000,28.4135732100,576400
2019-07-10 10:00:00,28.7666586900,28.9137776400,28.4626128600,28.6783873200,947400
2019-07-10 10:30:00,28.6783873200,28.7274269700,28.3939573500,28.4626128600,413200
2019-07-10 11:00:00,28.4626128600,28.5508842300,28.3351097700,28.5018445800,344900
2019-07-10 11:30:00,28.5018445800,28.5508842300,28.3449177000,28.4233811400,272269
2019-07-10 13:30:00,28.4233811400,28.5410763000,28.3743414900,28.4822287200,236754
2019-07-10 14:00:00,28.4626128600,28.4822287200,28.2272225400,28.2958780500,423631
2019-07-10 14:30:00,28.2958780500,28.4037652800,28.2468384000,28.3449177000,286100
2019-07-10 15:00:00,28.3449177000,28.3939573500,28.1781828900,28.3841494200,611290
2019-07-11 10:00:00,28.6293476700,28.8843538500,28.5606921600,28.8156983400,1150369
2019-07-11 10:30:00,28.8156983400,28.9922410800,28.5705000900,28.6097318100,755200
2019-07-11 11:00:00,28.5999238800,28.6293476700,28.4920366500,28.5606921600,264700
2019-07-11 11:30:00,28.5606921600,28.5803080200,28.3645335600,28.4331890700,271700
2019-07-11 13:30:00,28.4331890700,28.4429970000,28.3056859800,28.3154939100,245300
2019-07-11 14:00:00,28.3253018400,28.4429970000,28.2468384000,28.3056859800,383400
2019-07-11 14:30:00,28.3056859800,28.5116525100,28.2566463300,28.3841494200,361500
2019-07-11 15:00:00,28.4037652800,28.4528049300,28.3449177000,28.4135732100,348500
2019-07-12 10:00:00,28.2468384000,28.4822287200,27.6681705300,28.0801035900,1723691
2019-07-12 10:30:00,28.0801035900,28.2664542600,28.0016401500,28.0506798000,734327
2019-07-12 11:00:00,28.0506798000,28.1487591000,27.9820242900,28.0702956600,435847
2019-07-12 11:30:00,28.1291432400,28.3547256300,28.0408718700,28.2860701200,420700
2019-07-12 13:30:00,28.2958780500,28.3645335600,28.1879908200,28.3645335600,301300
2019-07-12 14:00:00,28.3645335600,28.4724207900,28.2860701200,28.4528049300,417300
2019-07-12 14:30:00,28.4528049300,28.4822287200,28.2958780500,28.3841494200,268800
2019-07-12 15:00:00,28.3841494200,28.4135732100,28.1683749600,28.1879908200,731257
2019-07-15 10:00:00,28.1879908200,28.9333935000,28.1193353100,28.7862745500,1830953
2019-07-15 10:30:00,28.7862745500,29.2570551900,28.7470428300,29.1295521000,1232439
2019-07-15 11:00:00,29.1295521000,29.8062992700,29.0903203800,29.6003327400,1717930
2019-07-15 11:30:00,29.6003327400,29.8161072000,29.4434058600,29.7964913400,1055200
2019-07-15 13:30:00,29.8062992700,30.0122658000,29.6297565300,29.6689882500,1077400
2019-07-15 14:00:00,29.6689882500,29.7866834100,29.5414851600,29.6984120400,743500
2019-07-15 14:30:00,29.6984120400,29.7670675500,29.5905248100,29.7376437600,544373
2019-07-15 15:00:00,29.7180279000,29.7474516900,29.5905248100,29.7180279000,854827
2019-07-16 10:00:00,29.4041741400,30.1593847500,29.3257107000,30.1005371700,2356396
2019-07-16 10:30:00,30.0809213100,30.2476561200,29.9141865000,30.0809213100,1335100
2019-07-16 11:00:00,30.0809213100,30.3653512800,30.0220737300,30.3065037000,1171470
2019-07-16 11:30:00,30.3065037000,30.3457354200,29.9632261500,29.9926499400,658130
2019-07-16 13:30:00,30.0024578700,30.0318816600,29.7376437600,29.9141865000,642031
2019-07-16 14:00:00,29.9141865000,29.9338023600,29.7376437600,29.8847627100,487300
2019-07-16 14:30:00,29.8847627100,29.9926499400,29.8651468500,29.9239944300,338943
2019-07-16 15:00:00,29.9239944300,30.1201530300,29.8945706400,29.9926499400,805000
2019-07-17 10:00:00,29.9239944300,30.3261195600,29.7670675500,30.0122658000,1302760
2019-07-17 10:30:00,29.9730340800,30.2280402600,29.9730340800,30.1299609600,804248
2019-07-17 11:00:00,30.1397688900,30.3555433500,30.1005371700,30.2966957700,946539
2019-07-17 11:30:00,30.3065037000,30.5713178100,30.2868878400,30.4143909300,1317212
2019-07-17 13:30:00,30.4241988600,30.5124702300,30.2672719800,30.5124702300,745000
2019-07-17 14:00:00,30.5026623000,30.5026623000,30.1299609600,30.2672719800,672200
2019-07-17 14:30:00,30.2672719800,30.2672719800,30.0711133800,30.2084244000,908800
2019-07-17 15:00:00,30.2084244000,30.3065037000,30.1397688900,30.2280402600,674143
2019-07-18 10:00:00,29.8062992700,29.9632261500,29.4335979300,29.8749547800,1763170
2019-07-18 10:30:00,29.8749547800,30.3947750700,29.7572596200,30.2182323300,1551891
2019-07-18 11:00:00,30.2182323300,30.5517019500,30.1691926800,30.4830464400,927055
2019-07-18 11:30:00,30.4536226500,30.4928543700,30.1397688900,30.2574640500,526045
2019-07-18 13:30:00,30.2574640500,30.3065037000,30.1103451000,30.2574640500,349290
2019-07-18 14:00:00,30.2084244000,30.5026623000,30.1593847500,30.4143909300,783425
2019-07-18 14:30:00,30.4143909300,30.6007416000,30.3555433500,30.5124702300,1187900
2019-07-18 15:00:00,30.4928543700,30.5418940200,30.2280402600,30.2672719800,886226
2019-07-19 10:00:00,30.3653512800,30.6497812500,30.0024578700,30.4536226500,1603786
2019-07-19 10:30:00,30.4536226500,30.6301653900,30.3163116300,30.3849671400,971900
2019-07-19 11:00:00,30.3751592100,30.3947750700,30.0122658000,30.2084244000,709700
2019-07-19 11:30:00,30.2182323300,30.2574640500,30.1103451000,30.1397688900,225100
2019-07-19 13:30:00,30.1397688900,30.2084244000,30.0122658000,30.0613054500,352700
2019-07-19 14:00:00,30.0514975200,30.0613054500,29.7180279000,29.9534182200,1102173
2019-07-19 14:30:00,29.9534182200,30.1495768200,29.9534182200,30.0024578700,418300
2019-07-19 15:00:00,30.0024578700,30.2084244000,29.9239944300,30.2084244000,846513
2019-07-22 10:00:00,30.5418940200,30.6007416000,28.9530093600,29.8357230600,2427674
2019-07-22 10:30:00,29.8553389200,30.1790006100,29.5807168800,29.5807168800,680560
2019-07-22 11:00:00,29.6003327400,29.7964913400,29.4630217200,29.4826375800,487200
2019-07-22 11:30:00,29.4728296500,29.9141865000,29.4728296500,29.8062992700,292800
2019-07-22 13:30:00,29.7768754800,29.8357230600,29.4237900000,29.4826375800,358900
2019-07-22 14:00:00,29.4826375800,29.6101406700,29.2570551900,29.5611010200,670700
2019-07-22 14:30:00,29.5611010200,29.6003327400,29.2276314000,29.2374393300,536500
2019-07-22 15:00:00,29.2374393300,29.4041741400,29.2374393300,29.3060948400,572974
2019-07-23 10:00:00,29.5218693000,30.2672719800,29.5218693000,30.0318816600,1840502
2019-07-23 10:30:00,30.0416895900,30.4634305800,29.9632261500,30.4045830000,1684834
2019-07-23 11:00:00,30.4045830000,30.6301653900,30.2672719800,30.4241988600,1368202
2019-07-23 11:30:00,30.4241988600,30.6792050400,30.4241988600,30.6007416000,887760
2019-07-23 13:30:00,30.6007416000,30.8459398500,30.5320860900,30.5811257400,751100
2019-07-23 14:00:00,30.5811257400,31.1205618900,30.5222781600,31.0126746600,1767254
2019-07-23 14:30:00,31.0126746600,31.0911381000,30.8753636400,31.0715222400,935161
2019-07-23 15:00:00,31.0519063800,31.3167204900,31.0028667300,31.2872967000,2285865
2019-07-24 10:00:00,31.6501901100,31.6796139000,31.1205618900,31.5619187400,3010800
2019-07-24 10:30:00,31.5619187400,32.1209707500,31.5619187400,32.0228914500,2483500
2019-07-24 11:00:00,32.0228914500,32.1307786800,31.7875011300,31.8071169900,1352235
2019-07-24 11:30:00,31.8071169900,32.0032755900,31.7188456200,31.7776932000,788900
2019-07-24 13:30:00,31.7384614800,31.8071169900,31.4834553000,31.6305742500,921100
2019-07-24 14:00:00,31.6403821800,31.6403821800,31.4344156500,31.4834553000,833600
2019-07-24 14:30:00,31.4834553000,31.6796139000,31.4442235800,31.5030711600,1052940
2019-07-24 15:00:00,31.5128790900,31.6599980400,31.4736473700,31.5030711600,1278736
2019-07-25 10:00:00,31.6796139000,32.1307786800,31.4834553000,32.0228914500,2761205
2019-07-25 10:30:00,32.0228914500,32.3759769300,32.0032755900,32.2092421200,2291629
2019-07-25 11:00:00,32.2092421200,32.7584862000,32.1896262600,32.6898306900,2220853
2019-07-25 11:30:00,32.6898306900,33.1311875400,32.6898306900,32.8957972200,1835995
2019-07-25 13:30:00,32.9154130800,32.9154130800,32.4250165800,32.5525196700,1116263
2019-07-25 14:00:00,32.5525196700,32.6898306900,32.2778976300,32.3759769300,918708
2019-07-25 14:30:00,32.3955927900,32.4446324400,32.2288579800,32.3465531400,905244
2019-07-25 15:00:00,32.3465531400,32.6505989700,32.3269372800,32.4838641600,1018646
2019-07-26 10:00:00,32.3269372800,32.5623276000,31.9738518000,32.4936720900,2470761
2019-07-26 10:30:00,32.5034800200,32.9154130800,32.4936720900,32.6604069000,1826000
2019-07-26 11:00:00,32.6113672500,32.6800227600,32.2680897000,32.4152086500,861200
2019-07-26 11:30:00,32.4446324400,32.5329038100,32.3563610700,32.3955927900,362700
2019-07-26 13:30:00,32.3857848600,32.5230958800,32.2288579800,32.3269372800,396700
2019-07-26 14:00:00,32.3269372800,32.5132879500,32.2288579800,32.3269372800,391300
2019-07-26 14:30:00,32.3269372800,32.4054007200,32.2484738400,32.3073214200,504154
2019-07-26 15:00:00,32.3073214200,32.5132879500,32.2975134900,32.3367452100,756919
2019-07-29 10:00:00,32.4152086500,33.1115716800,32.4152086500,32.9056051500,2162398
2019-07-29 10:30:00,32.9056051500,32.9252210100,32.2190500500,32.3955927900,1028299
2019-07-29 11:00:00,32.3955927900,32.5230958800,32.2877055600,32.4740562300,378828
2019-07-29 11:30:00,32.4740562300,32.5721355300,32.3661690000,32.3759769300,276182
2019-07-29 13:30:00,32.4446324400,32.4446324400,32.0915469600,32.1602024700,817000
2019-07-29 14:00:00,32.1602024700,32.5525196700,32.1602024700,32.4054007200,530955
2019-07-29 14:30:00,32.4054007200,32.6996386200,32.3465531400,32.6015593200,612426
2019-07-29 15:00:00,32.5917513900,32.6604069000,32.4250165800,32.5623276000,758500
2019-07-30 10:00:00,32.3661690000,32.5623276000,32.1700104000,32.2484738400,1484926
2019-07-30 10:30:00,32.2484738400,32.5329038100,32.2190500500,32.4936720900,611800
2019-07-30 11:00:00,32.5034800200,32.5132879500,32.0130835200,32.0817390300,1279950
2019-07-30 11:30:00,32.0817390300,32.1503945400,31.8267328500,31.9542359400,1180961
2019-07-30 13:30:00,31.9640438700,32.1994341900,31.9248121500,32.0817390300,632000
2019-07-30 14:00:00,32.0817390300,32.0817390300,31.9248121500,31.9346200800,332500
2019-07-30 14:30:00,31.9836597300,32.1111628200,31.8365407800,32.0228914500,732800
2019-07-30 15:00:00,31.9934676600,32.0621231700,31.8561566400,31.9051962900,863786
2019-07-31 10:00:00,32.0523152400,32.5525196700,31.9150042200,32.3269372800,2061107
2019-07-31 10:30:00,32.3171293500,32.4152086500,32.0523152400,32.1013548900,745227
2019-07-31 11:00:00,32.1013548900,32.2190500500,31.9248121500,31.9248121500,801200
2019-07-31 11:30:00,31.9248121500,32.0621231700,31.8267328500,31.8953883600,708129
2019-07-31 13:30:00,31.8757725000,31.9640438700,31.6305742500,31.7286535500,981500
2019-07-31 14:00:00,31.7286535500,32.1307786800,31.6992297600,31.8071169900,1107000
2019-07-31 14:30:00,31.8071169900,31.9248121500,31.5521108100,31.7580773400,1418845
2019-07-31 15:00:00,31.7776932000,31.7776932000,31.4834553000,31.5815346000,1868403
2019-08-01 10:00:00,31.5619187400,32.2680897000,31.3853760000,32.2092421200,3651400
2019-08-01 10:30:00,32.2092421200,32.3367452100,31.9836597300,31.9934676600,1241799
2019-08-01 11:00:00,31.9738518000,32.0032755900,31.6599980400,31.7286535500,833200
2019-08-01 11:30:00,31.7286535500,31.9051962900,31.6305742500,31.6305742500,687100
2019-08-01 13:30:00,31.6305742500,31.7776932000,31.5423028800,31.6305742500,563102
2019-08-01 14:00:00,31.6207663200,31.6796139000,31.5521108100,31.5717266700,574400
2019-08-01 14:30:00,31.5717266700,31.7776932000,31.4932632300,31.7090376900,751476
2019-08-01 15:00:00,31.6992297600,31.7384614800,31.5913425300,31.6796139000,990200
2019-08-02 10:00:00,30.9342112200,30.9342112200,30.4536226500,30.7969002000,3230618
2019-08-02 10:30:00,30.7870922700,31.6796139000,30.7576684800,31.5913425300,1777070
2019-08-02 11:00:00,31.5815346000,31.9444280100,31.5324949500,31.6599980400,1004400
2019-08-02 11:30:00,31.6501901100,31.6992297600,31.2774887700,31.5324949500,800154
2019-08-02 13:30:00,31.5324949500,31.5423028800,31.2971046300,31.2971046300,240700
2019-08-02 14:00:00,31.3069125600,31.6501901100,31.1892174000,31.5521108100,611858
2019-08-02 14:30:00,31.5521108100,31.6207663200,31.2872967000,31.5423028800,400700
2019-08-02 15:00:00,31.5521108100,31.5913425300,31.2971046300,31.5030711600,907827
2019-08-05 10:00:00,31.8757725000,32.5819434600,31.7286535500,32.1700104000,3713354
2019-08-05 10:30:00,32.1700104000,32.8565655000,32.1700104000,32.6211751800,2815199
2019-08-05 11:00:00,32.5819434600,32.8565655000,32.4250165800,32.4348245100,1112000
2019-08-05 11:30:00,32.4348245100,32.4642483000,32.0915469600,32.1798183300,894647
2019-08-05 13:30:00,32.1700104000,32.1700104000,31.9248121500,31.9934676600,959898
2019-08-05 14:00:00,31.9934676600,32.1700104000,31.8561566400,31.9150042200,834800
2019-08-05 14:30:00,31.9150042200,32.2386659100,31.8757725000,32.2190500500,786900
2019-08-05 15:00:00,32.2190500500,32.2975134900,31.8855804300,31.9542359400,1044600
2019-08-06 10:00:00,31.0715222400,31.6796139000,30.6890129700,31.4246077200,3082738
2019-08-06 10:30:00,31.4246077200,31.5128790900,30.7478605500,31.1303698200,1556620
2019-08-06 11:00:00,31.1205618900,31.2088332600,30.7870922700,31.0126746600,992600
2019-08-06 11:30:00,31.0126746600,31.1107539600,30.8557477800,30.8655557100,647744
2019-08-06 13:30:00,30.8753636400,31.5815346000,30.8753636400,31.5128790900,947754
2019-08-06 14:00:00,31.5128790900,32.3465531400,31.4540315100,32.2190500500,2110514
2019-08-06 14:30:00,32.2288579800,32.8467575700,32.0719311000,32.5721355300,2268973
2019-08-06 15:00:00,32.5819434600,33.1311875400,32.4152086500,33.1311875400,2847786
2019-08-07 10:00:00,32.9546448000,33.8079347100,32.9056051500,33.0723399600,5255599
2019-08-07 10:30:00,33.0723399600,33.0723399600,32.7192544800,32.9252210100,1468400
2019-08-07 11:00:00,32.9252210100,33.3077302800,32.8075258500,33.0036844500,1134000
2019-08-07 11:30:00,33.0134923800,33.0919558200,32.7682941300,32.9840685900,587245
2019-08-07 13:30:00,33.0233003100,33.0919558200,32.6702148300,32.8467575700,628241
2019-08-07 14:00:00,32.8369496400,32.8761813600,32.3759769300,32.6702148300,1390703
2019-08-07 14:30:00,32.7584862000,32.7584862000,32.3563610700,32.5721355300,946391
2019-08-07 15:00:00,32.5721355300,32.7584862000,32.2877055600,32.6800227600,1420466
2019-08-08 10:00:00,32.4642483000,33.0429161700,32.0915469600,32.3269372800,2557399
2019-08-08 10:30:00,32.3563610700,32.3857848600,32.0719311000,32.1307786800,1271792
2019-08-08 11:00:00,32.1307786800,32.1307786800,31.5521108100,31.6207663200,2195036
2019-08-08 11:30:00,31.6207663200,32.1700104000,31.6207663200,32.1209707500,664243
2019-08-08 13:30:00,32.1602024700,32.4152086500,31.9738518000,32.3269372800,697000
2019-08-08 14:00:00,32.3465531400,32.4152086500,32.0523152400,32.1307786800,519400
2019-08-08 14:30:00,32.1307786800,32.5819434600,31.9640438700,32.5721355300,918404
2019-08-08 15:00:00,32.5819434600,32.7192544800,32.4054007200,32.5721355300,1747955
2019-08-09 10:00:00,33.0036844500,33.6608157600,32.9154130800,33.3861937200,5630145
2019-08-09 10:30:00,33.3567699300,33.3861937200,32.5623276000,32.6211751800,1900438
2019-08-09 11:00:00,32.6211751800,32.6604069000,32.0228914500,32.0719311000,1733718
2019-08-09 11:30:00,32.0719311000,32.1209707500,31.4932632300,31.6992297600,1940408
2019-08-09 13:30:00,31.6992297600,32.1994341900,31.6796139000,32.1896262600,886951
2019-08-09 14:00:00,32.1700104000,32.2386659100,31.8757725000,31.8855804300,730000
2019-08-09 14:30:00,31.8855804300,32.1307786800,31.7384614800,32.1209707500,656389
2019-08-09 15:00:00,32.1209707500,32.1209707500,31.6011504600,31.6207663200,1158364
2019-08-12 10:00:00,31.8267328500,32.1700104000,31.0617143100,31.1303698200,2352879
2019-08-12 10:30:00,31.1205618900,31.7384614800,31.1009460300,31.5815346000,1197500
2019-08-12 11:00:00,31.5815346000,31.8267328500,31.4344156500,31.7188456200,771200
2019-08-12 11:30:00,31.6698059700,31.8267328500,31.5423028800,31.6796139000,414104
2019-08-12 13:30:00,31.6599980400,31.7090376900,31.2382570500,31.5128790900,467800
2019-08-12 14:00:00,31.5128790900,32.2484738400,31.5128790900,32.2484738400,1518173
2019-08-12 14:30:00,32.2484738400,32.9546448000,32.1798183300,32.8173337800,2910062
2019-08-12 15:00:00,32.8173337800,33.3175382100,32.7584862000,33.2586906300,2643848
2019-08-13 10:00:00,32.7584862000,33.0331082400,32.3661690000,32.8369496400,3233395
2019-08-13 10:30:00,32.8369496400,33.2292668400,32.7290624100,33.0429161700,1303904
2019-08-13 11:00:00,33.0429161700,33.1508034000,32.6800227600,32.6800227600,832900
2019-08-13 11:30:00,32.7094465500,32.9154130800,32.5525196700,32.8075258500,674300
2019-08-13 13:30:00,32.8075258500,32.9546448000,32.6604069000,32.9350289400,458025
2019-08-13 14:00:00,32.9350289400,32.9448368700,32.6604069000,32.8369496400,517600
2019-08-13 14:30:00,32.8369496400,33.1311875400,32.8369496400,33.0821478900,1054660
2019-08-13 15:00:00,33.0919558200,33.7883188500,33.0723399600,33.5627364600,4117692
2019-08-14 10:00:00,34.2689074200,34.3964105100,33.6411999000,33.8079347100,4020003
2019-08-14 10:30:00,33.7883188500,33.8962060800,33.5725443900,33.6313919700,1481563
2019-08-14 11:00:00,33.6411999000,33.9060140100,33.5823523200,33.8079347100,777104
2019-08-14 11:30:00,33.8079347100,33.8373585000,33.3960016500,33.7294712700,1073451
2019-08-14 13:30:00,33.8275505700,34.1806360500,33.7883188500,33.8765902200,1240026
2019-08-14 14:00:00,33.8765902200,33.9550536600,33.5431206000,33.7000474800,731900
2019-08-14 14:30:00,33.7000474800,33.7000474800,33.2488827000,33.3469620000,1020795
2019-08-14 15:00:00,33.3469620000,33.4450413000,33.0233003100,33.0919558200,1530240
2019-08-15 10:00:00,31.9738518000,32.6113672500,31.4932632300,32.5034800200,2939181
2019-08-15 10:30:00,32.5034800200,32.9448368700,32.4348245100,32.6800227600,916800
2019-08-15 11:00:00,32.6800227600,32.9154130800,32.6113672500,32.8369496400,848300
2019-08-15 11:30:00,32.7584862000,32.8369496400,32.4740562300,32.6505989700,418900
2019-08-15 13:30:00,32.6505989700,32.8467575700,32.6407910400,32.7879099900,262600
2019-08-15 14:00:00,32.7977179200,33.7196633400,32.7977179200,33.7098554100,1366346
2019-08-15 14:30:00,33.7000474800,34.1217884700,33.5823523200,33.9844774500,2329174
2019-08-15 15:00:00,33.9844774500,34.1217884700,33.7490871300,34.0923646800,2267007
2019-08-16 10:00:00,33.8471664300,34.0825567500,33.6510078300,34.0139012400,2486837
2019-08-16 10:30:00,34.0139012400,34.2100598400,33.7981267800,33.9158219400,1545350
2019-08-16 11:00:00,33.9158219400,34.1021726100,33.8863981500,33.9746695200,840805
2019-08-16 11:30:00,33.9844774500,34.4846818800,33.9550536600,34.4552580900,2478322
2019-08-16 13:30:00,34.4650660200,35.1025814700,34.4650660200,34.7789197800,3365797
2019-08-16 14:00:00,34.7789197800,34.8181515000,34.6023770400,34.7887277100,1338700
2019-08-16 14:30:00,34.7887277100,34.9162308000,34.3571787900,34.5729532500,1605813
2019-08-16 15:00:00,34.6219929000,34.6514166900,34.1315964000,34.2492915600,1726100
2019-08-19 10:00:00,34.5925691100,35.2693162800,34.5337215300,35.2497004200,4118059
2019-08-19 10:30:00,35.2497004200,35.8479841500,35.0535418200,35.6322096900,3286741
2019-08-19 11:00:00,35.6322096900,35.7597127800,35.4164352300,35.6910572700,1333725
2019-08-19 11:30:00,35.6910572700,36.0441427500,35.4360510900,36.0147189600,1542056
2019-08-19 13:30:00,36.0147189600,36.3579965100,35.8970238000,35.9068317300,1914334
2019-08-19 14:00:00,35.9068317300,36.2206854900,35.8774079400,36.0049110300,964733
2019-08-19 14:30:00,36.0049110300,36.0049110300,35.7106731300,35.8283682900,1119756
2019-08-19 15:00:00,35.8479841500,36.2206854900,35.8283682900,36.1618379100,1542563
2019-08-20 10:00:00,36.0049110300,36.3187647900,35.6322096900,35.6812493400,3969216
2019-08-20 10:30:00,35.6812493400,35.8774079400,35.4066273000,35.5047066000,2159660
2019-08-20 11:00:00,35.5047066000,35.6910572700,35.4556669500,35.6616334800,929293
2019-08-20 11:30:00,35.6616334800,35.9362555200,35.6518255500,35.7989445000,821700
2019-08-20 13:30:00,35.8087524300,35.9951031000,35.6322096900,35.9951031000,405382
2019-08-20 14:00:00,35.9951031000,36.0539506800,35.6714414100,35.7597127800,634061
2019-08-20 14:30:00,35.7597127800,35.8381762200,35.5635541800,35.7597127800,643927
2019-08-20 15:00:00,35.7597127800,35.9656793100,35.6518255500,35.8970238000,871785
2019-08-21 10:00:00,35.6518255500,36.2697251400,35.6518255500,35.9068317300,2106502
2019-08-21 10:30:00,35.8970238000,35.9068317300,35.3772035100,35.4360510900,1454443
2019-08-21 11:00:00,35.4262431600,35.6714414100,35.4066273000,35.6125938300,760200
2019-08-21 11:30:00,35.6125938300,35.7302889900,35.5831700400,35.6125938300,370700
2019-08-21 13:30:00,35.5831700400,36.2108775600,35.5831700400,36.1814537700,1568800
2019-08-21 14:00:00,36.1520299800,36.3678044400,35.8185603600,36.2795330700,2292085
2019-08-21 14:30:00,36.2697251400,36.2991489300,35.9166396600,35.9656793100,999200
2019-08-21 15:00:00,35.9656793100,36.1618379100,35.8577920800,35.9264475900,1248500
2019-08-22 10:00:00,36.1814537700,36.6718502700,35.8283682900,36.1716458400,3405988
2019-08-22 10:30:00,36.1029903300,36.2697251400,35.8774079400,35.8872158700,939800
2019-08-22 11:00:00,35.8872158700,35.8872158700,35.1614290500,35.3085480000,2047607
2019-08-22 11:30:00,35.3085480000,35.4458590200,34.9848863100,35.1025814700,1357700
2019-08-22 13:30:00,35.1123894000,35.2202766300,34.9260387300,35.1810449100,832267
2019-08-22 14:00:00,35.1810449100,35.3085480000,35.0633497500,35.2006607700,544200
2019-08-22 14:30:00,35.2006607700,35.5243224600,35.2006607700,35.2987400700,645531
2019-08-22 15:00:00,35.2987400700,35.5047066000,35.2595083500,35.2889321400,978391
2019-08-23 10:00:00,35.5047066000,35.5047066000,34.7691118500,34.8279594300,1892721
2019-08-23 10:30:00,34.8279594300,35.0143101000,34.6710325500,34.9750783800,1399760
2019-08-23 11:00:00,34.9848863100,35.1123894000,34.7985356400,34.9652704500,716300
2019-08-23 11:30:00,34.9652704500,35.0731576800,34.4356422300,34.5042977400,1068285
2019-08-23 13:30:00,34.4748739500,34.6808404800,34.4356422300,34.6219929000,1029526
2019-08-23 14:00:00,34.6416087600,34.6906484100,34.2787153500,34.3277550000,1296500
2019-08-23 14:30:00,34.3375629300,34.7887277100,34.3277550000,34.7200722000,822500
2019-08-23 15:00:00,34.6906484100,34.7200722000,34.3277550000,34.3277550000,1544203
2019-08-26 10:00:00,33.7785109200,34.2296757000,33.5235047400,34.0825567500,2199400
2019-08-26 10:30:00,34.0923646800,34.2689074200,33.7981267800,34.0139012400,1052046
2019-08-26 11:00:00,34.0139012400,34.1315964000,33.7687029900,33.8962060800,713962
2019-08-26 11:30:00,33.9354378000,34.2296757000,33.7883188500,34.1119805400,590511
2019-08-26 13:30:00,34.2296757000,34.2885232800,33.9158219400,33.9354378000,507200
2019-08-26 14:00:00,33.9648615900,34.0335171000,33.7294712700,33.8471664300,692200
2019-08-26 14:30:00,33.8373585000,33.8471664300,33.6411999000,33.7000474800,546600
2019-08-26 15:00:00,33.6706236900,33.9354378000,33.6706236900,33.8177426400,838982
2019-08-27 10:00:00,34.0825567500,34.5827611800,33.9354378000,34.3669867200,1930056
2019-08-27 10:30:00,34.3669867200,35.0829656100,34.1904439800,34.9456545900,2452987
2019-08-27 11:00:00,34.9652704500,35.2497004200,34.9358466600,35.1908528400,2111103
2019-08-27 11:30:00,35.1516211200,35.2889321400,34.9456545900,34.9652704500,922000
2019-08-27 13:30:00,34.9750783800,35.0437338900,34.7691118500,34.8083435700,869200
2019-08-27 14:00:00,34.7985356400,34.8573832200,34.5042977400,34.5239136000,771600
2019-08-27 14:30:00,34.5239136000,34.7102642700,34.4258343000,34.4748739500,1019832
2019-08-27 15:00:00,34.4650660200,34.5239136000,34.2787153500,34.5042977400,1279033
2019-08-28 10:00:00,34.6219929000,34.6808404800,34.1315964000,34.2590994900,1798154
2019-08-28 10:30:00,34.2590994900,35.1908528400,34.2590994900,34.8475752900,1672878
2019-08-28 11:00:00,34.8475752900,34.9848863100,34.7298801300,34.7691118500,880400
2019-08-28 11:30:00,34.7298801300,34.8671911500,34.6121849700,34.7887277100,419800
2019-08-28 13:30:00,34.7593039200,34.8181515000,34.4944898100,34.5533373900,304300
2019-08-28 14:00:00,34.5533373900,34.9064228700,34.5533373900,34.8671911500,538816
2019-08-28 14:30:00,34.8868070100,35.1123894000,34.8181515000,34.9456545900,1066800
2019-08-28 15:00:00,34.9652704500,35.0633497500,34.7985356400,34.8868070100,933681
2019-08-29 10:00:00,34.7200722000,34.7887277100,34.0433250300,34.2492915600,1876282
2019-08-29 10:30:00,34.2492915600,34.8181515000,34.2492915600,34.6219929000,1182891
2019-08-29 11:00:00,34.6219929000,34.8573832200,34.5239136000,34.7789197800,686535
2019-08-29 11:30:00,34.7789197800,34.8769990800,34.5239136000,34.5631453200,740994
2019-08-29 13:30:00,34.5631453200,34.9848863100,34.5337215300,34.9652704500,619300
2019-08-29 14:00:00,34.9260387300,34.9652704500,34.7200722000,34.7887277100,543091
2019-08-29 14:30:00,34.7887277100,35.2889321400,34.6612246200,35.0927735400,1803688
2019-08-29 15:00:00,35.0829656100,35.1908528400,34.8475752900,34.9652704500,1090300
2019-08-30 10:00:00,35.3379717900,36.0245268900,35.1614290500,35.9852951700,4191924
2019-08-30 10:30:00,35.9951031000,36.4854996000,35.9558713800,35.9656793100,3018189
2019-08-30 11:00:00,36.0049110300,36.0343348200,35.6420176200,35.7989445000,1236900
2019-08-30 11:30:00,35.7989445000,35.8283682900,35.5145145300,35.6812493400,911930
2019-08-30 13:30:00,35.6812493400,35.7302889900,35.3870114400,35.5537462500,703561
2019-08-30 14:00:00,35.5537462500,35.5831700400,34.7494959900,34.8083435700,1481809
2019-08-30 14:30:00,34.8083435700,34.8671911500,34.0335171000,34.1119805400,2389094
2019-08-30 15:00:00,34.1217884700,34.4356422300,33.8471664300,33.8962060800,1932700
2019-09-02 10:00:00,34.0040933100,34.1315964000,33.1802271900,33.9746695200,3724952
2019-09-02 10:30:00,33.9746695200,34.2787153500,33.6804316200,34.2296757000,1277391
2019-09-02 11:00:00,34.2100598400,34.4552580900,33.9942853800,34.2100598400,697500
2019-09-02 11:30:00,34.2100598400,34.6219929000,34.1904439800,34.6121849700,897827
2019-09-02 13:30:00,34.6121849700,35.0437338900,34.5631453200,34.8181515000,1221300
2019-09-02 14:00:00,34.8181515000,35.4066273000,34.7004563400,35.2497004200,1470597
2019-09-02 14:30:00,35.2595083500,35.6714414100,35.1908528400,35.3575876500,1843218
2019-09-02 15:00:00,35.3575876500,35.4066273000,35.1908528400,35.3870114400,1410517
2019-09-03 10:00:00,35.3085480000,36.0735665400,35.0339259600,35.9754872400,3475725
2019-09-03 10:30:00,35.9951031000,36.0147189600,35.2595083500,35.4360510900,1482085
2019-09-03 11:00:00,35.3870114400,35.6812493400,35.1025814700,35.6714414100,770900
2019-09-03 11:30:00,35.6518255500,35.7891365700,35.4066273000,35.7695207100,844300
2019-09-03 13:30:00,35.7989445000,36.2501092800,35.6910572700,35.9951031000,1775030
2019-09-03 14:00:00,36.0049110300,36.0049110300,35.5047066000,35.6027859000,1075541
2019-09-03 14:30:00,35.6027859000,35.9951031000,35.4752828100,35.8577920800,979700
2019-09-03 15:00:00,35.8676000100,36.0441427500,35.7793286400,35.8479841500,1408730
2019-09-04 10:00:00,35.6812493400,36.3972282300,35.4850907400,35.9754872400,2817313
2019-09-04 10:30:00,35.9754872400,36.0441427500,35.7008652000,35.9852951700,1512400
2019-09-04 11:00:00,35.9852951700,36.6620423400,35.8577920800,36.1716458400,2877485
2019-09-04 11:30:00,36.1912617000,36.3187647900,35.8970238000,35.9754872400,1300200
2019-09-04 13:30:00,35.9656793100,36.5443471800,35.9656793100,36.3678044400,1318000
2019-09-04 14:00:00,36.3874203000,36.8189692200,36.2108775600,36.8189692200,2812954
2019-09-04 14:30:00,36.8189692200,37.1524388400,36.7405057800,36.8091612900,2619830
2019-09-04 15:00:00,36.8091612900,37.2701340000,36.7993533600,37.2701340000,3279527
2019-09-05 10:00:00,37.8586098000,38.1528477000,36.9562802400,37.6134115500,5393844
2019-09-05 10:30:00,37.6134115500,38.1038080500,37.2701340000,37.8389939400,2404955
2019-09-05 11:00:00,37.8389939400,38.0547684000,37.5055243200,37.6624512000,1836729
2019-09-05 11:30:00,37.6722591300,37.8586098000,37.4957163900,37.8586098000,1007966
2019-09-05 13:30:00,37.8586098000,38.4470856000,37.8586098000,38.3882380200,2881178
2019-09-05 14:00:00,38.3882380200,38.5942045500,37.9664970300,37.9763049600,2125311
2019-09-05 14:30:00,37.9763049600,37.9763049600,37.1720547000,37.3780212300,2196697
2019-09-05 15:00:00,37.3976370900,37.5643719000,36.7601216400,36.7601216400,2908542
2019-09-06 10:00:00,37.2701340000,38.5353569700,37.0739754000,38.1234239100,6085666
2019-09-06 10:30:00,38.1234239100,38.6824759200,38.0547684000,38.3097745800,3099028
2019-09-06 11:00:00,38.3097745800,38.3195825100,37.5153322500,37.7605305000,1899850
2019-09-06 11:30:00,37.7605305000,37.8095701500,37.3289815800,37.4564846700,977800
2019-09-06 13:30:00,37.5447560400,37.9959208200,37.4564846700,37.5153322500,1019750
2019-09-06 14:00:00,37.5153322500,37.5643719000,37.0739754000,37.1818626300,1425600
2019-09-06 14:30:00,37.1720547000,37.2309022800,36.8974326600,37.1524388400,1051721
2019-09-06 15:00:00,37.1622467700,37.6134115500,37.1328229800,37.5937956900,1514400
2019-09-09 10:00:00,38.9374821000,40.9775315400,38.5451649000,40.0457781900,13282577
2019-09-09 10:30:00,40.1340495600,41.3502328800,39.8986592400,41.3502328800,5934515
2019-09-09 11:00:00,41.3502328800,41.3502328800,41.3502328800,41.3502328800,1436801
2019-09-09 11:30:00,41.3502328800,41.3502328800,41.3502328800,41.3502328800,282164
2019-09-09 13:30:00,41.3502328800,41.3502328800,41.3502328800,41.3502328800,303584
2019-09-09 14:00:00,41.3502328800,41.3502328800,41.3502328800,41.3502328800,223299
2019-09-09 14:30:00,41.3502328800,41.3502328800,41.3502328800,41.3502328800,80117
2019-09-09 15:00:00,41.3502328800,41.3502328800,41.3502328800,41.3502328800,146100
2019-09-10 10:00:00,43.1058523500,43.9395264000,42.0564038400,43.5962488500,13429145
2019-09-10 10:30:00,43.6060567800,43.6060567800,41.3992725300,41.6248549200,5548283
2019-09-10 11:00:00,41.6248549200,41.6444707800,40.7029095000,41.0952267000,3616849
2019-09-10 11:30:00,41.1148425600,41.3600408100,40.8107967300,41.2815773700,1238662
2019-09-10 13:30:00,41.2913853000,41.3600408100,40.8009888000,40.8892601700,1619384
2019-09-10 14:00:00,40.8892601700,41.9485166100,40.4380953900,41.6542787100,2738999
2019-09-10 14:30:00,41.6542787100,41.8700531700,40.7813729400,40.8107967300,1755671
2019-09-10 15:00:00,40.8009888000,41.1933060000,40.5067509000,40.5557905500,2701867
2019-09-11 10:00:00,41.2031139300,41.8798611000,40.3204002300,41.6346628500,8442494
2019-09-11 10:30:00,41.6052390600,41.9681324700,40.9382998200,41.1736901400,3687685
2019-09-11 11:00:00,41.1638822100,41.2423456500,40.5950222700,40.9971474000,1723814
2019-09-11 11:30:00,40.9971474000,41.2913853000,40.8009888000,40.8990681000,1160509
2019-09-11 13:30:00,40.9186839600,41.0167632600,40.3596319500,40.5067509000,1489150
2019-09-11 14:00:00,40.5655984800,40.9677236100,40.4086716000,40.9382998200,1094600
2019-09-11 14:30:00,40.9382998200,41.6738945700,40.8009888000,41.1442663500,2052000
2019-09-11 15:00:00,41.1442663500,41.4483121800,40.7911808700,40.9382998200,1756357
2019-09-12 10:00:00,41.1834980700,41.6738945700,40.4871350400,40.8990681000,4086267
2019-09-12 10:30:00,40.8892601700,41.1540742800,40.4184795300,40.4871350400,1929809
2019-09-12 11:00:00,40.4871350400,40.7127174300,40.2909764400,40.6440619200,1271940
2019-09-12 11:30:00,40.6342539900,40.9284918900,40.5852143400,40.6440619200,630495
2019-09-12 13:30:00,40.6636777800,40.8009888000,40.3890557400,40.6636777800,852218
2019-09-12 14:00:00,40.8009888000,40.8598363800,40.2027050700,40.4773271100,1365193
2019-09-12 14:30:00,40.4773271100,40.8107967300,40.3204002300,40.6048302000,1058424
2019-09-12 15:00:00,40.6244460600,40.6440619200,40.3988636700,40.4282874600,1937986
2019-09-16 10:00:00,40.2125130000,41.1246504900,39.9476988900,40.5067509000,3480789
2019-09-16 10:30:00,40.5067509000,40.8892601700,40.2713605800,40.7029095000,1935900
2019-09-16 11:00:00,40.6440619200,40.9284918900,40.4282874600,40.6636777800,1123654
2019-09-16 11:30:00,40.6538698500,40.9971474000,40.6440619200,40.9284918900,1153511
2019-09-16 13:30:00,40.9481077500,41.0461870500,40.6538698500,40.7911808700,983000
2019-09-16 14:00:00,40.8009888000,41.0952267000,40.6636777800,40.7029095000,1194600
2019-09-16 14:30:00,40.6931015700,40.8009888000,40.2125130000,40.3988636700,1955338
2019-09-16 15:00:00,40.3890557400,40.3890557400,40.1144337000,40.3302081600,1581453
2019-09-17 10:00:00,40.7029095000,41.4286963200,40.2615526500,40.3400160900,5653554
2019-09-17 10:30:00,40.3007843700,40.5852143400,39.4573023900,39.5357658300,2639904
2019-09-17 11:00:00,39.5455737600,39.9084671700,39.4867261800,39.6436530600,1672400
2019-09-17 11:30:00,39.6730768500,39.7123085700,39.1238327700,39.2022962100,2416072
2019-09-17 13:30:00,39.2022962100,39.3199913700,38.3391983700,38.4961252500,1983155
2019-09-17 14:00:00,38.4470856000,38.7805552200,37.9468811700,38.3490063000,2850995
2019-09-17 14:30:00,38.3391983700,38.7315155700,38.1038080500,38.3391983700,1769433
2019-09-17 15:00:00,38.3391983700,38.6726679900,38.3391983700,38.6432442000,2239255
2019-09-18 10:00:00,38.9374821000,39.1140248400,38.1528477000,38.5451649000,3363884
2019-09-18 10:30:00,38.5353569700,38.6432442000,37.8586098000,38.3882380200,2238737
2019-09-18 11:00:00,38.3882380200,38.8688265900,38.3784300900,38.7903631500,1499295
2019-09-18 11:30:00,38.7903631500,38.8688265900,38.4470856000,38.6628600600,760323
2019-09-18 13:30:00,38.6432442000,38.8099790100,38.2509270000,38.8099790100,724026
2019-09-18 14:00:00,38.7707472900,39.3297993000,38.7609393600,39.2709517200,2182613
2019-09-18 14:30:00,39.2709517200,39.2709517200,38.8099790100,38.8492107300,1534600
2019-09-18 15:00:00,38.8492107300,38.9472900300,38.5745886900,38.6530521300,1514625
2019-09-19 10:00:00,38.8394028000,38.9669058900,38.1332318400,38.3882380200,2544672
2019-09-19 10:30:00,38.3882380200,39.1336407000,38.3784300900,38.9080583100,1543717
2019-09-19 11:00:00,38.8982503800,38.9374821000,38.5549728300,38.6824759200,1088140
2019-09-19 11:30:00,38.6824759200,38.9669058900,38.6236283400,38.8884424500,933600
2019-09-19 13:30:00,38.8982503800,38.9963296800,38.7020917800,38.7903631500,689106
2019-09-19 14:00:00,38.7805552200,38.9374821000,38.5647807600,38.9178662400,848407
2019-09-19 14:30:00,38.8786345200,39.3199913700,38.8295948700,39.0355614000,1828946
2019-09-19 15:00:00,39.0355614000,39.2807596500,39.0061376100,39.1826803500,1944430
2019-09-20 10:00:00,39.7711561500,40.8206046600,39.5749975500,40.6931015700,7713846
2019-09-20 10:30:00,40.6734857100,40.9481077500,40.4184795300,40.6440619200,3053543
2019-09-20 11:00:00,40.6440619200,40.6734857100,39.9182751000,40.2321288600,2278698
2019-09-20 11:30:00,40.2321288600,40.2321288600,39.7221165000,39.9084671700,1303804
2019-09-20 13:30:00,40.0163544000,40.1830892100,39.6436530600,40.1144337000,1152236
2019-09-20 14:00:00,40.1144337000,40.5263667600,40.0065464700,40.0359702600,1559891
2019-09-20 14:30:00,40.0359702600,40.0653940500,39.7025006400,39.7711561500,1114784
2019-09-20 15:00:00,39.7711561500,39.8888513100,39.4376865300,39.7221165000,2112823
2019-09-23 10:00:00,40.3007843700,40.3105923000,39.1924882800,39.5259579000,4106752
2019-09-23 10:30:00,39.5161499700,39.5553816900,38.2509270000,38.5843966200,3226743
2019-09-23 11:00:00,38.5843966200,39.4376865300,38.4176618100,39.2611437900,1615133
2019-09-23 11:30:00,39.2513358600,39.6828847800,38.9374821000,38.9865217500,799368
2019-09-23 13:30:00,39.0061376100,39.3003755100,38.8001710800,39.1336407000,499173
2019-09-23 14:00:00,39.1336407000,39.2807596500,38.9178662400,39.2022962100,426246
2019-09-23 14:30:00,39.2022962100,39.2709517200,38.9374821000,39.0257534700,1075952
2019-09-23 15:00:00,39.0355614000,39.3886468800,38.8295948700,39.3886468800,1403159
2019-09-24 10:00:00,39.4082627400,39.6240372000,38.9178662400,39.4278786000,2900564
2019-09-24 10:30:00,39.4278786000,40.0163544000,39.2317200000,39.9673147500,2548302
2019-09-24 11:00:00,39.9673147500,40.1732812800,39.6632689200,40.1340495600,1697607
2019-09-24 11:30:00,40.1046257700,40.4577112500,40.0163544000,40.2909764400,2372162
2019-09-24 13:30:00,40.2811685100,40.5852143400,40.1438574900,40.2125130000,1618300
2019-09-24 14:00:00,40.2125130000,40.2615526500,39.9673147500,40.0555861200,1496600
2019-09-24 14:30:00,40.0555861200,40.1732812800,39.8398116600,39.9084671700,1149456
2019-09-24 15:00:00,39.8986592400,39.9084671700,39.5848054800,39.6926927100,1789105
2019-09-25 10:00:00,39.0355614000,39.1434486300,38.3784300900,38.3980459500,3415433
2019-09-25 10:30:00,38.3882380200,38.5745886900,37.8193780800,38.1136159800,3861638
2019-09-25 11:00:00,38.1136159800,38.4667014600,38.0841921900,38.1626556300,1256434
2019-09-25 11:30:00,38.1626556300,38.2509270000,37.5643719000,37.7507225700,1435573
2019-09-25 13:30:00,37.7507225700,38.2018873500,37.7507225700,38.1038080500,820208
2019-09-25 14:00:00,38.1038080500,38.2313111400,37.9272653100,37.9763049600,951900
2019-09-25 14:30:00,37.9763049600,38.1528477000,37.6232194800,37.6428353400,1362400
2019-09-25 15:00:00,37.6428353400,38.1528477000,37.3780212300,37.6820670600,1721682
2019-09-26 10:00:00,37.7605305000,38.4078538800,37.5937956900,38.1724635600,3182525
2019-09-26 10:30:00,38.1920794200,38.2018873500,36.9857040300,36.9857040300,2227500
2019-09-26 11:00:00,37.0053198900,37.2505181400,36.6816582000,36.9268564500,2218800
2019-09-26 11:30:00,36.9366643800,37.0347436800,36.0245268900,36.1814537700,1881843
2019-09-26 13:30:00,36.1912617000,36.6228106200,36.0735665400,36.1226061900,1526531
2019-09-26 14:00:00,36.1226061900,36.8091612900,36.1226061900,36.8091612900,1174118
2019-09-26 14:30:00,36.7993533600,36.8287771500,36.3285727200,36.6522344100,941071
2019-09-26 15:00:00,36.6522344100,36.7306978500,36.0931824000,36.1716458400,1608254
2019-09-27 10:00:00,36.4756916700,37.1426309100,36.2893410000,36.4462678800,2644400
2019-09-27 10:30:00,36.3972282300,36.7699295700,36.3089568600,36.5835789000,937830
2019-09-27 11:00:00,36.5835789000,37.1426309100,36.3874203000,36.9072405900,1522984
2019-09-27 11:30:00,36.9072405900,37.0445516100,36.7306978500,36.7797375000,947600
2019-09-27 13:30:00,36.7699295700,36.8582009400,36.4953075300,36.5835789000,568700
2019-09-27 14:00:00,36.5835789000,36.7208899200,36.3874203000,36.6228106200,677340
2019-09-27 14:30:00,36.6326185500,36.8582009400,36.5639630400,36.6522344100,543920
2019-09-27 15:00:00,36.6522344100,36.7699295700,36.4070361600,36.4756916700,1136040
2019-09-30 10:00:00,36.6816582000,36.9857040300,35.7989445000,35.9852951700,2462751
2019-09-30 10:30:00,35.9951031000,36.1127982600,35.7106731300,35.9754872400,1212650
2019-09-30 11:00:00,35.9754872400,36.1127982600,35.4556669500,36.0343348200,998143
2019-09-30 11:30:00,36.0441427500,36.3776123700,35.8283682900,36.3187647900,651120
2019-09-30 13:30:00,36.2403013500,36.4560758100,36.1226061900,36.3678044400,402000
2019-09-30 14:00:00,36.3776123700,36.4462678800,36.1618379100,36.2795330700,547700
2019-09-30 14:30:00,36.2893410000,36.4168440900,36.1324141200,36.1912617000,661707
2019-09-30 15:00:00,36.1912617000,36.3972282300,35.7989445000,35.7989445000,1136540
2019-10-08 10:00:00,36.0147189600,36.6031947600,35.9951031000,36.2893410000,1282591
2019-10-08 10:30:00,36.2893410000,36.3187647900,36.0343348200,36.0637586100,774840
2019-10-08 11:00:00,36.0637586100,36.3089568600,36.0539506800,36.2991489300,538668
2019-10-08 11:30:00,36.2991489300,36.3187647900,36.0931824000,36.1814537700,379047
2019-10-08 13:30:00,36.1912617000,36.2403013500,35.7989445000,35.8872158700,631700
2019-10-08 14:00:00,35.8872158700,36.2697251400,35.6910572700,35.7597127800,569182
2019-10-08 14:30:00,35.7597127800,35.8479841500,35.3281638600,35.3575876500,1413940
2019-10-08 15:00:00,35.3575876500,35.9166396600,35.3575876500,35.8087524300,853412
2019-10-09 10:00:00,35.5047066000,36.1716458400,35.1320052600,35.8283682900,1719854
2019-10-09 10:30:00,35.8381762200,36.1520299800,35.8087524300,35.9068317300,725728
2019-10-09 11:00:00,35.9264475900,35.9852951700,35.6616334800,35.7695207100,435200
2019-10-09 11:30:00,35.7989445000,35.9460634500,35.6812493400,35.6812493400,245063
2019-10-09 13:30:00,35.6812493400,35.9656793100,35.5929779700,35.8577920800,394663
2019-10-09 14:00:00,35.8479841500,36.0539506800,35.7204810600,36.0147189600,335534
2019-10-09 14:30:00,36.0147189600,36.3383806500,35.9951031000,36.1912617000,997679
2019-10-09 15:00:00,36.2304934200,36.2795330700,36.0441427500,36.2206854900,942028
2019-10-10 10:00:00,36.2108775600,36.5345392500,36.2010696300,36.3776123700,1463466
2019-10-10 10:30:00,36.3678044400,36.6620423400,36.2991489300,36.4560758100,1171789
2019-10-10 11:00:00,36.4560758100,36.4953075300,36.0735665400,36.1520299800,976700
2019-10-10 11:30:00,36.1422220500,36.1618379100,35.8185603600,35.9068317300,879361
2019-10-10 13:30:00,35.9362555200,36.2010696300,35.8381762200,36.0049110300,600771
2019-10-10 14:00:00,36.0049110300,36.3481885800,35.9754872400,36.2893410000,892101
2019-10-10 14:30:00,36.3089568600,36.5835789000,36.3089568600,36.5541551100,1024386
2019-10-10 15:00:00,36.5443471800,36.9758961000,36.5443471800,36.6816582000,1562222
2019-10-11 10:00:00,36.5933868300,36.9268564500,36.1520299800,36.3579965100,2023968
2019-10-11 10:30:00,36.3481885800,36.3579965100,35.9264475900,36.0049110300,1133864
2019-10-11 11:00:00,36.0049110300,36.0147189600,35.4654748800,35.7008652000,1478360
2019-10-11 11:30:00,35.6910572700,35.9362555200,35.5047066000,35.9264475900,846800
2019-10-11 13:30:00,35.9362555200,36.0637586100,35.7008652000,35.9068317300,871740
2019-10-11 14:00:00,35.8872158700,36.2206854900,35.7989445000,36.0245268900,827683
2019-10-11 14:30:00,36.0245268900,36.0833744700,35.7891365700,35.8283682900,694000
2019-10-11 15:00:00,35.8283682900,35.9558713800,35.6518255500,35.6910572700,916400
2019-10-14 10:00:00,36.1912617000,37.0151278200,36.0931824000,36.8189692200,3525218
2019-10-14 10:30:00,36.8385850800,36.9072405900,36.7110819900,36.8582009400,1335993
2019-10-14 11:00:00,36.8582009400,37.3485974400,36.8385850800,37.1818626300,1811259
2019-10-14 11:30:00,37.1818626300,37.3289815800,36.8483930100,37.0641674700,1044609
2019-10-14 13:30:00,37.0641674700,37.1426309100,36.8974326600,36.9268564500,514800
2019-10-14 14:00:00,36.9072405900,37.0543595400,36.8189692200,36.9660881700,402300
2019-10-14 14:30:00,36.9660881700,37.3191736500,36.9562802400,37.2505181400,888510
2019-10-14 15:00:00,37.2505181400,37.3780212300,36.9955119600,37.3584053700,1793608
2019-10-15 10:00:00,38.2509270000,38.8394028000,37.5839877600,37.7409146400,7561000
2019-10-15 10:30:00,37.7212987800,37.8880335900,37.2995577900,37.7801463600,1707544
2019-10-15 11:00:00,37.7409146400,37.8586098000,37.3780212300,37.4662926000,654500
2019-10-15 11:30:00,37.4662926000,37.9959208200,37.4466767400,37.9959208200,684980
2019-10-15 13:30:00,38.0155366800,38.2215032100,37.8586098000,38.1038080500,1101600
2019-10-15 14:00:00,38.0940001200,38.5255490400,38.0940001200,38.5157411100,1678374
2019-10-15 14:30:00,38.5157411100,38.5647807600,38.0645763300,38.1234239100,1008515
2019-10-15 15:00:00,38.1234239100,38.3588142300,38.0940001200,38.1332318400,1400270
2019-10-16 10:00:00,37.8488018700,38.3784300900,37.6624512000,37.9076494500,2484791
2019-10-16 10:30:00,37.9076494500,38.1038080500,37.7605305000,38.0743842600,1193356
2019-10-16 11:00:00,38.0743842600,38.7805552200,37.9763049600,38.6824759200,2190944
2019-10-16 11:30:00,38.6922838500,39.3297993000,38.6824759200,38.9865217500,2194008
2019-10-16 13:30:00,38.9178662400,38.9865217500,38.4470856000,38.4667014600,784400
2019-10-16 14:00:00,38.4667014600,38.6628600600,38.4274697400,38.5942045500,517198
2019-10-16 14:30:00,38.5745886900,38.8394028000,38.5353569700,38.7903631500,700280
2019-10-16 15:00:00,38.7609393600,38.9276741700,38.4176618100,38.5157411100,1138354
2019-10-17 10:00:00,38.4568935300,39.1532565600,38.2705428600,38.7315155700,2125769
2019-10-17 10:30:00,38.7511314300,39.1140248400,38.5451649000,38.8394028000,1189617
2019-10-17 11:00:00,38.8394028000,39.5848054800,38.8295948700,39.1336407000,2007208
2019-10-17 11:30:00,39.1630644900,39.3886468800,39.0944089800,39.1434486300,800700
2019-10-17 13:30:00,39.1630644900,39.3984548100,39.0159455400,39.0159455400,492593
2019-10-17 14:00:00,39.0159455400,39.2121041400,38.9080583100,38.9472900300,450348
2019-10-17 14:30:00,38.9669058900,38.9865217500,38.6922838500,38.6922838500,671553
2019-10-17 15:00:00,38.6824759200,38.9374821000,38.6628600600,38.8884424500,1015519
2019-10-18 10:00:00,39.0551772600,39.5357658300,39.0551772600,39.1630644900,1864751
2019-10-18 10:30:00,39.1434486300,39.2219120700,38.3490063000,38.4961252500,2036306
2019-10-18 11:00:00,38.4961252500,38.6824759200,38.3490063000,38.5157411100,1165861
2019-10-18 11:30:00,38.5157411100,38.6922838500,38.1332318400,38.2313111400,940900
2019-10-18 13:30:00,38.2313111400,38.2313111400,37.4662926000,37.6036036200,1547294
2019-10-18 14:00:00,37.6134115500,37.9959208200,37.5643719000,37.9174573800,925446
2019-10-18 14:30:00,37.9174573800,38.0449604700,37.5741798300,37.8488018700,904100
2019-10-18 15:00:00,37.8586098000,38.0547684000,37.7114908500,37.8586098000,802100
2019-10-21 10:00:00,37.3878291600,38.0547684000,36.7797375000,38.0547684000,2154426
2019-10-21 10:30:00,38.1038080500,38.7217076400,37.9174573800,38.5549728300,1853436
2019-10-21 11:00:00,38.5647807600,38.5745886900,38.1822714900,38.2313111400,583710
2019-10-21 11:30:00,38.2313111400,38.4176618100,38.1038080500,38.3784300900,391200
2019-10-21 13:30:00,38.3686221600,38.4078538800,37.8880335900,38.0057287500,302994
2019-10-21 14:00:00,38.0057287500,38.4568935300,38.0057287500,38.1332318400,500982
2019-10-21 14:30:00,38.1332318400,38.2901587200,37.9664970300,38.0743842600,478432
2019-10-21 15:00:00,38.0743842600,38.4372776700,38.0547684000,38.3980459500,1014440
2019-10-22 10:00:00,38.5451649000,41.5365835500,38.5059331800,41.3011932300,8374072
2019-10-22 10:30:00,41.3502328800,41.3502328800,40.5067509000,40.5754064100,2280150
2019-10-22 11:00:00,40.5754064100,41.2913853000,40.5655984800,41.1834980700,1671393
2019-10-22 11:30:00,41.1540742800,41.3894646000,40.9088760300,41.1148425600,1744300
2019-10-22 13:30:00,41.0854187700,41.3306170200,40.8304125900,40.9971474000,911920
2019-10-22 14:00:00,40.9873394700,41.2717694400,40.9775315400,41.0658029100,1259610
2019-10-22 14:30:00,41.0461870500,41.4973518300,41.0069553300,41.4483121800,1822152
2019-10-22 15:00:00,41.4679280400,41.4679280400,41.1148425600,41.3110011600,2005118
2019-10-23 10:00:00,41.2913853000,41.8308214500,41.0069553300,41.3306170200,5753617
2019-10-23 10:30:00,41.3306170200,41.4188883900,40.9481077500,41.3600408100,2050267
2019-10-23 11:00:00,41.3600408100,41.4875439000,41.0756108400,41.0756108400,1100640
2019-10-23 11:30:00,41.0756108400,41.7327421500,41.0559949800,41.6542787100,1701425
2019-10-23 13:30:00,41.6346628500,41.7033183600,41.2423456500,41.2717694400,927523
2019-10-23 14:00:00,41.2717694400,41.5365835500,41.1246504900,41.2227297900,896800
2019-10-23 14:30:00,41.2227297900,41.5954311300,41.0854187700,41.1442663500,1222859
2019-10-23 15:00:00,41.0952267000,41.2717694400,40.9971474000,41.2325377200,1935355
2019-10-24 10:00:00,41.0756108400,41.5169676900,40.5852143400,40.8107967300,2692545
2019-10-24 10:30:00,40.8304125900,40.9186839600,40.0948178400,40.2125130000,2733460
2019-10-24 11:00:00,40.2125130000,40.5557905500,40.0359702600,40.2125130000,1137200
2019-10-24 11:30:00,40.2027050700,40.2419367900,39.9771226800,40.0065464700,848000
2019-10-24 13:30:00,40.1340495600,40.2419367900,39.9280830300,40.2027050700,948205
2019-10-24 14:00:00,40.2027050700,40.3007843700,40.0261623300,40.0555861200,699200
2019-10-24 14:30:00,40.0359702600,40.4871350400,39.9673147500,40.2615526500,1070785
2019-10-24 15:00:00,40.2517447200,40.3890557400,40.0555861200,40.1438574900,1455500
2019-10-25 10:00:00,40.3498240200,40.9971474000,40.0948178400,40.1634733500,3292119
2019-10-25 10:30:00,40.1634733500,40.2615526500,39.7809640800,40.1732812800,1616080
2019-10-25 11:00:00,40.1928971400,40.6636777800,40.1928971400,40.4675191800,1502000
2019-10-25 11:30:00,40.4871350400,40.6636777800,40.3890557400,40.4773271100,958344
2019-10-25 13:30:00,40.5067509000,40.5459826200,39.8986592400,40.1438574900,710433
2019-10-25 14:00:00,40.1438574900,40.6146381300,40.0457781900,40.6146381300,983892
2019-10-25 14:30:00,40.6244460600,40.7911808700,40.4675191800,40.7127174300,1610940
2019-10-25 15:00:00,40.7225253600,40.7519491500,40.3204002300,40.5067509000,1537200
2019-10-28 10:00:00,41.1933060000,41.6346628500,40.2321288600,40.4577112500,3776210
2019-10-28 10:30:00,40.5067509000,41.1638822100,40.4479033200,41.1442663500,2027100
2019-10-28 11:00:00,41.1540742800,41.5660073400,41.1050346300,41.2913853000,2233300
2019-10-28 11:30:00,41.2913853000,41.8308214500,41.1540742800,41.8210135200,1564800
2019-10-28 13:30:00,41.8308214500,41.9289007500,41.3011932300,41.3796566700,1437000
2019-10-28 14:00:00,41.3894646000,41.4679280400,41.1442663500,41.3208090900,1174946
2019-10-28 14:30:00,41.3208090900,41.4090804600,40.8500284500,40.9382998200,1362344
2019-10-28 15:00:00,40.9382998200,41.2815773700,40.9284918900,41.1344584200,1624391
2019-10-29 10:00:00,41.1246504900,41.1246504900,39.9476988900,39.9869306100,3863210
2019-10-29 10:30:00,40.0261623300,40.3007843700,39.7025006400,39.7809640800,1798891
2019-10-29 11:00:00,39.7907720100,39.8005799400,38.8590186600,39.1238327700,3195900
2019-10-29 11:30:00,39.1140248400,39.1140248400,38.4568935300,38.7805552200,2504108
2019-10-29 13:30:00,38.7805552200,39.2807596500,38.7805552200,39.2415279300,1276000
2019-10-29 14:00:00,39.2415279300,39.2807596500,38.8394028000,38.9963296800,613848
2019-10-29 14:30:00,38.9963296800,39.2219120700,38.9276741700,39.0944089800,718000
2019-10-29 15:00:00,39.1140248400,39.1336407000,38.7609393600,38.7609393600,1333545
2019-10-30 10:00:00,38.2803507900,39.5553816900,38.2215032100,39.3886468800,3366940
2019-10-30 10:30:00,39.3886468800,39.5259579000,39.0649851900,39.3788389500,1171506
2019-10-30 11:00:00,39.3788389500,39.5063420400,39.2317200000,39.3886468800,889600
2019-10-30 11:30:00,39.4180706700,39.4671103200,39.0257534700,39.2317200000,758517
2019-10-30 13:30:00,39.2317200000,39.4671103200,39.2022962100,39.4082627400,791720
2019-10-30 14:00:00,39.4180706700,39.4180706700,39.1924882800,39.2317200000,621350
2019-10-30 14:30:00,39.2317200000,39.2317200000,38.7413235000,38.7903631500,836200
2019-10-30 15:00:00,38.7903631500,38.9374821000,38.7020917800,38.7707472900,1303183
2019-10-31 10:00:00,38.6922838500,39.2513358600,38.5745886900,38.7511314300,1438950
2019-10-31 10:30:00,38.7511314300,38.8884424500,38.3882380200,38.6726679900,1044661
2019-10-31 11:00:00,38.6726679900,39.0257534700,38.6628600600,38.9865217500,685362
2019-10-31 11:30:00,38.9767138200,39.1042169100,38.7903631500,38.7903631500,478700
2019-10-31 13:30:00,38.7707472900,38.9865217500,38.7609393600,38.8197869400,501623
2019-10-31 14:00:00,38.8197869400,38.8590186600,38.4961252500,38.4961252500,728552
2019-10-31 14:30:00,38.4863173200,38.6824759200,38.4176618100,38.5549728300,607800
2019-10-31 15:00:00,38.5549728300,38.6138204100,38.0645763300,38.2018873500,1578500
2019-11-01 10:00:00,38.5451649000,39.0061376100,38.2607349300,38.9276741700,1500676
2019-11-01 10:30:00,38.9178662400,39.3297993000,38.8197869400,39.2121041400,1408782
2019-11-01 11:00:00,39.2022962100,39.2219120700,38.7413235000,39.0649851900,669500
2019-11-01 11:30:00,39.0649851900,39.3297993000,39.0159455400,39.2709517200,1029100
2019-11-01 13:30:00,39.2709517200,39.4965341100,39.1140248400,39.4180706700,871506
2019-11-01 14:00:00,39.4180706700,39.6044213400,39.2317200000,39.3984548100,818992
2019-11-01 14:30:00,39.4180706700,39.4474944600,39.2121041400,39.2219120700,494774
2019-11-01 15:00:00,39.2317200000,39.3494151600,39.1532565600,39.1728724200,812300
2019-11-04 10:00:00,39.1826803500,40.5067509000,39.1728724200,40.2027050700,2390867
2019-11-04 10:30:00,40.2125130000,40.4773271100,39.9673147500,40.3105923000,1432634
2019-11-04 11:00:00,40.3105923000,40.7519491500,40.3105923000,40.6146381300,1378606
2019-11-04 11:30:00,40.6146381300,40.7813729400,40.4380953900,40.6048302000,803300
2019-11-04 13:30:00,40.5852143400,40.7323332900,40.3890557400,40.5067509000,723140
2019-11-04 14:00:00,40.5067509000,41.1148425600,40.5067509000,40.7911808700,1460391
2019-11-04 14:30:00,40.7911808700,40.8402205200,40.5459826200,40.5950222700,557299
2019-11-04 15:00:00,40.5852143400,40.6734857100,40.4871350400,40.6440619200,1074328
2019-11-05 10:00:00,40.7029095000,40.7029095000,40.1046257700,40.5263667600,1934333
2019-11-05 10:30:00,40.5263667600,40.6244460600,40.2419367900,40.6048302000,861627
2019-11-05 11:00:00,40.5852143400,41.1148425600,40.5852143400,40.8794522400,1650797
2019-11-05 11:30:00,40.8990681000,41.1540742800,40.8794522400,41.0461870500,938792
2019-11-05 13:30:00,41.0461870500,41.0461870500,40.7323332900,40.9088760300,649575
2019-11-05 14:00:00,40.8598363800,40.8990681000,40.3890557400,40.4675191800,869825
2019-11-05 14:30:00,40.4675191800,40.8990681000,40.4675191800,40.7225253600,694275
2019-11-05 15:00:00,40.7225253600,40.7225253600,40.4675191800,40.6440619200,838745
2019-11-06 10:00:00,40.7715650100,41.0069553300,40.4577112500,40.8990681000,1446107
2019-11-06 10:30:00,40.8990681000,40.9579156800,40.3694398800,40.3694398800,972400
2019-11-06 11:00:00,40.3890557400,40.5067509000,40.0359702600,40.0850099100,1525816
2019-11-06 11:30:00,40.0850099100,40.4969429700,40.0359702600,40.3105923000,529975
2019-11-06 13:30:00,40.3007843700,40.6538698500,40.1928971400,40.4969429700,440082
2019-11-06 14:00:00,40.4871350400,41.5071597600,40.4086716000,41.3698487400,2848688
2019-11-06 14:30:00,41.3600408100,41.7425500800,41.2227297900,41.6935104300,2668126
2019-11-06 15:00:00,41.7033183600,41.8602452400,41.5365835500,41.6640866400,2492182
2019-11-07 10:00:00,41.3698487400,41.5856232000,40.8794522400,41.1736901400,2663894
2019-11-07 10:30:00,41.1638822100,41.9092848900,41.0854187700,41.7719738700,1509335
2019-11-07 11:00:00,41.8308214500,42.0269800500,41.4090804600,41.4679280400,1194675
2019-11-07 11:30:00,41.5267756200,41.7327421500,41.4286963200,41.4679280400,778602
2019-11-07 13:30:00,41.4679280400,41.5463914800,41.2031139300,41.4973518300,630718
2019-11-07 14:00:00,41.4973518300,42.0171721200,41.4385042500,41.8308214500,1032670
2019-11-07 14:30:00,41.8700531700,42.1544831400,41.5660073400,41.7915897300,1192250
2019-11-07 15:00:00,41.7915897300,41.8602452400,41.5758152700,41.6150469900,935349
2019-11-08 10:00:00,40.5067509000,40.7323332900,39.8790433800,40.5557905500,5714164
2019-11-08 10:30:00,40.5557905500,40.9382998200,40.4479033200,40.5557905500,1740292
2019-11-08 11:00:00,40.5557905500,40.8009888000,40.5067509000,40.6440619200,774192
2019-11-08 11:30:00,40.6342539900,41.1050346300,40.6244460600,41.0461870500,915417
2019-11-08 13:30:00,41.0854187700,41.1736901400,40.7225253600,40.8009888000,584739
2019-11-08 14:00:00,40.7911808700,40.8892601700,40.5655984800,40.5655984800,590100
2019-11-08 14:30:00,40.5655984800,40.6538698500,40.1928971400,40.1928971400,977760
2019-11-08 15:00:00,40.1928971400,40.3204002300,39.9182751000,39.9182751000,1852734
2019-11-11 10:00:00,39.7907720100,40.4773271100,39.4082627400,39.9575068200,2366073
2019-11-11 10:30:00,39.9575068200,40.0163544000,39.4573023900,39.5651896200,958626
2019-11-11 11:00:00,39.5455737600,39.8594275200,39.5357658300,39.7809640800,460800
2019-11-11 11:30:00,39.7809640800,39.8496195900,39.5259579000,39.5259579000,381000
2019-11-11 13:30:00,39.5259579000,39.5259579000,39.1042169100,39.2611437900,932300
2019-11-11 14:00:00,39.2611437900,39.3788389500,39.1238327700,39.1434486300,702231
2019-11-11 14:30:00,39.1336407000,39.1924882800,38.7118997100,38.8884424500,1283696
2019-11-11 15:00:00,38.8492107300,39.1140248400,38.7217076400,38.7315155700,1012945
2019-11-12 10:00:00,38.6726679900,39.0944089800,37.8586098000,37.8880335900,2170483
2019-11-12 10:30:00,37.9370732400,38.2116952800,37.4270608800,37.6918749900,2377679
2019-11-12 11:00:00,37.6918749900,37.8095701500,37.2505181400,37.5153322500,1431411
2019-11-12 11:30:00,37.5153322500,37.8488018700,37.4270608800,37.7016829200,559800
2019-11-12 13:30:00,37.7016829200,38.1822714900,37.6918749900,38.0940001200,543717
2019-11-12 14:00:00,38.0940001200,38.3882380200,38.0155366800,38.3391983700,612600
2019-11-12 14:30:00,38.3391983700,38.3391983700,38.0057287500,38.0351525400,423440
2019-11-12 15:00:00,38.0351525400,38.1038080500,37.6722591300,38.0547684000,833610
2019-11-13 10:00:00,38.2509270000,38.3097745800,37.8586098000,38.1136159800,1136355
2019-11-13 10:30:00,38.1136159800,38.3980459500,38.0155366800,38.0449604700,653538
2019-11-13 11:00:00,38.0449604700,38.1822714900,37.8684177300,38.0057287500,526482
2019-11-13 11:30:00,38.0057287500,38.3490063000,37.9861128900,38.2803507900,569300
2019-11-13 13:30:00,38.3097745800,38.3490063000,38.0253446100,38.0940001200,410600
2019-11-13 14:00:00,38.1038080500,38.1234239100,37.8095701500,37.8291860100,614460
2019-11-13 14:30:00,37.8291860100,37.8684177300,37.4662926000,37.4662926000,1064911
2019-11-13 15:00:00,37.5251401800,38.0253446100,37.4270608800,37.8095701500,1493022
2019-11-14 10:00:00,38.1430397700,38.3980459500,37.7605305000,38.3490063000,1566088
2019-11-14 10:30:00,38.3490063000,38.5843966200,38.1920794200,38.4765093900,1009900
2019-11-14 11:00:00,38.4667014600,38.5353569700,38.3293904400,38.4274697400,448516
2019-11-14 11:30:00,38.4176618100,39.1826803500,38.4176618100,39.0944089800,1609348
2019-11-14 13:30:00,39.1042169100,39.4278786000,38.9178662400,39.2513358600,1052920
2019-11-14 14:00:00,39.2905675800,39.5455737600,39.2022962100,39.3494151600,865123
2019-11-14 14:30:00,39.3494151600,39.3984548100,39.1140248400,39.3396072300,675600
2019-11-14 15:00:00,39.3396072300,39.6240372000,39.1728724200,39.3788389500,1295605
2019-11-15 10:00:00,39.2121041400,39.8005799400,38.9374821000,39.4769182500,1718943
2019-11-15 10:30:00,39.4867261800,40.0752019800,39.3592230900,40.0653940500,1284153
2019-11-15 11:00:00,40.0653940500,40.0948178400,39.6142292700,39.7221165000,884275
2019-11-15 11:30:00,39.7613482200,39.8986592400,39.6142292700,39.6142292700,518197
2019-11-15 13:30:00,39.6044213400,39.8005799400,39.3101834400,39.7809640800,735212
2019-11-15 14:00:00,39.7809640800,39.9182751000,39.4376865300,39.4671103200,641000
2019-11-15 14:30:00,39.4573023900,39.5259579000,39.1434486300,39.2807596500,747100
2019-11-15 15:00:00,39.2807596500,39.4376865300,38.9080583100,38.9080583100,995105
2019-11-18 10:00:00,39.2121041400,39.4278786000,38.5451649000,38.9276741700,1866767
2019-11-18 10:30:00,38.9276741700,39.0257534700,38.5549728300,38.5647807600,635040
2019-11-18 11:00:00,38.6040124800,39.3199913700,38.5647807600,39.2611437900,574243
2019-11-18 11:30:00,39.2611437900,39.3396072300,38.7413235000,39.1434486300,462647
2019-11-18 13:30:00,39.1630644900,39.3199913700,39.0159455400,39.2513358600,490500
2019-11-18 14:00:00,39.2807596500,39.3690310200,39.0846010500,39.0944089800,441591
2019-11-18 14:30:00,39.0944089800,39.2415279300,38.7609393600,38.7903631500,589720
2019-11-18 15:00:00,38.7903631500,38.9865217500,38.7511314300,38.9865217500,568000
2019-11-19 10:00:00,38.9865217500,39.3396072300,38.7903631500,39.2905675800,1102600
2019-11-19 10:30:00,39.2905675800,40.4184795300,39.2415279300,40.3792478100,2268206
2019-11-19 11:00:00,40.3988636700,41.1736901400,40.3596319500,41.0265711900,2909366
2019-11-19 11:30:00,40.9971474000,41.3404249500,40.6342539900,40.8500284500,1868354
2019-11-19 13:30:00,40.8206046600,41.2913853000,40.8107967300,41.2227297900,936700
2019-11-19 14:00:00,41.2423456500,41.3404249500,40.7911808700,41.1933060000,1233900
2019-11-19 14:30:00,41.1933060000,41.2031139300,40.7813729400,41.0559949800,1108150
2019-11-19 15:00:00,41.0559949800,41.6150469900,40.9284918900,41.4286963200,2252064
2019-11-20 10:00:00,41.2521535800,45.3420603900,41.1933060000,44.1356850000,10169721
2019-11-20 10:30:00,44.1062612100,44.8614718200,43.6550964300,44.7830083800,3516256
2019-11-20 11:00:00,44.8124321700,45.5676427800,44.6260815000,45.5676427800,5658398
2019-11-20 11:30:00,45.5676427800,45.5676427800,44.6849290800,44.7928163100,3565041
2019-11-20 13:30:00,44.7633925200,44.8222401000,44.2631880900,44.4985784100,1814828
2019-11-20 14:00:00,44.4985784100,44.7241608000,44.2141484400,44.4397308300,1375183
2019-11-20 14:30:00,44.4397308300,44.7045449400,44.0179898400,44.0179898400,1420900
2019-11-20 15:00:00,44.0179898400,44.4299229000,43.7629836600,44.2337643000,2697135
2019-11-21 10:00:00,43.4098981800,43.4098981800,42.3702576000,42.4781448300,6877480
2019-11-21 10:30:00,42.4683369000,42.9979651200,42.4291051800,42.8018065200,2199578
2019-11-21 11:00:00,42.7919985900,43.1548920000,42.5664162000,42.8410382400,1370763
2019-11-21 11:30:00,42.8410382400,42.8410382400,42.2231386500,42.6252637800,1542657
2019-11-21 13:30:00,42.6743034300,42.6841113600,42.3016020900,42.6644955000,656985
2019-11-21 14:00:00,42.6841113600,42.6841113600,42.1054434900,42.2721783000,1147326
2019-11-21 14:30:00,42.2721783000,42.4094893200,41.9485166100,42.2231386500,1073166
2019-11-21 15:00:00,42.2231386500,42.5566082700,42.0465959100,42.4487210400,1390900
2019-11-22 10:00:00,42.7625748000,43.0273889100,42.2819862300,42.3800655300,2811714
2019-11-22 10:30:00,42.4585289700,43.3118188800,42.3898734600,43.0077730500,2015068
2019-11-22 11:00:00,43.0470047700,43.1254682100,42.2623703700,42.3604496700,1436765
2019-11-22 11:30:00,42.3408338100,42.3702576000,41.2717694400,41.4875439000,2002483
2019-11-22 13:30:00,41.4385042500,41.6837025000,40.9971474000,41.5856232000,1214094
2019-11-22 14:00:00,41.5856232000,41.6837025000,41.1638822100,41.1736901400,620111
2019-11-22 14:30:00,41.1736901400,41.4777359700,41.0756108400,41.4090804600,769850
2019-11-22 15:00:00,41.4385042500,41.7817818000,41.3600408100,41.6542787100,1313810
2019-11-25 10:00:00,41.6444707800,41.8406293800,40.2125130000,40.9481077500,2766436
2019-11-25 10:30:00,40.9481077500,41.8700531700,40.8794522400,41.6150469900,1391763
2019-11-25 11:00:00,41.6248549200,41.6248549200,40.9971474000,41.1933060000,785000
2019-11-25 11:30:00,41.1933060000,41.2521535800,40.7421412200,40.8794522400,688200
2019-11-25 13:30:00,40.8794522400,41.1933060000,40.7519491500,41.0952267000,526200
2019-11-25 14:00:00,41.0952267000,41.4385042500,40.9971474000,41.2129218600,522802
2019-11-25 14:30:00,41.2227297900,41.3894646000,40.5852143400,40.8892601700,993500
2019-11-25 15:00:00,40.9088760300,41.1442663500,40.7813729400,41.0952267000,868035
2019-11-26 10:00:00,41.3502328800,42.0269800500,40.8990681000,41.2619615100,2124707
2019-11-26 10:30:00,41.2619615100,41.3796566700,40.8500284500,41.2031139300,1016900
2019-11-26 11:00:00,41.2031139300,41.3894646000,41.1246504900,41.3502328800,376200
2019-11-26 11:30:00,41.3796566700,41.5856232000,41.3502328800,41.5365835500,638715
2019-11-26 13:30:00,41.5365835500,41.7425500800,41.1442663500,41.6935104300,1052580
2019-11-26 14:00:00,41.6837025000,41.6837025000,41.1540742800,41.2129218600,768084
2019-11-26 14:30:00,41.2227297900,41.5660073400,41.2031139300,41.3502328800,687500
2019-11-26 15:00:00,41.3502328800,41.3600408100,41.1246504900,41.1442663500,1021882
2019-11-27 10:00:00,40.8206046600,41.8112055900,40.4184795300,41.6444707800,2182263
2019-11-27 10:30:00,41.6444707800,42.5173765500,41.3404249500,42.3604496700,2274727
2019-11-27 11:00:00,42.3310258800,42.7135351500,42.1544831400,42.3702576000,1193200
2019-11-27 11:30:00,42.3408338100,43.0077730500,42.3408338100,42.7135351500,1330431
2019-11-27 13:30:00,42.7331510100,42.8802699600,42.4291051800,42.5173765500,615900
2019-11-27 14:00:00,42.5173765500,42.8900778900,42.2917941600,42.2917941600,822600
2019-11-27 14:30:00,42.2819862300,42.4683369000,41.9877483300,42.4094893200,950335
2019-11-27 15:00:00,42.4094893200,42.5762241300,42.2427545100,42.5271844800,1028300
2019-11-28 10:00:00,42.2035227900,42.8998858200,42.0760197000,42.3702576000,2013658
2019-11-28 10:30:00,42.3702576000,42.7135351500,41.9877483300,42.6644955000,1403498
2019-11-28 11:00:00,42.6252637800,42.9391175400,42.4977606900,42.5958399900,970872
2019-11-28 11:30:00,42.5958399900,43.0273889100,42.5762241300,42.6546875700,935500
2019-11-28 13:30:00,42.6252637800,42.7135351500,42.3604496700,42.3604496700,393084
2019-11-28 14:00:00,42.3604496700,42.6056479200,42.2231386500,42.3310258800,435232
2019-11-28 14:30:00,42.3016020900,42.3310258800,41.9190928200,42.0662117700,922700
2019-11-28 15:00:00,42.0465959100,42.4291051800,42.0269800500,42.4192972500,977400
2019-11-29 10:00:00,42.6252637800,44.2239563700,42.2819862300,43.5668250600,3853454
2019-11-29 10:30:00,43.5766329900,43.7237519400,43.2039316500,43.5275933400,1628535
2019-11-29 11:00:00,43.5374012700,44.3122277400,43.3510506000,44.0768374200,1982875
2019-11-29 11:30:00,44.0768374200,44.4103070400,43.8512550300,44.1945325800,1544894
2019-11-29 13:30:00,44.1847246500,44.1847246500,43.2529713000,43.2529713000,899200
2019-11-29 14:00:00,43.2823950900,43.6060567800,42.9783492600,43.3510506000,942291
2019-11-29 14:30:00,43.2823950900,43.3706664600,42.9096937500,43.2823950900,888629
2019-11-29 15:00:00,43.2823950900,44.1651087900,43.2823950900,43.7727915900,1726217
2019-12-02 10:00:00,43.4491299000,43.6256726400,42.8704620300,43.4589378300,2611871
2019-12-02 10:30:00,43.4589378300,43.5962488500,43.0470047700,43.5570171300,1266025
2019-12-02 11:00:00,43.5668250600,43.7629836600,43.3020109500,43.3412426700,814968
2019-12-02 11:30:00,43.3510506000,43.6256726400,43.3216268100,43.6158647100,499100
2019-12-02 13:30:00,43.6354805700,44.2337643000,43.4295140400,43.9002946800,1505936
2019-12-02 14:00:00,43.9199105400,44.6456973600,43.9002946800,44.2337643000,1885600
2019-12-02 14:30:00,44.2337643000,44.2729960200,43.8512550300,43.9395264000,757877
2019-12-02 15:00:00,43.9297184700,44.0081819100,43.3314347400,43.4491299000,1853465
2019-12-03 10:00:00,43.0568127000,43.1548920000,41.7817818000,42.6056479200,2961283
2019-12-03 10:30:00,42.6056479200,43.2529713000,42.4192972500,43.1548920000,1153768
2019-12-03 11:00:00,43.1941237200,43.4000902500,42.7723827300,43.0077730500,891206
2019-12-03 11:30:00,42.9979651200,43.3902823200,42.9979651200,43.1843157900,584200
2019-12-03 13:30:00,43.1843157900,43.8904867500,43.1548920000,43.8610629600,836200
2019-12-03 14:00:00,43.8610629600,43.9885660500,43.4197061100,43.9493343300,1042054
2019-12-03 14:30:00,43.9493343300,44.2337643000,43.6747122900,44.1945325800,1337000
2019-12-03 15:00:00,44.1945325800,44.3122277400,43.9493343300,44.1454929300,1515300
2019-12-04 10:00:00,43.6452885000,44.9105114700,43.5472092000,43.9199105400,2800779
2019-12-04 10:30:00,43.8610629600,44.8516638900,43.8512550300,44.7045449400,1566988
2019-12-04 11:00:00,44.7241608000,44.9987828400,44.1651087900,44.3808832500,1307107
2019-12-04 11:30:00,44.3808832500,44.4103070400,44.0474136300,44.3906911800,665848
2019-12-04 13:30:00,44.4004991100,44.4103070400,43.8414471000,43.9591422600,789314
2019-12-04 14:00:00,43.9591422600,44.0376057000,43.4393219700,43.9689501900,966502
2019-12-04 14:30:00,43.9689501900,44.1160691400,43.8022153800,44.0277977700,510412
2019-12-04 15:00:00,44.0670294900,44.2926118800,43.8022153800,43.8414471000,934606
2019-12-05 10:00:00,43.9493343300,45.5087952000,43.8414471000,45.3911000400,3462447
2019-12-05 10:30:00,45.3911000400,46.5876675000,45.2734048800,46.3032375300,4049661
2019-12-05 11:00:00,46.2934296000,46.9996005600,46.0384234200,46.2443899500,2285641
2019-12-05 11:30:00,46.2345820200,46.5974754300,46.2345820200,46.3424692500,1169629
2019-12-05 13:30:00,46.3522771800,47.1859512300,46.3424692500,46.8230578200,1795933
2019-12-05 14:00:00,46.8230578200,47.6469239400,46.8230578200,46.9309450500,1915841
2019-12-05 14:30:00,46.9603688400,47.4507653400,46.9211371200,46.9701767700,1330733
2019-12-05 15:00:00,46.9603688400,47.1565274400,46.6170912900,46.6955547300,2068572
2019-12-06 10:00:00,46.8819054000,47.7646191000,46.4699723400,47.5782684300,3065572
2019-12-06 10:30:00,47.6175001500,47.8921221900,46.9996005600,47.2447988100,2425600
2019-12-06 11:00:00,47.2546067400,47.2938384600,46.8328657500,47.1761433000,879254
2019-12-06 11:30:00,47.2251829500,47.8136587500,47.1761433000,47.6469239400,1562990
2019-12-06 13:30:00,47.6371160100,47.8332746100,47.0486402100,47.1663353700,1099500
2019-12-06 14:00:00,47.1271036500,47.4017256900,47.0486402100,47.1271036500,785761
2019-12-06 14:30:00,47.0976798600,47.6175001500,47.0780640000,47.6076922200,1110770
2019-12-06 15:00:00,47.6076922200,47.7744270300,47.4017256900,47.4311494800,1730836
2019-12-09 10:00:00,47.7744270300,48.0196252800,47.0290243500,47.5684605000,2708209
2019-12-09 10:30:00,47.6665398000,48.4119424800,47.2055670900,47.2349908800,1795397
2019-12-09 11:00:00,47.2349908800,47.5684605000,46.7151705900,46.7347864500,1622898
2019-12-09 11:30:00,46.7445943800,47.0682560700,46.4895882000,46.5876675000,1695157
2019-12-09 13:30:00,46.5778595700,47.4605732700,46.5680516400,47.3330701800,808956
2019-12-09 14:00:00,47.3330701800,47.5880763600,46.8819054000,47.0388322800,826237
2019-12-09 14:30:00,47.0290243500,47.4507653400,46.7838261000,47.3036463900,843261
2019-12-09 15:00:00,47.3036463900,47.4507653400,46.6955547300,46.6955547300,1437345
2019-12-10 10:00:00,47.1761433000,47.9411618400,46.9799847000,47.4017256900,3701636
2019-12-10 10:30:00,47.4115336200,47.4409574100,46.9505609100,46.9897926300,1380806
2019-12-10 11:00:00,46.9996005600,47.4017256900,46.9799847000,47.1467195100,651100
2019-12-10 11:30:00,47.1467195100,47.1859512300,46.8426736800,47.1565274400,776159
2019-12-10 13:30:00,47.1761433000,47.8626984000,47.1369115800,47.7155794500,1252234
2019-12-10 14:00:00,47.7548111700,47.8626984000,47.4899970600,47.5684605000,1002721
2019-12-10 14:30:00,47.5684605000,48.3825186900,47.5684605000,47.7548111700,2018498
2019-12-10 15:00:00,47.7548111700,48.4119424800,47.7548111700,48.4119424800,1634075
2019-12-11 10:00:00,47.8136587500,48.0098173500,46.6170912900,46.7936340300,3915213
2019-12-11 10:30:00,46.7838261000,46.9505609100,45.9893837700,46.5778595700,3018576
2019-12-11 11:00:00,46.5778595700,46.7053626600,45.7932251700,46.1463106500,2390395
2019-12-11 11:30:00,46.1757344400,46.4797802700,45.8618806800,46.4797802700,1405533
2019-12-11 13:30:00,46.4895882000,46.9211371200,46.4895882000,46.8034419600,1059744
2019-12-11 14:00:00,46.8034419600,47.1859512300,46.6857468000,46.8426736800,1344617
2019-12-11 14:30:00,46.8426736800,47.1957591600,46.8426736800,46.9505609100,932592
2019-12-11 15:00:00,46.9505609100,47.2153750200,46.8819054000,47.1565274400,1225932
2019-12-12 10:00:00,46.5876675000,47.5684605000,46.5190119900,47.5586525700,1687167
2019-12-12 10:30:00,47.5586525700,47.6175001500,46.7445943800,47.1467195100,1117296
2019-12-12 11:00:00,47.1467195100,47.3428781100,46.7838261000,47.1467195100,1070920
2019-12-12 11:30:00,47.1565274400,47.5586525700,47.0878719300,47.1271036500,1141891
2019-12-12 13:30:00,47.1271036500,47.3134543200,46.8328657500,46.8426736800,966806
2019-12-12 14:00:00,46.8524816100,46.9309450500,46.5876675000,46.6465150800,1087250
2019-12-12 14:30:00,46.6367071500,46.9701767700,46.6367071500,46.8622895400,841890
2019-12-12 15:00:00,46.8622895400,47.0192164200,46.6367071500,46.7445943800,1115557
2019-12-13 10:00:00,47.1074877900,47.5782684300,46.7053626600,47.3526860400,2810368
2019-12-13 10:30:00,47.3428781100,48.2452076700,47.2840305300,48.0588570000,2197554
2019-12-13 11:00:00,48.0588570000,48.0588570000,47.6665398000,47.9509697700,1085275
2019-12-13 11:30:00,47.9803935600,48.7061803800,47.8430825400,48.5982931500,1819834
2019-12-13 13:30:00,48.5786772900,48.6865645200,47.8921221900,47.9607777000,1041100
2019-12-13 14:00:00,47.9607777000,48.2059759500,47.7057715200,48.1078966500,839780
2019-12-13 14:30:00,48.1177045800,48.6375248700,47.9215459800,48.4609821300,1227694
2019-12-13 15:00:00,48.4609821300,49.0298420700,48.2353997400,48.7552200300,2133238
2019-12-16 10:00:00,47.2055670900,47.9215459800,46.8524816100,47.8332746100,5044029
2019-12-16 10:30:00,47.8332746100,48.0392411400,47.5194208500,47.8136587500,1627390
2019-12-16 11:00:00,47.8136587500,48.1569363000,47.5586525700,47.5880763600,1204733
2019-12-16 11:30:00,47.5880763600,48.0490490700,47.5880763600,47.7548111700,769600
2019-12-16 13:30:00,47.7548111700,48.0000094200,47.7351953100,47.9902014900,1082317
2019-12-16 14:00:00,48.0098173500,48.0980887200,47.8234666800,48.0098173500,1050294
2019-12-16 14:30:00,48.0000094200,48.0882807900,47.8234666800,48.0686649300,999954
2019-12-16 15:00:00,48.0784728600,49.0984975800,48.0392411400,49.0396500000,1942562
2019-12-17 10:00:00,48.8336834700,48.9023389800,47.7253873800,48.0490490700,3115471
2019-12-17 10:30:00,48.0490490700,48.1765521600,47.4899970600,47.7940428900,2274576
2019-12-17 11:00:00,47.7842349600,47.8823142600,47.5684605000,47.6273080800,1195116
2019-12-17 11:30:00,47.6371160100,47.6371160100,46.0972710000,46.7838261000,4373164
2019-12-17 13:30:00,46.8132498900,47.3624939700,46.7838261000,47.3526860400,1981823
2019-12-17 14:00:00,47.3624939700,47.4115336200,47.0192164200,47.0192164200,1334409
2019-12-17 14:30:00,47.0094084900,47.3723019000,46.8819054000,47.3134543200,1249367
2019-12-17 15:00:00,47.3036463900,47.3919177600,46.8230578200,47.0780640000,2231028
2019-12-18 10:00:00,47.0290243500,48.5394455700,46.8230578200,47.9019301200,3548671
2019-12-18 10:30:00,47.9019301200,47.9019301200,47.2742226000,47.2742226000,1455516
2019-12-18 11:00:00,47.2742226000,47.3232622500,47.0290243500,47.0780640000,846940
2019-12-18 11:30:00,47.0682560700,47.5782684300,47.0388322800,47.5782684300,580950
2019-12-18 13:30:00,47.5978842900,47.7057715200,47.3723019000,47.4899970600,568200
2019-12-18 14:00:00,47.5096129200,47.5096129200,47.0780640000,47.0780640000,613150
2019-12-18 14:30:00,47.0780640000,47.2840305300,47.0290243500,47.2251829500,757635
2019-12-18 15:00:00,47.2349908800,47.9019301200,47.2349908800,47.4409574100,1111471
2019-12-19 10:00:00,47.6861556600,48.6865645200,47.0976798600,48.1961680200,3321365
2019-12-19 10:30:00,48.2255918100,50.5206474300,48.1569363000,50.3342967600,5265022
2019-12-19 11:00:00,50.3244888300,50.3244888300,49.2456165300,49.3436958300,1739959
2019-12-19 11:30:00,49.3436958300,49.6281258000,48.8925310500,48.9611865600,1146200
2019-12-19 13:30:00,48.9611865600,49.4025434100,48.9317627700,49.0396500000,882998
2019-12-19 14:00:00,49.0396500000,49.1279213700,48.8238755400,48.8238755400,761466
2019-12-19 14:30:00,48.8140676100,48.9415707000,48.5394455700,48.7159883100,1236200
2019-12-19 15:00:00,48.7159883100,48.8434914000,48.3138631800,48.5002138500,1322755
2019-12-20 10:00:00,48.2550156000,48.2550156000,46.7347864500,46.9799847000,4720791
2019-12-20 10:30:00,47.0094084900,47.0388322800,46.3915089000,46.8524816100,2365882
2019-12-20 11:00:00,46.7936340300,47.2251829500,46.6857468000,46.8328657500,960978
2019-12-20 11:30:00,46.8328657500,46.9701767700,46.6268992200,46.6367071500,791022
2019-12-20 13:30:00,46.7151705900,46.7838261000,46.4013168300,46.7838261000,1271557
2019-12-20 14:00:00,46.7838261000,46.8230578200,46.1855423700,46.3424692500,1525267
2019-12-20 14:30:00,46.3424692500,46.4503564800,45.9403441200,46.3228533900,2148373
2019-12-20 15:00:00,46.3424692500,46.3424692500,45.7049538000,45.7049538000,2321478
2019-12-23 10:00:00,45.2145573000,45.9599599800,44.4103070400,45.6362982900,2689850
2019-12-23 10:30:00,45.6853379400,46.0776551400,45.3518683200,45.4695634800,1031410
2019-12-23 11:00:00,45.4597555500,45.7245696600,45.4107159000,45.4989872700,403300
2019-12-23 11:30:00,45.4989872700,45.6068745000,44.9301273300,45.0478224900,834248
2019-12-23 13:30:00,45.0478224900,45.1655176500,44.5868497800,44.6849290800,917700
2019-12-23 14:00:00,44.6849290800,45.1164780000,44.5770418500,44.9203194000,593654
2019-12-23 14:30:00,44.9105114700,45.0968621400,44.8516638900,44.9791669800,354600
2019-12-23 15:00:00,44.9791669800,45.2341731600,44.6064656400,44.7633925200,966006
2019-12-24 10:00:00,44.8222401000,45.2341731600,44.5181942700,44.5280022000,1645800
2019-12-24 10:30:00,44.5181942700,45.0968621400,44.3122277400,45.0183987000,1369324
2019-12-24 11:00:00,45.0183987000,45.0674383500,44.7732004500,44.8124321700,544500
2019-12-24 11:30:00,44.8124321700,45.0085907700,44.7732004500,44.9203194000,348502
2019-12-24 13:30:00,44.9203194000,45.4401396900,44.9203194000,45.3322524600,1118600
2019-12-24 14:00:00,45.3126366000,45.8520727500,45.2439810900,45.5872586400,1164300
2019-12-24 14:30:00,45.6068745000,46.0678472100,45.4107159000,45.8814965400,789200
2019-12-24 15:00:00,45.8814965400,46.2738137400,45.8814965400,46.2051582300,1410948
2019-12-25 10:00:00,45.9109203300,46.3817009700,45.7834172400,46.2051582300,1047140
2019-12-25 10:30:00,46.2051582300,46.8524816100,46.0482313500,46.6661309400,1368784
2019-12-25 11:00:00,46.6661309400,47.0388322800,46.4895882000,46.8720974700,936100
2019-12-25 11:30:00,46.8720974700,46.9407529800,46.5190119900,46.6367071500,436322
2019-12-25 13:30:00,46.6465150800,47.0290243500,46.5484357800,46.9603688400,606864
2019-12-25 14:00:00,46.9603688400,47.1761433000,46.6367071500,46.6759388700,1067100
2019-12-25 14:30:00,46.6759388700,46.7249785200,46.3032375300,46.5092040600,955990
2019-12-25 15:00:00,46.5092040600,46.8524816100,46.4405485500,46.8524816100,978322
2019-12-26 10:00:00,46.6072833600,46.8328657500,45.9697679100,46.1365027200,1527369
2019-12-26 10:30:00,46.1757344400,46.2738137400,45.8226489600,46.0188075600,1068235
2019-12-26 11:00:00,46.0188075600,46.0384234200,45.8030331000,45.8030331000,763268
2019-12-26 11:30:00,45.8226489600,45.8422648200,45.5382189900,45.5774507100,880618
2019-12-26 13:30:00,45.5872586400,45.7932251700,45.4205238300,45.7343775900,508300
2019-12-26 14:00:00,45.7343775900,45.8030331000,45.4891793400,45.6853379400,481840
2019-12-26 14:30:00,45.6853379400,45.7147617300,45.5284110600,45.6166824300,551482
2019-12-26 15:00:00,45.6264903600,45.9501520500,45.6264903600,45.7932251700,914474
2019-12-27 10:00:00,46.1266947900,46.1463106500,45.5087952000,45.5382189900,1356619
2019-12-27 10:30:00,45.5382189900,45.6264903600,45.0870542100,45.1949414400,2107081
2019-12-27 11:00:00,45.1851335100,45.2930207400,44.6555052900,44.8222401000,1705662
2019-12-27 11:30:00,44.8124321700,44.8418559600,44.3514594600,44.3612673900,1845001
2019-12-27 13:30:00,44.3808832500,44.4593466900,43.9591422600,44.1553008600,1862191
2019-12-27 14:00:00,44.1553008600,44.1847246500,43.4981695500,43.8022153800,1623494
2019-12-27 14:30:00,43.8316391700,44.1651087900,43.8218312400,43.9787581200,999861
2019-12-27 15:00:00,43.9983739800,44.2141484400,43.8610629600,44.1356850000,1037963
2019-12-30 10:00:00,43.6452885000,44.0670294900,43.0077730500,44.0572215600,2335707
2019-12-30 10:30:00,44.0572215600,44.1651087900,43.9199105400,44.0866453500,635744
2019-12-30 11:00:00,44.0964532800,44.0964532800,43.5864409200,43.9885660500,888638
2019-12-30 11:30:00,43.9591422600,44.1356850000,43.5962488500,43.7629836600,1238100
2019-12-30 13:30:00,43.7629836600,44.0376057000,43.7041360800,43.7237519400,1151140
2019-12-30 14:00:00,43.7237519400,43.9885660500,43.5570171300,43.8610629600,1113900
2019-12-30 14:30:00,43.8708708900,43.9493343300,43.5570171300,43.6060567800,1024055
2019-12-30 15:00:00,43.6060567800,43.8610629600,43.5962488500,43.7433678000,1234298
2019-12-31 10:00:00,44.1356850000,45.0968621400,43.9395264000,44.5083863400,3630108
2019-12-31 10:30:00,44.5083863400,44.5574259900,44.2141484400,44.2337643000,1479300
2019-12-31 11:00:00,44.2337643000,44.3220356700,44.0081819100,44.0866453500,737100
2019-12-31 11:30:00,44.0866453500,44.1160691400,43.8610629600,43.9395264000,652600
2019-12-31 13:30:00,43.9395264000,44.0866453500,43.6452885000,44.0866453500,712120
2019-12-31 14:00:00,44.0768374200,44.0866453500,43.9002946800,44.0670294900,484171
2019-12-31 14:30:00,44.0670294900,44.4593466900,44.0572215600,44.4299229000,1024850
2019-12-31 15:00:00,44.4299229000,44.6358894300,44.2729960200,44.2729960200,1135563
2020-01-02 10:00:00,45.0183987000,45.4499476200,44.4593466900,45.2930207400,3385948
2020-01-02 10:30:00,45.2930207400,45.3518683200,44.9497431900,45.0674383500,1457648
2020-01-02 11:00:00,45.0674383500,45.3812921100,45.0282066300,45.3028286700,1092700
2020-01-02 11:30:00,45.3028286700,45.8324568900,45.2145573000,45.6068745000,1633024
2020-01-02 13:30:00,45.6166824300,45.7638013800,45.4695634800,45.5382189900,731300
2020-01-02 14:00:00,45.5382189900,45.7736093100,45.5087952000,45.6657220800,744600
2020-01-02 14:30:00,45.6657220800,45.7441855200,45.5284110600,45.5872586400,565336
2020-01-02 15:00:00,45.5872586400,45.6362982900,45.3322524600,45.4891793400,942957
2020-01-03 10:00:00,45.9109203300,46.1168868600,45.2930207400,45.4107159000,2490200
2020-01-03 10:30:00,45.3126366000,45.6853379400,45.2145573000,45.2439810900,1244300
2020-01-03 11:00:00,45.2832128100,45.2930207400,44.9497431900,45.0968621400,1376941
2020-01-03 11:30:00,45.1164780000,45.1164780000,44.9105114700,44.9105114700,712576
2020-01-03 13:30:00,44.9105114700,45.0870542100,44.7045449400,44.9987828400,790291
2020-01-03 14:00:00,44.9987828400,45.2243652300,44.9203194000,45.2243652300,485294
2020-01-03 14:30:00,45.2047493700,45.5676427800,45.1655176500,45.3518683200,843059
2020-01-03 15:00:00,45.3616762500,45.3616762500,45.0183987000,45.2243652300,791765
2020-01-06 10:00:00,45.1164780000,46.8819054000,44.8712797500,46.8819054000,4873354
2020-01-06 10:30:00,46.8819054000,47.5488446400,46.6857468000,47.1172957200,3505425
2020-01-06 11:00:00,47.1172957200,47.3036463900,46.8132498900,47.1565274400,1338300
2020-01-06 11:30:00,47.1565274400,47.5390367100,47.1074877900,47.5194208500,1192939
2020-01-06 13:30:00,47.5292287800,48.2648235300,47.5292287800,47.9215459800,2378454
2020-01-06 14:00:00,47.9215459800,48.0196252800,47.4801891300,47.9411618400,1061777
2020-01-06 14:30:00,47.9607777000,47.9607777000,46.9603688400,47.1761433000,1501505
2020-01-06 15:00:00,47.1663353700,48.1373204400,47.1565274400,47.9803935600,2021514
2020-01-07 10:00:00,47.5684605000,47.9117380500,47.1761433000,47.7548111700,2757388
2020-01-07 10:30:00,47.7548111700,47.7548111700,47.3624939700,47.4605732700,1186600
2020-01-07 11:00:00,47.4017256900,47.5586525700,47.1859512300,47.4409574100,1149434
2020-01-07 11:30:00,47.4409574100,48.1569363000,47.4409574100,48.1373204400,923679
2020-01-07 13:30:00,48.1471283700,48.4315583400,47.9411618400,48.0588570000,1541700
2020-01-07 14:00:00,48.0588570000,48.0784728600,47.7940428900,47.8234666800,869004
2020-01-07 14:30:00,47.8234666800,47.9215459800,47.6763477300,47.8430825400,759661
2020-01-07 15:00:00,47.8430825400,48.0588570000,47.7842349600,48.0490490700,1309219
2020-01-08 10:00:00,48.0588570000,49.5104306400,47.6665398000,48.9219548400,4785208
2020-01-08 10:30:00,48.9219548400,50.0008271400,48.8827231200,48.9219548400,2702202
2020-01-08 11:00:00,48.9219548400,49.7948606100,48.9219548400,49.6673575200,1155130
2020-01-08 11:30:00,49.6673575200,49.7163971700,48.8434914000,48.8434914000,1068409
2020-01-08 13:30:00,48.8827231200,48.8827231200,48.1765521600,48.2157838800,1232204
2020-01-08 14:00:00,48.1569363000,48.3138631800,47.7940428900,47.8430825400,1190800
2020-01-08 14:30:00,47.8430825400,48.3530949000,47.8332746100,48.2255918100,912230
2020-01-08 15:00:00,48.2255918100,48.6081010800,47.8234666800,47.8234666800,1290533
2020-01-09 10:00:00,48.9317627700,50.1871778100,48.8434914000,49.5496623600,4213682
2020-01-09 10:30:00,49.5594702900,49.5790861500,48.8631072600,49.1377293000,1385054
2020-01-09 11:00:00,49.1377293000,49.1475372300,48.2746314600,48.3629028300,1137100
2020-01-09 11:30:00,48.3825186900,48.7846438200,48.3825186900,48.4805979900,525500
2020-01-09 13:30:00,48.4707900600,48.7846438200,48.2648235300,48.7356041700,798050
2020-01-09 14:00:00,48.7356041700,48.7846438200,48.3040552500,48.4315583400,885225
2020-01-09 14:30:00,48.3923266200,48.5100217800,48.0098173500,48.2255918100,1373500
2020-01-09 15:00:00,48.2255918100,49.2161927400,48.1863600900,48.9906103500,2107484
2020-01-10 10:00:00,49.0494579300,49.5594702900,48.5786772900,49.0592658600,2399897
2020-01-10 10:30:00,49.0592658600,49.3338879000,48.6963724500,48.7257962400,986100
2020-01-10 11:00:00,48.7159883100,48.8434914000,48.3334790400,48.3530949000,1130700
2020-01-10 11:30:00,48.3530949000,48.6081010800,48.3334790400,48.3530949000,564700
2020-01-10 13:30:00,48.3530949000,48.3923266200,48.0392411400,48.0686649300,923100
2020-01-10 14:00:00,48.0686649300,48.3530949000,47.8626984000,48.3530949000,1108979
2020-01-10 14:30:00,48.3825186900,48.5296376400,48.2353997400,48.4119424800,712600
2020-01-10 15:00:00,48.4315583400,48.5982931500,48.1667442300,48.1667442300,1104405
2020-01-13 10:00:00,48.5786772900,50.4421839900,48.5786772900,49.6281258000,5869547
2020-01-13 10:30:00,49.5790861500,49.6869733800,49.2358086000,49.3535037600,1378600
2020-01-13 11:00:00,49.3338879000,49.5496623600,49.1965768800,49.3927354800,693859
2020-01-13 11:30:00,49.4319672000,50.0204430000,49.3436958300,49.8537081900,631778
2020-01-13 13:30:00,49.9027478400,50.2067936700,49.7752447500,49.9419795600,1017200
2020-01-13 14:00:00,49.9517874900,50.3833364100,49.7556288900,50.1577540200,1024852
2020-01-13 14:30:00,50.1577540200,50.3146809000,49.7850526800,50.0792905800,835591
2020-01-13 15:00:00,50.0989064400,50.2852571100,49.9517874900,50.1773698800,1400569
2020-01-14 10:00:00,50.3833364100,50.9423884200,49.7262051000,49.9223637000,3408455
2020-01-14 10:30:00,49.9419795600,50.0989064400,49.5790861500,49.8439002600,1444300
2020-01-14 11:00:00,49.8439002600,50.0106350700,49.7163971700,49.9419795600,494258
2020-01-14 11:30:00,49.9419795600,50.6089188000,49.8831319800,50.2067936700,1179671
2020-01-14 13:30:00,50.2852571100,50.3833364100,49.8733240500,49.9125557700,658000
2020-01-14 14:00:00,49.9027478400,50.2166016000,49.7163971700,49.8733240500,578000
2020-01-14 14:30:00,49.8537081900,49.9910192100,49.7654368200,49.8733240500,466200
2020-01-14 15:00:00,49.8537081900,49.9714033500,49.6771654500,49.6869733800,952854
2020-01-15 10:00:00,49.0886896500,50.0596747200,48.6277169400,49.8046685400,2501822
2020-01-15 10:30:00,49.7948606100,49.8144764700,48.7552200300,48.8631072600,1286600
2020-01-15 11:00:00,48.8631072600,49.4123513400,48.8434914000,49.0004182800,815594
2020-01-15 11:30:00,49.0004182800,49.2946561800,48.9611865600,49.1181134400,632200
2020-01-15 13:30:00,49.1377293000,49.4319672000,49.0298420700,49.3927354800,539968
2020-01-15 14:00:00,49.3927354800,49.9910192100,49.3927354800,49.8831319800,1061954
2020-01-15 14:30:00,49.9027478400,50.1773698800,49.7163971700,49.9321716300,925654
2020-01-15 15:00:00,49.9321716300,50.2166016000,49.7752447500,50.1675619500,1196991
2020-01-16 10:00:00,50.1675619500,51.6681752400,50.0204430000,50.6187267300,3399779
2020-01-16 10:30:00,50.6089188000,51.0993153000,50.4323760600,50.9521963500,1023400
2020-01-16 11:00:00,50.9423884200,51.5406721500,50.7560377500,51.4033611300,1705688
2020-01-16 11:30:00,51.4033611300,51.4425928500,51.0993153000,51.1973946000,849569
2020-01-16 13:30:00,51.1777787400,51.4131690600,51.0012360000,51.3739373400,711904
2020-01-16 14:00:00,51.3739373400,51.6877911000,51.1483549500,51.2562421800,1156320
2020-01-16 14:30:00,51.2562421800,51.2562421800,50.5893029400,50.6383425900,910403
2020-01-16 15:00:00,50.6579584500,50.9620042800,50.6579584500,50.8050774000,834054
2020-01-17 10:00:00,50.8541170500,53.8749594900,50.8541170500,53.8553436300,5327652
2020-01-17 10:30:00,53.8553436300,53.8945753500,52.6293523800,52.7176237500,2387400
2020-01-17 11:00:00,52.8941664900,53.4041788500,52.7568554700,52.9432061400,817682
2020-01-17 11:30:00,52.9432061400,53.1197488800,52.4724255000,52.5116572200,533700
2020-01-17 13:30:00,52.5018492900,52.8549347700,52.3449224100,52.4430017100,724521
2020-01-17 14:00:00,52.4430017100,52.5705048000,52.1978034600,52.3645382700,680014
2020-01-17 14:30:00,52.3645382700,53.0707092300,52.3645382700,52.9628220000,504309
2020-01-17 15:00:00,52.9530140700,53.1295568100,52.1978034600,52.3547303400,1133789
2020-01-20 10:00:00,51.9820290000,55.3265331300,51.9820290000,55.0519110900,5473602
2020-01-20 10:30:00,55.0617190200,55.8757772100,54.7674811200,55.3951886400,2129260
2020-01-20 11:00:00,55.3951886400,57.1704239700,55.3069172700,56.7879147000,2201543
2020-01-20 11:30:00,56.8173384900,57.5921649600,56.4054054300,57.3175429200,3115925
2020-01-20 13:30:00,57.0919605300,57.5921649600,57.0919605300,57.5921649600,2250103
2020-01-20 14:00:00,57.5921649600,57.5921649600,57.5921649600,57.5921649600,351181
2020-01-20 14:30:00,57.5921649600,57.5921649600,57.5823570300,57.5921649600,761208
2020-01-20 15:00:00,57.5921649600,57.5921649600,57.5921649600,57.5921649600,136954
2020-01-21 10:00:00,58.8475800000,59.1418179000,57.4548539400,59.1222020400,5901988
2020-01-21 10:30:00,59.1418179000,60.1520346900,58.2787200600,58.2787200600,3816511
2020-01-21 11:00:00,58.2689121300,59.1320099700,58.0629456000,58.8181562100,1052381
2020-01-21 11:30:00,58.8181562100,60.6914708400,58.4454548700,60.2501139900,1775263
2020-01-21 13:30:00,60.0441474600,60.2206902000,58.8181562100,59.4360558000,1115822
2020-01-21 14:00:00,59.4360558000,60.1520346900,59.2202813400,59.8087571400,1041585
2020-01-21 14:30:00,59.8283730000,60.8385897900,59.5635588900,60.8091660000,1312491
2020-01-21 15:00:00,60.8582056500,61.5839924700,59.9362602300,60.4756963800,1936330
2020-01-22 10:00:00,59.2398972000,60.0049157400,58.4454548700,58.6906531200,4266023
2020-01-22 10:30:00,58.6906531200,59.3379765000,57.1115763900,58.2591042000,3414367
2020-01-22 11:00:00,58.2689121300,59.1418179000,58.1904486900,58.7593086300,1486939
2020-01-22 11:30:00,58.7593086300,59.5243271700,58.5533421000,59.5243271700,1170862
2020-01-22 13:30:00,59.5831747500,61.1230197600,59.5831747500,60.8582056500,1967046
2020-01-22 14:00:00,60.8582056500,63.2121088500,60.8483977200,61.7899590000,2214097
2020-01-22 14:30:00,61.7899590000,62.7707520000,61.3486021500,61.7703431400,1606300
2020-01-22 15:00:00,61.7703431400,61.7703431400,60.4266567300,61.2799466400,2258262
2020-01-23 10:00:00,59.3379765000,60.7895501400,59.1418179000,59.9754919500,3492938
2020-01-23 10:30:00,59.9460681600,60.3776170800,59.3281685700,59.5047113100,1878458
2020-01-23 11:00:00,59.5341351000,59.5341351000,58.1708328300,58.8279641400,2389283
2020-01-23 11:30:00,58.7985403500,59.2889368500,58.5533421000,58.6416134700,1005586
2020-01-23 13:30:00,58.6514214000,58.7396927700,56.5034847300,56.5034847300,2395906
2020-01-23 14:00:00,56.6898354000,57.5725491000,55.7875058400,56.7781067700,2112193
2020-01-23 14:30:00,56.7781067700,57.5725491000,56.3465578500,56.8565702100,1536810
2020-01-23 15:00:00,56.8369543500,57.2979270600,56.0523199500,56.9840733000,1872459
2020-02-03 10:00:00,51.2856659700,51.2856659700,51.2856659700,51.2856659700,1058200
2020-02-03 10:30:00,51.2856659700,51.2856659700,51.2856659700,51.2856659700,1598000
2020-02-03 11:00:00,51.2856659700,51.2856659700,51.2856659700,51.2856659700,120000
2020-02-03 11:30:00,51.2856659700,51.2856659700,51.2856659700,51.2856659700,22600
2020-02-03 13:30:00,51.2856659700,51.2856659700,51.2856659700,51.2856659700,40500
2020-02-03 14:00:00,51.2856659700,51.2856659700,51.2856659700,51.2856659700,27100
2020-02-03 14:30:00,51.2856659700,51.2856659700,51.2856659700,51.2856659700,25000
2020-02-03 15:00:00,51.2856659700,51.2856659700,51.2856659700,51.2856659700,8500
2020-02-04 10:00:00,50.1773698800,54.0613101600,50.1773698800,53.9338070700,6402555
2020-02-04 10:30:00,53.9534229300,55.7580820500,53.0118616500,55.5324996600,2988592
2020-02-04 11:00:00,55.5324996600,55.5423075900,54.1691973900,54.7282494000,2052355
2020-02-04 11:30:00,54.7282494000,56.4152133600,54.5320908000,56.4152133600,5240501
2020-02-04 13:30:00,56.4152133600,56.4152133600,56.0130882300,56.0425120200,1530976
2020-02-04 14:00:00,56.0523199500,56.4054054300,56.0032803000,56.1307833900,665484
2020-02-04 14:30:00,56.1700151100,56.4152133600,56.0817437400,56.4152133600,911490
2020-02-04 15:00:00,56.4152133600,56.4152133600,56.4152133600,56.4152133600,464948
2020-02-05 10:00:00,56.8859940000,60.4756963800,56.4152133600,60.2010743400,6153634
2020-02-05 10:30:00,60.2010743400,60.2991536400,59.3968240800,60.0343395300,1623447
2020-02-05 11:00:00,60.0343395300,60.9464770200,59.4262478700,59.6420223300,1707673
2020-02-05 11:30:00,59.6910619800,59.8185650700,58.7200769100,59.7989492100,1295955
2020-02-05 13:30:00,59.8185650700,60.2599219200,58.6023817500,59.0437386000,1250347
2020-02-05 14:00:00,58.9848910200,59.0437386000,57.6804363300,58.0433297400,1873616
2020-02-05 14:30:00,58.0531376700,59.0241227400,57.7687077000,58.1316011100,1266000
2020-02-05 15:00:00,58.1610249000,58.8475800000,58.0335218100,58.3964152200,1325742
2020-02-06 10:00:00,58.3964152200,60.7307025600,57.2881191300,59.3379765000,3724826
2020-02-06 10:30:00,59.3281685700,60.2403060600,59.0731623900,59.9852998800,1693391
2020-02-06 11:00:00,60.0441474600,60.4266567300,59.4458637300,59.7008699100,1581104
2020-02-06 11:30:00,59.7106778400,61.1034039000,59.7008699100,61.0641721800,1711904
2020-02-06 13:30:00,61.2014832000,62.1528524100,60.9562849500,61.3289862900,2196043
2020-02-06 14:00:00,61.3191783600,61.5938004000,60.5639677500,60.7993580700,1244605
2020-02-06 14:30:00,60.8091660000,61.2505228500,60.3874250100,60.8680135800,1228669
2020-02-06 15:00:00,60.8680135800,62.5059378900,60.4168488000,62.5059378900,2707190
2020-02-07 10:00:00,62.0841969000,62.0841969000,60.3187695000,60.5639677500,3879096
2020-02-07 10:30:00,60.6031994700,61.6918797000,60.4070408700,61.2014832000,1762427
2020-02-07 11:00:00,61.2014832000,61.4957211000,59.8577967900,60.0539553900,1708404
2020-02-07 11:30:00,60.0539553900,60.8091660000,60.0539553900,60.3481932900,1246514
2020-02-07 13:30:00,60.3187695000,60.7405104900,60.2206902000,60.5541598200,933100
2020-02-07 14:00:00,60.5345439600,61.7409193500,60.5149281000,61.1818673400,1129727
2020-02-07 14:30:00,61.1622514800,62.0645810400,60.8091660000,61.7605352100,1467675
2020-02-07 15:00:00,61.7409193500,61.9174620900,61.2603307800,61.5643766100,1406730
2020-02-10 10:00:00,61.4662973100,62.4765141000,60.8091660000,62.2901634300,2597124
2020-02-10 10:30:00,62.2999713600,64.9873441800,62.2999713600,63.8496243000,4323243
2020-02-10 11:00:00,63.8496243000,64.5361794000,63.5357705400,63.7515450000,1592200
2020-02-10 11:30:00,63.7515450000,64.3007890800,61.8880383000,62.0841969000,1371000
2020-02-10 13:30:00,62.0841969000,63.9673194600,61.8095748600,63.7417370700,1644930
2020-02-10 14:00:00,63.7417370700,67.7237566500,63.4573071000,67.0568174100,3583700
2020-02-10 14:30:00,67.0470094800,67.0862412000,66.3016068000,66.8802746700,1101752
2020-02-10 15:00:00,66.8900826000,67.0470094800,65.9975609700,66.4389178200,1231080
2020-02-11 10:00:00,65.7131310000,66.2819909400,64.5263714700,65.3502375900,3071569
2020-02-11 10:30:00,65.3110058700,68.0179945500,65.2717741500,67.9983786900,1953856
2020-02-11 11:00:00,67.9983786900,68.5672386300,66.8900826000,67.3608632400,2796391
2020-02-11 11:30:00,67.3608632400,67.6747170000,66.7037319300,67.6747170000,750979
2020-02-11 13:30:00,67.6747170000,69.0380192700,67.4785584000,68.8516686000,1616344
2020-02-11 14:00:00,68.8516686000,70.1070836400,68.6947417200,69.0478272000,1814896
2020-02-11 14:30:00,69.0576351300,69.0576351300,67.5766377000,68.2533848700,1229761
2020-02-11 15:00:00,68.2533848700,68.3514641700,66.5958447000,66.5958447000,1984746
2020-02-12 10:00:00,66.6939240000,67.4981742600,66.0073689000,66.7233477900,2267926
2020-02-12 10:30:00,66.7233477900,67.2922077300,65.8700578800,66.4487257500,1650222
2020-02-12 11:00:00,66.4487257500,68.0474183400,66.4094940300,67.7924121600,1316158
2020-02-12 11:30:00,67.8022200900,69.8128457400,67.7727963000,69.6264950700,2434959
2020-02-12 13:30:00,69.6363030000,69.7638060900,68.4789672600,68.9497479000,1485080
2020-02-12 14:00:00,68.9497479000,69.5872633500,67.9787628300,68.1651135000,1327577
2020-02-12 14:30:00,68.1651135000,69.1459065000,68.1651135000,68.4985831200,940856
2020-02-12 15:00:00,68.4985831200,68.7732051600,68.2631928000,68.4789672600,1644310
2020-02-13 10:00:00,68.4789672600,69.4891840500,66.8900826000,67.1450887800,3557589
2020-02-13 10:30:00,67.1450887800,67.5472139100,66.2819909400,67.1843205000,2365365
2020-02-13 11:00:00,67.1745125700,68.0376104100,67.0960491300,67.1843205000,1024779
2020-02-13 11:30:00,67.1843205000,67.5275980500,66.4977654000,66.5369971200,1167660
2020-02-13 13:30:00,66.3996861000,66.4389178200,65.8112103000,65.9877530400,2360149
2020-02-13 14:00:00,65.9583292500,66.4389178200,65.7229389300,65.8112103000,2115565
2020-02-13 14:30:00,65.8308261600,66.5369971200,65.7425547900,66.5271891900,1358723
2020-02-13 15:00:00,66.5271891900,66.5369971200,65.2227345000,65.3404296600,2696793
2020-02-14 10:00:00,65.0952314100,67.0568174100,64.7519538600,66.2525671500,2980882
2020-02-14 10:30:00,66.2525671500,66.3996861000,65.3992772400,66.3016068000,1361199
2020-02-14 11:00:00,66.3016068000,66.5958447000,65.7131310000,66.4585336800,1143354
2020-02-14 11:30:00,66.4585336800,66.4683416100,64.7323380000,64.7323380000,1175897
2020-02-14 13:30:00,64.6342587000,65.5169724000,64.0752066900,65.4090851700,2069899
2020-02-14 14:00:00,65.3992772400,65.8994816700,64.9186886700,65.3208138000,933052
2020-02-14 14:30:00,65.3208138000,65.5071644700,64.0850146200,64.4282921700,1345227
2020-02-14 15:00:00,64.4381001000,65.2815820800,64.4381001000,65.1835027800,1265145
2020-02-17 10:00:00,65.3306217300,67.0175856900,65.3110058700,66.3016068000,3037608
2020-02-17 10:30:00,66.3016068000,66.8704667400,65.9190975300,66.8410429500,1437445
2020-02-17 11:00:00,66.8410429500,67.3804791000,66.5958447000,66.7920033000,2118275
2020-02-17 11:30:00,66.7920033000,67.0862412000,66.4193019600,66.9685460400,883302
2020-02-17 13:30:00,66.9685460400,67.2529760100,66.8900826000,66.9685460400,1057953
2020-02-17 14:00:00,66.9881619000,67.0077777600,66.5958447000,66.9489301800,788000
2020-02-17 14:30:00,66.9489301800,67.0862412000,66.6252684900,67.0175856900,984108
2020-02-17 15:00:00,67.0175856900,67.9395311100,67.0077777600,67.4295187500,2851888
2020-02-18 10:00:00,68.1651135000,69.6264950700,67.6845249300,68.9105161800,2815822
2020-02-18 10:30:00,68.9007082500,69.0870589200,67.4785584000,67.8316438800,2066641
2020-02-18 11:00:00,67.8316438800,68.1553055700,66.8900826000,66.9391222500,1294262
2020-02-18 11:30:00,66.9783539700,68.2239610800,66.9783539700,67.5374059800,779348
2020-02-18 13:30:00,67.5374059800,67.9199152500,67.2137442900,67.8806835300,924249
2020-02-18 14:00:00,67.8806835300,69.2439858000,67.7924121600,68.6064703500,1519949
2020-02-18 14:30:00,68.6064703500,69.0085954800,68.3122324500,68.5378148400,1236309
2020-02-18 15:00:00,68.5378148400,69.2439858000,68.5378148400,69.0478272000,1663531
2020-02-19 10:00:00,68.1454976400,68.9889796200,66.7920033000,66.9881619000,3377997
2020-02-19 10:30:00,66.9979698300,67.0862412000,65.9779451100,66.6645002100,3087876
2020-02-19 11:00:00,66.6546922800,66.6841160700,65.9877530400,66.1544878500,2214700
2020-02-19 11:30:00,66.1446799200,66.3996861000,65.0265759000,65.1246552000,2980097
2020-02-19 13:30:00,64.9775362500,66.5468050500,64.7421459300,66.2133354300,2228713
2020-02-19 14:00:00,66.2133354300,66.2525671500,65.4188931000,65.4777406800,1400323
2020-02-19 14:30:00,65.3796613800,65.5071644700,63.4376912400,63.7711608600,4872141
2020-02-19 15:00:00,63.8005846500,64.1144384100,62.7020964900,63.0649899000,5076400
2020-02-20 10:00:00,63.8496243000,65.9289054600,63.8496243000,64.6048349100,6482188
2020-02-20 10:30:00,64.6636824900,64.9088807400,63.0453740400,63.6338498400,2537840
2020-02-20 11:00:00,63.7319291400,64.9873441800,63.7319291400,64.5361794000,1307221
2020-02-20 11:30:00,64.5361794000,64.8108014400,64.3204049400,64.7225300700,736300
2020-02-20 13:30:00,64.8304173000,66.0956402700,64.7813776500,65.5660120500,2286141
2020-02-20 14:00:00,65.5660120500,65.9975609700,65.4483168900,65.6052437700,1270451
2020-02-20 14:30:00,65.5267803300,65.8112103000,65.2619662200,65.4973565400,915766
2020-02-20 15:00:00,65.4875486100,65.8014023700,65.2913900100,65.7131310000,1759800
2020-02-21 10:00:00,68.9497479000,70.8622942500,67.8512597400,70.5680563500,9685318
2020-02-21 10:30:00,70.5386325600,72.1863648000,70.5386325600,70.6563277200,3249618
2020-02-21 11:00:00,70.6563277200,72.2844441000,70.2542025900,72.2452123800,3169059
2020-02-21 11:30:00,72.2648282400,72.2844441000,72.1373251500,72.2844441000,2147872
2020-02-21 13:30:00,72.2844441000,72.2844441000,72.2844441000,72.2844441000,117391
2020-02-21 14:00:00,72.2844441000,72.2844441000,70.9799894100,71.6076969300,4004136
2020-02-21 14:30:00,71.6861603700,72.2844441000,71.6175048600,72.2844441000,2718829
2020-02-21 15:00:00,72.2844441000,72.2844441000,72.2844441000,72.2844441000,170708
2020-02-24 10:00:00,73.5594750000,78.3653607000,72.6767613000,75.8152989000,12136751
2020-02-24 10:30:00,75.8152989000,76.5018540000,73.5692829300,74.3244935400,5221550
2020-02-24 11:00:00,74.3146856100,74.9914327800,73.4221639800,74.8541217600,3670096
2020-02-24 11:30:00,74.6677710900,75.9722257800,74.4421887000,75.0993200100,1538400
2020-02-24 13:30:00,75.2268231000,76.8941712000,74.9522010600,75.8152989000,2433291
2020-02-24 14:00:00,75.7662592500,75.7662592500,74.0498715000,74.4127649100,2080696
2020-02-24 14:30:00,74.4127649100,76.2076161000,74.3441094000,75.6976037400,1570523
2020-02-24 15:00:00,75.6976037400,75.6976037400,74.3441094000,75.2954786100,2197153
2020-02-25 10:00:00,72.5786820000,75.2758627500,72.0882855000,73.5888987900,7051380
2020-02-25 10:30:00,73.6575543000,74.4912283500,73.1671578000,73.1671578000,2645972
2020-02-25 11:00:00,73.1671578000,73.4319719100,70.8622942500,71.2742273100,4778555
2020-02-25 11:30:00,71.3134590300,71.3428828200,69.0674430600,71.2644193800,3894481
2020-02-25 13:30:00,71.3036511000,73.3338926100,71.3036511000,72.9219595500,3167469
2020-02-25 14:00:00,72.8827278300,73.7065939500,72.3236758200,73.5496670700,1777630
2020-02-25 14:30:00,73.5496670700,73.5594750000,72.2648282400,73.2161974500,2100782
2020-02-25 15:00:00,73.2456212400,73.9321763400,73.0396547100,73.1867736600,3330912
2020-02-26 10:00:00,71.2644193800,71.2840352400,68.8222448100,69.0478272000,8030231
2020-02-26 10:30:00,69.0380192700,69.0380192700,66.6939240000,67.5374059800,6671134
2020-02-26 11:00:00,67.5570218400,68.3514641700,66.8900826000,67.5668297700,2119527
2020-02-26 11:30:00,67.6256773500,69.5087999100,67.5864456300,69.4891840500,1268920
2020-02-26 13:30:00,69.4891840500,69.6363030000,68.4691593300,69.1557144300,1499675
2020-02-26 14:00:00,69.1655223600,69.4499523300,67.9591469700,68.2141531500,1667506
2020-02-26 14:30:00,68.1651135000,68.6947417200,66.8900826000,68.0670342000,2173557
2020-02-26 15:00:00,67.9689549000,67.9787628300,66.7037319300,66.8410429500,2428920
2020-02-27 10:00:00,68.6555100000,71.2840352400,67.3804791000,69.9109250400,7634423
2020-02-27 10:30:00,70.0188122700,70.3522818900,68.4789672600,70.2934343100,3123193
2020-02-27 11:00:00,70.3915136100,71.0094132000,69.7441902300,70.7053673700,1955140
2020-02-27 11:30:00,70.7053673700,73.1671578000,70.1757391500,72.5394502800,4060945
2020-02-27 13:30:00,72.6375295800,73.5104353500,71.7548158800,71.9411665500,3217020
2020-02-27 14:00:00,71.8921269000,72.1569410100,71.2055718000,71.2251876600,1495354
2020-02-27 14:30:00,71.2349955900,71.2349955900,70.2051629400,70.3228581000,1611779
2020-02-27 15:00:00,70.3228581000,70.8132546000,69.6363030000,70.3032422400,1797686
2020-02-28 10:00:00,66.3016068000,71.7253920900,66.3016068000,71.4213462600,7598838
2020-02-28 10:30:00,71.4017304000,72.3727154700,68.5476227700,69.6363030000,4324613
2020-02-28 11:00:00,69.4401444000,71.2644193800,68.7143575800,71.0486449200,2277094
2020-02-28 11:30:00,71.0486449200,71.0584528500,68.9007082500,69.1753302900,1767260
2020-02-28 13:30:00,68.6555100000,68.9791716900,67.3706711700,68.4103117500,2448351
2020-02-28 14:00:00,68.4103117500,68.9693637600,67.9689549000,68.8418606700,1264368
2020-02-28 14:30:00,68.8418606700,70.8132546000,68.1749214300,68.3416562400,1980552
2020-02-28 15:00:00,68.3220403800,68.7633972300,67.4785584000,67.9689549000,2425682
2020-03-02 10:00:00,71.2251876600,72.4609868400,67.9787628300,68.0081866200,7016071
2020-03-02 10:30:00,67.9787628300,68.9987875500,66.8900826000,68.3024245200,2567681
2020-03-02 11:00:00,68.2631928000,69.7343823000,68.2631928000,69.0772509900,1895085
2020-03-02 11:30:00,69.0772509900,70.3032422400,68.6849337900,70.3032422400,1647941
2020-03-02 13:30:00,70.3228581000,70.9603735500,69.8716933200,70.5386325600,1889611
2020-03-02 14:00:00,70.5288246300,70.9799894100,70.0188122700,70.7740228800,1400032
2020-03-02 14:30:00,70.8034466700,71.7352000200,70.4994008400,71.5782731400,2630631
2020-03-02 15:00:00,71.5488493500,71.5488493500,70.0286202000,70.1266995000,2137861
2020-03-03 10:00:00,72.0686696400,72.3727154700,70.8721021800,71.5194255600,6233995
2020-03-03 10:30:00,71.5194255600,73.2456212400,71.5096176300,72.8336881800,4299459
2020-03-03 11:00:00,72.8140723200,73.4515877700,72.3923313300,72.6081057900,2855492
2020-03-03 11:30:00,72.6081057900,72.7552247400,71.9705903400,71.9705903400,1478426
2020-03-03 13:30:00,71.8921269000,74.7364266000,71.8921269000,73.6967860200,4350564
2020-03-03 14:00:00,73.7065939500,73.8537129000,72.8827278300,73.2652371000,1749819
2020-03-03 14:30:00,73.2750450300,73.7360177400,71.7155841600,72.8533040400,2056469
2020-03-03 15:00:00,72.8729199000,75.0502803600,72.8533040400,74.5598838600,4029100
2020-03-04 10:00:00,73.5398591400,74.4127649100,72.5492582100,73.5006274200,5252321
2020-03-04 10:30:00,73.5692829300,74.6775790200,72.9513833400,74.1577587300,2275355
2020-03-04 11:00:00,74.1479508000,74.5402680000,73.0690785000,73.2161974500,1521225
2020-03-04 11:30:00,73.2260053800,73.6477463700,70.9799894100,71.0094132000,2978539
2020-03-04 13:30:00,70.9897973400,70.9996052700,68.0081866200,68.4593514000,6166235
2020-03-04 14:00:00,68.5574307000,69.9305409000,68.1651135000,69.6363030000,2645100
2020-03-04 14:30:00,69.6264950700,70.4699770500,69.1360985700,69.6755347200,1502720
2020-03-04 15:00:00,69.7343823000,70.4111294700,69.6461109300,70.1953550100,1735287
2020-03-05 10:00:00,71.4115383300,71.9607824100,68.3514641700,68.6358941400,6462837
2020-03-05 10:30:00,68.6457020700,68.7633972300,65.3208138000,66.0466006200,7356485
2020-03-05 11:00:00,66.0564085500,66.9587381100,65.4777406800,65.5463961900,3026088
2020-03-05 11:30:00,65.5660120500,65.7719785800,63.4573071000,63.7711608600,5958493
2020-03-05 13:30:00,63.7809687900,66.1054482000,63.7613529300,65.7425547900,2986344
2020-03-05 14:00:00,65.8014023700,66.0073689000,64.3007890800,64.4381001000,1678870
2020-03-05 14:30:00,64.4381001000,65.0756155500,64.2321335700,64.6734904200,2008242
2020-03-05 15:00:00,64.6146428400,64.6832983500,64.1438622000,64.2419415000,3842678
2020-03-06 10:00:00,61.7311114200,62.7217123500,61.1622514800,62.5745934000,6774946
2020-03-06 10:30:00,62.6334409800,62.8688313000,61.2995625000,61.7114955600,3423636
2020-03-06 11:00:00,61.6820717700,61.7703431400,60.9759008100,61.0151325300,2655279
2020-03-06 11:30:00,61.0151325300,61.3682180100,60.4364646600,61.2995625000,2801007
2020-03-06 13:30:00,61.3387942200,62.2411237800,61.3289862900,61.9861176000,1225498
2020-03-06 14:00:00,62.0057334600,62.0351572500,61.4957211000,61.8389986500,734320
2020-03-06 14:30:00,61.8488065800,62.0449651800,61.4761052400,61.6232241900,927700
2020-03-06 15:00:00,61.6330321200,61.7899590000,61.1818673400,61.2799466400,2091750
2020-03-09 10:00:00,59.7302937000,61.0347483900,59.1418179000,60.2697298500,4557676
2020-03-09 10:30:00,60.2403060600,62.0841969000,59.9754919500,61.6918797000,3625610
2020-03-09 11:00:00,61.6918797000,61.8782303700,60.5835836100,60.6816629100,1810408
2020-03-09 11:30:00,60.6816629100,60.8091660000,60.1226109000,60.3481932900,1037918
2020-03-09 13:30:00,60.3678091500,60.3678091500,59.2202813400,59.5831747500,2221876
2020-03-09 14:00:00,59.5537509600,60.0049157400,59.2398972000,59.5929826800,1444737
2020-03-09 14:30:00,59.5929826800,59.7401016300,58.3669914300,58.4552628000,2098271
2020-03-09 15:00:00,58.4748786600,58.9456593000,57.8765949300,58.1610249000,2631506
2020-03-10 10:00:00,58.3669914300,61.0053246000,58.3669914300,60.5639677500,6553819
2020-03-10 10:30:00,60.5639677500,60.5737756800,59.6322144000,59.7106778400,2322350
2020-03-10 11:00:00,59.7008699100,59.8283730000,58.9652751600,59.5341351000,1834620
2020-03-10 11:30:00,59.5341351000,60.8091660000,59.4458637300,60.8091660000,1369596
2020-03-10 13:30:00,60.9072453000,62.0155413900,60.9072453000,61.5251448900,3203507
2020-03-10 14:00:00,61.4957211000,62.2215079200,61.4957211000,61.6428400500,2002064
2020-03-10 14:30:00,61.6036083300,62.8295995800,61.6036083300,62.7707520000,2493778
2020-03-10 15:00:00,62.7707520000,62.7707520000,62.2215079200,62.4078585900,1800506
2020-03-11 10:00:00,63.1630692000,64.5361794000,62.5255537500,64.2223256400,6141048
2020-03-11 10:30:00,64.2223256400,64.2223256400,63.0944136900,63.0944136900,2221220
2020-03-11 11:00:00,63.1336454100,63.3592278000,62.5942092600,62.7707520000,1455397
2020-03-11 11:30:00,62.7903678600,62.8001757900,62.1332365500,62.2215079200,1309035
2020-03-11 13:30:00,62.2313158500,62.4078585900,61.4466814500,61.8193827900,1398857
2020-03-11 14:00:00,61.8684224400,62.1724682700,61.2701387100,61.4957211000,1055055
2020-03-11 14:30:00,61.4859131700,61.9959255300,61.2799466400,61.5938004000,756784
2020-03-11 15:00:00,61.5938004000,61.9665017400,60.7993580700,60.7993580700,1647575
2020-03-12 10:00:00,59.3379765000,62.0645810400,58.8181562100,61.7409193500,4129496
2020-03-12 10:30:00,61.7703431400,61.8193827900,60.5247360300,61.2505228500,1790528
2020-03-12 11:00:00,61.2505228500,61.9272700200,60.9464770200,61.0543642500,1161900
2020-03-12 11:30:00,61.0445563200,61.2701387100,60.6228153300,60.7601263500,594610
2020-03-12 13:30:00,60.7993580700,60.9857087400,59.6322144000,59.6322144000,1109880
2020-03-12 14:00:00,59.6322144000,60.3089615700,59.3379765000,60.0245316000,1202816
2020-03-12 14:30:00,60.0245316000,60.0833791800,59.6322144000,59.6714461200,776840
2020-03-12 15:00:00,59.6714461200,61.4859131700,59.6616381900,60.8680135800,1698379
2020-03-13 10:00:00,57.2783112000,60.6031994700,56.9938812300,60.2010743400,4176759
2020-03-13 10:30:00,60.1814584800,60.1814584800,59.1222020400,60.0147236700,1582468
2020-03-13 11:00:00,60.0245316000,60.4168488000,59.4458637300,60.1716505500,1022642
2020-03-13 11:30:00,60.1618426200,60.2206902000,58.5043024500,58.6023817500,1869400
2020-03-13 13:30:00,58.8770037900,61.8193827900,58.8770037900,61.7703431400,3860313
2020-03-13 14:00:00,61.7801510700,61.9861176000,60.7895501400,60.7895501400,1705495
2020-03-13 14:30:00,60.7993580700,61.0053246000,60.5051201700,60.8189739300,954252
2020-03-13 15:00:00,60.8189739300,61.1916752700,60.4756963800,60.8091660000,1428908
2020-03-16 10:00:00,61.2995625000,62.2509317100,59.8283730000,60.7110867000,3917001
2020-03-16 10:30:00,60.6326232600,60.7307025600,58.3866072900,58.8671958600,2736038
2020-03-16 11:00:00,58.8475800000,59.0829703200,58.5337262400,59.0633544600,1942114
2020-03-16 11:30:00,59.0633544600,59.3477844300,57.6706284000,57.7687077000,1452100
2020-03-16 13:30:00,57.5725491000,57.8667870000,56.8369543500,56.9938812300,2477508
2020-03-16 14:00:00,57.0134970900,57.0821526000,54.9244080000,55.6894265400,3455263
2020-03-16 14:30:00,55.6600027500,55.7286582600,55.1205666000,55.3657648500,1744497
2020-03-16 15:00:00,55.3853807100,55.4736520800,54.7282494000,54.7282494000,3007242
2020-03-17 10:00:00,56.8859940000,56.8859940000,54.7282494000,55.4932679400,5201607
2020-03-17 10:30:00,55.4736520800,55.8855851400,54.4340115000,54.7282494000,2259235
2020-03-17 11:00:00,54.8067128400,56.1111675300,54.8067128400,55.6109631000,1570260
2020-03-17 11:30:00,55.6109631000,56.8565702100,55.5423075900,56.8565702100,921101
2020-03-17 13:30:00,57.0036891600,57.0821526000,56.1209754600,56.1209754600,1617201
2020-03-17 14:00:00,56.1209754600,56.4936768000,55.8169296300,55.9836644400,918891
2020-03-17 14:30:00,55.9836644400,56.8761860700,55.7090424000,56.8761860700,1145482
2020-03-17 15:00:00,56.8761860700,56.8859940000,56.1013596000,56.2877102700,1278400
2020-03-18 10:00:00,57.1802319000,58.6514214000,57.0821526000,58.5337262400,4245746
2020-03-18 10:30:00,58.5239183100,58.5827658900,57.8667870000,58.1414090400,1620877
2020-03-18 11:00:00,58.1610249000,58.6121896800,58.0433297400,58.5239183100,811600
2020-03-18 11:30:00,58.5239183100,59.6616381900,58.4552628000,59.5145192400,2232143
2020-03-18 13:30:00,59.5341351000,59.5439430300,57.5823570300,57.6706284000,2672306
2020-03-18 14:00:00,57.6510125400,57.8177473500,57.0331129500,57.3371587800,1651789
2020-03-18 14:30:00,57.3469667100,57.4548539400,56.5917561000,57.0723446700,1186851
2020-03-18 15:00:00,57.0723446700,57.2096556900,56.1994389000,56.2680944100,1721325
2020-03-19 10:00:00,57.0821526000,58.4650707300,56.5721402400,57.8373632100,4093575
2020-03-19 10:30:00,57.8275552800,57.9746742300,57.1998477600,57.3077349900,1456543
2020-03-19 11:00:00,57.3077349900,57.6902442600,56.4740609400,56.6211798900,1566514
2020-03-19 11:30:00,56.6113719600,57.3371587800,56.0817437400,56.9742653700,1743972
2020-03-19 13:30:00,57.2586953400,57.5038935900,56.2975182000,57.4058142900,1138633
2020-03-19 14:00:00,57.4254301500,57.7098601200,57.0331129500,57.3763905000,943932
2020-03-19 14:30:00,57.3861984300,58.2591042000,57.2685032700,57.7490918400,1553864
2020-03-19 15:00:00,57.7490918400,57.9942900900,57.1704239700,57.9648663000,1436581
2020-03-20 10:00:00,58.9750830900,59.5243271700,58.1316011100,58.2885279900,3973693
2020-03-20 10:30:00,58.2787200600,58.2787200600,56.8859940000,56.9840733000,2033393
2020-03-20 11:00:00,56.9546495100,57.4548539400,56.6113719600,57.3665825700,1268143
2020-03-20 11:30:00,57.3665825700,57.3665825700,56.5231005900,57.0134970900,894485
2020-03-20 13:30:00,57.0134970900,57.3763905000,56.1798230400,56.6800274700,897602
2020-03-20 14:00:00,56.6800274700,57.2194636200,56.5917561000,56.9546495100,717641
2020-03-20 14:30:00,56.9840733000,57.7196680500,56.7879147000,57.5235094500,1220945
2020-03-20 15:00:00,57.5431253100,57.6706284000,57.2096556900,57.5038935900,1396365
2020-03-23 10:00:00,55.0224873000,56.7584909100,54.5320908000,54.9244080000,3231830
2020-03-23 10:30:00,54.9244080000,55.0224873000,52.5508889400,53.5316819400,3594356
2020-03-23 11:00:00,53.5512978000,54.0613101600,53.3257154100,53.6003374500,976339
2020-03-23 11:30:00,53.6003374500,55.0813348800,53.5316819400,55.0813348800,754636
2020-03-23 13:30:00,55.1205666000,55.2186459000,54.1986211800,54.1986211800,783486
2020-03-23 14:00:00,54.1397736000,54.1495815300,53.3747550600,53.4041788500,767346
2020-03-23 14:30:00,53.4041788500,53.7278405400,52.9628220000,53.1589806000,1311980
2020-03-23 15:00:00,53.1589806000,53.1589806000,51.8251021200,52.7078158200,3460857
2020-03-24 10:00:00,53.9828467200,54.4732432200,53.4532185000,54.1299656700,3441047
2020-03-24 10:30:00,54.1299656700,54.2280449700,53.4041788500,53.6493771000,1414892
2020-03-24 11:00:00,53.6493771000,53.6493771000,52.7862792600,53.2472519700,1309104
2020-03-24 11:30:00,53.1589806000,53.3453312700,52.1095320900,52.2762669000,1241715
2020-03-24 13:30:00,52.2762669000,52.6587761700,51.1973946000,51.5897118000,1825882
2020-03-24 14:00:00,51.5897118000,52.3939620600,50.8345011900,52.2762669000,1890405
2020-03-24 14:30:00,52.2762669000,54.0907339500,51.9820290000,53.8455357000,1926253
2020-03-24 15:00:00,53.6199533100,53.8945753500,53.2472519700,53.7082246800,1690622
2020-03-25 10:00:00,54.9636397200,56.8761860700,54.9636397200,56.2092468300,5421784
2020-03-25 10:30:00,56.2092468300,56.3759816400,55.7776979100,55.7776979100,1399873
2020-03-25 11:00:00,55.7090424000,55.8561613500,55.1499903900,55.4344203600,1007023
2020-03-25 11:30:00,55.4344203600,55.7482741200,55.0813348800,55.1303745300,665744
2020-03-25 13:30:00,55.1205666000,55.5717313800,54.6890176800,55.4834600100,827394
2020-03-25 14:00:00,55.4834600100,55.7875058400,55.3265331300,55.5913472400,775698
2020-03-25 14:30:00,55.5913472400,55.8855851400,55.4148045000,55.5717313800,875052
2020-03-25 15:00:00,55.5128838000,56.1013596000,55.5128838000,55.8463534200,1471165
2020-03-26 10:00:00,54.8459445600,55.6109631000,54.5320908000,54.6301701000,2287881
2020-03-26 10:30:00,54.6203621700,55.6894265400,54.5222828700,55.6600027500,1244584
2020-03-26 11:00:00,55.6109631000,55.7776979100,55.1009507400,55.3755727800,996600
2020-03-26 11:30:00,55.3755727800,55.6501948200,54.9244080000,55.0813348800,591416
2020-03-26 13:30:00,55.0911428100,55.1597983200,54.7380573300,54.7870969800,545485
2020-03-26 14:00:00,54.7969049100,55.0322952300,54.5222828700,54.5909383800,812800
2020-03-26 14:30:00,54.5909383800,54.6497859600,54.1888132500,54.4340115000,1151200
2020-03-26 15:00:00,54.4340115000,54.8067128400,54.1691973900,54.1888132500,1133104
2020-03-27 10:00:00,55.4148045000,55.5128838000,54.4536273600,54.6399780300,2119205
2020-03-27 10:30:00,54.6399780300,54.8263287000,54.1201577400,54.3359322000,1201532
2020-03-27 11:00:00,54.3163163400,54.7282494000,53.9436150000,53.9926546500,600410
2020-03-27 11:30:00,53.9926546500,54.9244080000,53.7278405400,54.8361366300,765900
2020-03-27 13:30:00,54.9047921400,54.9244080000,54.0613101600,54.2574687600,543700
2020-03-27 14:00:00,54.2378529000,54.2770846200,53.9926546500,54.1790053200,488000
2020-03-27 14:30:00,54.1888132500,54.4536273600,53.7278405400,53.8945753500,628500
2020-03-27 15:00:00,53.8945753500,53.8945753500,53.3551392000,53.4630264300,1247920
2020-03-30 10:00:00,52.3841541300,52.5410810100,50.1969857400,50.7069981000,4095899
2020-03-30 10:30:00,50.7560377500,51.0796994400,50.6187267300,50.8639249800,1350675
2020-03-30 11:00:00,50.8639249800,50.8639249800,49.5104306400,49.8439002600,1843039
2020-03-30 11:30:00,49.7360130300,51.1973946000,49.1573451600,51.1777787400,1433088
2020-03-30 13:30:00,51.0895073700,52.4430017100,51.0895073700,52.0408765800,1713077
2020-03-30 14:00:00,52.0604924400,52.5705048000,51.8447179800,52.0801083000,1204900
2020-03-30 14:30:00,52.0801083000,52.1585717400,51.3837452700,51.3837452700,823400
2020-03-30 15:00:00,51.3935532000,51.6779831700,51.1875866700,51.5112483600,1086154
2020-03-31 10:00:00,52.4724255000,53.8161119100,52.1781876000,52.6881999600,3174000
2020-03-31 10:30:00,52.6881999600,52.9530140700,52.1095320900,52.4724255000,1147051
2020-03-31 11:00:00,52.4822334300,52.7666634000,52.1683796700,52.6391603100,755742
2020-03-31 11:30:00,52.6391603100,52.6587761700,51.9526052100,52.3253065500,504437
2020-03-31 13:30:00,51.9624131400,52.0604924400,51.6681752400,51.9624131400,553261
2020-03-31 14:00:00,51.9526052100,52.0703003700,51.7368307500,51.7956783300,404500
2020-03-31 14:30:00,51.7956783300,51.8447179800,51.3837452700,51.6583673100,665774
2020-03-31 15:00:00,51.6485593800,51.9329893500,51.4916325000,51.4916325000,931195
2020-04-01 10:00:00,52.2762669000,53.0609013000,51.2464342500,52.9235902800,2494532
2020-04-01 10:30:00,52.9628220000,53.4041788500,52.4233858500,52.7568554700,1454794
2020-04-01 11:00:00,52.7568554700,53.3060995500,52.4135779200,53.2178281800,974450
2020-04-01 11:30:00,53.2374440400,53.7964960500,53.1491726700,53.2080202500,1478701
2020-04-01 13:30:00,53.1491726700,53.2570599000,52.6783920300,52.7274316800,624891
2020-04-01 14:00:00,52.7176237500,52.7274316800,52.1781876000,52.4724255000,921401
2020-04-01 14:30:00,52.5214651500,52.5410810100,52.2272272500,52.5116572200,598800
2020-04-01 15:00:00,52.5312730800,52.5312730800,52.2272272500,52.2958827600,841800
2020-04-02 10:00:00,52.0801083000,53.2374440400,51.9820290000,52.5116572200,2165788
2020-04-02 10:30:00,52.5116572200,53.3943709200,52.4331937800,53.0020537200,2018003
2020-04-02 11:00:00,53.0020537200,53.6101453800,52.9824378600,53.5611057300,1458210
2020-04-02 11:30:00,53.5611057300,54.1790053200,53.5022581500,53.8259198400,1549799
2020-04-02 13:30:00,53.8259198400,53.8455357000,53.1197488800,53.1197488800,1031554
2020-04-02 14:00:00,53.1197488800,53.7474564000,53.1099409500,53.7474564000,571490
2020-04-02 14:30:00,53.7376484700,54.7282494000,53.6788008900,54.7184414700,1930479
2020-04-02 15:00:00,54.7282494000,55.2382617600,54.5320908000,55.2088379700,2660753
2020-04-03 10:00:00,54.6007463100,54.8459445600,53.5512978000,54.5320908000,3627195
2020-04-03 10:30:00,54.5418987300,54.6007463100,53.6493771000,53.8553436300,1434354
2020-04-03 11:00:00,53.8553436300,53.9926546500,53.6493771000,53.7376484700,819000
2020-04-03 11:30:00,53.7278405400,53.7474564000,53.4532185000,53.5022581500,834125
2020-04-03 13:30:00,53.4924502200,53.4924502200,52.8255109800,52.9235902800,2043075
2020-04-03 14:00:00,52.9235902800,53.1589806000,52.6685841000,52.7568554700,1182400
2020-04-03 14:30:00,52.7666634000,52.8647427000,51.9918369300,52.7568554700,1897977
2020-04-03 15:00:00,52.7666634000,53.0216695800,52.5606968700,52.5606968700,1424404
2020-04-07 10:00:00,54.0907339500,54.6301701000,53.7670722600,54.3555480600,4085837
2020-04-07 10:30:00,54.3653559900,54.5418987300,53.6689929600,53.7964960500,1398094
2020-04-07 11:00:00,53.8455357000,54.0122705100,53.5512978000,53.7180326100,913642
2020-04-07 11:30:00,53.7180326100,53.9534229300,53.5512978000,53.6493771000,663705
2020-04-07 13:30:00,53.6788008900,53.8455357000,53.5709136600,53.5807215900,1005490
2020-04-07 14:00:00,53.5807215900,53.8945753500,53.4139867800,53.8749594900,645344
2020-04-07 14:30:00,53.8749594900,54.1397736000,53.7278405400,54.0220784400,1052166
2020-04-07 15:00:00,54.0220784400,54.0416943000,53.8161119100,54.0416943000,1294054
2020-04-08 10:00:00,53.9040309600,54.2874446400,53.5894351200,54.0023421600,2066477
2020-04-08 10:30:00,53.9925110400,54.1989645600,53.7369019200,53.9138620800,1248622
2020-04-08 11:00:00,53.9138620800,53.9138620800,53.3338260000,53.3633193600,1178645
2020-04-08 11:30:00,53.3633193600,53.3633193600,52.7931144000,52.9700745600,1557253
2020-04-08 13:30:00,52.9700745600,53.4812928000,52.9700745600,53.2846704000,685544
2020-04-08 14:00:00,53.2846704000,53.9728488000,53.0880480000,53.7467330400,935925
2020-04-08 14:30:00,53.7369019200,53.7369019200,53.1863592000,53.1961903200,686870
2020-04-08 15:00:00,53.1961903200,53.5402795200,53.1961903200,53.5402795200,1026815
2020-04-09 10:00:00,54.5627160000,54.5627160000,53.7074085600,53.8843687200,2204668
2020-04-09 10:30:00,53.9138620800,54.2677824000,53.6090973600,54.2481201600,1117484
2020-04-09 11:00:00,54.2579512800,54.4447425600,53.7565641600,54.0121732800,945713
2020-04-09 11:30:00,54.0121732800,54.0121732800,53.6779152000,53.9925110400,546768
2020-04-09 13:30:00,54.0023421600,54.3464313600,53.9531865600,54.2284579200,850986
2020-04-09 14:00:00,54.2186268000,56.2536686400,54.2186268000,55.9292416800,4592725
2020-04-09 14:30:00,55.9390728000,55.9783972800,55.4770101600,55.7817748800,1856865
2020-04-09 15:00:00,55.7817748800,55.7916060000,55.3492056000,55.4966724000,1756306
2020-04-10 10:00:00,55.4376856800,55.4376856800,53.7074085600,53.8548753600,3658417
2020-04-10 10:30:00,53.8253820000,54.2972757600,53.7958886400,53.9826799200,1194900
2020-04-10 11:00:00,53.9728488000,53.9728488000,53.2060214400,53.2355148000,1918359
2020-04-10 11:30:00,53.2453459200,53.6189284800,53.0880480000,53.2355148000,1010243
2020-04-10 13:30:00,53.1863592000,53.2551770400,52.5964920000,52.6849720800,1415236
2020-04-10 14:00:00,52.6849720800,53.0880480000,52.3310517600,52.8226077600,985221
2020-04-10 14:30:00,52.8226077600,52.9209189600,52.4981808000,52.5178430400,782801
2020-04-10 15:00:00,52.5080119200,52.7931144000,52.2032472000,52.2229094400,1348038
2020-04-13 10:00:00,51.6133800000,51.6133800000,50.3353344000,51.4462509600,1954773
2020-04-13 10:30:00,51.4855754400,52.0852737600,51.2692908000,51.8591580000,753879
2020-04-13 11:00:00,51.8591580000,51.9574692000,51.4167576000,51.8591580000,382700
2020-04-13 11:30:00,51.8591580000,52.3015584000,51.4659132000,51.7903401600,445984
2020-04-13 13:30:00,51.7018600800,51.7116912000,50.7285792000,50.7285792000,784068
2020-04-13 14:00:00,50.7285792000,50.7285792000,49.9420896000,50.3844900000,1664107
2020-04-13 14:30:00,50.3943211200,50.5811124000,50.1583742400,50.2370232000,614782
2020-04-13 15:00:00,50.2370232000,50.3844900000,49.9420896000,50.2271920800,1101443
2020-04-14 10:00:00,51.2496285600,54.0220044000,51.2496285600,53.7762264000,7338161
2020-04-14 10:30:00,53.7762264000,54.0514977600,53.6385907200,54.0416666400,2110855
2020-04-14 11:00:00,54.0514977600,54.3366002400,53.6189284800,53.6582529600,1644690
2020-04-14 11:30:00,53.6582529600,53.9335243200,53.3829816000,53.6779152000,677262
2020-04-14 13:30:00,53.6877463200,53.8352131200,53.0093990400,53.2060214400,1113673
2020-04-14 14:00:00,53.2060214400,53.6189284800,53.0880480000,53.4911239200,909413
2020-04-14 14:30:00,53.5206172800,53.9630176800,53.5009550400,53.6680840800,1106214
2020-04-14 15:00:00,53.6680840800,54.1989645600,53.5894351200,54.0711600000,2362489
2020-04-15 10:00:00,54.1301467200,55.9685661600,53.9236932000,55.2705566400,5935313
2020-04-15 10:30:00,55.2214010400,55.4671790400,54.7691695200,55.2902188800,1684677
2020-04-15 11:00:00,55.2902188800,55.4475168000,54.6610272000,54.8674807200,985100
2020-04-15 11:30:00,54.8674807200,55.3885300800,54.7495072800,55.2017388000,615771
2020-04-15 13:30:00,55.2508944000,55.3492056000,54.6118716000,54.7003516800,855700
2020-04-15 14:00:00,54.7101828000,54.7593384000,54.4250803200,54.4250803200,637300
2020-04-15 14:30:00,54.4250803200,54.5135604000,54.0416666400,54.1006533600,1134800
2020-04-15 15:00:00,54.1006533600,54.3562624800,53.9138620800,54.0908222400,1358479
2020-04-16 10:00:00,54.2186268000,55.2410632800,53.4812928000,54.8379873600,2829483
2020-04-16 10:30:00,54.8379873600,55.8997483200,54.5627160000,55.6048147200,2294748
2020-04-16 11:00:00,55.6048147200,56.2241752800,55.6048147200,55.7916060000,2463847
2020-04-16 11:30:00,55.8014371200,56.1356952000,55.5949836000,55.6441392000,1061649
2020-04-16 13:30:00,55.6441392000,56.1356952000,55.5654902400,56.1258640800,1226837
2020-04-16 14:00:00,56.1356952000,56.4896155200,55.9390728000,56.2438375200,1694022
2020-04-16 14:30:00,56.2340064000,56.2929931200,55.9095794400,56.1553574400,987400
2020-04-16 15:00:00,56.1553574400,56.4306288000,56.0373840000,56.1062018400,2107593
2020-04-17 10:00:00,57.8364789600,57.9642835200,56.4306288000,57.3744163200,4446602
2020-04-17 10:30:00,57.3154296000,58.2985416000,57.2859362400,57.6890121600,2794661
2020-04-17 11:00:00,57.6595188000,57.6693499200,56.4109665600,56.8533669600,1656001
2020-04-17 11:30:00,56.9418470400,57.7578300000,56.7353935200,57.7086744000,1084519
2020-04-17 13:30:00,57.6595188000,57.7676611200,56.8337047200,57.2564428800,969235
2020-04-17 14:00:00,57.2564428800,57.3154296000,56.9221848000,57.2761051200,552835
2020-04-17 14:30:00,57.2761051200,57.2761051200,56.4797844000,56.5191088800,1027405
2020-04-17 15:00:00,56.5191088800,56.7157312800,56.4306288000,56.6272512000,1523941
2020-04-20 10:00:00,57.1089760800,58.1609059200,56.8926914400,57.5022208800,3078273
2020-04-20 10:30:00,57.5120520000,58.2002304000,57.2269495200,57.9544524000,1538780
2020-04-20 11:00:00,57.9741146400,58.0920880800,57.7185055200,57.9544524000,677463
2020-04-20 11:30:00,57.9544524000,58.0822569600,57.7283366400,57.7283366400,604200
2020-04-20 13:30:00,57.7283366400,58.0527636000,57.5612076000,57.9937768800,804144
2020-04-20 14:00:00,57.9937768800,58.4263461600,57.7971544800,58.0822569600,1096995
2020-04-20 14:30:00,58.1019192000,58.1019192000,57.7086744000,57.8659723200,905044
2020-04-20 15:00:00,57.8856345600,58.0527636000,57.6890121600,57.8168167200,1339478
2020-04-21 10:00:00,57.2367806400,58.0036080000,56.5780956000,57.7381677600,2371169
2020-04-21 10:30:00,57.7578300000,57.8364789600,57.3154296000,57.4530652800,965219
2020-04-21 11:00:00,57.4530652800,57.6791810400,57.1286383200,57.5808698400,972765
2020-04-21 11:30:00,57.5808698400,57.9052968000,57.1974561600,57.2761051200,921000
2020-04-21 13:30:00,57.2761051200,57.4923897600,57.1286383200,57.2466117600,774888
2020-04-21 14:00:00,57.2466117600,57.4628964000,56.9516781600,57.0794827200,993540
2020-04-21 14:30:00,57.0794827200,58.1019192000,56.9910026400,58.0331013600,1744901
2020-04-21 15:00:00,58.0331013600,58.0429324800,57.6005320800,57.6595188000,1199329
2020-04-22 10:00:00,56.9221848000,57.7873233600,56.5780956000,57.2269495200,1848678
2020-04-22 10:30:00,57.2269495200,57.4530652800,56.9221848000,57.0008337600,717737
2020-04-22 11:00:00,57.0008337600,57.5022208800,56.9615092800,57.4039096800,491466
2020-04-22 11:30:00,57.4039096800,57.4039096800,56.6960690400,56.7943802400,713784
2020-04-22 13:30:00,56.7845491200,57.3055984800,56.7353935200,57.2171184000,789468
2020-04-22 14:00:00,57.2171184000,57.4628964000,57.0303271200,57.3449229600,814522
2020-04-22 14:30:00,57.3449229600,57.5317142400,57.0991449600,57.1188072000,640727
2020-04-22 15:00:00,57.1188072000,57.4137408000,57.1188072000,57.3645852000,900926
2020-04-23 10:00:00,57.1286383200,57.5022208800,55.5163346400,55.7621126400,3257742
2020-04-23 10:30:00,55.7621126400,55.8309304800,55.0739342400,55.6441392000,3209471
2020-04-23 11:00:00,55.6441392000,55.9489039200,55.4770101600,55.7424504000,725428
2020-04-23 11:30:00,55.7424504000,55.7424504000,55.2017388000,55.3492056000,753295
2020-04-23 13:30:00,55.3492056000,55.6932948000,55.2312321600,55.3983612000,634086
2020-04-23 14:00:00,55.3983612000,55.5261657600,55.2017388000,55.3983612000,768488
2020-04-23 14:30:00,55.3983612000,55.3983612000,54.9657919200,55.0346097600,1319588
2020-04-23 15:00:00,55.0346097600,55.2115699200,54.5922093600,54.5922093600,2219142
2020-04-24 10:00:00,54.5922093600,55.3786989600,54.5332226400,54.8773118400,2100482
2020-04-24 10:30:00,54.8576496000,55.0444408800,54.5725471200,54.5922093600,669612
2020-04-24 11:00:00,54.5922093600,54.8084940000,54.5922093600,54.6511960800,449000
2020-04-24 11:30:00,54.6511960800,54.6511960800,53.5402795200,53.7074085600,1201399
2020-04-24 13:30:00,53.7369019200,54.1694712000,53.6877463200,54.1399778400,1150318
2020-04-24 14:00:00,54.1498089600,54.1694712000,53.6582529600,53.7860575200,671000
2020-04-24 14:30:00,53.7860575200,53.8647064800,53.3731504800,53.5304484000,838716
2020-04-24 15:00:00,53.5501106400,53.8548753600,53.3829816000,53.7860575200,977626
2020-04-27 10:00:00,53.8941998400,53.9925110400,52.7537899200,53.7565641600,2270931
2020-04-27 10:30:00,53.7172396800,54.0416666400,52.9897368000,53.0782168800,906976
2020-04-27 11:00:00,53.0782168800,53.3829816000,52.9504123200,53.2256836800,487423
2020-04-27 11:30:00,53.2256836800,53.4616305600,53.0093990400,53.4616305600,327610
2020-04-27 13:30:00,53.5304484000,53.7369019200,53.2846704000,53.4517994400,438700
2020-04-27 14:00:00,53.3928127200,53.8843687200,53.2945015200,53.7270708000,571800
2020-04-27 14:30:00,53.7270708000,53.7958886400,53.0978791200,53.1568658400,660098
2020-04-27 15:00:00,53.1568658400,53.4026438400,52.9897368000,53.1470347200,764444
2020-04-28 10:00:00,52.7046343200,53.9433554400,51.5740555200,51.7608468000,2705575
2020-04-28 10:30:00,51.7313534400,53.4026438400,51.4954065600,53.4026438400,2289019
2020-04-28 11:00:00,53.4026438400,55.2803877600,53.4026438400,55.0051164000,2556462
2020-04-28 11:30:00,55.0051164000,55.6048147200,54.8674807200,55.5556591200,1383850
2020-04-28 13:30:00,55.5458280000,55.6441392000,54.9068052000,55.2017388000,1052161
2020-04-28 14:00:00,55.1722454400,55.5261657600,55.0444408800,55.4475168000,585281
2020-04-28 14:30:00,55.4475168000,55.6343080800,55.2508944000,55.4278545600,784340
2020-04-28 15:00:00,55.4278545600,55.4475168000,54.9461296800,55.1427520800,943040
2020-04-29 10:00:00,54.6905205600,55.7227881600,54.6905205600,55.2902188800,1626657
2020-04-29 10:30:00,55.2607255200,55.4671790400,54.9657919200,55.2312321600,846996
2020-04-29 11:00:00,55.2312321600,55.6343080800,55.0542720000,55.5753213600,858134
2020-04-29 11:30:00,55.5753213600,55.8309304800,55.3492056000,55.4278545600,767971
2020-04-29 13:30:00,55.5654902400,55.6638014400,55.3393744800,55.3492056000,452400
2020-04-29 14:00:00,55.2508944000,55.4180234400,55.1034276000,55.2705566400,594993
2020-04-29 14:30:00,55.2705566400,55.6638014400,55.2312321600,55.4770101600,753024
2020-04-29 15:00:00,55.5359968800,55.6539703200,55.2803877600,55.4081923200,832731
2020-04-30 10:00:00,56.1356952000,58.8687465600,56.1356952000,58.8490843200,5034504
2020-04-30 10:30:00,58.8490843200,59.2030046400,58.5934752000,58.7704353600,2447176
2020-04-30 11:00:00,58.7900976000,59.4782760000,58.3083727200,59.0063822400,1980394
2020-04-30 11:30:00,58.9867200000,59.7732096000,58.8687465600,59.7142228800,1163839
2020-04-30 13:30:00,59.7437162400,60.7858149600,59.7437162400,60.6088548000,2445086
2020-04-30 14:00:00,60.6088548000,60.9529440000,60.4613880000,60.8644639200,2179079
2020-04-30 14:30:00,60.8742950400,60.9332817600,60.7661527200,60.8644639200,883152
2020-04-30 15:00:00,60.9529440000,60.9529440000,60.8841261600,60.9529440000,1421080
2020-05-06 10:00:00,60.9431128800,62.5160920800,60.2844278400,62.1720028800,5324416
2020-05-06 10:30:00,62.2113273600,62.2113273600,60.8251394400,60.9627751200,2593976
2020-05-06 11:00:00,60.9726062400,61.9360560000,60.9529440000,61.8869004000,1206527
2020-05-06 11:30:00,61.8475759200,62.3882875200,61.7885892000,62.2506518400,949455
2020-05-06 13:30:00,62.3293008000,62.4964298400,61.3265265600,61.8377448000,1399742
2020-05-06 14:00:00,61.8377448000,62.3981186400,61.6902780000,62.3587941600,1291679
2020-05-06 14:30:00,62.3489630400,62.7028833600,61.7885892000,62.7028833600,1388725
2020-05-06 15:00:00,62.6438966400,62.7127144800,62.1720028800,62.2211584800,1536510
2020-05-07 10:00:00,62.3882875200,63.7253198400,61.6509535200,62.3293008000,4470072
2020-05-07 10:30:00,62.3293008000,62.4079497600,61.2675398400,61.7099402400,1672832
2020-05-07 11:00:00,61.6706157600,61.8869004000,61.4445000000,61.6214601600,930930
2020-05-07 11:30:00,61.6214601600,61.7885892000,61.5526423200,61.6804468800,507650
2020-05-07 13:30:00,61.6804468800,61.7001091200,61.0512552000,61.2675398400,1039815
2020-05-07 14:00:00,61.2675398400,61.7885892000,61.2380464800,61.5526423200,597600
2020-05-07 14:30:00,61.5526423200,62.1130161600,61.4248377600,61.9655493600,999662
2020-05-07 15:00:00,61.9262248800,61.9262248800,61.4543311200,61.5624734400,1094724
2020-05-08 10:00:00,61.9655493600,63.5975152800,61.9655493600,63.3025816800,3837265
2020-05-08 10:30:00,63.3025816800,63.3615684000,62.0835228000,62.5947410400,2346851
2020-05-08 11:00:00,62.5947410400,62.5947410400,61.9950427200,62.1916651200,948748
2020-05-08 11:30:00,62.1916651200,62.7323767200,62.1916651200,62.5455854400,561292
2020-05-08 13:30:00,62.4276120000,63.1452837600,62.4276120000,62.7520389600,866937
2020-05-08 14:00:00,62.7225456000,63.0174792000,62.6242344000,62.9093368800,800670
2020-05-08 14:30:00,62.9289991200,63.2337638400,62.8110256800,63.1157904000,1047259
2020-05-08 15:00:00,63.1157904000,63.4402173600,62.8011945600,62.8700124000,1425417
2020-05-11 10:00:00,63.9022800000,65.5637392800,62.9978169600,64.5019783200,3850829
2020-05-11 10:30:00,64.5019783200,65.1606633600,63.7056576000,63.7941376800,2164127
2020-05-11 11:00:00,63.8432932800,63.9022800000,62.9093368800,63.2632572000,1581705
2020-05-11 11:30:00,63.2829194400,63.5581908000,62.6144032800,62.6340655200,705247
2020-05-11 13:30:00,62.6144032800,63.2632572000,62.3489630400,63.2632572000,952398
2020-05-11 14:00:00,63.2632572000,63.4598796000,62.7717012000,63.0666348000,638272
2020-05-11 14:30:00,63.1157904000,63.3419061600,62.5259232000,63.1157904000,691975
2020-05-11 15:00:00,63.1157904000,63.3615684000,62.8306879200,63.2632572000,844852
2020-05-12 10:00:00,62.3293008000,63.2632572000,61.7492647200,62.6733900000,2870552
2020-05-12 10:30:00,62.6438966400,62.7913634400,62.2309896000,62.5947410400,973298
2020-05-12 11:00:00,62.7127144800,62.7520389600,61.9753804800,62.0048738400,735900
2020-05-12 11:30:00,61.9655493600,62.3293008000,61.7984203200,61.8082514400,835542
2020-05-12 13:30:00,61.7885892000,62.3981186400,61.1200730400,62.3293008000,1936504
2020-05-12 14:00:00,62.3293008000,62.8208568000,62.2211584800,62.7717012000,1388173
2020-05-12 14:30:00,62.7717012000,62.7717012000,62.3194696800,62.5357543200,565170
2020-05-12 15:00:00,62.5357543200,63.0862970400,62.4964298400,63.0273103200,1002589
2020-05-13 10:00:00,62.4964298400,62.8700124000,61.7394336000,62.4276120000,1630066
2020-05-13 10:30:00,62.4767676000,62.5455854400,61.9950427200,62.2408207200,562890
2020-05-13 11:00:00,62.2408207200,62.7028833600,61.9753804800,62.3293008000,552400
2020-05-13 11:30:00,62.4177808800,62.4669364800,62.0638605600,62.2998074400,340765
2020-05-13 13:30:00,62.2408207200,62.7127144800,62.0540294400,62.4079497600,413129
2020-05-13 14:00:00,62.4079497600,62.5259232000,62.0736916800,62.1523406400,527621
2020-05-13 14:30:00,62.1523406400,62.7127144800,62.1326784000,62.5750788000,672205
2020-05-13 15:00:00,62.5652476800,62.6340655200,62.2309896000,62.2703140800,909369
2020-05-14 10:00:00,62.2309896000,63.4107240000,62.0343672000,62.9584924800,1831098
2020-05-14 10:30:00,63.0076480800,63.0568036800,62.3784564000,62.4472742400,760643
2020-05-14 11:00:00,62.4276120000,62.6242344000,62.2998074400,62.3981186400,500086
2020-05-14 11:30:00,62.3981186400,63.0174792000,62.3981186400,62.9978169600,461712
2020-05-14 13:30:00,62.9978169600,63.0961281600,62.3784564000,62.4079497600,708595
2020-05-14 14:00:00,62.3882875200,62.8208568000,62.2113273600,62.6242344000,555796
2020-05-14 14:30:00,62.6537277600,62.6537277600,62.2506518400,62.2801452000,411838
2020-05-14 15:00:00,62.2899763200,62.5259232000,61.8869004000,61.8967315200,1080964
2020-05-15 10:00:00,62.7225456000,63.5483596800,62.2604829600,63.5483596800,2428272
2020-05-15 10:30:00,63.5385285600,63.6466708800,62.4865987200,62.9683236000,1209772
2020-05-15 11:00:00,62.9683236000,63.2141016000,62.7028833600,63.0076480800,780782
2020-05-15 11:30:00,63.0174792000,63.4402173600,62.9093368800,63.3910617600,751754
2020-05-15 13:30:00,63.4303862400,63.5286974400,63.1354526400,63.1649460000,856556
2020-05-15 14:00:00,63.1551148800,63.3025816800,62.6832211200,62.8503501600,567459
2020-05-15 14:30:00,62.8503501600,62.8601812800,62.6242344000,62.7225456000,610281
2020-05-15 15:00:00,62.7225456000,62.7225456000,62.4276120000,62.4276120000,1034754
2020-05-18 10:00:00,61.5526423200,61.7394336000,57.6005320800,58.9965511200,8029401
2020-05-18 10:30:00,58.9867200000,60.0583120800,58.9867200000,59.5077693600,2841172
2020-05-18 11:00:00,59.5667560800,59.6650672800,58.2002304000,58.5049951200,2516906
2020-05-18 11:30:00,58.5639818400,58.6917864000,57.8069856000,58.2985416000,2522929
2020-05-18 13:30:00,58.2788793600,58.2887104800,57.7086744000,57.9839457600,2443532
2020-05-18 14:00:00,57.9937768800,58.1019192000,57.5120520000,57.6595188000,1983355
2020-05-18 14:30:00,57.6595188000,57.6988432800,56.4994466400,56.4994466400,3256950
2020-05-18 15:00:00,56.4994466400,56.7943802400,56.2143441600,56.3323176000,2948018
2020-05-19 10:00:00,57.9052968000,59.6355739200,57.7873233600,59.2128357600,7086121
2020-05-19 10:30:00,59.2128357600,59.8518585600,59.2030046400,59.8125340800,2297953
2020-05-19 11:00:00,59.7830407200,60.2942589600,59.5569249600,59.8027029600,1371914
2020-05-19 11:30:00,59.7732096000,59.7928718400,59.3013158400,59.4586137600,689310
2020-05-19 13:30:00,59.4094581600,60.3630768000,59.3897959200,60.1861166400,1577684
2020-05-19 14:00:00,60.1861166400,60.3434145600,59.9698320000,60.0779743200,908882
2020-05-19 14:30:00,60.0779743200,60.5891925600,60.0779743200,60.4122324000,1310344
2020-05-19 15:00:00,60.4122324000,60.5302058400,59.9698320000,60.2352722400,1490136
2020-05-20 10:00:00,60.2549344800,61.4739933600,59.7043917600,59.9403386400,3767275
2020-05-20 10:30:00,59.9403386400,60.1271299200,59.2914847200,59.5372627200,1635300
2020-05-20 11:00:00,59.5372627200,59.8715208000,59.2128357600,59.5962494400,721000
2020-05-20 11:30:00,59.6748984000,59.6748984000,58.8687465600,58.9375644000,1208003
2020-05-20 13:30:00,58.8884088000,58.9670577600,58.5148262400,58.8589154400,819214
2020-05-20 14:00:00,58.8392532000,58.9867200000,58.2493860000,58.3870216800,809968
2020-05-20 14:30:00,58.3771905600,58.6033063200,58.1019192000,58.2493860000,882700
2020-05-20 15:00:00,58.2198926400,58.2395548800,57.7185055200,57.9544524000,1775448
2020-05-21 10:00:00,59.1341868000,59.5077693600,57.0106648800,57.1089760800,2462514
2020-05-21 10:30:00,57.0991449600,58.3378660800,57.0893138400,58.3280349600,1146028
2020-05-21 11:00:00,58.2985416000,58.6721241600,57.6103632000,58.5836440800,916846
2020-05-21 11:30:00,58.5344884800,58.8490843200,58.2788793600,58.4165150400,550400
2020-05-21 13:30:00,58.3673594400,58.3673594400,57.4923897600,57.5218831200,675948
2020-05-21 14:00:00,57.5120520000,57.9839457600,57.3842474400,57.8561412000,632086
2020-05-21 14:30:00,57.8954656800,57.8954656800,57.0794827200,57.2859362400,880796
2020-05-21 15:00:00,57.2859362400,57.4137408000,56.8730292000,57.0106648800,1322534
2020-05-22 10:00:00,57.3154296000,57.8463100800,56.4207976800,57.4137408000,1761277
2020-05-22 10:30:00,57.3940785600,57.6103632000,56.6370823200,56.7059001600,644700
2020-05-22 11:00:00,56.7255624000,57.4530652800,56.5977578400,57.1974561600,640013
2020-05-22 11:30:00,57.1974561600,57.3154296000,56.6960690400,56.7550557600,548112
2020-05-22 13:30:00,56.7648868800,56.9221848000,55.8407616000,56.1455263200,1213072
2020-05-22 14:00:00,56.1455263200,56.7059001600,56.0963707200,56.5289400000,613179
2020-05-22 14:30:00,56.5387711200,57.4628964000,56.5387711200,57.3154296000,1039000
2020-05-22 15:00:00,57.3154296000,57.3154296000,56.3323176000,56.3814732000,1001175
2020-05-25 10:00:00,55.8997483200,56.4994466400,54.9756230400,56.0275528800,2396900
2020-05-25 10:30:00,56.0373840000,56.1848508000,55.1525832000,55.3000500000,815445
2020-05-25 11:00:00,55.3000500000,55.7916060000,54.6413649600,55.7326192800,1265412
2020-05-25 11:30:00,55.7326192800,55.9980595200,55.1329209600,55.3197122400,530400
2020-05-25 13:30:00,55.2902188800,55.6932948000,55.1624143200,55.2312321600,449700
2020-05-25 14:00:00,55.2410632800,55.5458280000,55.0542720000,55.1919076800,684600
2020-05-25 14:30:00,55.1624143200,55.5851524800,55.1132587200,55.3786989600,548316
2020-05-25 15:00:00,55.3688678400,55.6736325600,55.3197122400,55.5163346400,709325
2020-05-26 10:00:00,56.1651885600,58.3378660800,56.1651885600,58.1019192000,3548774
2020-05-26 10:30:00,58.1019192000,58.1510748000,57.1679628000,57.5022208800,1140196
2020-05-26 11:00:00,57.5022208800,57.8266478400,56.8238736000,57.1581316800,1030081
2020-05-26 11:30:00,57.1581316800,57.4628964000,57.0106648800,57.3645852000,418885
2020-05-26 13:30:00,57.3842474400,57.7578300000,57.1974561600,57.2072872800,515000
2020-05-26 14:00:00,57.1974561600,57.8069856000,57.1777939200,57.3449229600,590200
2020-05-26 14:30:00,57.3449229600,57.5415453600,57.0696516000,57.3744163200,601900
2020-05-26 15:00:00,57.3744163200,57.8069856000,57.3350918400,57.4137408000,873856
2020-05-27 10:00:00,57.3252607200,57.5022208800,55.9292416800,56.1750196800,2355841
2020-05-27 10:30:00,56.2438375200,56.2438375200,55.4573479200,55.7129570400,1501495
2020-05-27 11:00:00,55.7129570400,56.2634997600,55.1132587200,56.2438375200,1413621
2020-05-27 11:30:00,56.2438375200,56.6764068000,56.2241752800,56.3814732000,673400
2020-05-27 13:30:00,56.3814732000,56.5879267200,56.1553574400,56.2929931200,408300
2020-05-27 14:00:00,56.3028242400,56.3028242400,55.7227881600,55.8505927200,570300
2020-05-27 14:30:00,55.8604238400,56.1356952000,55.5556591200,55.6343080800,642103
2020-05-27 15:00:00,55.6343080800,55.8309304800,55.4081923200,55.4770101600,931805
2020-05-28 10:00:00,55.4376856800,56.4207976800,55.0149475200,55.6932948000,1753601
2020-05-28 10:30:00,55.6932948000,55.9194105600,55.1329209600,55.2017388000,723335
2020-05-28 11:00:00,55.2017388000,55.4770101600,54.8478184800,55.4770101600,995814
2020-05-28 11:30:00,55.4770101600,55.4966724000,54.9657919200,55.2410632800,334400
2020-05-28 13:30:00,55.1525832000,55.2312321600,54.3169380000,55.2115699200,941327
2020-05-28 14:00:00,55.2312321600,55.2902188800,54.6905205600,54.9166363200,378800
2020-05-28 14:30:00,54.9166363200,55.8407616000,54.7593384000,55.7129570400,711368
2020-05-28 15:00:00,55.7129570400,56.0373840000,55.5556591200,56.0078906400,1062428
2020-05-29 10:00:00,55.4770101600,56.5191088800,54.9559608000,56.2536686400,1347825
2020-05-29 10:30:00,56.2536686400,56.3913043200,56.0275528800,56.1553574400,706707
2020-05-29 11:00:00,56.1848508000,57.1679628000,56.0373840000,56.6567445600,1408000
2020-05-29 11:30:00,56.6567445600,56.7845491200,56.1356952000,56.3323176000,600808
2020-05-29 13:30:00,56.3323176000,56.8042113600,56.1160329600,56.7255624000,678490
2020-05-29 14:00:00,56.7255624000,56.8140424800,56.2831620000,56.7845491200,537200
2020-05-29 14:30:00,56.7452246400,56.8828603200,56.3913043200,56.8828603200,786061
2020-05-29 15:00:00,56.8828603200,57.0008337600,56.5092777600,56.9418470400,1965305
2020-06-01 10:00:00,57.4235719200,58.6819552800,57.4235719200,58.1707370400,2905503
2020-06-01 10:30:00,58.1805681600,58.6524619200,57.7086744000,58.3771905600,1534807
2020-06-01 11:00:00,58.3476972000,58.9768888800,58.1903992800,58.9768888800,1792244
2020-06-01 11:30:00,58.9768888800,59.0948623200,58.6721241600,59.0358756000,1104545
2020-06-01 13:30:00,59.1046934400,59.8125340800,58.8687465600,59.5470938400,2074161
2020-06-01 14:00:00,59.5470938400,59.7338851200,59.3013158400,59.5372627200,981000
2020-06-01 14:30:00,59.5667560800,59.6650672800,59.0457067200,59.2226668800,870300
2020-06-01 15:00:00,59.2128357600,59.3504714400,58.9867200000,59.0260444800,1180488
2020-06-02 10:00:00,59.0358756000,59.4389515200,58.0822569600,58.2002304000,2737315
2020-06-02 10:30:00,58.1707370400,58.6524619200,58.1510748000,58.2493860000,1054980
2020-06-02 11:00:00,58.2198926400,58.6721241600,58.0232702400,58.5344884800,901985
2020-06-02 11:30:00,58.5443196000,58.5443196000,58.0036080000,58.2002304000,647826
2020-06-02 13:30:00,58.2100615200,58.6327996800,58.0724258400,58.6131374400,605604
2020-06-02 14:00:00,58.5836440800,58.9375644000,58.4263461600,58.8589154400,790221
2020-06-02 14:30:00,58.8589154400,58.9473955200,58.3968528000,58.5049951200,825097
2020-06-02 15:00:00,58.5049951200,58.7507731200,58.3968528000,58.7114486400,912209
2020-06-03 10:00:00,59.9501697600,60.3532456800,58.4951640000,58.7999287200,4238868
2020-06-03 10:30:00,58.8097598400,59.0948623200,58.5639818400,58.8884088000,1027240
2020-06-03 11:00:00,58.8982399200,59.0850312000,58.7114486400,59.0358756000,682584
2020-06-03 11:30:00,59.0457067200,59.5176004800,58.9965511200,59.5176004800,928979
2020-06-03 13:30:00,59.5765872000,59.8223652000,59.4291204000,59.4782760000,1354828
2020-06-03 14:00:00,59.4782760000,59.5765872000,59.3504714400,59.4094581600,837890
2020-06-03 14:30:00,59.4094581600,59.5569249600,58.5443196000,58.5738129600,1008883
2020-06-03 15:00:00,58.5738129600,58.7900976000,58.3280349600,58.3476972000,1512672
2020-06-04 10:00:00,58.7900976000,58.8785776800,57.5415453600,58.5639818400,2376253
2020-06-04 10:30:00,58.4951640000,58.9375644000,58.3968528000,58.8589154400,935339
2020-06-04 11:00:00,58.8589154400,58.8687465600,58.2002304000,58.3673594400,604163
2020-06-04 11:30:00,58.3575283200,58.4460084000,57.9052968000,57.9839457600,536028
2020-06-04 13:30:00,57.9642835200,58.1510748000,57.8069856000,57.8266478400,548985
2020-06-04 14:00:00,57.8266478400,58.1805681600,57.8069856000,57.8266478400,562000
2020-06-04 14:30:00,57.8266478400,58.1903992800,57.8168167200,58.0036080000,567703
2020-06-04 15:00:00,58.0134391200,58.2002304000,57.8069856000,58.0822569600,864079
2020-06-05 10:00:00,58.0036080000,58.7900976000,57.8364789600,57.9839457600,1009600
2020-06-05 10:30:00,57.9347901600,58.5541507200,57.8758034400,58.1412436800,733814
2020-06-05 11:00:00,58.1412436800,58.3378660800,57.9151279200,58.1510748000,702565
2020-06-05 11:30:00,58.1510748000,58.2887104800,58.0036080000,58.0232702400,403300
2020-06-05 13:30:00,58.0036080000,58.4066839200,58.0036080000,58.2985416000,508802
2020-06-05 14:00:00,58.3476972000,58.7114486400,58.2297237600,58.6524619200,783608
2020-06-05 14:30:00,58.6524619200,59.7338851200,58.6524619200,59.5077693600,2354524
2020-06-05 15:00:00,59.5274316000,59.5274316000,59.2128357600,59.4291204000,1323583
2020-06-08 10:00:00,60.1172988000,60.3532456800,59.2324980000,59.8715208000,2567825
2020-06-08 10:30:00,59.8715208000,59.8715208000,58.8982399200,59.2128357600,1049363
2020-06-08 11:00:00,59.2128357600,59.3406403200,59.0260444800,59.1735112800,536500
2020-06-08 11:30:00,59.1735112800,59.2521602400,58.5541507200,58.5541507200,791800
2020-06-08 13:30:00,58.5639818400,58.7016175200,58.3083727200,58.5049951200,759108
2020-06-08 14:00:00,58.5049951200,58.9179021600,58.3476972000,58.7704353600,576227
2020-06-08 14:30:00,58.7704353600,59.6748984000,58.7704353600,59.6650672800,1073390
2020-06-08 15:00:00,59.6454050400,59.6748984000,58.8884088000,59.0948623200,969863
2020-06-09 10:00:00,59.1341868000,59.3701336800,58.7900976000,59.1538490400,1216219
2020-06-09 10:30:00,59.1538490400,59.5765872000,58.9473955200,58.9867200000,854635
2020-06-09 11:00:00,58.9867200000,59.2619913600,58.6917864000,59.1440179200,662900
2020-06-09 11:30:00,59.1440179200,59.2030046400,58.7507731200,59.0358756000,343755
2020-06-09 13:30:00,59.0260444800,59.4192892800,58.9670577600,59.3209780800,562442
2020-06-09 14:00:00,59.3308092000,59.4291204000,59.1243556800,59.3013158400,464800
2020-06-09 14:30:00,59.3111469600,59.3111469600,58.7507731200,58.8785776800,807900
2020-06-09 15:00:00,58.8785776800,59.2619913600,58.7212797600,59.2521602400,943697
2020-06-10 10:00:00,59.0162133600,59.2324980000,58.4066839200,58.7900976000,1130426
2020-06-10 10:30:00,58.7900976000,58.8097598400,58.4951640000,58.6229685600,562338
2020-06-10 11:00:00,58.6327996800,58.6327996800,57.5218831200,57.6103632000,1620013
2020-06-10 11:30:00,57.6103632000,58.2887104800,57.5612076000,58.2788793600,656850
2020-06-10 13:30:00,58.2788793600,58.8490843200,58.2592171200,58.7900976000,673613
2020-06-10 14:00:00,58.7999287200,59.0653689600,58.7409420000,59.0555378400,660592
2020-06-10 14:30:00,59.0752000800,59.1931735200,58.9080710400,59.1440179200,822469
2020-06-10 15:00:00,59.1341868000,59.5765872000,58.9965511200,59.5765872000,1389188
2020-06-11 10:00:00,59.5569249600,61.4445000000,59.1538490400,61.3855132800,3224413
2020-06-11 10:30:00,61.3953444000,62.0343672000,61.0610863200,61.7689269600,2511485
2020-06-11 11:00:00,61.7689269600,61.8180825600,61.3658510400,61.5231489600,1068351
2020-06-11 11:30:00,61.5231489600,62.7225456000,61.4445000000,62.4571053600,2015374
2020-06-11 13:30:00,62.4276120000,62.4276120000,61.0807485600,61.3953444000,1669286
2020-06-11 14:00:00,61.3953444000,61.6411224000,60.8742950400,61.0709174400,1548554
2020-06-11 14:30:00,61.0709174400,61.4445000000,60.4417257600,61.3953444000,1575729
2020-06-11 15:00:00,61.4051755200,62.1326784000,61.4051755200,61.9262248800,2166241
2020-06-12 10:00:00,60.3040900800,62.1818340000,60.3040900800,62.0343672000,2676897
2020-06-12 10:30:00,62.0245360800,62.9191680000,61.7492647200,62.4964298400,2557880
2020-06-12 11:00:00,62.4964298400,63.8924488800,62.4964298400,63.4008928800,2419102
2020-06-12 11:30:00,63.3910617600,63.4992040800,62.6438966400,63.0076480800,1324128
2020-06-12 13:30:00,63.0076480800,63.3517372800,62.6340655200,63.0764659200,951074
2020-06-12 14:00:00,63.0469725600,63.6466708800,62.8700124000,63.3124128000,1134803
2020-06-12 14:30:00,63.3025816800,64.3741737600,63.1747771200,64.3741737600,2161808
2020-06-12 15:00:00,64.3446804000,65.0820144000,63.4205551200,63.4205551200,4176297
2020-06-15 10:00:00,63.3124128000,64.1972136000,62.6733900000,63.9514356000,2672785
2020-06-15 10:30:00,63.9514356000,65.3671168800,63.5090352000,65.1606633600,1763786
2020-06-15 11:00:00,65.1704944800,65.7112060800,64.7870808000,64.9542098400,2103943
2020-06-15 11:30:00,64.9640409600,65.7701928000,64.9640409600,65.7210372000,1266806
2020-06-15 13:30:00,65.7308683200,65.7308683200,64.7379252000,65.2982990400,1260219
2020-06-15 14:00:00,65.3277924000,65.3277924000,64.5511339200,64.8952231200,1260745
2020-06-15 14:30:00,64.8853920000,65.4457658400,64.7477563200,64.9935343200,1095539
2020-06-15 15:00:00,64.9935343200,65.1999878400,64.2562003200,64.2562003200,2023059
2020-06-16 10:00:00,65.1508322400,65.6030637600,64.3446804000,64.3643426400,2385251
2020-06-16 10:30:00,64.3643426400,67.2645230400,64.3151870400,67.1170562400,3449248
2020-06-16 11:00:00,67.0973940000,67.6282744800,66.6058380000,67.4316520800,2021151
2020-06-16 11:30:00,67.4414832000,67.4414832000,66.5370201600,66.5370201600,977193
2020-06-16 13:30:00,66.6549936000,67.2743541600,66.5271890400,67.2743541600,588395
2020-06-16 14:00:00,67.2940164000,67.3431720000,66.7238114400,66.8024604000,547143
2020-06-16 14:30:00,66.8122915200,66.8516160000,66.4976956800,66.7041492000,511919
2020-06-16 15:00:00,66.6943180800,66.7139803200,66.4387089600,66.6255002400,1033363
2020-06-17 10:00:00,66.6648247200,66.6943180800,65.8193484000,66.2420865600,1847830
2020-06-17 10:30:00,66.2420865600,66.3600600000,65.0820144000,65.2294812000,1821034
2020-06-17 11:00:00,65.2294812000,65.7701928000,65.1606633600,65.5735704000,947394
2020-06-17 11:30:00,65.5735704000,65.7701928000,65.3179612800,65.4654280800,460002
2020-06-17 13:30:00,65.4654280800,65.8390106400,65.2786368000,65.7210372000,618751
2020-06-17 14:00:00,65.7210372000,65.9864774400,65.6522193600,65.6718816000,666105
2020-06-17 14:30:00,65.6522193600,66.3207355200,65.5145836800,66.3207355200,837622
2020-06-17 15:00:00,66.3109044000,66.3207355200,65.7701928000,65.8390106400,830370
2020-06-18 10:00:00,66.0159708000,66.3600600000,64.6396140000,64.8067430400,1684812
2020-06-18 10:30:00,64.8067430400,64.9247164800,64.1480580000,64.7182629600,1572996
2020-06-18 11:00:00,64.7477563200,65.2589745600,64.3250181600,65.1508322400,891824
2020-06-18 11:30:00,65.1410011200,65.3769480000,64.9345476000,65.0820144000,499929
2020-06-18 13:30:00,65.0820144000,65.5047525600,64.9345476000,65.4261036000,458768
2020-06-18 14:00:00,65.4261036000,65.7308683200,65.3572857600,65.3572857600,569965
2020-06-18 14:30:00,65.3376235200,65.6423882400,64.9837032000,65.5244148000,484501
2020-06-18 15:00:00,65.5145836800,65.8488417600,65.4555969600,65.5244148000,944027
2020-06-19 10:00:00,65.4555969600,65.8390106400,64.6789384800,64.8853920000,1226663
2020-06-19 10:30:00,64.8853920000,66.2519176800,64.8853920000,65.7800239200,941320
2020-06-19 11:00:00,65.7800239200,66.0159708000,65.5145836800,65.6718816000,517375
2020-06-19 11:30:00,65.6915438400,65.7210372000,65.1311700000,65.1803256000,448768
2020-06-19 13:30:00,65.1803256000,65.7210372000,65.1410011200,65.5342459200,501255
2020-06-19 14:00:00,65.5342459200,65.7013749600,65.3769480000,65.6718816000,561039
2020-06-19 14:30:00,65.6718816000,65.8685040000,65.2393123200,65.5145836800,559900
2020-06-19 15:00:00,65.5244148000,65.7210372000,65.1606633600,65.5342459200,1092104
2020-06-22 10:00:00,65.7505305600,67.4906388000,65.7308683200,65.8979973600,2354149
2020-06-22 10:30:00,65.9569840800,66.4288778400,65.2491434400,65.7406994400,1004620
2020-06-22 11:00:00,65.7505305600,66.4387089600,65.2786368000,66.1634376000,777373
2020-06-22 11:30:00,66.1634376000,66.4190467200,65.9373218400,66.1830998400,300368
2020-06-22 13:30:00,66.1830998400,66.5271890400,65.8390106400,66.2814110400,480114
2020-06-22 14:00:00,66.2814110400,66.2814110400,65.5440770400,65.5932326400,563955
2020-06-22 14:30:00,65.5932326400,65.9766463200,65.3769480000,65.8881662400,528522
2020-06-22 15:00:00,65.9963085600,65.9963085600,65.6227260000,65.7701928000,651252
2020-06-23 10:00:00,65.3769480000,65.8193484000,64.7575874400,65.5244148000,1454484
2020-06-23 10:30:00,65.5342459200,66.8516160000,65.5342459200,66.8319537600,1629515
2020-06-23 11:00:00,66.8417848800,66.8417848800,66.1830998400,66.4583712000,859270
2020-06-23 11:30:00,66.4583712000,66.6549936000,66.0159708000,66.1634376000,493000
2020-06-23 13:30:00,66.1634376000,66.4092156000,66.0651264000,66.1536064800,596822
2020-06-23 14:00:00,66.1536064800,66.2420865600,65.8979973600,65.8979973600,499545
2020-06-23 14:30:00,65.8979973600,66.1536064800,65.5342459200,66.0847886400,671820
2020-06-23 15:00:00,66.0847886400,66.6058380000,65.8979973600,66.3797222400,1199272
2020-06-24 10:00:00,66.8516160000,70.8823752000,66.8516160000,69.7124719200,5235673
2020-06-24 10:30:00,69.7911208800,70.0958856000,69.4372005600,69.7812897600,1094409
2020-06-24 11:00:00,69.8206142400,69.9779121600,69.1717603200,69.2110848000,733600
2020-06-24 11:30:00,69.2110848000,69.2897337600,68.5229064000,68.8964889600,942145
2020-06-24 13:30:00,68.8964889600,68.8964889600,68.0313504000,68.0903371200,820091
2020-06-24 14:00:00,68.1099993600,68.2672972800,67.9428703200,67.9821948000,714500
2020-06-24 14:30:00,67.9821948000,68.2771284000,67.6282744800,67.9920259200,608069
2020-06-24 15:00:00,68.0018570400,68.3951018400,67.8543902400,67.9527014400,866133
2020-06-29 10:00:00,69.4077072000,74.5198896000,69.3290582400,73.5367776000,7839980
2020-06-29 10:30:00,73.5171153600,74.7165120000,72.9272481600,74.5297207200,3431677
2020-06-29 11:00:00,74.5297207200,74.6968497600,73.7334000000,74.1463070400,1204200
2020-06-29 11:30:00,74.1561381600,74.3134360800,73.2418440000,73.8415423200,965313
2020-06-29 13:30:00,73.8317112000,74.4707340000,73.6547510400,73.9595157600,815204
2020-06-29 14:00:00,73.9791780000,74.6378630400,73.7432311200,74.3232672000,838089
2020-06-29 14:30:00,74.3134360800,74.7460053600,74.1168136800,74.3232672000,3190119
2020-06-29 15:00:00,74.3232672000,74.7460053600,74.2642804800,74.7460053600,1361748
2020-06-30 10:00:00,76.9580073600,77.1546297600,74.4019161600,76.2501667200,5985645
2020-06-30 10:30:00,76.2796600800,76.8302028000,75.9945576000,76.7220604800,1672236
2020-06-30 11:00:00,76.7220604800,76.9776696000,75.9748953600,76.5745936800,1613332
2020-06-30 11:30:00,76.5647625600,76.8596961600,76.3779712800,76.5647625600,769194
2020-06-30 13:30:00,76.5844248000,77.5085500800,75.6996240000,75.8077663200,2186822
2020-06-30 14:00:00,75.8077663200,76.5647625600,75.8077663200,75.8470908000,1187564
2020-06-30 14:30:00,75.8470908000,77.2627720800,75.8470908000,76.1026999200,1263743
2020-06-30 15:00:00,76.1026999200,76.5549314400,75.9257397600,76.3878024000,2086497
2020-07-01 10:00:00,76.7023982400,77.5085500800,75.6996240000,76.2501667200,3088427
2020-07-01 10:30:00,76.2206733600,77.0464874400,75.9847264800,76.7908783200,1560579
2020-07-01 11:00:00,76.7810472000,77.4299011200,76.7417227200,77.0759808000,910499
2020-07-01 11:30:00,77.0366563200,77.1742920000,76.4566202400,76.4566202400,782097
2020-07-01 13:30:00,76.4566202400,76.6040870400,75.0311078400,75.7192862400,1884440
2020-07-01 14:00:00,75.7291173600,75.7291173600,74.1069825600,75.5324949600,2050095
2020-07-01 14:30:00,75.5128327200,77.3217588000,75.0802634400,76.6335804000,1930115
2020-07-01 15:00:00,76.6237492800,76.6827360000,75.6504684000,75.6996240000,2543651
2020-07-02 10:00:00,76.6925671200,77.3414210400,75.0311078400,76.4762824800,3009009
2020-07-02 10:30:00,76.4762824800,77.0759808000,75.8962464000,76.5844248000,1546918
2020-07-02 11:00:00,76.5647625600,76.9285140000,75.9945576000,76.3681401600,961946
2020-07-02 11:30:00,76.3681401600,76.4959447200,75.9847264800,76.0338820800,818930
2020-07-02 13:30:00,76.0437132000,77.3315899200,75.9257397600,76.6040870400,1621436
2020-07-02 14:00:00,76.5844248000,76.7122293600,76.1026999200,76.7023982400,946032
2020-07-02 14:30:00,76.7908783200,77.4397322400,76.4074646400,77.3709144000,2080436
2020-07-02 15:00:00,77.4004077600,77.6658480000,76.8793584000,77.4790567200,2456981
2020-07-03 10:00:00,77.3709144000,78.0492616800,75.7979352000,76.3091534400,2777413
2020-07-03 10:30:00,76.3091534400,76.4566202400,74.0185024800,74.3232672000,3430165
2020-07-03 11:00:00,74.3232672000,75.3948592800,74.3232672000,75.3162103200,1507999
2020-07-03 11:30:00,75.3063792000,76.3878024000,75.2965480800,75.4538460000,1127532
2020-07-03 13:30:00,75.4538460000,76.1715177600,75.3653659200,75.9748953600,736692
2020-07-03 14:00:00,75.9454020000,76.4762824800,75.6996240000,76.0142198400,942463
2020-07-03 14:30:00,75.9945576000,76.4566202400,75.9355708800,76.3091534400,746526
2020-07-03 15:00:00,76.2894912000,76.6335804000,75.9552331200,76.1420244000,1327249
2020-07-06 10:00:00,77.6560168800,80.2612636800,76.6827360000,79.8286944000,6138038
2020-07-06 10:30:00,79.8483566400,80.9887665600,79.5140985600,79.7992010400,1924700
2020-07-06 11:00:00,79.8286944000,80.5561972800,79.2191649600,79.9270056000,1225900
2020-07-06 11:30:00,79.8385255200,80.1236280000,79.3568006400,80.0941346400,979380
2020-07-06 13:30:00,80.1236280000,81.7752561600,79.5337608000,79.8778500000,1790802
2020-07-06 14:00:00,79.8188632800,80.3399126400,79.5337608000,79.5829164000,803695
2020-07-06 14:30:00,79.6222408800,79.9171744800,78.8160890400,78.9144002400,1006495
2020-07-06 15:00:00,78.8750757600,79.7402143200,78.8750757600,79.4452807200,1276442
2020-07-07 10:00:00,80.5955217600,83.9970892800,79.7893699200,83.1712752000,4409803
2020-07-07 10:30:00,83.1122884800,85.1080058400,82.9648216800,84.1445560800,2154650
2020-07-07 11:00:00,84.1543872000,84.1740494400,82.9746528000,83.8496224800,985712
2020-07-07 11:30:00,83.7119868000,84.5967876000,83.6628312000,84.5574631200,648159
2020-07-07 13:30:00,84.6459432000,85.9731444000,84.5967876000,84.8130722400,1392914
2020-07-07 14:00:00,84.8032411200,87.3888256800,84.8032411200,86.5728427200,1884112
2020-07-07 14:30:00,86.5433493600,86.5925049600,85.2947971200,86.2189224000,1230541
2020-07-07 15:00:00,86.2189224000,87.0054120000,84.1445560800,84.4984764000,1566777
2020-07-08 10:00:00,83.2695864000,86.9857497600,83.2499241600,83.6333378400,3445020
2020-07-08 10:30:00,83.6038444800,87.4674746400,83.6038444800,87.3298389600,2123593
2020-07-08 11:00:00,87.1627099200,87.4183190400,85.8453398400,86.1992601600,1041644
2020-07-08 11:30:00,86.1992601600,86.1992601600,84.7442544000,85.5209128800,868116
2020-07-08 13:30:00,85.3341216000,86.3663892000,84.9605390400,85.5798996000,712953
2020-07-08 14:00:00,85.6290552000,86.1795979200,84.4001652000,84.4099963200,1525184
2020-07-08 14:30:00,84.4099963200,87.0447364800,84.2330361600,85.9731444000,1498856
2020-07-08 15:00:00,85.9731444000,86.8087896000,85.6290552000,86.6023360800,1112643
2020-07-09 10:00:00,86.3074024800,87.4969680000,85.4520950400,86.7203095200,2333916
2020-07-09 10:30:00,86.7596340000,87.9885240000,86.2975713600,86.4941937600,1984392
2020-07-09 11:00:00,86.4253759200,87.1332165600,85.6290552000,87.1233854400,1372447
2020-07-09 11:30:00,87.1430476800,89.7384633600,86.8284518400,89.6008276800,1689325
2020-07-09 13:30:00,90.3283305600,92.0881010400,89.6598144000,92.0487765600,2630739
2020-07-09 14:00:00,92.0094520800,92.0094520800,88.5783912000,89.1584272800,1816423
2020-07-09 14:30:00,89.1682584000,89.1682584000,86.6809850400,86.7104784000,1595473
2020-07-09 15:00:00,86.7203095200,88.3817688000,86.7203095200,88.0770040800,1309547
2020-07-10 10:00:00,96.8856876000,96.8856876000,96.8856876000,96.8856876000,2618987
2020-07-10 10:30:00,96.8856876000,96.8856876000,96.8856876000,96.8856876000,130225
2020-07-10 11:00:00,96.8856876000,96.8856876000,96.8856876000,96.8856876000,80553
2020-07-10 11:30:00,96.8856876000,96.8856876000,96.8856876000,96.8856876000,51446
2020-07-10 13:30:00,96.8856876000,96.8856876000,96.8856876000,96.8856876000,58600
2020-07-10 14:00:00,96.8856876000,96.8856876000,96.8856876000,96.8856876000,30441
2020-07-10 14:30:00,96.8856876000,96.8856876000,96.8856876000,96.8856876000,85391
2020-07-10 15:00:00,96.8856876000,96.8856876000,96.8856876000,96.8856876000,308619
2020-07-13 10:00:00,106.5398474400,106.5791719200,101.2605360000,106.5791719200,12631766
2020-07-13 10:30:00,106.5791719200,106.5791719200,106.5791719200,106.5791719200,299385
2020-07-13 11:00:00,106.5791719200,106.5791719200,106.5791719200,106.5791719200,46600
2020-07-13 11:30:00,106.5791719200,106.5791719200,106.5791719200,106.5791719200,165800
2020-07-13 13:30:00,106.5791719200,106.5791719200,105.4879176000,105.5567354400,2006423
2020-07-13 14:00:00,105.6157221600,106.5791719200,105.6157221600,106.5791719200,2958261
2020-07-13 14:30:00,106.5791719200,106.5791719200,106.5595096800,106.5791719200,1136899
2020-07-13 15:00:00,106.5791719200,106.5791719200,106.5791719200,106.5791719200,191971
2020-07-14 10:00:00,108.0046843200,110.5017888000,105.1929840000,107.1592080000,7944998
2020-07-14 10:30:00,107.1788702400,109.8824282400,105.7140333600,107.0215723200,3627491
2020-07-14 11:00:00,107.0707279200,110.6984112000,105.6648777600,109.3810411200,2862144
2020-07-14 11:30:00,109.3515477600,109.9315838400,106.2055893600,106.2449138400,1478080
2020-07-14 13:30:00,106.1760960000,108.1423200000,105.9794736000,106.7168076000,2229533
2020-07-14 14:00:00,106.7463009600,106.8347810400,102.5189193600,103.4430446400,3102010
2020-07-14 14:30:00,103.4430446400,106.9920789600,103.4430446400,106.6873142400,2056378
2020-07-14 15:00:00,106.6873142400,108.1423200000,105.8123445600,107.1198835200,1868134
2020-07-15 10:00:00,107.1198835200,107.1198835200,103.2365911200,104.3081832000,4173467
2020-07-15 10:30:00,104.2590276000,105.6353844000,101.1720559200,101.6537808000,2641590
2020-07-15 11:00:00,101.6537808000,103.3742268000,101.2212115200,101.2605360000,2629815
2020-07-15 11:30:00,101.2605360000,102.2239857600,99.9529970400,101.6341185600,1899533
2020-07-15 13:30:00,101.6341185600,104.2295342400,100.9950957600,102.7941907200,1563737
2020-07-15 14:00:00,102.8138529600,104.4261566400,102.4501015200,103.8264583200,1266098
2020-07-15 14:30:00,103.8461205600,103.9935873600,100.9361090400,101.1917181600,1436982
2020-07-15 15:00:00,101.1917181600,101.6046252000,98.3013688800,98.5963024800,3430332
2020-07-16 10:00:00,98.6061336000,101.2408737600,97.3379191200,98.1145776000,4662903
2020-07-16 10:30:00,98.1047464800,103.2267600000,98.0162664000,101.4571584000,3646937
2020-07-16 11:00:00,101.2605360000,101.6242874400,99.2943120000,99.5695833600,1274300
2020-07-16 11:30:00,99.5990767200,100.5526953600,98.1145776000,100.4642152800,1291078
2020-07-16 13:30:00,100.4642152800,100.4642152800,96.4236249600,96.7775452800,1743365
2020-07-16 14:00:00,96.7677141600,98.5569780000,94.4377387200,95.7551088000,1922971
2020-07-16 14:30:00,96.0500424000,96.3548071200,93.8380404000,94.3787520000,2025521
2020-07-16 15:00:00,94.3787520000,95.3716951200,93.2973288000,94.1919607200,2411226
2020-07-17 10:00:00,95.9222378400,96.8365320000,93.3956400000,94.8506457600,3510470
2020-07-17 10:30:00,94.7523345600,97.2985946400,93.6414180000,97.0921411200,2372541
2020-07-17 11:00:00,97.1314656000,97.8196440000,95.3716951200,96.0402112800,1251000
2020-07-17 11:30:00,96.0402112800,96.3253137600,94.4770632000,94.6638544800,1416825
2020-07-17 13:30:00,94.5753744000,96.0500424000,93.4546267200,93.9953383200,1455810
2020-07-17 14:00:00,93.9658449600,95.1652416000,93.4349644800,94.7326723200,903455
2020-07-17 14:30:00,94.7425034400,96.7382208000,94.2509474400,95.9222378400,1376236
2020-07-17 15:00:00,95.8927444800,96.4039627200,94.2312852000,94.5065565600,1779229
2020-07-20 10:00:00,96.3449760000,98.3112000000,94.9292947200,95.8829133600,4192092
2020-07-20 10:30:00,95.8435888800,96.5121050400,94.5262188000,94.8113212800,1269207
2020-07-20 11:00:00,94.7719968000,96.5022739200,94.3885831200,96.3449760000,1207977
2020-07-20 11:30:00,96.3449760000,96.5022739200,94.6736856000,95.4896685600,780256
2020-07-20 13:30:00,95.3618640000,96.8365320000,95.1849038400,96.3744693600,1466415
2020-07-20 14:00:00,96.4826116800,96.5022739200,95.2635528000,95.4208507200,973873
2020-07-20 14:30:00,95.4208507200,95.5978108800,94.4967254400,94.9096324800,976844
2020-07-20 15:00:00,94.9292947200,96.0500424000,94.8211524000,95.6567976000,1178350
2020-07-21 10:00:00,97.3280880000,103.2267600000,97.3280880000,101.5554696000,5311219
2020-07-21 10:30:00,101.5751318400,104.2098720000,101.3785094400,101.5554696000,2558113
2020-07-21 11:00:00,101.6537808000,101.8602343200,99.2943120000,100.0808016000,1323463
2020-07-21 11:30:00,100.0808016000,100.5625264800,99.0190406400,100.3757352000,736994
2020-07-21 13:30:00,100.4838775200,100.6903310400,98.9698850400,99.9824904000,792950
2020-07-21 14:00:00,99.8251924800,100.3757352000,99.2549875200,99.8841792000,563299
2020-07-21 14:30:00,99.8841792000,100.7788111200,99.4909344000,100.3757352000,621693
2020-07-21 15:00:00,100.3757352000,100.6116820800,99.0878584800,99.2943120000,1254365
2020-07-22 10:00:00,98.2128888000,100.7689800000,97.4263992000,99.3238053600,2288536
2020-07-22 10:30:00,99.3238053600,99.9431659200,98.4783290400,99.6875568000,957784
2020-07-22 11:00:00,99.7760368800,101.8405720800,99.7760368800,101.3883405600,1532604
2020-07-22 11:30:00,101.4178339200,102.1355056800,100.9852646400,101.0049268800,765237
2020-07-22 13:30:00,101.0049268800,101.4571584000,100.5723576000,100.5723576000,556925
2020-07-22 14:00:00,100.5723576000,100.7886422400,99.8350236000,100.0808016000,608412
2020-07-22 14:30:00,100.1102949600,101.7422608800,99.9431659200,100.8967845600,826285
2020-07-22 15:00:00,101.1032380800,101.4080028000,99.5400900000,100.2872551200,1213758
2020-07-23 10:00:00,97.7016705600,101.2310426400,97.7016705600,98.9600539200,2353064
2020-07-23 10:30:00,98.9600539200,99.6875568000,96.8365320000,97.2297768000,2176710
2020-07-23 11:00:00,97.2396079200,99.2844808800,96.3548071200,96.6595718400,1176581
2020-07-23 11:30:00,96.6595718400,98.4488356800,96.5317672800,98.1440709600,780776
2020-07-23 13:30:00,98.1440709600,98.5373157600,97.8196440000,98.2620444000,915344
2020-07-23 14:00:00,98.2227199200,98.5766402400,97.7803195200,98.1244087200,533763
2020-07-23 14:30:00,98.1244087200,99.0288717600,98.0359286400,98.3406933600,693305
2020-07-23 15:00:00,98.3406933600,98.9600539200,98.1145776000,98.8027560000,900025
2020-07-24 10:00:00,98.3112000000,101.1622248000,97.4165680800,98.1342398400,2634126
2020-07-24 10:30:00,98.1833954400,98.1833954400,96.0008868000,96.5415984000,1796445
2020-07-24 11:00:00,96.3548071200,97.3280880000,95.4601752000,95.9517312000,1341033
2020-07-24 11:30:00,95.9124067200,96.0303801600,94.1821296000,94.2312852000,2129483
2020-07-24 13:30:00,93.9855072000,94.1722984800,92.3830346400,93.8871960000,2265902
2020-07-24 14:00:00,93.8871960000,94.8703080000,93.1695242400,93.1695242400,967700
2020-07-24 14:30:00,93.1007064000,93.4644578400,92.0192832000,93.2186798400,1674644
2020-07-24 15:00:00,93.3956400000,93.7888848000,92.3535412800,92.4420213600,1412141
2020-07-27 10:00:00,92.5108392000,95.3520328800,90.9378600000,94.0543250400,2658599
2020-07-27 10:30:00,93.8871960000,95.0276059200,93.3956400000,93.5037823200,854100
2020-07-27 11:00:00,93.5136134400,93.8675337600,92.7566172000,93.1793553600,847073
2020-07-27 11:30:00,93.1793553600,93.2874976800,91.9602964800,92.6976304800,637000
2020-07-27 13:30:00,92.6877993600,93.3464844000,91.5768828000,93.3366532800,730492
2020-07-27 14:00:00,93.3169910400,93.7495603200,92.5894881600,93.1498620000,646637
2020-07-27 14:30:00,93.1498620000,93.3563155200,92.1470877600,92.6583060000,492994
2020-07-27 15:00:00,92.6583060000,92.6583060000,91.6260384000,92.2355678400,777860
2020-07-28 10:00:00,93.3268221600,94.3001030400,92.1175944000,92.8942528800,1885983
2020-07-28 10:30:00,92.8942528800,92.8942528800,91.6063761600,92.2748923200,1128865
2020-07-28 11:00:00,92.2748923200,94.4082453600,91.9996209600,93.5922624000,1496164
2020-07-28 11:30:00,93.7004047200,94.1821296000,92.8745906400,93.2678354400,838600
2020-07-28 13:30:00,93.2678354400,93.6807424800,92.7566172000,93.2776665600,457598
2020-07-28 14:00:00,93.2186798400,93.4742889600,92.6189815200,93.1990176000,430000
2020-07-28 14:30:00,93.1990176000,93.4447956000,92.6091504000,92.7271238400,470106
2020-07-28 15:00:00,92.7074616000,93.4939512000,92.4420213600,93.4251333600,792074
2020-07-29 10:00:00,93.8871960000,99.6678945600,93.5037823200,97.1216344800,4561279
2020-07-29 10:30:00,97.0233232800,97.1118033600,95.6567976000,96.3253137600,1908730
2020-07-29 11:00:00,95.9910556800,96.5022739200,94.9784503200,95.7551088000,1158464
2020-07-29 11:30:00,95.7747710400,96.6104162400,95.4208507200,96.0893668800,573500
2020-07-29 13:30:00,96.3253137600,96.4924428000,95.2438905600,96.4432872000,726840
2020-07-29 14:00:00,96.3548071200,97.0528166400,96.1483536000,96.8365320000,533000
2020-07-29 14:30:00,96.8365320000,97.2297768000,96.3548071200,96.9151809600,564273
2020-07-29 15:00:00,96.9053498400,97.4067369600,96.6497407200,97.3280880000,989200
2020-07-30 10:00:00,97.3280880000,97.7311639200,93.4447956000,93.7593914400,3316240
2020-07-30 10:30:00,93.7593914400,94.5852055200,92.6877993600,93.6414180000,2739531
2020-07-30 11:00:00,93.6414180000,93.8478715200,93.1007064000,93.5332756800,922500
2020-07-30 11:30:00,93.5332756800,94.3787520000,93.2285109600,93.9363516000,573600
2020-07-30 13:30:00,93.9363516000,93.9363516000,92.9729018400,93.0122263200,896942
2020-07-30 14:00:00,93.0122263200,94.4770632000,93.0122263200,94.4770632000,822255
2020-07-30 14:30:00,94.3885831200,94.8014901600,94.0051694400,94.4672320800,691752
2020-07-30 15:00:00,94.4279076000,94.4672320800,93.6020935200,93.6020935200,887633
2020-07-31 10:00:00,94.2804408000,97.2887635200,94.0444939200,97.2199456800,3843908
2020-07-31 10:30:00,97.2297768000,97.7704884000,96.3548071200,96.5907540000,2032286
2020-07-31 11:00:00,96.6104162400,97.2396079200,95.0865926400,95.1160860000,1187100
2020-07-31 11:30:00,95.1259171200,95.9320689600,94.4868943200,95.6469664800,685583
2020-07-31 13:30:00,95.5584864000,95.9910556800,94.9489569600,95.3225395200,380909
2020-07-31 14:00:00,95.3323706400,95.3815262400,94.9686192000,95.0276059200,432400
2020-07-31 14:30:00,95.0276059200,95.4405129600,94.4475698400,95.3520328800,510221
2020-07-31 15:00:00,95.3520328800,95.5879797600,94.8998013600,95.3618640000,771508
2020-08-03 10:00:00,97.3280880000,97.3280880000,94.1624673600,96.6595718400,2652035
2020-08-03 10:30:00,96.5710917600,96.6694029600,95.7551088000,95.8730822400,938850
2020-08-03 11:00:00,95.8730822400,99.7858680000,95.7551088000,98.8814049600,2225904
2020-08-03 11:30:00,98.8814049600,99.2746497600,97.6230216000,98.1440709600,1149892
2020-08-03 13:30:00,98.2915377600,98.3406933600,96.9545054400,98.0949153600,1277757
2020-08-03 14:00:00,98.0850842400,98.1637332000,97.0331544000,97.2199456800,841443
2020-08-03 14:30:00,97.2297768000,97.4165680800,96.1581847200,96.5415984000,1128558
2020-08-03 15:00:00,96.5415984000,97.3280880000,96.2958204000,96.7873764000,1036491
2020-08-04 10:00:00,97.3280880000,97.7704884000,95.4601752000,95.5584864000,2422307
2020-08-04 10:30:00,95.5584864000,95.5584864000,93.2776665600,94.0444939200,2292008
2020-08-04 11:00:00,94.0641561600,95.2438905600,94.0543250400,94.8604768800,936332
2020-08-04 11:30:00,94.8604768800,95.2537216800,93.8970271200,93.8970271200,714593
2020-08-04 13:30:00,93.8871960000,94.1231428800,93.3956400000,93.7987159200,817212
2020-08-04 14:00:00,93.7888848000,94.1919607200,93.3956400000,93.6905736000,658464
2020-08-04 14:30:00,93.6905736000,93.9363516000,93.2776665600,93.4153022400,954644
2020-08-04 15:00:00,93.4153022400,93.6610802400,92.5698259200,93.3858088800,1434283
2020-08-05 10:00:00,95.3618640000,96.9446743200,93.4054711200,94.6146988800,2639885
2020-08-05 10:30:00,94.6146988800,94.8506457600,93.4742889600,94.6441922400,913407
2020-08-05 11:00:00,94.6441922400,95.3520328800,94.1919607200,95.3520328800,660800
2020-08-05 11:30:00,95.3618640000,95.9025756000,94.8703080000,95.9025756000,1263185
2020-08-05 13:30:00,95.9124067200,96.6399096000,95.6076420000,96.6399096000,1344816
2020-08-05 14:00:00,96.6694029600,97.2101145600,96.0697046400,96.1680158400,1589836
2020-08-05 14:30:00,96.1975092000,96.6399096000,95.8042644000,96.0893668800,538900
2020-08-05 15:00:00,96.0795357600,96.4531183200,95.9615623200,96.3351448800,794458
2020-08-06 10:00:00,96.3351448800,96.3351448800,92.6386437600,92.7959416800,3074952
2020-08-06 10:30:00,92.7959416800,93.9855072000,92.7959416800,93.0810441600,1222841
2020-08-06 11:00:00,93.0220574400,93.7790536800,92.8549284000,93.4349644800,1090302
2020-08-06 11:30:00,93.4742889600,94.7228412000,93.0122263200,94.7228412000,737563
2020-08-06 13:30:00,94.8113212800,95.7157843200,94.3295964000,94.9784503200,911369
2020-08-06 14:00:00,94.9784503200,95.1357482400,94.0150005600,94.8408146400,609483
2020-08-06 14:30:00,94.8703080000,95.3422017600,94.5950366400,95.2340594400,600239
2020-08-06 15:00:00,95.2143972000,96.0008868000,94.9489569600,95.2635528000,1113645
2020-08-07 10:00:00,95.2635528000,99.1861696800,94.1919607200,94.4967254400,4371002
2020-08-07 10:30:00,94.4967254400,94.6441922400,92.9827329600,93.2285109600,1693715
2020-08-07 11:00:00,93.4153022400,93.5234445600,92.3437101600,92.6484748800,1342452
2020-08-07 11:30:00,92.7566172000,93.5037823200,91.9013097600,91.9111408800,768100
2020-08-07 13:30:00,91.7243496000,91.8029985600,89.4042052800,89.4336986400,2234694
2020-08-07 14:00:00,89.4533608800,91.3212736800,89.3452185600,90.4757973600,911560
2020-08-07 14:30:00,90.4561351200,91.3900915200,90.4463040000,90.7412376000,863576
2020-08-07 15:00:00,90.7412376000,91.0460023200,89.9547480000,90.2103571200,1401019
2020-08-10 10:00:00,90.2201882400,91.1344824000,87.3789945600,87.4969680000,3363666
2020-08-10 10:30:00,87.4969680000,89.2960629600,87.4871368800,89.2469073600,1438283
2020-08-10 11:00:00,89.2174140000,89.4631920000,87.6149414400,87.6247725600,937191
2020-08-10 11:30:00,87.5952792000,88.2539642400,87.4969680000,88.0180173600,735420
2020-08-10 13:30:00,88.0180173600,89.7384633600,88.0180173600,89.3452185600,987946
2020-08-10 14:00:00,89.3452185600,89.9154235200,88.7160268800,89.8760990400,748354
2020-08-10 14:30:00,89.8760990400,90.5544463200,89.5909965600,90.4463040000,744499
2020-08-10 15:00:00,90.4168106400,90.4561351200,90.0137347200,90.3676550400,1174318
2020-08-11 10:00:00,89.4631920000,93.5922624000,88.9814671200,89.5123476000,4844643
2020-08-11 10:30:00,89.4631920000,90.0530592000,89.1092716800,89.3157252000,1544210
2020-08-11 11:00:00,89.3157252000,89.9449168800,89.0896094400,89.5123476000,533019
2020-08-11 11:30:00,89.6106588000,89.8171123200,88.7356891200,89.0207916000,716143
2020-08-11 13:30:00,88.8634936800,91.3605981600,88.8634936800,91.2524558400,975104
2020-08-11 14:00:00,91.2819492000,91.3605981600,90.7805620800,91.2426247200,675800
2020-08-11 14:30:00,91.2524558400,91.3802604000,89.9547480000,90.5151218400,984138
2020-08-11 15:00:00,90.5937708000,90.5937708000,88.4800800000,88.4800800000,1200760
2020-08-12 10:00:00,89.4238675200,90.4069795200,86.7104784000,87.2905144800,2743579
2020-08-12 10:30:00,87.3003456000,87.6837592800,85.4619261600,85.5307440000,2165634
2020-08-12 11:00:00,85.5307440000,86.0911178400,85.0981747200,85.3341216000,1374934
2020-08-12 11:30:00,85.3734460800,85.8355087200,84.7049299200,84.7245921600,796861
2020-08-12 13:30:00,84.7049299200,84.9703701600,83.5645200000,84.4984764000,1660539
2020-08-12 14:00:00,84.4984764000,85.8355087200,84.2428672800,85.1374992000,797495
2020-08-12 14:30:00,85.1374992000,85.9633132800,84.8229033600,85.9436510400,1038303
2020-08-12 15:00:00,85.9239888000,86.4253759200,85.4127705600,86.2582468800,954427
2020-08-13 10:00:00,86.9071008000,87.7230837600,86.1206112000,86.8579452000,1622479
2020-08-13 10:30:00,86.8579452000,88.3817688000,86.5236871200,87.8115638400,1491609
2020-08-13 11:00:00,87.7919016000,87.8410572000,86.6908161600,87.0054120000,531263
2020-08-13 11:30:00,87.0054120000,87.6935904000,86.3958825600,87.0447364800,790745
2020-08-13 13:30:00,87.3200078400,88.2048086400,87.0447364800,87.8508883200,607019
2020-08-13 14:00:00,87.8508883200,87.9098750400,87.3789945600,87.6739281600,428954
2020-08-13 14:30:00,87.6739281600,87.7820704800,86.8087896000,87.6739281600,518342
2020-08-13 15:00:00,87.6444348000,87.8410572000,86.8284518400,86.8284518400,950691
2020-08-14 10:00:00,86.0517933600,89.2075828800,84.6459432000,88.9716360000,2703478
2020-08-14 10:30:00,88.9716360000,89.0109604800,87.9885240000,88.2637953600,835950
2020-08-14 11:00:00,88.2637953600,88.7946758400,87.9393684000,88.2048086400,634800
2020-08-14 11:30:00,88.1851464000,88.3227820800,87.3888256800,87.4379812800,506300
2020-08-14 13:30:00,87.7034215200,88.7750136000,87.5559547200,88.3621065600,638169
2020-08-14 14:00:00,88.3522754400,88.5882223200,87.9885240000,88.5685600800,327121
2020-08-14 14:30:00,88.5685600800,88.9224804000,88.1851464000,88.9126492800,486800
2020-08-14 15:00:00,88.9126492800,89.3648808000,88.8634936800,89.1780895200,1145726
2020-08-17 10:00:00,89.4631920000,90.2988372000,88.0868352000,88.8340003200,2307716
2020-08-17 10:30:00,88.7061957600,89.1780895200,88.2932887200,88.3719376800,755351
2020-08-17 11:00:00,88.3522754400,90.1120459200,88.3522754400,89.8957612800,1077654
2020-08-17 11:30:00,89.8957612800,90.8493799200,89.5418409600,90.5642774400,1031374
2020-08-17 13:30:00,90.6822508800,90.7117442400,89.4631920000,89.9350857600,1065627
2020-08-17 14:00:00,89.9449168800,90.4069795200,89.6106588000,90.3283305600,618924
2020-08-17 14:30:00,90.3873172800,90.4364728800,89.1780895200,89.3255563200,913244
2020-08-17 15:00:00,89.3353874400,90.0923836800,89.3255563200,89.9940724800,931964
2020-08-18 10:00:00,89.7876189600,90.4069795200,89.0699472000,89.3452185600,1404546
2020-08-18 10:30:00,89.3452185600,90.9378600000,89.1682584000,90.9181977600,1330424
2020-08-18 11:00:00,90.8690421600,90.9083666400,89.9252546400,90.0825525600,622900
2020-08-18 11:30:00,90.0530592000,90.5151218400,89.9055924000,90.5151218400,398795
2020-08-18 13:30:00,90.5446152000,90.6232641600,89.5713343200,89.5713343200,615400
2020-08-18 14:00:00,89.6106588000,89.8957612800,89.4631920000,89.7876189600,537750
2020-08-18 14:30:00,89.7876189600,89.7974500800,89.1682584000,89.3058940800,463700
2020-08-18 15:00:00,89.3058940800,89.7188011200,89.2665696000,89.4631920000,614552
2020-08-19 10:00:00,89.8760990400,90.2988372000,86.9464252800,87.2216966400,1464365
2020-08-19 10:30:00,87.2216966400,87.9393684000,87.0643987200,87.1725410400,728404
2020-08-19 11:00:00,87.1233854400,88.4014310400,87.0840609600,88.3719376800,489980
2020-08-19 11:30:00,88.3817688000,88.6963646400,87.5657858400,88.4407555200,496900
2020-08-19 13:30:00,88.3621065600,89.3353874400,88.0081862400,89.2075828800,434860
2020-08-19 14:00:00,89.2665696000,89.2665696000,88.6373779200,88.8045069600,481262
2020-08-19 14:30:00,88.7356891200,88.9028181600,88.0573418400,88.4014310400,446913
2020-08-19 15:00:00,88.2736264800,88.6472090400,87.6247725600,87.8508883200,696895
2020-08-20 10:00:00,87.2905144800,89.2272451200,86.5236871200,88.8831559200,1328053
2020-08-20 10:30:00,88.8241692000,88.8241692000,87.5756169600,87.8410572000,514327
2020-08-20 11:00:00,87.8410572000,88.1949775200,87.4969680000,87.9393684000,363000
2020-08-20 11:30:00,87.9393684000,88.1261596800,87.2806833600,87.2905144800,375157
2020-08-20 13:30:00,87.3003456000,88.7750136000,87.2020344000,88.1458219200,601700
2020-08-20 14:00:00,88.2343020000,88.4800800000,87.5657858400,88.2146397600,444419
2020-08-20 14:30:00,88.2146397600,88.2441331200,87.6247725600,87.8017327200,327100
2020-08-20 15:00:00,87.8607194400,88.2637953600,87.7624082400,87.9983551200,621612
2020-08-21 10:00:00,88.6963646400,93.2580043200,88.5783912000,90.2398504800,4287233
2020-08-21 10:30:00,90.2398504800,90.3086683200,89.4042052800,89.5713343200,1308026
2020-08-21 11:00:00,89.5713343200,89.6106588000,88.7455202400,89.0994405600,767932
2020-08-21 11:30:00,89.0699472000,90.2005260000,88.9716360000,89.9252546400,478329
2020-08-21 13:30:00,89.9055924000,90.0235658400,89.1780895200,89.5909965600,492002
2020-08-21 14:00:00,89.5811654400,89.6696455200,89.0994405600,89.6204899200,424148
2020-08-21 14:30:00,89.6204899200,89.8466056800,88.7750136000,88.7750136000,640830
2020-08-21 15:00:00,88.9323115200,89.6204899200,88.5783912000,88.7946758400,910930
2020-08-24 10:00:00,88.6078845600,89.8564368000,87.7919016000,89.0699472000,1778326
2020-08-24 10:30:00,89.0207916000,90.7412376000,88.7750136000,90.6232641600,1416641
2020-08-24 11:00:00,90.5642774400,92.8057728000,90.4463040000,91.6653628800,1785004
2020-08-24 11:30:00,91.6555317600,92.7861105600,91.1246512800,92.5894881600,907282
2020-08-24 13:30:00,92.5206703200,92.6091504000,91.3212736800,92.0881010400,844064
2020-08-24 14:00:00,92.0684388000,92.4026968800,91.4785716000,92.2453989600,663184
2020-08-24 14:30:00,92.2453989600,92.2453989600,91.6063761600,91.6260384000,648800
2020-08-24 15:00:00,91.6162072800,91.8128296800,91.0656645600,91.1836380000,908831
2020-08-25 10:00:00,91.5375583200,92.5993192800,90.0333969600,92.5894881600,1920212
2020-08-25 10:30:00,92.5698259200,94.3295964000,92.4125280000,94.0444939200,2609239
2020-08-25 11:00:00,94.0346628000,94.3394275200,92.8254350400,93.4939512000,979281
2020-08-25 11:30:00,93.4939512000,93.4939512000,91.5768828000,91.7833363200,831779
2020-08-25 13:30:00,91.9209720000,92.0094520800,91.2524558400,91.4294160000,571000
2020-08-25 14:00:00,91.4589093600,91.9406342400,91.0460023200,91.1836380000,511900
2020-08-25 14:30:00,91.1836380000,91.7931674400,91.0853268000,91.1541446400,552200
2020-08-25 15:00:00,91.1541446400,91.5178960800,91.0656645600,91.1344824000,696649
2020-08-26 10:00:00,90.9378600000,92.0094520800,90.2496816000,91.6457006400,1450095
2020-08-26 10:30:00,91.6653628800,92.6484748800,91.1443135200,91.6260384000,884092
2020-08-26 11:00:00,91.6260384000,91.7046873600,90.4463040000,90.4561351200,578438
2020-08-26 11:30:00,90.4561351200,90.4954596000,88.8634936800,89.1682584000,1334538
2020-08-26 13:30:00,89.1387650400,89.7974500800,88.5390667200,89.3452185600,715820
2020-08-26 14:00:00,89.3255563200,89.5713343200,88.7750136000,89.1387650400,621700
2020-08-26 14:30:00,89.1387650400,89.4336986400,88.5488978400,88.8340003200,453651
2020-08-26 15:00:00,88.8340003200,89.2665696000,88.4899111200,88.6472090400,854601
2020-08-27 10:00:00,89.4631920000,91.8128296800,89.1289339200,90.9673533600,1993524
2020-08-27 10:30:00,90.9673533600,90.9673533600,89.5221787200,90.0530592000,616245
2020-08-27 11:00:00,90.0530592000,91.6358695200,89.6696455200,91.6358695200,677928
2020-08-27 11:30:00,91.6358695200,92.7074616000,91.2917803200,92.6386437600,1129448
2020-08-27 13:30:00,92.8156039200,93.0810441600,92.1962433600,92.4026968800,1021900
2020-08-27 14:00:00,92.3142168000,92.6681371200,92.0094520800,92.3043856800,583600
2020-08-27 14:30:00,92.2945545600,92.5993192800,91.9897898400,92.3240479200,502221
2020-08-27 15:00:00,92.3240479200,92.7664483200,91.9308031200,92.7566172000,1016313
2020-08-28 10:00:00,91.5080649600,92.2159056000,90.2496816000,90.6134330400,2080137
2020-08-28 10:30:00,90.6134330400,91.9209720000,90.6134330400,91.3016114400,674020
2020-08-28 11:00:00,91.2721180800,91.9013097600,91.1344824000,91.6948562400,488767
2020-08-28 11:30:00,91.6063761600,92.6386437600,91.5965450400,92.5796570400,681040
2020-08-28 13:30:00,92.4223591200,92.9040840000,91.8029985600,91.9897898400,506152
2020-08-28 14:00:00,91.9897898400,92.7369549600,91.8226608000,92.6877993600,606654
2020-08-28 14:30:00,92.7074616000,94.0051694400,92.6288126400,93.5922624000,1269983
2020-08-28 15:00:00,93.5922624000,93.7495603200,93.4251333600,93.5529379200,1229005
2020-08-31 10:00:00,94.8211524000,95.2438905600,91.6751940000,91.6751940000,2920309
2020-08-31 10:30:00,91.7046873600,91.8816475200,90.7215753600,90.9968467200,2128356
2020-08-31 11:00:00,91.0558334400,91.6260384000,90.9476911200,91.5670516800,925950
2020-08-31 11:30:00,91.5670516800,91.7833363200,90.7510687200,90.8985355200,946201
2020-08-31 13:30:00,90.9083666400,91.3311048000,90.8297176800,91.0263400800,535600
2020-08-31 14:00:00,91.0460023200,91.4195848800,90.8493799200,90.9673533600,646696
2020-08-31 14:30:00,90.9378600000,91.0263400800,90.4561351200,90.6527575200,1041943
2020-08-31 15:00:00,90.6134330400,90.9476911200,90.1513704000,90.4463040000,1513703
2020-09-01 10:00:00,89.6893077600,89.6893077600,86.0223000000,86.0714556000,3347977
2020-09-01 10:30:00,86.0714556000,86.9071008000,85.5307440000,85.9141576800,2428620
2020-09-01 11:00:00,85.8355087200,86.8874385600,85.7666908800,86.8186207200,836206
2020-09-01 11:30:00,86.8382829600,87.8115638400,86.8087896000,87.3298389600,635100
2020-09-01 13:30:00,87.3101767200,88.0475107200,87.1627099200,87.5756169600,408828
2020-09-01 14:00:00,87.5756169600,87.8607194400,87.3888256800,87.4084879200,387179
2020-09-01 14:30:00,87.4084879200,87.6739281600,87.2020344000,87.2315277600,493459
2020-09-01 15:00:00,87.2315277600,87.9590306400,87.1135543200,87.8017327200,767453
2020-09-02 10:00:00,88.2834576000,89.0404538400,87.0250742400,88.1556530400,1498844
2020-09-02 10:30:00,88.0770040800,89.2665696000,87.8410572000,88.7750136000,1248183
2020-09-02 11:00:00,88.7750136000,89.3157252000,87.8017327200,87.8607194400,671557
2020-09-02 11:30:00,87.9786928800,88.7651824800,87.6149414400,88.5587289600,391600
2020-09-02 13:30:00,88.4702488800,88.9716360000,88.0868352000,88.7258580000,449096
2020-09-02 14:00:00,88.7258580000,89.0502849600,88.2834576000,88.8929870400,654856
2020-09-02 14:30:00,88.9224804000,89.3157252000,88.6767024000,88.6767024000,651933
2020-09-02 15:00:00,88.6865335200,89.2469073600,88.6865335200,88.9519737600,779776
2020-09-03 10:00:00,88.4800800000,88.9224804000,86.6908161600,86.8677763200,1529558
2020-09-03 10:30:00,86.9071008000,87.7722393600,86.9071008000,87.6935904000,542600
2020-09-03 11:00:00,87.6935904000,88.4407555200,87.3888256800,87.5559547200,472369
2020-09-03 11:30:00,87.5461236000,87.8705505600,86.9169319200,87.3003456000,410029
2020-09-03 13:30:00,87.3003456000,87.7919016000,86.9267630400,87.5657858400,355975
2020-09-03 14:00:00,87.5166302400,87.9786928800,87.0938920800,87.4674746400,260576
2020-09-03 14:30:00,87.4969680000,87.5067991200,87.0152431200,87.1823721600,350000
2020-09-03 15:00:00,87.1332165600,87.3888256800,86.9071008000,87.3789945600,632641
2020-09-04 10:00:00,84.5476320000,86.3172336000,83.4760399200,84.8425656000,3084464
2020-09-04 10:30:00,84.9212145600,86.0223000000,84.8622278400,85.7273664000,768330
2020-09-04 11:00:00,85.7273664000,86.9464252800,85.7273664000,85.8748332000,501200
2020-09-04 11:30:00,85.8748332000,86.4548692800,85.5307440000,86.0419622400,226900
2020-09-04 13:30:00,86.0223000000,87.1037232000,85.7666908800,86.5630116000,444500
2020-09-04 14:00:00,86.7006472800,87.3888256800,86.3270647200,86.9071008000,381200
2020-09-04 14:30:00,86.9071008000,87.0938920800,86.5138560000,86.9464252800,265200
2020-09-04 15:00:00,86.9562564000,87.3986568000,86.9464252800,87.2806833600,530521
2020-09-07 10:00:00,87.4969680000,88.9224804000,86.5531804800,88.0770040800,1366877
2020-09-07 10:30:00,88.0966663200,88.9224804000,87.9590306400,88.2539642400,745079
2020-09-07 11:00:00,88.2539642400,88.2539642400,87.5067991200,87.5461236000,540319
2020-09-07 11:30:00,87.5756169600,87.8902128000,87.2020344000,87.5559547200,370416
2020-09-07 13:30:00,87.5559547200,87.7919016000,86.9071008000,87.0349053600,381165
2020-09-07 14:00:00,87.0349053600,87.0545676000,85.7273664000,86.4253759200,582653
2020-09-07 14:30:00,86.5040248800,87.0054120000,84.8425656000,85.0883436000,1021560
2020-09-07 15:00:00,85.0883436000,85.8256776000,84.5476320000,84.5476320000,1032954
2020-09-08 10:00:00,85.5012506400,85.7077041600,84.0757382400,84.4591519200,1250725
2020-09-08 10:30:00,84.4394896800,84.7934100000,84.0167515200,84.0757382400,528971
2020-09-08 11:00:00,84.0560760000,84.0560760000,83.1614440800,83.4465465600,617359
2020-09-08 11:30:00,83.4465465600,83.9774270400,83.1712752000,83.1712752000,388600
2020-09-08 13:30:00,83.0729640000,84.2920228800,82.6010702400,84.0560760000,629800
2020-09-08 14:00:00,84.0855693600,85.4914195200,83.8594536000,85.4520950400,600618
2020-09-08 14:30:00,85.4520950400,85.6880419200,84.8425656000,85.0785124800,545000
2020-09-08 15:00:00,85.0588502400,85.3144593600,84.6656054400,84.9310456800,571627
2020-09-09 10:00:00,84.4493208000,84.4493208000,81.3033624000,81.3525180000,2015733
2020-09-09 10:30:00,81.3131935200,81.7949184000,80.6250151200,81.0280910400,1213841
2020-09-09 11:00:00,81.0280910400,81.5196470400,79.7500454400,81.5196470400,1655724
2020-09-09 11:30:00,81.5196470400,83.1712752000,81.3131935200,82.5814080000,778705
2020-09-09 13:30:00,82.5912391200,83.2695864000,82.4241100800,82.4241100800,535707
2020-09-09 14:00:00,82.4241100800,82.8566793600,82.1881632000,82.6109013600,503361
2020-09-09 14:30:00,82.6109013600,83.1221196000,82.3552922400,82.4339412000,422468
2020-09-09 15:00:00,82.4339412000,82.7681992800,81.4803225600,81.5982960000,812286
2020-09-10 10:00:00,82.5814080000,87.1922032800,82.3847856000,85.7273664000,3102622
2020-09-10 10:30:00,85.7273664000,86.2582468800,83.5153644000,84.1543872000,1662604
2020-09-10 11:00:00,84.2526984000,84.3805029600,82.8861727200,82.8960038400,590743
2020-09-10 11:30:00,82.9058349600,83.0139772800,82.0701897600,82.4536034400,650500
2020-09-10 13:30:00,82.4339412000,82.9844839200,81.7359316800,82.4634345600,509068
2020-09-10 14:00:00,82.4634345600,83.1221196000,82.3061366400,82.5814080000,459200
2020-09-10 14:30:00,82.5814080000,82.8861727200,82.1390076000,82.3749544800,544605
2020-09-10 15:00:00,82.4732656800,82.8468482400,81.5098159200,82.2471499200,846173
2020-09-11 10:00:00,83.0238084000,84.9802012800,82.3847856000,84.3215162400,1825019
2020-09-11 10:30:00,84.3313473600,84.4984764000,83.0827951200,83.5055332800,695552
2020-09-11 11:00:00,83.5055332800,83.9479336800,82.6207324800,82.6698880800,448854
2020-09-11 11:30:00,82.6993814400,83.0926262400,81.7949184000,82.1095142400,447933
2020-09-11 13:30:00,82.1586698400,83.5546888800,82.1586698400,82.9254972000,372226
2020-09-11 14:00:00,82.8370171200,83.4662088000,82.8370171200,83.0926262400,267351
2020-09-11 14:30:00,83.0926262400,83.6136756000,83.0238084000,83.5448577600,318427
2020-09-11 15:00:00,83.5645200000,83.9479336800,83.2695864000,83.5645200000,662049
2020-09-14 10:00:00,83.9577648000,85.8748332000,83.5645200000,83.7709735200,1958188
2020-09-14 10:30:00,83.8791158400,84.3805029600,82.9648216800,83.3777287200,1055807
2020-09-14 11:00:00,83.3777287200,83.9086092000,82.8566793600,83.1319507200,620900
2020-09-14 11:30:00,83.1319507200,83.3678976000,82.5322524000,83.0139772800,665897
2020-09-14 13:30:00,83.0729640000,83.1024573600,81.9423852000,82.0112030400,596985
2020-09-14 14:00:00,82.0112030400,82.2668121600,81.1067400000,81.2345445600,803003
2020-09-14 14:30:00,81.3033624000,81.9030607200,81.2050512000,81.8735673600,384872
2020-09-14 15:00:00,81.8145806400,82.4339412000,81.4213358400,82.4339412000,608819
2020-09-15 10:00:00,81.8932296000,82.9451594400,80.6446773600,81.7949184000,1234901
2020-09-15 10:30:00,81.7949184000,83.9774270400,81.6867760800,83.7119868000,1207192
2020-09-15 11:00:00,83.7119868000,83.8102980000,83.0729640000,83.3285731200,399645
2020-09-15 11:30:00,83.3285731200,83.5448577600,82.9254972000,83.5448577600,431674
2020-09-15 13:30:00,83.5546888800,86.3565580800,83.5448577600,85.5405751200,2062493
2020-09-15 14:00:00,85.5602373600,86.0714556000,85.1374992000,85.5307440000,749148
2020-09-15 14:30:00,85.5307440000,85.5798996000,84.9507079200,84.9998635200,338891
2020-09-15 15:00:00,84.9998635200,85.4324328000,84.9310456800,85.2358104000,536393
2020-09-16 10:00:00,85.5110817600,86.0026377600,83.7611424000,84.2723606400,1590452
2020-09-16 10:30:00,84.2723606400,84.5378008800,83.6431689600,84.3903340800,711504
2020-09-16 11:00:00,84.3116851200,84.8425656000,83.5841822400,83.9086092000,479510
2020-09-16 11:30:00,83.9086092000,84.3805029600,83.6136756000,84.2428672800,335578
2020-09-16 13:30:00,84.1150627200,84.7442544000,83.6628312000,84.6164498400,359447
2020-09-16 14:00:00,84.6164498400,84.6852676800,84.0560760000,84.2821917600,281915
2020-09-16 14:30:00,84.2821917600,84.4493208000,84.0659071200,84.1347249600,256200
2020-09-16 15:00:00,84.1543872000,84.4591519200,84.1248938400,84.3313473600,469510
2020-09-17 10:00:00,84.8523967200,84.8622278400,83.1614440800,83.9577648000,775273
2020-09-17 10:30:00,84.0364137600,84.1838805600,82.9549905600,82.9549905600,500100
2020-09-17 11:00:00,82.9746528000,83.5645200000,82.3651233600,82.5322524000,573312
2020-09-17 11:30:00,82.5322524000,82.7976926400,81.8932296000,81.9030607200,558529
2020-09-17 13:30:00,81.9030607200,82.6698880800,81.9030607200,82.1390076000,457177
2020-09-17 14:00:00,82.1095142400,84.2330361600,82.1095142400,84.2133739200,1179111
2020-09-17 14:30:00,84.2625295200,84.6459432000,83.7119868000,83.7611424000,851983
2020-09-17 15:00:00,83.7611424000,84.0954004800,83.3678976000,83.5645200000,516934
2020-09-18 10:00:00,83.9086092000,84.7442544000,83.3777287200,83.9479336800,1199002
2020-09-18 10:30:00,83.9577648000,84.2526984000,83.4662088000,83.6628312000,339924
2020-09-18 11:00:00,83.6628312000,83.8299602400,83.1516129600,83.4662088000,311776
2020-09-18 11:30:00,83.4662088000,83.9479336800,83.4072220800,83.4170532000,400700
2020-09-18 13:30:00,83.4268843200,84.5476320000,83.2695864000,84.3608407200,795853
2020-09-18 14:00:00,84.4493208000,84.5476320000,84.0659071200,84.4788141600,424595
2020-09-18 14:30:00,84.4591519200,84.9703701600,84.3018540000,84.8425656000,542370
2020-09-18 15:00:00,84.8523967200,85.3931083200,84.7147610400,85.3931083200,861266
2020-09-21 10:00:00,85.8846643200,85.8846643200,81.0379221600,81.6671138400,3540634
2020-09-21 10:30:00,81.6769449600,82.3651233600,81.2640379200,81.8735673600,1191640
2020-09-21 11:00:00,81.8932296000,82.4732656800,81.5884648800,82.0701897600,517316
2020-09-21 11:30:00,82.0701897600,82.0701897600,81.3918424800,81.4016736000,547211
2020-09-21 13:30:00,81.4016736000,82.2668121600,81.3131935200,81.8047495200,507600
2020-09-21 14:00:00,81.8440740000,82.0406964000,81.4508292000,81.4606603200,615753
2020-09-21 14:30:00,81.4606603200,82.1586698400,81.3721802400,81.4213358400,628888
2020-09-21 15:00:00,81.4213358400,81.7949184000,81.3721802400,81.3721802400,783023
2020-09-22 10:00:00,83.6824934400,89.3550496800,83.6824934400,85.1374992000,7837669
2020-09-22 10:30:00,85.1374992000,87.0054120000,85.1374992000,86.6514916800,1482755
2020-09-22 11:00:00,86.5138560000,86.8579452000,86.0812867200,86.5433493600,765740
2020-09-22 11:30:00,86.5433493600,87.1528788000,85.9731444000,86.6318294400,711554
2020-09-22 13:30:00,86.6514916800,86.7891273600,85.8060153600,86.5138560000,510249
2020-09-22 14:00:00,86.4450381600,86.7498028800,85.7273664000,85.8158464800,707800
2020-09-22 14:30:00,85.8158464800,85.9239888000,85.1571614400,85.2259792800,654500
2020-09-22 15:00:00,85.2751348800,85.2751348800,84.4984764000,84.9703701600,1292063
2020-09-23 10:00:00,85.5897307200,85.5897307200,83.6235067200,84.6656054400,2383735
2020-09-23 10:30:00,84.6361120800,85.1768236800,83.8594536000,84.1838805600,959721
2020-09-23 11:00:00,84.2723606400,86.0223000000,84.1838805600,85.2161481600,1234255
2020-09-23 11:30:00,85.2161481600,85.3832772000,84.6950988000,84.9113834400,565512
2020-09-23 13:30:00,84.9113834400,86.4745315200,84.9113834400,86.4745315200,1072304
2020-09-23 14:00:00,86.4647004000,88.1359908000,86.3074024800,87.6247725600,1574107
2020-09-23 14:30:00,87.5559547200,87.7427460000,86.5138560000,87.0152431200,900400
2020-09-23 15:00:00,87.0840609600,87.2020344000,86.5335182400,86.7399717600,781671
2020-09-24 10:00:00,85.5897307200,86.7203095200,84.7934100000,85.0293568800,1713225
2020-09-24 10:30:00,85.0293568800,85.3931083200,84.0855693600,84.3510096000,1085000
2020-09-24 11:00:00,84.4001652000,84.7147610400,83.7414801600,83.7709735200,709600
2020-09-24 11:30:00,83.7611424000,84.2428672800,83.6038444800,83.7513112800,485350
2020-09-24 13:30:00,83.7316490400,83.7316490400,82.8960038400,83.1024573600,657800
2020-09-24 14:00:00,83.1024573600,83.4563776800,82.6895503200,83.0729640000,588821
2020-09-24 14:30:00,83.0926262400,83.5448577600,82.7878615200,83.5350266400,483913
2020-09-24 15:00:00,83.5645200000,83.5645200000,82.6895503200,82.6895503200,792004
2020-09-25 10:00:00,84.0855693600,84.4001652000,82.4437723200,82.5125901600,947428
2020-09-25 10:30:00,82.5125901600,83.8889469600,82.1881632000,83.3580664800,595785
2020-09-25 11:00:00,83.3580664800,83.6628312000,82.9746528000,83.2695864000,263300
2020-09-25 11:30:00,83.2695864000,83.7611424000,82.9353283200,83.0533017600,318320
2020-09-25 13:30:00,82.8763416000,83.6431689600,82.7878615200,83.4662088000,259833
2020-09-25 14:00:00,83.4858710400,83.4858710400,83.1417818400,83.4563776800,231500
2020-09-25 14:30:00,83.4563776800,83.6431689600,82.7780304000,83.6136756000,303217
2020-09-25 15:00:00,83.6431689600,83.8102980000,83.3678976000,83.5350266400,575850
2020-09-28 10:00:00,83.8594536000,84.2330361600,82.6403947200,82.6502258400,1004852
2020-09-28 10:30:00,82.6502258400,82.8566793600,82.2864744000,82.8566793600,468146
2020-09-28 11:00:00,82.8370171200,83.2007685600,82.4830968000,82.7780304000,261290
2020-09-28 11:30:00,82.7485370400,82.7780304000,81.8932296000,82.1685009600,352608
2020-09-28 13:30:00,82.1390076000,83.3482353600,82.1193453600,83.2990797600,306732
2020-09-28 14:00:00,83.2794175200,83.3384042400,82.6502258400,82.7976926400,218034
2020-09-28 14:30:00,82.7976926400,82.8960038400,82.5814080000,82.7288748000,186544
2020-09-28 15:00:00,82.7780304000,82.9746528000,82.5814080000,82.5814080000,445023
2020-09-29 10:00:00,83.4072220800,83.5546888800,81.8735673600,83.0926262400,857913
2020-09-29 10:30:00,83.0926262400,85.1374992000,83.0926262400,84.2920228800,1514426
2020-09-29 11:00:00,84.2920228800,84.4394896800,83.5940133600,83.9086092000,587451
2020-09-29 11:30:00,83.9086092000,84.4394896800,83.5841822400,84.2526984000,494909
2020-09-29 13:30:00,84.2920228800,84.6852676800,83.7513112800,83.8496224800,436338
2020-09-29 14:00:00,83.8299602400,84.2428672800,83.5841822400,84.1543872000,320825
2020-09-29 14:30:00,84.1248938400,84.8523967200,84.0855693600,84.7147610400,712535
2020-09-29 15:00:00,84.7344232800,84.7344232800,84.0560760000,84.3510096000,594350
2020-09-30 10:00:00,84.5476320000,85.9239888000,83.9086092000,85.7273664000,1273295
2020-09-30 10:30:00,85.7273664000,86.1795979200,85.2456415200,85.4520950400,656878
2020-09-30 11:00:00,85.3537838400,86.0812867200,85.3242904800,86.0124688800,578876
2020-09-30 11:30:00,86.0124688800,86.0616244800,85.4520950400,85.7175352800,260302
2020-09-30 13:30:00,85.8256776000,85.8256776000,85.0391880000,85.0588502400,488236
2020-09-30 14:00:00,85.0588502400,85.2947971200,84.6852676800,84.6950988000,429539
2020-09-30 14:30:00,84.7245921600,85.1964859200,84.2920228800,85.1669925600,415639
2020-09-30 15:00:00,85.1866548000,85.3242904800,84.6459432000,84.7049299200,512523
2020-10-09 10:00:00,86.7596340000,89.6204899200,86.3958825600,87.7329148800,3979110
2020-10-09 10:30:00,87.7427460000,88.5685600800,87.6542659200,88.5587289600,812417
2020-10-09 11:00:00,88.5390667200,91.3311048000,88.5390667200,91.3212736800,2422434
2020-10-09 11:30:00,91.3900915200,93.0515508000,91.0951579200,92.1274255200,1588459
2020-10-09 13:30:00,92.1372566400,92.1864122400,91.1639757600,91.6063761600,795166
2020-10-09 14:00:00,91.6063761600,92.0979321600,91.3114425600,91.7046873600,619826
2020-10-09 14:30:00,91.6850251200,91.9701276000,91.2819492000,91.5965450400,496900
2020-10-09 15:00:00,91.6260384000,92.0684388000,91.2917803200,91.8128296800,995748
2020-10-12 10:00:00,91.7243496000,94.1034806400,91.4392471200,93.8773648800,3503917
2020-10-12 10:30:00,93.9756760800,93.9756760800,92.5894881600,93.2776665600,1026807
2020-10-12 11:00:00,93.1793553600,93.5037823200,92.6288126400,93.1498620000,705986
2020-10-12 11:30:00,93.1498620000,93.8675337600,93.0023952000,93.7987159200,587798
2020-10-12 13:30:00,93.8380404000,93.8380404000,93.2481732000,93.4644578400,555286
2020-10-12 14:00:00,93.4349644800,93.9560138400,93.2186798400,93.9461827200,956575
2020-10-12 14:30:00,93.9461827200,94.0543250400,93.4153022400,93.4447956000,782687
2020-10-12 15:00:00,93.4447956000,93.8871960000,93.4251333600,93.8183781600,864499
2020-10-13 10:00:00,93.3956400000,94.6245300000,92.5796570400,94.4279076000,1547787
2020-10-13 10:30:00,94.4279076000,94.9587880800,93.2874976800,93.2973288000,1045317
2020-10-13 11:00:00,93.3169910400,93.5627690400,93.0810441600,93.1596931200,660092
2020-10-13 11:30:00,93.1596931200,93.8871960000,93.1203686400,93.3563155200,339300
2020-10-13 13:30:00,93.3661466400,93.3956400000,92.6189815200,92.8352661600,757687
2020-10-13 14:00:00,92.7664483200,93.5922624000,92.7664483200,93.1400308800,541937
2020-10-13 14:30:00,93.1400308800,93.3956400000,92.8942528800,93.1007064000,524158
2020-10-13 15:00:00,93.1007064000,93.5824312800,93.0613819200,93.3661466400,535344
2020-10-14 10:00:00,93.3956400000,93.8675337600,91.7735052000,92.2060744800,1410636
2020-10-14 10:30:00,92.1765811200,93.1007064000,92.0389454400,92.2159056000,591561
2020-10-14 11:00:00,92.2257367200,93.2874976800,92.2257367200,93.1400308800,468432
2020-10-14 11:30:00,93.1990176000,93.3858088800,92.9139151200,93.1301997600,322900
2020-10-14 13:30:00,93.1203686400,94.2312852000,93.0122263200,94.0838184000,683283
2020-10-14 14:00:00,94.0739872800,94.1821296000,93.5627690400,93.5726001600,457182
2020-10-14 14:30:00,93.5922624000,93.6905736000,93.0712130400,93.1596931200,344020
2020-10-14 15:00:00,93.1596931200,93.7987159200,93.1596931200,93.6512491200,576900
2020-10-15 10:00:00,94.0543250400,95.0570992800,92.8844217600,93.1007064000,1432618
2020-10-15 10:30:00,93.0712130400,94.1428051200,92.2257367200,92.2355678400,911617
2020-10-15 11:00:00,92.2355678400,92.7959416800,91.9111408800,91.9504653600,677999
2020-10-15 11:30:00,91.9504653600,92.3142168000,91.4490782400,92.2748923200,745320
2020-10-15 13:30:00,92.3043856800,92.7074616000,91.9308031200,92.1765811200,420807
2020-10-15 14:00:00,92.2159056000,92.7861105600,92.2159056000,92.5108392000,347000
2020-10-15 14:30:00,92.5108392000,92.5108392000,91.7735052000,91.9504653600,394247
2020-10-15 15:00:00,91.9504653600,92.1962433600,91.8226608000,91.9602964800,557240
2020-10-16 10:00:00,91.5768828000,92.2060744800,91.1344824000,91.2229624800,1140931
2020-10-16 10:30:00,91.2327936000,91.2524558400,90.2791749600,90.2791749600,810395
2020-10-16 11:00:00,90.2890060800,90.7412376000,90.1120459200,90.2398504800,619094
2020-10-16 11:30:00,90.2398504800,90.3283305600,89.4730231200,89.9252546400,627254
2020-10-16 13:30:00,89.8564368000,90.3676550400,89.8564368000,90.3086683200,348869
2020-10-16 14:00:00,90.2988372000,90.6330952800,90.2496816000,90.5446152000,341437
2020-10-16 14:30:00,90.5347840800,90.5347840800,89.8367745600,90.0137347200,292926
2020-10-16 15:00:00,90.0137347200,90.6036019200,89.8466056800,90.2496816000,607142
2020-10-19 10:00:00,91.1344824000,91.4097537600,90.2496816000,90.6232641600,1005249
2020-10-19 10:30:00,90.6134330400,91.1934691200,90.0333969600,90.2005260000,428600
2020-10-19 11:00:00,90.2005260000,90.2005260000,89.4631920000,89.7581256000,554300
2020-10-19 11:30:00,89.7581256000,90.3184994400,89.3648808000,89.3648808000,520587
2020-10-19 13:30:00,89.3452185600,89.3943741600,88.9716360000,89.2665696000,402245
2020-10-19 14:00:00,89.2665696000,89.2764007200,88.4800800000,88.6472090400,581328
2020-10-19 14:30:00,88.6472090400,88.9519737600,88.0868352000,88.3621065600,667150
2020-10-19 15:00:00,88.3621065600,88.4309244000,87.3495012000,87.7722393600,1656533
2020-10-20 10:00:00,88.6767024000,88.8733248000,87.4969680000,87.9098750400,936368
2020-10-20 10:30:00,87.9393684000,88.2146397600,87.5952792000,88.0376796000,463792
2020-10-20 11:00:00,88.0966663200,88.4309244000,87.8902128000,87.9885240000,394481
2020-10-20 11:30:00,87.9885240000,89.1485961600,87.8902128000,89.1191028000,397669
2020-10-20 13:30:00,89.1092716800,89.1682584000,88.2834576000,88.8340003200,509444
2020-10-20 14:00:00,88.7553513600,89.1191028000,88.7160268800,88.8733248000,412100
2020-10-20 14:30:00,88.8733248000,88.9519737600,88.4309244000,88.8438314400,293271
2020-10-20 15:00:00,88.8438314400,89.2764007200,88.7553513600,89.2075828800,574289
2020-10-21 10:00:00,89.1780895200,89.9547480000,87.7525771200,89.2764007200,1207682
2020-10-21 10:30:00,89.3255563200,89.4631920000,87.3003456000,87.3888256800,1081300
2020-10-21 11:00:00,87.3888256800,87.7624082400,86.4647004000,86.9365941600,795086
2020-10-21 11:30:00,86.7104784000,87.4871368800,86.5826738400,87.0349053600,298300
2020-10-21 13:30:00,87.1037232000,87.7919016000,87.0152431200,87.6149414400,318258
2020-10-21 14:00:00,87.6149414400,87.7624082400,87.1528788000,87.4281501600,235900
2020-10-21 14:30:00,87.4281501600,87.8410572000,87.2511900000,87.3789945600,343425
2020-10-21 15:00:00,87.3789945600,87.8410572000,87.3789945600,87.4773057600,390478
2020-10-22 10:00:00,87.1135543200,87.2118655200,85.9338199200,86.1501045600,1223234
2020-10-22 10:30:00,86.1206112000,86.1501045600,84.9015523200,85.4324328000,1278172
2020-10-22 11:00:00,85.4324328000,86.4647004000,85.4324328000,86.3663892000,602146
2020-10-22 11:30:00,86.3663892000,86.6908161600,85.7273664000,85.8650020800,321366
2020-10-22 13:30:00,85.8355087200,86.4450381600,85.8355087200,86.2779091200,251552
2020-10-22 14:00:00,86.2779091200,86.6514916800,85.9338199200,86.1402734400,345643
2020-10-22 14:30:00,86.1402734400,86.4941937600,85.8256776000,86.3270647200,327930
2020-10-22 15:00:00,86.3270647200,86.5138560000,85.5012506400,85.6290552000,605080
2020-10-23 10:00:00,86.3958825600,86.7891273600,85.3439527200,85.3832772000,753169
2020-10-23 10:30:00,85.4324328000,85.5307440000,84.7737477600,85.2751348800,565764
2020-10-23 11:00:00,85.2751348800,85.3341216000,83.8594536000,83.9479336800,561758
2020-10-23 11:30:00,83.9479336800,84.6066187200,83.1712752000,83.2597552800,724495
2020-10-23 13:30:00,83.2597552800,84.0560760000,83.1811063200,83.2597552800,494687
2020-10-23 14:00:00,83.2499241600,83.6824934400,82.7387059200,82.8468482400,779788
2020-10-23 14:30:00,82.8468482400,82.9353283200,82.2864744000,82.4339412000,782289
2020-10-23 15:00:00,82.4536034400,82.4732656800,81.2837001600,81.4508292000,1237665
2020-10-26 10:00:00,81.4803225600,81.9227229600,79.9073433600,81.6769449600,1124396
2020-10-26 10:30:00,81.6474516000,82.4830968000,81.3131935200,82.3749544800,558463
2020-10-26 11:00:00,82.2373188000,82.4634345600,81.6966072000,82.2471499200,453800
2020-10-26 11:30:00,82.2471499200,82.5814080000,81.5982960000,81.7261005600,281234
2020-10-26 13:30:00,81.7457628000,82.0406964000,81.4409980800,81.4409980800,187200
2020-10-26 14:00:00,81.4409980800,81.5589715200,80.7331574400,80.9199487200,245378
2020-10-26 14:30:00,80.9101176000,81.5786337600,80.7233263200,81.1558956000,461401
2020-10-26 15:00:00,81.1853889600,82.0112030400,81.1853889600,81.5786337600,507882
2020-10-27 10:00:00,81.9522163200,83.5251955200,81.5982960000,82.7878615200,2048672
2020-10-27 10:30:00,82.7583681600,82.7583681600,81.4115047200,81.4508292000,763209
2020-10-27 11:00:00,81.4508292000,82.9254972000,81.4016736000,82.2569810400,669009
2020-10-27 11:30:00,82.2569810400,82.3159677600,81.4016736000,81.4803225600,502405
2020-10-27 13:30:00,81.5589715200,82.0898520000,81.4999848000,81.8735673600,412579
2020-10-27 14:00:00,81.8833984800,82.1881632000,81.6376204800,81.8735673600,389300
2020-10-27 14:30:00,81.9128918400,82.2668121600,81.7752561600,81.9522163200,488463
2020-10-27 15:00:00,81.9718785600,82.4339412000,81.9423852000,82.2274876800,867560
2020-10-28 10:00:00,82.8468482400,83.8201291200,81.4803225600,81.4999848000,1565964
2020-10-28 10:30:00,81.5294781600,82.6797192000,81.4999848000,82.2078254400,685017
2020-10-28 11:00:00,82.2078254400,82.4929279200,81.5098159200,82.3552922400,660183
2020-10-28 11:30:00,82.3356300000,82.4536034400,81.2935312800,82.2569810400,788122
2020-10-28 13:30:00,82.2569810400,82.4339412000,81.6572827200,81.6966072000,747022
2020-10-28 14:00:00,81.6966072000,82.1685009600,81.6572827200,81.9030607200,476852
2020-10-28 14:30:00,81.9030607200,82.0898520000,81.7261005600,82.0112030400,511542
2020-10-28 15:00:00,82.0112030400,82.0505275200,81.6376204800,81.7850872800,611694
2020-10-29 10:00:00,80.6151840000,81.9227229600,80.4185616000,81.7555939200,1242897
2020-10-29 10:30:00,81.7457628000,82.4929279200,81.5491404000,82.1291764800,773341
2020-10-29 11:00:00,82.0898520000,82.7583681600,81.7949184000,82.6993814400,562161
2020-10-29 11:30:00,82.6797192000,83.8791158400,82.6010702400,83.0631328800,1058740
2020-10-29 13:30:00,83.0631328800,83.6136756000,82.6305636000,83.3384042400,649105
2020-10-29 14:00:00,83.3285731200,84.7442544000,83.2892486400,84.7344232800,1511639
2020-10-29 14:30:00,84.6852676800,84.9408768000,84.1445560800,84.2625295200,1006047
2020-10-29 15:00:00,84.2723606400,84.4296585600,83.5743511200,83.9774270400,882431
2020-10-30 10:00:00,83.5645200000,84.4296585600,82.8271860000,82.8468482400,1562717
2020-10-30 10:30:00,82.7976926400,84.7245921600,82.7780304000,84.5378008800,1100989
2020-10-30 11:00:00,84.5967876000,85.0293568800,84.0069204000,84.8425656000,660110
2020-10-30 11:30:00,84.8229033600,84.9113834400,84.0560760000,84.8229033600,578890
2020-10-30 13:30:00,84.8425656000,86.7104784000,84.8327344800,85.7961842400,1360832
2020-10-30 14:00:00,85.8060153600,86.0714556000,84.6262809600,85.0293568800,847700
2020-10-30 14:30:00,85.0293568800,85.0293568800,83.7906357600,84.3018540000,994904
2020-10-30 15:00:00,84.3018540000,84.4394896800,83.7611424000,84.1937116800,743915
2020-11-02 10:00:00,85.1473303200,85.8256776000,84.1838805600,84.7639166400,1264653
2020-11-02 10:30:00,84.7737477600,85.0883436000,83.5645200000,84.5083075200,869446
2020-11-02 11:00:00,84.5083075200,85.4520950400,84.3018540000,84.5378008800,510200
2020-11-02 11:30:00,84.5378008800,85.0686813600,84.2526984000,84.7737477600,399631
2020-11-02 13:30:00,84.7737477600,85.1178369600,84.3608407200,84.5967876000,353924
2020-11-02 14:00:00,84.5672942400,86.0026377600,84.3903340800,85.5897307200,823959
2020-11-02 14:30:00,85.5897307200,85.7666908800,85.1473303200,85.7470286400,562403
2020-11-02 15:00:00,85.7371975200,85.8453398400,85.2849660000,85.4324328000,636309
2020-11-03 10:00:00,87.4674746400,88.7553513600,85.6388863200,86.7104784000,2548695
2020-11-03 10:30:00,86.6613228000,86.9955808800,86.1009489600,86.8972696800,759915
2020-11-03 11:00:00,86.8972696800,87.5166302400,86.5236871200,87.4674746400,800900
2020-11-03 11:30:00,87.4674746400,87.4969680000,86.4745315200,87.0840609600,538019
2020-11-03 13:30:00,87.0840609600,87.5657858400,87.0250742400,87.2905144800,433998
2020-11-03 14:00:00,87.2905144800,87.9491995200,87.0152431200,87.8213949600,598813
2020-11-03 14:30:00,87.8213949600,89.3943741600,87.5854480800,88.5882223200,1941785
2020-11-03 15:00:00,88.5882223200,88.9618048800,88.3719376800,88.7750136000,1213743
2020-11-04 10:00:00,88.6963646400,89.1977517600,87.5067991200,88.3522754400,1943645
2020-11-04 10:30:00,88.3522754400,89.1879206400,87.8115638400,88.2146397600,991565
2020-11-04 11:00:00,88.2146397600,88.3326132000,87.3495012000,87.5559547200,910703
2020-11-04 11:30:00,87.5264613600,88.1556530400,87.3789945600,87.3986568000,467359
2020-11-04 13:30:00,87.3888256800,87.7230837600,86.9071008000,87.7132526400,559232
2020-11-04 14:00:00,87.7230837600,87.9393684000,87.3298389600,87.9393684000,332523
2020-11-04 14:30:00,87.9393684000,88.1851464000,87.5461236000,87.5461236000,356514
2020-11-04 15:00:00,87.5461236000,88.2834576000,87.5461236000,87.9786928800,488841
2020-11-05 10:00:00,89.4631920000,90.6429264000,88.8733248000,89.5615032000,1829154
2020-11-05 10:30:00,89.4926853600,90.4069795200,89.0207916000,90.1513704000,1135631
2020-11-05 11:00:00,90.2005260000,90.2005260000,88.8536625600,88.9716360000,633835
2020-11-05 11:30:00,88.9716360000,89.7188011200,88.5980534400,89.2665696000,401423
2020-11-05 13:30:00,89.1682584000,89.8564368000,88.8831559200,89.5615032000,469771
2020-11-05 14:00:00,89.5615032000,90.5544463200,89.5418409600,90.4463040000,835858
2020-11-05 14:30:00,90.4757973600,90.5937708000,90.0530592000,90.5446152000,818201
2020-11-05 15:00:00,90.5937708000,90.9378600000,90.5249529600,90.5249529600,1022307
2020-11-06 10:00:00,90.6625886400,91.8914786400,88.7455202400,88.9421426400,2007090
2020-11-06 10:30:00,88.9421426400,88.9814671200,87.8803816800,88.9421426400,910984
2020-11-06 11:00:00,88.9421426400,89.7581256000,88.6767024000,89.4631920000,436640
2020-11-06 11:30:00,89.4631920000,89.5320098400,88.3522754400,88.3522754400,315700
2020-11-06 13:30:00,88.3326132000,89.1289339200,88.1359908000,89.0994405600,457669
2020-11-06 14:00:00,89.0994405600,89.1485961600,88.3915999200,88.9323115200,353007
2020-11-06 14:30:00,88.8340003200,89.3452185600,88.4899111200,89.1387650400,316678
2020-11-06 15:00:00,89.2174140000,89.4631920000,89.0502849600,89.1682584000,389432
2020-11-09 10:00:00,90.9378600000,92.8942528800,90.8198865600,91.6063761600,2411344
2020-11-09 10:30:00,91.6063761600,92.1864122400,91.0165089600,91.4589093600,946292
2020-11-09 11:00:00,91.4294160000,92.3732035200,91.1639757600,92.3732035200,686951
2020-11-09 11:30:00,92.3732035200,92.8450972800,92.1765811200,92.5206703200,865311
2020-11-09 13:30:00,92.5305014400,93.1891864800,92.4911769600,92.7664483200,832774
2020-11-09 14:00:00,92.7369549600,92.7369549600,91.9504653600,92.1569188800,625737
2020-11-09 14:30:00,92.1569188800,92.1667500000,91.1246512800,91.1639757600,738983
2020-11-09 15:00:00,91.1344824000,91.3114425600,90.6822508800,90.6822508800,812258
2020-11-10 10:00:00,90.9575222400,91.8718164000,89.8367745600,90.2791749600,1620879
2020-11-10 10:30:00,90.3283305600,91.3900915200,90.1218770400,90.6920820000,872080
2020-11-10 11:00:00,90.7215753600,92.1667500000,90.6920820000,91.0165089600,763703
2020-11-10 11:30:00,91.0165089600,91.9701276000,90.9673533600,91.8423230400,493200
2020-11-10 13:30:00,91.8226608000,91.8226608000,91.0853268000,91.2819492000,362000
2020-11-10 14:00:00,91.2917803200,91.4195848800,90.9476911200,91.0361712000,365487
2020-11-10 14:30:00,91.0460023200,91.3802604000,90.6429264000,90.6527575200,498713
2020-11-10 15:00:00,90.6625886400,91.3311048000,90.6625886400,91.0165089600,595518
2020-11-11 10:00:00,90.4463040000,91.3114425600,89.4926853600,90.3578239200,1511598
2020-11-11 10:30:00,90.3578239200,90.7707309600,88.4800800000,88.5095733600,883956
2020-11-11 11:00:00,88.4800800000,88.8831559200,87.4969680000,87.9590306400,992800
2020-11-11 11:30:00,87.9590306400,89.0699472000,87.9590306400,88.6570401600,327900
2020-11-11 13:30:00,88.4899111200,88.5882223200,87.5559547200,87.5559547200,558630
2020-11-11 14:00:00,87.5461236000,87.8115638400,86.8382829600,87.0250742400,799528
2020-11-11 14:30:00,86.9660875200,87.4674746400,86.9660875200,87.2610211200,468700
2020-11-11 15:00:00,87.3003456000,87.3298389600,86.3762203200,86.3958825600,846655
2020-11-12 10:00:00,87.0152431200,88.7455202400,87.0152431200,87.6739281600,1245416
2020-11-12 10:30:00,87.6444348000,87.8508883200,86.6711539200,86.8087896000,612590
2020-11-12 11:00:00,86.8579452000,87.7919016000,86.6908161600,87.5067991200,502394
2020-11-12 11:30:00,87.5067991200,87.6444348000,86.7104784000,86.9071008000,293700
2020-11-12 13:30:00,86.9071008000,87.0643987200,86.1894290400,86.4155448000,427802
2020-11-12 14:00:00,86.2975713600,86.6023360800,86.1206112000,86.2189224000,406793
2020-11-12 14:30:00,86.2189224000,86.4450381600,86.0223000000,86.1697668000,452291
2020-11-12 15:00:00,86.1697668000,86.5826738400,86.0223000000,86.2582468800,434279
2020-11-13 10:00:00,85.8256776000,86.5040248800,85.2063170400,85.3931083200,1058243
2020-11-13 10:30:00,85.3636149600,87.0938920800,85.2456415200,86.8874385600,990371
2020-11-13 11:00:00,86.8874385600,90.1415392800,86.7006472800,89.1682584000,1535834
2020-11-13 11:30:00,89.1780895200,93.7692225600,89.1682584000,93.5824312800,2954239
2020-11-13 13:30:00,93.4644578400,93.5922624000,91.9701276000,92.9139151200,2001501
2020-11-13 14:00:00,92.9925640800,93.8871960000,92.9139151200,93.2383420800,1803154
2020-11-13 14:30:00,93.2186798400,93.2186798400,92.2060744800,92.7369549600,1038722
2020-11-13 15:00:00,92.8057728000,92.9532396000,92.5993192800,92.6288126400,1200721
2020-11-16 10:00:00,92.6288126400,98.1932265600,91.5572205600,97.0331544000,4879219
2020-11-16 10:30:00,97.1314656000,97.9966041600,95.4601752000,97.9966041600,2695820
2020-11-16 11:00:00,97.9966041600,101.0639136000,96.6595718400,98.6356269600,3320949
2020-11-16 11:30:00,98.7044448000,99.4024543200,98.3112000000,99.1271829600,924027
2020-11-16 13:30:00,99.1960008000,100.2184372800,98.1342398400,99.3827920800,1401016
2020-11-16 14:00:00,99.3827920800,100.7296555200,98.3112000000,98.6159647200,1360860
2020-11-16 14:30:00,98.6061336000,99.9824904000,98.3210311200,98.7536004000,949621
2020-11-16 15:00:00,98.7142759200,99.1075207200,98.3112000000,98.8519116000,1068718
2020-11-17 10:00:00,97.5247104000,99.2648186400,96.3646382400,97.7704884000,3509582
2020-11-17 10:30:00,97.7115016800,98.4193423200,97.3772436000,97.8393062400,993725
2020-11-17 11:00:00,98.0850842400,98.1145776000,96.4727805600,96.5317672800,950129
2020-11-17 11:30:00,96.5415984000,97.5443726400,96.1385224800,96.1581847200,700242
2020-11-17 13:30:00,95.9517312000,97.0626477600,95.1652416000,95.4601752000,1254151
2020-11-17 14:00:00,95.4601752000,96.6595718400,95.2733839200,95.3225395200,1193169
2020-11-17 14:30:00,95.3127084000,96.5809228800,94.3787520000,96.0500424000,1040728
2020-11-17 15:00:00,96.0893668800,96.8168697600,95.8435888800,96.5415984000,863130
2020-11-18 10:00:00,97.6230216000,97.8393062400,95.6666287200,95.7256154400,2207248
2020-11-18 10:30:00,95.7157843200,95.9025756000,94.6933478400,94.9489569600,1140646
2020-11-18 11:00:00,94.9489569600,94.9587880800,93.6414180000,93.9756760800,1258358
2020-11-18 11:30:00,93.9756760800,95.2832150400,93.5234445600,94.7719968000,988897
2020-11-18 13:30:00,94.7425034400,95.0570992800,94.0051694400,94.1133117600,446833
2020-11-18 14:00:00,94.1133117600,94.6835167200,93.9560138400,94.1428051200,415063
2020-11-18 14:30:00,94.1428051200,94.2116229600,93.5037823200,93.9756760800,580233
2020-11-18 15:00:00,94.0346628000,94.1821296000,92.9040840000,93.8282092800,1310241
2020-11-19 10:00:00,93.8970271200,94.2804408000,91.6358695200,93.7888848000,1471566
2020-11-19 10:30:00,93.7888848000,93.8773648800,92.3633724000,92.5206703200,603100
2020-11-19 11:00:00,92.5206703200,94.6540233600,92.3437101600,93.4153022400,810646
2020-11-19 11:30:00,93.4153022400,94.0739872800,93.2088487200,93.3956400000,419416
2020-11-19 13:30:00,93.3956400000,94.0739872800,93.3071599200,93.3661466400,325755
2020-11-19 14:00:00,93.3858088800,94.3984142400,93.3858088800,93.6512491200,525765
2020-11-19 14:30:00,93.6512491200,94.1428051200,93.3071599200,93.8970271200,385311
2020-11-19 15:00:00,94.0739872800,94.2312852000,93.3956400000,93.6905736000,761092
2020-11-20 10:00:00,94.3787520000,96.1483536000,93.5136134400,93.6905736000,1670579
2020-11-20 10:30:00,93.6905736000,94.0641561600,92.8647595200,93.0023952000,1027950
2020-11-20 11:00:00,93.0023952000,93.8577026400,92.7467860800,93.0712130400,786741
2020-11-20 11:30:00,93.1007064000,94.2706096800,92.9335773600,94.2706096800,451558
2020-11-20 13:30:00,94.3787520000,95.0964237600,94.2804408000,94.9391258400,748284
2020-11-20 14:00:00,94.9391258400,95.5584864000,94.4574009600,94.6540233600,794927
2020-11-20 14:30:00,94.6540233600,95.1160860000,94.5458810400,94.8604768800,304600
2020-11-20 15:00:00,94.8703080000,95.2438905600,94.6835167200,94.9194636000,706032
2020-11-23 10:00:00,95.8534200000,96.2368336800,93.9166893600,94.3590897600,1250161
2020-11-23 10:30:00,94.2804408000,95.0374370400,93.4054711200,95.0374370400,1042113
2020-11-23 11:00:00,95.0177748000,95.7944332800,94.7425034400,94.9784503200,924519
2020-11-23 11:30:00,94.9686192000,95.1652416000,94.3787520000,94.9194636000,321543
2020-11-23 13:30:00,94.9292947200,96.0008868000,94.7425034400,95.8239266400,692594
2020-11-23 14:00:00,95.8239266400,95.8435888800,95.0767615200,95.6567976000,601261
2020-11-23 14:30:00,95.6567976000,95.9320689600,95.2242283200,95.4700063200,641477
2020-11-23 15:00:00,95.4700063200,95.7354465600,95.2045660800,95.5978108800,612209
2020-11-24 10:00:00,96.4531183200,100.2675928800,95.4601752000,95.5879797600,4055275
2020-11-24 10:30:00,95.5683175200,95.5683175200,91.8226608000,92.4125280000,2917622
2020-11-24 11:00:00,92.5305014400,93.2383420800,92.4125280000,92.7762794400,807793
2020-11-24 11:30:00,92.7762794400,93.2678354400,92.3535412800,93.0810441600,483716
2020-11-24 13:30:00,93.0122263200,93.1990176000,92.4125280000,92.5894881600,508716
2020-11-24 14:00:00,92.5894881600,92.5894881600,91.8226608000,92.1962433600,982316
2020-11-24 14:30:00,92.1864122400,93.5922624000,91.9799587200,93.4447956000,701318
2020-11-24 15:00:00,93.4644578400,94.2312852000,92.6091504000,92.6091504000,1118749
2020-11-25 10:00:00,91.4294160000,91.7636740800,84.3510096000,84.4198274400,8478166
2020-11-25 10:30:00,84.3510096000,85.0588502400,82.4830968000,83.5546888800,5172172
2020-11-25 11:00:00,83.5645200000,84.0069204000,80.6151840000,82.7681992800,3796787
2020-11-25 11:30:00,82.8075237600,84.7540855200,82.6698880800,84.6852676800,2325650
2020-11-25 13:30:00,85.4717572800,86.7399717600,84.9212145600,86.7203095200,2717979
2020-11-25 14:00:00,86.7006472800,87.3396700800,85.5307440000,86.9365941600,1448802
2020-11-25 14:30:00,86.9365941600,86.9365941600,85.9534821600,86.4647004000,1000759
2020-11-25 15:00:00,86.4548692800,86.9759186400,85.5307440000,85.5307440000,1373061
2020-11-26 10:00:00,84.5476320000,84.8130722400,82.6600569600,83.3875598400,3059720
2020-11-26 10:30:00,83.4465465600,83.4465465600,81.9915408000,82.5912391200,2457145
2020-11-26 11:00:00,82.5814080000,83.3678976000,82.3749544800,83.2794175200,1612480
2020-11-26 11:30:00,83.2400930400,84.3018540000,83.2400930400,84.1347249600,813250
2020-11-26 13:30:00,84.1150627200,84.1543872000,83.6628312000,84.0069204000,511600
2020-11-26 14:00:00,84.0069204000,84.4198274400,83.8791158400,84.0560760000,456708
2020-11-26 14:30:00,84.0560760000,84.1543872000,83.7414801600,84.0265826400,541794
2020-11-26 15:00:00,84.0265826400,84.0757382400,83.5645200000,83.9577648000,742211
2020-11-27 10:00:00,84.7442544000,85.3046282400,83.1712752000,84.9507079200,1727933
2020-11-27 10:30:00,84.9113834400,85.5307440000,84.5476320000,85.3636149600,1190226
2020-11-27 11:00:00,85.3636149600,86.1992601600,85.3341216000,85.5798996000,978543
2020-11-27 11:30:00,85.5602373600,85.7666908800,84.9507079200,84.9703701600,486976
2020-11-27 13:30:00,84.9605390400,85.5110817600,84.8425656000,84.9802012800,412051
2020-11-27 14:00:00,85.0391880000,85.1374992000,84.8327344800,84.9900324000,312500
2020-11-27 14:30:00,84.9703701600,85.3242904800,84.9507079200,85.0785124800,350906
2020-11-27 15:00:00,85.0785124800,85.4324328000,84.8818900800,85.4127705600,906890
2020-11-30 10:00:00,85.1374992000,85.3242904800,81.4704914400,83.4072220800,3107876
2020-11-30 10:30:00,83.5546888800,84.2330361600,82.6403947200,83.8299602400,1540403
2020-11-30 11:00:00,83.8299602400,84.0069204000,83.4465465600,83.9184403200,450267
2020-11-30 11:30:00,83.9282714400,85.4029394400,83.9282714400,84.4296585600,664756
2020-11-30 13:30:00,84.5279697600,85.1964859200,84.2625295200,85.1964859200,484824
2020-11-30 14:00:00,85.2161481600,85.5307440000,84.6066187200,85.5012506400,501300
2020-11-30 14:30:00,85.4422639200,85.5012506400,84.6459432000,84.8622278400,496507
2020-11-30 15:00:00,84.8229033600,86.7989584800,84.6459432000,86.7989584800,1393454
2020-12-01 10:00:00,86.0223000000,86.1402734400,84.9310456800,85.3439527200,1869370
2020-12-01 10:30:00,85.3734460800,85.8355087200,84.7540855200,85.7273664000,1211774
2020-12-01 11:00:00,85.7371975200,86.4450381600,85.6290552000,85.8650020800,641690
2020-12-01 11:30:00,85.8650020800,86.6711539200,85.6585485600,86.4745315200,588861
2020-12-01 13:30:00,86.5040248800,86.7596340000,86.1795979200,86.5433493600,511802
2020-12-01 14:00:00,86.5433493600,86.9857497600,86.3663892000,86.8481140800,509099
2020-12-01 14:30:00,86.8677763200,87.2708522400,86.5236871200,87.0447364800,585279
2020-12-01 15:00:00,87.0054120000,87.0938920800,86.5728427200,86.8972696800,1008569
2020-12-02 10:00:00,87.3101767200,87.3101767200,85.6290552000,85.6388863200,1663228
2020-12-02 10:30:00,85.6290552000,85.6487174400,84.7540855200,85.0391880000,1137347
2020-12-02 11:00:00,85.0391880000,85.8748332000,84.9802012800,85.4619261600,517700
2020-12-02 11:30:00,85.4619261600,86.1304423200,85.3341216000,86.1107800800,364451
2020-12-02 13:30:00,86.1107800800,86.6121672000,85.7273664000,86.4647004000,526260
2020-12-02 14:00:00,86.4647004000,87.7820704800,86.3172336000,86.4843626400,789066
2020-12-02 14:30:00,86.4843626400,86.6318294400,86.3270647200,86.4647004000,288200
2020-12-02 15:00:00,86.4647004000,86.6908161600,86.2975713600,86.4450381600,593864
2020-12-03 10:00:00,86.8087896000,88.3326132000,85.8650020800,87.5952792000,2004388
2020-12-03 10:30:00,87.6051103200,88.2637953600,87.2315277600,88.2146397600,848570
2020-12-03 11:00:00,88.2834576000,88.4702488800,87.9786928800,88.0081862400,889972
2020-12-03 11:30:00,88.0081862400,88.4014310400,87.7034215200,88.1556530400,497926
2020-12-03 13:30:00,88.1458219200,88.6177156800,88.0966663200,88.3719376800,710243
2020-12-03 14:00:00,88.3227820800,88.3719376800,86.9267630400,87.0250742400,1189225
2020-12-03 14:30:00,87.0250742400,87.3593323200,86.5138560000,87.3495012000,1097243
2020-12-03 15:00:00,87.3495012000,87.7230837600,87.3003456000,87.4183190400,709201
2020-12-04 10:00:00,87.6935904000,89.9350857600,87.6935904000,89.4435297600,1611554
2020-12-04 10:30:00,89.4435297600,90.2005260000,89.1584272800,89.5811654400,1116285
2020-12-04 11:00:00,89.5811654400,89.6303210400,89.3255563200,89.5516720800,264153
2020-12-04 11:30:00,89.5516720800,89.5909965600,88.6275468000,88.6767024000,325500
2020-12-04 13:30:00,88.6865335200,88.9224804000,88.3817688000,88.5587289600,471149
2020-12-04 14:00:00,88.5587289600,89.3845430400,88.5587289600,89.2567384800,614272
2020-12-04 14:30:00,89.2567384800,89.2665696000,88.7356891200,88.9716360000,511230
2020-12-04 15:00:00,88.9716360000,89.4631920000,88.9716360000,89.4140364000,854198
2020-12-07 10:00:00,89.4631920000,93.9855072000,89.3353874400,93.9855072000,2668537
2020-12-07 10:30:00,93.9855072000,97.0724788800,93.7397292000,95.0276059200,3205620
2020-12-07 11:00:00,95.0276059200,95.8042644000,94.7228412000,95.0570992800,774364
2020-12-07 11:30:00,95.0177748000,95.5486552800,94.4967254400,95.4011884800,787100
2020-12-07 13:30:00,95.3225395200,95.7354465600,95.0669304000,95.3323706400,547600
2020-12-07 14:00:00,95.3323706400,96.1286913600,95.0472681600,95.4208507200,690539
2020-12-07 14:30:00,95.4503440800,95.9812245600,95.4306818400,95.6469664800,558750
2020-12-07 15:00:00,95.4601752000,96.0598735200,95.3913573600,95.9517312000,1170555
2020-12-08 10:00:00,95.3815262400,96.6694029600,95.3618640000,96.0205490400,1161894
2020-12-08 10:30:00,96.0991980000,96.4531183200,95.7059532000,95.8140955200,719576
2020-12-08 11:00:00,95.7452776800,96.3449760000,95.6469664800,95.9517312000,455699
2020-12-08 11:30:00,95.9517312000,96.1975092000,95.6174731200,95.6666287200,421329
2020-12-08 13:30:00,95.5584864000,96.2958204000,95.5584864000,95.9320689600,413101
2020-12-08 14:00:00,95.9320689600,96.1188602400,95.7452776800,96.0205490400,408064
2020-12-08 14:30:00,96.0500424000,97.7115016800,95.9910556800,96.7382208000,1223264
2020-12-08 15:00:00,96.7382208000,97.2101145600,96.6202473600,96.8365320000,864074
2020-12-09 10:00:00,97.7115016800,98.6061336000,96.4039627200,97.3084257600,1519108
2020-12-09 10:30:00,97.3084257600,97.5935282400,96.3843004800,97.0528166400,964611
2020-12-09 11:00:00,96.9250120800,98.1145776000,96.7185585600,97.4165680800,645387
2020-12-09 11:30:00,97.4263992000,97.7704884000,97.0921411200,97.2101145600,328200
2020-12-09 13:30:00,97.1118033600,97.9179552000,96.9446743200,97.0724788800,746320
2020-12-09 14:00:00,97.0724788800,97.5050481600,97.0331544000,97.3280880000,595370
2020-12-09 14:30:00,97.3182568800,98.1637332000,97.1412967200,98.1047464800,984539
2020-12-09 15:00:00,98.1047464800,98.1047464800,96.6202473600,96.9839988000,1265099
2020-12-10 10:00:00,96.9250120800,98.0162664000,95.9615623200,96.7283896800,1468461
2020-12-10 10:30:00,96.5710917600,97.6721772000,96.5710917600,97.3379191200,619100
2020-12-10 11:00:00,97.3379191200,99.3827920800,97.3379191200,98.3210311200,1288982
2020-12-10 11:30:00,98.3210311200,98.8322493600,97.7016705600,98.8322493600,432119
2020-12-10 13:30:00,98.8519116000,100.2184372800,98.7241070400,99.2058319200,1318691
2020-12-10 14:00:00,99.1763385600,99.6482323200,98.6356269600,98.7339381600,548409
2020-12-10 14:30:00,98.7339381600,98.7929248800,98.1145776000,98.3996800800,745746
2020-12-10 15:00:00,98.3308622400,98.6061336000,97.7606572800,98.4979912800,958801
2020-12-11 10:00:00,98.7929248800,99.0780273600,97.3379191200,97.4263992000,1153708
2020-12-11 10:30:00,97.5247104000,98.4291734400,97.3870747200,98.3112000000,951795
2020-12-11 11:00:00,98.3112000000,98.3112000000,96.8955187200,97.6230216000,928360
2020-12-11 11:30:00,97.7115016800,98.1145776000,96.6399096000,96.9250120800,652171
2020-12-11 13:30:00,96.9250120800,98.2718755200,96.7677141600,97.0134921600,671260
2020-12-11 14:00:00,97.0331544000,97.5148792800,96.6399096000,96.8856876000,586634
2020-12-11 14:30:00,96.8561942400,97.2592701600,95.7059532000,96.2958204000,943682
2020-12-11 15:00:00,96.2663270400,97.3674124800,96.2663270400,96.7972075200,899897
2020-12-14 10:00:00,98.2915377600,98.8814049600,97.4460614400,97.6820083200,1316559
2020-12-14 10:30:00,97.6623460800,99.5892456000,97.3772436000,98.0260975200,1190928
2020-12-14 11:00:00,98.0064352800,98.9698850400,97.8982929600,98.5274846400,712428
2020-12-14 11:30:00,98.5864713600,98.9010672000,97.8196440000,98.7830937600,490764
2020-12-14 13:30:00,98.5963024800,99.4909344000,98.3112000000,99.3926232000,634974
2020-12-14 14:00:00,99.3729609600,99.3729609600,98.1735643200,98.4193423200,605650
2020-12-14 14:30:00,98.4193423200,99.0976896000,98.3112000000,98.6651203200,548529
2020-12-14 15:00:00,98.6552892000,99.4417788000,98.6552892000,99.3729609600,811064
2020-12-15 10:00:00,99.3926232000,103.0203064800,98.7634315200,100.3757352000,2537291
2020-12-15 10:30:00,100.3953974400,100.8771223200,99.9726592800,100.2086061600,950431
2020-12-15 11:00:00,100.2774240000,100.5723576000,99.7465435200,100.3069173600,950732
2020-12-15 11:30:00,100.3069173600,100.8869534400,99.9824904000,100.3855663200,423892
2020-12-15 13:30:00,100.3757352000,100.4838775200,99.9136725600,100.1987750400,333222
2020-12-15 14:00:00,100.1987750400,100.3462418400,99.4811032800,99.5892456000,517110
2020-12-15 14:30:00,99.5499211200,100.4937086400,99.5499211200,99.8546858400,454011
2020-12-15 15:00:00,99.8645169600,100.4347219200,99.6482323200,100.2282684000,930432
2020-12-16 10:00:00,99.6187389600,101.0344202400,99.0976896000,99.5105966400,1100305
2020-12-16 10:30:00,99.5990767200,100.5625264800,99.2943120000,100.4150596800,620619
2020-12-16 11:00:00,100.3757352000,100.5821887200,99.8841792000,100.4052285600,359489
2020-12-16 11:30:00,100.4052285600,102.0175322400,100.3953974400,101.4473272800,703357
2020-12-16 13:30:00,101.4571584000,105.4092686400,101.4571584000,104.7997392000,2123794
2020-12-16 14:00:00,104.8587259200,104.8587259200,102.4402704000,102.6762172800,974685
2020-12-16 14:30:00,102.6762172800,103.4233824000,102.5385816000,102.5877372000,649398
2020-12-16 15:00:00,102.6073994400,102.9219952800,102.2928036000,102.9219952800,943992
2020-12-17 10:00:00,103.1579421600,104.6424412800,101.4669895200,101.7717542400,1191124
2020-12-17 10:30:00,101.8307409600,102.4206081600,100.2774240000,101.0639136000,830979
2020-12-17 11:00:00,101.0639136000,102.9318264000,100.9262779200,102.4697637600,503500
2020-12-17 11:30:00,102.4992571200,103.5806803200,102.4697637600,103.2857467200,362690
2020-12-17 13:30:00,103.2955778400,103.6986537600,102.8335152000,103.1087865600,432600
2020-12-17 14:00:00,102.9613197600,103.2464222400,102.1158434400,102.5090882400,331843
2020-12-17 14:30:00,102.5090882400,103.1284488000,102.4304392800,103.0497998400,237700
2020-12-17 15:00:00,103.0497998400,103.1087865600,102.6270616800,102.9318264000,542060
2020-12-18 10:00:00,102.5287504800,104.3081832000,100.6018509600,101.0245891200,1048460
2020-12-18 10:30:00,101.0245891200,102.3419592000,100.7493177600,102.3419592000,696213
2020-12-18 11:00:00,102.3517903200,102.7253728800,101.8995588000,102.7155417600,335856
2020-12-18 11:30:00,102.7155417600,103.2267600000,102.5090882400,102.7843596000,283624
2020-12-18 13:30:00,102.8138529600,102.8335152000,101.7127675200,102.0175322400,335926
2020-12-18 14:00:00,102.0273633600,102.8728396800,101.8504032000,102.5385816000,191062
2020-12-18 14:30:00,102.5385816000,102.6368928000,102.0470256000,102.3419592000,216114
2020-12-18 15:00:00,102.2534791200,102.5877372000,102.1453368000,102.5877372000,572564
2020-12-21 10:00:00,101.2605360000,103.7969649600,101.1622248000,103.7969649600,971263
2020-12-21 10:30:00,103.8657828000,106.1760960000,103.7969649600,105.1929840000,1287007
2020-12-21 11:00:00,105.1929840000,106.6676520000,105.1536595200,105.5862288000,850286
2020-12-21 11:30:00,105.5272420800,106.4710296000,104.2098720000,106.2350827200,555196
2020-12-21 13:30:00,106.2547449600,106.6086652800,105.1929840000,106.0482914400,636800
2020-12-21 14:00:00,105.9794736000,106.4710296000,105.3601130400,105.5567354400,573000
2020-12-21 14:30:00,105.5567354400,107.1985324800,105.5272420800,107.1985324800,1191898
2020-12-21 15:00:00,107.1592080000,107.2673503200,106.5005229600,106.9920789600,979643
2020-12-22 10:00:00,106.7659632000,109.2335743200,106.4317051200,108.6830316000,1861939
2020-12-22 10:30:00,108.6928627200,110.3838153600,108.1423200000,109.8431037600,1575917
2020-12-22 11:00:00,110.0888817600,110.7868912800,109.1352631200,110.6787489600,1205766
2020-12-22 11:30:00,110.6984112000,111.7994966400,109.9217527200,111.0916560000,1153706
2020-12-22 13:30:00,111.1408116000,112.8415953600,110.6099311200,110.9638514400,1309714
2020-12-22 14:00:00,110.8458780000,111.9273012000,110.8065535200,110.9048647200,829730
2020-12-22 14:30:00,110.9048647200,111.2882784000,109.4400278400,110.1282062400,1018791
2020-12-22 15:00:00,110.1576996000,111.1899672000,109.8824282400,109.8824282400,1257287
2020-12-23 10:00:00,110.8065535200,111.6913543200,109.2237432000,109.2532365600,1486060
2020-12-23 10:30:00,109.2925610400,109.3908722400,107.6507640000,108.9681340800,1247139
2020-12-23 11:00:00,108.9877963200,110.6984112000,108.9877963200,109.9217527200,506500
2020-12-23 11:30:00,110.0593884000,110.5607755200,109.4301967200,109.4301967200,521500
2020-12-23 13:30:00,109.4301967200,110.3739842400,108.8796540000,109.5776635200,565279
2020-12-23 14:00:00,109.7644548000,110.1773618400,108.1423200000,108.4765780800,773100
2020-12-23 14:30:00,108.4765780800,109.1254320000,108.0735021600,108.9681340800,652700
2020-12-23 15:00:00,108.9681340800,109.2139120800,107.9456976000,109.2139120800,1064100
2020-12-24 10:00:00,110.1085440000,113.1365289600,108.6338760000,112.8415953600,1917511
2020-12-24 10:30:00,112.9104132000,115.0929218400,112.0845991200,115.0044417600,1406543
2020-12-24 11:00:00,115.0044417600,117.7079997600,113.8738629600,114.3359256000,1564826
2020-12-24 11:30:00,114.3555878400,114.8766372000,113.2348401600,113.2446712800,677869
2020-12-24 13:30:00,113.1955156800,113.2348401600,111.7601721600,112.7236219200,784889
2020-12-24 14:00:00,112.7137908000,112.8022708800,110.4624643200,110.9736825600,1068500
2020-12-24 14:30:00,110.9736825600,111.0818248800,110.1282062400,110.2166863200,801625
2020-12-24 15:00:00,110.2068552000,111.1703049600,109.9119216000,110.3051664000,995069
2020-12-25 10:00:00,111.1506427200,111.5832120000,103.8854450400,104.0820674400,3604052
2020-12-25 10:30:00,104.0132496000,104.0132496000,98.2817066400,100.8672912000,5709000
2020-12-25 11:00:00,100.9361090400,103.2267600000,100.7296555200,102.7352040000,1617475
2020-12-25 11:30:00,102.7155417600,103.1579421600,101.4080028000,102.9908131200,677754
2020-12-25 13:30:00,102.9908131200,104.1607164000,102.6762172800,104.0427429600,870242
2020-12-25 14:00:00,104.1115608000,105.4092686400,103.8952761600,103.9247695200,756108
2020-12-25 14:30:00,103.9247695200,104.9865304800,103.9247695200,104.3180143200,576300
2020-12-25 15:00:00,104.3180143200,104.9963616000,103.5413558400,104.3966632800,847988
2020-12-28 10:00:00,105.6747088800,105.6845400000,101.2605360000,104.5834545600,2143514
2020-12-28 10:30:00,104.5342989600,104.9275437600,103.0989554400,103.7379782400,1018928
2020-12-28 11:00:00,103.8657828000,105.4879176000,103.7281471200,104.6817657600,930486
2020-12-28 11:30:00,104.6817657600,104.6915968800,103.6494981600,103.7773027200,424300
2020-12-28 13:30:00,103.6888226400,104.2098720000,103.0497998400,103.7478093600,548442
2020-12-28 14:00:00,103.7379782400,103.7379782400,102.9711508800,103.4135512800,542088
2020-12-28 14:30:00,103.4135512800,104.2000408800,102.9908131200,103.3742268000,626211
2020-12-28 15:00:00,103.3840579200,103.7084848800,103.1186176800,103.6986537600,576020
2020-12-29 10:00:00,104.0132496000,106.1760960000,103.7183160000,104.6915968800,1646592
2020-12-29 10:30:00,104.6915968800,105.3404508000,103.6789915200,104.7309213600,806154
2020-12-29 11:00:00,104.6915968800,104.9177126400,104.0624052000,104.7899080800,525583
2020-12-29 11:30:00,104.8783881600,105.3404508000,103.7084848800,103.7183160000,515558
2020-12-29 13:30:00,103.7084848800,103.9837562400,102.6270616800,102.9219952800,596057
2020-12-29 14:00:00,102.9318264000,103.2267600000,101.4571584000,102.3321280800,835320
2020-12-29 14:30:00,102.3321280800,103.0104753600,101.8012476000,102.7745284800,495200
2020-12-29 15:00:00,102.8236840800,103.6101736800,102.2239857600,102.9219952800,1083596
2020-12-30 10:00:00,103.8559516800,105.9794736000,103.1186176800,105.6845400000,1726714
2020-12-30 10:30:00,105.6943711200,108.4175913600,105.3502819200,107.6212706400,1339867
2020-12-30 11:00:00,107.6212706400,107.6311017600,106.2842383200,106.8839366400,1150031
2020-12-30 11:30:00,106.8839366400,107.7490752000,106.7659632000,107.3951548800,705100
2020-12-30 13:30:00,107.5229594400,107.8277241600,106.7659632000,107.6999196000,747000
2020-12-30 14:00:00,107.7097507200,107.7097507200,106.4710296000,106.8249499200,750800
2020-12-30 14:30:00,106.9429233600,107.3459992800,106.3825495200,107.0412345600,717011
2020-12-30 15:00:00,106.9330922400,107.4639727200,106.7168076000,107.4049860000,914752
2020-12-31 10:00:00,109.8037792800,116.4791097600,109.8037792800,113.9426808000,3576683
2020-12-31 10:30:00,113.7263961600,114.1884588000,112.3205460000,112.9005820800,1105653
2020-12-31 11:00:00,112.9005820800,114.4735612800,112.9005820800,114.0311608800,664600
2020-12-31 11:30:00,114.0311608800,114.3654189600,112.2713904000,112.9890621600,628100
2020-12-31 13:30:00,112.8710887200,114.5030546400,112.8317642400,114.3457567200,838849
2020-12-31 14:00:00,114.3555878400,115.3878554400,114.2179521600,115.0732596000,747395
2020-12-31 14:30:00,115.0339351200,115.8302558400,114.0704853600,114.9061305600,959900
2020-12-31 15:00:00,114.9257928000,115.1814019200,114.3457567200,115.0241040000,1144718
2021-01-04 10:00:00,117.6490130400,117.6490130400,114.0508231200,117.2066126400,2209463
2021-01-04 10:30:00,117.2066126400,120.0281440800,115.9580604000,117.0886392000,1865918
2021-01-04 11:00:00,117.0689769600,118.2093868800,115.9383981600,117.8161420800,850145
2021-01-04 11:30:00,117.8161420800,118.4649960000,116.8821856800,117.9734400000,495316
2021-01-04 13:30:00,118.0717512000,118.9368897600,117.1181325600,118.7697607200,766511
2021-01-04 14:00:00,118.7107740000,119.5464192000,118.2782047200,119.4382768800,745814
2021-01-04 14:30:00,119.4481080000,120.1264552800,118.9565520000,119.7725349600,1015799
2021-01-04 15:00:00,119.7725349600,119.9396640000,118.6616184000,118.7402673600,1055340
2021-01-05 10:00:00,118.4453337600,121.3651764000,117.9734400000,118.7599296000,2244379
2021-01-05 10:30:00,118.7599296000,122.4760929600,118.3273603200,120.4213888800,1752619
2021-01-05 11:00:00,120.4213888800,120.8932826400,118.4846582400,118.5338138400,636009
2021-01-05 11:30:00,118.4846582400,119.5464192000,118.0717512000,119.0155387200,461538
2021-01-05 13:30:00,118.8680719200,120.5295312000,118.6714495200,120.0478063200,476930
2021-01-05 14:00:00,120.3918955200,121.5323054400,120.0674685600,120.4312200000,558800
2021-01-05 14:30:00,120.4312200000,121.0997361600,119.5464192000,120.9915938400,534374
2021-01-05 15:00:00,121.1095672800,121.6994344800,120.3525710400,121.1292295200,839571
2021-01-06 10:00:00,120.8834515200,121.9058880000,116.9018479200,116.9018479200,1735187
2021-01-06 10:30:00,116.9903280000,119.9298328800,116.8920168000,119.6840548800,781002
2021-01-06 11:00:00,119.6250681600,120.2247664800,118.9172275200,119.0941876800,456810
2021-01-06 11:30:00,119.0941876800,120.5098689600,119.0843565600,119.9298328800,287106
2021-01-06 13:30:00,119.7430416000,120.9227760000,119.3891212800,119.9888196000,500131
2021-01-06 14:00:00,119.9888196000,121.2078784800,119.8610150400,120.9621004800,537585
2021-01-06 14:30:00,120.9621004800,121.1882162400,119.9396640000,120.5295312000,380142
2021-01-06 15:00:00,120.5295312000,121.5716299200,120.3329088000,121.5716299200,696365
2021-01-07 10:00:00,119.9593262400,121.2668652000,118.1504001600,121.0899050400,1435756
2021-01-07 10:30:00,120.9326071200,121.4929809600,119.2023300000,120.5786868000,890680
2021-01-07 11:00:00,120.6769980000,123.4592049600,120.4410511200,122.7906888000,1039273
2021-01-07 11:30:00,122.7808576800,123.2625825600,121.1488917600,121.4536564800,777451
2021-01-07 13:30:00,121.7584212000,121.7584212000,119.4087835200,119.5464192000,898729
2021-01-07 14:00:00,119.5464192000,120.6868291200,117.3835728000,118.2880358400,1531013
2021-01-07 14:30:00,118.2880358400,119.0941876800,117.7768176000,118.3371914400,1265486
2021-01-07 15:00:00,118.3371914400,119.4087835200,118.2683736000,118.9565520000,1232925
2021-01-08 10:00:00,121.4241631200,123.5378539200,118.0225956000,119.5759125600,2590089
2021-01-08 10:30:00,119.5759125600,121.7879145600,118.7599296000,121.3848386400,942633
2021-01-08 11:00:00,121.3946697600,122.4760929600,120.9326071200,121.9058880000,773513
2021-01-08 11:30:00,121.9058880000,123.2625825600,120.4410511200,120.6081801600,743313
2021-01-08 13:30:00,120.4902067200,121.0505805600,119.5464192000,119.9396640000,587597
2021-01-08 14:00:00,119.9396640000,120.1264552800,118.6911117600,119.0253698400,853615
2021-01-08 14:30:00,119.0253698400,119.5365880800,118.7992540800,119.2514856000,735869
2021-01-08 15:00:00,119.2514856000,120.9227760000,119.1236810400,120.9227760000,683672
2021-01-11 10:00:00,123.8721120000,127.7062488000,121.9058880000,123.2822448000,3223453
2021-01-11 10:30:00,123.3608937600,128.4927384000,122.7611954400,127.0475637600,1943052
2021-01-11 11:00:00,127.3130040000,127.8045600000,125.6318824800,127.2835106400,933300
2021-01-11 11:30:00,127.0180704000,127.8340533600,126.3987098400,127.4014840800,971300
2021-01-11 13:30:00,127.8143911200,127.8143911200,121.8272390400,122.4859240800,1440100
2021-01-11 14:00:00,122.5055863200,123.8721120000,119.9396640000,120.5786868000,1194870
2021-01-11 14:30:00,120.5295312000,121.2865274400,119.1826677600,120.0871308000,1080740
2021-01-11 15:00:00,120.4017266400,122.0533548000,120.1854420000,121.1980473600,1057818
2021-01-12 10:00:00,118.9565520000,122.4760929600,118.5633072000,119.7135482400,2069969
2021-01-12 10:30:00,119.9396640000,122.2008216000,119.9396640000,121.2668652000,1173595
2021-01-12 11:00:00,121.2668652000,121.5126432000,120.1559486400,120.4902067200,612900
2021-01-12 11:30:00,120.4607133600,120.8932826400,120.0281440800,120.5197000800,642942
2021-01-12 13:30:00,120.5098689600,122.2106527200,120.5098689600,121.0309183200,905912
2021-01-12 14:00:00,121.0505805600,123.1544402400,120.7261536000,121.9452124800,869747
2021-01-12 14:30:00,121.9452124800,122.7906888000,121.2275407200,122.2401460800,748401
2021-01-12 15:00:00,122.2499772000,123.0757912800,121.5028120800,123.0757912800,944662
2021-01-13 10:00:00,123.6754896000,125.4450912000,121.6896033600,125.1796509600,1957805
2021-01-13 10:30:00,125.2484688000,125.8383360000,124.0785655200,125.1304953600,1013498
2021-01-13 11:00:00,125.2386376800,125.6417136000,124.0785655200,124.6586016000,641706
2021-01-13 11:30:00,124.5013036800,126.8214480000,124.4521480800,124.5602904000,893554
2021-01-13 13:30:00,124.5307970400,124.5307970400,123.0856224000,123.9310987200,763120
2021-01-13 14:00:00,123.9016053600,123.9016053600,121.7190967200,121.7190967200,726518
2021-01-13 14:30:00,121.7879145600,122.8693377600,121.5126432000,122.6825464800,634907
2021-01-13 15:00:00,122.6825464800,122.8693377600,121.6601100000,121.8272390400,973408
2021-01-14 10:00:00,120.9129448800,123.0856224000,119.7430416000,120.7261536000,1503854
2021-01-14 10:30:00,120.6868291200,121.6011232800,118.8582408000,120.4803756000,901512
2021-01-14 11:00:00,120.4312200000,123.5575161600,120.4312200000,123.3510626400,669795
2021-01-14 11:30:00,123.3510626400,125.6515447200,122.9971423200,124.0687344000,1184783
2021-01-14 13:30:00,123.9409298400,124.0589032800,122.6432220000,122.7611954400,454700
2021-01-14 14:00:00,122.7513643200,123.3510626400,122.3974440000,123.1642713600,316861
2021-01-14 14:30:00,122.9676489600,123.8721120000,122.9184933600,122.9283244800,497021
2021-01-14 15:00:00,123.0462979200,123.4493738400,122.0336925600,122.5055863200,697807
2021-01-15 10:00:00,122.1909904800,122.1909904800,114.0409920000,116.7838744800,3239823
2021-01-15 10:30:00,116.6855632800,119.3104723200,116.5872520800,118.6321250400,1578291
2021-01-15 11:00:00,118.6222939200,119.8216905600,117.9734400000,118.4748271200,378462
2021-01-15 11:30:00,118.4649960000,119.7233793600,117.3835728000,117.3835728000,480396
2021-01-15 13:30:00,117.4228972800,117.8554665600,116.0563716000,117.1869504000,1075602
2021-01-15 14:00:00,117.1672881600,118.5141516000,116.9903280000,118.5043204800,562843
2021-01-15 14:30:00,118.5338138400,120.5295312000,118.3666848000,119.6152370400,718411
2021-01-15 15:00:00,119.6152370400,120.4312200000,119.2514856000,120.0084818400,690100
2021-01-18 10:00:00,126.0152961600,133.9588411200,123.8721120000,131.4912300000,5567363
2021-01-18 10:30:00,131.2552831200,140.5751848800,131.2552831200,138.9923745600,3014326
2021-01-18 11:00:00,139.6805529600,141.7745815200,138.0190936800,141.6369458400,1678709
2021-01-18 11:30:00,141.7745815200,143.7113121600,138.6187920000,139.6805529600,1565800
2021-01-18 13:30:00,139.6019040000,142.1678263200,139.6019040000,141.6074524800,1250597
2021-01-18 14:00:00,141.6074524800,142.5119155200,141.0765720000,141.1552209600,1029713
2021-01-18 14:30:00,141.1650520800,142.4136043200,140.9094429600,141.9220483200,892583
2021-01-18 15:00:00,141.9318794400,142.5512400000,140.6833272000,141.9515416800,1568991
2021-01-19 10:00:00,141.5779591200,143.0919516000,137.9306136000,139.0120368000,3310464
2021-01-19 10:30:00,139.1005168800,140.8307940000,138.4320007200,139.3954504800,1087939
2021-01-19 11:00:00,139.3856193600,142.4824221600,138.6187920000,140.5850160000,1266718
2021-01-19 11:30:00,140.6145093600,141.3420122400,139.0218679200,140.5653537600,618037
2021-01-19 13:30:00,140.1917712000,141.1748832000,139.6019040000,140.6734960800,524191
2021-01-19 14:00:00,140.6931583200,140.7914695200,139.3069704000,139.5724106400,796005
2021-01-19 14:30:00,139.5330861600,140.5751848800,139.2184903200,139.6019040000,638821
2021-01-19 15:00:00,139.5920728800,141.1748832000,139.3069704000,141.1748832000,1080249
2021-01-20 10:00:00,142.5512400000,142.5512400000,138.6187920000,140.6931583200,2053127
2021-01-20 10:30:00,140.6931583200,141.9613728000,140.1032911200,141.9318794400,916467
2021-01-20 11:00:00,141.9417105600,143.0427960000,141.0667408800,142.3447864800,809977
2021-01-20 11:30:00,142.3939420800,144.5174640000,141.5288035200,144.0848947200,1316165
2021-01-20 13:30:00,144.1045569600,145.0975000800,141.8532304800,144.0455702400,1184424
2021-01-20 14:00:00,144.0455702400,144.7435797600,143.1411072000,143.4655341600,876399
2021-01-20 14:30:00,143.4753652800,144.5076328800,142.0596840000,142.4430976800,883612
2021-01-20 15:00:00,142.4922532800,143.8194544800,141.9220483200,143.6031698400,1064247
2021-01-21 10:00:00,144.5174640000,144.5764507200,141.5681280000,144.1832059200,1932753
2021-01-21 10:30:00,144.2323615200,145.6480428000,143.1411072000,144.4683084000,1014022
2021-01-21 11:00:00,144.3699972000,145.1761490400,143.1312760800,144.7140864000,746950
2021-01-21 11:30:00,144.6256063200,145.7955096000,144.3405038400,145.7955096000,614790
2021-01-21 13:30:00,145.8544963200,146.0511187200,144.1537125600,145.5497316000,585553
2021-01-21 14:00:00,145.5792249600,145.6873672800,144.5174640000,145.3236158400,450116
2021-01-21 14:30:00,145.2646291200,145.7758473600,144.8123976000,145.5005760000,497010
2021-01-21 15:00:00,145.5005760000,145.5005760000,143.5146897600,143.9472590400,1010033
2021-01-22 10:00:00,144.2323615200,148.4302497600,144.2323615200,145.0090200000,1839168
2021-01-22 10:30:00,144.9696955200,147.3684888000,144.3994905600,145.0188511200,964521
2021-01-22 11:00:00,145.0188511200,146.2674033600,143.6818188000,143.8882723200,643042
2021-01-22 11:30:00,143.8882723200,145.7660162400,143.3278984800,145.4907448800,614158
2021-01-22 13:30:00,145.4022648000,146.2674033600,144.5174640000,145.8938208000,454289
2021-01-22 14:00:00,145.8938208000,146.6803104000,144.9991888800,146.1887544000,422011
2021-01-22 14:30:00,145.9528075200,146.3067278400,144.7140864000,145.4907448800,548526
2021-01-22 15:00:00,145.4809137600,147.4668000000,145.3334469600,146.2575722400,1224673
2021-01-25 10:00:00,143.5343520000,148.4400808800,141.0765720000,148.4105875200,2633430
2021-01-25 10:30:00,148.4105875200,150.9076920000,148.1648095200,149.3642061600,1124446
2021-01-25 11:00:00,149.0397792000,149.6493086400,148.2139651200,149.2757260800,413926
2021-01-25 11:30:00,149.4330240000,150.8880297600,148.4302497600,150.3178248000,493256
2021-01-25 13:30:00,150.5144472000,152.2053998400,149.4821796000,150.2981625600,576498
2021-01-25 14:00:00,150.3079936800,150.9175231200,148.1746406400,148.1746406400,432100
2021-01-25 14:30:00,148.1746406400,148.9119746400,146.4935191200,147.4471377600,645819
2021-01-25 15:00:00,147.3881510400,147.3979821600,145.7955096000,146.4345324000,764253
2021-01-26 10:00:00,145.0286822400,149.2167393600,144.5666196000,147.2406842400,1377380
2021-01-26 10:30:00,147.2505153600,147.9386937600,145.2056424000,146.4836880000,779927
2021-01-26 11:00:00,146.3853768000,146.3853768000,143.5441831200,144.4584772800,740551
2021-01-26 11:30:00,144.4584772800,147.3291643200,143.8292856000,147.2111908800,564870
2021-01-26 13:30:00,146.4836880000,148.8234945600,146.0904432000,148.4105875200,525201
2021-01-26 14:00:00,148.1746406400,148.4007564000,146.3657145600,147.1620352800,416174
2021-01-26 14:30:00,147.1620352800,147.4569688800,145.9626386400,146.6901415200,390100
2021-01-26 15:00:00,146.8081149600,147.2210220000,145.4710826400,146.2772344800,808707
2021-01-27 10:00:00,148.4695742400,149.8459310400,144.1045569600,144.1045569600,1731939
2021-01-27 10:30:00,144.1733748000,147.6634224000,141.6664392000,147.4766311200,1266097
2021-01-27 11:00:00,147.5454489600,148.1058228000,145.6480428000,147.2701776000,554979
2021-01-27 11:30:00,147.2701776000,148.0173427200,146.5131813600,147.7912269600,321800
2021-01-27 13:30:00,147.8010580800,148.8824812800,147.4962933600,148.4499120000,464355
2021-01-27 14:00:00,148.4597431200,148.7448456000,146.7786216000,146.8474394400,524044
2021-01-27 14:30:00,146.8474394400,147.4668000000,145.8643274400,146.5033502400,474760
2021-01-27 15:00:00,146.5033502400,148.0075116000,146.5033502400,147.7125780000,580132
2021-01-28 10:00:00,144.7632420000,149.0692725600,144.7632420000,146.9064261600,1304659
2021-01-28 10:30:00,146.9064261600,147.1718664000,144.3896594400,144.7435797600,697445
2021-01-28 11:00:00,144.5371262400,145.1073312000,142.1678263200,143.5540142400,1200633
2021-01-28 11:30:00,143.5933387200,144.0259080000,142.2071508000,142.4922532800,711732
2021-01-28 13:30:00,142.3546176000,143.0329648800,141.3420122400,142.6298889600,850794
2021-01-28 14:00:00,142.6102267200,143.0329648800,140.7816384000,140.8209628800,650300
2021-01-28 14:30:00,140.8504562400,142.0990084800,139.9951488000,141.4206612000,969469
2021-01-28 15:00:00,141.3911678400,141.5091412800,139.3462948800,139.3462948800,1214503
2021-01-29 10:00:00,142.8363424800,148.2336273600,142.2366441600,146.5230124800,2891690
2021-01-29 10:30:00,146.5230124800,149.4133617600,144.5469573600,148.2237962400,1904461
2021-01-29 11:00:00,148.4105875200,148.4105875200,146.1494299200,147.3586576800,924978
2021-01-29 11:30:00,147.3586576800,148.5777165600,146.2575722400,148.1844717600,463376
2021-01-29 13:30:00,148.2631207200,148.2631207200,145.3924336800,145.8938208000,500499
2021-01-29 14:00:00,145.6873672800,145.9626386400,144.5174640000,145.1269934400,565151
2021-01-29 14:30:00,145.1663179200,145.4120959200,141.5681280000,141.8532304800,851410
2021-01-29 15:00:00,141.8532304800,145.6775361600,141.6467769600,144.7239175200,786851
2021-02-01 10:00:00,145.7463540000,151.6646882400,144.3306727200,151.6548571200,2063940
2021-02-01 10:30:00,151.3992480000,152.2643865600,148.6465344000,149.1872460000,1472711
2021-02-01 11:00:00,149.1970771200,150.5439405600,146.1494299200,147.2505153600,1008080
2021-02-01 11:30:00,147.2701776000,147.9288626400,145.9921320000,147.7813958400,524995
2021-02-01 13:30:00,148.3122763200,148.9414680000,146.7786216000,147.1423730400,465029
2021-02-01 14:00:00,147.1522041600,147.6339290400,146.3165589600,147.6339290400,463065
2021-02-01 14:30:00,147.6339290400,147.9386937600,146.4443635200,146.6901415200,438264
2021-02-01 15:00:00,146.8965950400,147.9681871200,146.7196348800,147.0735552000,679948
2021-02-02 10:00:00,147.0735552000,147.9583560000,138.5991297600,142.3054620000,2933161
2021-02-02 10:30:00,142.3447864800,147.8403825600,142.3447864800,147.4569688800,1452630
2021-02-02 11:00:00,147.4569688800,148.9218057600,146.8376083200,148.4302497600,646057
2021-02-02 11:30:00,148.4400808800,151.0551588000,147.9583560000,150.5242783200,726272
2021-02-02 13:30:00,150.8093808000,150.8093808000,148.9512991200,150.1605268800,558318
2021-02-02 14:00:00,150.1605268800,150.5144472000,148.8628190400,150.2195136000,622488
2021-02-02 14:30:00,149.9245800000,152.1857376000,149.7181264800,152.1857376000,775681
2021-02-02 15:00:00,152.2447243200,152.4905023200,150.6422517600,151.3009368000,955264
2021-02-03 10:00:00,150.9175231200,151.0158343200,147.6339290400,148.3614319200,1635567
2021-02-03 10:30:00,148.3516008000,148.4400808800,144.4683084000,144.4879706400,1577502
2021-02-03 11:00:00,144.4191528000,145.1564868000,142.5512400000,144.0750636000,979545
2021-02-03 11:30:00,144.1242192000,147.3586576800,143.6326632000,147.0342307200,499606
2021-02-03 13:30:00,146.9260884000,146.9654128800,145.0778378400,145.1564868000,518560
2021-02-03 14:00:00,145.0581756000,145.2154735200,143.6621565600,144.5272951200,552910
2021-02-03 14:30:00,144.5174640000,144.5174640000,142.5512400000,142.7478624000,834218
2021-02-03 15:00:00,142.6790445600,142.6888756800,139.5527484000,140.4768736800,2347547
2021-02-04 10:00:00,141.0765720000,142.8953292000,136.8491904000,137.1244617600,2272046
2021-02-04 10:30:00,137.2227729600,141.5288035200,137.0654750400,140.4375492000,1309106
2021-02-04 11:00:00,140.4375492000,140.9094429600,137.8323024000,138.1763916000,644451
2021-02-04 11:30:00,138.1763916000,140.4768736800,137.8028090400,140.0148110400,489954
2021-02-04 13:30:00,139.7198774400,139.7198774400,138.0387559200,138.5401430400,651330
2021-02-04 14:00:00,138.5401430400,140.0934600000,137.7339912000,139.0710235200,603378
2021-02-04 14:30:00,139.0808546400,139.9361620800,138.6581164800,139.2971392800,676651
2021-02-04 15:00:00,139.3757882400,139.9263309600,138.6679476000,138.6679476000,734167
2021-02-05 10:00:00,139.3757882400,140.2900824000,137.1441240000,139.4249438400,1261800
2021-02-05 10:30:00,139.4249438400,140.1721089600,137.9502758400,138.4221696000,989250
2021-02-05 11:00:00,138.4123384800,139.0906857600,137.6651733600,138.9628812000,630400
2021-02-05 11:30:00,138.9628812000,139.1201791200,137.2620974400,137.3407464000,558696
2021-02-05 13:30:00,137.0458128000,137.2031107200,133.9981656000,136.1905053600,1716573
2021-02-05 14:00:00,136.1905053600,136.8393592800,135.4924958400,136.7115547200,771791
2021-02-05 14:30:00,136.7115547200,136.7115547200,133.9785033600,134.2341124800,1196200
2021-02-05 15:00:00,134.2341124800,134.4307348800,132.9167424000,133.2116760000,1311917
2021-02-08 10:00:00,134.2636058400,136.4854389600,133.2313382400,136.4854389600,1410103
2021-02-08 10:30:00,136.3871277600,138.1272360000,135.2270556000,138.1272360000,636575
2021-02-08 11:00:00,138.1272360000,141.5484657600,138.1075737600,141.4304923200,1034500
2021-02-08 11:30:00,141.4501545600,142.3841109600,138.8154144000,141.2731944000,667000
2021-02-08 13:30:00,141.0667408800,143.2099250400,140.7128205600,142.4332665600,669876
2021-02-08 14:00:00,142.4430976800,142.9739781600,142.0891773600,142.7576935200,420599
2021-02-08 14:30:00,142.8166802400,143.3967163200,141.0077541600,141.3420122400,642353
2021-02-08 15:00:00,141.3223500000,141.3813367200,140.5850160000,141.0765720000,560591
2021-02-09 10:00:00,143.5343520000,144.7632420000,141.8925549600,144.4486461600,1162345
2021-02-09 10:30:00,144.4486461600,145.1663179200,141.5681280000,142.2268130400,734592
2021-02-09 11:00:00,142.2268130400,143.4851964000,141.7647504000,142.7576935200,381000
2021-02-09 11:30:00,142.7576935200,143.3967163200,142.0891773600,142.9444848000,364088
2021-02-09 13:30:00,142.9051603200,143.9079345600,142.2661375200,142.5709022400,407307
2021-02-09 14:00:00,142.5709022400,142.6593823200,140.1917712000,141.2633632800,616316
2021-02-09 14:30:00,141.1748832000,141.6664392000,140.2409268000,140.7423139200,587599
2021-02-09 15:00:00,140.7718072800,141.5288035200,140.7718072800,141.2830255200,567958
2021-02-10 10:00:00,140.3883936000,141.2043765600,136.6525680000,137.4587198400,1633110
2021-02-10 10:30:00,137.4587198400,137.9601069600,135.6694560000,137.5177065600,1335110
2021-02-10 11:00:00,137.4783820800,139.2676459200,137.4292264800,138.9825434400,636916
2021-02-10 11:30:00,139.1496724800,140.3883936000,138.3336895200,139.9361620800,298500
2021-02-10 13:30:00,139.9459932000,140.6833272000,139.2873081600,139.8771753600,409300
2021-02-10 14:00:00,139.8771753600,140.3687313600,139.3069704000,140.3687313600,436300
2021-02-10 14:30:00,140.2900824000,140.3195757600,139.2086592000,140.1721089600,448800
2021-02-10 15:00:00,140.1721089600,140.7226516800,139.6019040000,139.7395396800,699289
2021-02-18 10:00:00,138.8744011200,145.2744602400,135.5514825600,138.1370671200,3468820
2021-02-18 10:30:00,138.3140272800,140.2310956800,136.0332074400,136.2101676000,1358999
2021-02-18 11:00:00,136.3674655200,139.4839305600,135.7284427200,139.2676459200,1053788
2021-02-18 11:30:00,139.0415301600,139.4642683200,138.1272360000,138.5499741600,573400
2021-02-18 13:30:00,138.5204808000,139.1988280800,137.4193953600,137.9011202400,833046
2021-02-18 14:00:00,137.9306136000,138.5991297600,137.0753061600,137.6356800000,541503
2021-02-18 14:30:00,137.6356800000,138.5991297600,137.1539551200,138.4909874400,647800
2021-02-18 15:00:00,138.4909874400,139.1103480000,137.8323024000,138.9628812000,782911
2021-02-19 10:00:00,137.1441240000,139.1595036000,134.9222908800,135.2762112000,1462784
2021-02-19 10:30:00,135.4728336000,135.4728336000,129.2792280000,132.3661996800,2691188
2021-02-19 11:00:00,132.6021465600,133.4967784800,131.0488296000,131.7370080000,735745
2021-02-19 11:30:00,131.7370080000,133.3099872000,131.5305544800,133.1428581600,800957
2021-02-19 13:30:00,132.8086000800,136.1511808800,132.8086000800,135.5711448000,737146
2021-02-19 14:00:00,135.8070916800,136.8295281600,134.8829664000,136.8295281600,541968
2021-02-19 14:30:00,136.6525680000,137.8814580000,135.9938829600,137.3604086400,543616
2021-02-19 15:00:00,137.5275376800,138.0780804000,137.0359816800,137.0556439200,587225
2021-02-22 10:00:00,136.6525680000,137.6258488800,132.2875507200,134.9517842400,1705583
2021-02-22 10:30:00,134.8338108000,135.6203004000,133.8900232800,134.1947880000,693456
2021-02-22 11:00:00,134.2832680800,134.4503971200,130.6949092800,130.9898428800,1097102
2021-02-22 11:30:00,130.9898428800,131.7271768800,129.7707840000,130.2328466400,881318
2021-02-22 13:30:00,130.2131844000,131.1373096800,128.5615562400,129.7904462400,1215432
2021-02-22 14:00:00,129.7904462400,130.2131844000,128.5713873600,128.6205429600,997928
2021-02-22 14:30:00,128.6205429600,128.8564898400,126.6248256000,127.3719907200,1392787
2021-02-22 15:00:00,127.3719907200,129.0334500000,124.8552240000,127.1851994400,1171131
2021-02-23 10:00:00,127.8045600000,129.0826056000,126.3790476000,127.3228351200,1799355
2021-02-23 10:30:00,127.2048616800,127.7848977600,124.8552240000,126.2119185600,989116
2021-02-23 11:00:00,126.1824252000,127.3916529600,125.9169849600,126.9295903200,513200
2021-02-23 11:30:00,126.9197592000,128.3649338400,126.4282032000,126.8804347200,591800
2021-02-23 13:30:00,126.7624612800,128.9842944000,126.5658388800,128.4730761600,694829
2021-02-23 14:00:00,128.3944272000,128.9351388000,127.0672260000,127.1065504800,619432
2021-02-23 14:30:00,127.1065504800,127.6275998400,125.3467800000,125.5630646400,887186
2021-02-23 15:00:00,125.6515447200,126.3003986400,124.3538368800,125.2091443200,1284544
2021-02-24 10:00:00,125.5925580000,129.3283836000,125.5925580000,126.8017857600,1607250
2021-02-24 10:30:00,126.8116168800,127.8733778400,126.1136073600,126.9689148000,642613
2021-02-24 11:00:00,126.8804347200,127.6964176800,124.0589032800,125.0911708800,1009600
2021-02-24 11:30:00,125.1698198400,126.1332696000,123.4002182400,123.8032941600,976248
2021-02-24 13:30:00,123.8229564000,125.1108331200,123.3805560000,123.8229564000,956179
2021-02-24 14:00:00,123.8229564000,123.8229564000,122.6825464800,123.1151157600,887602
2021-02-24 14:30:00,123.1249468800,123.5575161600,122.4465996000,122.8988311200,976892
2021-02-24 15:00:00,122.9479867200,124.0589032800,122.1909904800,123.8524497600,646520
2021-02-25 10:00:00,126.5756700000,126.8312791200,122.8988311200,124.1867078400,1466569
2021-02-25 10:30:00,124.1768767200,125.3467800000,121.9452124800,121.9550436000,991150
2021-02-25 11:00:00,121.9550436000,123.7934630400,121.7879145600,123.5575161600,659721
2021-02-25 11:30:00,123.5280228000,123.5575161600,121.8862257600,122.0140303200,520671
2021-02-25 13:30:00,121.9058880000,122.7513643200,120.9522693600,122.0041992000,632800
2021-02-25 14:00:00,121.8075768000,122.4171062400,121.2963585600,121.2963585600,447300
2021-02-25 14:30:00,121.2373718400,121.5126432000,119.4481080000,121.0505805600,1364936
2021-02-25 15:00:00,120.9915938400,121.1980473600,120.1362864000,121.0309183200,753719
2021-02-26 10:00:00,118.9565520000,120.9031137600,116.9903280000,120.4115577600,1887507
2021-02-26 10:30:00,120.3624021600,121.6994344800,119.9101706400,120.9424382400,722118
2021-02-26 11:00:00,120.9424382400,121.1587228800,117.6785064000,117.8751288000,553600
2021-02-26 11:30:00,117.8063109600,118.4060092800,117.0984703200,117.5703640800,524300
2021-02-26 13:30:00,117.3737416800,118.4944893600,117.0886392000,117.7866487200,534367
2021-02-26 14:00:00,117.7571553600,118.3863470400,117.5998574400,118.1209068000,309500
2021-02-26 14:30:00,118.1307379200,119.9200017600,118.0815823200,119.7037171200,449109
2021-02-26 15:00:00,119.7037171200,119.7037171200,118.2683736000,118.2683736000,665142
2021-03-01 10:00:00,121.2472029600,121.3651764000,117.5507018400,119.1335121600,1354778
2021-03-01 10:30:00,119.2121611200,121.0210872000,118.9762142400,119.0253698400,862312
2021-03-01 11:00:00,119.0253698400,119.8118594400,118.0717512000,118.2487113600,484488
2021-03-01 11:30:00,118.3666848000,118.6419561600,117.1476259200,117.9046221600,539412
2021-03-01 13:30:00,117.8751288000,119.1433432800,117.7964798400,118.2487113600,500434
2021-03-01 14:00:00,118.2290491200,119.0941876800,117.8554665600,118.4944893600,398914
2021-03-01 14:30:00,118.4944893600,118.8484096800,118.0225956000,118.5534760800,558600
2021-03-01 15:00:00,118.5534760800,119.1531744000,117.8161420800,118.3765159200,1199113
2021-03-02 10:00:00,119.0450320800,121.3160208000,117.2754304800,120.9719316000,2103782
2021-03-02 10:30:00,120.9227760000,123.6459962400,120.6180112800,121.9845369600,1526413
2021-03-02 11:00:00,122.0041992000,123.0954535200,121.3160208000,121.6994344800,810400
2021-03-02 11:30:00,121.6207855200,121.7485900800,119.7037171200,119.9396640000,717600
2021-03-02 13:30:00,119.4481080000,120.3329088000,119.0450320800,119.2908100800,813095
2021-03-02 14:00:00,119.3006412000,119.4874324800,118.3666848000,118.3666848000,581400
2021-03-02 14:30:00,118.4355026400,119.9298328800,118.3470225600,119.8216905600,564572
2021-03-02 15:00:00,119.8216905600,119.9003395200,119.2023300000,119.8315216800,887992
2021-03-03 10:00:00,118.4846582400,119.4481080000,117.4818840000,118.1405690400,1266300
2021-03-03 10:30:00,118.2388802400,119.3301345600,117.9832711200,118.6714495200,606100
2021-03-03 11:00:00,118.5633072000,120.1461175200,118.4846582400,120.1067930400,499900
2021-03-03 11:30:00,120.0969619200,121.8960568800,119.5955748000,121.8763946400,950283
2021-03-03 13:30:00,121.8665635200,122.0238614400,120.7359847200,120.8146336800,825741
2021-03-03 14:00:00,120.9129448800,122.8791688800,120.5491934400,122.3384572800,763800
2021-03-03 14:30:00,122.4171062400,122.7513643200,121.3160208000,121.9058880000,725600
2021-03-03 15:00:00,121.9648747200,122.3482884000,121.2766963200,121.2766963200,791741
2021-03-04 10:00:00,118.9565520000,119.9003395200,117.7768176000,118.6714495200,1612815
2021-03-04 10:30:00,118.6714495200,119.3792901600,115.5943089600,116.2235006400,1094681
2021-03-04 11:00:00,116.2235006400,117.4818840000,115.2207264000,115.3386998400,736790
2021-03-04 11:30:00,115.3288687200,115.7909313600,114.0409920000,115.3976865600,994647
2021-03-04 13:30:00,115.3976865600,118.1209068000,115.3976865600,118.1209068000,880280
2021-03-04 14:00:00,118.1012445600,118.2683736000,117.1869504000,117.4818840000,346289
2021-03-04 14:30:00,117.4818840000,118.2487113600,117.1771192800,117.6588441600,441300
2021-03-04 15:00:00,117.6588441600,117.8652976800,116.9116790400,117.0886392000,804032
2021-03-05 10:00:00,114.0409920000,118.1504001600,113.5985916000,116.2529940000,1648325
2021-03-05 10:30:00,116.3414740800,117.2557682400,114.8078193600,116.7543811200,605970
2021-03-05 11:00:00,116.7838744800,118.4158404000,116.4987720000,118.3568536800,526200
2021-03-05 11:30:00,118.3273603200,118.9073964000,117.4818840000,117.6785064000,442900
2021-03-05 13:30:00,117.8652976800,118.2487113600,116.9903280000,117.1771192800,308630
2021-03-05 14:00:00,117.1771192800,118.2683736000,117.0689769600,117.9734400000,355608
2021-03-05 14:30:00,118.0717512000,118.4453337600,117.4917151200,117.7866487200,493338
2021-03-05 15:00:00,117.7669864800,117.9734400000,117.1967815200,117.9636088800,558694
2021-03-08 10:00:00,118.0422578400,118.2093868800,115.0634284800,116.0170471200,1098979
2021-03-08 10:30:00,115.7909313600,116.0072160000,112.5564928800,112.6253107200,1309500
2021-03-08 11:00:00,112.6744663200,112.6744663200,110.6001000000,111.4062518400,2136066
2021-03-08 11:30:00,111.5733808800,112.0649368800,109.4498589600,111.5242252800,1183517
2021-03-08 13:30:00,111.5242252800,111.5242252800,109.5481701600,109.9807394400,692372
2021-03-08 14:00:00,109.9905705600,110.9835136800,109.6169880000,109.9610772000,465264
2021-03-08 14:30:00,109.9610772000,110.5017888000,108.6437071200,109.1254320000,782362
2021-03-08 15:00:00,109.2139120800,109.2728988000,107.6311017600,107.6900884800,1198067
2021-03-09 10:00:00,109.1254320000,109.4203656000,103.2267600000,104.3376765600,2568017
2021-03-09 10:30:00,104.3376765600,107.3066748000,104.3278454400,106.1662648800,1361332
2021-03-09 11:00:00,106.1760960000,107.1198835200,105.5370732000,107.1198835200,437419
2021-03-09 11:30:00,107.1395457600,108.4372536000,107.1395457600,107.6704262400,542525
2021-03-09 13:30:00,107.7982308000,108.0145154400,106.3727184000,106.7659632000,626920
2021-03-09 14:00:00,106.7561320800,107.2476880800,105.8320068000,106.0286292000,345200
2021-03-09 14:30:00,106.1662648800,106.4611984800,104.8587259200,104.8587259200,317632
2021-03-09 15:00:00,104.8587259200,105.5174109600,103.7183160000,103.7183160000,774408
2021-03-10 10:00:00,107.6311017600,109.4990145600,105.8615001600,108.2406312000,2373828
2021-03-10 10:30:00,108.2406312000,108.2406312000,106.2940694400,107.7687374400,770700
2021-03-10 11:00:00,107.7687374400,109.9905705600,107.7687374400,109.5973257600,790200
2021-03-10 11:30:00,109.5973257600,110.6787489600,109.4203656000,110.2363485600,482500
2021-03-10 13:30:00,110.1282062400,110.9736825600,108.6535382400,108.6535382400,626091
2021-03-10 14:00:00,108.6535382400,109.8627660000,108.1423200000,109.8332726400,635786
2021-03-10 14:30:00,109.8627660000,110.5804377600,109.0172896800,109.1156008800,471312
2021-03-10 15:00:00,109.0861075200,109.5285079200,108.5355648000,108.6338760000,558794
2021-03-11 10:00:00,108.4765780800,110.6885800800,107.8080619200,110.4428020800,1563474
2021-03-11 10:30:00,110.2166863200,111.3374340000,109.4695212000,109.5678324000,706300
2021-03-11 11:00:00,109.5678324000,110.4329709600,109.1352631200,110.2658419200,418599
2021-03-11 11:30:00,110.2658419200,110.3838153600,109.2040809600,109.2728988000,350903
2021-03-11 13:30:00,109.2728988000,110.6492556000,108.4667469600,108.9779652000,626068
2021-03-11 14:00:00,108.9583029600,109.4301967200,108.6437071200,109.1057697600,301899
2021-03-11 14:30:00,109.1057697600,109.5088456800,108.5159025600,109.4007033600,444622
2021-03-11 15:00:00,109.4007033600,110.2756730400,109.1254320000,110.1970240800,655439
2021-03-12 10:00:00,111.2784472800,111.4357452000,108.2897868000,108.3389424000,1327114
2021-03-12 10:30:00,108.2897868000,108.7321872000,106.8347810400,107.5131283200,943266
2021-03-12 11:00:00,107.5131283200,108.1128266400,107.0117412000,107.7589063200,349471
2021-03-12 11:30:00,107.9260353600,109.0566141600,107.6507640000,108.9976274400,286247
2021-03-12 13:30:00,109.0566141600,109.2237432000,107.8768797600,108.2996179200,446794
2021-03-12 14:00:00,108.2996179200,108.9091473600,107.6507640000,108.1423200000,356498
2021-03-12 14:30:00,108.5257336800,108.9877963200,107.9456976000,108.3389424000,379852
2021-03-12 15:00:00,108.3389424000,109.3220544000,107.9653598400,108.8010050400,493891
2021-03-15 10:00:00,109.4793523200,110.1085440000,104.4064944000,105.2323084800,1622712
2021-03-15 10:30:00,105.3601130400,108.6142137600,105.2716329600,108.5945515200,944340
2021-03-15 11:00:00,108.6535382400,109.5481701600,107.7490752000,108.0931644000,827284
2021-03-15 11:30:00,108.0931644000,109.2532365600,107.9063731200,107.9948532000,364300
2021-03-15 13:30:00,107.9555287200,108.2701245600,106.8937677600,107.1297146400,504300
2021-03-15 14:00:00,107.1198835200,107.4541416000,105.9008246400,106.7168076000,618666
2021-03-15 14:30:00,106.7168076000,106.9134300000,105.3896064000,106.1760960000,571825
2021-03-15 15:00:00,106.2842383200,107.6212706400,106.1760960000,107.4541416000,635414
2021-03-16 10:00:00,107.1592080000,107.6409328800,104.3180143200,107.3656615200,1914149
2021-03-16 10:30:00,107.4639727200,107.7294129600,105.6452155200,106.6578208800,659369
2021-03-16 11:00:00,106.8052876800,106.8249499200,105.3601130400,106.4022117600,456100
2021-03-16 11:30:00,106.5103540800,107.2673503200,106.2154204800,106.5300163200,327293
2021-03-16 13:30:00,106.6283275200,106.8347810400,105.7828512000,105.9401491200,369781
2021-03-16 14:00:00,106.0286292000,106.4022117600,105.5370732000,105.9204868800,348616
2021-03-16 14:30:00,105.8615001600,106.0581225600,105.3404508000,105.7238644800,255351
2021-03-16 15:00:00,105.6353844000,106.4022117600,105.5370732000,106.1957582400,331021
2021-03-17 10:00:00,108.2406312000,109.3810411200,106.0384603200,109.3613788800,1341852
2021-03-17 10:30:00,109.3810411200,113.1561912000,108.8894851200,112.9595688000,1890995
2021-03-17 11:00:00,112.9399065600,114.5325480000,112.0747680000,114.0114986400,1725969
2021-03-17 11:30:00,114.1098098400,114.1393032000,112.4188572000,113.4904492800,809277
2021-03-17 13:30:00,113.4904492800,113.7165650400,111.7798344000,112.4385194400,782608
2021-03-17 14:00:00,112.4286883200,114.2671077600,112.1534169600,113.6674094400,993586
2021-03-17 14:30:00,113.6674094400,113.9721741600,113.2545024000,113.3626447200,564900
2021-03-17 15:00:00,113.3626447200,113.5199426400,112.2025725600,112.2025725600,896756
2021-03-18 10:00:00,113.6477472000,113.9918364000,111.7896655200,111.7896655200,1449200
2021-03-18 10:30:00,111.8781456000,112.1730792000,110.3051664000,111.1703049600,662897
2021-03-18 11:00:00,111.1703049600,112.5859862400,110.6787489600,112.5663240000,554112
2021-03-18 11:30:00,112.5761551200,113.3528136000,111.9764568000,112.9693999200,576429
2021-03-18 13:30:00,113.0382177600,115.3583620800,112.8907509600,115.2698820000,1048514
2021-03-18 14:00:00,115.2698820000,117.0689769600,114.9257928000,116.1153583200,1430852
2021-03-18 14:30:00,116.0072160000,116.0072160000,114.6898459200,115.4271799200,735300
2021-03-18 15:00:00,115.2797131200,116.2431628800,115.2797131200,116.1940072800,1038012
2021-03-19 10:00:00,115.6336334400,115.6336334400,111.6913543200,112.9595688000,2218836
2021-03-19 10:30:00,112.8710887200,113.0087244000,110.8163846400,111.1408116000,1405000
2021-03-19 11:00:00,111.1408116000,111.3079406400,109.6956369600,110.3838153600,853494
2021-03-19 11:30:00,110.3051664000,110.3739842400,109.4007033600,109.7939481600,509303
2021-03-19 13:30:00,109.8824282400,109.9020904800,107.9358664800,107.9948532000,846723
2021-03-19 14:00:00,108.0341776800,109.0074585600,107.6605951200,108.4864092000,678344
2021-03-19 14:30:00,108.5355648000,108.7813428000,108.1423200000,108.5847204000,432400
2021-03-19 15:00:00,108.5847204000,109.1057697600,108.1423200000,108.1423200000,794789
2021-03-22 10:00:00,109.6169880000,119.0843565600,109.3417166400,117.8947910400,3221107
2021-03-22 10:30:00,117.8947910400,118.8287474400,117.1672881600,117.6588441600,1165837
2021-03-22 11:00:00,117.6588441600,117.9734400000,116.3119807200,116.6069143200,746805
2021-03-22 11:30:00,116.5970832000,117.7079997600,116.0465404800,117.4523906400,522041
2021-03-22 13:30:00,117.4622217600,121.2865274400,117.2950927200,120.9129448800,1471446
2021-03-22 14:00:00,120.9031137600,121.6109544000,120.5688556800,121.2668652000,1090606
2021-03-22 14:30:00,121.2963585600,121.6797722400,119.9494951200,120.6278424000,799220
2021-03-22 15:00:00,120.5590245600,121.2078784800,120.4410511200,120.7261536000,877342
2021-03-23 10:00:00,118.9565520000,118.9565520000,115.5156600000,115.7909313600,2531876
2021-03-23 10:30:00,115.7221135200,116.8920168000,114.9356239200,116.8920168000,876037
2021-03-23 11:00:00,116.9510035200,119.1728366400,116.8821856800,118.6026316800,980075
2021-03-23 11:30:00,118.5928005600,118.8484096800,117.6883375200,118.6419561600,410102
2021-03-23 13:30:00,118.6714495200,118.6714495200,116.6659010400,116.6659010400,627100
2021-03-23 14:00:00,116.6560699200,116.7347188800,115.8892425600,116.1940072800,502291
2021-03-23 14:30:00,116.1940072800,117.0591458400,116.0858649600,116.6855632800,360045
2021-03-23 15:00:00,116.6855632800,117.9537777600,116.4791097600,117.4622217600,972664
2021-03-24 10:00:00,116.0072160000,117.5310396000,115.3583620800,116.3906296800,1033201
2021-03-24 10:30:00,116.3906296800,117.1672881600,114.5718724800,114.8274816000,778400
2021-03-24 11:00:00,114.8274816000,114.8274816000,114.0114986400,114.0508231200,650800
2021-03-24 11:30:00,114.0311608800,115.7712691200,113.5297737600,115.7024512800,429510
2021-03-24 13:30:00,115.6926201600,116.9411724000,114.5325480000,116.8723545600,547200
2021-03-24 14:00:00,116.9804968800,116.9804968800,115.6926201600,116.0072160000,608200
2021-03-24 14:30:00,116.0072160000,116.9313412800,115.5254911200,116.7937056000,555243
2021-03-24 15:00:00,116.8821856800,118.2585424800,116.7642122400,117.3835728000,1563465
2021-03-25 10:00:00,116.0072160000,119.1531744000,113.5494360000,119.0253698400,2094900
2021-03-25 10:30:00,119.0253698400,121.4438253600,118.5534760800,121.0899050400,1808533
2021-03-25 11:00:00,121.0899050400,121.1193984000,118.5731383200,118.7599296000,798956
2021-03-25 11:30:00,118.7599296000,119.1728366400,117.4818840000,117.9734400000,712760
2021-03-25 13:30:00,117.9931022400,118.2880358400,116.6953944000,116.9215101600,511463
2021-03-25 14:00:00,116.8723545600,117.7374931200,116.3021496000,116.3021496000,417122
2021-03-25 14:30:00,116.2824873600,116.7937056000,115.7122824000,116.6659010400,476985
2021-03-25 15:00:00,116.6659010400,117.1672881600,116.3316429600,116.5970832000,640478
2021-03-26 10:00:00,116.7445500000,119.4481080000,116.7445500000,117.4818840000,1261401
2021-03-26 10:30:00,117.4130661600,118.2683736000,116.1153583200,117.7866487200,584634
2021-03-26 11:00:00,117.7866487200,118.6616184000,117.4130661600,118.4748271200,405479
2021-03-26 11:30:00,118.4649960000,118.7599296000,117.5605329600,118.7599296000,493860
2021-03-26 13:30:00,118.8582408000,119.4087835200,118.1307379200,119.3497968000,893894
2021-03-26 14:00:00,119.3989524000,120.6966602400,119.0548632000,120.2935843200,1009407
2021-03-26 14:30:00,120.2739220800,120.4508822400,118.9073964000,119.5759125600,748426
2021-03-26 15:00:00,119.5660814400,120.2345976000,119.0843565600,119.9101706400,757527
2021-03-29 10:00:00,119.9494951200,120.8637892800,116.6167454400,117.7079997600,1594133
2021-03-29 10:30:00,117.6096885600,119.3497968000,117.3344172000,117.9636088800,710964
2021-03-29 11:00:00,118.0127644800,118.4551648800,117.3934039200,118.2388802400,533700
2021-03-29 11:30:00,118.2388802400,119.2613167200,118.0520889600,118.7500984800,445766
2021-03-29 13:30:00,118.6517872800,118.7009428800,116.8526923200,117.0099902400,530985
2021-03-29 14:00:00,117.0099902400,117.0984703200,116.2235006400,116.3807985600,586215
2021-03-29 14:30:00,116.3807985600,116.7445500000,115.8400869600,116.5380964800,482736
2021-03-29 15:00:00,116.5479276000,117.6981686400,116.5479276000,116.9903280000,557098
2021-03-30 10:00:00,117.1967815200,121.1193984000,117.0001591200,120.5098689600,1903513
2021-03-30 10:30:00,120.5098689600,125.0715086400,120.4607133600,123.5771784000,2512265
2021-03-30 11:00:00,123.5378539200,124.1375522400,121.9452124800,121.9452124800,893200
2021-03-30 11:30:00,121.9648747200,123.0856224000,121.9452124800,123.0856224000,421020
2021-03-30 13:30:00,123.1347780000,123.1347780000,120.9326071200,121.3258519200,695800
2021-03-30 14:00:00,121.3258519200,121.8862257600,121.0014249600,121.1095672800,487314
2021-03-30 14:30:00,121.1095672800,121.6896033600,120.6376735200,121.6404477600,455005
2021-03-30 15:00:00,121.6404477600,121.9058880000,121.1193984000,121.4241631200,690163
2021-03-31 10:00:00,123.3707248800,123.6558273600,119.0057076000,119.6152370400,1254200
2021-03-31 10:30:00,119.5857436800,120.1264552800,118.4649960000,118.4748271200,678600
2021-03-31 11:00:00,118.5043204800,118.5829694400,118.0324267200,118.3863470400,544400
2021-03-31 11:30:00,118.3863470400,119.6250681600,118.1995557600,119.6250681600,289629
2021-03-31 13:30:00,119.6348992800,119.7037171200,118.7697607200,118.9467208800,293214
2021-03-31 14:00:00,118.9467208800,119.3497968000,118.5829694400,119.3104723200,259270
2021-03-31 14:30:00,119.1433432800,119.6054059200,118.8189163200,119.5857436800,260641
2021-03-31 15:00:00,119.5759125600,119.9298328800,119.2023300000,119.7921972000,492332
2021-04-01 10:00:00,120.3820644000,120.4115577600,117.5703640800,119.4481080000,841260
2021-04-01 10:30:00,119.4481080000,122.2794705600,119.2219922400,120.6278424000,808440
2021-04-01 11:00:00,120.6376735200,121.2472029600,118.9565520000,120.7163224800,384100
2021-04-01 11:30:00,120.7064913600,120.9719316000,120.5197000800,120.8834515200,233260
2021-04-01 13:30:00,120.8932826400,121.8469012800,120.3132465600,120.3132465600,424241
2021-04-01 14:00:00,120.3132465600,120.3132465600,119.6054059200,119.7627038400,417754
2021-04-01 14:30:00,119.7921972000,120.7261536000,119.7430416000,120.6573357600,384108
2021-04-01 15:00:00,120.6180112800,120.9129448800,120.3329088000,120.6081801600,564342
2021-04-02 10:00:00,120.9129448800,120.9129448800,117.3049238400,118.9467208800,1274704
2021-04-02 10:30:00,118.9467208800,120.0281440800,118.7599296000,119.6152370400,517829
2021-04-02 11:00:00,119.6152370400,121.3946697600,119.5169258400,120.6278424000,519234
2021-04-02 11:30:00,120.6081801600,120.7064913600,119.9593262400,120.5295312000,362400
2021-04-02 13:30:00,120.5590245600,120.9227760000,118.7599296000,118.9663831200,423294
2021-04-02 14:00:00,118.9663831200,119.2908100800,118.6616184000,118.9958764800,336000
2021-04-02 14:30:00,118.9958764800,119.0843565600,117.4818840000,117.8849599200,674482
2021-04-02 15:00:00,117.9046221600,118.6222939200,117.4425595200,118.4551648800,797173
2021-04-06 10:00:00,118.9172275200,119.9298328800,116.8231989600,116.9608346400,1268600
2021-04-06 10:30:00,116.9804968800,118.7599296000,116.8821856800,117.5998574400,598536
2021-04-06 11:00:00,117.5998574400,117.5998574400,116.1448516800,116.5184342400,665500
2021-04-06 11:30:00,116.6855632800,117.7079997600,116.6855632800,117.1869504000,473074
2021-04-06 13:30:00,117.1181325600,118.5141516000,117.0788080800,118.1700624000,595403
2021-04-06 14:00:00,118.1798935200,118.8385785600,118.0914134400,118.3961781600,558600
2021-04-06 14:30:00,118.3961781600,118.6222939200,118.1504001600,118.3961781600,379000
2021-04-06 15:00:00,118.4158404000,118.5043204800,117.6686752800,117.6686752800,633522
2021-04-07 10:00:00,118.0717512000,118.2093868800,115.2797131200,115.9285670400,1095162
2021-04-07 10:30:00,115.9285670400,116.3021496000,114.2867700000,114.4932235200,825502
2021-04-07 11:00:00,114.3752500800,114.8766372000,113.6477472000,114.0508231200,884042
2021-04-07 11:30:00,114.0508231200,114.5227168800,113.8247073600,113.8443696000,413650
2021-04-07 13:30:00,113.7952140000,115.0339351200,113.2545024000,115.0339351200,626400
2021-04-07 14:00:00,115.0339351200,115.4665044000,114.7586637600,115.3485309600,345189
2021-04-07 14:30:00,115.4370110400,115.4566732800,114.8078193600,115.2108952800,321173
2021-04-07 15:00:00,115.2108952800,115.4959977600,114.8176504800,114.8176504800,472302
2021-04-08 10:00:00,119.4382768800,124.3046812800,118.3568536800,120.8637892800,3985950
2021-04-08 10:30:00,120.8932826400,124.5111348000,120.5295312000,124.2751879200,1564410
2021-04-08 11:00:00,124.3440057600,127.9913512800,124.3440057600,127.9913512800,1546385
2021-04-08 11:30:00,127.9913512800,129.2792280000,126.6346567200,128.6008807200,1196758
2021-04-08 13:30:00,128.5025695200,128.5025695200,126.0251272800,127.3621596000,903927
2021-04-08 14:00:00,127.3719907200,127.6865865600,126.6248256000,127.1065504800,692758
2021-04-08 14:30:00,127.0967193600,127.2441861600,126.3692164800,126.5560077600,638725
2021-04-08 15:00:00,126.5166832800,126.8214480000,126.3790476000,126.4282032000,842057
2021-04-09 10:00:00,125.3467800000,125.8383360000,122.1516660000,124.4423169600,2083000
2021-04-09 10:30:00,124.5799526400,124.5799526400,122.9086622400,124.2456945600,528882
2021-04-09 11:00:00,124.2162012000,124.8552240000,123.5181916800,123.6951518400,411700
2021-04-09 11:30:00,123.6951518400,124.0097476800,123.3314004000,123.7738008000,275300
2021-04-09 13:30:00,123.5575161600,124.8552240000,123.2920759200,124.6487704800,441000
2021-04-09 14:00:00,124.6684327200,124.6684327200,123.4985294400,124.3145124000,384700
2021-04-09 14:30:00,124.3145124000,125.2288065600,124.2358634400,124.8060684000,531620
2021-04-09 15:00:00,124.8060684000,125.4254289600,124.7667439200,124.8945484800,718883
2021-04-12 10:00:00,123.4985294400,123.8721120000,121.1292295200,122.9578178400,1162393
2021-04-12 10:30:00,122.9578178400,123.5476850400,122.2106527200,122.6825464800,529410
2021-04-12 11:00:00,122.6137286400,122.8791688800,121.6109544000,121.7682523200,471400
2021-04-12 11:30:00,121.7387589600,121.9058880000,121.0210872000,121.9058880000,384500
2021-04-12 13:30:00,122.0041992000,123.4493738400,121.5028120800,122.6235597600,499647
2021-04-12 14:00:00,122.6235597600,122.6235597600,121.5519676800,121.7387589600,376743
2021-04-12 14:30:00,121.7387589600,121.9550436000,121.4438253600,121.7682523200,351247
2021-04-12 15:00:00,121.7584212000,121.8960568800,121.1882162400,121.6404477600,647440
2021-04-13 10:00:00,121.1980473600,122.3777817600,119.8020283200,120.8244648000,947356
2021-04-13 10:30:00,120.8244648000,123.0659601600,120.7458158400,122.7218709600,617100
2021-04-13 11:00:00,122.7218709600,124.8552240000,122.0926792800,122.9479867200,717992
2021-04-13 11:30:00,122.9479867200,122.9479867200,121.9353813600,122.5055863200,336608
2021-04-13 13:30:00,122.2499772000,122.2499772000,119.9396640000,120.1756108800,678694
2021-04-13 14:00:00,120.1756108800,121.3946697600,120.1559486400,120.6573357600,322992
2021-04-13 14:30:00,120.6180112800,120.7851403200,119.9200017600,120.3525710400,352525
2021-04-13 15:00:00,120.3525710400,120.5786868000,119.8413528000,120.5786868000,479254
2021-04-14 10:00:00,119.1335121600,123.9900854400,119.1335121600,123.4886983200,1334500
2021-04-14 10:30:00,123.3805560000,123.5181916800,121.4143320000,121.8272390400,547904
2021-04-14 11:00:00,121.8272390400,121.8862257600,120.9227760000,121.1193984000,396867
2021-04-14 11:30:00,121.0112560800,121.6404477600,120.4508822400,121.5126432000,284230
2021-04-14 13:30:00,121.5912921600,121.9550436000,120.6868291200,121.3258519200,305291
2021-04-14 14:00:00,121.3356830400,122.8398444000,121.0899050400,122.8398444000,356648
2021-04-14 14:30:00,122.8300132800,123.0856224000,122.4072751200,122.5547419200,389094
2021-04-14 15:00:00,122.5449108000,122.7906888000,122.2303149600,122.2303149600,558376
2021-04-15 10:00:00,124.6586016000,125.5434024000,123.0168045600,123.2625825600,1604560
2021-04-15 10:30:00,123.2724136800,123.2724136800,121.4733187200,122.2008216000,556400
2021-04-15 11:00:00,122.2499772000,122.2499772000,119.9396640000,119.9396640000,539377
2021-04-15 11:30:00,119.9494951200,120.4213888800,119.6545615200,120.3427399200,365323
2021-04-15 13:30:00,120.4017266400,121.3356830400,120.3918955200,120.9719316000,240843
2021-04-15 14:00:00,120.9719316000,122.2204838400,120.9522693600,121.6109544000,303100
2021-04-15 14:30:00,121.5126432000,122.0041992000,120.9817627200,121.6109544000,210600
2021-04-15 15:00:00,121.6404477600,122.0140303200,121.0899050400,121.8960568800,404618
2021-04-16 10:00:00,121.4929809600,123.1347780000,116.3021496000,117.9734400000,1827353
2021-04-16 10:30:00,117.9734400000,118.3175292000,116.2038384000,117.5310396000,859953
2021-04-16 11:00:00,117.5212084800,117.6293508000,114.6996770400,115.0241040000,1011100
2021-04-16 11:30:00,115.0241040000,115.9678915200,114.0213297600,115.9580604000,856842
2021-04-16 13:30:00,115.9089048000,117.7276620000,115.0339351200,116.6560699200,869363
2021-04-16 14:00:00,116.6364076800,117.9046221600,116.6364076800,117.7669864800,508456
2021-04-16 14:30:00,117.7669864800,117.7866487200,116.9903280000,117.3344172000,484428
2021-04-16 15:00:00,117.3344172000,118.1897246400,117.0001591200,117.6686752800,769277
2021-04-19 10:00:00,119.1335121600,127.5882753600,119.0843565600,125.6318824800,4026765
2021-04-19 10:30:00,125.6318824800,126.5560077600,124.5209659200,125.5335712800,1142927
2021-04-19 11:00:00,125.5335712800,125.8186737600,124.3636680000,125.3959356000,588011
2021-04-19 11:30:00,125.3959356000,126.9984081600,125.3959356000,125.8383360000,768796
2021-04-19 13:30:00,126.0152961600,126.3790476000,124.5897837600,126.0152961600,717700
2021-04-19 14:00:00,126.0349584000,126.9984081600,125.8383360000,126.1431007200,774952
2021-04-19 14:30:00,126.1824252000,127.0180704000,125.6515447200,125.8383360000,896354
2021-04-19 15:00:00,125.8285048800,125.9464783200,125.6613758400,125.8285048800,921903
2021-04-20 10:00:00,126.0254958500,132.6335374000,124.6270727500,131.6290363000,4013801
2021-04-20 10:30:00,131.6290363000,131.6290363000,130.2798534500,130.6343832500,928191
2021-04-20 11:00:00,130.7722559500,131.1267857500,130.1912210000,131.0480013500,533060
2021-04-20 11:30:00,131.1267857500,132.6335374000,130.9889130500,131.8555414500,643300
2021-04-20 13:30:00,131.7669090000,132.0820466000,130.9101286500,131.5207077500,415100
2021-04-20 14:00:00,131.2942026000,132.2790076000,130.5359027500,132.2100712500,624827
2021-04-20 14:30:00,132.1509829500,132.1509829500,130.9692169500,131.6684285000,608953
2021-04-20 15:00:00,131.4714675000,131.7373648500,130.8018001000,131.2646584500,804777
2021-04-21 10:00:00,127.7095124000,127.8079929000,123.6127236000,123.7309002000,3227116
2021-04-21 10:30:00,123.7407482500,126.5375944500,122.9430562000,125.7989907000,1157028
2021-04-21 11:00:00,125.8580790000,127.4928553000,125.7989907000,126.8724281500,433500
2021-04-21 11:30:00,126.8625801000,127.9261695000,126.8625801000,127.5913358000,406004
2021-04-21 13:30:00,127.5913358000,128.4678122500,126.5474425000,127.8966253500,474400
2021-04-21 14:00:00,127.9754097500,128.5958369000,127.8572331500,128.1034344000,515500
2021-04-21 14:30:00,128.1034344000,129.0094550000,128.0246500000,128.5170525000,439680
2021-04-21 15:00:00,128.5072044500,128.7731018000,127.9261695000,128.0837383000,738323
2021-04-22 10:00:00,128.0837383000,129.5806419000,126.0747361000,126.9709086500,1082800
2021-04-22 10:30:00,126.9709086500,128.1822188000,126.1141283000,128.1822188000,613700
2021-04-22 11:00:00,128.2216110000,129.0094550000,127.8867773000,128.4382681000,571935
2021-04-22 11:30:00,128.4185720000,129.5609458000,128.0246500000,128.6056849500,476177
2021-04-22 13:30:00,128.2117629500,129.7185146000,128.1231305000,128.3102434500,513600
2021-04-22 14:00:00,128.3102434500,128.4185720000,127.7292085000,128.1329785500,374351
2021-04-22 14:30:00,128.1231305000,128.2610032000,127.2466540500,127.6799682500,331622
2021-04-22 15:00:00,127.6602721500,127.9852578000,127.3352865000,127.4337670000,556476
2021-04-23 10:00:00,128.1329785500,130.5555988500,127.7095124000,129.5215536000,1326610
2021-04-23 10:30:00,129.5609458000,130.7722559500,129.0094550000,129.9942600000,633000
2021-04-23 11:00:00,129.9942600000,130.4374222500,128.7632537500,129.2556562500,423550
2021-04-23 11:30:00,129.2556562500,129.2950484500,128.0935863500,128.1231305000,359800
2021-04-23 13:30:00,128.1231305000,128.9011264500,127.6110319000,128.3594837000,392197
2021-04-23 14:00:00,128.3594837000,128.8124940000,128.0935863500,128.2708512500,197100
2021-04-23 14:30:00,128.1329785500,128.5072044500,127.6307280000,127.8375370500,440985
2021-04-23 15:00:00,127.8375370500,128.5170525000,127.7882968000,128.3200915000,627864
2021-04-26 10:00:00,129.1177835500,131.7669090000,128.0344980500,131.2055701500,1600173
2021-04-26 10:30:00,131.2646584500,137.3704494500,130.9790650000,137.1537923500,2199423
2021-04-26 11:00:00,137.3409053000,138.7097842500,136.0015705000,137.3901455500,1898027
2021-04-26 11:30:00,137.3999936000,138.3946466500,135.1152460000,135.1250940500,1040992
2021-04-26 13:30:00,134.9675252500,134.9675252500,132.9486750000,133.4410775000,712067
2021-04-26 14:00:00,133.3229009000,133.6380385000,131.8456934000,132.8206503500,891801
2021-04-26 14:30:00,132.8501945000,133.4213814000,132.1608310000,132.3380959000,651100
2021-04-26 15:00:00,132.3183998000,133.4410775000,131.5699480000,131.7373648500,811416
2021-04-27 10:00:00,131.6979726500,134.4554266500,131.2351143000,133.3524450500,1525275
2021-04-27 10:30:00,133.3425970000,134.0910488000,131.4714675000,131.8653895000,695100
2021-04-27 11:00:00,131.8653895000,132.4562725000,130.7821040000,131.9441739000,449341
2021-04-27 11:30:00,131.9441739000,132.1509829500,130.9790650000,131.0775455000,278385
2021-04-27 13:30:00,131.0775455000,132.1312868500,130.5851430000,132.0623505000,332109
2021-04-27 14:00:00,132.0623505000,132.7615620500,131.4813155500,132.3577920000,365500
2021-04-27 14:30:00,132.3577920000,132.9388269500,131.4714675000,132.9388269500,387103
2021-04-27 15:00:00,133.1062438000,133.1062438000,131.9638700000,132.1214388000,823559
2021-04-28 10:00:00,131.1858740500,132.8501945000,130.5851430000,131.9441739000,805700
2021-04-28 10:30:00,131.8063012000,133.7069748500,131.1563299000,133.7069748500,446582
2021-04-28 11:00:00,133.6380385000,134.4357305500,132.7615620500,133.8153034000,688935
2021-04-28 11:30:00,133.8251514500,135.2728148000,132.9782191500,135.2728148000,510800
2021-04-28 13:30:00,135.2826628500,135.5682563000,133.6380385000,133.7759112000,482175
2021-04-28 14:00:00,133.7759112000,135.2432706500,133.7759112000,135.0660057500,482000
2021-04-28 14:30:00,135.0167655000,135.1940304000,134.5834513000,134.9773733000,380340
2021-04-28 15:00:00,134.9379811000,135.4008394500,134.7508681500,134.7508681500,669897
2021-04-29 10:00:00,135.0758538000,135.4993199500,129.6889704500,130.8608884000,1907924
2021-04-29 10:30:00,130.7131676500,133.1456360000,130.3980300500,132.6827776500,726702
2021-04-29 11:00:00,132.6335374000,132.9486750000,131.7964531500,132.1608310000,333344
2021-04-29 11:30:00,132.1608310000,132.9486750000,131.8949336500,132.6926257000,303888
2021-04-29 13:30:00,132.6729296000,133.5001658000,132.2396154000,133.3229009000,258254
2021-04-29 14:00:00,133.3229009000,134.5539071500,133.1554840500,134.1304410000,426109
2021-04-29 14:30:00,134.0418085500,134.3077059000,132.9683711000,133.7168229000,414637
2021-04-29 15:00:00,133.7168229000,134.2683137000,133.4903177500,133.4903177500,367228
2021-04-30 10:00:00,132.3282478500,133.8251514500,131.6684285000,132.4464244500,714950
2021-04-30 10:30:00,132.6039932500,133.1850282000,131.7570609500,132.8009542500,573457
2021-04-30 11:00:00,132.8009542500,132.9388269500,132.1411349000,132.6532335000,268100
2021-04-30 11:30:00,132.6532335000,134.2092254000,132.3774881000,133.7857592500,528018
2021-04-30 13:30:00,133.7266709500,133.7365190000,131.0184572000,131.4123792000,671484
2021-04-30 14:00:00,131.4320753000,132.3380959000,130.8608884000,132.2396154000,631182
2021-04-30 14:30:00,132.2790076000,132.9880672000,131.8752375500,132.6335374000,284400
2021-04-30 15:00:00,132.6926257000,132.9191308500,131.9146297500,132.3085517500,487410
2021-05-06 10:00:00,131.0873935500,132.4365764000,129.1670238000,131.2942026000,1100593
2021-05-06 10:30:00,131.2942026000,132.5055127500,130.0435002500,130.0828924500,526700
2021-05-06 11:00:00,130.0533483000,130.1912210000,127.6799682500,127.9852578000,876558
2021-05-06 11:30:00,127.9852578000,128.5761408000,127.4731592000,127.7489046000,656179
2021-05-06 13:30:00,127.7292085000,130.1518288000,127.3648306500,127.9360175500,719359
2021-05-06 14:00:00,127.9360175500,129.2458082000,127.6996643500,129.1374796500,510093
2021-05-06 14:30:00,129.1374796500,129.5707938500,128.7829498500,128.7927979000,495533
2021-05-06 15:00:00,128.7829498500,129.2162640500,128.3200915000,128.4776603000,657325
2021-05-07 10:00:00,130.3684859000,130.4472703000,126.8428840000,127.5519436000,995853
2021-05-07 10:30:00,127.5420955500,129.4526172500,126.2323049000,126.2716971000,931126
2021-05-07 11:00:00,126.2716971000,126.6262269000,125.5626375000,126.4588100500,741646
2021-05-07 11:30:00,126.4588100500,127.5420955500,126.1732166000,126.9807567000,404275
2021-05-07 13:30:00,127.0103008500,127.4140709000,126.0747361000,126.6459230000,434174
2021-05-07 14:00:00,126.6459230000,127.2171099000,125.2376518500,125.2376518500,613430
2021-05-07 14:30:00,125.2179557500,125.3459804000,123.7998365500,124.0952780500,857078
2021-05-07 15:00:00,124.1051261000,124.9619064500,123.5930275000,123.5930275000,790085
2021-05-10 10:00:00,123.1006250000,125.0702350000,122.5885264000,123.4059145500,1040986
2021-05-10 10:30:00,123.4551548000,124.3414793000,121.9287070500,122.9036640000,731700
2021-05-10 11:00:00,122.9036640000,123.6915080000,122.3521732000,122.4605017500,383500
2021-05-10 11:30:00,122.6870069000,122.8248796000,121.3575201500,121.7317460500,430300
2021-05-10 13:30:00,121.6332655500,121.8499226500,119.9098568000,119.9295529000,659039
2021-05-10 14:00:00,119.9295529000,121.3279760000,119.6538075000,119.8113763000,822142
2021-05-10 14:30:00,119.7325919000,120.4711956500,119.3682140500,120.2052983000,895225
2021-05-10 15:00:00,120.1954502500,120.7567891000,119.9492490000,120.5893722500,678157
2021-05-11 10:00:00,120.4613476000,122.0764278000,119.6538075000,120.9832942500,1042867
2021-05-11 10:30:00,120.9832942500,121.3378240500,120.2446905000,120.4416515000,364944
2021-05-11 11:00:00,120.4416515000,121.1704072000,119.9295529000,120.4711956500,324928
2021-05-11 11:30:00,120.4711956500,120.7173969000,120.0477295000,120.6090683500,190100
2021-05-11 13:30:00,120.5499800500,121.3279760000,120.0378814500,121.1507111000,340300
2021-05-11 14:00:00,121.2294955000,121.2294955000,120.2052983000,120.6878527500,331258
2021-05-11 14:30:00,120.6878527500,120.7173969000,120.1856022000,120.1856022000,330742
2021-05-11 15:00:00,120.1856022000,120.1954502500,119.4076062500,119.9787931500,614855
2021-05-12 10:00:00,120.1462100000,122.2143005000,118.4129532000,122.2143005000,1245691
2021-05-12 10:30:00,122.2143005000,123.9967975500,121.3279760000,123.0907769500,1061330
2021-05-12 11:00:00,123.1892574500,123.6718119000,122.7067030000,122.9036640000,406855
2021-05-12 11:30:00,122.8741198500,123.0316886500,121.9287070500,122.1946044000,286217
2021-05-12 13:30:00,122.2635407500,123.5634833500,121.9287070500,123.4354587000,302500
2021-05-12 14:00:00,123.3566743000,123.5634833500,123.1006250000,123.5339392000,215908
2021-05-12 14:30:00,123.4256106500,123.6422677500,123.1498652500,123.6225716500,248600
2021-05-12 15:00:00,123.6127236000,123.9081651000,123.2877379500,123.7407482500,507751
2021-05-13 10:00:00,121.8499226500,123.4551548000,120.7173969000,121.1211669500,1210886
2021-05-13 10:30:00,121.1211669500,121.4756967500,120.4121073500,120.6977008000,466134
2021-05-13 11:00:00,120.7075488500,122.0862758500,120.2052983000,121.9976434000,434167
2021-05-13 11:30:00,121.9976434000,122.3226290500,121.1802552500,121.2491916000,234041
2021-05-13 13:30:00,121.2491916000,121.7514421500,120.9931423000,121.0128384000,196400
2021-05-13 14:00:00,121.0029903500,121.4855448000,120.8552696000,121.4855448000,245634
2021-05-13 14:30:00,121.4855448000,122.4900459000,121.4658487000,122.2733888000,354015
2021-05-13 15:00:00,122.2733888000,122.8839679000,122.0173395000,122.1059719500,573311
2021-05-14 10:00:00,123.5437872500,124.0755819500,121.7809863000,123.2975860000,976270
2021-05-14 10:30:00,123.2778899000,125.3065882000,123.2778899000,124.1839105000,795900
2021-05-14 11:00:00,124.1839105000,125.9073192500,124.1839105000,125.8580790000,654800
2021-05-14 11:30:00,125.8679270500,127.7193604500,125.7300543500,126.4588100500,813016
2021-05-14 13:30:00,126.4686581000,127.5125514000,126.2618490500,127.5027033500,402100
2021-05-14 14:00:00,127.5322475000,127.8079929000,126.6557710500,127.2072618500,351879
2021-05-14 14:30:00,127.2072618500,127.4928553000,126.9019723000,127.0496930500,295500
2021-05-14 15:00:00,127.0496930500,127.4928553000,126.9019723000,127.4731592000,546296
2021-05-17 10:00:00,128.5072044500,137.2719689500,128.1231305000,136.5333652000,2761255
2021-05-17 10:30:00,136.3757964000,140.9551396500,136.2970120000,139.3794516500,2317683
2021-05-17 11:00:00,139.5862607000,141.8119200000,139.1923387000,141.3392136000,1106439
2021-05-17 11:30:00,141.3392136000,142.3240186000,139.4286919000,139.5567165500,891310
2021-05-17 13:30:00,139.5370204500,140.7089384000,139.1234023500,139.9998788000,895748
2021-05-17 14:00:00,139.8521580500,140.2362320000,139.1430984500,139.3302114000,639001
2021-05-17 14:30:00,139.3302114000,140.1279034500,138.8673530500,139.9112463500,825623
2021-05-17 15:00:00,139.8817022000,140.3544086000,138.8575050000,139.5074763000,1178609
2021-05-18 10:00:00,139.5271724000,145.8890127000,139.5271724000,145.2390414000,2595865
2021-05-18 10:30:00,145.1996492000,148.7055550000,145.1996492000,146.8836657500,1512930
2021-05-18 11:00:00,146.8836657500,147.0806267500,145.4753946000,146.6374645000,609232
2021-05-18 11:30:00,146.6374645000,146.7457930500,145.7806841500,146.1253659000,360662
2021-05-18 13:30:00,146.1056698000,146.1155178500,143.0921665000,143.0921665000,916833
2021-05-18 14:00:00,143.0921665000,143.6830495000,141.7232875500,143.2891275000,1097578
2021-05-18 14:30:00,143.2891275000,143.6436573000,142.8853574500,143.3777599500,440300
2021-05-18 15:00:00,143.3777599500,144.7564869500,143.2694314000,144.7564869500,921202
2021-05-19 10:00:00,143.0724704000,145.2488894500,140.6400020500,144.3330208000,1399702
2021-05-19 10:30:00,144.3330208000,145.2587375000,143.1020145500,144.7860311000,529156
2021-05-19 11:00:00,144.7860311000,145.4458504500,143.1020145500,143.2103431000,420113
2021-05-19 11:30:00,143.2103431000,143.9587949000,142.7179406000,143.0035340500,417050
2021-05-19 13:30:00,143.0921665000,143.5451768000,142.2550822500,143.2792794500,387900
2021-05-19 14:00:00,143.2694314000,143.2694314000,142.3141705500,142.3535627500,344400
2021-05-19 14:30:00,142.3535627500,142.3535627500,140.5612176500,140.9354435500,875577
2021-05-19 15:00:00,140.9354435500,141.2801253000,140.3741047000,141.2111889500,822141
2021-05-20 10:00:00,143.0330782000,147.2972838500,141.8217680500,147.1791072500,2079284
2021-05-20 10:30:00,147.2184994500,147.6616617000,145.0814726000,146.6177684000,862305
2021-05-20 11:00:00,146.6374645000,147.1495631000,145.9579490500,146.0859737000,398900
2021-05-20 11:30:00,146.0761256500,147.1889553000,146.0761256500,146.4995918000,379405
2021-05-20 13:30:00,146.4995918000,146.9329060000,145.6132673000,146.3814152000,469447
2021-05-20 14:00:00,146.3814152000,147.2184994500,146.2041503000,146.8935138000,375800
2021-05-20 14:30:00,146.8935138000,146.9427540500,146.1746061500,146.2829347000,327690
2021-05-20 15:00:00,146.2829347000,146.4011113000,145.6526595000,145.8693166000,619968
2021-05-21 10:00:00,146.7260969500,146.7359450000,140.8566591500,141.3786058000,1860603
2021-05-21 10:30:00,141.4081499500,142.3831069000,140.0392710000,142.2649303000,838800
2021-05-21 11:00:00,142.2944744500,143.5057846000,141.7725278000,143.1906470000,559416
2021-05-21 11:30:00,143.1118626000,144.4019571500,142.7967250000,144.1163637000,379752
2021-05-21 13:30:00,143.9489468500,145.1110167500,143.3482158000,145.0716245500,362876
2021-05-21 14:00:00,145.2094972500,145.5344829000,144.1656039500,145.1898011500,444072
2021-05-21 14:30:00,145.1898011500,145.8693166000,144.8648155000,145.4163063000,367315
2021-05-21 15:00:00,145.4064582500,145.5541790000,144.6678545000,144.8155752500,502164
2021-05-24 10:00:00,144.8746635500,147.1594111500,143.7913780500,145.3966102000,1181975
2021-05-24 10:30:00,145.3375219000,145.3375219000,142.9444457500,144.5496779000,533851
2021-05-24 11:00:00,144.5496779000,145.7511400000,144.0178832000,145.2784336000,324901
2021-05-24 11:30:00,145.2488894500,145.7314439000,144.5792220500,144.7170947500,480300
2021-05-24 13:30:00,144.7663350000,144.8845116000,143.2891275000,143.7421378000,307100
2021-05-24 14:00:00,143.7716819500,144.3330208000,143.5156326500,143.9981871000,272400
2021-05-24 14:30:00,143.8997066000,144.7072467000,143.6042651000,143.7913780500,330900
2021-05-24 15:00:00,143.8307702500,144.7072467000,143.7421378000,144.2739325000,603653
2021-05-25 10:00:00,144.2739325000,145.7117478000,142.7967250000,143.5254807000,1476970
2021-05-25 10:30:00,143.5254807000,144.2739325000,142.8262691500,143.1512548000,1107873
2021-05-25 11:00:00,143.1414067500,143.5845690000,141.9596407500,142.7080925500,915087
2021-05-25 11:30:00,142.7080925500,143.1906470000,142.4028030000,142.6194601000,455936
2021-05-25 13:30:00,142.6194601000,144.2739325000,142.6194601000,144.2739325000,562400
2021-05-25 14:00:00,144.0080351500,144.5595259500,143.6042651000,143.6830495000,622800
2021-05-25 14:30:00,143.6633534000,144.9435999000,143.6633534000,144.7761830500,793690
2021-05-25 15:00:00,144.8451194000,146.2238464000,144.4708935000,144.4905896000,1546726
2021-05-26 10:00:00,145.7609880500,148.6858589000,144.5201337500,147.3563721500,2717967
2021-05-26 10:30:00,147.3563721500,147.3859163000,145.0322323500,145.0322323500,898800
2021-05-26 11:00:00,145.0125362500,146.0662776000,143.7815300000,143.9686429500,564898
2021-05-26 11:30:00,143.9587949000,144.0671234500,142.3043225000,142.6982445000,439794
2021-05-26 13:30:00,142.7080925500,143.6141131500,142.7080925500,143.4663924000,220169
2021-05-26 14:00:00,143.2694314000,143.5353287500,142.7967250000,142.8558133000,207900
2021-05-26 14:30:00,142.8558133000,143.4565443500,142.5012835000,143.4368482500,283508
2021-05-26 15:00:00,143.4171521500,143.4171521500,142.5603718000,142.7277886500,475463
2021-05-27 10:00:00,142.7277886500,144.7663350000,141.7922239000,143.8406183000,1021486
2021-05-27 10:30:00,143.7913780500,145.7511400000,143.3974560500,143.8012261000,746955
2021-05-27 11:00:00,143.8800105000,145.4655465500,143.5057846000,145.2587375000,558700
2021-05-27 11:30:00,145.2882816500,145.9481010000,144.3034766500,145.0913206500,550000
2021-05-27 13:30:00,145.0420804000,145.1504089500,143.1217106500,143.5944170500,531847
2021-05-27 14:00:00,143.5944170500,143.9784910000,143.4073041000,143.7125936500,281700
2021-05-27 14:30:00,143.7224417000,144.0769715000,143.6141131500,143.8800105000,232992
2021-05-27 15:00:00,143.8997066000,144.7663350000,143.7027456000,144.7663350000,646323
2021-05-28 10:00:00,145.4852426500,149.1979575000,145.0322323500,146.5882242500,2238223
2021-05-28 10:30:00,146.5980723000,148.0654317500,145.3572180000,147.9866473500,913764
2021-05-28 11:00:00,148.0161915000,148.5676823000,145.6526595000,146.0564295500,577434
2021-05-28 11:30:00,146.1943022500,146.1943022500,145.2685855500,145.3079777500,406800
2021-05-28 13:30:00,145.2882816500,145.4163063000,144.3724130000,144.7663350000,435338
2021-05-28 14:00:00,144.7663350000,144.7663350000,142.7967250000,143.0035340500,462800
2021-05-28 14:30:00,142.9936860000,143.6338092500,141.8119200000,143.0724704000,555760
2021-05-28 15:00:00,143.0724704000,143.1217106500,142.2550822500,142.8952055000,675884
2021-05-31 10:00:00,143.1709509000,149.4441587500,143.1217106500,149.4441587500,1911057
2021-05-31 10:30:00,149.1388692000,151.6304258500,147.8980149000,150.2812430000,1521350
2021-05-31 11:00:00,150.1532183500,150.1630664000,148.7646433000,149.7888405000,644955
2021-05-31 11:30:00,149.7888405000,149.9661054000,147.9964954000,148.2623927500,516392
2021-05-31 13:30:00,148.4101135000,150.2418508000,148.2722408000,148.6366186500,629991
2021-05-31 14:00:00,148.6070745000,149.1881094500,147.7798383000,148.9320601500,436501
2021-05-31 14:30:00,148.9222121000,149.1487172500,148.0063434500,148.4396576500,512400
2021-05-31 15:00:00,148.4101135000,148.7941874500,147.9374071000,148.6267706000,835983
2021-06-01 10:00:00,145.7511400000,146.2336944500,141.6838953500,143.5451768000,2418828
2021-06-01 10:30:00,143.5451768000,144.5398298500,142.0581212500,142.0581212500,943050
2021-06-01 11:00:00,141.9990329500,143.1414067500,141.3490616500,142.1762978500,1002088
2021-06-01 11:30:00,142.1664498000,143.2103431000,142.0384251500,142.5505237500,738374
2021-06-01 13:30:00,142.5505237500,144.3921091000,142.5505237500,142.5997640000,761363
2021-06-01 14:00:00,142.5997640000,142.7967250000,142.1073615000,142.5899159500,747700
2021-06-01 14:30:00,142.5603718000,143.3974560500,142.4520432500,142.7770289000,728383
2021-06-01 15:00:00,142.7671808500,143.3876080000,142.7179406000,142.7967250000,1031534
2021-06-02 10:00:00,144.2049961500,145.2587375000,138.6211518000,138.6605440000,2339120
2021-06-02 10:30:00,138.6605440000,140.3051683500,138.3749505500,139.3597555500,1218641
2021-06-02 11:00:00,139.3499075000,139.7930697500,137.4492338500,137.8628519500,1128669
2021-06-02 11:30:00,137.8431558500,138.4832791000,137.2916650500,137.3212092000,844329
2021-06-02 13:30:00,137.3212092000,138.2863181000,136.5727574000,138.2370778500,909217
2021-06-02 14:00:00,138.1681415000,138.6605440000,137.4098416500,137.4295377500,565600
2021-06-02 14:30:00,137.4393858000,138.4044947000,137.2818170000,137.8923961000,531027
2021-06-02 15:00:00,137.8923961000,138.9953777000,137.8727000000,137.9711805000,710041
2021-06-03 10:00:00,140.6990903500,144.0375793000,140.3248644500,142.6883964500,2522550
2021-06-03 10:30:00,142.6194601000,143.2792794500,142.2058420000,142.7080925500,722810
2021-06-03 11:00:00,142.7376367000,143.2595833500,142.0876654000,142.3043225000,484200
2021-06-03 11:30:00,142.3043225000,143.9784910000,142.3043225000,143.3088236000,791227
2021-06-03 13:30:00,143.3186716500,143.8800105000,142.5012835000,142.5012835000,442345
2021-06-03 14:00:00,142.4914354500,142.8361172000,141.4179980000,142.0679693000,574761
2021-06-03 14:30:00,142.0679693000,142.5012835000,141.3293655500,141.6937434000,430247
2021-06-03 15:00:00,141.6740473000,141.6937434000,140.6104579000,141.0437721000,777575
2021-06-04 10:00:00,141.0437721000,141.6838953500,138.1582934500,140.6400020500,956010
2021-06-04 10:30:00,140.6400020500,141.1127084500,138.8673530500,139.4976282500,655668
2021-06-04 11:00:00,139.5370204500,140.8271150000,139.2612750500,139.3892997000,474300
2021-06-04 11:30:00,139.3892997000,139.9210944000,138.7393284000,139.2218828500,418684
2021-06-04 13:30:00,139.2317309000,141.0634682000,138.8476569500,140.5809137500,567090
2021-06-04 14:00:00,140.6203059500,140.7483306000,138.8772011000,138.9067452500,488806
2021-06-04 14:30:00,138.8968972000,139.3597555500,137.8727000000,138.0401168500,607300
2021-06-04 15:00:00,137.9711805000,138.1582934500,136.9371352500,137.7545234000,942456
2021-06-07 10:00:00,137.5772585000,139.1332504000,135.6174965500,137.0356157500,1284336
2021-06-07 10:30:00,137.1833365000,139.0840101500,137.0159196500,139.0741621000,572275
2021-06-07 11:00:00,138.9953777000,141.6641992500,138.2567739500,141.4770863000,972041
2021-06-07 11:30:00,141.6641992500,145.2587375000,141.5952629000,144.8648155000,2618869
2021-06-07 13:30:00,144.8746635500,144.9632960000,143.3974560500,143.7815300000,1290437
2021-06-07 14:00:00,143.7815300000,144.6481584000,143.4959365500,143.7815300000,967743
2021-06-07 14:30:00,143.7815300000,143.9390988000,143.4860885000,143.7913780500,655171
2021-06-07 15:00:00,143.7913780500,144.2739325000,143.5648729000,143.7815300000,1183849
2021-06-08 10:00:00,144.0474273500,144.3527169000,136.3068600500,140.0688151500,3261998
2021-06-08 10:30:00,140.0688151500,141.3983019000,138.6408479000,138.7885686500,1177725
2021-06-08 11:00:00,138.7393284000,138.9264413500,137.4295377500,137.8825480500,979608
2021-06-08 11:30:00,137.8727000000,138.5128232500,137.4295377500,137.8333078000,490993
2021-06-08 13:30:00,137.8333078000,138.1582934500,136.7204781500,136.8288067000,858108
2021-06-08 14:00:00,136.9962235500,136.9962235500,134.4357305500,135.0266135500,1514535
2021-06-08 14:30:00,135.1053979500,136.6909340000,135.0266135500,136.4151886000,786809
2021-06-08 15:00:00,136.4151886000,136.6909340000,135.3122070000,136.0803549000,1010142
2021-06-09 10:00:00,133.9433280500,136.2773159000,131.0381533000,132.8009542500,2181511
2021-06-09 10:30:00,132.8009542500,132.8304984000,131.5699480000,132.7024737500,738155
2021-06-09 11:00:00,132.6926257000,134.3372500500,131.9638700000,134.3372500500,610702
2021-06-09 11:30:00,134.3963383500,134.9576772000,133.7463670500,134.7607162000,607981
2021-06-09 13:30:00,134.6819318000,134.9084369500,133.8546956000,134.2486176000,497056
2021-06-09 14:00:00,134.1304410000,134.7213240000,133.4509255500,133.5100138500,524609
2021-06-09 14:30:00,133.6281904500,134.5834513000,133.2244204000,134.3766422500,553300
2021-06-09 15:00:00,134.3766422500,135.5879524000,133.5691021500,134.5243630000,1094691
2021-06-10 10:00:00,134.5440591000,140.9058994000,134.5342110500,140.6203059500,2839578
2021-06-10 10:30:00,140.5316735000,145.7511400000,140.4922813000,142.9838379500,2562042
2021-06-10 11:00:00,142.9936860000,143.2497353000,141.2604292000,142.3141705500,908500
2021-06-10 11:30:00,142.3141705500,142.4028030000,141.5657187500,142.0088810000,462400
2021-06-10 13:30:00,142.0876654000,144.3034766500,142.0384251500,143.6338092500,1186459
2021-06-10 14:00:00,143.5845690000,144.3724130000,142.6096120500,143.6830495000,1252966
2021-06-10 14:30:00,143.6830495000,147.3169799500,143.6338092500,146.8541216000,2030963
2021-06-10 15:00:00,146.8541216000,147.8783188000,146.3912632500,147.1692592000,1870410
2021-06-11 10:00:00,150.6850130500,151.5516414500,144.8549674500,147.9078629500,3964925
2021-06-11 10:30:00,147.8684707500,150.1433703000,145.8988607500,146.8836657500,2303698
2021-06-11 11:00:00,146.9329060000,148.8926679500,146.7556411000,148.2131525000,1526409
2021-06-11 11:30:00,148.2131525000,148.5972264500,147.0116904000,147.4351565500,1046089
2021-06-11 13:30:00,147.5828773000,147.6025734000,143.8800105000,144.3330208000,1791633
2021-06-11 14:00:00,144.3034766500,146.5389840000,144.0277312500,146.1155178500,1054554
2021-06-11 14:30:00,146.1155178500,146.3321749500,144.4708935000,144.4708935000,1024200
2021-06-11 15:00:00,144.4807415500,147.7207500000,144.0966676000,147.7207500000,1965978
2021-06-15 10:00:00,146.6374645000,146.7359450000,140.1377515000,141.6641992500,3372823
2021-06-15 10:30:00,141.6248070500,142.2058420000,139.1332504000,141.9596407500,1860340
2021-06-15 11:00:00,142.0975134500,142.2058420000,140.2953203000,140.5809137500,827086
2021-06-15 11:30:00,140.7089384000,140.7089384000,138.3651025000,140.0885112500,1226667
2021-06-15 13:30:00,140.0983593000,140.0983593000,137.6855870500,139.6453490000,1214904
2021-06-15 14:00:00,139.8029178000,139.8029178000,138.4044947000,139.4089958000,810484
2021-06-15 14:30:00,139.4188438500,139.5764126500,137.8727000000,137.8825480500,863808
2021-06-15 15:00:00,137.8727000000,137.8825480500,136.7697184000,136.7992625500,1869258
2021-06-16 10:00:00,135.8440017000,139.6256529000,134.9379811000,135.4599277500,1736527
2021-06-16 10:30:00,135.5879524000,137.1734884500,133.3918372500,133.9827202500,1230598
2021-06-16 11:00:00,133.9137839000,133.9236319500,132.5547530000,133.7168229000,1050007
2021-06-16 11:30:00,133.7168229000,133.7660631500,131.6979726500,131.8555414500,728202
2021-06-16 13:30:00,131.5699480000,134.5243630000,131.4025311500,134.3470981000,950146
2021-06-16 14:00:00,134.4160344500,134.5046669000,132.5941452000,133.6577346000,635600
2021-06-16 14:30:00,133.4509255500,133.9137839000,132.2987037000,132.3676400500,407010
2021-06-16 15:00:00,132.3676400500,132.3676400500,131.4714675000,131.6487324000,850361
2021-06-17 10:00:00,131.3631389500,134.2880098000,131.3631389500,133.1259399000,1485672
2021-06-17 10:30:00,133.4115333500,135.1053979500,132.8994347500,134.7016279000,1071163
2021-06-17 11:00:00,134.5736032500,134.5736032500,132.6236893500,134.1698332000,614655
2021-06-17 11:30:00,134.1698332000,134.8887408500,133.9334800000,134.0910488000,488130
2021-06-17 13:30:00,134.1304410000,135.6765848500,133.7463670500,134.5932993500,914737
2021-06-17 14:00:00,134.5342110500,136.3954925000,134.4652747000,135.9326341500,880620
2021-06-17 14:30:00,135.9424822000,137.3802975000,135.3319031000,136.6613898500,1078841
2021-06-17 15:00:00,136.5924535000,137.1636404000,135.4599277500,137.0060716000,1172058
2021-06-18 10:00:00,137.3802975000,145.0223843000,136.8878950000,141.2210370000,3214943
2021-06-18 10:30:00,141.2210370000,141.2407331000,138.9559855000,139.7339814500,1122762
2021-06-18 11:00:00,139.7339814500,139.7339814500,137.1833365000,137.7545234000,798106
2021-06-18 11:30:00,137.7840675500,137.7840675500,136.3954925000,136.4742769000,652970
2021-06-18 13:30:00,136.5136691000,138.5423674000,136.3068600500,138.4931271500,500737
2021-06-18 14:00:00,138.5325193500,138.6309998500,136.9469833000,138.5423674000,466200
2021-06-18 14:30:00,138.5423674000,139.6847412000,137.6461948500,139.3105153000,447600
2021-06-18 15:00:00,139.3105153000,139.3105153000,138.0302688000,138.5226713000,729298
2021-06-21 10:00:00,136.9568313500,137.6757390000,133.9236319500,137.6757390000,2301639
2021-06-21 10:30:00,137.6757390000,142.1959939500,137.6757390000,141.0043799000,1813315
2021-06-21 11:00:00,141.0043799000,142.3831069000,140.0392710000,141.2998214000,858503
2021-06-21 11:30:00,141.2998214000,141.2998214000,139.4877802000,141.1717967500,439144
2021-06-21 13:30:00,141.0733162500,142.9641418500,140.7877228000,141.4179980000,867626
2021-06-21 14:00:00,141.4475421500,142.4618913000,141.3983019000,141.7823758500,543406
2021-06-21 14:30:00,141.8119200000,142.9936860000,141.8119200000,142.6490042500,887729
2021-06-21 15:00:00,142.4618913000,142.7868769500,141.8217680500,142.3535627500,907878
2021-06-22 10:00:00,142.7967250000,143.7815300000,138.3749505500,139.6453490000,1937789
2021-06-22 10:30:00,139.5961087500,140.3248644500,138.8772011000,139.1135543000,445600
2021-06-22 11:00:00,139.0938582000,141.6149590000,139.0938582000,141.0339240500,609400
2021-06-22 11:30:00,141.0240760000,141.9793368500,140.6104579000,140.8271150000,393418
2021-06-22 13:30:00,140.8271150000,141.6051109500,140.7384825500,141.1619487000,338000
2021-06-22 14:00:00,141.1619487000,141.2111889500,139.4582360500,139.7635256000,530397
2021-06-22 14:30:00,139.7635256000,139.9112463500,138.7294803500,139.2021867500,928000
2021-06-22 15:00:00,139.1923387000,139.4385399500,138.3060142000,138.3651025000,1067101
2021-06-23 10:00:00,139.8718541500,140.2362320000,137.1045521000,139.4680841000,1325513
2021-06-23 10:30:00,139.5074763000,142.4914354500,139.5074763000,140.5316735000,1160927
2021-06-23 11:00:00,140.5316735000,141.2505811500,140.0885112500,140.9255955000,440497
2021-06-23 11:30:00,140.9354435500,142.2747783500,140.6301540000,141.8217680500,515898
2021-06-23 13:30:00,141.9596407500,142.3043225000,140.6498501000,140.7286345000,576474
2021-06-23 14:00:00,140.7286345000,140.7286345000,139.2612750500,139.8029178000,530661
2021-06-23 14:30:00,139.7930697500,140.4824332500,139.7733736500,139.8324619500,333283
2021-06-23 15:00:00,139.8226139000,140.0786632000,139.1430984500,139.6748931500,626484
2021-06-24 10:00:00,139.4779321500,139.8521580500,135.4402316500,136.5235171500,1740606
2021-06-24 10:30:00,136.5235171500,136.5432132500,134.6622357000,135.8144575500,1316921
2021-06-24 11:00:00,135.7947614500,135.8243056000,134.0615046500,134.8493486500,967594
2021-06-24 11:30:00,134.8395006000,135.4500797000,134.5046669000,134.7705642500,351000
2021-06-24 13:30:00,134.8395006000,135.7553692500,134.5046669000,135.0660057500,392966
2021-06-24 14:00:00,135.0660057500,135.7553692500,134.7311720500,135.5485602000,498300
2021-06-24 14:30:00,135.5584082500,135.6667368000,135.0660057500,135.4894719000,382198
2021-06-24 15:00:00,135.4894719000,135.4993199500,134.7311720500,134.7311720500,727730
2021-06-25 10:00:00,134.4258825000,136.1788354000,133.2638126000,133.2933567500,1184779
2021-06-25 10:30:00,133.2441165000,134.8788928000,133.0176113500,134.5145149500,617326
2021-06-25 11:00:00,134.5145149500,135.3122070000,134.2978578500,134.8099564500,488500
2021-06-25 11:30:00,134.8099564500,135.6174965500,134.8001084000,135.2826628500,524875
2021-06-25 13:30:00,135.2826628500,136.1788354000,134.8198045000,135.3122070000,608784
2021-06-25 14:00:00,135.2826628500,135.7553692500,135.0364616000,135.4697758000,364600
2021-06-25 14:30:00,135.4402316500,136.0015705000,135.2137265000,135.3023589500,480283
2021-06-25 15:00:00,135.3023589500,135.6962809500,134.9970694000,135.4106875000,687449
2021-06-28 10:00:00,134.1501371000,144.2739325000,134.0516566000,142.3929549500,3119459
2021-06-28 10:30:00,142.4028030000,143.0724704000,141.6543512000,142.8952055000,961310
2021-06-28 11:00:00,142.8853574500,145.6920517000,142.7967250000,144.7564869500,1519408
2021-06-28 11:30:00,144.6481584000,147.7207500000,144.6481584000,146.8836657500,1603361
2021-06-28 13:30:00,146.9033618500,148.5873784000,146.6768567000,147.0510826000,1335612
2021-06-28 14:00:00,147.0510826000,150.1335222500,145.7905322000,145.9185568500,1879813
2021-06-28 14:30:00,145.9284049000,147.1003228500,145.9087088000,146.7753372000,1178534
2021-06-28 15:00:00,146.7753372000,148.0358876000,146.4995918000,147.7207500000,1405780
2021-06-29 10:00:00,147.3268280000,150.2024586000,146.2533905500,147.8192305000,2335032
2021-06-29 10:30:00,147.8980149000,149.1585653000,146.3321749500,147.6419656000,1174640
2021-06-29 11:00:00,147.6025734000,149.2767419000,147.3268280000,148.3510252000,787597
2021-06-29 11:30:00,148.3510252000,148.4692018000,147.2283475000,147.8093824500,662011
2021-06-29 13:30:00,148.0260395500,148.8237316000,147.5237890000,147.9374071000,599882
2021-06-29 14:00:00,147.8684707500,148.2131525000,146.9919943000,147.3662202000,512245
2021-06-29 14:30:00,147.3465241000,147.5040929000,146.6670086500,147.3268280000,561636
2021-06-29 15:00:00,147.3268280000,147.6025734000,145.9481010000,146.4798957000,1091323
2021-06-30 10:00:00,148.8335796500,154.9393706500,146.5488320500,154.1515266500,2764109
2021-06-30 10:30:00,154.2007669000,157.0665494500,154.2007669000,157.0370053000,1587299
2021-06-30 11:00:00,157.0665494500,157.2142702000,155.3628368000,155.8256951500,980837
2021-06-30 11:30:00,155.8256951500,157.5195597500,155.1855719000,157.5195597500,877029
2021-06-30 13:30:00,157.5294078000,158.3270998500,155.5204056000,155.5991900000,925258
2021-06-30 14:00:00,155.5302536500,156.5839950000,155.0083070000,155.2052680000,632253
2021-06-30 14:30:00,155.2052680000,155.7666068500,154.4962084000,154.4962084000,637921
2021-06-30 15:00:00,154.4962084000,154.9984589500,154.0235020000,154.6734733000,1008567
2021-07-01 10:00:00,154.7227135500,163.1329482500,152.6743191500,161.5178680500,3357517
2021-07-01 10:30:00,161.4883239000,161.8034615000,157.7657610000,158.4551245000,1685117
2021-07-01 11:00:00,158.4551245000,159.1444880000,156.5839950000,157.9331778500,840900
2021-07-01 11:30:00,157.8150012500,157.9627220000,156.5839950000,157.3718390000,514400
2021-07-01 13:30:00,157.3718390000,158.8096543000,156.2885535000,156.8400443000,539900
2021-07-01 14:00:00,156.9680689500,157.4604714500,156.2688574000,157.4604714500,508614
2021-07-01 14:30:00,157.4604714500,158.1301388500,157.0468533500,157.1256377500,714500
2021-07-01 15:00:00,157.1157897000,157.7460649000,155.2742043500,155.2742043500,1068580
2021-07-02 10:00:00,155.2840524000,159.5384100000,152.9402165000,158.1399869000,2518249
2021-07-02 10:30:00,158.0218103000,161.4981719500,156.6726274500,158.5831491500,1684560
2021-07-02 11:00:00,158.5634530500,158.9081348000,157.2832065500,157.3422948500,717310
2021-07-02 11:30:00,157.2832065500,157.3816870500,155.9931120000,156.5839950000,447965
2021-07-02 13:30:00,156.5839950000,157.0370053000,154.9886109000,156.7809560000,565142
2021-07-02 14:00:00,156.7908040500,156.7908040500,154.1416786000,154.4568162000,784200
2021-07-02 14:30:00,154.2697032500,155.8847834500,153.5114034000,155.2643563000,972000
2021-07-02 15:00:00,155.1658758000,155.2249641000,153.5901878000,153.6492761000,859928
2021-07-05 10:00:00,156.7908040500,160.5232150000,155.6287341500,157.4506234000,2453744
2021-07-05 10:30:00,157.4013831500,158.7210218500,155.1166355500,157.4998636500,1170231
2021-07-05 11:00:00,157.6278883000,158.5733011000,156.6824755000,156.7415638000,671769
2021-07-05 11:30:00,156.7120196500,157.5589519500,155.1855719000,155.8749354000,605991
2021-07-05 13:30:00,155.9635678500,157.0763975000,155.1855719000,156.8006521000,531900
2021-07-05 14:00:00,156.7218677000,156.8203482000,155.6582783000,156.3476418000,388838
2021-07-05 14:30:00,156.3082496000,157.0763975000,155.7961510000,156.1014405500,581170
2021-07-05 15:00:00,156.1999210500,156.7021716000,155.6681263500,156.3870340000,690778
2021-07-06 10:00:00,159.3611451000,163.0837080000,155.7863029500,163.0640119000,2618494
2021-07-06 10:30:00,163.0738599500,163.3200612000,159.3906892500,159.6073463500,1197931
2021-07-06 11:00:00,159.5679541500,159.8240034500,156.5347547500,157.3029026500,1069445
2021-07-06 11:30:00,157.3029026500,157.5688000000,155.8650873500,157.0763975000,665488
2021-07-06 13:30:00,157.0960936000,157.4112312000,155.4219251000,156.0915925000,706816
2021-07-06 14:00:00,156.3180976500,156.8794365000,154.4666642500,155.0673953000,641663
2021-07-06 14:30:00,154.9984589500,156.2787054500,153.6492761000,156.0718964000,695824
2021-07-06 15:00:00,156.0620483500,157.0271572500,155.5696458500,156.7809560000,665264
2021-07-07 10:00:00,152.0341959000,155.8946315000,150.9706065000,155.6484302500,1936090
2021-07-07 10:30:00,155.2939004500,157.9725700500,153.9447176000,154.1416786000,867968
2021-07-07 11:00:00,154.2007669000,157.4703195000,154.2007669000,156.9779170000,513900
2021-07-07 11:30:00,157.1059416500,157.9331778500,155.5991900000,156.9483728500,579100
2021-07-07 13:30:00,156.9483728500,157.4407753500,155.5991900000,156.1900730000,525612
2021-07-07 14:00:00,156.1408327500,157.8150012500,155.9537198000,157.1945741000,521613
2021-07-07 14:30:00,157.1256377500,157.7460649000,156.4067301000,157.5884961000,476001
2021-07-07 15:00:00,157.3718390000,157.3718390000,155.7075185500,156.4756664500,833200
2021-07-08 10:00:00,160.5232150000,162.0004225000,157.5688000000,160.9663772500,1949880
2021-07-08 10:30:00,161.0057694500,163.9601844500,158.7505660000,163.6745910000,1313867
2021-07-08 11:00:00,163.6056546500,165.1222543500,162.0102705500,165.1124063000,1326162
2021-07-08 11:30:00,165.1222543500,165.4275439000,160.8186565000,161.0944019000,838899
2021-07-08 13:30:00,161.5080200000,161.7049810000,159.8141554000,160.0308125000,559300
2021-07-08 14:00:00,160.0209644500,160.2770137500,158.9967672500,159.7156749000,475404
2021-07-08 14:30:00,159.7156749000,160.5724552500,159.3414490000,159.9815722500,340751
2021-07-08 15:00:00,160.0111164000,160.3262540000,159.2626646000,160.1292930000,568319
2021-07-09 10:00:00,152.7531035500,153.5310995000,145.7609880500,148.3017849500,5194972
2021-07-09 10:30:00,148.2623927500,151.1183272500,147.3662202000,149.7494483000,1194222
2021-07-09 11:00:00,149.7297522000,151.6599700000,149.2078055500,151.5417934000,766886
2021-07-09 11:30:00,151.5811856000,152.4576620500,149.4441587500,150.2221547000,696271
2021-07-09 13:30:00,150.2320027500,154.0727422500,150.2221547000,153.7871488000,969700
2021-07-09 14:00:00,153.7871488000,156.8695884500,153.7871488000,155.3037485000,988658
2021-07-09 14:30:00,155.3037485000,156.9089806500,154.5060564500,156.3968820500,754940
2021-07-09 15:00:00,156.3870340000,156.8991326000,154.7916499000,154.7916499000,813955
2021-07-12 10:00:00,154.8113460000,156.8203482000,151.8963232000,156.3870340000,1995012
2021-07-12 10:30:00,156.3377937500,158.1005947000,156.1802249500,156.5938430500,1115724
2021-07-12 11:00:00,156.5938430500,157.3718390000,155.9438717500,156.5642989000,650116
2021-07-12 11:30:00,156.5347547500,157.0763975000,154.6143850000,155.5991900000,717027
2021-07-12 13:30:00,155.7961510000,157.7460649000,154.8113460000,157.6475844000,1012734
2021-07-12 14:00:00,157.6475844000,159.5285619500,156.5839950000,159.4399295000,848514
2021-07-12 14:30:00,159.3611451000,160.3164059500,159.0558555500,159.0558555500,705237
2021-07-12 15:00:00,159.0657036000,160.0997488500,158.5536050000,159.5384100000,725416
2021-07-13 10:00:00,156.5839950000,157.9824181000,151.5122492500,151.5122492500,2784354
2021-07-13 10:30:00,151.4630090000,151.7190583000,148.4790498500,149.8479288000,2062205
2021-07-13 11:00:00,149.8479288000,150.5274442500,149.0009965000,149.7297522000,619700
2021-07-13 11:30:00,149.7986885500,149.7986885500,147.5828773000,147.7207500000,1378613
2021-07-13 13:30:00,147.7109019500,150.0350417500,147.6616617000,147.7207500000,1049612
2021-07-13 14:00:00,147.7601422000,149.9858015000,147.5828773000,149.8873210000,778689
2021-07-13 14:30:00,149.8873210000,150.6160767000,147.7305980500,148.0457356500,726392
2021-07-13 15:00:00,148.1442161500,148.4593537500,147.7798383000,148.3214810500,975357
2021-07-14 10:00:00,148.5873784000,149.1979575000,146.2238464000,146.7260969500,1343009
2021-07-14 10:30:00,146.7950333000,147.5040929000,142.6490042500,142.9838379500,1962402
2021-07-14 11:00:00,142.8952055000,144.8648155000,142.5406757000,144.6580064500,969978
2021-07-14 11:30:00,144.6777025500,146.0465815000,144.5595259500,144.7170947500,568181
2021-07-14 13:30:00,144.8549674500,146.3124788500,144.8451194000,145.6526595000,597621
2021-07-14 14:00:00,145.6526595000,146.9526021000,145.4556985000,146.5389840000,502670
2021-07-14 14:30:00,146.5488320500,146.6670086500,144.9829921000,145.4655465500,485992
2021-07-14 15:00:00,145.3670660500,145.7511400000,144.4315013000,144.6481584000,587679
2021-07-15 10:00:00,144.1853000500,145.6723556000,142.5505237500,142.6490042500,1256606
2021-07-15 10:30:00,142.6588523000,143.7815300000,142.1369056500,142.2452342000,820802
2021-07-15 11:00:00,142.1664498000,142.4421952000,140.8271150000,141.9497927000,932618
2021-07-15 11:30:00,141.9497927000,142.0581212500,140.9452916000,141.2407331000,468014
2021-07-15 13:30:00,141.2505811500,142.6982445000,141.2505811500,141.8316161000,607743
2021-07-15 14:00:00,141.8217680500,143.1217106500,141.8217680500,142.8755094000,671858
2021-07-15 14:30:00,142.8952055000,143.0724704000,142.3043225000,142.5702198500,597600
2021-07-15 15:00:00,142.5603718000,142.9050535500,141.8513122000,142.4618913000,922634
2021-07-16 10:00:00,142.3929549500,143.5254807000,140.0195749000,141.9005524500,1347767
2021-07-16 10:30:00,141.9104005000,144.0769715000,140.9255955000,143.3482158000,1236756
2021-07-16 11:00:00,143.2891275000,143.3088236000,142.1664498000,142.1664498000,661500
2021-07-16 11:30:00,142.2550822500,142.8656613500,141.6641992500,142.4028030000,347803
2021-07-16 13:30:00,142.5406757000,143.2497353000,142.3043225000,142.7179406000,367247
2021-07-16 14:00:00,142.7080925500,142.7671808500,141.4573902000,141.5361746000,444639
2021-07-16 14:30:00,141.5361746000,142.2550822500,140.9846838000,141.5854148500,505900
2021-07-16 15:00:00,141.5460226500,141.5460226500,140.4331930000,140.8074189000,972089
2021-07-19 10:00:00,139.6453490000,140.3347125000,136.0015705000,138.8575050000,2373851
2021-07-19 10:30:00,138.8575050000,141.8119200000,138.8575050000,138.8870491500,1243200
2021-07-19 11:00:00,138.8772011000,138.8772011000,137.3704494500,137.7446753500,719545
2021-07-19 11:30:00,137.7446753500,139.8423100000,137.6166507000,139.6059568000,610156
2021-07-19 13:30:00,139.6256529000,141.8119200000,139.6059568000,141.1914928500,765337
2021-07-19 14:00:00,141.2899733500,141.2899733500,140.2362320000,140.3347125000,427900
2021-07-19 14:30:00,140.3347125000,141.5952629000,140.3150164000,140.8369630500,393825
2021-07-19 15:00:00,140.8271150000,141.4573902000,140.7187864500,141.0240760000,844918
2021-07-20 10:00:00,138.9953777000,140.6301540000,137.9022441500,139.3499075000,1135010
2021-07-20 10:30:00,139.3499075000,139.4779321500,137.2719689500,138.5423674000,711015
2021-07-20 11:00:00,138.5423674000,138.7688725500,136.4644288500,136.8288067000,784011
2021-07-20 11:30:00,136.8386547500,138.2370778500,136.7204781500,137.1636404000,443800
2021-07-20 13:30:00,137.2621209000,138.4537349500,137.0651599000,138.1681415000,457263
2021-07-20 14:00:00,138.1681415000,139.1037062500,137.9416363500,138.9953777000,358281
2021-07-20 14:30:00,138.9953777000,139.5271724000,138.8575050000,139.4976282500,366334
2021-07-20 15:00:00,139.5271724000,139.5271724000,138.9658335500,139.4089958000,555205
2021-07-21 10:00:00,140.8271150000,143.8800105000,139.8423100000,143.7421378000,1651933
2021-07-21 10:30:00,143.7519858500,143.9784910000,142.0285771000,142.4618913000,852069
2021-07-21 11:00:00,142.4618913000,144.2936286000,142.0581212500,144.2345403000,651243
2021-07-21 11:30:00,144.2246922500,144.2640844500,143.2300392000,143.6338092500,576604
2021-07-21 13:30:00,143.6830495000,145.2587375000,143.6633534000,144.9731440500,900344
2021-07-21 14:00:00,144.9632960000,145.1110167500,144.0178832000,144.6186142500,468500
2021-07-21 14:30:00,144.6087662000,144.7663350000,143.8898585500,143.9292507500,498416
2021-07-21 15:00:00,143.9587949000,144.0868195500,143.4860885000,143.8603144000,782173
2021-07-22 10:00:00,143.9784910000,145.7215958500,142.8853574500,144.0769715000,1408372
2021-07-22 10:30:00,144.0671234500,145.9481010000,143.6830495000,143.9784910000,1028524
2021-07-22 11:00:00,143.9784910000,144.4118052000,142.5308276500,142.6096120500,650054
2021-07-22 11:30:00,142.6982445000,143.5845690000,142.3043225000,142.7573328000,399616
2021-07-22 13:30:00,142.7967250000,144.6087662000,142.4717393500,144.2443883500,491817
2021-07-22 14:00:00,144.2443883500,144.5693740000,143.8307702500,144.3822610500,322128
2021-07-22 14:30:00,144.4216532500,144.9632960000,144.1163637000,144.8254233000,504897
2021-07-22 15:00:00,144.8254233000,144.8549674500,144.5398298500,144.8155752500,656735
2021-07-23 10:00:00,144.7663350000,144.7663350000,136.6909340000,136.6909340000,3093849
2021-07-23 10:30:00,136.7007820500,136.7007820500,126.9216684000,129.1965679500,6073898
2021-07-23 11:00:00,129.2852004000,134.9084369500,129.1965679500,133.0077633000,2336903
2021-07-23 11:30:00,132.9092828000,134.7311720500,130.8904325500,134.0615046500,1245724
2021-07-23 13:30:00,134.1993773500,134.7213240000,133.4312294500,133.8349995000,697187
2021-07-23 14:00:00,133.6774307000,134.9182850000,133.5100138500,133.7365190000,710669
2021-07-23 14:30:00,133.6380385000,135.4697758000,133.5887982500,134.6917798500,865600
2021-07-23 15:00:00,134.7213240000,135.1447901500,134.4258825000,134.4258825000,1143259
2021-07-26 10:00:00,132.9486750000,133.9334800000,130.2601573500,132.7517140000,2556724
2021-07-26 10:30:00,132.7418659500,133.2933567500,130.6836235000,131.3729870000,1169900
2021-07-26 11:00:00,131.3532909000,131.5404038500,128.6844693500,128.9208225500,1587691
2021-07-26 11:30:00,128.9109745000,130.3487898000,128.0246500000,129.3639848000,1397409
2021-07-26 13:30:00,129.3048965000,129.3541367500,126.0353439000,126.0451919500,1160763
2021-07-26 14:00:00,126.0451919500,130.4866625000,125.7694465500,130.2798534500,1161594
2021-07-26 14:30:00,130.1124366000,130.7033196000,129.1768718500,129.9942600000,952392
2021-07-26 15:00:00,129.9942600000,130.4965105500,129.1965679500,129.4624653000,1146581
2021-07-27 10:00:00,130.0139561000,134.4258825000,129.9056275500,132.4562725000,2293889
2021-07-27 10:30:00,132.4562725000,133.7168229000,130.5851430000,130.5851430000,771028
2021-07-27 11:00:00,130.5851430000,132.6926257000,130.5851430000,132.2987037000,558001
2021-07-27 11:30:00,132.2987037000,134.8001084000,131.9047817000,134.7902603500,740994
2021-07-27 13:30:00,134.8985889000,136.8681989000,134.8198045000,135.5091680000,1719296
2021-07-27 14:00:00,135.4008394500,136.1788354000,134.1796812500,136.0508107500,737567
2021-07-27 14:30:00,136.0508107500,136.0508107500,132.8600425500,132.8600425500,563405
2021-07-27 15:00:00,132.8600425500,132.9486750000,130.9889130500,131.4616194500,882542
2021-07-28 10:00:00,131.6585804500,131.6585804500,125.0702350000,127.3254384500,1783312
2021-07-28 10:30:00,127.2171099000,131.8949336500,126.4095698000,130.9790650000,978020
2021-07-28 11:00:00,130.9790650000,133.8546956000,130.9790650000,132.1312868500,713090
2021-07-28 11:30:00,132.1214388000,132.1214388000,130.2700054000,131.4123792000,400900
2021-07-28 13:30:00,131.3926831000,131.4517714000,129.0193030500,129.3048965000,406810
2021-07-28 14:00:00,129.3048965000,129.6397302000,128.1625227000,128.9799108500,330314
2021-07-28 14:30:00,128.9109745000,130.4768144500,128.9109745000,129.7579068000,327500
2021-07-28 15:00:00,129.9942600000,130.1813729500,128.9011264500,129.4920094500,433850
2021-07-29 10:00:00,133.3721411500,133.8153034000,130.1124366000,132.7418659500,1535809
2021-07-29 10:30:00,132.7418659500,133.3425970000,131.9934141500,132.1312868500,531600
2021-07-29 11:00:00,132.1017427000,132.4956647000,130.6934715500,131.2745065000,744185
2021-07-29 11:30:00,131.2745065000,131.3631389500,129.8760834000,130.1616768500,646090
2021-07-29 13:30:00,130.2404612500,131.4616194500,130.0139561000,130.5063586000,705001
2021-07-29 14:00:00,130.6146871500,132.8108023000,130.2503093000,132.8009542500,797805
2021-07-29 14:30:00,132.8009542500,133.4410775000,132.0623505000,132.1214388000,846895
2021-07-29 15:00:00,132.1214388000,132.5547530000,131.4813155500,132.5547530000,847666
2021-07-30 10:00:00,133.9334800000,142.3043225000,133.9334800000,140.0097268500,5922828
2021-07-30 10:30:00,139.9900307500,141.4770863000,138.9658335500,139.2612750500,1854674
2021-07-30 11:00:00,139.2218828500,141.1619487000,139.2218828500,140.8468111000,858000
2021-07-30 11:30:00,140.9354435500,142.9739899000,140.9354435500,142.7868769500,1778721
2021-07-30 13:30:00,142.7474847500,143.0921665000,141.5755668000,141.9399446500,1211640
2021-07-30 14:00:00,141.9399446500,143.1315587000,141.9104005000,143.0330782000,1647234
2021-07-30 14:30:00,143.1217106500,144.7564869500,143.0330782000,144.6383103500,1713342
2021-07-30 15:00:00,144.7072467000,144.8549674500,143.5451768000,143.8012261000,1757044
2021-08-02 10:00:00,143.7815300000,147.0313865000,141.8020719500,142.1664498000,2989713
2021-08-02 10:30:00,142.2255381000,144.1853000500,141.4967824000,143.9489468500,962069
2021-08-02 11:00:00,143.9489468500,144.7170947500,142.0088810000,142.0187290500,785900
2021-08-02 11:30:00,142.0581212500,143.0527743000,141.5952629000,142.1959939500,711856
2021-08-02 13:30:00,142.1073615000,143.3482158000,141.6051109500,142.3634108000,682544
2021-08-02 14:00:00,142.3634108000,142.7868769500,141.9596407500,142.1467537000,469744
2021-08-02 14:30:00,142.1467537000,142.6982445000,141.9300966000,142.1270576000,703000
2021-08-02 15:00:00,142.1073615000,142.6096120500,141.9990329500,142.4126510500,1335991
2021-08-03 10:00:00,144.7663350000,148.2033044500,142.9739899000,143.0724704000,2596555
2021-08-03 10:30:00,142.9936860000,143.7618339000,142.0482732000,143.1512548000,1019100
2021-08-03 11:00:00,143.1020145500,143.5550248500,141.9891849000,142.6293081500,515037
2021-08-03 11:30:00,142.6391562000,143.2891275000,142.2058420000,142.7868769500,428279
2021-08-03 13:30:00,142.8459652500,143.2792794500,141.6248070500,143.2595833500,601900
2021-08-03 14:00:00,143.2792794500,143.8012261000,142.1073615000,142.1861459000,678171
2021-08-03 14:30:00,142.1664498000,142.3240186000,140.8271150000,140.9452916000,661001
2021-08-03 15:00:00,140.9255955000,141.4081499500,140.0786632000,141.1717967500,643256
2021-08-04 10:00:00,139.8226139000,142.7967250000,139.4286919000,142.0088810000,1313179
2021-08-04 10:30:00,142.0088810000,143.5747209500,141.8119200000,142.0285771000,752286
2021-08-04 11:00:00,142.0285771000,142.9838379500,141.4278460500,141.6248070500,551475
2021-08-04 11:30:00,141.6248070500,142.1566017500,141.1816448000,141.3195175000,305746
2021-08-04 13:30:00,141.2210370000,142.8065730500,141.2111889500,142.2058420000,548219
2021-08-04 14:00:00,142.3338666500,142.3535627500,141.3786058000,142.2353861500,568408
2021-08-04 14:30:00,142.2353861500,143.0921665000,142.2058420000,142.8656613500,764785
2021-08-04 15:00:00,142.7967250000,142.9936860000,142.3141705500,142.5111315500,726837
2021-08-05 10:00:00,142.8065730500,143.6338092500,139.3892997000,140.2263839500,1573487
2021-08-05 10:30:00,140.2362320000,142.2747783500,140.2362320000,141.8119200000,562155
2021-08-05 11:00:00,141.8119200000,142.2944744500,139.5862607000,139.8915502500,812100
2021-08-05 11:30:00,139.8817022000,141.1619487000,139.6453490000,140.8172669500,387476
2021-08-05 13:30:00,140.8074189000,141.7429836500,140.6990903500,141.0930123500,347098
2021-08-05 14:00:00,141.0240760000,141.3786058000,140.4331930000,140.4528891000,473672
2021-08-05 14:30:00,140.4528891000,140.9255955000,139.8029178000,140.0294229500,604469
2021-08-05 15:00:00,140.0294229500,140.5119774000,139.7832217000,140.1180554000,514271
2021-08-06 10:00:00,140.6301540000,141.8020719500,136.9174391500,137.1340962500,1625195
2021-08-06 10:30:00,137.1734884500,138.3552544500,136.8780469500,136.8977430500,1039197
2021-08-06 11:00:00,136.9174391500,139.5468685000,136.8878950000,138.6802401000,581335
2021-08-06 11:30:00,138.6802401000,138.8673530500,137.9711805000,137.9711805000,273389
2021-08-06 13:30:00,137.9711805000,138.8378089000,137.0356157500,137.2916650500,478100
2021-08-06 14:00:00,137.3113611500,137.4787780000,136.9075911000,136.9568313500,495795
2021-08-06 14:30:00,136.9666794000,137.6757390000,136.7894145000,137.3507533500,462200
2021-08-06 15:00:00,137.3802975000,137.7643714500,137.2128806500,137.6757390000,514321
2021-08-09 10:00:00,136.6613898500,138.0696610000,134.8296525500,135.5584082500,1213746
2021-08-09 10:30:00,135.5584082500,137.3802975000,135.5584082500,135.9621783000,504600
2021-08-09 11:00:00,135.9523302500,136.2970120000,135.2137265000,135.6273446000,627697
2021-08-09 11:30:00,135.5682563000,136.1985315000,135.4106875000,135.9030900000,283973
2021-08-09 13:30:00,135.9030900000,136.7697184000,135.6568887500,135.9030900000,287420
2021-08-09 14:00:00,135.9424822000,136.6909340000,135.8440017000,136.1394432000,349600
2021-08-09 14:30:00,136.0409627000,136.3757964000,135.9030900000,135.9030900000,356200
2021-08-09 15:00:00,135.9129380500,136.6909340000,135.8538497500,136.5924535000,484294
2021-08-10 10:00:00,136.3856444500,136.7303262000,134.2486176000,134.8001084000,932772
2021-08-10 10:30:00,134.8001084000,135.6076485000,134.5736032500,135.6076485000,503219
2021-08-10 11:00:00,135.5091680000,136.2773159000,134.9478291500,134.9478291500,433500
2021-08-10 11:30:00,134.9478291500,135.2432706500,133.4410775000,134.0122644000,790000
2021-08-10 13:30:00,133.9827202500,134.8001084000,132.9486750000,132.9979152500,693395
2021-08-10 14:00:00,132.9979152500,134.1796812500,132.8501945000,132.8600425500,721335
2021-08-10 14:30:00,132.8501945000,133.0963957500,131.9835661000,132.9388269500,887153
2021-08-10 15:00:00,132.9092828000,133.8645436500,132.6827776500,133.6675826500,756543
2021-08-11 10:00:00,134.6228435000,134.7114759500,132.0229583000,133.5789502000,1072902
2021-08-11 10:30:00,133.6971268000,134.1402890500,132.5646010500,132.8600425500,544700
2021-08-11 11:00:00,132.8600425500,133.2441165000,132.0623505000,132.6138413000,552100
2021-08-11 11:30:00,132.5153608000,133.0570035500,132.3676400500,132.4661205500,344199
2021-08-11 13:30:00,132.4661205500,132.6729296000,132.0229583000,132.3085517500,460267
2021-08-11 14:00:00,132.3085517500,132.3971842000,131.9047817000,132.2002232000,457429
2021-08-11 14:30:00,132.1903751500,132.2199193000,131.5699480000,131.9441739000,489693
2021-08-11 15:00:00,131.9441739000,132.3873361500,131.6782765500,131.8555414500,687430
2021-08-12 10:00:00,131.8850856000,136.2970120000,131.0775455000,136.1985315000,2445080
2021-08-12 10:30:00,136.1985315000,137.7545234000,136.1985315000,137.0848560000,1930949
2021-08-12 11:00:00,137.0848560000,137.0848560000,134.4357305500,135.0660057500,1100698
2021-08-12 11:30:00,135.1743343000,135.7849134000,134.7213240000,134.8493486500,473749
2021-08-12 13:30:00,134.8493486500,136.4447327500,134.5736032500,135.5682563000,635900
2021-08-12 14:00:00,135.4303836000,135.4303836000,134.5637552000,134.9970694000,410500
2021-08-12 14:30:00,134.9970694000,135.8144575500,134.9773733000,135.3614472500,428950
2021-08-12 15:00:00,135.3811433500,136.0705068500,134.9281330500,135.6076485000,844603
2021-08-13 10:00:00,135.0955499000,135.5091680000,131.5699480000,132.3873361500,1500626
2021-08-13 10:30:00,132.3873361500,133.4509255500,131.8456934000,132.8304984000,540900
2021-08-13 11:00:00,132.8304984000,132.9486750000,130.8904325500,130.9396728000,873256
2021-08-13 11:30:00,130.9298247500,131.3237467500,130.2798534500,131.0381533000,721318
2021-08-13 13:30:00,131.0676974500,131.3532909000,129.3935289500,129.8859314500,809030
2021-08-13 14:00:00,129.9745639000,129.9942600000,128.7829498500,129.2064160000,893422
2021-08-13 14:30:00,129.2064160000,130.7427118000,128.9996069500,130.6836235000,822077
2021-08-13 15:00:00,130.6836235000,131.2351143000,129.8366912000,129.8859314500,682223
2021-08-16 10:00:00,128.0246500000,128.0246500000,122.6180705500,123.4256106500,3034131
2021-08-16 10:30:00,123.3960665000,124.9422103500,123.3960665000,124.1839105000,705405
2021-08-16 11:00:00,124.1839105000,124.2823910000,123.4256106500,123.6915080000,650790
2021-08-16 11:30:00,123.7801404500,124.1149741500,122.6377666500,122.9036640000,803213
2021-08-16 13:30:00,122.9036640000,123.3665223500,122.2143005000,122.2143005000,775249
2021-08-16 14:00:00,122.2241485500,122.4900459000,121.8203785000,122.1158200000,771095
2021-08-16 14:30:00,122.1158200000,122.4703498000,121.2590396500,122.1158200000,688751
2021-08-16 15:00:00,122.1355161000,124.8437298500,122.1355161000,123.7505963000,1354623
2021-08-17 10:00:00,122.6082225000,129.4821614000,122.0468836500,128.0246500000,2890693
2021-08-17 10:30:00,127.8966253500,128.1723707500,125.7399024000,126.0550400000,776231
2021-08-17 11:00:00,125.9565595000,126.4194178500,125.3656765000,125.8580790000,436000
2021-08-17 11:30:00,125.8679270500,125.9565595000,124.9225142500,125.0308428000,443900
2021-08-17 13:30:00,125.0209947500,125.6414219000,124.0657339000,124.2134546500,540000
2021-08-17 14:00:00,124.1937585500,124.5679844500,123.9672534000,124.2528468500,706107
2021-08-17 14:30:00,124.2528468500,125.9467114500,123.2089535500,125.8088387500,1275135
2021-08-17 15:00:00,125.8088387500,126.4292659000,123.6915080000,124.6073766500,1282944
2021-08-18 10:00:00,124.6664649500,125.9565595000,121.2590396500,122.2832368500,1233316
2021-08-18 10:30:00,122.3029329500,122.9922964500,122.0074914500,122.9824484000,442657
2021-08-18 11:00:00,122.9627523000,123.9869495000,122.5097420000,122.5097420000,394470
2021-08-18 11:30:00,122.5097420000,122.6180705500,121.6431136000,121.8006824000,398509
2021-08-18 13:30:00,121.7218980000,122.9726003500,121.6234175000,121.6332655500,520746
2021-08-18 14:00:00,121.6234175000,121.6529616500,120.8355735000,120.8946618000,710174
2021-08-18 14:30:00,120.8946618000,120.9340540000,119.9590970500,120.5401320000,806239
2021-08-18 15:00:00,120.5598281000,121.3279760000,120.3333229500,121.3181279500,638998
2021-08-19 10:00:00,120.0181853500,124.4104156500,120.0181853500,121.6234175000,1208200
2021-08-19 10:30:00,121.6234175000,122.4112615000,121.1310150000,121.8006824000,365017
2021-08-19 11:00:00,121.8006824000,123.7899885000,121.6825058000,122.6870069000,462220
2021-08-19 11:30:00,122.7165510500,123.3960665000,122.1158200000,123.3960665000,231092
2021-08-19 13:30:00,123.4256106500,125.8285348500,123.2581938000,125.6118777500,1094507
2021-08-19 14:00:00,125.6118777500,125.6217258000,124.3414793000,124.6369208000,523100
2021-08-19 14:30:00,124.8338818000,125.0702350000,124.3907195500,124.5778325000,419944
2021-08-19 15:00:00,124.5778325000,125.4247648000,124.5187442000,124.8437298500,602363
2021-08-20 10:00:00,124.8240337500,127.5716397000,123.1498652500,127.5617916500,1187136
2021-08-20 10:30:00,127.5716397000,128.8420381500,126.6459230000,127.2368060000,687241
2021-08-20 11:00:00,127.1974138000,127.5322475000,126.4095698000,126.4292659000,500626
2021-08-20 11:30:00,126.4785061500,126.4785061500,125.0505389000,125.2376518500,450308
2021-08-20 13:30:00,125.2376518500,125.2671960000,124.0952780500,124.5778325000,377400
2021-08-20 14:00:00,124.5778325000,125.0702350000,124.5581364000,125.0406908500,239345
2021-08-20 14:30:00,125.0406908500,125.2474999000,124.5778325000,124.6763130000,295540
2021-08-20 15:00:00,124.6763130000,125.1588674500,124.5778325000,124.9126662000,396772
2021-08-23 10:00:00,125.6611180000,126.5474425000,124.0854300000,124.5778325000,848838
2021-08-23 10:30:00,124.3907195500,127.4140709000,124.2823910000,126.2027607500,776213
2021-08-23 11:00:00,126.2815451500,127.1383255000,125.8580790000,126.1633685500,491850
2021-08-23 11:30:00,126.1633685500,126.3701776000,125.3656765000,125.4149167500,344968
2021-08-23 13:30:00,125.4149167500,125.9565595000,124.9225142500,125.6906621500,447883
2021-08-23 14:00:00,125.7989907000,126.5474425000,125.2770440500,126.4588100500,448526
2021-08-23 14:30:00,126.4588100500,127.3155904000,126.3307854000,126.7148593500,567100
2021-08-23 15:00:00,126.7444035000,126.8428840000,126.4588100500,126.5769866500,446783
2021-08-24 10:00:00,127.5322475000,127.6208799500,125.1194752500,125.7497504500,789781
2021-08-24 10:30:00,125.7497504500,127.7784487500,125.6709660500,127.0595411000,609390
2021-08-24 11:00:00,127.0989333000,127.4337670000,126.6557710500,126.7345554500,486000
2021-08-24 11:30:00,126.7345554500,126.8428840000,125.4641570000,125.4641570000,447100
2021-08-24 13:30:00,125.4641570000,125.9762556000,125.2179557500,125.5527894500,346300
2021-08-24 14:00:00,125.5626375000,125.7792946000,125.3755245500,125.3853726000,281400
2021-08-24 14:30:00,125.3853726000,125.4838531000,124.8732740000,125.0899311000,433900
2021-08-24 15:00:00,125.1096272000,125.7989907000,125.0505389000,125.5133972500,417566
2021-08-25 10:00:00,124.5778325000,125.5527894500,122.8347276500,122.8544237500,939879
2021-08-25 10:30:00,122.8544237500,123.2778899000,122.5392861500,122.9922964500,586063
2021-08-25 11:00:00,123.0021445000,123.8687729000,122.9726003500,123.0021445000,344113
2021-08-25 11:30:00,123.0021445000,123.7604443500,122.9726003500,123.7013560500,144438
2021-08-25 13:30:00,123.5930275000,124.6369208000,123.3271301500,124.5384403000,302897
2021-08-25 14:00:00,124.5679844500,125.5232453000,124.4498078500,125.5232453000,329169
2021-08-25 14:30:00,125.5232453000,126.2323049000,125.4346128500,125.6611180000,413330
2021-08-25 15:00:00,125.6611180000,125.8383829000,124.2626949000,125.6512699500,562004
2021-08-26 10:00:00,125.3361323500,125.3361323500,121.3082799000,122.6082225000,1416787
2021-08-26 10:30:00,122.6082225000,122.9036640000,121.3279760000,121.5446331000,988308
2021-08-26 11:00:00,121.5446331000,121.9976434000,120.7961813000,121.0128384000,748700
2021-08-26 11:30:00,121.0128384000,121.1211669500,119.9984892500,120.7272449500,700100
2021-08-26 13:30:00,120.7370930000,121.1310150000,120.4219554000,120.7961813000,1053000
2021-08-26 14:00:00,120.8355735000,121.1310150000,120.6090683500,120.7173969000,576650
2021-08-26 14:30:00,120.7272449500,120.8848137500,120.6287644500,120.7469410500,452000
2021-08-26 15:00:00,120.7469410500,121.1211669500,120.6386125000,120.7961813000,870218
2021-08-27 10:00:00,119.2598855000,121.5150889500,119.1614050000,121.5150889500,897776
2021-08-27 10:30:00,121.5150889500,122.8741198500,121.2393435500,122.8741198500,707292
2021-08-27 11:00:00,122.9430562000,123.3960665000,121.3772162500,121.6628097000,482500
2021-08-27 11:30:00,121.6628097000,122.1158200000,121.1901033000,122.0074914500,226300
2021-08-27 13:30:00,122.0173395000,122.0173395000,120.9439020500,121.2097994000,349278
2021-08-27 14:00:00,121.2097994000,121.4560006500,120.7469410500,120.9537501000,277126
2021-08-27 14:30:00,120.9537501000,121.1802552500,120.8355735000,120.9143579000,306501
2021-08-27 15:00:00,120.8651176500,121.0128384000,120.2446905000,120.7173969000,534123
2021-08-30 10:00:00,122.1158200000,122.2241485500,119.7424399500,120.7370930000,1008132
2021-08-30 10:30:00,120.7863332500,122.4703498000,120.7173969000,121.9680992500,790543
2021-08-30 11:00:00,121.9582512000,122.0468836500,121.1310150000,121.3476721000,360738
2021-08-30 11:30:00,121.3279760000,122.0665797500,120.7075488500,122.0468836500,299292
2021-08-30 13:30:00,122.0567317000,122.0764278000,121.1408630500,121.6234175000,335560
2021-08-30 14:00:00,121.6234175000,122.3127810000,121.5446331000,122.1749083000,475116
2021-08-30 14:30:00,122.1847563500,122.3226290500,121.6234175000,121.7218980000,336600
2021-08-30 15:00:00,121.7711382500,122.1059719500,121.6431136000,122.1059719500,434229
2021-08-31 10:00:00,122.1158200000,122.3718693000,119.5060867500,120.7863332500,800060
2021-08-31 10:30:00,120.8158774000,120.8355735000,118.8659635000,118.8659635000,560502
2021-08-31 11:00:00,118.8659635000,118.8659635000,116.0198770500,117.6743494500,1193137
2021-08-31 11:30:00,117.6743494500,118.2750805000,116.0100290000,116.2069900000,987402
2021-08-31 13:30:00,116.2069900000,116.5221276000,115.0252240000,115.0449201000,1194336
2021-08-31 14:00:00,115.0252240000,115.0547681500,114.0995073000,114.6017578500,1182362
2021-08-31 14:30:00,114.5623656500,117.7235897000,114.5623656500,117.0440742500,1292133
2021-08-31 15:00:00,117.0440742500,117.2902755000,115.8130680000,116.7486327500,980053
2021-09-01 10:00:00,116.0100290000,116.0100290000,112.0018726500,113.0162218000,1589155
2021-09-01 10:30:00,112.9866776500,113.3904477000,111.0663079000,112.4056427000,1220796
2021-09-01 11:00:00,112.4647310000,115.5274745500,112.4647310000,115.2221850000,764900
2021-09-01 11:30:00,115.2024889000,116.1971419500,114.8676552000,115.8229160500,369568
2021-09-01 13:30:00,115.8032199500,116.6107600500,115.4092979500,115.8721563000,377591
2021-09-01 14:00:00,115.8623082500,116.3842549000,115.4683862500,116.0494212000,235342
2021-09-01 14:30:00,115.9607887500,116.6895444500,115.7145875000,116.5713678500,271608
2021-09-01 15:00:00,116.5910639500,116.6501522500,115.6554992000,116.0297251000,437905
2021-09-02 10:00:00,115.2320330500,117.3789079500,113.6268009000,114.7199344500,826473
2021-09-02 10:30:00,114.7199344500,114.7199344500,112.8192608000,112.8881971500,611500
2021-09-02 11:00:00,112.8881971500,113.5972567500,111.1844845000,111.2140286500,803702
2021-09-02 11:30:00,111.2140286500,112.1298973000,111.1647884000,111.3223572000,548497
2021-09-02 13:30:00,111.3223572000,113.0162218000,111.3223572000,112.3170102500,527156
2021-09-02 14:00:00,112.3071622000,115.0843123000,112.1495934000,115.0646162000,721588
2021-09-02 14:30:00,115.0547681500,115.0547681500,113.7449775000,113.9222424000,405160
2021-09-02 15:00:00,113.9222424000,114.3161644000,113.4987762500,113.4987762500,482253
2021-09-03 10:00:00,114.7297825000,118.4228012500,113.7351294500,116.9062015500,1462116
2021-09-03 10:30:00,116.9062015500,117.1327067000,115.1926408500,115.5176265000,563100
2021-09-03 11:00:00,115.5176265000,115.9017004500,114.2570761000,114.6805422500,317830
2021-09-03 11:30:00,114.6411500500,114.6411500500,113.2821191500,113.6268009000,454596
2021-09-03 13:30:00,113.6464970000,114.9267435000,113.6268009000,114.1192034000,393602
2021-09-03 14:00:00,114.1192034000,114.6608461500,113.8336099500,114.3358605000,252086
2021-09-03 14:30:00,114.2866202500,114.7790227500,114.2866202500,114.6706942000,214048
2021-09-03 15:00:00,114.6706942000,115.5373226000,114.4934293000,114.7199344500,444573
2021-09-06 10:00:00,114.5426695500,116.5615198000,112.7601725000,115.3206655000,742402
2021-09-06 10:30:00,115.3108174500,116.5910639500,114.5623656500,116.0297251000,435700
2021-09-06 11:00:00,116.0100290000,116.5024315000,115.2221850000,115.9115485000,276000
2021-09-06 11:30:00,115.9410926500,116.4925834500,115.4191460000,116.3842549000,276902
2021-09-06 13:30:00,116.4039510000,118.1766000000,115.7244355500,117.4773884500,715018
2021-09-06 14:00:00,117.4773884500,117.5364767500,116.9948340000,116.9948340000,346338
2021-09-06 14:30:00,116.9948340000,117.9107026500,116.8766574000,117.6448053000,441417
2021-09-06 15:00:00,117.5857170000,117.7432858000,117.0046820500,117.3099716000,452688
2021-09-07 10:00:00,117.9796390000,120.1068178000,117.1917950000,117.2705794000,1104434
2021-09-07 10:30:00,117.2410352500,118.4228012500,116.9948340000,117.3986040500,421060
2021-09-07 11:00:00,117.4773884500,117.6448053000,116.4236471000,117.3789079500,245358
2021-09-07 11:30:00,117.3789079500,117.4084521000,116.9258976500,117.3789079500,159212
2021-09-07 13:30:00,117.3887560000,118.3735610000,117.1327067000,118.0781195000,332900
2021-09-07 14:00:00,118.1273597500,118.3538649000,117.7038936000,117.8713104500,276300
2021-09-07 14:30:00,117.8417663000,117.9796390000,117.4084521000,117.5167806500,298077
2021-09-07 15:00:00,117.5857170000,117.8319182500,117.3099716000,117.6743494500,346263
2021-09-08 10:00:00,118.1667519500,120.0477295000,117.8122221500,119.5257828500,1137704
2021-09-08 10:30:00,119.4962387000,119.6538075000,118.3538649000,119.4568465000,455280
2021-09-08 11:00:00,119.4273023500,121.4166084500,118.7773310500,120.5401320000,1013942
2021-09-08 11:30:00,120.5795242000,120.7469410500,119.9689451000,119.9886412000,340311
2021-09-08 13:30:00,119.9689451000,120.2249944000,118.8265713000,118.8659635000,339047
2021-09-08 14:00:00,118.8659635000,119.0333803500,118.6886986000,118.8659635000,308800
2021-09-08 14:30:00,118.8462674000,118.8856596000,118.5606739500,118.6394583500,318656
2021-09-08 15:00:00,118.6394583500,118.8068752000,118.2947766000,118.5212817500,456998
2021-09-09 10:00:00,118.6690025000,121.9976434000,118.4621934500,120.8257254500,1211827
2021-09-09 10:30:00,120.9242059500,122.1059719500,120.6681566500,121.9976434000,787666
2021-09-09 11:00:00,121.9877953500,124.5581364000,121.5938733500,124.0854300000,1303661
2021-09-09 11:30:00,124.2036066000,124.7550974000,123.2089535500,123.9475573000,736700
2021-09-09 13:30:00,124.0755819500,124.6763130000,123.8589248500,124.5679844500,736285
2021-09-09 14:00:00,124.5679844500,124.6172247000,123.0907769500,123.2286496500,522980
2021-09-09 14:30:00,123.2286496500,123.5339392000,122.5983744500,122.7756393500,417152
2021-09-09 15:00:00,122.7756393500,123.0021445000,122.3718693000,122.7067030000,546558
2021-09-10 10:00:00,122.1749083000,122.5688303000,118.6197622500,119.7621360500,1584203
2021-09-10 10:30:00,119.8507685000,123.1006250000,119.8507685000,122.8839679000,645214
2021-09-10 11:00:00,122.8544237500,124.4104156500,122.3029329500,122.5983744500,644285
2021-09-10 11:30:00,122.5983744500,123.6915080000,122.3226290500,122.7263991000,333445
2021-09-10 13:30:00,122.7067030000,123.8786209500,122.3226290500,123.5437872500,540498
2021-09-10 14:00:00,123.5142431000,123.5634833500,122.6082225000,122.7165510500,362900
2021-09-10 14:30:00,122.7165510500,123.0218406000,122.4801978500,122.7165510500,296515
2021-09-10 15:00:00,122.7165510500,122.9332081500,122.1650602500,122.7854874000,502965
2021-09-13 10:00:00,121.6234175000,123.9672534000,120.7272449500,123.4748509000,1081800
2021-09-13 10:30:00,123.4945470000,124.3710234500,122.9922964500,124.0854300000,716003
2021-09-13 11:00:00,124.1543663500,124.1543663500,123.1991055000,123.4945470000,334421
2021-09-13 11:30:00,123.4945470000,124.6566169000,123.4650028500,124.2725429500,488663
2021-09-13 13:30:00,124.3217832000,124.3611754000,123.6422677500,123.8884690000,286600
2021-09-13 14:00:00,123.8786209500,123.9278612000,123.2975860000,123.3960665000,324352
2021-09-13 14:30:00,123.3960665000,123.3960665000,123.0316886500,123.3665223500,437633
2021-09-13 15:00:00,123.3665223500,123.6521158000,123.1991055000,123.1991055000,414440
2021-09-14 10:00:00,123.1203211000,129.2064160000,123.0907769500,129.1965679500,2157120
2021-09-14 10:30:00,129.2064160000,131.8063012000,128.6844693500,129.9056275500,1657975
2021-09-14 11:00:00,129.9351717000,129.9351717000,128.2019149000,128.2019149000,489878
2021-09-14 11:30:00,128.1822188000,128.8814303500,127.8276890000,128.3003954000,398234
2021-09-14 13:30:00,128.3003954000,128.9700628000,127.9261695000,128.0738902500,370015
2021-09-14 14:00:00,128.0443461000,128.3003954000,127.3352865000,127.3352865000,348807
2021-09-14 14:30:00,127.3352865000,127.5125514000,126.1436724500,127.3352865000,529165
2021-09-14 15:00:00,127.2761982000,127.9852578000,126.7444035000,127.2466540500,541737
2021-09-15 10:00:00,125.8679270500,127.8079929000,124.1149741500,126.2618490500,1302605
2021-09-15 10:30:00,126.3997217500,126.4391139500,124.5876805500,125.0702350000,639331
2021-09-15 11:00:00,125.0702350000,125.0702350000,124.1839105000,124.5778325000,411217
2021-09-15 11:30:00,124.6270727500,125.0702350000,124.3907195500,124.5384403000,197341
2021-09-15 13:30:00,124.4596559000,124.6763130000,123.9672534000,123.9672534000,397377
2021-09-15 14:00:00,123.9081651000,123.9081651000,122.9529042500,123.0021445000,516800
2021-09-15 14:30:00,123.0119925500,123.6028755500,122.9430562000,122.9726003500,361795
2021-09-15 15:00:00,122.9726003500,123.0316886500,122.4408056500,122.9233601000,450570
2021-09-16 10:00:00,122.3127810000,122.9233601000,120.1462100000,121.3279760000,883750
2021-09-16 10:30:00,121.3279760000,121.3378240500,118.3637129500,118.4523454000,789102
2021-09-16 11:00:00,118.4523454000,119.8113763000,118.4523454000,119.0629245000,474000
2021-09-16 11:30:00,119.0629245000,119.6045672500,118.5015856500,119.0530764500,213049
2021-09-16 13:30:00,119.0432284000,121.1211669500,118.7477869000,120.1462100000,298451
2021-09-16 14:00:00,120.1462100000,120.4416515000,119.8507685000,120.2939307500,138800
2021-09-16 14:30:00,120.2939307500,121.1704072000,119.6439594500,121.0128384000,311227
2021-09-16 15:00:00,121.0128384000,121.2196474500,120.5401320000,121.1310150000,513555
2021-09-17 10:00:00,119.9492490000,120.8454215500,117.4872365000,117.6841975000,718650
2021-09-17 10:30:00,117.6841975000,118.8561154500,116.2069900000,117.6349572500,775024
2021-09-17 11:00:00,117.6349572500,118.1470558500,116.1872939000,116.3153185500,437000
2021-09-17 11:30:00,116.2956224500,118.1766000000,116.1085095000,117.1720989000,619800
2021-09-17 13:30:00,117.0046820500,117.6841975000,116.2660783000,117.2804274500,351600
2021-09-17 14:00:00,116.9751379000,120.2249944000,116.9751379000,119.9492490000,573910
2021-09-17 14:30:00,119.9492490000,123.3468262500,119.9492490000,123.2975860000,867479
2021-09-17 15:00:00,123.3271301500,123.3271301500,122.1158200000,122.1158200000,566120
2021-09-22 10:00:00,120.1462100000,120.1659061000,116.8766574000,117.3493638000,1013954
2021-09-22 10:30:00,117.3395157500,118.6591544500,117.1819469500,117.4183001500,339170
2021-09-22 11:00:00,117.4183001500,117.6645014000,116.9948340000,117.3887560000,258100
2021-09-22 11:30:00,117.3887560000,117.3887560000,116.1971419500,116.2069900000,366000
2021-09-22 13:30:00,116.1872939000,117.0243781500,115.2221850000,116.9849859500,433100
2021-09-22 14:00:00,116.9849859500,117.0834664500,115.8721563000,115.9115485000,201190
2021-09-22 14:30:00,115.9115485000,116.1675978000,115.4486901500,115.8918524000,223500
2021-09-22 15:00:00,115.7638277500,116.2069900000,115.4191460000,115.6554992000,341800
2021-09-23 10:00:00,116.6009120000,117.1031625500,115.0153759500,115.2221850000,989765
2021-09-23 10:30:00,115.1237045000,117.5857170000,115.1237045000,117.0539223000,792568
2021-09-23 11:00:00,117.0342262000,118.7280908000,116.3054705000,117.1031625500,597850
2021-09-23 11:30:00,117.1031625500,117.4773884500,116.4827354000,117.4478443000,209700
2021-09-23 13:30:00,117.4872365000,117.6743494500,116.8569613000,117.2016430500,144600
2021-09-23 14:00:00,117.2016430500,117.2114911000,116.3842549000,116.6206081000,149500
2021-09-23 14:30:00,116.6206081000,116.7584808000,115.7244355500,115.8524602000,229700
2021-09-23 15:00:00,115.8524602000,116.5024315000,115.2221850000,116.0001809500,371054
2021-09-24 10:00:00,115.7145875000,118.9545959500,115.7145875000,116.9948340000,947580
2021-09-24 10:30:00,116.9849859500,117.1917950000,116.1675978000,116.7092405500,283200
2021-09-24 11:00:00,116.7289366500,116.9258976500,116.0100290000,116.7486327500,342927
2021-09-24 11:30:00,116.7486327500,117.6841975000,116.3645588000,117.2705794000,230423
2021-09-24 13:30:00,117.2410352500,117.2410352500,116.5024315000,116.7190886000,296743
2021-09-24 14:00:00,116.7190886000,117.3690599000,116.6993925000,116.7978730000,260400
2021-09-24 14:30:00,116.7978730000,117.2902755000,116.7978730000,116.9948340000,220000
2021-09-24 15:00:00,116.9948340000,117.2902755000,116.7978730000,116.7978730000,354940
2021-09-27 10:00:00,120.6977008000,127.4337670000,120.6386125000,124.1740624500,3425323
2021-09-27 10:30:00,124.1937585500,125.2770440500,123.9377092500,124.4990481000,696840
2021-09-27 11:00:00,124.4892000500,124.4990481000,123.1991055000,123.8786209500,424090
2021-09-27 11:30:00,123.8786209500,124.0755819500,121.1310150000,121.4756967500,431886
2021-09-27 13:30:00,121.4756967500,122.3817173500,121.1014708500,121.8696187500,328114
2021-09-27 14:00:00,121.8696187500,121.8696187500,120.9340540000,121.3575201500,206900
2021-09-27 14:30:00,121.5052409000,122.5983744500,121.3279760000,122.3915654000,312800
2021-09-27 15:00:00,122.3915654000,122.3915654000,121.0325345000,121.5249370000,429608
2021-09-28 10:00:00,120.1954502500,123.5733314000,116.2266861000,123.1301691500,1171386
2021-09-28 10:30:00,123.2089535500,125.3164362500,122.6279186000,123.2680418500,822810
2021-09-28 11:00:00,123.2581938000,124.1740624500,122.7067030000,122.7067030000,368451
2021-09-28 11:30:00,122.7165510500,123.4945470000,122.6279186000,122.7559432500,247700
2021-09-28 13:30:00,122.7756393500,122.7756393500,121.1408630500,121.7317460500,311800
2021-09-28 14:00:00,121.7514421500,122.0665797500,121.2294955000,121.4067604000,175500
2021-09-28 14:30:00,121.4067604000,121.4264565000,120.9143579000,120.9242059500,216017
2021-09-28 15:00:00,120.9242059500,121.2097994000,120.7173969000,120.8060293500,351872
2021-09-29 10:00:00,119.6538075000,121.6234175000,119.1909491500,119.6538075000,708302
2021-09-29 10:30:00,119.6538075000,119.7818321500,117.4576923500,118.2750805000,551377
2021-09-29 11:00:00,118.2750805000,118.2750805000,117.3986040500,117.3986040500,292107
2021-09-29 11:30:00,117.4183001500,117.4773884500,116.4630393000,117.3887560000,376700
2021-09-29 13:30:00,117.3887560000,117.4675404000,116.6304561500,116.6993925000,377201
2021-09-29 14:00:00,116.6993925000,117.3789079500,116.6206081000,117.2311872000,319454
2021-09-29 14:30:00,117.2311872000,117.2410352500,116.5024315000,116.5910639500,320614
2021-09-29 15:00:00,116.5713678500,116.6600003000,115.6653472500,115.7145875000,560311
2021-09-30 10:00:00,116.2857744000,119.0432284000,116.2463822000,118.3144727000,634005
2021-09-30 10:30:00,118.3735610000,120.6878527500,118.2553844000,120.3333229500,665596
2021-09-30 11:00:00,120.3333229500,122.6673108000,119.4273023500,122.3718693000,868547
2021-09-30 11:30:00,122.3718693000,123.9672534000,122.2536927000,123.6324197000,718894
2021-09-30 13:30:00,123.5437872500,124.0460378000,122.1355161000,122.4211095500,387287
2021-09-30 14:00:00,122.4408056500,123.4748509000,122.1355161000,123.2778899000,392525
2021-09-30 14:30:00,123.2877379500,123.4650028500,122.8642718000,123.0907769500,216200
2021-09-30 15:00:00,123.0218406000,123.3369782000,122.7657913000,123.2877379500,566738
2021-10-08 10:00:00,125.0702350000,128.0246500000,122.0074914500,125.1490194000,1845878
2021-10-08 10:30:00,125.1687155000,125.1687155000,122.3127810000,122.6870069000,622400
2021-10-08 11:00:00,122.6870069000,123.0612328000,122.1256680500,122.5097420000,316750
2021-10-08 11:30:00,122.5097420000,123.2581938000,122.4309576000,122.4801978500,339000
2021-10-08 13:30:00,122.5097420000,124.1543663500,122.2536927000,124.1051261000,282800
2021-10-08 14:00:00,124.1149741500,125.1588674500,123.6127236000,124.5384403000,306275
2021-10-08 14:30:00,124.5384403000,124.5384403000,123.8195326500,124.1543663500,174886
2021-10-08 15:00:00,124.1051261000,124.3808715000,123.8983170500,124.2233027000,270897
2021-10-11 10:00:00,125.0702350000,125.2179557500,123.1006250000,124.3611754000,722174
2021-10-11 10:30:00,124.3611754000,125.3459804000,123.3271301500,123.7702924000,704609
2021-10-11 11:00:00,123.7210521500,124.6960091000,123.6127236000,124.1839105000,367100
2021-10-11 11:30:00,124.1839105000,126.0550400000,124.0657339000,125.6808141000,588400
2021-10-11 13:30:00,125.6611180000,126.0254958500,124.9225142500,126.0156478000,348256
2021-10-11 14:00:00,126.0156478000,126.5277464000,125.3656765000,125.9664075500,476817
2021-10-11 14:30:00,125.9762556000,126.1141283000,125.2671960000,125.8580790000,368600
2021-10-11 15:00:00,125.8580790000,125.9270153500,124.9520584000,125.1687155000,479444
2021-10-12 10:00:00,124.1642144000,127.3549826000,123.5930275000,126.2126088000,997664
2021-10-12 10:30:00,126.2323049000,126.3504815000,124.3119351500,124.3316312500,515061
2021-10-12 11:00:00,124.3217832000,124.4793520000,123.2188016000,123.2581938000,392209
2021-10-12 11:30:00,123.2581938000,124.6763130000,123.2089535500,124.3020871000,249275
2021-10-12 13:30:00,124.1248222000,125.0308428000,123.5437872500,123.6718119000,203308
2021-10-12 14:00:00,123.6718119000,123.6718119000,122.4112615000,122.4112615000,471700
2021-10-12 14:30:00,122.4211095500,122.4211095500,121.0719267000,121.1211669500,507800
2021-10-12 15:00:00,121.1310150000,121.7809863000,121.1014708500,121.4855448000,641675
2021-10-13 10:00:00,122.9529042500,123.9672534000,121.4067604000,123.1400172000,589401
2021-10-13 10:30:00,123.0809289000,124.5384403000,122.6968549500,122.6968549500,580013
2021-10-13 11:00:00,122.6968549500,123.2975860000,122.6771588500,123.1006250000,268651
2021-10-13 11:30:00,123.0119925500,123.7112041000,122.6574627500,123.4748509000,188900
2021-10-13 13:30:00,123.4748509000,123.5930275000,123.0809289000,123.1991055000,194562
2021-10-13 14:00:00,123.1991055000,123.5831794500,122.9036640000,123.5437872500,175600
2021-10-13 14:30:00,123.5437872500,124.5581364000,123.4059145500,124.3414793000,341590
2021-10-13 15:00:00,124.3414793000,125.4346128500,124.3316312500,125.0209947500,632913
2021-10-14 10:00:00,124.9619064500,127.5223994500,123.7604443500,126.8625801000,1053233
2021-10-14 10:30:00,126.8330359500,127.9852578000,126.6557710500,126.6754671500,972685
2021-10-14 11:00:00,126.6754671500,127.5322475000,125.8777751000,127.2958943000,673584
2021-10-14 11:30:00,127.2958943000,127.5027033500,127.0398450000,127.4534631000,281397
2021-10-14 13:30:00,127.4534631000,127.4830072500,126.8527320500,126.9413645000,220409
2021-10-14 14:00:00,126.9610606000,127.8276890000,126.5474425000,127.6405760500,333037
2021-10-14 14:30:00,127.7784487500,128.1132824500,127.6602721500,128.0344980500,748529
2021-10-14 15:00:00,128.0344980500,128.1920668500,127.6602721500,127.8276890000,782537
2021-10-15 10:00:00,127.0398450000,127.8276890000,126.0648880500,127.0792372000,789690
2021-10-15 10:30:00,127.0792372000,128.4481161500,126.6557710500,127.9951058500,925687
2021-10-15 11:00:00,127.8769292500,128.3200915000,126.5474425000,127.0299969500,774698
2021-10-15 11:30:00,127.0398450000,127.9360175500,126.5375944500,127.9360175500,371400
2021-10-15 13:30:00,127.7784487500,128.0148019500,126.8822762000,127.0693891500,311879
2021-10-15 14:00:00,127.0496930500,127.6208799500,126.8231879000,127.5027033500,307000
2021-10-15 14:30:00,127.4140709000,127.6898163000,126.9610606000,127.5322475000,255135
2021-10-15 15:00:00,127.5125514000,127.8670812000,127.3746787000,127.3746787000,584323
2021-10-18 10:00:00,125.0702350000,125.0702350000,113.7449775000,117.5463248000,4535521
2021-10-18 10:30:00,117.4872365000,120.7370930000,117.4084521000,119.5356309000,1065274
2021-10-18 11:00:00,119.5356309000,119.6538075000,118.1864480500,118.7674830000,867819
2021-10-18 11:30:00,118.7280908000,118.8364193500,117.6841975000,117.6841975000,921050
2021-10-18 13:30:00,117.6841975000,117.9500948500,116.2069900000,116.2562302500,799387
2021-10-18 14:00:00,116.2562302500,117.6546533500,115.1138564500,115.5176265000,777900
2021-10-18 14:30:00,115.5176265000,116.6698483500,115.0252240000,116.0100290000,1134003
2021-10-18 15:00:00,116.0100290000,117.8516143500,115.6161070000,116.7486327500,990271
2021-10-19 10:00:00,118.7576349500,118.7576349500,116.7092405500,117.9008546000,1583889
2021-10-19 10:30:00,117.8713104500,118.3735610000,117.0637703500,118.0781195000,666246
2021-10-19 11:00:00,118.0190312000,118.7674830000,117.9796390000,118.6886986000,571481
2021-10-19 11:30:00,118.6788505500,119.4371504000,118.5606739500,119.0924686500,591670
2021-10-19 13:30:00,119.1220128000,119.3485179500,118.5803700500,119.1515569500,340602
2021-10-19 14:00:00,119.1515569500,120.9832942500,119.1515569500,120.9832942500,653099
2021-10-19 14:30:00,120.9832942500,123.5634833500,120.9537501000,121.3476721000,1023798
2021-10-19 15:00:00,121.4166084500,122.3521732000,121.4166084500,122.1059719500,925454
2021-10-20 10:00:00,122.9430562000,123.5043950500,121.1507111000,122.0074914500,998401
2021-10-20 10:30:00,122.3029329500,122.3620212500,121.2097994000,121.3870643000,320375
2021-10-20 11:00:00,121.3870643000,122.1059719500,120.6484605500,121.2196474500,480226
2021-10-20 11:30:00,121.3378240500,121.8400746000,120.8257254500,121.2393435500,305194
2021-10-20 13:30:00,121.1408630500,122.1650602500,121.0128384000,121.5741772500,338686
2021-10-20 14:00:00,121.6332655500,122.0567317000,121.0325345000,121.0522306000,229400
2021-10-20 14:30:00,121.0620786500,121.8499226500,120.9931423000,121.0817747500,523500
2021-10-20 15:00:00,121.0423825500,121.6726577500,121.0325345000,121.2294955000,373433
2021-10-21 10:00:00,121.2294955000,122.7657913000,119.1712530500,121.7809863000,595929
2021-10-21 10:30:00,121.7809863000,122.0074914500,120.8454215500,121.1310150000,265364
2021-10-21 11:00:00,121.1310150000,123.0513847500,121.1211669500,122.7067030000,387067
2021-10-21 11:30:00,122.7460952000,122.8938159500,121.9385551000,122.1059719500,214342
2021-10-21 13:30:00,122.0961239000,122.4309576000,121.5741772500,121.5938733500,182800
2021-10-21 14:00:00,121.5938733500,121.6135694500,120.6583086000,120.8552696000,228336
2021-10-21 14:30:00,120.8355735000,121.6135694500,120.7173969000,121.1310150000,223464
2021-10-21 15:00:00,121.0817747500,121.4264565000,120.6977008000,121.4264565000,524029
2021-10-22 10:00:00,121.6135694500,123.0021445000,121.4560006500,122.0567317000,553077
2021-10-22 10:30:00,122.0567317000,122.5786783500,121.8203785000,121.9188590000,265125
2021-10-22 11:00:00,121.9188590000,122.2635407500,120.3628671000,121.2590396500,427169
2021-10-22 11:30:00,121.2294955000,121.2294955000,120.0280334000,120.5007398000,626500
2021-10-22 13:30:00,120.4711956500,120.9832942500,120.1560580500,120.2840827000,237998
2021-10-22 14:00:00,120.2545385500,120.5696761500,119.7325919000,119.9787931500,227500
2021-10-22 14:30:00,119.9787931500,120.1560580500,118.5705220000,118.8364193500,649030
2021-10-22 15:00:00,118.8364193500,119.3288218500,118.6296103000,118.7773310500,679305
2021-10-25 10:00:00,119.1614050000,122.0271875500,118.9644440000,119.4666945500,938313
2021-10-25 10:30:00,119.5454789500,119.7325919000,118.7773310500,118.8364193500,317900
2021-10-25 11:00:00,118.8462674000,120.1363619500,118.2750805000,120.0772736500,446834
2021-10-25 11:30:00,120.0772736500,120.0772736500,119.4174543000,120.0477295000,226200
2021-10-25 13:30:00,120.0280334000,121.5741772500,120.0280334000,121.3476721000,449759
2021-10-25 14:00:00,121.3378240500,122.7953354500,121.1014708500,122.1158200000,607692
2021-10-25 14:30:00,122.1158200000,122.4900459000,121.5347850500,122.2930849000,419001
2021-10-25 15:00:00,122.2930849000,122.6082225000,122.1059719500,122.2635407500,519534
2021-10-26 10:00:00,122.2930849000,123.4551548000,121.7218980000,122.4703498000,628968
2021-10-26 10:30:00,122.4703498000,123.9672534000,122.2143005000,123.8884690000,457175
2021-10-26 11:00:00,123.8392287500,125.5823336000,123.8392287500,125.3361323500,844047
2021-10-26 11:30:00,125.3361323500,126.5769866500,125.2967401500,125.6512699500,719044
2021-10-26 13:30:00,125.8679270500,127.0398450000,125.3262843000,126.9512125500,529827
2021-10-26 14:00:00,126.9512125500,126.9512125500,125.5626375000,125.9171673000,371643
2021-10-26 14:30:00,126.0451919500,126.5277464000,125.7202063000,125.7792946000,314150
2021-10-26 15:00:00,125.7792946000,125.7792946000,124.7944896000,124.7944896000,677026
2021-10-27 10:00:00,124.3020871000,126.3307854000,123.3566743000,124.2823910000,718928
2021-10-27 10:30:00,124.3217832000,124.5778325000,122.8051835000,123.1991055000,562743
2021-10-27 11:00:00,123.1991055000,123.1991055000,121.9976434000,122.3423251500,521154
2021-10-27 11:30:00,122.3127810000,122.6279186000,121.1310150000,121.3082799000,400700
2021-10-27 13:30:00,121.2787357500,121.5643292000,120.6287644500,121.3969123500,312406
2021-10-27 14:00:00,121.4067604000,122.0173395000,121.0522306000,121.2688877000,230677
2021-10-27 14:30:00,121.2787357500,121.7022019000,120.7764852000,121.1113189000,352758
2021-10-27 15:00:00,121.0817747500,121.5249370000,120.4711956500,121.2196474500,657358
2021-10-28 10:00:00,121.9385551000,130.5654469000,121.2294955000,128.7140135000,3041795
2021-10-28 10:30:00,128.8715823000,131.3631389500,127.7193604500,129.0783913500,2425047
2021-10-28 11:00:00,129.1079355000,130.9790650000,128.6844693500,129.9942600000,844328
2021-10-28 11:30:00,129.9942600000,130.0927405000,127.4337670000,128.5269005500,514973
2021-10-28 13:30:00,129.0094550000,129.8563873000,128.5269005500,129.8071470500,522291
2021-10-28 14:00:00,129.7776029000,130.2700054000,129.3048965000,129.3935289500,587404
2021-10-28 14:30:00,129.3442887000,129.7776029000,128.5269005500,128.5269005500,540000
2021-10-28 15:00:00,128.5662927500,128.9109745000,127.7095124000,128.0541941500,762948
2021-10-29 10:00:00,128.7140135000,131.8063012000,126.9216684000,130.8411923000,1988845
2021-10-29 10:30:00,130.8805845000,132.5547530000,130.7821040000,132.1115907500,1622421
2021-10-29 11:00:00,132.0721985500,132.1312868500,129.9056275500,130.5457508000,880301
2021-10-29 11:30:00,130.5949910500,133.3819892000,130.5457508000,132.8501945000,1158252
2021-10-29 13:30:00,132.7517140000,134.8985889000,132.6236893500,133.8349995000,1530806
2021-10-29 14:00:00,133.8349995000,133.9827202500,133.6183424000,133.8349995000,822700
2021-10-29 14:30:00,133.8842397500,135.3909914000,133.7069748500,133.8153034000,1422760
2021-10-29 15:00:00,133.8153034000,134.9182850000,133.7168229000,133.9334800000,1668141
2021-11-01 10:00:00,135.1644862500,135.2728148000,131.9343258500,133.4903177500,2170079
2021-11-01 10:30:00,133.4903177500,134.5440591000,133.1259399000,134.2683137000,1786287
2021-11-01 11:00:00,134.2683137000,135.1940304000,133.7365190000,135.1940304000,854203
2021-11-01 11:30:00,135.1940304000,135.2038784500,133.5395580000,133.8940878000,864942
2021-11-01 13:30:00,133.9334800000,134.1698332000,133.5494060500,133.7365190000,690449
2021-11-01 14:00:00,133.7365190000,134.2486176000,133.7365190000,133.9334800000,1546689
2021-11-01 14:30:00,133.9334800000,135.8833939000,133.9334800000,135.4106875000,1214397
2021-11-01 15:00:00,135.3909914000,135.9030900000,135.0069174500,135.5288641000,1564712
2021-11-02 10:00:00,134.5046669000,135.3417511500,132.0623505000,135.2728148000,1668829
2021-11-02 10:30:00,135.2728148000,135.7652173000,134.2190734500,134.9872213500,691171
2021-11-02 11:00:00,134.9872213500,136.5727574000,134.7016279000,136.4053405500,639087
2021-11-02 11:30:00,136.3954925000,136.8878950000,134.9773733000,135.4106875000,643334
2021-11-02 13:30:00,135.4106875000,135.4106875000,132.7123218000,132.8206503500,657615
2021-11-02 14:00:00,132.8206503500,134.8591967000,132.8206503500,133.5986463000,441740
2021-11-02 14:30:00,133.5789502000,134.5243630000,132.9782191500,134.0122644000,370104
2021-11-02 15:00:00,134.0122644000,134.5834513000,133.6872787500,134.2289215000,600403
2021-11-03 10:00:00,133.8153034000,137.2621209000,133.6084943500,133.6183424000,1369648
2021-11-03 10:30:00,133.6380385000,135.7258251000,133.6380385000,134.7508681500,535000
2021-11-03 11:00:00,134.7508681500,134.7508681500,133.7069748500,133.7069748500,342200
2021-11-03 11:30:00,133.7069748500,134.2486176000,133.2736606500,134.1304410000,286100
2021-11-03 13:30:00,134.2289215000,134.5243630000,133.6971268000,133.8940878000,208101
2021-11-03 14:00:00,133.8940878000,133.9236319500,132.6039932500,132.9092828000,415422
2021-11-03 14:30:00,132.8698906000,134.1304410000,132.8698906000,133.9334800000,429150
2021-11-03 15:00:00,133.9334800000,133.9334800000,132.8304984000,133.4213814000,604824
2021-11-04 10:00:00,134.9182850000,140.5316735000,134.2289215000,137.5378663000,2891705
2021-11-04 10:30:00,137.6757390000,140.2657761500,136.9962235500,140.2657761500,1555601
2021-11-04 11:00:00,140.3347125000,143.4466963000,140.3150164000,141.2801253000,2019491
2021-11-04 11:30:00,141.2801253000,142.3043225000,140.8271150000,141.6543512000,480723
2021-11-04 13:30:00,141.6543512000,143.2891275000,141.6543512000,141.8316161000,607180
2021-11-04 14:00:00,141.8414641500,143.1709509000,141.6543512000,143.0921665000,711263
2021-11-04 14:30:00,143.0921665000,143.3777599500,141.8119200000,142.8853574500,820151
2021-11-04 15:00:00,142.8262691500,143.7815300000,142.6982445000,142.9739899000,995620
2021-11-05 10:00:00,143.7716819500,147.3268280000,140.4331930000,143.3383677500,2164009
2021-11-05 10:30:00,143.2792794500,145.1602570000,143.1020145500,143.9981871000,1178242
2021-11-05 11:00:00,143.9784910000,144.3921091000,142.3043225000,142.4618913000,481384
2021-11-05 11:30:00,142.4618913000,143.2989755500,142.0088810000,142.0088810000,312418
2021-11-05 13:30:00,141.8316161000,142.1467537000,140.2756242000,140.6498501000,793136
2021-11-05 14:00:00,140.6498501000,142.5997640000,140.6301540000,142.4618913000,499335
2021-11-05 14:30:00,142.4618913000,142.5800679000,140.8271150000,140.8960513500,405000
2021-11-05 15:00:00,140.8960513500,141.6149590000,140.6301540000,140.6301540000,534149
2021-11-08 10:00:00,141.7035914500,141.7528317000,139.1529465000,140.1968398000,1168289
2021-11-08 10:30:00,140.2362320000,141.5657187500,139.5567165500,141.1225565000,749317
2021-11-08 11:00:00,141.0142279500,141.0142279500,139.1037062500,139.4779321500,510387
2021-11-08 11:30:00,139.4582360500,139.7832217000,138.3355583500,139.2514270000,500300
2021-11-08 13:30:00,139.3302114000,140.2066878500,138.8575050000,139.4188438500,331898
2021-11-08 14:00:00,139.4188438500,139.5370204500,138.5916076500,139.5370204500,452871
2021-11-08 14:30:00,139.4483880000,139.8226139000,138.9362894000,139.1923387000,213000
2021-11-08 15:00:00,139.3597555500,140.4528891000,139.0643140500,139.3006672500,561259
2021-11-09 10:00:00,141.8119200000,141.8119200000,136.0803549000,136.0803549000,1372862
2021-11-09 10:30:00,136.1492912500,136.9863755000,134.8690447500,135.8538497500,1008746
2021-11-09 11:00:00,135.8538497500,136.8780469500,135.1152460000,135.5879524000,625906
2021-11-09 11:30:00,135.6174965500,136.0803549000,135.2137265000,135.8636978000,376314
2021-11-09 13:30:00,136.1689873500,137.4295377500,135.9227861000,135.9621783000,409327
2021-11-09 14:00:00,135.9621783000,138.0204207500,135.9621783000,137.8727000000,560253
2021-11-09 14:30:00,137.9022441500,138.2469259000,137.2424248000,137.8431558500,283200
2021-11-09 15:00:00,137.8530039000,138.0204207500,137.5280182500,137.6363468000,387566
2021-11-10 10:00:00,136.4348847000,138.3552544500,136.0015705000,136.9075911000,670173
2021-11-10 10:30:00,136.9371352500,137.0257677000,135.4993199500,136.0508107500,593415
2021-11-10 11:00:00,136.0803549000,136.0803549000,135.2826628500,135.6076485000,536717
2021-11-10 11:30:00,135.6076485000,136.4742769000,134.9281330500,136.2477717500,532932
2021-11-10 13:30:00,136.2477717500,137.1833365000,135.9030900000,136.7894145000,516685
2021-11-10 14:00:00,136.8485028000,136.9863755000,135.5682563000,135.5978004500,538900
2021-11-10 14:30:00,135.5879524000,136.3561003000,135.5091680000,135.7061290000,362600
2021-11-10 15:00:00,135.7061290000,135.9424822000,135.3122070000,135.4993199500,620738
2021-11-11 10:00:00,135.5879524000,135.8932419500,132.5646010500,132.9486750000,1184625
2021-11-11 10:30:00,132.9486750000,135.3417511500,132.7911062000,132.9683711000,915900
2021-11-11 11:00:00,132.9979152500,133.7365190000,132.7221698500,133.1456360000,749642
2021-11-11 11:30:00,133.1456360000,134.1107449000,133.1456360000,134.1107449000,544750
2021-11-11 13:30:00,134.2880098000,138.1189012500,134.2880098000,138.1189012500,1289281
2021-11-11 14:00:00,137.9317883000,138.3651025000,136.7795664500,137.1734884500,831100
2021-11-11 14:30:00,137.1833365000,138.0204207500,136.7401742500,137.8037636500,544710
2021-11-11 15:00:00,137.8037636500,137.9022441500,137.6757390000,137.8234597500,631514
2021-11-12 10:00:00,136.8681989000,139.6847412000,136.2773159000,137.2325767500,1306754
2021-11-12 10:30:00,137.2325767500,139.3499075000,136.7500223000,137.9022441500,528704
2021-11-12 11:00:00,137.8825480500,138.2764700500,136.8977430500,138.1582934500,364232
2021-11-12 11:30:00,138.1582934500,138.2469259000,136.8878950000,138.2469259000,312618
2021-11-12 13:30:00,138.2764700500,138.6408479000,135.7849134000,135.9030900000,933599
2021-11-12 14:00:00,135.9030900000,138.8082647500,135.9030900000,138.8082647500,518961
2021-11-12 14:30:00,138.7984167000,139.9407905000,138.7984167000,139.9407905000,652137
2021-11-12 15:00:00,139.9210944000,141.9497927000,139.9210944000,141.3195175000,1371044
2021-11-15 10:00:00,142.8065730500,146.5192879000,140.8271150000,141.3096694500,1851967
2021-11-15 10:30:00,141.3195175000,141.3195175000,139.1726426000,140.4627371500,664846
2021-11-15 11:00:00,140.4627371500,142.5899159500,140.3051683500,141.7035914500,465185
2021-11-15 11:30:00,141.7035914500,141.7035914500,140.3347125000,141.1225565000,300800
2021-11-15 13:30:00,140.9649877000,141.2013409000,139.8423100000,140.2263839500,234000
2021-11-15 14:00:00,140.2756242000,140.8271150000,138.8575050000,140.6695462000,509560
2021-11-15 14:30:00,140.6695462000,141.3983019000,140.3347125000,140.7877228000,304000
2021-11-15 15:00:00,140.7877228000,141.3096694500,139.5074763000,139.7832217000,380628
2021-11-16 10:00:00,138.7196323000,139.9900307500,136.8878950000,138.5817596000,799800
2021-11-16 10:30:00,138.5817596000,139.4680841000,138.3651025000,139.1627945500,293814
2021-11-16 11:00:00,139.1627945500,139.2317309000,137.4787780000,137.9810285500,435000
2021-11-16 11:30:00,137.9908766000,139.0446179500,137.7249792500,137.7643714500,347400
2021-11-16 13:30:00,137.8727000000,139.2415789500,137.7249792500,137.9317883000,359800
2021-11-16 14:00:00,137.9514844000,138.3060142000,136.9765274500,137.0651599000,293863
2021-11-16 14:30:00,137.0750079500,137.1833365000,135.9818744000,136.1000510000,485417
2021-11-16 15:00:00,136.1000510000,136.9272872000,135.8046095000,136.3954925000,502908
2021-11-17 10:00:00,137.3704494500,140.9255955000,137.1439443000,140.4134969000,1561204
2021-11-17 10:30:00,140.4627371500,141.0043799000,138.8673530500,140.9255955000,576746
2021-11-17 11:00:00,140.9255955000,142.9247496500,140.9255955000,141.8119200000,762175
2021-11-17 11:30:00,141.8119200000,142.1073615000,140.8566591500,141.0240760000,205375
2021-11-17 13:30:00,141.0240760000,141.2111889500,140.1279034500,140.1475995500,289200
2021-11-17 14:00:00,140.2756242000,140.3347125000,139.5370204500,140.0294229500,308344
2021-11-17 14:30:00,140.0294229500,140.4922813000,139.7536775500,139.7536775500,239600
2021-11-17 15:00:00,139.7536775500,139.9703346500,139.3400594500,139.5764126500,454937
2021-11-18 10:00:00,138.8279608500,139.4385399500,136.6909340000,136.7106301000,620783
2021-11-18 10:30:00,136.7007820500,138.7885686500,136.4742769000,137.9317883000,405762
2021-11-18 11:00:00,137.9317883000,139.6453490000,137.6757390000,139.5370204500,426489
2021-11-18 11:30:00,139.5370204500,140.6203059500,139.1529465000,140.0294229500,417037
2021-11-18 13:30:00,139.9210944000,141.5952629000,139.3302114000,141.4179980000,426273
2021-11-18 14:00:00,141.5164785000,141.5164785000,139.7438295000,140.1968398000,343302
2021-11-18 14:30:00,140.1869917500,142.3043225000,139.7241334000,141.9596407500,714664
2021-11-18 15:00:00,141.9596407500,142.1369056500,141.0240760000,141.0240760000,628949
2021-11-19 10:00:00,143.6732014500,150.3403313000,143.2891275000,148.0161915000,2870908
2021-11-19 10:30:00,148.1048239500,149.0994770000,147.0806267500,147.0806267500,990668
2021-11-19 11:00:00,146.9919943000,148.6858589000,146.3223269000,147.3957643500,1170348
2021-11-19 11:30:00,147.3957643500,148.7055550000,147.0018423500,148.2820888500,348600
2021-11-19 13:30:00,148.2919369000,149.6706639000,147.5139409500,149.6608158500,655550
2021-11-19 14:00:00,149.6805119500,153.6591241500,149.6017275500,151.6599700000,1756951
2021-11-19 14:30:00,151.6599700000,152.0341959000,150.6850130500,150.8721260000,474000
2021-11-19 15:00:00,150.8721260000,152.2508530000,150.8031896500,152.1523725000,1124627
2021-11-22 10:00:00,153.6295800000,154.0235020000,149.7297522000,151.8667790500,3181676
2021-11-22 10:30:00,151.6304258500,155.4416212000,151.0493909000,155.1954199500,1584602
2021-11-22 11:00:00,155.1067875000,155.1067875000,151.9751076000,154.4962084000,910237
2021-11-22 11:30:00,154.4962084000,155.9734159000,154.3189435000,155.9734159000,812724
2021-11-22 13:30:00,156.0029600500,158.2187713000,155.4022290000,157.5491039000,1692503
2021-11-22 14:00:00,157.5491039000,158.1596830000,156.6627794000,156.6824755000,1012993
2021-11-22 14:30:00,156.6824755000,158.8490465000,156.0423522500,158.7702621000,1236904
2021-11-22 15:00:00,158.7702621000,160.8678967500,158.7505660000,159.4202334000,1306765
2021-11-23 10:00:00,157.2536624000,158.0612025000,153.8265410000,154.2106149500,2236853
2021-11-23 10:30:00,154.2106149500,154.5159045000,153.1470255500,153.6591241500,919449
2021-11-23 11:00:00,153.6689722000,154.5060564500,152.7432555000,153.2159619000,657100
2021-11-23 11:30:00,153.2553541000,154.0924383500,151.7092102500,151.7289063500,886650
2021-11-23 13:30:00,151.7584505000,152.6447750000,151.0001506500,151.7387544000,849936
2021-11-23 14:00:00,151.7682985500,151.8470829500,150.5077481500,151.1183272500,755236
2021-11-23 14:30:00,151.1084792000,152.0538920000,150.5569884000,151.3448324000,498328
2021-11-23 15:00:00,151.3448324000,151.3448324000,149.9168651500,150.5471403500,970586
2021-11-24 10:00:00,150.1827625000,150.6751650000,146.2238464000,147.7404461000,1556240
2021-11-24 10:30:00,147.7305980500,149.0009965000,147.0018423500,147.7305980500,657787
2021-11-24 11:00:00,147.8980149000,149.2570458000,147.7207500000,148.8040355000,371676
2021-11-24 11:30:00,148.7744913500,149.0797809000,147.7699902500,149.0403887000,301950
2021-11-24 13:30:00,149.0994770000,149.9956495500,148.3707213000,149.7789924500,401540
2021-11-24 14:00:00,149.7789924500,151.3251363000,149.3949185000,150.3600274000,422721
2021-11-24 14:30:00,150.2910910500,150.5569884000,149.2570458000,149.4638548500,430500
2021-11-24 15:00:00,149.5623353500,150.0251937000,147.6124214500,147.8881668500,840608
2021-11-25 10:00:00,148.4692018000,151.0198467500,148.3707213000,149.5721834000,903270
2021-11-25 10:30:00,149.5721834000,150.3009391000,148.3116330000,150.3009391000,325043
2021-11-25 11:00:00,150.3501793500,152.6152308500,149.4933990000,151.1774155500,740300
2021-11-25 11:30:00,151.2266558000,151.8569310000,149.8873210000,150.0350417500,358363
2021-11-25 13:30:00,150.1827625000,150.8622779500,149.2078055500,149.4638548500,290780
2021-11-25 14:00:00,149.4638548500,149.9365612500,149.2176536000,149.3062860500,206500
2021-11-25 14:30:00,149.3161341000,149.6115756000,147.6222695000,148.1442161500,614869
2021-11-25 15:00:00,148.1442161500,148.9911484500,147.3366760500,148.6267706000,561109
2021-11-26 10:00:00,148.4790498500,150.0153456500,147.5237890000,148.2820888500,588403
2021-11-26 10:30:00,148.2820888500,150.2221547000,148.0752798000,149.3555263000,642400
2021-11-26 11:00:00,149.3555263000,149.8676249000,148.4101135000,148.5184420500,382890
2021-11-26 11:30:00,148.5085940000,149.6805119500,148.2426966500,148.8434277000,215600
2021-11-26 13:30:00,148.9025160000,148.9025160000,146.6177684000,147.5336370500,392400
2021-11-26 14:00:00,147.5336370500,148.2919369000,147.1692592000,147.2381955500,231059
2021-11-26 14:30:00,147.2381955500,147.7109019500,147.0904748000,147.0904748000,251900
2021-11-26 15:00:00,147.0904748000,147.6222695000,146.8442735500,147.3859163000,499252
2021-11-29 10:00:00,144.3625649500,150.9706065000,144.2542364000,150.6850130500,1171892
2021-11-29 10:30:00,150.7736455000,152.6447750000,150.4585079000,151.4433129000,1033139
2021-11-29 11:00:00,151.4433129000,153.4621631500,151.4137687500,152.6644711000,773504
2021-11-29 11:30:00,152.6644711000,154.5946889000,152.6546230500,153.7182124500,740900
2021-11-29 13:30:00,153.7871488000,153.8363890500,152.0538920000,153.6394280500,721756
2021-11-29 14:00:00,153.7182124500,157.8937856500,153.7182124500,157.7460649000,1264464
2021-11-29 14:30:00,157.7460649000,160.0899008000,157.5491039000,159.5482580500,1718197
2021-11-29 15:00:00,159.5384100000,159.5384100000,157.9922661500,158.1596830000,1143894
2021-11-30 10:00:00,160.2474696000,160.7201760000,153.9841098000,154.7818018500,1684845
2021-11-30 10:30:00,154.8999784500,155.5893419500,152.6546230500,152.8023438000,892601
2021-11-30 11:00:00,152.8023438000,155.8847834500,152.8023438000,155.8847834500,564000
2021-11-30 11:30:00,155.8453912500,156.9089806500,154.6734733000,156.4953625500,338424
2021-11-30 13:30:00,156.2885535000,156.5839950000,154.6537772000,154.6636252500,306624
2021-11-30 14:00:00,154.6636252500,154.6636252500,153.4326190000,153.4523151000,403700
2021-11-30 14:30:00,153.4523151000,153.4621631500,151.3251363000,151.7486024500,783300
2021-11-30 15:00:00,151.7190583000,154.5749928000,151.6698180500,154.5749928000,820490
2021-12-01 10:00:00,153.6886683000,156.0423522500,153.1765697000,155.4810134000,717030
2021-12-01 10:30:00,155.6188861000,155.6188861000,152.7629516000,153.3144424000,486564
2021-12-01 11:00:00,153.4129229000,153.8166929500,152.6447750000,152.8614321000,337600
2021-12-01 11:30:00,152.8515840500,153.6197319500,152.3985737500,152.8318879500,300817
2021-12-01 13:30:00,152.8121918500,152.8417360000,151.0690870000,151.4531609500,407006
2021-12-01 14:00:00,151.4531609500,151.4827051000,150.3797235000,150.4486598500,403700
2021-12-01 14:30:00,150.4683559500,150.9706065000,149.6903600000,150.1433703000,598945
2021-12-01 15:00:00,150.1433703000,150.4782040000,149.9661054000,150.3501793500,502463
2021-12-02 10:00:00,149.7986885500,153.1371775000,149.4933990000,153.0386970000,612316
2021-12-02 10:30:00,153.0386970000,153.4917073000,151.8569310000,153.1076333500,806377
2021-12-02 11:00:00,153.1076333500,156.0915925000,152.7334074500,155.6681263500,1011621
2021-12-02 11:30:00,155.5991900000,156.9188287000,154.2500071500,154.9590667500,732191
2021-12-02 13:30:00,155.1067875000,155.7961510000,153.4129229000,153.5606436500,295419
2021-12-02 14:00:00,153.5114034000,153.7773007500,151.9258673500,152.1523725000,327925
2021-12-02 14:30:00,152.1523725000,153.4720112000,151.9554115000,153.0288489500,353148
2021-12-02 15:00:00,152.9402165000,153.4227709500,152.3788776500,152.5364464500,354632
2021-12-03 10:00:00,151.6599700000,155.4317731500,150.6554689000,153.7969968500,797109
2021-12-03 10:30:00,153.6591241500,154.5749928000,151.8667790500,153.7083644000,423435
2021-12-03 11:00:00,153.7083644000,153.9545656500,151.3743765500,151.5910336500,398186
2021-12-03 11:30:00,151.6501219500,151.9357154000,150.6948611000,151.2266558000,416162
2021-12-03 13:30:00,151.2660480000,152.6152308500,151.1971116500,152.6053828000,287782
2021-12-03 14:00:00,152.6053828000,153.6197319500,152.1523725000,153.3045943500,266115
2021-12-03 14:30:00,153.3045943500,153.5310995000,153.1371775000,153.1667216500,325100
2021-12-03 15:00:00,153.1667216500,153.8560851500,152.6447750000,153.6492761000,501334
2021-12-06 10:00:00,151.6698180500,155.5696458500,151.6698180500,154.2204630000,709715
2021-12-06 10:30:00,154.2204630000,154.3189435000,152.3000932500,152.4084218000,365100
2021-12-06 11:00:00,152.4084218000,152.6841672000,151.7682985500,151.9455634500,272526
2021-12-06 11:30:00,151.9455634500,152.7235594000,151.8372349000,152.6349269500,199662
2021-12-06 13:30:00,152.7137113500,152.7334074500,151.6796661000,151.7092102500,250400
2021-12-06 14:00:00,151.7092102500,151.7289063500,149.2964380000,149.4933990000,599122
2021-12-06 14:30:00,149.4933990000,150.1827625000,147.5631812000,148.6267706000,842356
2021-12-06 15:00:00,148.6267706000,148.7055550000,146.9526021000,147.2283475000,1091855
2021-12-07 10:00:00,149.0994770000,149.1782614000,144.9731440500,145.5738751000,815421
2021-12-07 10:30:00,145.5837231500,145.7511400000,143.4860885000,144.4708935000,774379
2021-12-07 11:00:00,144.4708935000,144.7958791500,141.3195175000,142.1172095500,948636
2021-12-07 11:30:00,142.1073615000,143.3974560500,141.8217680500,142.3043225000,412568
2021-12-07 13:30:00,142.2649303000,142.3043225000,139.8423100000,140.8172669500,615887
2021-12-07 14:00:00,140.8271150000,141.2801253000,139.4483880000,139.8817022000,482569
2021-12-07 14:30:00,139.8423100000,142.6391562000,139.8029178000,141.6740473000,716066
2021-12-07 15:00:00,141.6838953500,142.0975134500,140.8074189000,142.0088810000,549303
2021-12-08 10:00:00,143.4860885000,148.3116330000,142.9739899000,147.3366760500,1583603
2021-12-08 10:30:00,147.3760682500,149.1684133500,147.3366760500,147.7699902500,805828
2021-12-08 11:00:00,147.7207500000,147.7502941500,147.0018423500,147.1692592000,401329
2021-12-08 11:30:00,147.1692592000,147.2775877500,146.1450620000,146.1549100500,363824
2021-12-08 13:30:00,146.1450620000,146.9132099000,145.0814726000,145.2587375000,531600
2021-12-08 14:00:00,145.3079777500,145.9481010000,145.1602570000,145.2685855500,300000
2021-12-08 14:30:00,145.2587375000,145.8496205000,144.7958791500,145.0223843000,503300
2021-12-08 15:00:00,145.0519284500,147.0313865000,144.8352713500,146.0859737000,853348
2021-12-09 10:00:00,145.0617765000,146.9329060000,144.4315013000,145.6034192500,778475
2021-12-09 10:30:00,145.6034192500,148.1737603000,145.5344829000,147.1298670000,561271
2021-12-09 11:00:00,147.1298670000,147.5927253500,145.8003802500,146.0761256500,381101
2021-12-09 11:30:00,146.0761256500,146.4700476500,145.6034192500,146.1155178500,213963
2021-12-09 13:30:00,146.1253659000,146.4306554500,145.1799531000,145.7905322000,355172
2021-12-09 14:00:00,145.7905322000,146.6571606000,145.2587375000,146.0761256500,312152
2021-12-09 14:30:00,146.2435425000,146.4897437500,145.7806841500,146.0958217500,305253
2021-12-09 15:00:00,146.0564295500,146.9132099000,146.0071893000,146.2435425000,464372
2021-12-10 10:00:00,145.0617765000,147.1298670000,143.7224417000,145.7018997500,656303
2021-12-10 10:30:00,145.7018997500,146.9624501500,145.0420804000,146.3715671500,354037
2021-12-10 11:00:00,146.2336944500,147.0215384500,145.4163063000,145.9284049000,348100
2021-12-10 11:30:00,145.9284049000,146.7260969500,145.5837231500,146.5389840000,303400
2021-12-10 13:30:00,146.2730866500,147.9571032000,146.2730866500,147.9571032000,483539
2021-12-10 14:00:00,147.9571032000,148.2033044500,147.2480436000,147.7404461000,383588
2021-12-10 14:30:00,147.7404461000,147.7699902500,146.6473125500,146.7950333000,383400
2021-12-10 15:00:00,146.7753372000,147.6813578000,146.5980723000,147.4253085000,441612
2021-12-13 10:00:00,146.2927827500,159.8633956500,146.2927827500,157.0763975000,3201951
2021-12-13 10:30:00,157.0370053000,157.0665494500,154.2007669000,156.1703769000,840511
2021-12-13 11:00:00,156.1900730000,156.1900730000,153.6591241500,155.2052680000,468037
2021-12-13 11:30:00,155.1954199500,156.4165781500,154.3681837500,156.0915925000,405200
2021-12-13 13:30:00,156.0325042000,157.0370053000,154.2992474000,154.3090954500,542364
2021-12-13 14:00:00,154.3090954500,154.6143850000,153.5212514500,154.2893993500,570803
2021-12-13 14:30:00,154.2893993500,154.6045369500,152.6447750000,153.0485450500,497700
2021-12-13 15:00:00,152.9402165000,153.9151734500,152.6841672000,153.1962658000,547798
2021-12-14 10:00:00,154.4075759500,154.4863603500,149.8479288000,152.3394854500,985139
2021-12-14 10:30:00,152.4478140000,153.2159619000,151.3940726500,153.1273294500,360853
2021-12-14 11:00:00,153.1273294500,153.1864177500,151.3743765500,151.4137687500,243100
2021-12-14 11:30:00,151.4137687500,152.6447750000,151.0789350500,152.3099413000,248470
2021-12-14 13:30:00,152.3394854500,152.4281179000,150.5274442500,150.8425818500,429800
2021-12-14 14:00:00,150.8327338000,150.9509104000,150.3698754500,150.7047091500,303104
2021-12-14 14:30:00,150.6653169500,151.1183272500,149.9858015000,150.0645859000,339300
2021-12-14 15:00:00,150.0645859000,150.6456208500,149.8873210000,150.2713949500,666655
2021-12-15 10:00:00,148.8040355000,151.1577194500,147.9669512500,148.9714523500,845397
2021-12-15 10:30:00,148.9616043000,150.3501793500,148.7055550000,148.7055550000,633225
2021-12-15 11:00:00,148.8729718500,148.9123640500,147.4253085000,147.8290785500,768100
2021-12-15 11:30:00,147.8290785500,148.5676823000,146.9329060000,148.1048239500,763725
2021-12-15 13:30:00,148.2820888500,148.2820888500,147.0313865000,147.0412345500,365296
2021-12-15 14:00:00,147.0412345500,147.6222695000,146.6374645000,147.0707787000,437400
2021-12-15 14:30:00,147.0313865000,147.4154604500,146.5488320500,146.5488320500,377884
2021-12-15 15:00:00,146.5488320500,146.9329060000,145.7511400000,145.7905322000,686785
2021-12-16 10:00:00,146.2336944500,148.4396576500,146.1450620000,147.0904748000,590000
2021-12-16 10:30:00,147.2283475000,148.1737603000,146.9329060000,148.1540642000,313287
2021-12-16 11:00:00,148.1442161500,148.1540642000,146.8541216000,147.0313865000,281000
2021-12-16 11:30:00,147.0116904000,147.6222695000,146.5980723000,146.8836657500,217106
2021-12-16 13:30:00,147.1101709000,147.5237890000,146.5980723000,146.8344255000,231877
2021-12-16 14:00:00,146.8344255000,147.2283475000,146.3617191000,147.0313865000,300596
2021-12-16 14:30:00,147.0313865000,148.5873784000,146.8836657500,147.9767993000,444600
2021-12-16 15:00:00,147.9669512500,148.4002654500,147.4253085000,147.6616617000,362864
2021-12-17 10:00:00,146.0367334500,147.4351565500,144.0375793000,144.2936286000,814840
2021-12-17 10:30:00,144.2837805500,145.1602570000,143.5156326500,144.6186142500,562773
2021-12-17 11:00:00,144.5693740000,145.3276738500,143.5845690000,143.7618339000,255500
2021-12-17 11:30:00,143.7618339000,144.2246922500,142.4028030000,142.4028030000,313948
2021-12-17 13:30:00,142.2452342000,144.2640844500,142.1664498000,144.0671234500,605692
2021-12-17 14:00:00,144.0671234500,144.6284623000,143.1414067500,144.2837805500,210458
2021-12-17 14:30:00,143.7815300000,145.0322323500,143.7815300000,144.4905896000,261330
2021-12-17 15:00:00,144.4905896000,144.9239038000,143.4959365500,144.7564869500,455930
2021-12-20 10:00:00,142.8558133000,145.6723556000,142.5012835000,143.9292507500,769460
2021-12-20 10:30:00,143.9292507500,144.0769715000,141.7922239000,143.7519858500,563412
2021-12-20 11:00:00,143.7421378000,143.7716819500,140.8468111000,141.7725278000,414915
2021-12-20 11:30:00,141.7725278000,141.8907044000,140.4922813000,140.4922813000,224000
2021-12-20 13:30:00,140.4922813000,142.5505237500,140.3642566500,142.2058420000,333694
2021-12-20 14:00:00,142.2058420000,142.5899159500,140.8369630500,142.1073615000,405361
2021-12-20 14:30:00,142.1073615000,142.2944744500,140.3938008000,140.6301540000,414965
2021-12-20 15:00:00,140.3938008000,141.3195175000,140.0491190500,140.4922813000,586858
2021-12-21 10:00:00,139.9407905000,144.5693740000,139.9407905000,144.5693740000,873613
2021-12-21 10:30:00,144.6580064500,149.8380807500,144.3330208000,148.6957069500,1874985
2021-12-21 11:00:00,148.2525447000,148.6267706000,145.7708361000,145.7708361000,678100
2021-12-21 11:30:00,145.7609880500,146.2336944500,145.3670660500,145.5541790000,308630
2021-12-21 13:30:00,145.7018997500,146.5389840000,145.1504089500,145.6625075500,343040
2021-12-21 14:00:00,145.6526595000,146.9033618500,145.3572180000,146.7654891500,408538
2021-12-21 14:30:00,146.7654891500,146.9230579500,146.2632386000,146.4897437500,202962
2021-12-21 15:00:00,146.4897437500,147.6222695000,146.1155178500,146.9329060000,560965
2021-12-22 10:00:00,147.5828773000,152.1425244500,146.8836657500,149.5032470500,1444946
2021-12-22 10:30:00,149.5032470500,151.1577194500,149.1979575000,150.9213662500,534977
2021-12-22 11:00:00,150.8721260000,150.9509104000,149.5918795000,149.8971690500,290824
2021-12-22 11:30:00,149.8971690500,150.1039781000,148.7843394000,149.6312717000,299326
2021-12-22 13:30:00,149.6312717000,150.1236742000,147.8586227000,147.9078629500,849944
2021-12-22 14:00:00,147.9078629500,149.1782614000,147.2480436000,148.5972264500,872764
2021-12-22 14:30:00,148.5972264500,148.9911484500,148.2131525000,148.5085940000,338646
2021-12-22 15:00:00,148.4790498500,148.5873784000,147.6715097500,147.9964954000,457924
2021-12-23 10:00:00,148.6957069500,152.2508530000,145.3375219000,151.2365038500,1218633
2021-12-23 10:30:00,151.2857441000,154.1121344500,150.0842820000,153.2455060500,1262503
2021-12-23 11:00:00,152.7924957500,153.8363890500,152.1819166500,153.3932268000,671270
2021-12-23 11:30:00,153.3932268000,154.1121344500,152.6447750000,153.9348695500,409148
2021-12-23 13:30:00,153.9348695500,156.0915925000,153.9348695500,154.2204630000,950950
2021-12-23 14:00:00,154.2204630000,154.8113460000,153.1962658000,153.4917073000,661291
2021-12-23 14:30:00,153.4917073000,154.1121344500,152.9402165000,153.3636826500,496500
2021-12-23 15:00:00,153.3636826500,153.7280605000,152.6644711000,152.9303684500,569577
2021-12-24 10:00:00,152.9303684500,156.9680689500,151.8470829500,154.6439291500,1060997
2021-12-24 10:30:00,154.6439291500,155.3529887500,152.1523725000,152.6546230500,601928
2021-12-24 11:00:00,152.6644711000,153.6295800000,152.4970542500,152.7629516000,532500
2021-12-24 11:30:00,152.7629516000,153.0091528500,152.0144998000,152.3493335000,256400
2021-12-24 13:30:00,152.4084218000,152.4478140000,150.6751650000,150.8524299000,330939
2021-12-24 14:00:00,150.7834935500,151.1084792000,149.5918795000,150.9312143000,382900
2021-12-24 14:30:00,150.9312143000,152.2803971500,150.1827625000,150.5372923000,519900
2021-12-24 15:00:00,150.5372923000,151.5220973000,149.6903600000,150.6751650000,608008
2021-12-27 10:00:00,150.5865325500,151.5319453500,148.2722408000,148.2820888500,649034
2021-12-27 10:30:00,148.2820888500,149.1290211500,145.7511400000,146.4798957000,757216
2021-12-27 11:00:00,146.5094398500,147.6025734000,145.7609880500,145.9481010000,538100
2021-12-27 11:30:00,145.9481010000,146.3518710500,144.8155752500,144.8845116000,426810
2021-12-27 13:30:00,144.8746635500,146.3321749500,143.2004950500,143.2989755500,787460
2021-12-27 14:00:00,143.2891275000,143.9784910000,143.1709509000,143.4860885000,369430
2021-12-27 14:30:00,143.4860885000,143.9587949000,142.6785484000,143.6830495000,751170
2021-12-27 15:00:00,143.6633534000,144.7072467000,143.1217106500,143.6928975500,456066
2021-12-28 10:00:00,143.7027456000,145.4163063000,142.0285771000,142.5012835000,658700
2021-12-28 10:30:00,142.4815874000,143.1315587000,141.6149590000,141.6445031500,432558
2021-12-28 11:00:00,141.6445031500,143.0232301500,141.5164785000,142.2944744500,299706
2021-12-28 11:30:00,142.2944744500,142.8361172000,141.6740473000,141.8119200000,401318
2021-12-28 13:30:00,141.8119200000,142.4028030000,141.7922239000,141.8808563500,201440
2021-12-28 14:00:00,141.8710083000,142.6194601000,141.6838953500,142.5111315500,226374
2021-12-28 14:30:00,142.5111315500,143.6042651000,142.1172095500,143.3876080000,330900
2021-12-28 15:00:00,143.4368482500,143.5648729000,142.8853574500,143.2891275000,444500
2021-12-29 10:00:00,142.3043225000,143.0921665000,139.9998788000,140.2066878500,989900
2021-12-29 10:30:00,140.2066878500,140.2953203000,138.8870491500,139.3499075000,881445
2021-12-29 11:00:00,139.3597555500,139.5370204500,138.9165933000,139.0249218500,340800
2021-12-29 11:30:00,139.0249218500,139.0249218500,137.6855870500,137.6855870500,613344
2021-12-29 13:30:00,137.6363468000,137.9317883000,136.4939730000,136.7697184000,653219
2021-12-29 14:00:00,136.7204781500,137.1734884500,135.5190160500,136.8878950000,1042263
2021-12-29 14:30:00,136.8780469500,138.5916076500,136.8780469500,138.0007246500,564401
2021-12-29 15:00:00,138.0204207500,138.0302688000,136.4644288500,136.8681989000,602011
2021-12-30 10:00:00,136.8485028000,139.7733736500,136.8485028000,138.8378089000,1093728
2021-12-30 10:30:00,138.8378089000,139.7044373000,137.8825480500,139.3203633500,806200
2021-12-30 11:00:00,139.3203633500,140.4824332500,139.0249218500,140.3839527500,494564
2021-12-30 11:30:00,140.3544086000,140.9846838000,139.6551970500,140.3642566500,458880
2021-12-30 13:30:00,140.3642566500,140.4922813000,139.3499075000,139.3499075000,288394
2021-12-30 14:00:00,139.3597555500,140.2165359000,139.3597555500,139.6453490000,288500
2021-12-30 14:30:00,139.6453490000,140.7089384000,139.6453490000,140.4627371500,481400
2021-12-30 15:00:00,140.4331930000,140.6301540000,139.2021867500,139.5370204500,507200
2021-12-31 10:00:00,139.7241334000,140.2165359000,136.6613898500,137.1340962500,1163508
2021-12-31 10:30:00,137.1242482000,137.1242482000,135.3909914000,136.6909340000,904700
2021-12-31 11:00:00,136.6810859500,136.8878950000,135.9818744000,136.5235171500,361800
2021-12-31 11:30:00,136.5235171500,137.4787780000,136.3561003000,136.3561003000,248300
2021-12-31 13:30:00,136.4053405500,136.9075911000,135.9129380500,136.8780469500,335103
2021-12-31 14:00:00,136.8878950000,137.1537923500,136.2477717500,136.8386547500,367143
2021-12-31 14:30:00,136.8386547500,137.0454638000,135.9129380500,136.3954925000,442400
2021-12-31 15:00:00,136.4250366500,137.2128806500,135.8341536500,136.3167081000,668268
2022-01-04 10:00:00,137.8530039000,140.2756242000,133.5297099500,133.5887982500,1109880
2022-01-04 10:30:00,133.5986463000,133.6577346000,132.0131102500,132.3577920000,988227
2022-01-04 11:00:00,132.3380959000,132.3380959000,129.4033770000,130.8018001000,1090813
2022-01-04 11:30:00,130.9692169500,132.0918946500,130.6442313000,132.0131102500,539720
2022-01-04 13:30:00,132.1312868500,133.7365190000,131.4714675000,133.5395580000,482300
2022-01-04 14:00:00,133.5986463000,134.2683137000,132.9979152500,133.1456360000,465986
2022-01-04 14:30:00,133.1948762500,133.7759112000,132.8108023000,133.1850282000,391914
2022-01-04 15:00:00,133.1751801500,133.9334800000,133.0176113500,133.4115333500,475241
2022-01-05 10:00:00,132.3676400500,134.0812007500,130.2897015000,130.4275742000,711490
2022-01-05 10:30:00,130.3093976000,130.9002806000,127.5322475000,127.8473851000,1374208
2022-01-05 11:00:00,127.8473851000,129.2852004000,127.8375370500,127.8375370500,887892
2022-01-05 11:30:00,127.8375370500,128.8026459500,127.0398450000,127.1284774500,523765
2022-01-05 13:30:00,127.0398450000,127.5322475000,125.9565595000,126.2618490500,991700
2022-01-05 14:00:00,126.4391139500,128.4875083500,126.2716971000,128.4481161500,624289
2022-01-05 14:30:00,128.4481161500,128.8617342500,127.5125514000,127.7489046000,335717
2022-01-05 15:00:00,127.7095124000,128.0246500000,127.3648306500,127.9064734000,496308
2022-01-06 10:00:00,126.0550400000,129.7283626500,125.7694465500,127.9458656000,1193200
2022-01-06 10:30:00,127.9458656000,128.1231305000,125.5626375000,127.7489046000,883673
2022-01-06 11:00:00,127.5716397000,129.5117055500,126.9807567000,129.4230731000,854820
2022-01-06 11:30:00,129.4821614000,131.7669090000,129.4132250500,130.9987611000,961561
2022-01-06 13:30:00,131.0086091500,132.2888556500,130.6737754500,131.8259973000,850400
2022-01-06 14:00:00,131.8259973000,131.9638700000,130.9889130500,131.2646584500,657100
2022-01-06 14:30:00,131.2646584500,131.3138987000,128.8124940000,128.8124940000,551400
2022-01-06 15:00:00,128.8223420500,129.7776029000,128.5269005500,129.4821614000,432210
2022-01-07 10:00:00,130.9790650000,133.2441165000,129.3639848000,130.0435002500,1669698
2022-01-07 10:30:00,130.0336522000,130.1419807500,128.1034344000,129.3639848000,600651
2022-01-07 11:00:00,129.0094550000,129.3639848000,127.7095124000,128.2905473500,443900
2022-01-07 11:30:00,128.2905473500,128.8912784000,127.5322475000,128.0738902500,332165
2022-01-07 13:30:00,128.0738902500,129.4427692000,127.0496930500,129.3541367500,517336
2022-01-07 14:00:00,129.3442887000,129.4033770000,127.6405760500,127.8276890000,391268
2022-01-07 14:30:00,127.7390565500,128.1526746500,127.1481735500,127.1678696500,283494
2022-01-07 15:00:00,127.1777177000,127.6405760500,126.1436724500,126.7444035000,545071
2022-01-10 10:00:00,125.0702350000,127.0398450000,122.7067030000,125.6020297000,1255296
2022-01-10 10:30:00,125.6217258000,128.1231305000,125.0702350000,128.1231305000,790700
2022-01-10 11:00:00,128.1231305000,128.7731018000,126.7936437500,128.4875083500,647828
2022-01-10 11:30:00,128.5072044500,131.5502519000,128.0148019500,129.4624653000,1101170
2022-01-10 13:30:00,129.5018575000,130.6146871500,129.0291511000,129.6298821500,543395
2022-01-10 14:00:00,129.6298821500,130.3881820000,129.4033770000,129.9942600000,296500
2022-01-10 14:30:00,129.8662353500,130.8214962000,129.6495782500,129.7480587500,450291
2022-01-10 15:00:00,129.7480587500,130.4866625000,129.0094550000,130.0828924500,503271
2022-01-11 10:00:00,130.9790650000,132.6433854500,129.5117055500,130.7525598500,1183011
2022-01-11 10:30:00,130.5851430000,131.1760260000,129.0980874500,129.9942600000,440880
2022-01-11 11:00:00,129.9942600000,131.4419233500,129.4033770000,130.5752949500,401606
2022-01-11 11:30:00,130.5752949500,130.6442313000,129.0094550000,129.9253236500,372544
2022-01-11 13:30:00,129.8169951000,130.2995495500,129.4132250500,129.5314016500,274305
2022-01-11 14:00:00,129.5018575000,129.9548678000,129.1670238000,129.3935289500,307696
2022-01-11 14:30:00,129.4427692000,129.8563873000,128.7140135000,128.8420381500,461645
2022-01-11 15:00:00,128.8715823000,129.1079355000,127.8769292500,128.4185720000,584736
2022-01-12 10:00:00,130.8805845000,134.7213240000,129.0094550000,133.9334800000,2000878
2022-01-12 10:30:00,133.8349995000,135.3515992000,133.4312294500,134.6031474000,1340983
2022-01-12 11:00:00,134.6031474000,135.5091680000,133.9334800000,135.4796238500,785733
2022-01-12 11:30:00,135.4697758000,136.1886834500,134.9182850000,135.0167655000,604254
2022-01-12 13:30:00,135.1250940500,136.8878950000,135.1250940500,136.2970120000,503540
2022-01-12 14:00:00,136.2773159000,138.7393284000,136.0508107500,137.3015131000,832829
2022-01-12 14:30:00,137.4196897000,138.0893571000,135.9030900000,136.1197471000,542708
2022-01-12 15:00:00,136.0705068500,136.4841249500,135.4303836000,136.1788354000,454513
2022-01-13 10:00:00,136.7598703500,136.8878950000,133.9433280500,134.1993773500,842826
2022-01-13 10:30:00,134.2486176000,138.8575050000,134.1796812500,138.8575050000,810175
2022-01-13 11:00:00,138.8181128000,139.7241334000,138.1779895500,139.4483880000,883200
2022-01-13 11:30:00,139.4385399500,139.8029178000,138.8575050000,139.5173243500,584940
2022-01-13 13:30:00,139.5665646000,139.6355009500,137.1439443000,137.4590819000,464700
2022-01-13 14:00:00,137.3802975000,138.0992051500,136.3954925000,137.8037636500,461988
2022-01-13 14:30:00,137.8037636500,138.8575050000,137.4295377500,138.0598129500,499300
2022-01-13 15:00:00,138.0598129500,138.2075337000,136.8977430500,137.8234597500,621208
2022-01-14 10:00:00,138.1189012500,147.6912058500,138.1189012500,147.6616617000,3113347
2022-01-14 10:30:00,147.6813578000,148.2131525000,145.0420804000,145.4852426500,871491
2022-01-14 11:00:00,145.5541790000,147.6616617000,144.7663350000,147.2972838500,535000
2022-01-14 11:30:00,147.1495631000,147.7207500000,145.4852426500,147.1200189500,741701
2022-01-14 13:30:00,147.0806267500,148.7055550000,146.8245774500,147.5631812000,859980
2022-01-14 14:00:00,147.7207500000,147.9374071000,147.0609306500,147.6912058500,552165
2022-01-14 14:30:00,147.6025734000,147.7010539000,145.6428114500,146.0268854000,630267
2022-01-14 15:00:00,146.0268854000,147.6124214500,145.6132673000,147.6124214500,743762
2022-01-17 10:00:00,147.1397150500,150.8524299000,145.7806841500,147.5730292500,1546197
2022-01-17 10:30:00,147.5927253500,153.7576046500,147.5927253500,152.9599126000,1567620
2022-01-17 11:00:00,153.0386970000,153.0780892000,151.4039207000,152.9993048000,738211
2022-01-17 11:30:00,153.0485450500,154.1416786000,152.7432555000,153.2356580000,731652
2022-01-17 13:30:00,153.2455060500,155.1067875000,151.6599700000,154.8113460000,828198
2022-01-17 14:00:00,154.8113460000,155.1560277500,153.0386970000,153.4030748500,597600
2022-01-17 14:30:00,153.4227709500,153.9742617500,152.5462945000,152.5462945000,489227
2022-01-17 15:00:00,152.5364464500,152.7334074500,151.6402739000,151.6599700000,1048098
2022-01-18 10:00:00,151.6599700000,153.6886683000,149.6903600000,153.3144424000,1571511
2022-01-18 10:30:00,153.3538346000,154.2500071500,152.1720686000,152.6447750000,652300
2022-01-18 11:00:00,152.6447750000,152.7629516000,149.1093250500,149.7100561000,1306200
2022-01-18 11:30:00,149.8282327000,150.9016701500,149.5327912000,150.0645859000,487784
2022-01-18 13:30:00,149.9956495500,151.6501219500,149.0896289500,150.6948611000,505596
2022-01-18 14:00:00,150.6751650000,152.1425244500,150.6751650000,151.0493909000,357654
2022-01-18 14:30:00,151.2660480000,151.6304258500,149.9858015000,151.1478714000,262447
2022-01-18 15:00:00,151.1478714000,151.5614895000,150.6751650000,151.1183272500,455587
2022-01-19 10:00:00,150.6751650000,150.6751650000,145.5640270500,147.1988033500,1821550
2022-01-19 10:30:00,147.0215384500,147.9078629500,145.7609880500,147.4056124000,803838
2022-01-19 11:00:00,147.2480436000,148.6957069500,147.0609306500,147.7207500000,555208
2022-01-19 11:30:00,147.7207500000,149.0994770000,147.4056124000,148.2328486000,456291
2022-01-19 13:30:00,148.2426966500,148.2426966500,145.8594685500,146.1352139500,380400
2022-01-19 14:00:00,146.0662776000,147.0904748000,145.7511400000,146.0958217500,521384
2022-01-19 14:30:00,146.0958217500,147.1200189500,145.6526595000,146.8836657500,377926
2022-01-19 15:00:00,146.8836657500,147.8980149000,146.4897437500,147.3859163000,550935
2022-01-20 10:00:00,146.5389840000,149.8873210000,145.2882816500,146.0465815000,993575
2022-01-20 10:30:00,146.1352139500,147.9472551500,145.7708361000,147.3859163000,244341
2022-01-20 11:00:00,147.3859163000,148.6957069500,146.2632386000,146.6867047500,305500
2022-01-20 11:30:00,146.5783762000,147.5237890000,146.0465815000,146.3715671500,151501
2022-01-20 13:30:00,146.4306554500,146.6177684000,145.3178258000,146.1450620000,288700
2022-01-20 14:00:00,146.2435425000,146.8639696500,145.5541790000,145.7905322000,278700
2022-01-20 14:30:00,145.7905322000,146.6177684000,145.5541790000,146.6177684000,139874
2022-01-20 15:00:00,146.6177684000,146.6177684000,145.6132673000,145.9776451500,343281
2022-01-21 10:00:00,144.4118052000,149.1782614000,143.5156326500,147.1495631000,1025900
2022-01-21 10:30:00,147.0707787000,147.7207500000,145.8988607500,145.9776451500,321700
2022-01-21 11:00:00,146.0367334500,146.0367334500,144.3822610500,144.5299818000,290200
2022-01-21 11:30:00,144.5693740000,145.7412919500,144.4511974000,144.8746635500,158300
2022-01-21 13:30:00,144.8845116000,147.0609306500,144.5496779000,146.7851852500,342260
2022-01-21 14:00:00,146.7851852500,148.4396576500,146.7359450000,148.0161915000,531400
2022-01-21 14:30:00,148.0063434500,148.2131525000,146.6571606000,146.7359450000,425946
2022-01-21 15:00:00,146.8836657500,147.0904748000,146.1746061500,146.7950333000,509591
2022-01-24 10:00:00,144.8845116000,147.9177110000,141.0536201500,147.5237890000,1213595
2022-01-24 10:30:00,147.4253085000,148.9025160000,145.1898011500,147.4942448500,492434
2022-01-24 11:00:00,147.5040929000,147.8093824500,146.0859737000,146.5389840000,214603
2022-01-24 11:30:00,146.3420230000,146.7359450000,145.4556985000,146.2533905500,246966
2022-01-24 13:30:00,146.2533905500,147.7207500000,146.0564295500,147.4548526500,166300
2022-01-24 14:00:00,147.4548526500,148.2919369000,147.1495631000,147.6222695000,327760
2022-01-24 14:30:00,147.6222695000,148.3017849500,147.4154604500,148.3017849500,215082
2022-01-24 15:00:00,148.3017849500,148.3017849500,147.2283475000,147.5336370500,256810
2022-01-25 10:00:00,147.6222695000,148.8729718500,146.4208074000,147.8290785500,641498
2022-01-25 10:30:00,147.7207500000,147.8881668500,145.8594685500,146.1155178500,284900
2022-01-25 11:00:00,146.0170373500,147.0412345500,145.7215958500,147.0116904000,298118
2022-01-25 11:30:00,146.9919943000,147.0116904000,145.3178258000,145.7806841500,169067
2022-01-25 13:30:00,145.7708361000,145.9382529500,144.7663350000,145.1996492000,191800
2022-01-25 14:00:00,145.1898011500,145.7215958500,143.8012261000,145.4753946000,423759
2022-01-25 14:30:00,145.7117478000,145.7117478000,143.7815300000,144.3231727500,319400
2022-01-25 15:00:00,144.3231727500,144.4708935000,142.7967250000,142.9936860000,600120
2022-01-26 10:00:00,144.5693740000,146.9329060000,143.8406183000,144.0769715000,912379
2022-01-26 10:30:00,144.1360598000,146.7260969500,144.1360598000,146.5882242500,427100
2022-01-26 11:00:00,146.7260969500,147.8881668500,145.4852426500,147.5237890000,643500
2022-01-26 11:30:00,147.5237890000,147.8684707500,146.0564295500,146.0564295500,359881
2022-01-26 13:30:00,145.7511400000,146.2336944500,144.6481584000,145.1405609000,322179
2022-01-26 14:00:00,145.1405609000,147.7207500000,145.1405609000,146.7556411000,309930
2022-01-26 14:30:00,146.9329060000,147.5533331500,146.5488320500,147.3268280000,170429
2022-01-26 15:00:00,147.3268280000,147.7207500000,146.9427540500,147.3169799500,674076
2022-01-27 10:00:00,146.7064008500,147.8192305000,145.8890127000,146.7260969500,628743
2022-01-27 10:30:00,146.7260969500,146.7359450000,145.0125362500,145.8003802500,440910
2022-01-27 11:00:00,145.7708361000,146.6276164500,145.1307128500,145.5344829000,312582
2022-01-27 11:30:00,145.6723556000,145.8988607500,143.3679119000,143.6535053500,435008
2022-01-27 13:30:00,143.5944170500,144.0966676000,142.8558133000,143.6535053500,397200
2022-01-27 14:00:00,143.5944170500,143.6535053500,142.9149016000,142.9838379500,352900
2022-01-27 14:30:00,142.9739899000,143.0133821000,141.1225565000,142.4028030000,838820
2022-01-27 15:00:00,142.4028030000,142.5209796000,140.6006098500,140.9157474500,992605
2022-01-28 10:00:00,141.6937434000,142.7671808500,136.4742769000,136.7007820500,934562
2022-01-28 10:30:00,136.8189586500,138.8772011000,136.4742769000,137.8727000000,600221
2022-01-28 11:00:00,138.0007246500,138.8575050000,135.1644862500,138.4832791000,641066
2022-01-28 11:30:00,138.4832791000,139.1234023500,137.3802975000,137.6855870500,580300
2022-01-28 13:30:00,137.5772585000,139.5468685000,137.3999936000,139.3597555500,366334
2022-01-28 14:00:00,139.3400594500,139.6256529000,138.3355583500,138.3651025000,415557
2022-01-28 14:30:00,138.3651025000,138.9855296500,137.7348273000,138.5817596000,306321
2022-01-28 15:00:00,138.5522154500,138.7097842500,135.9030900000,135.9030900000,478375
2022-02-07 10:00:00,139.1529465000,140.3642566500,137.1439443000,139.1529465000,850456
2022-02-07 10:30:00,139.1529465000,140.1672956500,138.6309998500,139.6453490000,341830
2022-02-07 11:00:00,139.6453490000,140.4725852000,138.2173817500,140.2460800500,305687
2022-02-07 11:30:00,140.1377515000,140.2460800500,138.6703920500,138.7491764500,162000
2022-02-07 13:30:00,138.6506959500,139.0446179500,138.4537349500,138.7885686500,114229
2022-02-07 14:00:00,138.7885686500,138.9461374500,138.2370778500,138.8575050000,172700
2022-02-07 14:30:00,138.8673530500,138.9855296500,138.2764700500,138.7097842500,140800
2022-02-07 15:00:00,138.6605440000,138.7491764500,137.4787780000,138.2173817500,342243
2022-02-08 10:00:00,136.2970120000,138.5916076500,130.6146871500,131.2843545500,1355685
2022-02-08 10:30:00,131.2843545500,131.8161492500,127.7489046000,130.7919520500,1293124
2022-02-08 11:00:00,130.7919520500,131.1661779500,127.9064734000,128.7041654500,973900
2022-02-08 11:30:00,128.7041654500,130.4866625000,128.0246500000,130.4866625000,484894
2022-02-08 13:30:00,130.4374222500,130.9987611000,129.4624653000,129.9647158500,299100
2022-02-08 14:00:00,129.9253236500,130.6146871500,129.5904899500,129.8957795000,280772
2022-02-08 14:30:00,129.8662353500,131.0775455000,129.6003380000,130.6737754500,389101
2022-02-08 15:00:00,130.7821040000,132.6039932500,130.7230157000,132.2593115000,774788
2022-02-09 10:00:00,131.5404038500,131.9540219500,127.2072618500,127.2072618500,1140350
2022-02-09 10:30:00,127.3057423500,128.7731018000,125.9762556000,128.6943174000,821048
2022-02-09 11:00:00,128.7731018000,130.3783339500,128.6155330000,129.5510977500,385850
2022-02-09 11:30:00,129.5510977500,130.5851430000,128.6155330000,130.2700054000,413527
2022-02-09 13:30:00,130.2897015000,131.3040506500,129.8071470500,130.9790650000,357000
2022-02-09 14:00:00,130.9790650000,130.9790650000,130.0041080500,130.0238041500,384500
2022-02-09 14:30:00,130.0041080500,132.2593115000,129.9450197500,132.1706790500,566200
2022-02-09 15:00:00,131.9638700000,132.2396154000,130.2897015000,130.7328637500,595746
2022-02-10 10:00:00,130.7624079000,131.9638700000,128.1428266000,128.6253810500,578618
2022-02-10 10:30:00,128.5958369000,129.8760834000,128.0049539000,128.4678122500,369865
2022-02-10 11:00:00,128.4678122500,130.3093976000,128.2216110000,130.2897015000,474300
2022-02-10 11:30:00,130.2897015000,130.2995495500,129.0685433000,129.0685433000,117884
2022-02-10 13:30:00,129.0685433000,130.1715249000,127.7292085000,128.5170525000,370961
2022-02-10 14:00:00,128.4284200500,128.8026459500,127.9261695000,128.2216110000,313800
2022-02-10 14:30:00,128.3102434500,128.8124940000,127.9360175500,128.4776603000,248000
2022-02-10 15:00:00,128.6549252000,129.4821614000,128.1723707500,129.0389991500,544966
2022-02-11 10:00:00,128.7829498500,129.0389991500,126.8034918000,128.0246500000,660165
2022-02-11 10:30:00,128.0246500000,129.3639848000,127.7390565500,128.6352291000,433000
2022-02-11 11:00:00,128.6352291000,128.8026459500,127.0496930500,127.6898163000,269800
2022-02-11 11:30:00,127.6898163000,128.2610032000,127.3451345500,127.8375370500,184064
2022-02-11 13:30:00,127.8276890000,127.9557136500,127.1875657500,127.6602721500,227100
2022-02-11 14:00:00,127.6799682500,127.9163214500,126.8921242500,127.0398450000,262700
2022-02-11 14:30:00,127.0693891500,127.3648306500,126.4095698000,126.8527320500,337000
2022-02-11 15:00:00,126.6459230000,126.9906047500,125.1884116000,125.9073192500,643268
2022-02-14 10:00:00,125.3459804000,126.6262269000,123.1991055000,126.5375944500,728000
2022-02-14 10:30:00,126.5375944500,127.1383255000,123.9081651000,124.1346702500,614000
2022-02-14 11:00:00,124.1346702500,124.4005676000,123.3960665000,124.3907195500,469976
2022-02-14 11:30:00,124.3907195500,124.8634259500,123.1203211000,123.1301691500,311000
2022-02-14 13:30:00,123.1104730500,124.1346702500,123.1006250000,123.6028755500,283900
2022-02-14 14:00:00,123.6718119000,123.9672534000,122.9824484000,123.9081651000,273773
2022-02-14 14:30:00,123.9081651000,124.0361897500,123.2581938000,123.5733314000,134400
2022-02-14 15:00:00,123.5240911500,123.9672534000,123.1006250000,123.6915080000,318411
2022-02-15 10:00:00,123.7702924000,125.5626375000,123.6521158000,124.4793520000,798601
2022-02-15 10:30:00,124.3611754000,129.0094550000,124.1543663500,128.8518862000,1048368
2022-02-15 11:00:00,128.7731018000,130.4768144500,127.7981448500,129.9548678000,930369
2022-02-15 11:30:00,129.8465392500,130.1813729500,128.6943174000,128.7041654500,568800
2022-02-15 13:30:00,128.7435576500,129.6003380000,128.1132824500,129.1374796500,566300
2022-02-15 14:00:00,129.0783913500,129.2261121000,128.3496356500,129.2261121000,443400
2022-02-15 14:30:00,129.2261121000,129.9942600000,128.1526746500,129.6200341000,405009
2022-02-15 15:00:00,129.8662353500,130.4275742000,129.6101860500,129.8760834000,680469
2022-02-16 10:00:00,130.5359027500,133.4115333500,129.5018575000,130.5063586000,1163508
2022-02-16 10:30:00,130.5063586000,131.8752375500,130.5063586000,130.7722559500,427447
2022-02-16 11:00:00,130.7722559500,131.3729870000,129.9942600000,130.6934715500,318353
2022-02-16 11:30:00,130.6934715500,131.7472129000,130.5654469000,131.1267857500,216800
2022-02-16 13:30:00,131.1267857500,131.3040506500,130.3192456500,130.3586378500,146600
2022-02-16 14:00:00,130.3586378500,130.9790650000,130.0041080500,130.0041080500,215763
2022-02-16 14:30:00,130.0336522000,130.3290937000,129.0291511000,129.4920094500,260774
2022-02-16 15:00:00,129.5018575000,130.1912210000,129.3245926000,129.8465392500,384811
2022-02-17 10:00:00,129.9942600000,130.7624079000,128.6155330000,129.0193030500,433746
2022-02-17 10:30:00,129.0193030500,131.6782765500,128.8518862000,130.4866625000,439423
2022-02-17 11:00:00,130.4866625000,131.3729870000,129.7972990000,131.3335948000,213950
2022-02-17 11:30:00,131.0381533000,131.5502519000,130.5949910500,131.5010116500,517679
2022-02-17 13:30:00,131.4517714000,132.4267283500,130.0041080500,132.4168803000,620200
2022-02-17 14:00:00,132.4267283500,132.5055127500,131.6684285000,132.2987037000,310700
2022-02-17 14:30:00,132.0131102500,132.4168803000,131.7669090000,131.9737180500,353695
2022-02-17 15:00:00,131.9737180500,132.2002232000,131.0381533000,131.3729870000,316331
2022-02-18 10:00:00,130.5851430000,132.6532335000,129.5806419000,131.9737180500,602800
2022-02-18 10:30:00,132.0131102500,132.0131102500,130.3093976000,130.3290937000,256400
2022-02-18 11:00:00,130.3290937000,130.9790650000,130.0730444000,130.5654469000,150300
2022-02-18 11:30:00,130.7328637500,130.9199767000,130.2995495500,130.3290937000,151052
2022-02-18 13:30:00,130.3093976000,131.0972416000,130.2897015000,130.4866625000,112000
2022-02-18 14:00:00,130.4866625000,131.0086091500,130.3783339500,130.8904325500,143441
2022-02-18 14:30:00,130.8904325500,131.0381533000,130.5949910500,130.6540793500,137153
2022-02-18 15:00:00,130.6540793500,131.2745065000,130.6540793500,131.0086091500,279151
2022-02-21 10:00:00,130.9101286500,132.5547530000,129.9942600000,130.8608884000,478900
2022-02-21 10:30:00,131.0381533000,131.4123792000,129.3935289500,129.6003380000,500600
2022-02-21 11:00:00,129.5117055500,129.7579068000,127.7292085000,129.4526172500,531900
2022-02-21 11:30:00,129.4329211500,130.0927405000,129.0094550000,129.4033770000,204600
2022-02-21 13:30:00,129.1177835500,130.3192456500,129.1177835500,129.5904899500,187800
2022-02-21 14:00:00,129.8169951000,129.8169951000,129.2556562500,129.6003380000,130900
2022-02-21 14:30:00,129.4526172500,130.8411923000,129.1177835500,130.0139561000,363894
2022-02-21 15:00:00,130.3980300500,130.9593689000,129.9942600000,130.1912210000,346931
2022-02-22 10:00:00,130.1222846500,130.4768144500,126.8527320500,126.9315164500,680986
2022-02-22 10:30:00,126.9315164500,127.9655617000,126.8921242500,127.1580216000,353013
2022-02-22 11:00:00,127.1580216000,128.7435576500,127.1087813500,128.3299395500,201388
2022-02-22 11:30:00,128.3299395500,128.3397876000,127.5519436000,127.7981448500,117734
2022-02-22 13:30:00,127.7981448500,128.5072044500,127.0299969500,128.4087239500,179488
2022-02-22 14:00:00,128.4087239500,128.5072044500,127.4239189500,127.4928553000,129352
2022-02-22 14:30:00,127.5027033500,128.2413071000,127.2368060000,127.4140709000,187900
2022-02-22 15:00:00,127.5322475000,128.3496356500,127.0595411000,128.0148019500,402237
2022-02-23 10:00:00,128.8912784000,132.6236893500,128.2019149000,132.6138413000,1077849
2022-02-23 10:30:00,132.6236893500,135.3023589500,132.3971842000,134.9576772000,1094382
2022-02-23 11:00:00,134.9576772000,136.2773159000,134.4258825000,135.9030900000,501149
2022-02-23 11:30:00,135.9030900000,136.6121496000,135.6076485000,135.9030900000,396184
2022-02-23 13:30:00,135.9030900000,137.8037636500,135.9030900000,137.3802975000,422400
2022-02-23 14:00:00,137.3901455500,137.9219402500,136.9371352500,137.9219402500,366286
2022-02-23 14:30:00,137.9317883000,138.5423674000,137.9120922000,138.5029752000,325554
2022-02-23 15:00:00,138.5128232500,138.5128232500,137.4787780000,137.6363468000,445862
2022-02-24 10:00:00,136.7697184000,138.8575050000,136.0212666000,138.2173817500,858198
2022-02-24 10:30:00,138.1976856500,139.0643140500,137.1340962500,137.3212092000,425000
2022-02-24 11:00:00,137.3212092000,137.3606014000,136.7007820500,136.7007820500,271157
2022-02-24 11:30:00,136.6613898500,136.7795664500,135.7061290000,135.9326341500,323444
2022-02-24 13:30:00,135.8046095000,135.8538497500,133.9236319500,135.2137265000,574800
2022-02-24 14:00:00,135.2137265000,135.4993199500,134.5539071500,134.9182850000,259514
2022-02-24 14:30:00,134.9182850000,135.0660057500,133.3425970000,133.7168229000,432900
2022-02-24 15:00:00,133.7168229000,135.5879524000,133.7168229000,135.0167655000,408726
2022-02-25 10:00:00,138.5522154500,138.9461374500,136.9174391500,138.1287493000,687768
2022-02-25 10:30:00,138.0893571000,138.2567739500,137.5181702000,138.1287493000,311500
2022-02-25 11:00:00,138.1385973500,138.6408479000,137.4590819000,138.0204207500,335202
2022-02-25 11:30:00,138.0204207500,138.0204207500,136.4545808000,136.4545808000,179100
2022-02-25 13:30:00,136.4447327500,137.2719689500,136.2773159000,136.6023015500,148699
2022-02-25 14:00:00,136.6023015500,136.9272872000,135.9030900000,136.1591393000,142100
2022-02-25 14:30:00,136.1591393000,136.2970120000,135.6076485000,136.0114185500,159945
2022-02-25 15:00:00,136.0114185500,136.0114185500,135.1940304000,135.5091680000,295367
2022-02-28 10:00:00,135.6076485000,137.7151312000,134.9281330500,135.3023589500,563111
2022-02-28 10:30:00,135.3023589500,136.1000510000,134.1796812500,135.2629667500,294700
2022-02-28 11:00:00,135.2038784500,135.5091680000,134.6523876500,135.3220550500,196500
2022-02-28 11:30:00,135.3220550500,135.8833939000,134.8788928000,135.7061290000,135509
2022-02-28 13:30:00,135.6667368000,135.6667368000,134.7705642500,135.5978004500,205077
2022-02-28 14:00:00,135.5978004500,137.7742195000,135.2826628500,137.3606014000,425200
2022-02-28 14:30:00,137.5378663000,137.8727000000,137.0257677000,137.2128806500,362564
2022-02-28 15:00:00,137.3409053000,137.4098416500,136.8878950000,137.3212092000,338971
2022-03-01 10:00:00,137.3212092000,139.1824906500,136.0114185500,136.0606588000,662836
2022-03-01 10:30:00,136.0606588000,136.7204781500,135.5584082500,135.5879524000,382900
2022-03-01 11:00:00,135.5584082500,135.9030900000,135.3811433500,135.5584082500,192800
2022-03-01 11:30:00,135.5584082500,136.6909340000,135.5584082500,135.6076485000,166100
2022-03-01 13:30:00,135.6076485000,135.7159770500,134.9182850000,135.1053979500,257935
2022-03-01 14:00:00,135.1053979500,136.5530613000,135.1053979500,136.0409627000,198678
2022-03-01 14:30:00,136.1000510000,136.6613898500,135.9030900000,136.6613898500,224091
2022-03-01 15:00:00,136.6613898500,136.6810859500,135.9030900000,135.9030900000,300788
2022-03-02 10:00:00,135.9030900000,135.9030900000,132.5744491000,132.5842971500,926500
2022-03-02 10:30:00,132.5842971500,132.9979152500,131.4813155500,132.2888556500,880010
2022-03-02 11:00:00,132.2888556500,132.9289789000,131.6684285000,132.2691595500,630730
2022-03-02 11:30:00,132.2691595500,132.9388269500,132.0032622000,132.0229583000,298704
2022-03-02 13:30:00,132.1903751500,133.2342684500,132.0032622000,132.6827776500,326400
2022-03-02 14:00:00,132.6827776500,132.8501945000,131.9835661000,132.4464244500,455188
2022-03-02 14:30:00,132.4464244500,132.7517140000,132.0131102500,132.4759686000,326200
2022-03-02 15:00:00,132.4267283500,133.1554840500,132.4267283500,132.7517140000,304011
2022-03-03 10:00:00,132.9486750000,134.1304410000,129.1079355000,130.0139561000,1043354
2022-03-03 10:30:00,130.0139561000,130.8510403500,128.2511551500,128.2511551500,744993
2022-03-03 11:00:00,128.2610032000,128.6943174000,127.6307280000,128.0246500000,714000
2022-03-03 11:30:00,128.0246500000,128.9897589000,127.9163214500,128.1625227000,363605
2022-03-03 13:30:00,128.6549252000,128.6549252000,127.8276890000,128.0640422000,272675
2022-03-03 14:00:00,128.0640422000,128.3200915000,127.7193604500,128.2610032000,277257
2022-03-03 14:30:00,128.2806993000,128.9602147500,128.1329785500,128.8026459500,291005
2022-03-03 15:00:00,128.8026459500,128.8026459500,128.0246500000,128.2117629500,443987
2022-03-04 10:00:00,122.1158200000,122.2143005000,105.7877531000,106.3687880500,8943891
2022-03-04 10:30:00,106.3589400000,106.3589400000,102.5674407500,102.5871368500,4894131
2022-03-04 11:00:00,102.5772888000,105.5907921000,102.5772888000,103.8969275000,2716028
2022-03-04 11:30:00,103.8969275000,105.3741350000,103.0598432500,104.6059871000,1843191
2022-03-04 13:30:00,105.0196052000,105.0983896000,103.5030055000,104.0151041000,1471542
2022-03-04 14:00:00,104.1037365500,104.3893300000,102.9613627500,103.2174120500,1547598
2022-03-04 14:30:00,103.2272601000,103.4045250000,102.7545537000,103.4045250000,1470174
2022-03-04 15:00:00,103.3946769500,104.1431287500,102.5674407500,103.7590548000,2979296
2022-03-07 10:00:00,101.3167384000,101.8288370000,95.5260850000,96.2351446000,5796105
2022-03-07 10:30:00,96.2351446000,97.3972145000,95.2404915500,96.7275471000,3191092
2022-03-07 11:00:00,96.7275471000,96.7275471000,94.7086968500,94.7086968500,2050281
2022-03-07 11:30:00,94.7185449000,94.8367215000,92.9557439500,93.2413374000,2370482
2022-03-07 13:30:00,93.1625530000,94.2458385000,92.5716700000,93.5170828000,2206634
2022-03-07 14:00:00,93.5367789000,95.1223149500,92.8080232000,93.5860191500,1960475
2022-03-07 14:30:00,93.5860191500,94.2261424000,92.4830375500,94.2261424000,2081263
2022-03-07 15:00:00,94.2359904500,95.2503396000,93.1034647000,94.4329514500,2266938
2022-03-08 10:00:00,94.3837112000,95.7821343000,91.4883845000,91.4883845000,3698069
2022-03-08 10:30:00,91.4686884000,92.6996946500,91.4391442500,91.9216987000,1662234
2022-03-08 11:00:00,91.9413948000,92.8277193000,91.8626104000,92.1482038500,944017
2022-03-08 11:30:00,92.1482038500,92.3353168000,89.6172550000,90.3066185000,1471400
2022-03-08 13:30:00,90.2869224000,91.5868650000,89.9126965000,90.7202366000,1994098
2022-03-08 14:00:00,90.7497807500,93.0542244500,90.7497807500,92.6898466000,1438731
2022-03-08 14:30:00,93.0148322500,93.0148322500,92.2860765500,92.2860765500,1004169
2022-03-08 15:00:00,92.2762285000,92.4633414500,91.1929430000,91.5868650000,1277633
2022-03-09 10:00:00,93.5564750000,98.8251817500,93.0640725000,97.7911365000,6352974
2022-03-09 10:30:00,97.6729599000,99.7607465000,97.4070625500,98.2342987500,2001912
2022-03-09 11:00:00,98.2835390000,98.8744220000,97.6828079500,98.4706519500,1039301
2022-03-09 11:30:00,98.3918675500,99.0418388500,98.1653624000,98.4411078000,906936
2022-03-09 13:30:00,98.2638429000,98.2638429000,96.5502822000,96.7078510000,1215571
2022-03-09 14:00:00,96.7078510000,96.8949639500,94.4427995000,96.0480316500,1583544
2022-03-09 14:30:00,96.1662082500,97.6532638000,95.8806148000,97.6532638000,875354
2022-03-09 15:00:00,97.7123521000,98.2933870500,97.3184301000,97.7123521000,1133995
2022-03-10 10:00:00,100.5978307500,101.0212969000,96.4911939000,98.1949065500,4896881
2022-03-10 10:30:00,98.1850585000,98.9335103000,97.4759989000,98.1752104500,2301917
2022-03-10 11:00:00,98.1653624000,99.4259128000,97.5843274500,99.1895596000,1132357
2022-03-10 11:30:00,99.1895596000,100.3319334000,98.8350298000,99.1600154500,1207335
2022-03-10 13:30:00,99.1107752000,99.1107752000,97.3676703500,98.0767299500,1309175
2022-03-10 14:00:00,97.8896170000,98.8350298000,97.8699209000,98.4411078000,989890
2022-03-10 14:30:00,98.3721714500,99.1501674000,98.3721714500,99.1009271500,1008070
2022-03-10 15:00:00,99.1501674000,99.4554569500,98.0767299500,98.2146026500,1431077
2022-03-11 10:00:00,96.5305861000,98.7562454000,95.5359330500,96.2056004500,1831067
2022-03-11 10:30:00,96.1859043500,96.6980029500,93.9405489500,94.2261424000,1477504
2022-03-11 11:00:00,94.2162943500,95.2798837500,94.0488775000,94.4821917000,799715
2022-03-11 11:30:00,94.4821917000,94.8367215000,93.5663230500,93.7632840500,713180
2022-03-11 13:30:00,93.7731321000,95.4079084000,93.7632840500,94.6988488000,492600
2022-03-11 14:00:00,94.7480890500,95.8806148000,94.4526475500,95.6935018500,549300
2022-03-11 14:30:00,95.6935018500,96.6192185500,95.0336825000,96.5305861000,796900
2022-03-11 15:00:00,96.6192185500,96.6881549000,96.0184875000,96.5108900000,873303
2022-03-14 10:00:00,96.1169680000,96.3434731500,94.3049268000,95.8215265000,1634694
2022-03-14 10:30:00,95.8215265000,96.0184875000,94.7382410000,95.7821343000,783300
2022-03-14 11:00:00,95.7821343000,96.1071199500,95.0435305500,95.6541096500,665900
2022-03-14 11:30:00,95.7230460000,96.0184875000,94.8958098000,94.9253539500,503800
2022-03-14 13:30:00,94.8958098000,95.9692472500,94.5905202500,95.1420110500,586100
2022-03-14 14:00:00,95.1321630000,95.5260850000,94.3640151000,94.9352020000,673900
2022-03-14 14:30:00,94.9352020000,95.0139864000,94.3443190000,94.8465695500,604860
2022-03-14 15:00:00,94.8465695500,95.0336825000,94.1965982500,94.1965982500,709076
2022-03-15 10:00:00,93.9208528500,95.7427421000,92.8966556500,94.3246229000,1774181
2022-03-15 10:30:00,94.3246229000,96.7767873500,93.9307009000,96.3927134000,961667
2022-03-15 11:00:00,96.3927134000,97.7911365000,95.8806148000,95.8806148000,1078177
2022-03-15 11:30:00,95.8806148000,96.1169680000,95.2109474000,95.4374525500,518131
2022-03-15 13:30:00,95.4669967000,95.6935018500,94.6496085500,95.0336825000,540135
2022-03-15 14:00:00,95.0533786000,95.6147174500,94.6397605000,94.7382410000,679800
2022-03-15 14:30:00,94.7382410000,95.4079084000,94.3541670500,94.5609761000,771000
2022-03-15 15:00:00,94.5609761000,95.0632266500,93.3989062000,93.3989062000,1180166
2022-03-16 10:00:00,96.0184875000,97.4956950000,93.8420684500,97.4563028000,2136916
2022-03-16 10:30:00,97.4563028000,98.9729025000,96.2252965500,98.7168532000,3145266
2022-03-16 11:00:00,98.7168532000,99.7902906500,97.4956950000,97.5350872000,1868783
2022-03-16 11:30:00,97.5350872000,98.4805000000,96.6881549000,98.4608039000,775815
2022-03-16 13:30:00,98.4608039000,99.1797115500,97.9979455500,99.1797115500,832489
2022-03-16 14:00:00,99.1797115500,100.1940607000,98.8153337000,99.7016582000,905329
2022-03-16 14:30:00,99.7115062500,102.1045824000,99.7016582000,100.3713256000,1494034
2022-03-16 15:00:00,100.3811736500,103.0106030000,100.1546685000,102.5182005000,1525086
2022-03-17 10:00:00,106.2407634000,107.2255684000,104.4878105000,105.5120077000,3217330
2022-03-17 10:30:00,105.5907921000,106.8513425000,105.5120077000,106.6445334500,1021300
2022-03-17 11:00:00,106.5559010000,106.6445334500,104.8226442000,105.6695765000,885500
2022-03-17 11:30:00,105.6695765000,106.1324348500,105.3741350000,105.8172972500,460287
2022-03-17 13:30:00,105.7286648000,107.9444760500,105.6695765000,107.5308579500,1149007
2022-03-17 14:00:00,107.4717696500,107.5308579500,105.4529194000,105.8665375000,674551
2022-03-17 14:30:00,105.8665375000,105.8665375000,104.4878105000,105.3839830500,767951
2022-03-17 15:00:00,105.4135272000,105.4824635500,104.4878105000,104.5370507500,639004
2022-03-18 10:00:00,104.1529768000,106.8513425000,103.4833094000,105.7582089500,1432586
2022-03-18 10:30:00,105.5907921000,106.9202788500,105.5513999000,105.7483609000,767100
2022-03-18 11:00:00,105.8172972500,106.0831946000,105.5809440500,106.0142582500,323828
2022-03-18 11:30:00,106.0142582500,106.6740776000,105.7877531000,106.3786361000,309910
2022-03-18 13:30:00,106.2210673000,106.9498230000,105.9256258000,106.4081802500,400400
2022-03-18 14:00:00,106.2407634000,106.4180283000,105.2559584000,105.9748660500,604414
2022-03-18 14:30:00,105.9748660500,106.1422829000,105.4233752500,105.9157777500,217100
2022-03-18 15:00:00,105.9157777500,106.0044102000,105.3051986500,105.3741350000,560364
2022-03-21 10:00:00,107.1467840000,109.0868498500,104.8915805500,107.6194904000,1375279
2022-03-21 10:30:00,107.6194904000,107.6884267500,106.4278763500,106.4574205000,389588
2022-03-21 11:00:00,106.4574205000,106.4869646500,105.4726155000,105.7582089500,528553
2022-03-21 11:30:00,105.7582089500,105.7680570000,105.1574779000,105.2264142500,418689
2022-03-21 13:30:00,105.1574779000,105.4726155000,104.3499378000,104.8226442000,575072
2022-03-21 14:00:00,104.8817325000,106.5263568500,104.8817325000,105.6597284500,465567
2022-03-21 14:30:00,105.6597284500,106.8513425000,105.6597284500,106.3195478000,315000
2022-03-21 15:00:00,106.3195478000,107.3437450000,105.6892726000,106.3786361000,548877
2022-03-22 10:00:00,106.0634985000,106.6543815000,104.4878105000,106.2309153500,605204
2022-03-22 10:30:00,106.1127387500,106.1619790000,105.0294532500,105.1870220500,281100
2022-03-22 11:00:00,105.2165662000,105.2953506000,104.2120651000,104.4582663500,541695
2022-03-22 11:30:00,104.2514573000,105.2461103500,104.2120651000,105.0196052000,309300
2022-03-22 13:30:00,105.0196052000,105.5021596500,104.5173546500,104.6059871000,248999
2022-03-22 14:00:00,104.6552273500,105.5907921000,104.5272027000,104.6749234500,329576
2022-03-22 14:30:00,104.6847715000,105.0097571500,104.4681144000,104.6749234500,207363
2022-03-22 15:00:00,104.7438598000,105.1673259500,104.7438598000,105.0786935000,363709
2022-03-23 10:00:00,105.8665375000,106.3195478000,103.2075640000,103.7590548000,831700
2022-03-23 10:30:00,103.7885989500,105.3544389000,103.7885989500,104.1726729000,470819
2022-03-23 11:00:00,104.1726729000,104.7143156500,103.7295106500,104.4582663500,334677
2022-03-23 11:30:00,104.4582663500,105.3347428000,104.0544963000,104.2908495000,292399
2022-03-23 13:30:00,104.2416092500,105.9551699500,104.2416092500,105.2953506000,420623
2022-03-23 14:00:00,105.2953506000,105.7089687000,104.4681144000,104.5567468500,335510
2022-03-23 14:30:00,104.5665949000,104.9703649500,104.2613053500,104.8127961500,290300
2022-03-23 15:00:00,104.8127961500,105.1771740000,104.5272027000,104.6650754000,356340
2022-03-24 10:00:00,104.3794819500,104.3794819500,102.8530342000,103.0893874000,538717
2022-03-24 10:30:00,103.0696913000,103.2469562000,102.2227590000,102.3015434000,709359
2022-03-24 11:00:00,102.3015434000,103.6999665000,102.2424551000,103.1386276500,530300
2022-03-24 11:30:00,103.1484757000,103.6704223500,102.5378966000,103.2568042500,312801
2022-03-24 13:30:00,103.3552847500,103.4734613500,102.3015434000,102.3015434000,832134
2022-03-24 14:00:00,102.3212395000,103.1189315500,102.0257980000,102.1242785000,1090230
2022-03-24 14:30:00,102.1242785000,102.8234900500,102.0848863000,102.4985044000,735600
2022-03-24 15:00:00,102.4985044000,102.4985044000,101.7795967500,102.2227590000,765548
2022-03-25 10:00:00,102.4197200000,103.8181431000,100.7947917500,101.5432435500,805178
2022-03-25 10:30:00,101.5432435500,101.7697487000,99.5145452500,99.9380114000,531914
2022-03-25 11:00:00,99.9380114000,100.6175268500,98.9827505500,99.4653050000,785300
2022-03-25 11:30:00,99.3668245000,100.1842126500,99.0713830000,99.5046972000,570418
2022-03-25 13:30:00,99.4653050000,100.2925412000,98.7759415000,99.4751530500,834300
2022-03-25 14:00:00,99.4751530500,99.7508984500,99.1107752000,99.2289518000,553468
2022-03-25 14:30:00,99.1895596000,99.9084672500,98.1949065500,98.6380688000,967753
2022-03-25 15:00:00,98.6282207500,98.9729025000,98.0865780000,98.4903480500,858576
2022-03-28 10:00:00,97.9684014000,98.1456663000,96.1662082500,96.9835964000,1182165
2022-03-28 10:30:00,96.9835964000,97.5646313500,96.6192185500,97.1904054500,534596
2022-03-28 11:00:00,97.1904054500,97.9782494500,96.8457237000,97.5153911000,436200
2022-03-28 11:30:00,97.5153911000,97.8896170000,96.6881549000,97.0525327500,487600
2022-03-28 13:30:00,97.0525327500,97.0525327500,96.1366641000,96.8063315000,476002
2022-03-28 14:00:00,96.8851159000,97.3775184000,96.7669393000,97.2987340000,308715
2022-03-28 14:30:00,97.3578223000,97.6237196500,96.3927134000,96.4321056000,377592
2022-03-28 15:00:00,96.4321056000,97.1608613000,96.2351446000,96.8161795500,660357
2022-03-29 10:00:00,97.3873664500,98.3130831500,96.8161795500,97.3676703500,673138
2022-03-29 10:30:00,97.3775184000,97.4464547500,96.0972719000,96.1760563000,405699
2022-03-29 11:00:00,96.1760563000,96.5207380500,95.8215265000,96.3730173000,207435
2022-03-29 11:30:00,96.2548407000,96.3139290000,95.2897318000,95.3685162000,244500
2022-03-29 13:30:00,95.2601876500,96.3631692500,95.0336825000,95.8806148000,257000
2022-03-29 14:00:00,95.8806148000,96.7964834500,95.8412226000,96.5010419500,263500
2022-03-29 14:30:00,96.5010419500,96.6093705000,95.7427421000,95.7427421000,299700
2022-03-29 15:00:00,95.7427421000,96.5108900000,95.5359330500,96.1169680000,408266
2022-03-30 10:00:00,97.4956950000,100.3713256000,96.9048120000,99.1994076500,1322488
2022-03-30 10:30:00,99.1994076500,100.3319334000,99.0418388500,99.9872516500,820274
2022-03-30 11:00:00,100.1349724000,100.4501100000,98.5888285500,98.8645739500,458700
2022-03-30 11:30:00,98.8645739500,99.8099867500,98.7759415000,99.1009271500,359130
2022-03-30 13:30:00,99.1994076500,99.5834816000,98.4903480500,99.0418388500,415200
2022-03-30 14:00:00,99.0713830000,99.1994076500,98.5297402500,98.9335103000,347300
2022-03-30 14:30:00,98.8744220000,99.4653050000,98.5888285500,98.6380688000,360500
2022-03-30 15:00:00,98.6380688000,99.2191037500,98.5888285500,99.1206232500,511735
2022-03-31 10:00:00,98.2933870500,99.2486479000,97.5941755000,97.9880975000,722439
2022-03-31 10:30:00,97.9290092000,98.4706519500,96.4124095000,97.2691898500,598900
2022-03-31 11:00:00,97.2691898500,97.7320482000,96.8063315000,96.8063315000,390000
2022-03-31 11:30:00,96.8063315000,97.8699209000,96.8063315000,97.7911365000,296375
2022-03-31 13:30:00,97.6729599000,98.3623234000,97.3479742500,97.8502248000,306392
2022-03-31 14:00:00,97.5843274500,98.1850585000,97.5252391500,97.7418962500,256100
2022-03-31 14:30:00,97.7418962500,98.7956376000,97.6040235500,97.7615923500,291500
2022-03-31 15:00:00,97.7615923500,98.1653624000,97.4759989000,97.6926560000,529428
2022-04-01 10:00:00,97.3873664500,99.0713830000,96.0381836000,97.2593418000,769372
2022-04-01 10:30:00,97.2593418000,98.6282207500,97.2593418000,98.3721714500,309100
2022-04-01 11:00:00,98.3918675500,98.9630544500,98.0176416500,98.4706519500,344096
2022-04-01 11:30:00,98.4706519500,98.4805000000,97.7418962500,97.8305287000,177613
2022-04-01 13:30:00,97.8403767500,98.4312597500,97.8403767500,98.0964260500,131529
2022-04-01 14:00:00,98.0964260500,98.2835390000,97.9191611500,98.0176416500,190800
2022-04-01 14:30:00,98.0373377500,98.0964260500,97.6434157500,97.6926560000,185100
2022-04-01 15:00:00,97.7714404000,97.8797689500,97.3381262000,97.5646313500,349261
2022-04-06 10:00:00,96.8851159000,97.6828079500,95.7722862500,96.0381836000,690400
2022-04-06 10:30:00,95.9889433500,96.3927134000,94.1473580000,94.5412800000,794152
2022-04-06 11:00:00,94.5412800000,94.8859617500,94.3935592500,94.5905202500,439500
2022-04-06 11:30:00,94.5905202500,94.5905202500,93.8913087000,94.2458385000,605321
2022-04-06 13:30:00,94.2458385000,95.5260850000,94.2458385000,95.4473006000,399100
2022-04-06 14:00:00,95.4866928000,95.5654772000,94.6102163500,94.6102163500,301500
2022-04-06 14:30:00,94.6102163500,95.0336825000,94.4723436500,94.4723436500,319988
2022-04-06 15:00:00,94.4723436500,95.4079084000,94.2458385000,95.1420110500,483540
2022-04-07 10:00:00,94.6102163500,96.0086394500,94.1178138500,95.3980603500,576000
2022-04-07 10:30:00,95.5950213500,95.5950213500,94.0685736000,94.1769021500,498550
2022-04-07 11:00:00,94.1867502000,95.2897318000,94.0094853000,94.1867502000,323400
2022-04-07 11:30:00,94.1867502000,94.5412800000,93.2216413000,93.4087542500,296800
2022-04-07 13:30:00,93.3496659500,93.8026762500,93.0542244500,93.0837686000,354800
2022-04-07 14:00:00,93.0739205500,93.2905776500,92.7292388000,92.9951361500,399800
2022-04-07 14:30:00,92.9163517500,93.3201218000,92.5125817000,92.8080232000,347500
2022-04-07 15:00:00,92.7686310000,93.0443764000,92.4633414500,92.5716700000,399707
2022-04-08 10:00:00,92.6603024500,94.2261424000,91.8035221000,93.4481464500,998865
2022-04-08 10:30:00,93.4875386500,93.7731321000,91.2914235000,91.9610909000,501340
2022-04-08 11:00:00,91.8429143000,95.1912513000,91.8330662500,94.0390294500,793800
2022-04-08 11:30:00,94.1473580000,94.2753826500,92.8671115000,93.1724010500,341300
2022-04-08 13:30:00,93.1724010500,93.9996372500,93.0837686000,93.1330088500,283300
2022-04-08 14:00:00,93.1231608000,93.3792101000,92.5815180500,92.8080232000,244500
2022-04-08 14:30:00,92.8080232000,92.8080232000,92.0989636000,92.1678999500,345700
2022-04-08 15:00:00,92.1482038500,92.1482038500,91.2914235000,91.7739779500,867898
2022-04-11 10:00:00,90.1785938500,91.6164091500,87.2537230000,87.7855177000,1677384
2022-04-11 10:30:00,87.8446060000,88.7506266000,86.9681295500,87.1749386000,1437107
2022-04-11 11:00:00,87.2438749500,87.4408359500,85.6189467000,85.8159077000,1147275
2022-04-11 11:30:00,85.8159077000,87.8347579500,85.7469713500,86.8302568500,689487
2022-04-11 13:30:00,86.8105607500,87.0961542000,85.7568194000,85.8257557500,783040
2022-04-11 14:00:00,85.8454518500,86.7416244000,85.8159077000,86.1605894500,1076128
2022-04-11 14:30:00,86.1408933500,86.6234478000,85.9734765000,86.0719570000,707420
2022-04-11 15:00:00,86.0719570000,86.1507414000,85.2841130000,85.9734765000,950954
2022-04-12 10:00:00,85.0841061000,86.7541657900,83.8389728400,84.5603595700,1477179
2022-04-12 10:30:00,84.6295336400,84.9062299200,83.3053443000,83.7006247000,830013
2022-04-12 11:00:00,83.6512146500,84.1354331400,82.3961993800,82.7914797800,930400
2022-04-12 11:30:00,82.7618337500,83.9674389700,82.7420697300,83.1472321400,503700
2022-04-12 13:30:00,83.1077041000,85.2619822800,83.0582940500,85.1730441900,734575
2022-04-12 14:00:00,84.9951680100,85.8549028800,84.9951680100,85.2619822800,628757
2022-04-12 14:30:00,85.2619822800,85.6572626800,85.1532801700,85.4991505200,590746
2022-04-12 15:00:00,85.4991505200,85.8549028800,85.2817463000,85.6869087100,639376
2022-04-13 10:00:00,85.0841061000,85.5090325300,83.7994448000,84.3330733400,675900
2022-04-13 10:30:00,84.3231913300,84.5504775600,83.5128665100,84.2441352500,448712
2022-04-13 11:00:00,84.2441352500,84.6196516300,83.4436924400,83.5721585700,352800
2022-04-13 11:30:00,83.5721585700,84.2243712300,83.4436924400,83.4535744500,349500
2022-04-13 13:30:00,83.4832204800,83.8192088200,83.1472321400,83.3646363600,430843
2022-04-13 14:00:00,83.3646363600,83.8290908300,83.2065242000,83.2658162600,435800
2022-04-13 14:30:00,83.2658162600,83.6808606800,82.9100639000,83.1274681200,716533
2022-04-13 15:00:00,83.1472321400,83.5523945500,82.7420697300,82.7420697300,835390
2022-04-14 10:00:00,84.9852860000,87.2581483000,84.5900056000,86.2699473000,1906395
2022-04-14 10:30:00,86.2699473000,88.1870572400,86.2007732300,87.7720128200,1107600
2022-04-14 11:00:00,87.7423667900,87.9004789500,86.9715700100,87.7028387500,682464
2022-04-14 11:30:00,87.7028387500,88.5230455800,87.6534287000,88.1080011600,449744
2022-04-14 13:30:00,88.0882371400,90.4203915000,87.9894170400,90.4203915000,1127952
2022-04-14 14:00:00,90.4203915000,91.5074126000,90.0844031600,90.3907454700,968654
2022-04-14 14:30:00,90.4203915000,90.4994475800,89.2444323100,89.2444323100,619500
2022-04-14 15:00:00,89.2345503000,89.8867629600,88.9677360300,89.4420725100,686309
2022-04-15 10:00:00,89.0270280900,89.0369101000,86.4478234800,86.9616880000,1049961
2022-04-15 10:30:00,86.9715700100,87.8905969400,86.4675875000,86.4675875000,601000
2022-04-15 11:00:00,86.4577054900,87.2383842800,85.4892685100,87.0703901100,716800
2022-04-15 11:30:00,87.0703901100,87.0901541300,86.2798293100,86.3490033800,389633
2022-04-15 13:30:00,86.3588853900,87.8609509100,86.0821891100,87.8609509100,534263
2022-04-15 14:00:00,87.8609509100,89.1653762300,87.6830747300,88.9282079900,627449
2022-04-15 14:30:00,88.9973820600,89.2740783400,87.7127207600,87.8214228700,460386
2022-04-15 15:00:00,87.7423667900,88.1178831700,87.4755525200,87.6534287000,357214
2022-04-18 10:00:00,87.6830747300,90.9144920000,87.0407440800,90.8650819500,1314393
2022-04-18 10:30:00,90.8255539100,91.0923681800,89.6397127100,90.9144920000,830400
2022-04-18 11:00:00,90.8947279800,91.8434009400,90.1338132100,91.3097724000,741000
2022-04-18 11:30:00,91.3097724000,91.6062327000,90.9243740100,91.0330761200,548500
2022-04-18 13:30:00,91.1220142100,91.6457607400,90.4203915000,90.9737840600,793711
2022-04-18 14:00:00,90.9737840600,92.3869114900,90.7168518000,92.2979734000,770921
2022-04-18 14:30:00,92.2683273700,92.2683273700,91.4184745100,91.7742268700,637402
2022-04-18 15:00:00,91.7445808400,91.7841088800,90.8650819500,91.3591824500,772803
2022-04-19 10:00:00,91.8730469700,93.6419267600,90.8848459700,91.0034300900,1233595
2022-04-19 10:30:00,91.0034300900,91.2603623500,89.9361730100,90.3709814500,542856
2022-04-19 11:00:00,90.3709814500,90.5686216500,90.0251111000,90.2128692900,435336
2022-04-19 11:30:00,90.2128692900,90.6279137100,90.1239312000,90.4203915000,217093
2022-04-19 13:30:00,90.6674417500,91.1714242600,90.1535772300,90.5093295900,289775
2022-04-19 14:00:00,90.5093295900,90.5883856700,89.5112465800,89.8077068800,353779
2022-04-19 14:30:00,89.7879428600,90.0349931100,89.6001846700,89.8768809500,191263
2022-04-19 15:00:00,89.8768809500,90.3116893900,89.5507746200,90.0251111000,412038
2022-04-20 10:00:00,90.0251111000,90.5686216500,87.6534287000,88.9380900000,919400
2022-04-20 10:30:00,88.8886799500,89.3234883900,88.1475292000,88.7404498000,517900
2022-04-20 11:00:00,88.7404498000,89.3333704000,88.3451694000,88.8886799500,340200
2022-04-20 11:30:00,88.8985619600,89.2345503000,88.5922196500,88.7700958300,155631
2022-04-20 13:30:00,88.7700958300,89.2147862800,88.6218656800,88.9875000500,173769
2022-04-20 14:00:00,88.9084439700,88.9776180400,88.2463493000,88.3748154300,258900
2022-04-20 14:30:00,88.3748154300,88.4835175400,87.9301249800,88.1178831700,290149
2022-04-20 15:00:00,88.1178831700,88.4933995500,87.9301249800,88.1178831700,333033
2022-04-21 10:00:00,88.0091810600,90.6081496900,87.1395641800,89.3630164300,669700
2022-04-21 10:30:00,89.1851402500,89.7187687900,88.7700958300,89.4321905000,429500
2022-04-21 11:00:00,89.3333704000,89.6693587400,89.1258481900,89.6693587400,344301
2022-04-21 11:30:00,89.6594767300,89.7286508000,88.8590339200,89.0467921100,534687
2022-04-21 13:30:00,89.0270280900,89.6100666800,88.4637535200,88.4835175400,578550
2022-04-21 14:00:00,88.4835175400,88.4835175400,87.2186202600,87.4656705100,394300
2022-04-21 14:30:00,87.4459064900,87.6929567400,86.7344017700,87.3372043800,547329
2022-04-21 15:00:00,87.3372043800,87.3372043800,86.1217171500,86.9616880000,695200
2022-04-22 10:00:00,86.9616880000,87.8313048800,85.0841061000,85.6770267000,710359
2022-04-22 10:30:00,85.6770267000,86.9913340300,85.4892685100,86.9913340300,525798
2022-04-22 11:00:00,86.9913340300,87.0110980500,85.0742240900,85.1829262000,313800
2022-04-22 11:30:00,85.1829262000,85.6276166500,84.5998876100,84.6690616800,372937
2022-04-22 13:30:00,84.7184717300,85.2125722300,84.5900056000,84.9655219800,416688
2022-04-22 14:00:00,84.9852860000,85.6473806700,84.8271738400,85.5287965500,416899
2022-04-22 14:30:00,85.5287965500,85.5287965500,84.5900056000,84.6394156500,423743
2022-04-22 15:00:00,84.5998876100,84.8074098200,84.2836632900,84.5900056000,443004
2022-04-25 10:00:00,81.1905941600,83.6610966600,81.1905941600,82.3369073200,871320
2022-04-25 10:30:00,82.3369073200,82.3369073200,80.8644878300,81.0324820000,578100
2022-04-25 11:00:00,81.0225999900,81.4672904400,80.6866116500,80.9830719500,330501
2022-04-25 11:30:00,80.9830719500,82.1886771700,80.7557857200,81.6649306400,358798
2022-04-25 13:30:00,81.5562285300,81.7143406900,80.7459037100,81.6748126500,342800
2022-04-25 14:00:00,81.6748126500,81.7637507400,80.5383815000,80.6668476300,661500
2022-04-25 14:30:00,80.6372016000,81.5661105400,79.9751069300,81.4771724500,652400
2022-04-25 15:00:00,81.4672904400,82.3171433000,79.9652249200,80.2023931600,1265975
2022-04-26 10:00:00,80.8644878300,80.9830719500,78.1864631200,78.7102096500,1050264
2022-04-26 10:30:00,78.7200916600,79.9355788900,77.7911827200,79.9355788900,787635
2022-04-26 11:00:00,79.9948709500,80.3605053200,79.1845461300,79.1845461300,533000
2022-04-26 11:30:00,79.0857260300,80.3407413000,78.6805636200,80.3407413000,500667
2022-04-26 13:30:00,80.4099153700,80.5087354700,79.1054900500,79.2932482400,871300
2022-04-26 14:00:00,79.2932482400,79.4019503500,78.0481149800,78.0876430200,470491
2022-04-26 14:30:00,78.0876430200,78.3248112600,77.3168462400,77.8900028200,474200
2022-04-26 15:00:00,77.7417726700,77.9394128700,76.2891172000,77.1784981000,732326
2022-04-27 10:00:00,76.8523917700,77.4749584000,74.7969336900,75.8641907700,977424
2022-04-27 10:30:00,75.8246627300,76.4274653400,75.5677304700,75.9432468500,362200
2022-04-27 11:00:00,75.9432468500,77.6231885500,75.6665505700,77.4749584000,394615
2022-04-27 11:30:00,77.4749584000,79.0165519600,77.1686160900,79.0066699500,599160
2022-04-27 13:30:00,79.2339561800,81.9910369700,79.0560800000,81.7835147600,985776
2022-04-27 14:00:00,81.9218629000,83.8982649000,81.5265825000,83.8883828900,1162000
2022-04-27 14:30:00,83.8982649000,84.9852860000,83.5721585700,84.0069670100,1201121
2022-04-27 15:00:00,83.9970850000,83.9970850000,83.1175861100,83.5919225900,731043
2022-04-28 10:00:00,82.2677332500,83.2559342500,81.4079983800,83.0187660100,875352
2022-04-28 10:30:00,83.0385300300,84.8370558500,82.7124237000,84.8370558500,651500
2022-04-28 11:00:00,84.8370558500,84.8667018800,83.9674389700,84.0959051000,360961
2022-04-28 11:30:00,84.1057871100,84.1453151500,82.6630136500,82.6728956600,515000
2022-04-28 13:30:00,82.6136036000,82.9495919400,82.0108009900,82.0602110400,444407
2022-04-28 14:00:00,82.0602110400,82.2973792800,81.4969364700,81.7143406900,626500
2022-04-28 14:30:00,81.6748126500,81.8823348600,81.0621280300,81.4574084300,852659
2022-04-28 15:00:00,81.4574084300,82.0503290300,81.3783523500,81.8230428000,612629
2022-04-29 10:00:00,84.1848431900,85.8351388600,82.8112438000,84.0860230900,1415238
2022-04-29 10:30:00,83.9970850000,85.6671446900,83.3053443000,84.7876458000,752811
2022-04-29 11:00:00,84.6987077100,85.4102124300,84.4220114300,85.4102124300,340121
2022-04-29 11:30:00,85.3706843900,87.5743726200,85.2619822800,87.4656705100,1067072
2022-04-29 13:30:00,87.4755525200,90.8947279800,87.4360244800,90.6377957200,1641958
2022-04-29 14:00:00,90.6377957200,94.3237854500,90.1239312000,93.9877971100,1562335
2022-04-29 14:30:00,94.0075611300,94.4720156000,92.2189173200,93.5628706800,924889
2022-04-29 15:00:00,93.5628706800,93.9186230400,92.8908940000,92.9501860600,725794
2022-05-05 10:00:00,93.3553484700,94.8672960000,92.4956136000,93.1181802300,1377911
2022-05-05 10:30:00,93.1181802300,95.6380927800,92.6537257600,95.3712785100,1033550
2022-05-05 11:00:00,95.3613965000,95.9246710700,94.4720156000,94.8870600200,765447
2022-05-05 11:30:00,94.8870600200,97.2093323700,94.6696558000,97.2093323700,599097
2022-05-05 13:30:00,97.2290963900,97.8318990000,95.9543171000,97.4366186000,981827
2022-05-05 14:00:00,97.4366186000,97.4662646300,96.3397154900,96.7251138800,602200
2022-05-05 14:30:00,96.6954678500,96.7547599100,95.4206885600,95.6973848400,551861
2022-05-05 15:00:00,95.6973848400,95.8357329800,95.2428123800,95.2428123800,587198
2022-05-06 10:00:00,91.9026930000,94.8574139900,91.5074126000,92.9995961100,989050
2022-05-06 10:30:00,92.9995961100,94.5807177100,91.9125750100,94.4423695700,427367
2022-05-06 11:00:00,94.4423695700,96.2903054400,93.5431066600,95.8752610200,503631
2022-05-06 11:30:00,95.8752610200,96.2408953900,94.8870600200,94.8870600200,367200
2022-05-06 13:30:00,94.7981219300,96.3594795100,94.3731955000,96.3594795100,257200
2022-05-06 14:00:00,96.3792435300,96.4385355900,95.0056441400,95.1143462500,196000
2022-05-06 14:30:00,95.1143462500,95.3119864500,94.5510716800,94.7783579100,183300
2022-05-06 15:00:00,95.0945822300,95.6380927800,94.7684759000,94.7783579100,280700
2022-05-09 10:00:00,93.7605108800,95.7863229300,92.0113951100,92.8810119900,1016793
2022-05-09 10:30:00,92.7920739000,93.1181802300,91.7050528000,91.7050528000,513000
2022-05-09 11:00:00,91.7149348100,92.3869114900,91.6259967200,91.7742268700,375700
2022-05-09 11:30:00,91.7149348100,91.9224570200,90.9144920000,90.9935480800,347700
2022-05-09 13:30:00,90.9836660700,91.5963506900,90.6377957200,90.6377957200,335600
2022-05-09 14:00:00,90.6674417500,90.8255539100,89.6397127100,90.4105094900,587207
2022-05-09 14:30:00,90.5192116000,90.7464978300,89.7681788400,89.9262910000,476600
2022-05-09 15:00:00,89.9262910000,90.2029872800,89.7780608500,90.0547571300,424549
2022-05-10 10:00:00,89.6397127100,94.1854373100,87.9498890000,93.5035786200,1380841
2022-05-10 10:30:00,93.3751124900,95.0649362000,92.9600680700,95.0451721800,734550
2022-05-10 11:00:00,95.0451721800,95.1044642400,93.4936966100,94.1360272600,379200
2022-05-10 11:30:00,94.1360272600,94.3731955000,93.4146405300,93.4146405300,277413
2022-05-10 13:30:00,93.3948765100,94.4324875600,93.1478262600,94.3830775100,295800
2022-05-10 14:00:00,94.3830775100,94.8178859500,93.8988590200,94.2546113800,358710
2022-05-10 14:30:00,94.2546113800,94.4127235400,93.7308648500,94.2348473600,328400
2022-05-10 15:00:00,94.0668531900,94.7981219300,93.9976791200,94.6004817300,537846
2022-05-11 10:00:00,94.1459092700,99.0177402000,93.8790950000,98.3951735700,1523041
2022-05-11 10:30:00,98.4248196000,100.0849972800,98.1382413100,99.8083010000,960099
2022-05-11 11:00:00,99.5217227100,100.5988618000,99.2153804000,100.1245253200,833263
2022-05-11 11:30:00,100.1245253200,101.7748209900,99.4229026100,100.9941422000,678107
2022-05-11 13:30:00,100.9941422000,101.5771807900,100.4012216000,100.9842601900,735497
2022-05-11 14:00:00,100.9150861200,101.4388326500,100.3024015000,100.9249681300,604000
2022-05-11 14:30:00,100.9743781800,101.1917824000,99.4723126600,99.8083010000,488958
2022-05-11 15:00:00,99.7885369800,101.2708384800,99.1165603000,99.1165603000,979560
2022-05-12 10:00:00,99.3142005000,99.9071211000,97.9900111600,98.7212799000,809139
2022-05-12 10:30:00,98.6422238200,99.7094809000,98.4248196000,99.3043184900,354866
2022-05-12 11:00:00,99.2944364800,100.1838173800,98.4050555800,99.3240825100,355739
2022-05-12 11:30:00,99.3240825100,100.4901596900,99.2549084400,100.1146433100,250091
2022-05-12 13:30:00,100.0355872300,101.4684786800,100.0355872300,101.4190686300,655968
2022-05-12 14:00:00,101.4190686300,101.4190686300,100.2332274300,100.7965020000,522549
2022-05-12 14:30:00,100.7965020000,101.1917824000,100.5296877300,100.9150861200,273350
2022-05-12 15:00:00,100.9249681300,101.5870628000,100.5000417000,100.9941422000,491298
2022-05-13 10:00:00,101.0336702400,101.6661188800,98.7608079400,100.6581538600,680609
2022-05-13 10:30:00,100.6581538600,101.3202485300,99.9268851200,100.4901596900,366045
2022-05-13 11:00:00,100.5494517500,100.5494517500,99.3438465300,99.5612507500,156507
2022-05-13 11:30:00,99.5612507500,100.1739353700,99.0375042200,100.0849972800,142708
2022-05-13 13:30:00,99.8972390900,100.4802776800,99.2647904500,99.5118407000,141557
2022-05-13 14:00:00,99.5118407000,100.0059412000,99.3142005000,99.8083010000,255127
2022-05-13 14:30:00,99.8083010000,101.0731982800,99.6897168800,100.6779178800,334736
2022-05-13 15:00:00,100.6779178800,101.4882427000,100.5000417000,100.8261480300,508849
2022-05-16 10:00:00,101.2906025000,101.7649389800,99.5118407000,99.7193629100,807238
2022-05-16 10:30:00,99.8083010000,100.0553512500,99.3636105500,99.4723126600,412350
2022-05-16 11:00:00,99.4624306500,99.7984189900,99.0869142700,99.5019586900,307894
2022-05-16 11:30:00,99.6798348700,99.7984189900,99.1659703500,99.2054983900,171800
2022-05-16 13:30:00,99.2746724600,99.7094809000,99.0572682400,99.0671502500,182636
2022-05-16 14:00:00,99.0572682400,99.3043184900,98.4248196000,98.8695100500,281700
2022-05-16 14:30:00,98.8695100500,99.7885369800,98.7015158800,98.7706899500,155800
2022-05-16 15:00:00,98.7608079400,99.3142005000,98.7311619100,98.7311619100,257922
2022-05-17 10:00:00,98.8398640200,101.0336702400,97.8417810100,100.8953221000,566548
2022-05-17 10:30:00,100.6976819000,102.7432579700,100.4605136600,102.1997474200,955561
2022-05-17 11:00:00,102.1602193800,105.1445864000,101.9131691300,105.0852943400,781100
2022-05-17 11:30:00,105.1445864000,106.6466519200,104.9271821800,105.5398668000,589200
2022-05-17 13:30:00,105.5398668000,105.5398668000,104.3836716300,104.5516658000,277400
2022-05-17 14:00:00,104.5516658000,105.0358842900,104.4528457000,104.7295419800,258000
2022-05-17 14:30:00,104.7196599700,104.7493060000,103.6622849000,104.1563854000,302800
2022-05-17 15:00:00,104.1959134400,104.5417837900,103.9587452000,104.4429636900,318951
2022-05-18 10:00:00,104.7196599700,105.5201027800,102.7926680200,105.3224625800,935371
2022-05-18 10:30:00,105.4904567500,107.0122862900,104.7591880100,106.7257080000,1038383
2022-05-18 11:00:00,106.7059439800,106.9035841800,105.7177429800,106.5280678000,651500
2022-05-18 11:30:00,106.5280678000,106.9233482000,105.5299847900,105.8659731300,592199
2022-05-18 13:30:00,105.8659731300,107.0122862900,105.6288048900,107.0122862900,399022
2022-05-18 14:00:00,107.0122862900,107.2198085000,106.1229053900,106.4687757400,267338
2022-05-18 14:30:00,106.4687757400,106.8047640800,104.4528457000,104.6702499200,387768
2022-05-18 15:00:00,104.6307218800,105.2038784600,104.0476832900,104.0476832900,407896
2022-05-19 10:00:00,102.7333759600,104.0378012800,102.1898654100,103.1583023900,635785
2022-05-19 10:30:00,103.1286563600,105.0260022800,103.1286563600,104.2749695200,374419
2022-05-19 11:00:00,104.2749695200,105.1841144400,104.1069753500,105.0161202700,218787
2022-05-19 11:30:00,105.0161202700,105.9746752400,104.9864742400,105.3718726300,269700
2022-05-19 13:30:00,105.2631705200,106.7850000600,105.2038784600,106.5873598600,361986
2022-05-19 14:00:00,106.5873598600,106.7257080000,105.9153831800,106.2316075000,268000
2022-05-19 14:30:00,106.2316075000,106.4490117200,104.9271821800,105.4015186600,249756
2022-05-19 15:00:00,105.4015186600,105.5398668000,105.0655303200,105.5003387600,206720
2022-05-20 10:00:00,106.4687757400,106.4687757400,104.5615478100,104.7493060000,527762
2022-05-20 10:30:00,104.7591880100,104.7591880100,102.6740839000,102.8717241000,596172
2022-05-20 11:00:00,102.8717241000,103.4349986700,102.2788035000,103.0100722400,412064
2022-05-20 11:30:00,103.0298362600,104.0378012800,102.9804262100,104.0180372600,184454
2022-05-20 13:30:00,104.0180372600,104.2552055000,103.5634648000,103.8698071100,184355
2022-05-20 14:00:00,104.1366213800,104.5022557500,103.7611050000,103.9982732400,316800
2022-05-20 14:30:00,103.8698071100,104.1465033900,103.0298362600,103.0693643000,255800
2022-05-20 15:00:00,103.0693643000,103.5338187700,102.6740839000,103.2274764600,599534
2022-05-23 10:00:00,103.1484203800,105.0062382600,103.1484203800,104.0081552500,537901
2022-05-23 10:30:00,104.0081552500,105.2434065000,103.7907510300,105.1742324300,356299
2022-05-23 11:00:00,105.1742324300,105.7375070000,104.4528457000,105.0852943400,208300
2022-05-23 11:30:00,105.0457663000,106.1327874000,104.8283620800,105.7473890100,204985
2022-05-23 13:30:00,105.7375070000,107.2099264900,105.2434065000,107.0715783500,400547
2022-05-23 14:00:00,106.9431122200,107.8819031700,106.7553540300,107.8127291000,380649
2022-05-23 14:30:00,107.8127291000,108.7021100000,107.5162688000,108.6823459800,504690
2022-05-23 15:00:00,108.7021100000,108.7021100000,107.9510772400,107.9510772400,426823
2022-05-24 10:00:00,106.9529942300,112.6450319900,106.9332302100,111.3010786300,1379153
2022-05-24 10:30:00,111.3010786300,112.0125833500,109.8879512000,109.9373612500,522735
2022-05-24 11:00:00,109.9175972300,110.9848543100,109.9175972300,110.1844115000,328519
2022-05-24 11:30:00,110.1844115000,110.6291019500,109.4037327100,109.6112549200,350475
2022-05-24 13:30:00,109.2950306000,109.5223168300,107.7139090000,108.0597793500,499516
2022-05-24 14:00:00,108.1289534200,108.2574195500,106.7257080000,106.8344101100,420200
2022-05-24 14:30:00,106.9628762400,106.9628762400,105.9153831800,106.0043212700,547110
2022-05-24 15:00:00,106.0043212700,106.4193656900,104.7493060000,105.0260022800,698264
2022-05-25 10:00:00,105.2434065000,107.2198085000,104.5022557500,106.8541741300,719183
2022-05-25 10:30:00,106.8838201600,106.9233482000,104.2650875100,104.2650875100,423700
2022-05-25 11:00:00,104.2650875100,104.3639076100,102.7729040000,103.4448806800,553400
2022-05-25 11:30:00,103.4448806800,103.8105150500,103.0298362600,103.2670045000,327645
2022-05-25 13:30:00,103.2670045000,103.7808690200,102.9310161600,102.9310161600,319567
2022-05-25 14:00:00,102.9310161600,103.0594822900,102.0416352600,102.9013701300,448800
2022-05-25 14:30:00,102.9013701300,103.6227568600,102.3973876200,102.4171516400,537088
2022-05-25 15:00:00,102.4764437000,103.4646447000,102.3084495300,103.0001902300,606084
2022-05-26 10:00:00,103.7611050000,104.2453234900,100.7965020000,100.8557940600,626700
2022-05-26 10:30:00,100.8162660200,104.3540256000,100.6779178800,104.2848515300,402500
2022-05-26 11:00:00,104.3342615800,104.7987160500,103.2867685200,103.4251166600,382100
2022-05-26 11:30:00,103.4448806800,103.7611050000,102.4764437000,103.3164145500,164176
2022-05-26 13:30:00,103.5338187700,105.2631705200,103.5338187700,104.6998959500,374776
2022-05-26 14:00:00,104.6998959500,104.7394239900,103.5733468100,103.6227568600,130148
2022-05-26 14:30:00,103.6425208800,103.7611050000,103.0397182700,103.1484203800,150500
2022-05-26 15:00:00,103.1484203800,103.3954706300,102.6246738500,102.9705442000,273000
2022-05-27 10:00:00,104.0279192700,106.4984217700,104.0279192700,105.8956191600,727558
2022-05-27 10:30:00,105.8462091100,106.3007815700,105.1248223800,105.2631705200,291900
2022-05-27 11:00:00,105.2434065000,105.4114006700,104.3540256000,105.0457663000,213936
2022-05-27 11:30:00,105.0457663000,105.1445864000,104.5319017800,104.8283620800,121095
2022-05-27 13:30:00,104.8580081100,105.4015186600,104.4330816800,104.4429636900,119535
2022-05-27 14:00:00,104.4330816800,104.4330816800,103.2768865100,103.3658246000,222100
2022-05-27 14:30:00,103.3164145500,103.7018129400,102.4665616900,103.2670045000,231200
2022-05-27 15:00:00,103.2670045000,103.7611050000,102.6246738500,102.9408981700,242248
2022-05-30 10:00:00,105.7375070000,107.6249709100,104.7591880100,106.9727582500,976269
2022-05-30 10:30:00,106.9727582500,107.2198085000,106.0932593600,107.1703984500,420976
2022-05-30 11:00:00,107.1703984500,108.2771835700,106.7158259900,108.2277735200,400399
2022-05-30 11:30:00,108.1981274900,108.5439978400,107.3087465900,107.3186286000,276300
2022-05-30 13:30:00,107.2395725200,108.0103693000,106.9134661900,107.4372127200,229700
2022-05-30 14:00:00,107.4569767400,108.3661216600,107.2988645800,107.3383926200,349219
2022-05-30 14:30:00,107.3383926200,107.7929650800,106.6466519200,107.2198085000,455100
2022-05-30 15:00:00,107.2198085000,107.8917851800,107.2198085000,107.6249709100,326537
2022-05-31 10:00:00,107.7139090000,107.7139090000,105.8462091100,107.4767407600,472350
2022-05-31 10:30:00,107.4767407600,107.4767407600,106.1821974500,107.2099264900,307097
2022-05-31 11:00:00,107.2099264900,109.1863284900,107.2099264900,109.0183343200,388800
2022-05-31 11:30:00,109.1072724100,109.1962105000,108.0696613600,108.8898681900,277800
2022-05-31 13:30:00,109.0183343200,111.6667130000,108.6922279900,111.5777749100,795863
2022-05-31 14:00:00,111.4987188300,111.6667130000,110.0460633600,110.3622876800,422202
2022-05-31 14:30:00,110.2832316000,110.2832316000,108.5835258800,109.1962105000,379562
2022-05-31 15:00:00,109.1962105000,109.2752665800,108.4056497000,108.6032899000,503170
2022-06-01 10:00:00,108.3858856800,112.6055039500,107.8127291000,111.7655331000,868520
2022-06-01 10:30:00,111.7655331000,115.2835286600,111.2714326000,115.2044725800,1185198
2022-06-01 11:00:00,115.2044725800,116.1037354900,114.6313160000,114.8289562000,865389
2022-06-01 11:30:00,114.8091921800,114.8289562000,113.8506372100,114.3842657500,278117
2022-06-01 13:30:00,114.4336758000,114.7894281600,113.7814631400,113.9593393200,233332
2022-06-01 14:00:00,113.9494573100,113.9494573100,112.1410494800,112.3189256600,535100
2022-06-01 14:30:00,112.3189256600,112.7636161100,112.0422293800,112.2497515900,412225
2022-06-01 15:00:00,112.2695156100,112.6450319900,111.6765950100,112.3189256600,335809
2022-06-02 10:00:00,112.2892796300,113.5245308800,111.2417865700,112.2596336000,508853
2022-06-02 10:30:00,112.2596336000,115.6195170000,111.5975389300,114.6411980100,726678
2022-06-02 11:00:00,114.6313160000,115.2242366000,113.6431150000,114.6214339900,302261
2022-06-02 11:30:00,114.5522599200,115.7973931800,114.3052096700,115.6195170000,323374
2022-06-02 13:30:00,115.4218768000,116.8053582000,115.2934106700,116.6768920700,459121
2022-06-02 14:00:00,116.7757121700,116.7954761900,114.9277763000,115.6392810200,492826
2022-06-02 14:30:00,115.6392810200,116.1926735800,114.9870683600,115.0364784100,440396
2022-06-02 15:00:00,115.0265964000,115.7183371000,115.0265964000,115.2242366000,480307
2022-06-06 10:00:00,116.6077180000,122.4578679200,116.6077180000,120.1553595900,1942240
2022-06-06 10:30:00,120.1454775800,121.3214367700,119.1375125600,119.4932649200,558316
2022-06-06 11:00:00,119.4537368800,120.8569823000,119.4339728600,120.5704040100,495603
2022-06-06 11:30:00,120.5605220000,121.1139145600,120.0763035100,121.0052124500,389638
2022-06-06 13:30:00,120.9360383800,122.4282218900,120.5704040100,121.9934134500,766625
2022-06-06 14:00:00,121.9934134500,122.0131774700,119.9676014000,120.0565394900,426281
2022-06-06 14:30:00,120.0565394900,120.2344156700,118.9794004000,119.8687813000,407497
2022-06-06 15:00:00,119.8687813000,120.0664215000,118.6434120600,119.4537368800,653266
2022-06-07 10:00:00,119.3944448200,120.3826458200,117.6947391000,119.0386924600,977100
2022-06-07 10:30:00,119.0584564800,119.7798432100,117.8923793000,118.4457718600,526086
2022-06-07 11:00:00,118.4358898500,119.4043268300,118.0406094500,118.8410522600,354000
2022-06-07 11:30:00,118.8410522600,120.1454775800,118.7422321600,120.0664215000,581045
2022-06-07 13:30:00,120.0367754700,120.0861855200,118.1196655300,118.1295475400,485858
2022-06-07 14:00:00,118.1295475400,118.1295475400,116.6274820200,117.2796946800,583829
2022-06-07 14:30:00,117.2105206100,118.0603734700,117.1018185000,118.0603734700,764800
2022-06-07 15:00:00,118.0702554800,118.5841200000,117.8627332700,118.5841200000,338608
2022-06-08 10:00:00,117.2895766900,118.9299903500,117.2895766900,118.3765977900,756140
2022-06-08 10:30:00,118.5149459300,118.5643559800,116.2717296600,117.6255650300,656932
2022-06-08 11:00:00,117.6255650300,118.1789575900,116.3409037300,116.6571280500,357500
2022-06-08 11:30:00,116.6571280500,116.6571280500,113.8111091700,114.3842657500,903859
2022-06-08 13:30:00,114.3348557000,116.1729095600,113.6431150000,115.0167143900,691525
2022-06-08 14:00:00,114.9673043400,115.6195170000,114.4929678600,115.4119947900,360051
2022-06-08 14:30:00,115.3428207200,116.0938534800,114.6906080600,115.6195170000,452600
2022-06-08 15:00:00,115.6195170000,116.5978359900,115.5701069500,116.2124376000,519875
2022-06-09 10:00:00,116.2124376000,118.1690755800,114.7301361000,115.6392810200,911050
2022-06-09 10:30:00,115.6392810200,116.7559481500,113.9198112800,113.9198112800,778437
2022-06-09 11:00:00,113.9099292700,114.2360356000,113.4751208300,113.6431150000,446248
2022-06-09 11:30:00,113.6431150000,113.7913451500,112.7932621400,112.9513743000,461400
2022-06-09 13:30:00,112.9513743000,114.2360356000,112.8723182200,113.7715811300,409700
2022-06-09 14:00:00,113.7715811300,114.5324959000,112.7636161100,113.0501944000,456900
2022-06-09 14:30:00,113.1391324900,114.3249736900,112.6549140000,113.5640589200,378300
2022-06-09 15:00:00,113.5541769100,114.0779234400,113.0798404300,113.7419351000,498359
2022-06-10 10:00:00,113.1984245500,115.1155344900,113.0501944000,114.4633218300,705289
2022-06-10 10:30:00,114.2162715800,117.4872168900,114.2162715800,117.3587507600,859131
2022-06-10 11:00:00,117.3587507600,117.7935592000,116.7954761900,117.0128804100,656462
2022-06-10 11:30:00,116.9733523700,118.8015242200,116.9733523700,117.8824972900,703900
2022-06-10 13:30:00,117.8824972900,117.8824972900,116.3310217200,116.5286619200,623155
2022-06-10 14:00:00,116.5088979000,117.5662729700,116.4496058400,117.0128804100,696400
2022-06-10 14:30:00,117.1314645300,118.5445919600,116.7559481500,117.2302846300,1015636
2022-06-10 15:00:00,117.2204026200,118.2481316600,116.7164201100,117.7145031200,1722215
2022-06-13 10:00:00,119.5723210000,124.0883995700,117.8726152800,123.5251250000,2059059
2022-06-13 10:30:00,123.4855969600,124.0192255000,120.8075722500,120.9656844100,905145
2022-06-13 11:00:00,120.9558024000,123.9500514300,120.5802860200,123.7721752500,714225
2022-06-13 11:30:00,123.7721752500,123.9006413800,121.7463632000,123.5053609800,387883
2022-06-13 13:30:00,123.0310245000,125.0864825800,122.9322044000,125.0864825800,574605
2022-06-13 14:00:00,125.0963645900,125.0963645900,123.5646530400,123.6931191700,364019
2022-06-13 14:30:00,123.6931191700,124.0093434900,122.9519684200,123.3670128400,335408
2022-06-13 15:00:00,123.3867768600,124.0093434900,123.1397266100,123.1693726400,465253
2022-06-14 10:00:00,120.0664215000,122.1021155600,117.8923793000,118.9003443200,1381384
2022-06-14 10:30:00,118.9299903500,120.2739437100,118.3864798000,118.7718781900,760645
2022-06-14 11:00:00,118.7718781900,118.9596363800,117.3192227200,117.3192227200,808900
2022-06-14 11:30:00,117.2994587000,117.8726152800,116.2124376000,117.2994587000,807419
2022-06-14 13:30:00,117.2994587000,120.7383981800,116.3804317700,119.8094892400,992884
2022-06-14 14:00:00,120.1850056200,124.0982815800,119.7600791900,124.0982815800,905697
2022-06-14 14:30:00,124.1081635900,128.0510855800,123.8808773600,128.0510855800,961533
2022-06-14 15:00:00,127.9917935200,131.4307330000,127.3000528200,129.9583135100,1426961
2022-06-15 10:00:00,128.1499056800,131.6876652600,125.5015270000,125.6003471000,1789954
2022-06-15 10:30:00,125.5707010700,126.6873682000,125.0271905200,126.3414978500,637450
2022-06-15 11:00:00,126.2920878000,126.2920878000,124.5232080100,125.0568365500,442121
2022-06-15 11:30:00,125.0568365500,126.5490200600,124.6417921300,126.1339756400,267158
2022-06-15 13:30:00,126.4403179500,128.4661300000,126.2822057900,127.8237993500,563522
2022-06-15 14:00:00,127.8237993500,128.0510855800,126.4304359400,127.0233565400,352329
2022-06-15 14:30:00,127.0233565400,127.1913507100,126.4897280000,126.8355983500,259287
2022-06-15 15:00:00,126.7664242800,126.9146544300,125.0074265000,125.0074265000,482743
2022-06-16 10:00:00,125.9956275000,126.4501999600,123.3274848000,123.5251250000,1148899
2022-06-16 10:30:00,123.4460689200,124.9876624800,122.8333843000,124.2761577600,751843
2022-06-16 11:00:00,124.2761577600,124.5034439900,123.3077207800,123.7227652000,283273
2022-06-16 11:30:00,123.7227652000,124.2959217800,123.3768948500,124.1081635900,866999
2022-06-16 13:30:00,124.2662757500,125.1062466000,123.8215853000,124.5726180600,198920
2022-06-16 14:00:00,124.5726180600,124.6022640900,123.0112604800,123.0804345500,245071
2022-06-16 14:30:00,123.0804345500,123.5251250000,122.5468060100,123.2780747500,272827
2022-06-16 15:00:00,123.2780747500,123.6733551500,122.9322044000,122.9322044000,326040
2022-06-17 10:00:00,122.4282218900,127.0826486000,122.0428235000,126.5094920200,987630
2022-06-17 10:30:00,126.4501999600,126.8652443800,124.5232080100,124.9580164500,521510
2022-06-17 11:00:00,124.8493143400,126.0845655900,124.6417921300,125.0074265000,511885
2022-06-17 11:30:00,125.0074265000,125.9956275000,124.6417921300,125.7881052900,210400
2022-06-17 13:30:00,125.7979873000,126.9344184500,125.5805830800,126.7861883000,458275
2022-06-17 14:00:00,126.7861883000,126.7861883000,125.4027069000,125.4027069000,328025
2022-06-17 14:30:00,125.4027069000,125.9956275000,125.1062466000,125.9956275000,262197
2022-06-17 15:00:00,125.9659814700,126.6478401600,125.9659814700,126.4205539300,440257
2022-06-20 10:00:00,126.4897280000,128.9404664800,126.0153915200,126.1438576500,815859
2022-06-20 10:30:00,126.0746835800,126.9640644800,125.1853026800,125.5015270000,441200
2022-06-20 11:00:00,125.5015270000,126.7664242800,125.2445947400,126.3019698100,458158
2022-06-20 11:30:00,126.3019698100,126.3019698100,124.5133260000,124.8591963500,465800
2022-06-20 13:30:00,125.0568365500,125.9363354400,124.7109662000,125.3038868000,286686
2022-06-20 14:00:00,125.3038868000,126.1043296100,124.7208482100,125.9462174500,170100
2022-06-20 14:30:00,125.9857454900,126.4798459900,125.2347127300,126.1240936300,255762
2022-06-20 15:00:00,126.1240936300,126.4600819700,125.0766005700,125.1260106200,429058
2022-06-21 10:00:00,125.0864825800,125.0864825800,122.3392838000,123.2187826900,783852
2022-06-21 10:30:00,123.2187826900,124.1575736400,122.8827943500,123.2583107300,452945
2022-06-21 11:00:00,123.4065408800,123.4065408800,121.9637674200,122.2602277200,511418
2022-06-21 11:30:00,122.3195197800,123.7227652000,122.2108176700,123.5251250000,494011
2022-06-21 13:30:00,123.5547710300,123.9698154500,122.3392838000,122.4282218900,374200
2022-06-21 14:00:00,122.4381039000,122.4677499300,121.0743865200,121.3510828000,620200
2022-06-21 14:30:00,121.3510828000,121.9934134500,120.7878082300,121.3115547600,623800
2022-06-21 15:00:00,121.4103748600,122.6060980700,121.1040325500,122.3392838000,556384
2022-06-22 10:00:00,123.6338271100,127.4779290000,123.6338271100,126.5885481000,1253638
2022-06-22 10:30:00,126.5885481000,126.6379581500,125.0864825800,126.4699639800,603191
2022-06-22 11:00:00,126.4699639800,129.5531511000,126.2920878000,127.4976930200,1282079
2022-06-22 11:30:00,127.6063951300,127.7052152300,126.6181941300,126.6676041800,297800
2022-06-22 13:30:00,126.6676041800,127.9522654800,126.3118518200,127.4680469900,315200
2022-06-22 14:00:00,127.4680469900,127.5273390500,126.6577221700,126.7071322200,242300
2022-06-22 14:30:00,126.7071322200,127.0332385500,125.9956275000,126.2426777500,385075
2022-06-22 15:00:00,126.2327957400,126.9047724200,126.0944476000,126.4897280000,670734
2022-06-23 10:00:00,126.3513798600,130.6599362200,125.5212910200,129.3061008500,1495702
2022-06-23 10:30:00,129.2863368300,131.6876652600,129.0590506000,131.6777832500,1436087
2022-06-23 11:00:00,131.6777832500,133.4071350000,130.7192282800,133.3774889700,1270946
2022-06-23 11:30:00,133.3181969100,134.9684925800,133.1600847500,134.9487285600,837106
2022-06-23 13:30:00,134.9882566000,138.1504998000,134.1285217300,136.3420919700,1377288
2022-06-23 14:00:00,136.3420919700,137.9528596000,135.7294073500,137.7552194000,716447
2022-06-23 14:30:00,137.8243934700,140.8087604900,137.4785231200,139.6130372800,1203296
2022-06-23 15:00:00,139.6130372800,140.5221822000,139.6130372800,140.1565478300,871121
2022-06-24 10:00:00,139.2375209000,139.2375209000,133.2687868600,134.5929762000,2024829
2022-06-24 10:30:00,134.4941561000,139.3363410000,133.9209995200,139.1387008000,756544
2022-06-24 11:00:00,138.9212965800,139.8304415000,137.3599390000,137.6761633200,504382
2022-06-24 11:30:00,138.1109717600,139.1387008000,137.8046294500,138.5457802000,215700
2022-06-24 13:30:00,138.4469601000,139.9984356700,137.4488770900,139.0794087400,342000
2022-06-24 14:00:00,139.0794087400,140.2257219000,138.3679040200,139.9193795900,228994
2022-06-24 14:30:00,139.9193795900,140.0280817000,138.1504998000,138.4667241200,425806
2022-06-24 15:00:00,138.4667241200,139.4845711500,138.1603818100,138.3876680400,565680
2022-06-27 10:00:00,138.4173140700,138.7137743700,135.0574306700,136.2630358900,852930
2022-06-27 10:30:00,136.4705581000,137.3204109600,135.6305872500,136.4507940800,335815
2022-06-27 11:00:00,136.4804401100,137.3204109600,135.8776375000,136.1740978000,475762
2022-06-27 11:30:00,136.3519739800,137.2611189000,135.8776375000,136.3816200100,449836
2022-06-27 13:30:00,136.4112660400,136.8658385000,135.5218851400,136.2926819200,355835
2022-06-27 14:00:00,136.2926819200,136.8460744800,135.5614131800,136.8460744800,355211
2022-06-27 14:30:00,136.5002041300,138.2295558800,136.2827999100,137.3599390000,551001
2022-06-27 15:00:00,137.2413548800,137.8836855300,136.4310300600,136.8164284500,464866
2022-06-28 10:00:00,136.8361924700,137.3599390000,132.4288160100,132.8142144000,1338941
2022-06-28 10:30:00,132.8438604300,134.8795544900,132.6165742000,132.6462202300,362824
2022-06-28 11:00:00,132.6363382200,134.2965159000,132.6165742000,133.9605275600,368641
2022-06-28 11:30:00,133.9605275600,134.7906164000,133.4071350000,133.8122974100,309432
2022-06-28 13:30:00,133.8913534900,134.4348640400,132.9327985200,133.2193768100,524242
2022-06-28 14:00:00,133.2391408300,135.1562507700,133.2094948000,135.1562507700,401712
2022-06-28 14:30:00,135.1562507700,137.3599390000,135.0870767000,137.0832427200,543582
2022-06-28 15:00:00,137.0832427200,137.4587591000,135.8776375000,136.4112660400,708776
2022-06-29 10:00:00,135.3835370000,135.5614131800,131.2825028500,131.2825028500,1386643
2022-06-29 10:30:00,131.2825028500,131.8655414400,129.4839770300,130.4425320000,1355207
2022-06-29 11:00:00,130.4425320000,133.7035953000,130.4425320000,131.5987271700,517630
2022-06-29 11:30:00,131.4999070700,131.5097890800,129.3357468800,129.3752749200,660945
2022-06-29 13:30:00,129.3752749200,131.4109689800,128.5649501000,130.6302901900,638113
2022-06-29 14:00:00,130.6302901900,130.9860425500,129.2072807500,130.1460717000,441953
2022-06-29 14:30:00,130.1460717000,131.8161313900,129.8397293900,131.1935647600,467611
2022-06-29 15:00:00,131.1935647600,132.4189340000,129.4543310000,129.8100833600,691115
2022-06-30 10:00:00,130.9366325000,133.9506455500,130.0472516000,130.0571336100,1233650
2022-06-30 10:30:00,130.0966616500,130.9267504900,129.0294045700,130.5018240600,659324
2022-06-30 11:00:00,130.4622960200,131.5591991300,130.1855997400,131.3022668700,492505
2022-06-30 11:30:00,131.3121488800,132.4189340000,131.1342727000,132.4189340000,366900
2022-06-30 13:30:00,132.5177541000,132.7153943000,130.2350097900,130.3634759200,356100
2022-06-30 14:00:00,130.4030039600,131.0947446600,129.5531511000,129.8002013500,309506
2022-06-30 14:30:00,129.8002013500,130.3931219500,128.2684898000,128.4957760300,674964
2022-06-30 15:00:00,128.4957760300,129.4049209500,127.3593448800,128.9404664800,732929
2022-07-01 10:00:00,129.6519712000,130.8378124000,126.8948904100,127.4680469900,801100
2022-07-01 10:30:00,127.4680469900,129.4345669800,126.4897280000,128.4167199500,643903
2022-07-01 11:00:00,128.2289617600,130.6500542100,128.1993157300,130.6500542100,689848
2022-07-01 11:30:00,130.6302901900,131.4307330000,130.0867796400,130.7192282800,518919
2022-07-01 13:30:00,130.7093462700,132.4189340000,130.2547738100,131.5394351100,543791
2022-07-01 14:00:00,131.5493171200,132.9130345000,131.5394351100,132.6264562100,559409
2022-07-01 14:30:00,132.6165742000,133.3972529900,132.3201139000,132.6165742000,511008
2022-07-01 15:00:00,132.6165742000,132.7746863600,131.8260134000,132.5869281700,525033
2022-07-04 10:00:00,131.3319129000,133.6047752000,128.5748321100,133.4071350000,895025
2022-07-04 10:30:00,133.4071350000,133.6640672600,129.8100833600,130.4326499900,735885
2022-07-04 11:00:00,130.4326499900,131.4307330000,129.9484315000,130.7884023500,375700
2022-07-04 11:30:00,130.7884023500,132.6363382200,130.7884023500,131.5987271700,319652
2022-07-04 13:30:00,131.3417949100,132.3102318900,130.4425320000,131.8754234500,359398
2022-07-04 14:00:00,131.9445975200,131.9544795300,130.9366325000,131.0453346100,208696
2022-07-04 14:30:00,130.8476944100,131.7074292800,130.8476944100,131.1836827500,225000
2022-07-04 15:00:00,131.1935647600,132.3497599300,131.1540367200,132.0335356100,401516
2022-07-05 10:00:00,132.9723265600,134.0099376100,128.6440061800,129.2566908000,948750
2022-07-05 10:30:00,129.2270447700,129.6124431600,127.4779290000,128.2981358300,678072
2022-07-05 11:00:00,128.2981358300,128.7329442700,127.6261591500,128.4661300000,346400
2022-07-05 11:30:00,128.3574278900,129.9385494900,127.6063951300,129.8496114000,247100
2022-07-05 13:30:00,129.8496114000,130.9168684800,129.3357468800,129.4543310000,315720
2022-07-05 14:00:00,129.4049209500,129.4049209500,127.8336813600,128.4661300000,327748
2022-07-05 14:30:00,128.4661300000,130.1065436600,128.4167199500,129.8496114000,209150
2022-07-05 15:00:00,129.8496114000,130.5413521000,129.4543310000,130.3931219500,347246
2022-07-06 10:00:00,128.9602305000,134.7906164000,128.9602305000,134.3953360000,1281150
2022-07-06 10:30:00,134.3854539900,134.8400264500,132.1027096800,132.1521197300,555819
2022-07-06 11:00:00,132.2212938000,132.6165742000,130.9959245600,131.3220308900,300032
2022-07-06 11:30:00,131.4307330000,132.1718837500,130.7686383300,131.4603790300,199700
2022-07-06 13:30:00,131.3615589300,132.1125916900,130.9563965200,131.1639187300,180417
2022-07-06 14:00:00,131.1639187300,131.4307330000,130.4425320000,130.4524140100,186900
2022-07-06 14:30:00,130.4524140100,130.8971044600,130.1855997400,130.7488743100,219453
2022-07-06 15:00:00,130.7488743100,131.5690811400,130.3140658700,131.3912049600,326300
2022-07-07 10:00:00,131.1738007400,132.7055122900,129.7804373300,132.2212938000,683670
2022-07-07 10:30:00,132.2509398300,135.9764576000,132.2509398300,134.7016783100,1308312
2022-07-07 11:00:00,134.7115603200,135.8578734800,133.9605275600,135.1858968000,522587
2022-07-07 11:30:00,135.3736549900,135.8479914700,133.9111175100,135.6503512700,419281
2022-07-07 13:30:00,135.5811772000,135.7985814200,134.0000556000,134.0000556000,376800
2022-07-07 14:00:00,134.0889936900,134.5435661500,133.4170170100,134.4249820300,294900
2022-07-07 14:30:00,134.3953360000,134.7708523800,133.6640672600,134.5435661500,543100
2022-07-07 15:00:00,134.5929762000,135.3637729800,134.1976958000,134.4348640400,504505
2022-07-08 10:00:00,135.4131830300,135.8776375000,126.6676041800,127.3000528200,2417712
2022-07-08 10:30:00,127.3000528200,128.1696697000,123.5053609800,128.1696697000,2012822
2022-07-08 11:00:00,128.2388437700,128.6736522100,127.3791089000,127.3791089000,485900
2022-07-08 11:30:00,127.4186369400,128.0313215600,126.3909079000,127.3099348300,376600
2022-07-08 13:30:00,127.3791089000,127.4482829700,126.5094920200,126.5094920200,231400
2022-07-08 14:00:00,126.4996100100,126.6379581500,125.1655386600,125.4323529300,457400
2022-07-08 14:30:00,125.3631788600,125.5509370500,124.5133260000,124.5627360500,872600
2022-07-08 15:00:00,124.5429720300,127.3791089000,124.5429720300,125.7881052900,545148
2022-07-11 10:00:00,124.7999042900,127.3494628700,123.9796974600,124.9580164500,1087962
2022-07-11 10:30:00,124.9580164500,127.3593448800,124.6417921300,127.3593448800,588727
2022-07-11 11:00:00,127.3296988500,127.8633273900,126.2031497100,126.3810258900,455700
2022-07-11 11:30:00,126.4897280000,127.6755692000,126.1537396600,126.6972502100,377489
2022-07-11 13:30:00,126.6972502100,128.1499056800,126.6873682000,127.2802888000,364200
2022-07-11 14:00:00,127.2802888000,127.4779290000,126.0055095100,126.0944476000,288122
2022-07-11 14:30:00,126.0944476000,127.7743893000,126.0944476000,127.7447432700,262907
2022-07-11 15:00:00,127.7348612600,129.2566908000,127.6755692000,127.8633273900,731894
2022-07-12 10:00:00,126.9344184500,129.1578707000,126.9344184500,127.5668670900,550834
2022-07-12 10:30:00,127.5569850800,130.6599362200,126.4996100100,126.7861883000,626802
2022-07-12 11:00:00,126.6972502100,127.3889909100,126.2130317200,126.3316158400,309271
2022-07-12 11:30:00,126.3316158400,126.9739464900,125.4817629800,125.5311730300,310500
2022-07-12 13:30:00,125.6991672000,127.8732094000,125.5311730300,127.5965131200,435400
2022-07-12 14:00:00,127.5965131200,127.6162771400,126.0450375500,126.2130317200,206601
2022-07-12 14:30:00,126.2327957400,127.3395808600,126.0746835800,126.5292560400,180841
2022-07-12 15:00:00,126.5292560400,126.5292560400,125.8473973500,125.9758634800,219784
2022-07-13 10:00:00,126.4699639800,126.7170142300,124.0488715300,126.4699639800,394624
2022-07-13 10:30:00,126.4600819700,126.5687840800,122.8333843000,123.3966588700,571975
2022-07-13 11:00:00,123.2385467100,125.7881052900,123.2385467100,125.2050667000,522322
2022-07-13 11:30:00,125.1951846900,127.1617046800,125.1754206700,126.1932677000,401793
2022-07-13 13:30:00,126.1735036800,127.1320586500,125.1260106200,125.3038868000,239768
2022-07-13 14:00:00,125.3038868000,126.1735036800,124.8591963500,125.3829428800,304552
2022-07-13 14:30:00,125.3829428800,125.9659814700,123.9994614800,124.4342699200,563098
2022-07-13 15:00:00,124.4342699200,125.3631788600,124.0192255000,125.3038868000,384218
2022-07-14 10:00:00,124.2366297200,128.2289617600,124.2069836900,127.4976930200,759531
2022-07-14 10:30:00,127.4976930200,131.0354526000,127.4779290000,130.3041838600,1005110
2022-07-14 11:00:00,130.4326499900,130.4326499900,127.9917935200,128.8317643700,397200
2022-07-14 11:30:00,128.8416463800,129.4444489900,128.4661300000,129.1776347200,234756
2022-07-14 13:30:00,129.4444489900,130.2943018500,129.2764548200,129.8496114000,340550
2022-07-14 14:00:00,129.8496114000,130.9366325000,129.6420891900,130.4227679800,535900
2022-07-14 14:30:00,130.4227679800,130.4425320000,129.1479886900,129.2566908000,393380
2022-07-14 15:00:00,129.2665728100,129.6322071800,128.8712924100,129.1282246700,401552
2022-07-15 10:00:00,128.6440061800,137.2512368900,127.4779290000,136.2827999100,1908818
2022-07-15 10:30:00,136.0456316700,136.3420919700,134.8993185100,135.3835370000,834600
2022-07-15 11:00:00,135.3835370000,135.8479914700,135.0475486600,135.7392893600,352794
2022-07-15 11:30:00,135.7491713700,135.8776375000,134.5139201200,135.8776375000,341575
2022-07-15 13:30:00,135.7788174000,136.2531538800,134.8993185100,134.9092005200,295683
2022-07-15 14:00:00,134.8993185100,134.9190825300,133.2193768100,134.0000556000,352400
2022-07-15 14:30:00,134.0000556000,134.3854539900,132.9920905800,133.2589048500,269500
2022-07-15 15:00:00,133.2589048500,133.6443032400,132.1620017400,132.1620017400,631316
2022-07-18 10:00:00,133.4268990200,135.8479914700,130.4425320000,133.8320614300,1301746
2022-07-18 10:30:00,133.9704095700,135.9764576000,130.8378124000,135.3835370000,1085479
2022-07-18 11:00:00,135.3736549900,139.9786716500,134.9289645400,139.3264589900,1572135
2022-07-18 11:30:00,139.3264589900,141.1645128500,138.9410606000,140.1269018000,885693
2022-07-18 13:30:00,140.1170197900,140.1170197900,137.3797030200,138.7631844200,758300
2022-07-18 14:00:00,138.7631844200,138.8422405000,136.6780803100,136.7571363900,556300
2022-07-18 14:30:00,136.6978443300,138.0417976900,136.4903221200,137.8836855300,491900
2022-07-18 15:00:00,137.8836855300,138.0516797000,136.3717380000,136.5792602100,1064172
2022-07-19 10:00:00,137.3994670400,139.1387008000,133.9111175100,138.3580220100,1186600
2022-07-19 10:30:00,138.3975500500,142.7752804800,138.0319156800,142.5578762600,1380439
2022-07-19 11:00:00,142.7061064100,142.8938646000,140.2553679300,141.4412091300,928071
2022-07-19 11:30:00,141.4412091300,143.7338354500,141.3127430000,141.3522710400,929412
2022-07-19 13:30:00,141.4708551600,141.6487313400,139.0299986900,139.5043351700,890000
2022-07-19 14:00:00,139.5142171800,140.4530081300,138.9410606000,139.1584648200,327346
2022-07-19 14:30:00,139.1584648200,139.3165769800,138.0319156800,138.9114145700,470487
2022-07-19 15:00:00,138.9114145700,139.1979928600,138.3481400000,139.0299986900,447502
2022-07-20 10:00:00,139.0695267300,139.9094975800,136.5100861400,137.0437146800,992018
2022-07-20 10:30:00,137.0437146800,137.8540395000,136.8954845300,137.5180511600,409512
2022-07-20 11:00:00,137.5180511600,138.8323584900,137.2710009100,137.4785231200,320900
2022-07-20 11:30:00,137.4785231200,137.5872252300,136.9152485500,137.0140686500,243132
2022-07-20 13:30:00,136.9251305600,138.0022696500,136.3717380000,137.6959273400,407200
2022-07-20 14:00:00,137.6959273400,137.9330955800,136.7670184000,137.3599390000,289200
2022-07-20 14:30:00,137.3698210100,138.1900278400,136.7769004100,137.9627416100,275600
2022-07-20 15:00:00,137.9627416100,138.1208537700,137.6563993000,137.8540395000,312682
2022-07-21 10:00:00,138.2987299500,141.0953387800,137.1622988000,138.6841283400,753804
2022-07-21 10:30:00,138.6544823100,142.8444545500,138.1504998000,142.2120059100,807452
2022-07-21 11:00:00,142.2515339500,142.2515339500,140.4332441100,141.3917990800,439667
2022-07-21 11:30:00,141.4807371700,143.0915048000,140.8976985800,142.5974043000,503051
2022-07-21 13:30:00,142.5974043000,143.1310328400,141.8266075200,142.3997641000,396696
2022-07-21 14:00:00,142.4096461100,142.4985842000,140.3245420000,140.6605303400,357504
2022-07-21 14:30:00,140.6308843100,141.1546308400,139.8897335600,140.5617102400,206592
2022-07-21 15:00:00,140.5617102400,140.8087604900,139.3363410000,139.3363410000,383329
2022-07-22 10:00:00,140.3640700400,140.3640700400,137.2611189000,137.7255733700,783120
2022-07-22 10:30:00,137.7255733700,140.6407663200,137.6366352800,140.3245420000,403403
2022-07-22 11:00:00,140.3245420000,141.1546308400,139.6229192900,140.5024181800,301508
2022-07-22 11:30:00,140.3245420000,140.4925361700,138.3086119600,138.3580220100,175420
2022-07-22 13:30:00,138.4963701500,139.7612674300,138.3679040200,138.5358981900,209053
2022-07-22 14:00:00,138.4173140700,138.5754262300,136.8559564900,137.7453373900,532396
2022-07-22 14:30:00,137.7552194000,137.9034495500,136.9547765900,137.8342754800,271000
2022-07-22 15:00:00,137.8342754800,139.2770489400,137.8342754800,138.6742463300,374271
2022-07-25 10:00:00,139.2276388900,139.2375209000,134.6522682600,135.3934190100,1056317
2022-07-25 10:30:00,135.3934190100,137.4389950800,134.8696724800,136.6187882500,428998
2022-07-25 11:00:00,136.6089062400,136.6187882500,135.3835370000,136.5002041300,179418
2022-07-25 11:30:00,136.3915020200,136.8460744800,134.8894365000,134.8993185100,220700
2022-07-25 13:30:00,134.9981386100,135.7689353900,134.2471058500,134.4447460500,379981
2022-07-25 14:00:00,134.4447460500,135.1661327800,133.6838312800,134.1779317800,291300
2022-07-25 14:30:00,134.2273418300,135.4329470500,133.8518254500,134.4348640400,575600
2022-07-25 15:00:00,134.3755719800,135.4131830300,134.0395836400,134.8597904700,499412
2022-07-26 10:00:00,134.3953360000,137.7156913600,132.1620017400,132.8043323900,1049615
2022-07-26 10:30:00,132.9130345000,134.1186397200,132.4189340000,133.5257191200,682532
2022-07-26 11:00:00,133.5257191200,134.7510883600,132.9229165100,133.5850111800,701400
2022-07-26 11:30:00,133.6047752000,135.5021211200,133.6047752000,134.8597904700,277634
2022-07-26 13:30:00,134.9388465500,135.0673126800,134.4052180100,134.4348640400,151417
2022-07-26 14:00:00,134.4151000200,134.4151000200,133.0909106800,133.7826513800,312100
2022-07-26 14:30:00,133.7826513800,133.8913534900,132.7944503800,133.0118546000,264046
2022-07-26 15:00:00,132.8537424400,134.8795544900,132.8537424400,134.6423862500,463009
2022-07-27 10:00:00,134.6522682600,137.0634787000,133.8221794200,135.2056608200,738250
2022-07-27 10:30:00,135.4131830300,138.1999098500,134.9388465500,137.3105289500,806718
2022-07-27 11:00:00,137.3204109600,137.3204109600,135.6997613200,136.3618559900,475800
2022-07-27 11:30:00,136.3618559900,136.7867824200,135.5910592100,135.6009412200,209400
2022-07-27 13:30:00,135.9171655400,136.0159856400,135.1167227300,135.4033010200,207100
2022-07-27 14:00:00,135.4033010200,136.3717380000,135.1760147900,135.5811772000,400900
2022-07-27 14:30:00,135.5811772000,136.1246877500,135.2550708700,135.9270475500,497300
2022-07-27 15:00:00,135.7689353900,135.7689353900,135.0673126800,135.5021211200,450656
2022-07-28 10:00:00,135.9270475500,137.8540395000,135.3835370000,136.3124459400,817017
2022-07-28 10:30:00,136.3124459400,136.6089062400,134.5534481600,135.1364867500,711981
2022-07-28 11:00:00,135.1364867500,139.0991727600,134.9882566000,138.2295558800,1045727
2022-07-28 11:30:00,138.2789659300,138.3481400000,135.9270475500,135.9270475500,784972
2022-07-28 13:30:00,135.9468115700,136.0653956900,134.6720322800,134.9882566000,483301
2022-07-28 14:00:00,134.9882566000,136.3717380000,134.7609703700,134.7906164000,270300
2022-07-28 14:30:00,134.7906164000,134.9289645400,133.3181969100,133.7530053500,710179
2022-07-28 15:00:00,133.7530053500,134.1482857500,133.5356011300,133.5948931900,285355
2022-07-29 10:00:00,133.4071350000,134.6621502700,131.3319129000,134.6028582100,1028418
2022-07-29 10:30:00,134.7609703700,137.3500569900,133.9111175100,136.9053665400,1038160
2022-07-29 11:00:00,136.8658385000,137.8540395000,136.1839798100,137.3302929700,719009
2022-07-29 11:30:00,137.3302929700,138.1504998000,136.3816200100,137.0239506600,467256
2022-07-29 13:30:00,137.3599390000,139.8304415000,136.8559564900,138.5062521600,894545
2022-07-29 14:00:00,138.5062521600,140.0972557700,138.3679040200,139.9094975800,560516
2022-07-29 14:30:00,140.0181996900,140.7988784800,138.8422405000,140.7988784800,763391
2022-07-29 15:00:00,140.7988784800,141.2830969700,139.5438632100,140.5024181800,967220
2022-08-01 10:00:00,140.3640700400,147.4395892000,139.4746891400,146.5403262900,2233522
2022-08-01 10:30:00,146.6391463900,148.5957843700,145.8584676000,147.3901791500,1444137
2022-08-01 11:00:00,147.3407691000,147.3407691000,143.3187910300,144.2674639900,804454
2022-08-01 11:30:00,144.2476999700,146.1252818700,143.9314756500,145.7991755400,435156
2022-08-01 13:30:00,145.8782316200,146.1252818700,144.7912105200,145.7596475000,606492
2022-08-01 14:00:00,145.7596475000,147.8842796500,145.2655470000,146.5502083000,839972
2022-08-01 14:30:00,146.5502083000,148.2696780400,146.4019781500,147.7459315100,884692
2022-08-01 15:00:00,147.9435717100,148.2400320100,146.2833940300,146.9158426700,748633
2022-08-02 10:00:00,146.2537480000,147.7360495000,143.8326555500,146.8664326200,1648436
2022-08-02 10:30:00,147.0443088000,148.1016838700,145.3940131300,145.7398834800,698318
2022-08-02 11:00:00,145.7398834800,145.9572877000,143.7832455000,144.7912105200,586486
2022-08-02 11:30:00,144.7714465000,145.1568448900,143.3286730400,144.0994698200,407234
2022-08-02 13:30:00,144.0994698200,147.1134828700,143.6646613800,147.1134828700,679034
2022-08-02 14:00:00,147.1233648800,147.2419490000,145.8189395600,147.1431289000,759210
2022-08-02 14:30:00,147.1431289000,147.2419490000,145.8979956400,146.6984384500,569700
2022-08-02 15:00:00,146.4612702100,146.5798543300,144.2773460000,144.6133343400,1238452
2022-08-03 10:00:00,146.8367865900,150.0879678800,144.7714465000,149.8013895900,2271758
2022-08-03 10:30:00,149.8013895900,151.4813312900,148.4870822600,150.4041922000,1025729
2022-08-03 11:00:00,150.4041922000,150.7006525000,148.5068462800,149.3171711000,563801
2022-08-03 11:30:00,149.3764631600,151.0959329000,149.2183510000,150.4832482800,447618
2022-08-03 13:30:00,150.7006525000,150.9477027500,148.8230706000,150.2164340100,605421
2022-08-03 14:00:00,150.2164340100,150.2164340100,146.8367865900,146.8664326200,546682
2022-08-03 14:30:00,146.8565506100,147.1332468900,144.8702666000,144.9690867000,752519
2022-08-03 15:00:00,144.9493226800,145.0580247900,143.7832455000,144.7516824800,840787
2022-08-04 10:00:00,144.2773460000,146.2043379500,141.0558107400,141.1249848100,1209162
2022-08-04 10:30:00,141.1151028000,143.4176111300,140.5221822000,140.8482885300,643357
2022-08-04 11:00:00,140.7198224000,141.2633329500,138.3481400000,138.9015325600,1216920
2022-08-04 11:30:00,138.9015325600,139.5339812000,137.8639215100,138.1406177900,529786
2022-08-04 13:30:00,137.8540395000,140.2257219000,137.1919448300,139.3956330600,620300
2022-08-04 14:00:00,139.3956330600,140.6012382800,138.0319156800,138.4173140700,256300
2022-08-04 14:30:00,138.4074320600,139.3363410000,137.6563993000,138.3382579900,325142
2022-08-04 15:00:00,138.3382579900,139.3066949700,137.4587591000,139.0794087400,538526
2022-08-05 10:00:00,140.1269018000,142.5677582700,138.3679040200,140.2059578800,839446
2022-08-05 10:30:00,140.2059578800,140.7593504400,138.2493199000,138.5853082400,336900
2022-08-05 11:00:00,138.5853082400,139.8304415000,138.5853082400,139.0398807000,283700
2022-08-05 11:30:00,139.0398807000,141.0854567700,139.0398807000,141.0755747600,298971
2022-08-05 13:30:00,141.0953387800,141.2929789800,138.5655442200,138.7335383900,372333
2022-08-05 14:00:00,138.7434204000,139.8205594900,138.6248362800,139.5339812000,382600
2022-08-05 14:30:00,139.5339812000,140.7198224000,139.3857510500,139.7711494400,328500
2022-08-05 15:00:00,139.7711494400,140.3047779800,139.4153970800,139.8007954700,353582
2022-08-08 10:00:00,138.6149542700,140.7494684300,134.9487285600,140.2850139600,1073270
2022-08-08 10:30:00,140.2850139600,140.5320642100,139.0299986900,140.2751319500,466647
2022-08-08 11:00:00,140.2751319500,140.5715922500,139.6130372800,139.9490256200,274718
2022-08-08 11:30:00,139.9490256200,141.9550736500,139.7711494400,141.2830969700,397459
2022-08-08 13:30:00,141.2040408900,142.4590561600,141.1645128500,141.5103832000,449891
2022-08-08 14:00:00,141.6684953600,143.1409148500,141.6684953600,142.9037466100,453643
2022-08-08 14:30:00,143.0915048000,143.2693809800,142.4985842000,142.5974043000,547231
2022-08-08 15:00:00,142.6072863100,143.1409148500,142.0044837000,142.4788201800,419246
2022-08-09 10:00:00,142.3009440000,146.6984384500,141.9056636000,146.5403262900,966687
2022-08-09 10:30:00,146.5403262900,148.6155483900,146.5403262900,148.6155483900,921764
2022-08-09 11:00:00,148.6056663800,148.6254304000,146.4711522200,147.6372294000,354003
2022-08-09 11:30:00,147.6965214600,147.7064034700,146.4810342300,146.5007982500,298475
2022-08-09 13:30:00,146.6687924200,147.6075833700,146.2735120200,146.7972585500,345830
2022-08-09 14:00:00,146.7972585500,147.0838368400,145.9968157400,146.2438659900,270596
2022-08-09 14:30:00,146.2438659900,146.3525681000,145.9572877000,146.0758718200,227000
2022-08-09 15:00:00,146.0857538300,146.1746919200,145.4829512200,145.6608274000,287814
2022-08-10 10:00:00,145.6015353400,146.5502083000,143.8623015800,144.7615644900,631568
2022-08-10 10:30:00,144.7615644900,145.4631872000,142.2021239000,142.5974043000,449800
2022-08-10 11:00:00,142.5084662100,143.0816227900,141.0162827000,141.3127430000,550419
2022-08-10 11:30:00,141.3127430000,141.7969614900,140.5617102400,140.5617102400,583191
2022-08-10 13:30:00,140.4233621000,140.7000583800,137.4093490500,138.0615617100,899432
2022-08-10 14:00:00,138.0615617100,138.9212965800,136.9448945800,137.2611189000,881339
2022-08-10 14:30:00,137.2611189000,137.5378151800,135.9270475500,136.0851597100,887970
2022-08-10 15:00:00,136.0851597100,136.9448945800,136.0752777000,136.2531538800,971504
2022-08-11 10:00:00,136.7571363900,137.8540395000,134.3953360000,134.7115603200,1027743
2022-08-11 10:30:00,134.7115603200,134.8795544900,132.0829456600,132.9031524900,1217785
2022-08-11 11:00:00,132.9624445500,135.0376666500,132.9130345000,134.9487285600,370000
2022-08-11 11:30:00,134.9487285600,135.6404692600,134.2965159000,135.2254248400,435800
2022-08-11 13:30:00,135.2649528800,135.6799973000,133.6640672600,133.7134773100,406700
2022-08-11 14:00:00,133.7431233400,134.5534481600,132.9130345000,133.1502027400,577162
2022-08-11 14:30:00,133.1600847500,134.1976958000,132.9327985200,133.2687868600,528700
2022-08-11 15:00:00,133.0612646500,134.1482857500,133.0612646500,133.6047752000,558407
2022-08-12 10:00:00,133.9407635400,135.1760147900,132.9624445500,133.3577249500,712445
2022-08-12 10:30:00,133.3577249500,133.3577249500,131.4406150100,132.3398779200,532733
2022-08-12 11:00:00,132.3398779200,134.3558079600,132.2212938000,134.2866338900,261156
2022-08-12 11:30:00,134.2866338900,134.3755719800,133.4071350000,133.5059551000,314800
2022-08-12 13:30:00,133.6146572100,134.0593476600,132.9229165100,133.2984328900,185600
2022-08-12 14:00:00,133.2589048500,133.3972529900,132.7055122900,133.1106747000,214600
2022-08-12 14:30:00,133.0415006300,133.8419434400,133.0415006300,133.1106747000,251500
2022-08-12 15:00:00,133.1106747000,133.2292588200,132.4189340000,132.6462202300,371442
2022-08-15 10:00:00,132.5375181200,133.9012355000,130.9168684800,133.7530053500,678970
2022-08-15 10:30:00,133.7530053500,133.9012355000,131.6975472700,132.3201139000,415855
2022-08-15 11:00:00,132.3201139000,132.6264562100,130.1658357200,130.1658357200,913301
2022-08-15 11:30:00,130.2053637600,131.1342727000,129.6420891900,131.0848626500,848721
2022-08-15 13:30:00,131.1342727000,131.3319129000,130.0670156200,130.8279303900,275152
2022-08-15 14:00:00,130.8378124000,131.7271933000,130.4622960200,131.1441547100,343617
2022-08-15 14:30:00,131.1342727000,131.1540367200,130.2646558200,130.5314700900,324910
2022-08-15 15:00:00,130.5314700900,131.3714409400,130.3437119000,131.2232107900,371723
2022-08-16 10:00:00,131.4406150100,135.5614131800,130.7093462700,135.3835370000,1494994
2022-08-16 10:30:00,135.3835370000,136.7670184000,134.8004984100,135.9764576000,922377
2022-08-16 11:00:00,135.6898793100,135.9764576000,134.8894365000,135.0870767000,296000
2022-08-16 11:30:00,135.0771946900,135.3835370000,134.1779317800,134.6423862500,260600
2022-08-16 13:30:00,134.7510883600,135.4823571000,134.2075778100,134.3854539900,242284
2022-08-16 14:00:00,134.3854539900,134.5139201200,133.4071350000,134.3755719800,312700
2022-08-16 14:30:00,134.3755719800,135.0475486600,134.0692296700,135.0080206200,214620
2022-08-16 15:00:00,135.0080206200,135.2945989100,133.3478429400,133.9308815300,474084
2022-08-17 10:00:00,133.9209995200,134.3459259500,131.0453346100,131.1342727000,810802
2022-08-17 10:30:00,131.0848626500,131.3319129000,129.6717352200,130.9267504900,829596
2022-08-17 11:00:00,130.9267504900,132.5276361100,130.8378124000,132.3003498800,230524
2022-08-17 11:30:00,132.3003498800,132.9624445500,131.8062493800,132.9426805300,157000
2022-08-17 13:30:00,132.9426805300,133.1996127900,131.7568393300,131.8358954100,198700
2022-08-17 14:00:00,131.8358954100,133.1106747000,131.6283732000,133.1007926900,249000
2022-08-17 14:30:00,133.0711466600,133.4071350000,132.4683440500,133.1304387200,322916
2022-08-17 15:00:00,133.1304387200,133.3676069600,132.5276361100,132.9130345000,261812
2022-08-18 10:00:00,132.9031524900,135.4823571000,131.6481372200,135.2649528800,722377
2022-08-18 10:30:00,135.3736549900,136.0752777000,134.3953360000,135.4230650400,823500
2022-08-18 11:00:00,135.4230650400,135.7294073500,134.4052180100,135.2649528800,301052
2022-08-18 11:30:00,135.2649528800,135.8183454400,134.6917963000,135.1661327800,258107
2022-08-18 13:30:00,135.2649528800,135.3934190100,134.6226222300,134.6917963000,247737
2022-08-18 14:00:00,134.6917963000,135.5811772000,134.5435661500,135.2451888600,215500
2022-08-18 14:30:00,135.1760147900,135.2353068500,134.5139201200,134.7906164000,317955
2022-08-18 15:00:00,134.7609703700,135.1760147900,134.6226222300,134.7313243400,208783
2022-08-19 10:00:00,134.9981386100,135.3736549900,130.9366325000,130.9860425500,975848
2022-08-19 10:30:00,131.0354526000,131.1342727000,128.4760120100,128.4760120100,1027598
2022-08-19 11:00:00,128.4957760300,129.3653929100,128.4760120100,129.3159828600,406966
2022-08-19 11:30:00,129.3159828600,130.4425320000,129.3159828600,130.0867796400,267008
2022-08-19 13:30:00,130.0867796400,130.0867796400,129.0392865800,129.4444489900,216519
2022-08-19 14:00:00,129.4444489900,129.6519712000,128.5847141200,128.7625903000,319790
2022-08-19 14:30:00,128.7625903000,128.8416463800,127.5965131200,127.9325014600,599434
2022-08-19 15:00:00,127.9325014600,128.2190797500,126.4403179500,126.8059523200,1126278
2022-08-22 10:00:00,126.3414978500,128.9108204500,126.0648015700,127.8435633700,1045565
2022-08-22 10:30:00,127.5866311100,130.2943018500,127.5866311100,130.1263076800,596641
2022-08-22 11:00:00,130.1263076800,130.5413521000,129.2665728100,129.5333870800,289600
2022-08-22 11:30:00,129.4938590400,129.6223251700,128.8416463800,129.5630331100,140336
2022-08-22 13:30:00,129.5827971300,130.0472516000,128.4858940200,129.5630331100,217259
2022-08-22 14:00:00,129.6322071800,129.9089034600,129.3061008500,129.7507913000,127700
2022-08-22 14:30:00,129.7507913000,130.4326499900,129.6618532100,130.3437119000,249900
2022-08-22 15:00:00,130.3437119000,130.4425320000,130.0571336100,130.3338298900,354369
2022-08-23 10:00:00,129.1479886900,131.7271933000,129.1479886900,129.8693754200,649696
2022-08-23 10:30:00,129.9484315000,130.1757177300,128.2487257800,128.2586077900,440000
2022-08-23 11:00:00,128.2586077900,128.7230622600,127.4779290000,128.0906136200,589005
2022-08-23 11:30:00,128.1004956300,129.3555109000,127.4680469900,128.8416463800,488200
2022-08-23 13:30:00,129.1875167300,129.3555109000,128.0807316100,128.2981358300,246900
2022-08-23 14:00:00,128.2981358300,128.6934162300,127.7052152300,127.7150972400,300700
2022-08-23 14:30:00,127.7150972400,128.9404664800,127.6854512100,128.5649501000,279600
2022-08-23 15:00:00,128.5254220600,129.0590506000,128.2487257800,128.9404664800,246789
2022-08-24 10:00:00,132.0829456600,132.6165742000,125.5114090100,127.1518226700,1644769
2022-08-24 10:30:00,127.1518226700,127.1715866900,125.8572793600,126.3316158400,427354
2022-08-24 11:00:00,126.3316158400,126.7861883000,125.5608190600,126.3711438800,372100
2022-08-24 11:30:00,126.5391380500,127.2802888000,126.2031497100,126.4897280000,274896
2022-08-24 13:30:00,126.3612618700,126.6379581500,125.5114090100,126.0153915200,404243
2022-08-24 14:00:00,126.2426777500,126.7268962400,125.7782232800,126.6873682000,301297
2022-08-24 14:30:00,126.6083121200,126.7268962400,125.1062466000,125.1062466000,353301
2022-08-24 15:00:00,125.1161286100,125.7288132300,125.0173085100,125.0469545400,517598
2022-08-25 10:00:00,125.0864825800,126.4600819700,122.7839742500,122.9025583700,939700
2022-08-25 10:30:00,122.8729123400,122.8729123400,119.5624389900,121.0052124500,1393760
2022-08-25 11:00:00,120.9854484300,122.1416436000,120.1948876300,121.1929706400,675390
2022-08-25 11:30:00,121.2819087300,121.7068351600,120.2739437100,120.3233537600,408100
2022-08-25 13:30:00,120.3628818000,122.2009356600,119.7106691400,119.7699612000,949920
2022-08-25 14:00:00,119.8588992900,121.1139145600,119.4537368800,119.4537368800,980180
2022-08-25 14:30:00,119.4537368800,120.3727638100,118.6434120600,120.1158315500,1247829
2022-08-25 15:00:00,120.1059495400,120.8273362700,119.6810231100,120.5209939600,1247752
2022-08-26 10:00:00,120.9656844100,125.6695211700,120.8767463200,125.5114090100,1810227
2022-08-26 10:30:00,125.5015270000,125.9363354400,124.7504942400,125.0074265000,844601
2022-08-26 11:00:00,125.0370725300,126.4403179500,125.0074265000,126.0944476000,609841
2022-08-26 11:30:00,126.0944476000,126.0944476000,125.2050667000,125.6003471000,345157
2022-08-26 13:30:00,125.5015270000,125.7584592600,125.2248307200,125.7189312200,428223
2022-08-26 14:00:00,125.7189312200,125.7386952400,125.2050667000,125.5015270000,303700
2022-08-26 14:30:00,125.4916449900,125.6596391600,125.2050667000,125.4916449900,426476
2022-08-26 15:00:00,125.5509370500,125.5904650900,124.7801402700,125.1754206700,676571
2022-08-29 10:00:00,124.4737979600,125.8671613700,123.0211424900,124.6319101200,775854
2022-08-29 10:30:00,124.6516741400,126.3711438800,123.6931191700,124.2267477100,501700
2022-08-29 11:00:00,124.0291075100,125.4027069000,123.5646530400,125.1655386600,293327
2022-08-29 11:30:00,125.1754206700,125.9956275000,124.8493143400,125.8671613700,289425
2022-08-29 13:30:00,125.8968074000,125.8968074000,124.0785175600,124.4441519300,312300
2022-08-29 14:00:00,124.4540339400,124.6615561500,124.0982815800,124.3255678100,213645
2022-08-29 14:30:00,124.3453318300,124.3453318300,123.1298446000,123.2879567600,352656
2022-08-29 15:00:00,123.3077207800,123.9204054000,123.2583107300,123.6535911300,437184
2022-08-30 10:00:00,123.5251250000,124.8394323300,121.0743865200,124.8394323300,619594
2022-08-30 10:30:00,124.7999042900,126.9344184500,123.7030011800,126.4304359400,617609
2022-08-30 11:00:00,126.4304359400,126.5589020700,124.5330900200,124.6912021800,261977
2022-08-30 11:30:00,124.6813201700,125.2347127300,124.1180456000,125.2347127300,184468
2022-08-30 13:30:00,125.2347127300,125.2347127300,124.3255678100,124.5133260000,139900
2022-08-30 14:00:00,124.5429720300,124.9975444900,124.3354498200,124.9382524300,136922
2022-08-30 14:30:00,124.9382524300,125.4224709200,124.6022640900,124.6813201700,165647
2022-08-30 15:00:00,124.7208482100,124.9975444900,124.5034439900,124.5133260000,197839
2022-08-31 10:00:00,125.9956275000,126.1735036800,122.5665700300,123.5251250000,617600
2022-08-31 10:30:00,123.5251250000,123.9204054000,121.7463632000,122.6555081200,461917
2022-08-31 11:00:00,122.6555081200,123.0211424900,121.7858912400,121.9934134500,184359
2022-08-31 11:30:00,121.9934134500,122.4677499300,120.7976902400,121.5091949600,387700
2022-08-31 13:30:00,121.4499029000,123.6239451000,121.3906108400,123.4263049000,372715
2022-08-31 14:00:00,123.4263049000,124.0093434900,121.4202568700,121.7562452100,287100
2022-08-31 14:30:00,121.7562452100,121.9440034000,121.0052124500,121.4795489300,312691
2022-08-31 15:00:00,121.4499029000,121.8353012900,121.1040325500,121.5190769700,487563
2022-09-01 10:00:00,117.4773348800,118.7224681400,113.4257107800,115.5206969000,4917124
2022-09-01 10:30:00,115.6195170000,115.6392810200,113.6727610300,113.7221710800,1108895
2022-09-01 11:00:00,113.7221710800,114.3348557000,113.2280705800,114.0581594200,1186841
2022-09-01 11:30:00,114.0581594200,116.9535883500,113.9395753000,116.7065381000,964078
2022-09-01 13:30:00,116.6077180000,118.0801374900,116.5484259400,117.1611105600,774200
2022-09-01 14:00:00,117.1611105600,118.0801374900,116.7065381000,117.8726152800,410600
2022-09-01 14:30:00,117.8726152800,118.5841200000,117.2006386000,118.1888396000,723000
2022-09-01 15:00:00,118.1394295500,118.6038840200,117.4081608100,117.6058010100,731265
2022-09-02 10:00:00,119.1177485400,119.4142088400,113.3071266600,115.4712868500,2402674
2022-09-02 10:30:00,115.5404609200,117.2796946800,115.2637646400,117.0622904600,1195705
2022-09-02 11:00:00,117.0622904600,117.8429692500,116.5879539800,116.9634703600,666200
2022-09-02 11:30:00,116.9634703600,118.0999015100,116.6867740800,117.8627332700,492067
2022-09-02 13:30:00,117.9121433200,118.7027041200,117.5959190000,117.9516713600,549200
2022-09-02 14:00:00,117.9911994000,118.6631760800,117.7935592000,117.8429692500,481900
2022-09-02 14:30:00,117.8429692500,118.1394295500,117.1018185000,117.2599306600,455221
2022-09-02 15:00:00,117.2895766900,117.8923793000,117.1215825200,117.5662729700,577702
2022-09-05 10:00:00,117.5959190000,121.8847113400,116.6077180000,121.3510828000,1145621
2022-09-05 10:30:00,121.3906108400,121.7760092300,120.2442976800,121.6475431000,736443
2022-09-05 11:00:00,121.6475431000,121.6475431000,118.9102263300,118.9299903500,625700
2022-09-05 11:30:00,118.9299903500,119.4043268300,118.3469517600,119.0782205000,394006
2022-09-05 13:30:00,119.0782205000,119.0782205000,117.8232052300,118.0010814100,440900
2022-09-05 14:00:00,118.0109634200,118.5841200000,117.8726152800,118.4358898500,292453
2022-09-05 14:30:00,118.4358898500,118.8410522600,117.8824972900,118.2777776900,502300
2022-09-05 15:00:00,118.2975417100,118.6928221100,117.5959190000,118.6928221100,516500
2022-09-06 10:00:00,120.0763035100,124.5034439900,119.2758607000,124.1279276100,2002300
2022-09-06 10:30:00,123.7524112300,124.4540339400,123.0804345500,124.1180456000,634206
2022-09-06 11:00:00,124.3947418800,125.1161286100,123.1891366600,125.1062466000,528247
2022-09-06 11:30:00,125.0271905200,125.5509370500,124.1378096200,125.2347127300,395700
2022-09-06 13:30:00,125.3829428800,127.1617046800,124.9481344400,125.0173085100,848939
2022-09-06 14:00:00,125.0568365500,125.0766005700,123.6535911300,123.7227652000,448167
2022-09-06 14:30:00,123.7227652000,123.8018212800,123.5251250000,123.6041810800,292900
2022-09-06 15:00:00,123.6041810800,124.3552138400,123.5745350500,124.0093434900,678303
2022-09-07 10:00:00,123.1693726400,126.4897280000,122.6258620900,125.7485772500,921106
2022-09-07 10:30:00,125.7485772500,126.1339756400,124.7900222800,125.9956275000,474721
2022-09-07 11:00:00,125.9857454900,127.0332385500,125.8078693100,126.1537396600,384200
2022-09-07 11:30:00,126.1537396600,126.1537396600,125.1161286100,125.1853026800,281100
2022-09-07 13:30:00,125.2347127300,125.5015270000,124.9086064000,125.2248307200,213240
2022-09-07 14:00:00,125.2149487100,125.2149487100,124.3947418800,124.6319101200,250931
2022-09-07 14:30:00,124.5923820800,125.1655386600,124.0982815800,124.8789603700,335534
2022-09-07 15:00:00,124.8690783600,125.7288132300,124.7702582600,125.3038868000,650200
2022-09-08 10:00:00,125.8770433800,125.8770433800,123.2286647000,123.4460689200,826200
2022-09-08 10:30:00,123.4361869100,123.7622932400,122.7148001800,123.3768948500,524500
2022-09-08 11:00:00,123.3670128400,123.4559509300,122.9025583700,123.2385467100,165300
2022-09-08 11:30:00,123.3077207800,123.5251250000,122.5072779700,122.6752721400,708225
2022-09-08 13:30:00,122.5468060100,123.9599334400,122.5468060100,123.0804345500,386393
2022-09-08 14:00:00,123.0705525400,123.0705525400,118.1888396000,118.5742379900,2131945
2022-09-08 14:30:00,118.5742379900,118.7125861300,115.6195170000,116.7855941800,3183961
2022-09-08 15:00:00,116.8844142800,118.5347099500,116.7065381000,118.0109634200,1513177
2022-09-09 10:00:00,118.5841200000,119.0683384900,115.4021127800,115.7183371000,1329422
2022-09-09 10:30:00,115.6195170000,116.0938534800,115.2835286600,115.8270392100,856459
2022-09-09 11:00:00,115.9258593100,116.8053582000,115.9258593100,116.6966560900,641297
2022-09-09 11:30:00,116.6077180000,118.2876597000,116.4693698600,117.9615533700,564432
2022-09-09 13:30:00,117.9813173900,119.5723210000,117.6749750800,119.5525569800,629337
2022-09-09 14:00:00,119.5624389900,119.9676014000,119.2066866300,119.7007871300,541700
2022-09-09 14:30:00,119.6711411000,119.9478373800,119.2956247200,119.6909051200,436400
2022-09-09 15:00:00,119.7106691400,119.9280733600,118.7027041200,119.2857427100,695332
2022-09-13 10:00:00,119.4240908500,121.9835314400,118.9299903500,119.3055067300,846723
2022-09-13 10:30:00,119.3549167800,120.1158315500,119.0584564800,119.9083093400,386400
2022-09-13 11:00:00,119.8885453200,120.5308759700,119.6810231100,120.4518198900,274181
2022-09-13 11:30:00,120.4518198900,121.3115547600,119.9181913500,121.0941505400,588399
2022-09-13 13:30:00,121.0546225000,121.4499029000,120.3826458200,121.4499029000,308045
2022-09-13 14:00:00,121.4795489300,121.6080150600,120.9558024000,121.1633246100,405800
2022-09-13 14:30:00,121.1534426000,121.4499029000,120.6791061200,120.7285161700,348782
2022-09-13 15:00:00,120.6889881300,121.7167171700,120.6296960700,120.9558024000,447268
2022-09-14 10:00:00,120.2146516500,120.8174542600,117.1808745800,117.4674528700,1383359
2022-09-14 10:30:00,117.4773348800,117.8528512600,116.6670100600,117.0425264400,962143
2022-09-14 11:00:00,117.0425264400,117.9911994000,116.6077180000,116.7263021200,689300
2022-09-14 11:30:00,116.7263021200,118.5445919600,116.7263021200,118.3568337700,504000
2022-09-14 13:30:00,118.3765977900,118.3765977900,117.1018185000,117.3291047300,324700
2022-09-14 14:00:00,117.3291047300,118.0801374900,116.8547682500,118.0801374900,327069
2022-09-14 14:30:00,118.0801374900,118.5445919600,117.8923793000,118.4655358800,220800
2022-09-14 15:00:00,118.4655358800,118.7619961800,118.0307274400,118.6236480400,357600
2022-09-15 10:00:00,118.6335300500,119.2363326600,115.9258593100,116.6077180000,873562
2022-09-15 10:30:00,116.6077180000,117.0721724700,115.0068323800,115.3527027300,762225
2022-09-15 11:00:00,115.2637646400,115.2637646400,113.8506372100,114.7993101700,881300
2022-09-15 11:30:00,114.7795461500,115.1056524800,113.9791033400,114.0087493700,520200
2022-09-15 13:30:00,113.9692213300,114.4040297700,112.2102235500,112.2695156100,919169
2022-09-15 14:00:00,112.3090436500,112.6153859600,110.6785120000,111.1726125000,1120015
2022-09-15 14:30:00,111.2516685800,112.2102235500,110.9848543100,111.7951791300,1128352
2022-09-15 15:00:00,111.8643532000,112.1608135000,111.3406066700,111.9434092800,675924
2022-09-16 10:00:00,111.6568309900,114.6115519800,111.6568309900,112.1608135000,865577
2022-09-16 10:30:00,112.1608135000,113.4751208300,111.6963590300,113.4751208300,650787
2022-09-16 11:00:00,113.4751208300,113.5047668600,111.5678929000,111.8742352100,410500
2022-09-16 11:30:00,111.7062410400,112.3386896800,111.6173029500,112.0521113900,333300
2022-09-16 13:30:00,112.0817574200,112.9513743000,111.4987188300,111.6765950100,446332
2022-09-16 14:00:00,111.6765950100,111.7951791300,110.9749723000,111.1429664700,373423
2022-09-16 14:30:00,111.1429664700,111.6667130000,111.0243823500,111.3307246600,404667
2022-09-16 15:00:00,111.3307246600,112.0323473700,110.6883940100,110.6883940100,573053
2022-09-19 10:00:00,110.7378040600,113.9395753000,109.4729067800,113.3071266600,1156553
2022-09-19 10:30:00,113.2774806300,113.5541769100,111.5184828500,111.6568309900,514536
2022-09-19 11:00:00,111.6568309900,113.1490145000,111.0935564200,113.0798404300,313500
2022-09-19 11:30:00,113.0600764100,113.0996044500,111.9434092800,112.1509314900,231991
2022-09-19 13:30:00,112.1509314900,113.2478346000,111.7556510900,111.9137632500,538144
2022-09-19 14:00:00,111.9137632500,111.9137632500,111.1330844600,111.4493087800,373135
2022-09-19 14:30:00,111.4987188300,112.0619934000,110.8761522000,111.6074209400,574755
2022-09-19 15:00:00,111.6370669700,111.8841172200,111.4196627500,111.7457690800,410512
2022-09-20 10:00:00,112.6549140000,113.7419351000,111.1726125000,113.6431150000,719465
2022-09-20 10:30:00,113.7221710800,114.1372155000,113.3763007300,113.9395753000,446039
2022-09-20 11:00:00,113.9988673600,113.9988673600,112.4671558100,112.6252679700,414883
2022-09-20 11:30:00,112.6153859600,112.6549140000,112.0323473700,112.1114034500,166900
2022-09-20 13:30:00,112.1410494800,112.1410494800,111.2615505900,111.2911966200,274500
2022-09-20 14:00:00,111.2911966200,111.6173029500,110.5500458700,111.2220225500,440451
2022-09-20 14:30:00,111.2220225500,111.5184828500,110.5302818500,110.6291019500,295363
2022-09-20 15:00:00,110.7081580300,111.1627304900,110.5698098900,111.0639103900,340588
2022-09-21 10:00:00,110.7773321000,112.0027013400,108.2080095000,110.5203998400,987579
2022-09-21 10:30:00,110.4907538100,111.0540283800,109.8385411500,110.0954734100,412700
2022-09-21 11:00:00,110.0954734100,110.6192199400,109.5914909000,110.3524056700,344700
2022-09-21 11:30:00,110.3524056700,110.3820517000,109.5223168300,110.3524056700,120800
2022-09-21 13:30:00,110.2140575300,110.7279220500,109.9373612500,110.4808718000,264089
2022-09-21 14:00:00,110.4611077800,110.7378040600,110.3721696900,110.4116977300,198402
2022-09-21 14:30:00,110.4116977300,110.8366241600,110.2338215500,110.5994559200,212098
2022-09-21 15:00:00,110.5994559200,110.7180400400,110.3029956200,110.4314617500,394230
2022-09-22 10:00:00,110.2634675800,110.9552082800,107.0024042800,110.6686299900,1271493
2022-09-22 10:30:00,110.6291019500,111.9038812400,108.5835258800,108.8602221600,590289
2022-09-22 11:00:00,108.8602221600,109.8681871800,108.8602221600,109.5914909000,288600
2022-09-22 11:30:00,109.5914909000,109.5914909000,108.6823459800,108.8305761300,338000
2022-09-22 13:30:00,108.8404581400,109.1764464800,108.5835258800,108.5835258800,310584
2022-09-22 14:00:00,108.5835258800,109.0183343200,108.1289534200,108.2870655800,282100
2022-09-22 14:30:00,108.2673015600,108.8503401500,107.7139090000,108.6032899000,664100
2022-09-22 15:00:00,108.6032899000,109.1072724100,108.3364756300,108.8206941200,603087
2022-09-23 10:00:00,109.5025528100,110.4215797400,107.6644989500,107.7732010600,960937
2022-09-23 10:30:00,107.9609592500,108.2178915100,106.9233482000,107.2198085000,566452
2022-09-23 11:00:00,107.1703984500,108.0103693000,105.8066810700,106.4292477000,409300
2022-09-23 11:30:00,106.4490117200,107.0814603600,105.7375070000,106.8146460900,254510
2022-09-23 13:30:00,106.8146460900,108.5538798500,106.5280678000,108.0400153300,330300
2022-09-23 14:00:00,108.1981274900,108.4451777400,107.4965047800,107.8226111100,162900
2022-09-23 14:30:00,107.7040269900,108.3957676900,107.4174487000,107.9214312100,182767
2022-09-23 15:00:00,107.9214312100,108.0004872900,106.9233482000,107.2791005600,428894
2022-09-26 10:00:00,107.2692185500,110.1844115000,105.6189228800,109.0282163300,954521
2022-09-26 10:30:00,109.0282163300,112.9316102800,108.8206941200,112.8327901800,1052628
2022-09-26 11:00:00,112.8327901800,112.8327901800,111.7358870700,112.0125833500,417680
2022-09-26 11:30:00,112.0027013400,112.4572738000,111.6963590300,111.9434092800,303511
2022-09-26 13:30:00,111.9434092800,112.4671558100,111.7358870700,111.7655331000,292200
2022-09-26 14:00:00,111.7655331000,111.9631733000,110.8761522000,111.1528484800,383403
2022-09-26 14:30:00,111.1528484800,111.6370669700,110.6883940100,111.1232024500,356800
2022-09-26 15:00:00,111.0935564200,111.1923765200,110.2041755200,110.7081580300,435153
2022-09-27 10:00:00,110.7872141100,113.0501944000,109.3938507000,111.2516685800,757000
2022-09-27 10:30:00,111.2516685800,111.6667130000,110.4808718000,110.6587479800,303782
2022-09-27 11:00:00,110.5796919000,110.5796919000,109.4827887900,109.7199570300,248318
2022-09-27 11:30:00,109.7199570300,110.1547654700,109.4729067800,110.0164173300,160413
2022-09-27 13:30:00,110.0164173300,110.5006358200,109.6310189400,110.3721696900,187379
2022-09-27 14:00:00,110.4018157200,110.6785120000,110.0460633600,110.2041755200,244200
2022-09-27 14:30:00,110.2041755200,110.9749723000,109.8385411500,110.8366241600,255000
2022-09-27 15:00:00,110.8366241600,111.1429664700,110.6785120000,110.8959162200,467023
2022-09-28 10:00:00,110.6785120000,111.4690728000,108.2969475900,109.5321988400,667036
2022-09-28 10:30:00,109.5124348200,110.4413437600,108.7416380400,108.9590422600,340600
2022-09-28 11:00:00,109.1072724100,109.1171544200,108.0103693000,108.2080095000,298381
2022-09-28 11:30:00,108.2080095000,108.5439978400,107.5261508100,108.1091894000,259359
2022-09-28 13:30:00,108.0894253800,108.1091894000,107.5656788500,107.7139090000,181223
2022-09-28 14:00:00,107.7237910100,108.2574195500,107.5656788500,107.9411952300,191800
2022-09-28 14:30:00,107.9411952300,108.2475375400,107.1209884000,107.2198085000,276583
2022-09-28 15:00:00,107.2395725200,108.0103693000,106.8838201600,107.4273307100,599953
2022-09-29 10:00:00,108.7910480900,111.3109606400,107.3087465900,110.5895739100,936583
2022-09-29 10:30:00,110.7970961200,113.6233509800,110.3524056700,111.4493087800,1012689
2022-09-29 11:00:00,111.4493087800,111.4493087800,109.9966533100,110.0658273800,396100
2022-09-29 11:30:00,110.0559453700,110.0559453700,109.5223168300,109.9966533100,280200
2022-09-29 13:30:00,109.6903110000,110.7970961200,109.3740866800,109.4333787400,346743
2022-09-29 14:00:00,109.4333787400,109.5124348200,108.8997502000,109.0973904000,250800
2022-09-29 14:30:00,109.0973904000,109.6903110000,108.7119920100,109.4333787400,281100
2022-09-29 15:00:00,109.4333787400,109.8385411500,109.1962105000,109.5914909000,433751
2022-09-30 10:00:00,108.9985703000,108.9985703000,106.7850000600,106.9134661900,1117686
2022-09-30 10:30:00,106.8937021700,107.0814603600,105.9351472000,106.4588937300,528343
2022-09-30 11:00:00,106.4588937300,107.5854428700,105.2928165500,106.9727582500,355300
2022-09-30 11:30:00,106.9826402600,107.4965047800,106.0537313200,106.1327874000,228207
2022-09-30 13:30:00,106.1130233800,106.2711355400,105.5793948400,105.5991588600,262900
2022-09-30 14:00:00,105.6090408700,105.9450292100,105.1544684100,105.3718726300,347600
2022-09-30 14:30:00,105.3718726300,105.4805747400,104.4923737400,104.7493060000,527401
2022-09-30 15:00:00,104.7493060000,104.9963562500,103.8105150500,104.3342615800,809796
2022-10-10 10:00:00,103.7611050000,106.2316075000,102.2195114400,102.7630219900,1466389
2022-10-10 10:30:00,102.7729040000,103.3855886200,100.8557940600,101.0139062200,906821
2022-10-10 11:00:00,101.0435522500,101.6661188800,100.6779178800,100.9546141600,1016955
2022-10-10 11:30:00,100.9546141600,101.7155289300,100.8755580800,101.5771807900,783064
2022-10-10 13:30:00,101.5672987800,102.3677415900,100.6581538600,100.8063840100,627800
2022-10-10 14:00:00,100.8261480300,101.1917824000,100.5988618000,100.9447321500,907130
2022-10-10 14:30:00,100.8162660200,101.9230511400,100.7273279300,101.4684786800,606980
2022-10-10 15:00:00,101.4487146600,101.4783606900,100.7965020000,101.3400125500,424081
2022-10-11 10:00:00,102.6049098300,103.7611050000,101.6463548600,103.0496002800,877800
2022-10-11 10:30:00,103.0496002800,103.5338187700,102.1404553600,102.8321960600,668013
2022-10-11 11:00:00,102.7729040000,105.1050583600,102.6642018900,104.5516658000,700415
2022-10-11 11:30:00,104.5022557500,104.6998959500,103.3460605800,104.2354414800,379445
2022-10-11 13:30:00,104.2552055000,104.2552055000,103.6128748500,103.6622849000,518200
2022-10-11 14:00:00,103.6524028900,104.6208398700,103.1286563600,104.6010758500,531114
2022-10-11 14:30:00,104.6010758500,104.9173001700,104.1563854000,104.5022557500,799878
2022-10-11 15:00:00,104.5022557500,104.5417837900,103.2670045000,103.8105150500,698332
2022-10-12 10:00:00,104.2057954500,104.2650875100,99.9071211000,101.0731982800,1031007
2022-10-12 10:30:00,101.0336702400,102.0712812900,100.9052041100,101.3301305400,619404
2022-10-12 11:00:00,101.3498945600,101.6364728500,99.8083010000,99.9071211000,545624
2022-10-12 11:30:00,99.9071211000,100.4703956700,99.1462063300,99.2054983900,533342
2022-10-12 13:30:00,99.2153804000,100.0652332600,98.8398640200,99.8083010000,890238
2022-10-12 14:00:00,99.8083010000,102.2590394800,99.6897168800,101.8637590800,943400
2022-10-12 14:30:00,101.8736410900,104.1563854000,101.5178887300,104.1563854000,1156106
2022-10-12 15:00:00,104.1069753500,104.4133176600,103.3065325400,103.8599251000,1072349
2022-10-13 10:00:00,103.5535827900,108.4847057800,101.7847030000,107.6941449800,1948189
2022-10-13 10:30:00,107.7040269900,108.9195142200,107.2198085000,107.7336730200,1339329
2022-10-13 11:00:00,107.7336730200,108.5736438700,106.8245281000,108.0103693000,932600
2022-10-13 11:30:00,107.9016671900,108.1981274900,106.7948820700,107.9906052800,537748
2022-10-13 13:30:00,107.9906052800,107.9906052800,106.2316075000,106.4391297100,456701
2022-10-13 14:00:00,106.4391297100,106.6466519200,105.7572710200,105.9944392600,475667
2022-10-13 14:30:00,105.9746752400,106.4094836800,105.4410467000,105.9153831800,802100
2022-10-13 15:00:00,105.9351472000,106.2316075000,105.7375070000,105.9252651900,799865
2022-10-14 10:00:00,107.2198085000,109.7891311000,105.0457663000,107.1901624700,1346311
2022-10-14 10:30:00,107.0320503100,108.8898681900,107.0320503100,108.7910480900,867278
2022-10-14 11:00:00,108.7119920100,108.8898681900,107.7139090000,108.4748237700,515440
2022-10-14 11:30:00,108.4748237700,109.1764464800,108.4056497000,109.1468004500,325108
2022-10-14 13:30:00,109.0380983400,109.9670072800,108.4056497000,109.8780691900,558729
2022-10-14 14:00:00,109.8780691900,110.5006358200,109.2752665800,110.3820517000,574200
2022-10-14 14:30:00,110.3425236600,110.3425236600,109.7496030600,110.3425236600,313631
2022-10-14 15:00:00,110.2832316000,110.3622876800,109.2950306000,109.2950306000,471787
2022-10-17 10:00:00,109.4136147200,110.6291019500,108.5143518100,109.6211369300,1058498
2022-10-17 10:30:00,109.7891311000,110.5796919000,108.8206941200,108.8206941200,686816
2022-10-17 11:00:00,108.8503401500,108.8503401500,107.9016671900,107.9016671900,469850
2022-10-17 11:30:00,107.9313132200,108.3265936200,107.6941449800,107.8720211600,423488
2022-10-17 13:30:00,108.0993073900,108.6922279900,107.4470947300,108.0301333200,410814
2022-10-17 14:00:00,108.1388354300,108.5044698000,107.7139090000,108.2870655800,365236
2022-10-17 14:30:00,108.3661216600,108.7910480900,108.0400153300,108.4254137200,209496
2022-10-17 15:00:00,108.4254137200,109.1962105000,108.4254137200,108.6922279900,431633
2022-10-18 10:00:00,109.6804289900,111.1627304900,107.5360328200,107.7336730200,1047452
2022-10-18 10:30:00,107.7830830700,108.5835258800,107.4372127200,108.5835258800,351658
2022-10-18 11:00:00,108.6032899000,109.4037327100,108.3760036700,109.2258565300,306752
2022-10-18 11:30:00,109.2357385400,110.0361813500,109.0282163300,109.6903110000,252200
2022-10-18 13:30:00,109.7693670800,110.6686299900,109.7693670800,110.4215797400,471287
2022-10-18 14:00:00,110.4215797400,110.8563881800,110.0262993400,110.4314617500,589928
2022-10-18 14:30:00,110.4314617500,110.4907538100,109.8286591400,109.8879512000,491030
2022-10-18 15:00:00,109.9373612500,109.9472432600,109.4037327100,109.6211369300,578204
2022-10-19 10:00:00,108.4254137200,110.1053554200,108.0795433700,108.1487174400,755997
2022-10-19 10:30:00,108.2080095000,109.2357385400,107.3186286000,109.0084523100,626300
2022-10-19 11:00:00,109.0084523100,109.3938507000,108.7021100000,109.2060925100,196742
2022-10-19 11:30:00,109.1962105000,109.3345586400,108.3858856800,108.3858856800,142158
2022-10-19 13:30:00,108.3957676900,108.7317560300,107.7139090000,108.1388354300,302374
2022-10-19 14:00:00,108.1388354300,108.2969475900,107.6249709100,107.6644989500,246300
2022-10-19 14:30:00,107.7139090000,107.8917851800,107.3383926200,107.5656788500,294600
2022-10-19 15:00:00,107.5656788500,107.6150889000,106.8245281000,107.0320503100,609708
2022-10-20 10:00:00,106.9826402600,107.8720211600,105.8758551400,106.1229053900,809802
2022-10-20 10:30:00,106.1229053900,106.5675958400,105.2434065000,105.8560911200,482282
2022-10-20 11:00:00,105.9252651900,107.8127291000,105.5398668000,107.2198085000,1112318
2022-10-20 11:30:00,107.6348529200,108.1585994500,105.2434065000,105.8363271000,1251426
2022-10-20 13:30:00,106.1426694100,107.4866227700,105.9351472000,106.9035841800,601244
2022-10-20 14:00:00,106.9035841800,106.9035841800,105.7967990600,105.9252651900,328100
2022-10-20 14:30:00,106.0833773500,106.2711355400,105.6880969500,106.0636133300,372900
2022-10-20 15:00:00,106.2019614700,106.2118434800,105.8264450900,105.8264450900,454255
2022-10-21 10:00:00,106.3403096100,107.1308704100,104.9568282100,105.1939964500,747494
2022-10-21 10:30:00,105.1939964500,106.0932593600,104.5516658000,106.0339673000,603405
2022-10-21 11:00:00,106.0339673000,106.3699556400,105.4015186600,105.8363271000,280000
2022-10-21 11:30:00,105.8264450900,106.4292477000,105.7869170500,105.9153831800,293622
2022-10-21 13:30:00,105.8659731300,106.3106635800,105.6189228800,106.0833773500,216507
2022-10-21 14:00:00,106.0240852900,106.4292477000,105.6979789600,105.8560911200,365600
2022-10-21 14:30:00,105.8462091100,106.0240852900,105.5398668000,105.9055011700,389000
2022-10-21 15:00:00,105.9055011700,106.1624334300,105.7671530300,105.7671530300,266589
2022-10-24 10:00:00,104.6801319300,109.3740866800,104.6801319300,106.2414895100,1307464
2022-10-24 10:30:00,106.2316075000,106.3205455900,104.5516658000,105.2236424800,697252
2022-10-24 11:00:00,105.1643504200,106.1229053900,104.8580081100,104.9173001700,273552
2022-10-24 11:30:00,104.9173001700,106.0339673000,104.9173001700,105.9549112200,185118
2022-10-24 13:30:00,105.9845572500,106.0339673000,105.3521086100,105.9153831800,404000
2022-10-24 14:00:00,105.9252651900,106.2316075000,105.1544684100,105.4608107200,393026
2022-10-24 14:30:00,105.3521086100,106.1130233800,104.9963562500,105.7770350400,587864
2022-10-24 15:00:00,105.7671530300,106.0240852900,105.0457663000,105.1445864000,655146
2022-10-25 10:00:00,105.1445864000,105.1445864000,99.8083010000,100.0355872300,2095220
2022-10-25 10:30:00,99.9071211000,100.3221655200,96.1025472500,97.2093323700,3717498
2022-10-25 11:00:00,96.9128720700,97.6737868400,96.1519573000,96.6164117700,865537
2022-10-25 11:30:00,96.6262937800,99.8478290400,96.3001874500,99.7391269300,1271045
2022-10-25 13:30:00,99.9071211000,101.0929623000,99.0177402000,99.0671502500,1110782
2022-10-25 14:00:00,99.0770322600,99.7588909500,97.7627249300,98.4939936700,729606
2022-10-25 14:30:00,98.5038756800,98.8201000000,98.3161174900,98.5631677400,600800
2022-10-25 15:00:00,98.5730497500,98.7212799000,97.7627249300,98.1777693500,1116905
2022-10-26 10:00:00,98.8299820100,101.2906025000,97.3476805100,100.6779178800,1821441
2022-10-26 10:30:00,100.6285078300,102.3282135500,100.6285078300,102.3282135500,825300
2022-10-26 11:00:00,102.3282135500,104.9963562500,102.1206913400,104.1761494200,1315437
2022-10-26 11:30:00,104.2453234900,104.5022557500,102.7234939500,103.2472404800,518137
2022-10-26 13:30:00,103.0594822900,104.3540256000,102.7926680200,104.2848515300,582451
2022-10-26 14:00:00,104.3144975600,104.3144975600,103.3559425900,103.4448806800,503992
2022-10-26 14:30:00,103.4448806800,103.9093351500,102.9606621900,103.1583023900,464072
2022-10-26 15:00:00,103.1484203800,103.7413409800,103.1484203800,103.4942907300,536141
2022-10-27 10:00:00,103.5041727400,103.7611050000,101.2510744600,101.2807204900,1305000
2022-10-27 10:30:00,101.2411924500,102.7926680200,100.8854400900,101.1423723500,598360
2022-10-27 11:00:00,101.1917824000,102.4467976700,101.1917824000,101.9032871200,310551
2022-10-27 11:30:00,101.8934051100,102.1997474200,101.4981247100,101.7254109400,373994
2022-10-27 13:30:00,101.7945850100,102.1701013900,100.6680358700,100.8854400900,581355
2022-10-27 14:00:00,100.8953221000,102.4467976700,100.8953221000,102.3479775700,368500
2022-10-27 14:30:00,102.3479775700,102.7136119400,101.8637590800,102.3282135500,674200
2022-10-27 15:00:00,102.3282135500,102.4467976700,101.5277707400,101.7748209900,898500
2022-10-28 10:00:00,100.8063840100,102.0317532500,99.6106608000,99.8181830100,784558
2022-10-28 10:30:00,99.8181830100,100.2035814000,97.1006302600,97.3674445300,1393600
2022-10-28 11:00:00,97.3773265400,97.8318990000,96.0531372000,96.4286535800,1852803
2022-10-28 11:30:00,96.3495975000,98.6125777900,96.2606594100,98.3754095500,539977
2022-10-28 13:30:00,98.3259995000,98.4742296500,96.5077096600,96.9227540800,544204
2022-10-28 14:00:00,96.9227540800,97.4563826200,95.8554970000,96.1321932800,1045000
2022-10-28 14:30:00,96.1519573000,96.1519573000,95.1538742900,95.2131663500,1139200
2022-10-28 15:00:00,95.2131663500,95.3910425300,94.4423695700,95.0649362000,1161545
2022-10-31 10:00:00,95.1934023300,99.2944364800,95.1934023300,99.0177402000,1787279
2022-10-31 10:30:00,99.0276222100,99.2647904500,97.2389784000,97.3476805100,969799
2022-10-31 11:00:00,97.2883884500,99.0671502500,97.2883884500,99.0177402000,701936
2022-10-31 11:30:00,99.0276222100,99.7885369800,98.5038756800,98.9386841200,692892
2022-10-31 13:30:00,98.8596280400,98.9485661300,97.4563826200,97.4761466400,501572
2022-10-31 14:00:00,97.5848487500,97.7726069400,97.1599223200,97.4168545800,353600
2022-10-31 14:30:00,97.3970905600,97.5255566900,97.1698043300,97.2982704600,467100
2022-10-31 15:00:00,97.3081524700,97.7133148800,97.1698043300,97.5749667400,875180
2022-11-01 10:00:00,97.8220169900,98.6817518600,95.7369128800,96.2507774000,1040928
2022-11-01 10:30:00,96.1124292600,98.8003359800,96.1124292600,98.7805719600,772513
2022-11-01 11:00:00,98.7113978900,98.8003359800,97.4662646300,97.5156746800,751600
2022-11-01 11:30:00,97.5156746800,97.8220169900,97.1599223200,97.3377985000,482243
2022-11-01 13:30:00,97.3674445300,98.1580053300,97.0116921700,97.0116921700,607510
2022-11-01 14:00:00,97.0116921700,97.1698043300,96.5373556900,96.5373556900,719183
2022-11-01 14:30:00,96.5472377000,97.5552027200,96.5472377000,97.4168545800,900100
2022-11-01 15:00:00,97.4366186000,98.3062354800,96.8436980000,98.2864714600,1082190
2022-11-02 10:00:00,98.1777693500,100.6877998900,97.7627249300,99.0967962800,2070353
2022-11-02 10:30:00,99.0770322600,100.0849972800,98.8596280400,99.9071211000,834820
2022-11-02 11:00:00,99.8873570800,101.2807204900,99.2549084400,100.5395697400,904428
2022-11-02 11:30:00,100.5296877300,101.6661188800,100.4012216000,100.9150861200,645300
2022-11-02 13:30:00,101.0435522500,105.4904567500,101.0435522500,104.1563854000,2234551
2022-11-02 14:00:00,104.1563854000,106.8245281000,104.1168573600,106.7751180500,1788482
2022-11-02 14:30:00,106.7751180500,107.1111063900,105.9055011700,106.8640561400,968861
2022-11-02 15:00:00,106.8640561400,107.8917851800,105.7473890100,106.1031413700,1414422
2022-11-03 10:00:00,104.2749695200,110.9057982300,103.8994531400,109.8286591400,4320864
2022-11-03 10:30:00,109.9670072800,110.8662701900,108.7119920100,108.8701041700,2049210
2022-11-03 11:00:00,108.9293962300,109.6606649700,107.5953248800,108.9886882900,1031589
2022-11-03 11:30:00,108.9886882900,109.0084523100,107.8423751300,108.2574195500,790505
2022-11-03 13:30:00,108.2080095000,108.2277735200,106.9332302100,107.8423751300,741398
2022-11-03 14:00:00,107.8423751300,107.8423751300,106.8541741300,107.0320503100,600500
2022-11-03 14:30:00,107.0419323200,107.0814603600,106.5478318200,107.0814603600,591500
2022-11-03 15:00:00,106.9925222700,107.3087465900,106.3897196600,107.1308704100,936100
2022-11-04 10:00:00,106.7257080000,108.5242338200,105.7177429800,107.3383926200,1413252
2022-11-04 10:30:00,107.1703984500,111.7852971200,106.8245281000,110.7180400400,2198042
2022-11-04 11:00:00,110.6389839600,111.8445891800,110.2832316000,111.2911966200,960057
2022-11-04 11:30:00,111.2714326000,111.6568309900,110.1942935100,111.6568309900,516018
2022-11-04 13:30:00,111.6173029500,115.4416408200,111.6173029500,114.2953276600,2234214
2022-11-04 14:00:00,114.3150916800,115.9752693600,114.0383954000,115.1056524800,1589401
2022-11-04 14:30:00,115.1056524800,115.7282191100,114.6313160000,115.4910508700,1377709
2022-11-04 15:00:00,115.4614048400,116.8547682500,114.9771863500,116.6077180000,2506749
2022-11-07 10:00:00,114.8289562000,116.8053582000,114.1372155000,116.2025555900,2836286
2022-11-07 10:30:00,116.2914936800,117.0721724700,115.2835286600,116.7954761900,1973416
2022-11-07 11:00:00,116.7954761900,118.9892824100,116.2420836300,118.4951819100,1446200
2022-11-07 11:30:00,118.5347099500,120.1454775800,118.3864798000,119.7304331600,1514749
2022-11-07 13:30:00,119.7403151700,119.7403151700,117.2302846300,118.2283676400,1989932
2022-11-07 14:00:00,118.2382496500,118.4161258300,117.1413465400,117.2401666400,1046300
2022-11-07 14:30:00,117.1808745800,117.9319073400,117.1808745800,117.6650930700,807047
2022-11-07 15:00:00,117.6650930700,118.3370697500,117.2994587000,117.5959190000,1176292
2022-11-08 10:00:00,117.4575708600,118.0801374900,115.7183371000,116.6176000100,1093334
2022-11-08 10:30:00,116.6176000100,117.2204026200,115.7578651400,116.9041783000,688606
2022-11-08 11:00:00,116.8448862400,117.9220253300,116.1234995100,116.1234995100,660308
2022-11-08 11:30:00,116.1630275500,116.5978359900,115.4515228300,115.8962132800,363818
2022-11-08 13:30:00,115.8764492600,116.8844142800,115.7183371000,116.5484259400,510440
2022-11-08 14:00:00,116.5583079500,116.6077180000,115.5799889600,115.9456233300,792180
2022-11-08 14:30:00,115.9456233300,116.7263021200,115.6195170000,116.1729095600,1071439
2022-11-08 15:00:00,116.3507857400,116.8448862400,115.6195170000,116.6077180000,922246
2022-11-09 10:00:00,117.5959190000,118.0801374900,115.6195170000,117.7441491500,1385837
2022-11-09 10:30:00,117.7441491500,119.5525569800,117.6058010100,119.5229109500,939240
2022-11-09 11:00:00,119.5525569800,119.5624389900,117.8923793000,118.0109634200,389599
2022-11-09 11:30:00,118.0900195000,119.2560966800,117.6058010100,117.6156830200,373720
2022-11-09 13:30:00,117.6749750800,118.0801374900,116.6077180000,117.5959190000,475592
2022-11-09 14:00:00,117.5959190000,117.8726152800,117.1018185000,117.4476888500,304064
2022-11-09 14:30:00,117.4872168900,117.9911994000,117.4279248300,117.6058010100,268836
2022-11-09 15:00:00,117.6058010100,117.7737951800,117.2796946800,117.3093407100,421332
2022-11-10 10:00:00,117.1018185000,117.5959190000,114.9771863500,115.0167143900,1322065
2022-11-10 10:30:00,114.9277763000,115.7677471500,114.2360356000,114.9771863500,1521207
2022-11-10 11:00:00,114.9771863500,115.8072751900,114.3249736900,114.8190741900,1041912
2022-11-10 11:30:00,115.0364784100,116.0049153900,114.8289562000,115.2835286600,184828
2022-11-10 13:30:00,115.2835286600,115.8171572000,114.6313160000,115.1254165000,578828
2022-11-10 14:00:00,115.1254165000,115.8270392100,114.9080122800,115.2242366000,380600
2022-11-10 14:30:00,115.2242366000,117.0029984000,115.2143545900,116.9535883500,681499
2022-11-10 15:00:00,117.0029984000,117.0029984000,115.8566852400,116.7855941800,563998
2022-11-11 10:00:00,121.5487230000,123.7721752500,119.3549167800,121.0348584800,2655343
2022-11-11 10:30:00,121.0348584800,121.0348584800,118.5940020100,119.2363326600,665101
2022-11-11 11:00:00,119.1177485400,119.2857427100,118.5841200000,118.7521141700,346210
2022-11-11 11:30:00,118.7521141700,120.5111119500,117.8429692500,120.4320558700,618515
2022-11-11 13:30:00,120.4419378800,120.8471002900,119.5723210000,120.8471002900,579273
2022-11-11 14:00:00,120.7779262200,120.8668643100,120.4320558700,120.8075722500,360015
2022-11-11 14:30:00,120.7976902400,121.5388409900,120.7087521500,121.4993129500,745269
2022-11-11 15:00:00,121.4993129500,121.5783690300,120.3628818000,121.4301388800,1105469
2022-11-14 10:00:00,119.5723210000,120.8174542600,116.6077180000,117.3785147800,2277698
2022-11-14 10:30:00,117.2994587000,118.3667157800,116.3211397100,116.9733523700,1646745
2022-11-14 11:00:00,117.0820544800,117.0820544800,116.0642074500,116.3507857400,859400
2022-11-14 11:30:00,116.3507857400,117.3488687500,116.1136175000,116.1333815200,748079
2022-11-14 13:30:00,116.2223196100,116.2420836300,114.7499001200,115.7578651400,1048070
2022-11-14 14:00:00,115.7381011200,115.7578651400,114.3052096700,114.4830858500,1143497
2022-11-14 14:30:00,114.4633218300,115.4119947900,114.1866255500,115.3823487600,813139
2022-11-14 15:00:00,115.3823487600,116.5088979000,114.3546197200,116.1136175000,642608
2022-11-15 10:00:00,116.1136175000,116.7855941800,114.3348557000,116.7658301600,740087
2022-11-15 10:30:00,116.7658301600,117.3785147800,115.1847085600,116.7263021200,767300
2022-11-15 11:00:00,116.8053582000,117.8923793000,116.4693698600,117.7737951800,539086
2022-11-15 11:30:00,117.7639131700,118.9497543700,117.6947391000,118.9299903500,540321
2022-11-15 13:30:00,118.8805803000,119.7600791900,118.5940020100,118.6038840200,571826
2022-11-15 14:00:00,118.7521141700,118.7521141700,117.8034412100,118.5841200000,458026
2022-11-15 14:30:00,118.5841200000,118.6730580900,117.9022613100,118.0307274400,391060
2022-11-15 15:00:00,118.0307274400,118.5742379900,118.0010814100,118.2382496500,449053
2022-11-16 10:00:00,117.5959190000,124.5034439900,117.1018185000,123.0804345500,2489015
2022-11-16 10:30:00,123.0507885200,123.6733551500,121.5684870200,121.6277790800,738354
2022-11-16 11:00:00,121.5981330500,121.7858912400,121.2423806900,121.3609648100,369332
2022-11-16 11:30:00,121.3609648100,121.7858912400,119.8292532600,119.8687813000,344670
2022-11-16 13:30:00,119.8292532600,121.0348584800,119.5920850200,121.0348584800,462350
2022-11-16 14:00:00,121.0348584800,121.5487230000,120.2442976800,121.5487230000,615044
2022-11-16 14:30:00,121.7463632000,121.7957732500,120.6692241100,121.0447404900,507308
2022-11-16 15:00:00,121.0447404900,121.5388409900,120.6593421000,120.7581622000,553394
2022-11-17 10:00:00,118.5841200000,119.4537368800,116.6768920700,117.0029984000,1414971
2022-11-17 10:30:00,116.9832343800,117.5366269400,115.2242366000,115.5799889600,876660
2022-11-17 11:00:00,115.5898709700,116.1234995100,114.8289562000,115.3625847400,790400
2022-11-17 11:30:00,115.4021127800,116.1926735800,115.3032926800,116.0147974000,391489
2022-11-17 13:30:00,115.8369212200,116.9931163900,115.8171572000,116.6077180000,186000
2022-11-17 14:00:00,116.6077180000,118.1591935700,116.1136175000,117.7935592000,385455
2022-11-17 14:30:00,118.0010814100,120.6593421000,117.4180428200,120.6000500400,793483
2022-11-17 15:00:00,120.6000500400,122.9816144500,120.5901680300,122.6357441000,929652
2022-11-18 10:00:00,121.3807288300,125.7584592600,120.7581622000,122.8333843000,1946167
2022-11-18 10:30:00,122.8235022900,124.7109662000,122.0428235000,124.5133260000,537691
2022-11-18 11:00:00,124.5133260000,124.5133260000,122.2206996800,122.3491658100,356337
2022-11-18 11:30:00,122.3491658100,123.3867768600,122.3491658100,123.3867768600,182546
2022-11-18 13:30:00,123.5152429900,123.5251250000,122.3096377700,122.9124403800,315054
2022-11-18 14:00:00,122.8333843000,123.2879567600,120.9063923500,121.3412007900,409588
2022-11-18 14:30:00,121.3412007900,121.4004928500,120.4419378800,120.6889881300,234127
2022-11-18 15:00:00,120.6889881300,120.6889881300,119.4833829100,119.6118490400,656599
2022-11-21 10:00:00,119.0782205000,120.0664215000,117.7737951800,118.6434120600,689548
2022-11-21 10:30:00,118.8114062300,122.3788118400,117.8923793000,121.5783690300,537458
2022-11-21 11:00:00,121.5586050100,121.9143573700,119.4043268300,119.8490172800,284300
2022-11-21 11:30:00,119.8588992900,120.0664215000,119.4043268300,119.7600791900,109500
2022-11-21 13:30:00,119.7600791900,119.9972474300,118.6137660300,119.5130289400,239800
2022-11-21 14:00:00,119.5130289400,121.2226166700,119.1177485400,120.8668643100,374600
2022-11-21 14:30:00,120.8668643100,120.8668643100,119.7699612000,120.3431177800,217748
2022-11-21 15:00:00,120.6889881300,120.8569823000,120.3233537600,120.5506399900,259317
2022-11-22 10:00:00,120.0071294400,123.0112604800,118.9794004000,122.0823515400,643300
2022-11-22 10:30:00,122.0823515400,123.7919392700,121.1732066200,123.7919392700,808556
2022-11-22 11:00:00,123.7524112300,123.7524112300,122.3294017900,122.3886938500,361675
2022-11-22 11:30:00,122.3886938500,122.8333843000,122.0527055100,122.5369240000,190852
2022-11-22 13:30:00,122.5369240000,122.6357441000,121.0645045100,121.4202568700,326838
2022-11-22 14:00:00,121.4202568700,121.5487230000,120.5704040100,120.6988701400,184774
2022-11-22 14:30:00,120.6988701400,121.0546225000,119.9181913500,120.3727638100,285989
2022-11-22 15:00:00,120.5605220000,120.8569823000,119.7699612000,120.4617019000,354738
2022-11-23 10:00:00,119.5723210000,120.8965103400,118.1987216100,118.3568337700,535458
2022-11-23 10:30:00,118.5643559800,119.3746808000,117.7243851300,117.7243851300,410797
2022-11-23 11:00:00,117.8034412100,118.4260078400,116.6176000100,118.2283676400,449200
2022-11-23 11:30:00,118.1591935700,118.2876597000,117.0029984000,117.2500486500,250100
2022-11-23 13:30:00,117.2302846300,118.1888396000,116.6472460400,117.0721724700,605309
2022-11-23 14:00:00,117.0326444300,117.8034412100,116.7065381000,116.7164201100,559680
2022-11-23 14:30:00,116.7164201100,117.2994587000,116.5187799100,117.1413465400,466157
2022-11-23 15:00:00,117.2006386000,118.8212882400,117.0326444300,118.2678956800,574695
2022-11-24 10:00:00,118.5742379900,119.1770406000,114.6708440400,114.6807260500,983816
2022-11-24 10:30:00,114.6807260500,117.2105206100,114.6708440400,116.3705497600,597600
2022-11-24 11:00:00,116.3705497600,117.2500486500,115.7578651400,116.6472460400,189700
2022-11-24 11:30:00,116.6077180000,116.6077180000,115.4218768000,116.1136175000,254183
2022-11-24 13:30:00,116.1037354900,116.9931163900,115.7084550900,115.8665672500,191017
2022-11-24 14:00:00,115.8665672500,116.4693698600,115.6195170000,116.1136175000,212585
2022-11-24 14:30:00,116.1136175000,116.3013756900,115.4021127800,115.4416408200,182300
2022-11-24 15:00:00,115.4515228300,115.8171572000,115.4119947900,115.5206969000,254455
2022-11-25 10:00:00,116.0147974000,116.6077180000,114.1470975100,114.6906080600,544081
2022-11-25 10:30:00,114.6906080600,114.9574223300,113.4948848500,113.4948848500,462500
2022-11-25 11:00:00,113.4948848500,114.2656816300,112.6845600300,113.4454748000,447629
2022-11-25 11:30:00,113.4355927900,113.6925250500,112.8525542000,113.5047668600,261090
2022-11-25 13:30:00,113.2478346000,113.5640589200,112.1706955100,112.6647960100,499800
2022-11-25 14:00:00,112.6055039500,112.9513743000,111.6173029500,111.9335272700,835197
2022-11-25 14:30:00,111.9335272700,112.6549140000,111.6667130000,112.5560939000,621400
2022-11-25 15:00:00,112.5560939000,113.1193684700,112.2793976200,112.5560939000,383963
2022-11-28 10:00:00,110.5599278800,112.8525542000,110.2041755200,111.2911966200,879051
2022-11-28 10:30:00,111.1726125000,111.8149431500,110.4808718000,111.1330844600,402449
2022-11-28 11:00:00,111.1330844600,111.8643532000,109.7199570300,110.0757093900,449051
2022-11-28 11:30:00,110.0954734100,110.6587479800,109.8780691900,109.9966533100,376800
2022-11-28 13:30:00,109.9966533100,110.2140575300,109.3642046700,109.3642046700,440000
2022-11-28 14:00:00,109.3543226600,109.6903110000,109.1962105000,109.3049126100,355450
2022-11-28 14:30:00,109.3049126100,109.6409009500,109.1072724100,109.6409009500,386600
2022-11-28 15:00:00,109.6409009500,110.6587479800,109.5321988400,109.7990131100,569756
2022-11-29 10:00:00,110.6785120000,111.1528484800,109.2060925100,109.3839686900,484900
2022-11-29 10:30:00,109.3345586400,109.8286591400,108.8701041700,109.1962105000,325864
2022-11-29 11:00:00,109.1962105000,110.5203998400,109.1962105000,110.2140575300,360763
2022-11-29 11:30:00,110.2041755200,110.8563881800,109.6903110000,110.8563881800,324397
2022-11-29 13:30:00,110.8662701900,111.4196627500,110.2931136100,110.4907538100,325492
2022-11-29 14:00:00,110.5698098900,111.0243823500,109.7199570300,109.7792490900,352100
2022-11-29 14:30:00,109.7397210500,110.4413437600,109.5717268800,110.1942935100,298936
2022-11-29 15:00:00,110.1942935100,110.2832316000,109.6705469800,110.1053554200,539854
2022-11-30 10:00:00,109.7990131100,110.0361813500,107.9115492000,108.1289534200,758041
2022-11-30 10:30:00,108.1289534200,110.1251194400,108.0993073900,110.0658273800,434683
2022-11-30 11:00:00,110.0658273800,113.1490145000,109.9867713000,112.9414922900,1277937
2022-11-30 11:30:00,112.9118462600,114.1372155000,112.4869198300,114.0976874600,998421
2022-11-30 13:30:00,114.0680414300,114.0680414300,113.1490145000,113.3466547000,581098
2022-11-30 14:00:00,113.3466547000,113.3466547000,112.0224653600,112.0619934000,268092
2022-11-30 14:30:00,112.0521113900,112.7734981200,111.7457690800,112.7339700800,312200
2022-11-30 15:00:00,112.6549140000,113.1490145000,112.2596336000,113.1490145000,495986
2022-12-01 10:00:00,114.6214339900,116.4100778000,113.6431150000,114.4336758000,1267995
2022-12-01 10:30:00,114.4336758000,116.3112577000,114.2360356000,115.8072751900,412200
2022-12-01 11:00:00,115.9950333800,116.5583079500,114.8190741900,115.8468032300,386312
2022-12-01 11:30:00,115.7183371000,115.7381011200,114.9178942900,114.9178942900,213800
2022-12-01 13:30:00,114.9080122800,114.9080122800,113.7419351000,113.7616991200,390600
2022-12-01 14:00:00,113.7616991200,113.7814631400,111.8544711900,111.9137632500,681853
2022-12-01 14:30:00,111.9137632500,113.8407552000,111.8643532000,113.6925250500,416544
2022-12-01 15:00:00,113.7518171100,113.7518171100,112.7537341000,113.0403123900,315628
2022-12-02 10:00:00,111.7161230500,114.6214339900,111.1726125000,113.4257107800,679186
2022-12-02 10:30:00,113.3466547000,114.7894281600,113.2478346000,114.1569795200,381669
2022-12-02 11:00:00,114.1569795200,115.4416408200,114.0581594200,114.5522599200,405997
2022-12-02 11:30:00,114.5324959000,114.9277763000,114.0285133900,114.1569795200,262012
2022-12-02 13:30:00,113.9988673600,114.4633218300,113.1391324900,113.1786605300,210762
2022-12-02 14:00:00,113.1786605300,113.5838229400,113.0304303800,113.2083065600,116600
2022-12-02 14:30:00,113.2181885700,113.5838229400,113.1292504800,113.3763007300,182344
2022-12-02 15:00:00,113.3763007300,113.4355927900,112.6549140000,112.8327901800,411069
2022-12-05 10:00:00,113.0897224400,113.8407552000,111.7655331000,111.9730553100,696332
2022-12-05 10:30:00,111.9730553100,113.1292504800,111.8742352100,112.0125833500,360599
2022-12-05 11:00:00,112.0125833500,112.3683357100,111.1133204400,112.3288076700,419655
2022-12-05 11:30:00,112.3090436500,112.3189256600,111.5184828500,111.5876569200,164300
2022-12-05 13:30:00,111.4690728000,111.7161230500,111.1726125000,111.3801347100,246000
2022-12-05 14:00:00,111.3801347100,111.5777749100,110.4907538100,110.7476860700,356759
2022-12-05 14:30:00,110.7476860700,110.8959162200,109.9867713000,110.5895739100,361271
2022-12-05 15:00:00,110.5994559200,111.1232024500,110.1350014500,110.7970961200,544690
2022-12-06 10:00:00,109.7397210500,110.7872141100,108.5835258800,108.5934078900,680617
2022-12-06 10:30:00,108.5934078900,111.9434092800,108.5538798500,111.7655331000,547692
2022-12-06 11:00:00,111.7556510900,112.0224653600,111.2516685800,111.4690728000,406216
2022-12-06 11:30:00,111.4690728000,112.1608135000,111.0540283800,111.0540283800,321890
2022-12-06 13:30:00,111.0441463700,111.2714326000,109.7792490900,109.9966533100,554396
2022-12-06 14:00:00,110.0164173300,110.5105178300,109.8088951200,110.3128776300,298228
2022-12-06 14:30:00,110.3128776300,110.3128776300,109.3740866800,109.4037327100,417000
2022-12-06 15:00:00,109.4136147200,110.0954734100,109.1566824600,109.9571252700,518113
2022-12-07 10:00:00,109.0776263800,111.5481288800,108.7021100000,111.5283648600,701833
2022-12-07 10:30:00,111.5283648600,114.2063895700,111.4789548100,114.0186313800,1292990
2022-12-07 11:00:00,114.0581594200,114.0581594200,113.1292504800,113.6628790200,485332
2022-12-07 11:30:00,113.6727610300,114.3546197200,113.1984245500,114.3546197200,562239
2022-12-07 13:30:00,114.4040297700,114.4237937900,112.0619934000,112.0619934000,478329
2022-12-07 14:00:00,112.0619934000,112.2596336000,110.9650902900,111.0441463700,412700
2022-12-07 14:30:00,111.0243823500,112.3979817400,110.6883940100,111.5678929000,435900
2022-12-07 15:00:00,111.5678929000,111.9137632500,111.2911966200,111.7754151100,296695
2022-12-08 10:00:00,112.1608135000,112.6351499800,109.3740866800,110.6982760200,694947
2022-12-08 10:30:00,110.6686299900,111.1726125000,109.9472432600,109.9966533100,239021
2022-12-08 11:00:00,109.9966533100,111.7754151100,109.9867713000,111.4493087800,352370
2022-12-08 11:30:00,111.4493087800,111.6963590300,110.2832316000,110.6785120000,153700
2022-12-08 13:30:00,110.8069781300,110.8366241600,109.4926708000,109.7891311000,315145
2022-12-08 14:00:00,109.7990131100,110.1350014500,109.5124348200,109.8879512000,218500
2022-12-08 14:30:00,109.8780691900,109.9373612500,109.5025528100,109.7199570300,211200
2022-12-08 15:00:00,109.7298390400,110.1251194400,109.4926708000,109.6211369300,385965
2022-12-09 10:00:00,109.1962105000,110.1646474800,107.2198085000,107.6150889000,771319
2022-12-09 10:30:00,107.6348529200,109.0578623600,107.5063867900,108.7021100000,466800
2022-12-09 11:00:00,108.6625819600,109.1962105000,108.0400153300,108.1981274900,274993
2022-12-09 11:30:00,108.1981274900,108.9985703000,108.1091894000,108.7218740200,269853
2022-12-09 13:30:00,108.7218740200,109.0084523100,107.6052068900,107.6150889000,468100
2022-12-09 14:00:00,107.6150889000,108.4649417600,107.6052068900,108.0301333200,492700
2022-12-09 14:30:00,107.8324931200,108.6724639700,107.7633190500,108.6724639700,352500
2022-12-09 15:00:00,108.6625819600,108.7021100000,107.7633190500,108.2080095000,527900
2022-12-12 10:00:00,107.6150889000,109.9373612500,107.4767407600,108.5044698000,611751
2022-12-12 10:30:00,108.5044698000,109.0479803500,108.2969475900,108.4945877900,233820
2022-12-12 11:00:00,108.4945877900,109.3246766300,108.3760036700,109.1962105000,178319
2022-12-12 11:30:00,109.1962105000,110.4709897900,109.1962105000,109.3938507000,392500
2022-12-12 13:30:00,109.3938507000,110.1448834600,109.2950306000,110.0855914000,264528
2022-12-12 14:00:00,110.0855914000,110.9156802400,109.7990131100,109.9768892900,313146
2022-12-12 14:30:00,109.9472432600,110.7575680800,109.9472432600,110.5796919000,405264
2022-12-12 15:00:00,110.5796919000,110.6883940100,110.1053554200,110.2239395400,338829
2022-12-13 10:00:00,109.7594850700,110.2832316000,107.4668587500,107.5063867900,574913
2022-12-13 10:30:00,107.5261508100,108.1487174400,106.4391297100,107.2296905100,547500
2022-12-13 11:00:00,107.1901624700,107.3878026700,106.4885397600,106.5774778500,346700
2022-12-13 11:30:00,106.5774778500,106.6664159400,105.7473890100,106.0932593600,308050
2022-12-13 13:30:00,106.0537313200,107.0122862900,105.4509287100,105.5398668000,588900
2022-12-13 14:00:00,105.4608107200,106.3996016700,105.4015186600,105.6386869000,525713
2022-12-13 14:30:00,105.6485689100,106.0142032800,104.6603679100,104.6603679100,456200
2022-12-13 15:00:00,104.6603679100,104.8283620800,104.0872113300,104.3639076100,578739
2022-12-14 10:00:00,104.7097779600,106.5280678000,104.7097779600,105.6386869000,496994
2022-12-14 10:30:00,105.6485689100,106.7158259900,105.6485689100,106.2711355400,306405
2022-12-14 11:00:00,106.2711355400,106.6762979500,106.0438493100,106.0932593600,179565
2022-12-14 11:30:00,106.1130233800,106.6664159400,106.0932593600,106.2513715200,169333
2022-12-14 13:30:00,106.5280678000,107.0419323200,106.1327874000,106.6664159400,229421
2022-12-14 14:00:00,106.6762979500,106.7059439800,106.0142032800,106.0339673000,163318
2022-12-14 14:30:00,106.0339673000,106.6762979500,105.9845572500,106.3304276000,174700
2022-12-14 15:00:00,106.2612535300,106.4786577500,105.9252651900,106.0833773500,294229
2022-12-15 10:00:00,105.3521086100,107.3186286000,104.5121377600,105.7473890100,431931
2022-12-15 10:30:00,105.7473890100,107.1209884000,105.4114006700,106.1031413700,245572
2022-12-15 11:00:00,106.1031413700,106.3205455900,105.5003387600,106.0438493100,146600
2022-12-15 11:30:00,106.0438493100,107.8127291000,105.8363271000,106.8245281000,335838
2022-12-15 13:30:00,106.9628762400,107.6842629700,106.3304276000,106.9035841800,242477
2022-12-15 14:00:00,106.9035841800,108.7021100000,106.5675958400,108.3068296000,451301
2022-12-15 14:30:00,108.3068296000,109.6507829600,108.0597793500,109.3839686900,445217
2022-12-15 15:00:00,109.3345586400,109.5914909000,108.9985703000,109.3839686900,472226
2022-12-16 10:00:00,107.8028470900,108.5736438700,105.9055011700,105.9055011700,597500
2022-12-16 10:30:00,105.8363271000,106.6071238800,105.1445864000,105.2236424800,360430
2022-12-16 11:00:00,105.1742324300,105.6584509200,104.9667102200,105.2038784600,261400
2022-12-16 11:30:00,105.2038784600,105.5991588600,105.0457663000,105.5102207700,152675
2022-12-16 13:30:00,105.5596308200,105.8264450900,105.1841144400,105.4706927300,150725
2022-12-16 14:00:00,105.4904567500,105.7967990600,105.0358842900,105.4805747400,166100
2022-12-16 14:30:00,105.4805747400,105.6683329300,105.0556483100,105.1347043900,198500
2022-12-16 15:00:00,105.1347043900,105.8363271000,105.0457663000,105.8363271000,424149
2022-12-19 10:00:00,104.9469462000,106.7257080000,104.5516658000,104.6702499200,720400
2022-12-19 10:30:00,104.6998959500,105.0852943400,103.8203970600,103.8796891200,419100
2022-12-19 11:00:00,103.8895711300,104.4726097200,103.7611050000,103.8203970600,211234
2022-12-19 11:30:00,103.8203970600,103.9093351500,103.2274764600,103.4745267100,256466
2022-12-19 13:30:00,103.4844087200,103.9488631900,103.3658246000,103.9389811800,164800
2022-12-19 14:00:00,103.9389811800,104.2156774600,103.7709870100,103.7808690200,146100
2022-12-19 14:30:00,103.7808690200,103.9192171600,103.2373584700,103.2373584700,201500
2022-12-19 15:00:00,103.2670045000,103.7808690200,102.8816061100,103.7808690200,322842
2022-12-20 10:00:00,104.0081552500,104.6504859000,102.8519600800,103.6622849000,342864
2022-12-20 10:30:00,103.5041727400,104.3836716300,103.1286563600,103.5733468100,325300
2022-12-20 11:00:00,103.6820489200,104.9074181600,103.5041727400,103.9883912300,298799
2022-12-20 11:30:00,103.9883912300,104.1267393700,103.3460605800,103.9389811800,215100
2022-12-20 13:30:00,103.9488631900,103.9488631900,102.9310161600,103.5338187700,318600
2022-12-20 14:00:00,103.5338187700,103.5832288200,103.0990103300,103.1681844000,231500
2022-12-20 14:30:00,103.1681844000,104.0180372600,103.1681844000,103.9785092200,208400
2022-12-20 15:00:00,103.9785092200,104.1563854000,103.4745267100,103.7611050000,276658
2022-12-21 10:00:00,103.7709870100,104.5516658000,101.7945850100,103.6721669100,384300
2022-12-21 10:30:00,103.6721669100,104.2552055000,103.3164145500,103.5535827900,297800
2022-12-21 11:00:00,103.5535827900,104.1860314300,103.0792463100,103.0792463100,226956
2022-12-21 11:30:00,103.0792463100,103.2175944500,102.5060897300,102.5060897300,83900
2022-12-21 13:30:00,102.4764437000,102.7630219900,101.7847030000,101.7945850100,181800
2022-12-21 14:00:00,101.8044670200,102.3677415900,101.6858829000,102.2788035000,249600
2022-12-21 14:30:00,102.2788035000,102.9705442000,102.2293934500,102.8519600800,188050
2022-12-21 15:00:00,102.8519600800,103.4646447000,102.7827860100,103.0594822900,279496
2022-12-22 10:00:00,104.0279192700,105.0161202700,103.0792463100,104.2552055000,475600
2022-12-22 10:30:00,104.2552055000,104.5220197700,102.6345558600,103.1286563600,356300
2022-12-22 11:00:00,103.1385383700,103.6919309300,103.0100722400,103.4844087200,94000
2022-12-22 11:30:00,103.4844087200,104.6109578600,103.4844087200,104.0872113300,273169
2022-12-22 13:30:00,103.9587452000,104.8580081100,103.7808690200,104.3540256000,330700
2022-12-22 14:00:00,104.3540256000,104.6010758500,104.0279192700,104.5220197700,232678
2022-12-22 14:30:00,104.3836716300,104.5220197700,103.1385383700,103.5338187700,170400
2022-12-22 15:00:00,103.3361785700,103.7512229900,103.0693643000,103.7512229900,186877
2022-12-23 10:00:00,102.7729040000,103.2670045000,101.5870628000,101.8835231000,730600
2022-12-23 10:30:00,101.8736410900,102.1701013900,100.5000417000,101.4783606900,653410
2022-12-23 11:00:00,101.4783606900,101.8835231000,100.7965020000,100.9842601900,245819
2022-12-23 11:30:00,100.9842601900,101.7847030000,100.8459120500,101.4882427000,140000
2022-12-23 13:30:00,101.4882427000,103.0298362600,101.1621363700,102.9211341500,288300
2022-12-23 14:00:00,102.9112521400,102.9507801800,102.1305733500,102.2392754600,175400
2022-12-23 14:30:00,102.2392754600,102.5752638000,101.5870628000,101.6661188800,140700
2022-12-23 15:00:00,101.6364728500,102.6642018900,101.6364728500,102.5060897300,217300
2022-12-26 10:00:00,102.4764437000,103.9587452000,102.1898654100,102.6740839000,503966
2022-12-26 10:30:00,102.7432579700,104.0773293200,102.6444378700,102.8223140500,993979
2022-12-26 11:00:00,102.8223140500,103.6820489200,102.7827860100,103.5733468100,374719
2022-12-26 11:30:00,103.5733468100,104.2947335400,103.4745267100,104.2552055000,383953
2022-12-26 13:30:00,104.3342615800,104.7493060000,103.9093351500,104.7394239900,311239
2022-12-26 14:00:00,104.7493060000,105.9944392600,104.6998959500,105.9351472000,555904
2022-12-26 14:30:00,105.9252651900,105.9647932300,105.1149403700,105.5497488100,451100
2022-12-26 15:00:00,105.5497488100,105.9055011700,105.2137604700,105.4608107200,349400
2022-12-27 10:00:00,104.7987160500,105.7078609700,100.8162660200,102.2788035000,1924713
2022-12-27 10:30:00,102.2788035000,104.0575653000,102.2491574700,103.8895711300,739800
2022-12-27 11:00:00,103.8895711300,104.1366213800,101.8835231000,102.5950278200,571400
2022-12-27 11:30:00,102.5653817900,102.6740839000,101.7945850100,102.4665616900,509654
2022-12-27 13:30:00,102.4369156600,102.9804262100,101.8835231000,102.3282135500,498116
2022-12-27 14:00:00,102.3282135500,102.9211341500,102.0119892300,102.4566796800,569050
2022-12-27 14:30:00,102.4566796800,102.8420780700,102.1404553600,102.4863257100,448537
2022-12-27 15:00:00,102.4962077200,102.8717241000,102.2985675200,102.7136119400,533196
2022-12-28 10:00:00,101.4388326500,102.3677415900,98.8398640200,99.0177402000,1489532
2022-12-28 10:30:00,99.0276222100,99.9664131600,98.9782121600,99.2746724600,508899
2022-12-28 11:00:00,99.4130206000,99.9664131600,98.7212799000,99.6897168800,710692
2022-12-28 11:30:00,99.6995988900,100.2925194900,99.6600708500,100.0059412000,381006
2022-12-28 13:30:00,100.0652332600,100.4407496400,98.8991560800,99.3537285400,426097
2022-12-28 14:00:00,99.3537285400,99.5118407000,98.9782121600,99.1165603000,385877
2022-12-28 14:30:00,99.1165603000,99.3142005000,99.0177402000,99.1165603000,328753
2022-12-28 15:00:00,99.1165603000,99.2845544700,98.8299820100,98.8695100500,547958
2022-12-29 10:00:00,99.5217227100,101.8637590800,99.0967962800,100.0652332600,1287014
2022-12-29 10:30:00,100.0652332600,100.9941422000,99.7292449200,100.7767379800,592221
2022-12-29 11:00:00,100.8162660200,102.1404553600,100.5988618000,101.9428151600,578548
2022-12-29 11:30:00,101.9428151600,102.6147918400,101.4388326500,101.6562368700,508836
2022-12-29 13:30:00,101.5376527500,102.3973876200,101.5376527500,102.1799834000,340700
2022-12-29 14:00:00,102.1701013900,102.2689214900,101.5969448100,101.6463548600,271400
2022-12-29 14:30:00,101.6463548600,101.9329331500,101.6364728500,101.6661188800,259190
2022-12-29 15:00:00,101.6858829000,101.7945850100,101.4487146600,101.6463548600,517522
2022-12-30 10:00:00,101.9032871200,102.2788035000,100.5395697400,101.7748209900,770617
2022-12-30 10:30:00,101.7847030000,101.7847030000,100.0257052200,100.0355872300,427319
2022-12-30 11:00:00,100.0652332600,100.2134634100,99.4723126600,99.4821946700,414757
2022-12-30 11:30:00,99.5316047200,100.1245253200,99.1165603000,99.1165603000,347700
2022-12-30 13:30:00,99.1956163800,100.1344073300,99.0671502500,99.1165603000,270776
2022-12-30 14:00:00,99.1165603000,99.7588909500,99.0572682400,99.5711327600,348240
2022-12-30 14:30:00,99.5711327600,99.6995988900,99.2153804000,99.3240825100,222594
2022-12-30 15:00:00,99.3438465300,99.6106608000,98.9683301500,99.1165603000,470377
2023-01-03 10:00:00,99.1165603000,100.5395697400,97.8318990000,99.0276222100,1237478
2023-01-03 10:30:00,98.9485661300,101.2906025000,98.9485661300,100.8063840100,901453
2023-01-03 11:00:00,100.8063840100,101.7847030000,100.8063840100,101.3202485300,789270
2023-01-03 11:30:00,101.3498945600,101.9922252100,100.8953221000,101.8439950600,478684
2023-01-03 13:30:00,101.8439950600,102.4566796800,101.6068268200,102.1701013900,614954
2023-01-03 14:00:00,102.1701013900,102.4764437000,101.8538770700,102.1305733500,433511
2023-01-03 14:30:00,102.1701013900,102.6147918400,102.1305733500,102.5554997800,387652
2023-01-03 15:00:00,102.5554997800,102.7729040000,102.2293934500,102.2886855100,650805
2023-01-04 10:00:00,101.8835231000,103.7018129400,100.9941422000,101.9131691300,870738
2023-01-04 10:30:00,101.9032871200,102.0218712400,101.2906025000,101.4289506400,395772
2023-01-04 11:00:00,101.4783606900,101.6562368700,101.0435522500,101.2906025000,258230
2023-01-04 11:30:00,101.2906025000,101.3993046100,100.9249681300,101.1621363700,266460
2023-01-04 13:30:00,101.1324903400,101.1522543600,100.0849972800,100.2035814000,536322
2023-01-04 14:00:00,100.1245253200,100.1344073300,99.6205428100,99.7094809000,539300
2023-01-04 14:30:00,99.7094809000,100.2035814000,99.6798348700,99.9170031100,334230
2023-01-04 15:00:00,99.9861771800,100.6482718500,99.7885369800,100.3814575800,420416
2023-01-05 10:00:00,101.8044670200,102.1009273200,99.7193629100,100.8656760700,848267
2023-01-05 10:30:00,100.8953221000,103.9982732400,100.5988618000,103.9488631900,1392164
2023-01-05 11:00:00,104.0081552500,104.2650875100,103.1088923400,104.2552055000,659740
2023-01-05 11:30:00,104.3639076100,106.6664159400,104.2057954500,104.7987160500,1623964
2023-01-05 13:30:00,104.9074181600,106.1327874000,104.5516658000,105.7375070000,1044495
2023-01-05 14:00:00,105.7375070000,106.4292477000,104.9667102200,106.1920794600,711015
2023-01-05 14:30:00,106.1821974500,106.2118434800,105.6683329300,105.7671530300,724598
2023-01-05 15:00:00,105.7375070000,105.8264450900,105.5497488100,105.5497488100,643801
2023-01-06 10:00:00,104.6307218800,106.3304276000,104.1069753500,105.9944392600,1300478
2023-01-06 10:30:00,105.9746752400,107.1901624700,105.7276249900,106.9727582500,874287
2023-01-06 11:00:00,106.9233482000,106.9431122200,106.3403096100,106.5478318200,538933
2023-01-06 11:30:00,106.5478318200,106.7257080000,106.0537313200,106.1327874000,408300
2023-01-06 13:30:00,106.1327874000,106.5873598600,105.9055011700,106.1624334300,682400
2023-01-06 14:00:00,106.2316075000,106.8245281000,105.9252651900,106.2019614700,518201
2023-01-06 14:30:00,106.2019614700,106.6071238800,105.9252651900,106.4490117200,373371
2023-01-06 15:00:00,106.5280678000,106.5873598600,106.2414895100,106.2513715200,397161
2023-01-09 10:00:00,106.0339673000,107.4372127200,105.2434065000,106.3304276000,978737
2023-01-09 10:30:00,106.3205455900,106.9628762400,106.0537313200,106.9035841800,481282
2023-01-09 11:00:00,106.9035841800,106.9035841800,105.5695128300,105.8264450900,600100
2023-01-09 11:30:00,105.8264450900,105.8956191600,104.4726097200,104.7591880100,550200
2023-01-09 13:30:00,104.7591880100,104.9271821800,104.1168573600,104.2156774600,572600
2023-01-09 14:00:00,104.2156774600,104.3441435900,103.8698071100,104.1563854000,457800
2023-01-09 14:30:00,104.1563854000,104.9864742400,104.1366213800,104.8085980600,547460
2023-01-09 15:00:00,104.7690700200,105.1248223800,104.3836716300,104.4923737400,530448
2023-01-10 10:00:00,104.4330816800,106.2612535300,104.3046155500,105.6386869000,847549
2023-01-10 10:30:00,105.6386869000,106.5873598600,105.1445864000,105.4212826800,396427
2023-01-10 11:00:00,105.3422266000,105.4410467000,104.7097779600,104.8777721300,269124
2023-01-10 11:30:00,104.8876541400,105.6090408700,104.8777721300,105.4311646900,189959
2023-01-10 13:30:00,105.2434065000,106.1525514200,105.1742324300,105.9153831800,328632
2023-01-10 14:00:00,105.9153831800,107.0814603600,105.8363271000,106.5280678000,749241
2023-01-10 14:30:00,106.5280678000,106.7355900100,106.0142032800,106.1031413700,426400
2023-01-10 15:00:00,106.1426694100,106.7355900100,105.8560911200,106.4193656900,576634
2023-01-11 10:00:00,105.5398668000,106.2316075000,104.1563854000,104.3540256000,952500
2023-01-11 10:30:00,104.3639076100,104.4231996700,103.5041727400,103.9982732400,1138700
2023-01-11 11:00:00,104.0180372600,104.4231996700,103.7709870100,104.2848515300,325600
2023-01-11 11:30:00,104.2848515300,104.5022557500,104.1465033900,104.1860314300,316655
2023-01-11 13:30:00,104.2156774600,104.2552055000,103.7314589700,104.0476832900,273792
2023-01-11 14:00:00,103.9982732400,104.2453234900,103.6227568600,103.6326388700,261639
2023-01-11 14:30:00,103.6425208800,103.7116949500,103.1187743500,103.5041727400,459849
2023-01-11 15:00:00,103.5041727400,104.0674473100,102.2886855100,103.2274764600,1335014
2023-01-12 10:00:00,102.8420780700,104.5121377600,102.6444378700,104.4330816800,689525
2023-01-12 10:30:00,104.5220197700,105.4706927300,103.4251166600,103.5140547500,670293
2023-01-12 11:00:00,103.5140547500,103.5535827900,102.9507801800,103.2768865100,393100
2023-01-12 11:30:00,103.2768865100,103.3164145500,102.2788035000,102.3183315400,553481
2023-01-12 13:30:00,102.3380955600,102.9606621900,102.3380955600,102.5554997800,329093
2023-01-12 14:00:00,102.5554997800,103.6622849000,102.4072696300,103.6128748500,260678
2023-01-12 14:30:00,103.5634648000,104.2453234900,103.1978304300,103.2768865100,281850
2023-01-12 15:00:00,103.2966505300,103.5634648000,102.9211341500,103.2274764600,230065
2023-01-13 10:00:00,104.2552055000,104.2552055000,102.0416352600,102.4863257100,666900
2023-01-13 10:30:00,102.5456177700,102.6642018900,101.5870628000,101.7847030000,522400
2023-01-13 11:00:00,101.7451749600,102.1404553600,101.4091866200,101.5080067200,425300
2023-01-13 11:30:00,101.5080067200,101.7847030000,101.4487146600,101.4585966700,359303
2023-01-13 13:30:00,101.4190686300,101.7550569700,101.2016644100,101.3894226000,392400
2023-01-13 14:00:00,101.3894226000,101.4289506400,100.7965020000,100.9052041100,667313
2023-01-13 14:30:00,100.9052041100,101.5574167700,100.8557940600,101.4388326500,303500
2023-01-13 15:00:00,101.4388326500,102.0910453100,101.2906025000,102.0910453100,449637
2023-01-16 10:00:00,102.4665616900,104.1168573600,101.7847030000,102.7729040000,1248096
2023-01-16 10:30:00,102.7729040000,103.8796891200,102.5752638000,103.4646447000,589502
2023-01-16 11:00:00,103.4646447000,103.9290991700,102.8717241000,103.7709870100,461353
2023-01-16 11:30:00,103.7611050000,104.1267393700,103.3757066100,103.8895711300,373100
2023-01-16 13:30:00,103.9587452000,104.6504859000,103.8599251000,103.9192171600,529810
2023-01-16 14:00:00,103.9192171600,104.2552055000,103.8698071100,104.2354414800,290000
2023-01-16 14:30:00,104.1959134400,104.2453234900,103.5437007800,103.7611050000,387596
2023-01-16 15:00:00,103.7215769600,103.9093351500,103.4251166600,103.5140547500,323400
2023-01-17 10:00:00,103.6524028900,105.0951763500,102.8223140500,103.7018129400,1080032
2023-01-17 10:30:00,103.8105150500,104.1860314300,103.3262965600,103.7808690200,484454
2023-01-17 11:00:00,103.7709870100,104.4627277100,103.5634648000,104.3935536400,295794
2023-01-17 11:30:00,104.3935536400,104.9469462000,104.2354414800,104.6900139400,352700
2023-01-17 13:30:00,104.6603679100,104.8085980600,103.9587452000,104.7097779600,487500
2023-01-17 14:00:00,104.7196599700,104.8678901200,104.4330816800,104.4330816800,381100
2023-01-17 14:30:00,104.4330816800,104.7987160500,104.1662674100,104.5714298200,475500
2023-01-17 15:00:00,104.5714298200,104.5911938400,104.0575653000,104.2848515300,537109
2023-01-18 10:00:00,104.2848515300,104.7097779600,101.8044670200,103.2768865100,1062301
2023-01-18 10:30:00,103.2768865100,105.5892768500,103.2768865100,104.7394239900,652552
2023-01-18 11:00:00,104.7394239900,104.9469462000,104.3836716300,104.6900139400,309600
2023-01-18 11:30:00,104.6998959500,105.0951763500,104.5516658000,104.5516658000,257034
2023-01-18 13:30:00,104.5516658000,105.1643504200,104.3935536400,104.6702499200,301956
2023-01-18 14:00:00,104.6702499200,104.8580081100,104.2453234900,104.8580081100,224809
2023-01-18 14:30:00,104.8481261000,104.9469462000,104.5714298200,104.8085980600,247800
2023-01-18 15:00:00,104.8678901200,104.9864742400,104.5121377600,104.5319017800,349578
2023-01-19 10:00:00,104.0476832900,104.9074181600,102.7333759600,103.3361785700,864207
2023-01-19 10:30:00,103.3164145500,104.0674473100,102.9211341500,103.7709870100,332301
2023-01-19 11:00:00,103.7709870100,104.0279192700,103.2966505300,104.0081552500,336040
2023-01-19 11:30:00,104.0279192700,104.0575653000,103.6622849000,103.7808690200,196448
2023-01-19 13:30:00,103.8302790700,104.8283620800,103.7413409800,104.2848515300,357029
2023-01-19 14:00:00,104.3243795700,104.6010758500,104.1563854000,104.4627277100,250729
2023-01-19 14:30:00,104.4627277100,104.4627277100,104.1465033900,104.3342615800,248816
2023-01-19 15:00:00,104.3243795700,104.8580081100,104.3243795700,104.7493060000,573257
2023-01-20 10:00:00,105.4212826800,108.2277735200,104.3540256000,107.2296905100,1894057
2023-01-20 10:30:00,107.2296905100,107.3186286000,104.6307218800,104.8283620800,1072351
2023-01-20 11:00:00,104.9074181600,104.9074181600,104.4133176600,104.4429636900,461620
2023-01-20 11:30:00,104.4231996700,104.9074181600,104.0575653000,104.0674473100,330187
2023-01-20 13:30:00,104.0674473100,104.5813118300,103.7611050000,104.4231996700,352214
2023-01-20 14:00:00,104.4528457000,104.9864742400,104.3540256000,104.9864742400,220200
2023-01-20 14:30:00,104.9963562500,105.2038784600,104.8777721300,105.0260022800,286500
2023-01-20 15:00:00,105.0260022800,105.3422266000,105.0260022800,105.3422266000,587239
2023-01-30 10:00:00,108.2080095000,111.1726125000,107.5953248800,109.9373612500,3420555
2023-01-30 10:30:00,109.8879512000,110.7081580300,109.2555025600,110.4116977300,840855
2023-01-30 11:00:00,110.5302818500,111.6074209400,110.1251194400,111.1627304900,1138344
2023-01-30 11:30:00,111.3208426500,111.6074209400,110.9749723000,111.2516685800,681290
2023-01-30 13:30:00,111.2516685800,111.2615505900,110.3029956200,111.0935564200,722456
2023-01-30 14:00:00,111.1627304900,111.1726125000,110.4314617500,110.7476860700,562159
2023-01-30 14:30:00,110.7378040600,110.7575680800,110.1844115000,110.3721696900,622365
2023-01-30 15:00:00,110.3721696900,110.6093379300,109.9670072800,110.0559453700,890660
2023-01-31 10:00:00,109.5914909000,110.3227596400,107.9708412600,108.1882454800,1170023
2023-01-31 10:30:00,108.1190714100,108.3167116100,107.4767407600,108.2574195500,662197
2023-01-31 11:00:00,108.2673015600,108.8602221600,108.0400153300,108.8206941200,301000
2023-01-31 11:30:00,108.8404581400,109.0380983400,108.5143518100,108.7910480900,235095
2023-01-31 13:30:00,108.7119920100,109.0973904000,108.4550597500,108.9886882900,373600
2023-01-31 14:00:00,108.9886882900,108.9886882900,108.5934078900,108.7218740200,215200
2023-01-31 14:30:00,108.7218740200,108.9491602500,108.5934078900,108.7021100000,381900
2023-01-31 15:00:00,108.7021100000,108.8997502000,107.9115492000,108.4352957300,687781
2023-02-01 10:00:00,109.0973904000,110.4215797400,107.5755608600,110.0855914000,1038089
2023-02-01 10:30:00,110.0855914000,111.4690728000,109.7891311000,110.5796919000,911713
2023-02-01 11:00:00,110.5105178300,110.8366241600,110.1942935100,110.8069781300,483803
2023-02-01 11:30:00,110.7970961200,110.7970961200,110.2733495900,110.5006358200,306300
2023-02-01 13:30:00,110.6587479800,111.5481288800,110.4215797400,111.4987188300,661776
2023-02-01 14:00:00,111.5481288800,112.1608135000,111.1726125000,111.9730553100,820006
2023-02-01 14:30:00,111.9730553100,112.1509314900,111.5481288800,111.8347071700,519804
2023-02-01 15:00:00,111.8347071700,113.1490145000,111.7457690800,113.0304303800,1267274
2023-02-02 10:00:00,112.6549140000,114.6313160000,111.8050611400,114.1866255500,1379992
2023-02-02 10:30:00,114.1470975100,114.2854456500,113.2478346000,114.2360356000,519306
2023-02-02 11:00:00,114.2557996200,114.3348557000,113.4553568100,113.4652388200,378906
2023-02-02 11:30:00,113.4652388200,114.3249736900,113.3960647500,114.3249736900,333866
2023-02-02 13:30:00,114.3546197200,114.3546197200,112.9316102800,113.2774806300,493144
2023-02-02 14:00:00,113.3170086700,113.3170086700,112.4375097800,112.5165658600,348790
2023-02-02 14:30:00,112.5165658600,112.7438520900,112.2596336000,112.4572738000,284700
2023-02-02 15:00:00,112.4572738000,112.7833801300,112.3683357100,112.6153859600,326937
2023-02-03 10:00:00,111.9928193300,112.9019642500,110.6785120000,110.9552082800,1022203
2023-02-03 10:30:00,110.9947363200,111.3702527000,110.1942935100,110.2733495900,607926
2023-02-03 11:00:00,110.2832316000,110.2832316000,109.5124348200,109.6211369300,601396
2023-02-03 11:30:00,109.6606649700,110.1547654700,109.4333787400,109.4432607500,409881
2023-02-03 13:30:00,109.4432607500,109.8780691900,109.0183343200,109.6409009500,325326
2023-02-03 14:00:00,109.6409009500,110.4709897900,109.5223168300,109.9670072800,230349
2023-02-03 14:30:00,109.9966533100,111.2516685800,109.9670072800,111.1528484800,530355
2023-02-03 15:00:00,111.1528484800,111.6568309900,110.6982760200,110.9552082800,618051
2023-02-06 10:00:00,110.4808718000,110.9156802400,108.2080095000,108.6922279900,1753036
2023-02-06 10:30:00,108.6032899000,108.9195142200,107.5953248800,107.6150889000,1026020
2023-02-06 11:00:00,107.6150889000,107.9708412600,107.5162688000,107.6743809600,394600
2023-02-06 11:30:00,107.6447349300,107.7732010600,107.0814603600,107.1012243800,422600
2023-02-06 13:30:00,107.1012243800,107.2988645800,106.4984217700,106.5675958400,806556
2023-02-06 14:00:00,106.5675958400,106.8047640800,106.1624334300,106.5774778500,594818
2023-02-06 14:30:00,106.5478318200,106.7257080000,106.3304276000,106.3304276000,389746
2023-02-06 15:00:00,106.3600736300,106.7257080000,106.3106635800,106.5280678000,622807
2023-02-07 10:00:00,107.5953248800,107.6052068900,100.0257052200,100.5000417000,3921656
2023-02-07 10:30:00,100.6482718500,100.9150861200,98.4841116600,98.9386841200,4242917
2023-02-07 11:00:00,98.9288021100,99.9466491400,98.8102179900,99.4920766800,1218878
2023-02-07 11:30:00,99.4920766800,99.5118407000,98.7904539700,99.0078581900,1367265
2023-02-07 13:30:00,99.0177402000,99.2746724600,98.6817518600,98.7015158800,1773044
2023-02-07 14:00:00,98.7212799000,99.9664131600,98.6718698500,99.9565311500,1357288
2023-02-07 14:30:00,99.9466491400,101.5376527500,99.0276222100,101.4487146600,1474399
2023-02-07 15:00:00,101.5080067200,101.7748209900,100.8953221000,101.1720183800,1269572
2023-02-08 10:00:00,100.0257052200,100.0257052200,97.8911910600,98.7608079400,4224545
2023-02-08 10:30:00,98.6422238200,98.8102179900,98.1184772900,98.7509259300,1204105
2023-02-08 11:00:00,98.7904539700,99.5612507500,98.6224598000,99.2252624100,1088302
2023-02-08 11:30:00,99.2351444200,99.8379470300,98.9189201000,99.8083010000,618958
2023-02-08 13:30:00,99.8083010000,100.5790977800,99.6106608000,100.2035814000,851072
2023-02-08 14:00:00,100.2134634100,100.2134634100,99.3636105500,99.7094809000,436849
2023-02-08 14:30:00,99.7193629100,101.2411924500,99.7094809000,101.1621363700,1053355
2023-02-08 15:00:00,101.1621363700,101.5771807900,101.1621363700,101.2016644100,1088462
2023-02-09 10:00:00,99.8083010000,100.1442893400,99.0967962800,99.9071211000,1761701
2023-02-09 10:30:00,99.9268851200,100.4012216000,99.4327846200,99.8083010000,1280542
2023-02-09 11:00:00,99.8083010000,99.9664131600,99.5908967800,99.7391269300,900928
2023-02-09 11:30:00,99.7391269300,99.9170031100,99.6699528600,99.8280650200,406700
2023-02-09 13:30:00,99.8083010000,100.6779178800,99.6600708500,100.6482718500,1196938
2023-02-09 14:00:00,100.6581538600,101.0929623000,100.5198057200,100.7866199900,765406
2023-02-09 14:30:00,100.7965020000,101.6661188800,100.7075639100,101.2708384800,1408859
2023-02-09 15:00:00,101.2708384800,101.4487146600,101.2115464200,101.3103665200,947430
2023-02-10 10:00:00,103.6622849000,103.9587452000,101.9526971700,102.1503373700,2986759
2023-02-10 10:30:00,102.1602193800,102.6543198800,101.4487146600,102.0021072200,864432
2023-02-10 11:00:00,102.0416352600,102.1602193800,101.3795405900,101.6364728500,651406
2023-02-10 11:30:00,101.6760008900,101.9032871200,101.0139062200,101.0435522500,524700
2023-02-10 13:30:00,101.0139062200,101.2411924500,100.4802776800,100.9941422000,801776
2023-02-10 14:00:00,100.9842601900,101.0040242100,100.7767379800,100.8755580800,499236
2023-02-10 14:30:00,100.8755580800,101.3004845100,100.8063840100,101.0731982800,451610
2023-02-10 15:00:00,100.8953221000,101.7352929500,100.8953221000,101.3103665200,644133
2023-02-13 10:00:00,100.7273279300,100.7470919500,98.8201000000,99.7786549700,1801400
2023-02-13 10:30:00,99.8083010000,99.9960591900,98.8596280400,99.5019586900,1396350
2023-02-13 11:00:00,99.5019586900,99.8083010000,99.2351444200,99.6205428100,721400
2023-02-13 11:30:00,99.6106608000,99.6106608000,99.4130206000,99.4723126600,639959
2023-02-13 13:30:00,99.4723126600,99.8181830100,99.4426666300,99.5019586900,506970
2023-02-13 14:00:00,99.5019586900,99.5118407000,99.4130206000,99.4624306500,927200
2023-02-13 14:30:00,99.4624306500,99.7292449200,99.3142005000,99.3636105500,976822
2023-02-13 15:00:00,99.3636105500,99.6403068300,99.3438465300,99.4723126600,886856
2023-02-14 10:00:00,99.5711327600,99.8083010000,98.9979761800,99.0671502500,1184634
2023-02-14 10:30:00,99.0671502500,99.2252624100,98.7113978900,98.8201000000,1000865
2023-02-14 11:00:00,98.8201000000,99.0869142700,98.7410439200,98.8201000000,368900
2023-02-14 11:30:00,98.8201000000,99.0177402000,98.8102179900,98.8398640200,407994
2023-02-14 13:30:00,98.8596280400,98.9979761800,98.7113978900,98.7113978900,636483
2023-02-14 14:00:00,98.7212799000,98.8596280400,98.7015158800,98.8596280400,589217
2023-02-14 14:30:00,98.8991560800,99.3932565800,98.8299820100,99.2549084400,630770
2023-02-14 15:00:00,99.2252624100,99.7588909500,99.2153804000,99.7094809000,725851
2023-02-15 10:00:00,99.3142005000,100.1146433100,98.8003359800,98.9782121600,1253204
2023-02-15 10:30:00,98.9880941700,99.2647904500,98.7805719600,98.8201000000,724596
2023-02-15 11:00:00,98.8201000000,99.0869142700,98.6224598000,99.0869142700,677200
2023-02-15 11:30:00,99.0473862300,99.2153804000,98.7805719600,98.8398640200,372153
2023-02-15 13:30:00,98.8299820100,98.8793920600,98.4841116600,98.5038756800,713100
2023-02-15 14:00:00,98.5137576900,98.8497460300,98.5038756800,98.7608079400,415096
2023-02-15 14:30:00,98.8003359800,98.8398640200,98.6718698500,98.7509259300,413595
2023-02-15 15:00:00,98.7509259300,98.8299820100,98.6817518600,98.7212799000,542603
2023-02-16 10:00:00,98.5730497500,99.1165603000,97.3377985000,99.0473862300,1833288
2023-02-16 10:30:00,99.0671502500,99.2054983900,98.4050555800,99.1264423100,676400
2023-02-16 11:00:00,99.1363243200,99.2153804000,98.8003359800,98.9386841200,548414
2023-02-16 11:30:00,98.9880941700,99.2944364800,98.8991560800,98.9782121600,488719
2023-02-16 13:30:00,99.1659703500,99.1659703500,98.4050555800,98.4742296500,706684
2023-02-16 14:00:00,98.4742296500,98.4939936700,97.6639048300,97.7133148800,607816
2023-02-16 14:30:00,97.6836688500,97.7330789000,96.3397154900,96.3792435300,1618223
2023-02-16 15:00:00,96.3990075500,96.4978276500,95.5096266500,95.8653790100,1523040
2023-02-17 10:00:00,95.3021044400,95.8159689600,94.6400097700,94.9562340900,1451413
2023-02-17 10:30:00,94.9562340900,94.9661161000,94.2348473600,94.8475319800,976547
2023-02-17 11:00:00,94.7289478600,95.1538742900,94.7289478600,94.8080039400,337557
2023-02-17 11:30:00,94.8080039400,94.8178859500,94.4324875600,94.4522515800,364300
2023-02-17 13:30:00,94.4226055500,94.5708357000,94.1755553000,94.2743754000,552581
2023-02-17 14:00:00,94.2546113800,94.2644933900,93.5233426400,93.6814548000,941923
2023-02-17 14:30:00,93.6616907800,94.0569711800,93.2466463600,93.3059384200,953984
2023-02-17 15:00:00,93.3059384200,93.5727526900,93.0490061600,93.0490061600,852173
2023-02-20 10:00:00,92.7130178200,92.8908940000,91.1318962200,92.5647876700,1636135
2023-02-20 10:30:00,92.5647876700,92.5647876700,91.7841088800,91.7841088800,566914
2023-02-20 11:00:00,91.7841088800,91.8532829500,91.3196544100,91.3591824500,685073
2023-02-20 11:30:00,91.3295364200,91.4382385300,90.8354359200,91.0627221500,1127060
2023-02-20 13:30:00,91.0824861700,92.1200972200,91.0627221500,92.0212771200,604073
2023-02-20 14:00:00,92.0113951100,93.0885342000,92.0113951100,92.7920739000,694600
2023-02-20 14:30:00,92.8316019400,93.8198029400,92.8316019400,93.4146405300,746031
2023-02-20 15:00:00,93.4245225400,93.4838146000,92.8612479700,93.2960564100,722715
2023-02-21 10:00:00,92.9897141000,94.1755553000,92.5944337000,93.5233426400,1474900
2023-02-21 10:30:00,93.5233426400,95.0254081600,93.5233426400,94.8178859500,1085800
2023-02-21 11:00:00,94.8178859500,94.9957621300,94.3830775100,94.9858801200,563920
2023-02-21 11:30:00,94.9759981100,94.9957621300,93.7605108800,94.0767352000,558973
2023-02-21 13:30:00,93.8988590200,94.0964992200,93.4936966100,93.6913368100,301100
2023-02-21 14:00:00,93.6814548000,93.8790950000,93.5628706800,93.6221627400,261430
2023-02-21 14:30:00,93.6221627400,93.7703928900,93.1774722900,93.7308648500,481733
2023-02-21 15:00:00,93.7209828400,94.0668531900,93.5431066600,94.0273251500,679128
2023-02-22 10:00:00,93.8296849500,94.6993018300,93.0391241500,93.4936966100,1161030
2023-02-22 10:30:00,93.4739325900,93.7802749000,93.1972363100,93.3751124900,414508
2023-02-22 11:00:00,93.3948765100,93.8692129900,93.2861744000,93.3454664600,270300
2023-02-22 11:30:00,93.3553484700,93.3652304800,92.8908940000,92.9205400300,611256
2023-02-22 13:30:00,92.8908940000,93.6715727900,92.8612479700,93.3849945000,556394
2023-02-22 14:00:00,93.3849945000,93.4344045500,93.0193601300,93.0687701800,212900
2023-02-22 14:30:00,93.0786521900,93.4344045500,93.0786521900,93.3948765100,223696
2023-02-22 15:00:00,93.3948765100,93.5826347000,93.1972363100,93.5332246500,453027
2023-02-23 10:00:00,94.0372071600,94.4720156000,93.5332246500,93.7802749000,856879
2023-02-23 10:30:00,93.8000389200,93.8000389200,93.1379442500,93.3355844500,413269
2023-02-23 11:00:00,93.3355844500,93.4838146000,93.2071183200,93.3751124900,251800
2023-02-23 11:30:00,93.3751124900,94.0470891700,93.3652304800,93.4541685700,296300
2023-02-23 13:30:00,93.4541685700,94.3731955000,93.3849945000,93.7901569100,537120
2023-02-23 14:00:00,93.7802749000,93.8494489700,92.9798320900,93.0094781200,560600
2023-02-23 14:30:00,93.0193601300,93.3454664600,92.9304220400,93.0094781200,335015
2023-02-23 15:00:00,93.0391241500,93.0687701800,92.7723098800,93.0687701800,523610
2023-02-24 10:00:00,93.0984162100,93.2664103800,92.4264395300,92.8414839500,971263
2023-02-24 10:30:00,92.8414839500,93.0885342000,92.4165575200,92.4264395300,610403
2023-02-24 11:00:00,92.4264395300,92.4363215400,91.9026930000,92.0113951100,506100
2023-02-24 11:30:00,92.0509231500,92.1892712900,91.7939908900,92.1102152100,321580
2023-02-24 13:30:00,92.1892712900,92.3572654600,91.9026930000,92.2090353100,321200
2023-02-24 14:00:00,92.2090353100,92.5450236500,91.8928109900,91.9817490800,457900
2023-02-24 14:30:00,91.9916310900,92.0015131000,91.8631649600,91.9817490800,312198
2023-02-24 15:00:00,91.9718670700,92.2979734000,91.9026930000,91.9026930000,482079
2023-02-27 10:00:00,90.9144920000,92.1991533000,90.9144920000,91.4975305900,919818
2023-02-27 10:30:00,91.4678845600,93.4838146000,91.4085925000,93.1774722900,1054813
2023-02-27 11:00:00,93.1774722900,94.6597737900,93.1675902800,94.5510716800,1566385
2023-02-27 11:30:00,94.5510716800,94.5708357000,93.7308648500,93.7308648500,491760
2023-02-27 13:30:00,93.7111008300,93.7308648500,92.9007760100,92.9205400300,363800
2023-02-27 14:00:00,92.9205400300,93.0786521900,92.7130178200,93.0588881700,345236
2023-02-27 14:30:00,93.0588881700,93.0588881700,92.8217199300,92.8513659600,230200
2023-02-27 15:00:00,92.8908940000,92.9205400300,92.7624278700,92.8711299800,403900
2023-02-28 10:00:00,92.9205400300,94.8672960000,92.8908940000,94.2842574100,1891577
2023-02-28 10:30:00,94.2842574100,94.4621335900,93.9976791200,94.2743754000,762384
2023-02-28 11:00:00,94.2743754000,94.7487118800,94.1360272600,94.2743754000,914222
2023-02-28 11:30:00,94.1755553000,94.3929595200,94.0075611300,94.1755553000,359700
2023-02-28 13:30:00,94.2546113800,94.2546113800,93.1181802300,93.2170003300,413343
2023-02-28 14:00:00,93.2268823400,94.6894198200,93.2071183200,94.1557912800,666800
2023-02-28 14:30:00,94.1755553000,94.4127235400,94.0767352000,94.2546113800,569425
2023-02-28 15:00:00,94.2546113800,94.6301277600,94.1656732900,94.4720156000,1230707
2023-03-01 10:00:00,94.6993018300,94.7289478600,93.8988590200,94.5214256500,1080203
2023-03-01 10:30:00,94.5214256500,95.6183287600,94.3633134900,95.2823404200,1502877
2023-03-01 11:00:00,95.2823404200,95.4108065500,94.7783579100,95.1736383100,767100
2023-03-01 11:30:00,95.1044642400,95.3910425300,94.8870600200,95.3910425300,523810
2023-03-01 13:30:00,95.4305705700,98.3161174900,95.4305705700,97.8022529700,3102087
2023-03-01 14:00:00,97.7824889500,98.0196571900,97.1796863400,97.7330789000,1419506
2023-03-01 14:30:00,97.7330789000,98.6224598000,97.7133148800,98.5532857300,2365891
2023-03-01 15:00:00,98.5532857300,98.5928137700,98.0987132700,98.2765894500,953869
2023-03-02 10:00:00,102.7432579700,105.3224625800,101.6661188800,103.7512229900,8094172
2023-03-02 10:30:00,103.7512229900,104.7888340400,102.8420780700,103.4349986700,2550832
2023-03-02 11:00:00,103.4448806800,104.0872113300,103.3164145500,103.6919309300,879394
2023-03-02 11:30:00,103.6919309300,105.5398668000,103.6820489200,105.1742324300,1854282
2023-03-02 13:30:00,105.2236424800,106.3205455900,104.4429636900,104.5022557500,2362734
2023-03-02 14:00:00,104.5121377600,105.2532885100,104.4429636900,104.7987160500,746372
2023-03-02 14:30:00,104.7987160500,105.6880969500,104.7690700200,105.1347043900,983253
2023-03-02 15:00:00,105.1544684100,106.2316075000,105.0951763500,105.5892768500,3531572
2023-03-03 10:00:00,103.4646447000,105.5398668000,102.5258537500,104.5319017800,3760395
2023-03-03 10:30:00,104.2749695200,104.3342615800,103.1681844000,103.5535827900,1178835
2023-03-03 11:00:00,103.4053526400,103.8105150500,101.9131691300,102.2590394800,1312900
2023-03-03 11:30:00,102.2590394800,103.0594822900,101.7847030000,102.3183315400,916302
2023-03-03 13:30:00,102.1799834000,102.2886855100,100.6976819000,100.7965020000,1250339
2023-03-03 14:00:00,100.8459120500,102.0515172700,100.7965020000,101.0633162700,1036536
2023-03-03 14:30:00,101.0633162700,102.0515172700,101.0040242100,101.7847030000,920400
2023-03-03 15:00:00,101.7847030000,101.7945850100,100.8162660200,100.9447321500,1152180
2023-03-06 10:00:00,103.3065325400,107.7139090000,102.9804262100,104.5615478100,7250184
2023-03-06 10:30:00,104.6406038900,105.8264450900,103.7611050000,104.3540256000,1796422
2023-03-06 11:00:00,104.3836716300,104.3836716300,103.7808690200,104.1860314300,667671
2023-03-06 11:30:00,104.1860314300,104.6010758500,103.9883912300,104.2552055000,388593
2023-03-06 13:30:00,104.3144975600,104.3441435900,103.7215769600,103.7215769600,545378
2023-03-06 14:00:00,103.6721669100,103.6721669100,102.9804262100,103.3164145500,626329
2023-03-06 14:30:00,103.3164145500,103.3164145500,102.4665616900,102.6444378700,706828
2023-03-06 15:00:00,102.6444378700,103.3262965600,102.3776236000,103.2768865100,911582
2023-03-07 10:00:00,103.2966505300,105.8066810700,101.3696585800,104.7493060000,2658329
2023-03-07 10:30:00,104.7493060000,105.4410467000,103.4745267100,104.0378012800,1300041
2023-03-07 11:00:00,104.0279192700,104.1761494200,103.6128748500,103.6524028900,511520
2023-03-07 11:30:00,103.6524028900,104.3144975600,103.4448806800,104.2552055000,368158
2023-03-07 13:30:00,104.2947335400,104.4330816800,102.4962077200,102.7729040000,717842
2023-03-07 14:00:00,102.8025500300,102.9705442000,101.8341130500,102.0317532500,916400
2023-03-07 14:30:00,102.0317532500,102.1799834000,101.3597765700,101.3597765700,904119
2023-03-07 15:00:00,101.3597765700,101.8439950600,101.1522543600,101.5672987800,873199
2023-03-08 10:00:00,100.8953221000,103.2670045000,100.8953221000,102.8914881200,1247018
2023-03-08 10:30:00,102.9013701300,103.3460605800,101.2708384800,101.6562368700,854127
2023-03-08 11:00:00,101.6265908400,101.6562368700,100.5000417000,100.6482718500,700477
2023-03-08 11:30:00,100.6482718500,101.7649389800,100.6482718500,101.1917824000,298936
2023-03-08 13:30:00,101.0929623000,101.5574167700,100.9348501400,101.0830802900,265512
2023-03-08 14:00:00,101.0830802900,101.3004845100,100.7965020000,100.8360300400,378542
2023-03-08 14:30:00,100.8360300400,101.0237882300,100.5593337600,100.7668559700,432500
2023-03-08 15:00:00,100.7965020000,101.5771807900,100.7965020000,101.3894226000,642815
2023-03-09 10:00:00,101.9625791800,103.4547626900,100.3024015000,100.6976819000,1782269
2023-03-09 10:30:00,101.0336702400,101.1226083300,99.8083010000,100.0751152700,1209870
2023-03-09 11:00:00,100.1047613000,100.3518115500,99.4031385900,99.7193629100,1100231
2023-03-09 11:30:00,99.4723126600,100.3024015000,99.3438465300,100.2332274300,478903
2023-03-09 13:30:00,100.2332274300,103.0100722400,100.0257052200,102.5851458100,1476690
2023-03-09 14:00:00,102.5653817900,102.7926680200,102.1108093300,102.1503373700,647801
2023-03-09 14:30:00,102.1305733500,102.7729040000,102.0317532500,102.3380955600,614927
2023-03-09 15:00:00,102.3380955600,102.3875056100,101.6858829000,101.7847030000,787267
2023-03-10 10:00:00,100.5000417000,101.4882427000,99.3240825100,99.5414867300,1606299
2023-03-10 10:30:00,99.5414867300,100.1739353700,98.6422238200,98.6422238200,1239300
2023-03-10 11:00:00,98.6422238200,100.0849972800,98.6224598000,99.9565311500,596604
2023-03-10 11:30:00,99.9565311500,99.9762951700,99.0276222100,99.1264423100,341661
2023-03-10 13:30:00,99.1264423100,99.6304248200,98.9090380900,99.1165603000,551701
2023-03-10 14:00:00,99.0276222100,99.6304248200,98.8398640200,99.4920766800,467800
2023-03-10 14:30:00,99.5118407000,99.7588909500,99.1165603000,99.3636105500,412200
2023-03-10 15:00:00,99.3537285400,99.4130206000,98.9288021100,99.1165603000,718775
2023-03-13 10:00:00,98.3161174900,102.5554997800,97.9208370900,101.2906025000,2392543
2023-03-13 10:30:00,101.2313104400,105.4212826800,101.2313104400,104.9765922300,3107871
2023-03-13 11:00:00,105.0358842900,105.0358842900,103.5931108300,104.1761494200,1252591
2023-03-13 11:30:00,104.1563854000,104.2947335400,103.2472404800,103.2670045000,570653
2023-03-13 13:30:00,103.3065325400,103.4251166600,101.5475347600,101.7254109400,733542
2023-03-13 14:00:00,101.7254109400,101.8242310400,101.1423723500,101.5475347600,605000
2023-03-13 14:30:00,101.5672987800,101.7649389800,101.0435522500,101.4684786800,848395
2023-03-13 15:00:00,101.4487146600,102.2788035000,101.3597765700,102.0910453100,758996
2023-03-14 10:00:00,102.7729040000,105.9549112200,102.4962077200,103.6721669100,2713179
2023-03-14 10:30:00,103.6721669100,103.9785092200,102.9013701300,103.9785092200,939086
2023-03-14 11:00:00,103.9389811800,104.1959134400,102.5060897300,102.5357357600,876334
2023-03-14 11:30:00,102.5357357600,103.6425208800,102.0910453100,103.3460605800,761855
2023-03-14 13:30:00,103.3855886200,103.6425208800,102.7531399800,102.9606621900,774600
2023-03-14 14:00:00,103.0397182700,103.3658246000,102.7630219900,103.2966505300,518078
2023-03-14 14:30:00,103.2867685200,104.0378012800,103.2175944500,103.9686272100,742281
2023-03-14 15:00:00,103.9883912300,104.0180372600,102.3973876200,102.7333759600,801229
2023-03-15 10:00:00,103.7611050000,105.9351472000,103.7611050000,105.2137604700,3089567
2023-03-15 10:30:00,105.2137604700,105.5892768500,104.3540256000,104.3639076100,834485
2023-03-15 11:00:00,104.3737896200,104.4528457000,103.6128748500,103.6622849000,619200
2023-03-15 11:30:00,103.7018129400,104.0180372600,103.6622849000,103.7413409800,209090
2023-03-15 13:30:00,103.7413409800,103.9587452000,102.9804262100,103.0397182700,341500
2023-03-15 14:00:00,103.0496002800,103.4349986700,102.7827860100,103.1286563600,332519
2023-03-15 14:30:00,103.1187743500,103.2670045000,102.6543198800,102.8914881200,360910
2023-03-15 15:00:00,102.8519600800,103.2670045000,102.6740839000,103.0891283200,435289
2023-03-16 10:00:00,102.1602193800,102.9112521400,101.2313104400,102.3973876200,1141087
2023-03-16 10:30:00,102.3380955600,103.2571224900,102.0811633000,102.3282135500,532212
2023-03-16 11:00:00,102.2491574700,103.1187743500,101.8637590800,102.9507801800,380016
2023-03-16 11:30:00,102.9211341500,103.1187743500,102.1799834000,102.7926680200,336499
2023-03-16 13:30:00,102.7729040000,104.7097779600,102.4764437000,103.7116949500,1229443
2023-03-16 14:00:00,103.7116949500,103.7512229900,103.0792463100,103.1879484200,404300
2023-03-16 14:30:00,103.1780664100,103.2768865100,101.8736410900,102.2788035000,617433
2023-03-16 15:00:00,102.2985675200,102.9705442000,102.1009273200,102.1305733500,545085
2023-03-17 10:00:00,103.3658246000,107.0518143300,103.3658246000,105.9351472000,3687513
2023-03-17 10:30:00,105.9351472000,107.3186286000,105.7869170500,106.6960619700,1602205
2023-03-17 11:00:00,106.6960619700,106.7059439800,105.1347043900,105.2532885100,1316700
2023-03-17 11:30:00,105.2434065000,107.3186286000,105.2137604700,107.3087465900,1034727
2023-03-17 13:30:00,107.3878026700,108.2574195500,107.3878026700,107.6743809600,1412502
2023-03-17 14:00:00,107.5953248800,108.0301333200,107.3186286000,107.7139090000,626654
2023-03-17 14:30:00,107.7040269900,108.2870655800,107.0221683000,108.0498973400,1256130
2023-03-17 15:00:00,107.9906052800,108.0993073900,107.6546169400,107.7040269900,991546
2023-03-20 10:00:00,107.3186286000,111.3307246600,106.7257080000,109.7693670800,4362570
2023-03-20 10:30:00,109.6112549200,110.6785120000,109.3345586400,109.5914909000,1415370
2023-03-20 11:00:00,109.5914909000,110.2733495900,107.5953248800,107.8917851800,1005191
2023-03-20 11:30:00,107.9115492000,107.9906052800,106.0932593600,106.2019614700,1070794
2023-03-20 13:30:00,106.2118434800,106.2118434800,105.4015186600,105.8066810700,902100
2023-03-20 14:00:00,105.8066810700,105.8066810700,102.5456177700,103.2670045000,2412656
2023-03-20 14:30:00,103.2670045000,103.8105150500,100.6779178800,101.6463548600,1881108
2023-03-20 15:00:00,101.6068268200,102.5851458100,101.0040242100,102.0811633000,1088597
2023-03-21 10:00:00,102.0515172700,102.1206913400,100.4703956700,101.8538770700,1075300
2023-03-21 10:30:00,101.8538770700,103.3460605800,101.7748209900,102.7827860100,789015
2023-03-21 11:00:00,102.7729040000,103.1385383700,101.8538770700,102.3084495300,400771
2023-03-21 11:30:00,102.3183315400,102.7432579700,101.9329331500,102.4369156600,255952
2023-03-21 13:30:00,102.4665616900,102.5258537500,101.6265908400,101.6957649100,410900
2023-03-21 14:00:00,101.7847030000,101.8242310400,99.8083010000,100.6779178800,1116000
2023-03-21 14:30:00,100.6087438100,101.2708384800,99.9071211000,101.0830802900,630292
2023-03-21 15:00:00,101.0929623000,101.7649389800,101.0040242100,101.5376527500,463097
2023-03-22 10:00:00,101.9823432000,101.9823432000,100.5000417000,100.5988618000,1482551
2023-03-22 10:30:00,100.5889797900,101.0929623000,100.5296877300,100.8557940600,916094
2023-03-22 11:00:00,100.8557940600,100.8557940600,99.5118407000,99.9268851200,1238095
2023-03-22 11:30:00,99.9565311500,100.1541713500,99.0276222100,100.1541713500,921461
2023-03-22 13:30:00,100.2628734600,100.9842601900,99.9071211000,100.5593337600,949300
2023-03-22 14:00:00,100.5593337600,101.1720183800,100.5593337600,100.9546141600,639708
2023-03-22 14:30:00,100.9348501400,101.4487146600,100.7965020000,101.4487146600,773652
2023-03-22 15:00:00,101.4190686300,102.4270336500,101.2906025000,101.7649389800,1063348
2023-03-23 10:00:00,101.0435522500,103.5338187700,100.8953221000,102.5357357600,1657023
2023-03-23 10:30:00,102.5357357600,105.7276249900,102.3479775700,105.7276249900,1569909
2023-03-23 11:00:00,105.8165630800,107.5459148300,105.7770350400,107.4174487000,2421263
2023-03-23 11:30:00,107.4668587500,108.0498973400,105.9549112200,105.9647932300,1137623
2023-03-23 13:30:00,105.8956191600,107.9609592500,105.8956191600,107.9411952300,841480
2023-03-23 14:00:00,107.9708412600,110.3820517000,107.8720211600,109.7693670800,2328737
2023-03-23 14:30:00,109.7693670800,111.0145003400,109.7199570300,110.6192199400,1829628
2023-03-23 15:00:00,110.6192199400,113.8605192200,110.6192199400,113.8407552000,2850246
2023-03-24 10:00:00,113.0501944000,115.6096349900,111.4789548100,113.7221710800,4913877
2023-03-24 10:30:00,113.7024070600,113.7024070600,112.6351499800,113.3071266600,1014346
2023-03-24 11:00:00,113.2478346000,113.5047668600,111.6667130000,112.5857399300,1232400
2023-03-24 11:30:00,112.5758579200,113.3861827400,111.6765950100,113.0501944000,747700
2023-03-24 13:30:00,113.3664187200,116.3013756900,113.0600764100,113.9889853500,2649325
2023-03-24 14:00:00,113.9889853500,114.6313160000,113.7122890700,113.7419351000,784104
2023-03-24 14:30:00,113.7221710800,115.1056524800,113.6628790200,114.6609620300,856383
2023-03-24 15:00:00,114.6510800200,115.0760064500,114.0680414300,114.1372155000,1148900
2023-03-27 10:00:00,115.0463604200,120.4024098400,115.0463604200,116.5088979000,6667956
2023-03-27 10:30:00,116.5088979000,117.0919364900,115.6195170000,115.8171572000,1469381
2023-03-27 11:00:00,115.7973931800,116.1432635300,112.4276277700,112.7833801300,2032777
2023-03-27 11:30:00,112.8031441500,113.8704012300,111.6074209400,111.6074209400,1388572
2023-03-27 13:30:00,111.5975389300,113.7518171100,110.7279220500,112.4671558100,1137854
2023-03-27 14:00:00,112.3782177200,112.9612563100,111.6667130000,112.8229081700,1310300
2023-03-27 14:30:00,112.9612563100,113.0007843500,110.9749723000,111.2220225500,1146100
2023-03-27 15:00:00,111.1726125000,111.6667130000,110.6883940100,111.0243823500,1293705
2023-03-28 10:00:00,110.5698098900,111.0243823500,106.5873598600,107.2889825700,4392669
2023-03-28 10:30:00,107.2889825700,107.9411952300,106.2316075000,107.9411952300,2134801
2023-03-28 11:00:00,107.9411952300,108.6724639700,106.9529942300,108.3068296000,1070692
2023-03-28 11:30:00,108.3068296000,108.7021100000,107.3087465900,107.3087465900,1007400
2023-03-28 13:30:00,107.3087465900,108.7021100000,107.1407524200,107.2198085000,705852
2023-03-28 14:00:00,107.2198085000,107.2494545300,106.7355900100,106.8640561400,951100
2023-03-28 14:30:00,106.8640561400,106.8838201600,106.2513715200,106.3699556400,1011800
2023-03-28 15:00:00,106.3699556400,106.3897196600,105.7967990600,106.3403096100,1313079
2023-03-29 10:00:00,106.3403096100,107.2198085000,105.5497488100,106.3798376500,1708600
2023-03-29 10:30:00,106.3600736300,107.1605164400,105.3817546400,107.0715783500,980699
2023-03-29 11:00:00,107.0320503100,107.4273307100,106.3403096100,107.3680386500,693305
2023-03-29 11:30:00,107.3976846800,109.0084523100,107.1901624700,108.9689242700,1097710
2023-03-29 13:30:00,108.9985703000,109.1962105000,108.1981274900,108.8602221600,1199356
2023-03-29 14:00:00,108.8503401500,108.8898681900,107.5063867900,107.5557968400,757997
2023-03-29 14:30:00,107.5459148300,108.5538798500,107.4174487000,107.5360328200,690100
2023-03-29 15:00:00,107.5854428700,107.5854428700,106.8739381500,107.0419323200,872752
2023-03-30 10:00:00,107.4087635500,107.6764180600,105.2377880800,107.4285898100,1747242
2023-03-30 10:30:00,107.4385029400,107.4385029400,105.5252688500,105.7532708400,597728
2023-03-30 11:00:00,105.7730971000,105.9812728300,104.3456063800,104.3654326400,1072793
2023-03-30 11:30:00,104.3654326400,105.1485699100,104.2365619500,105.1188305200,605649
2023-03-30 13:30:00,105.1485699100,107.0816302600,105.0494386100,107.0816302600,949366
2023-03-30 14:00:00,107.0816302600,108.2315533400,106.7544969700,107.1807615600,988183
2023-03-30 14:30:00,107.1906746900,107.1906746900,106.2390142100,106.3976242900,549554
2023-03-30 15:00:00,106.4174505500,107.0717171300,106.0605778700,106.8437151400,806044
2023-03-31 10:00:00,106.8040626200,106.8040626200,102.9775944400,105.6045738900,3547247
2023-03-31 10:30:00,105.5946607600,106.9230201800,105.1089173900,106.5562343700,884005
2023-03-31 11:00:00,106.5562343700,106.5562343700,104.5339558500,105.6937920600,518580
2023-03-31 11:30:00,105.6838789300,106.3678849000,105.5550082400,106.1200566500,306900
2023-03-31 13:30:00,106.1200566500,108.0531170000,106.1200566500,106.7544969700,929600
2023-03-31 14:00:00,106.7644101000,108.0233776100,106.7544969700,107.9044200500,841357
2023-03-31 14:30:00,107.9044200500,107.9044200500,106.9626727000,107.4583292000,628500
2023-03-31 15:00:00,107.6070261500,107.6070261500,106.9626727000,107.4087635500,1024240
2023-04-03 10:00:00,108.2612927300,111.8201064000,108.2612927300,109.9465248300,4236954
2023-04-03 10:30:00,109.9366117000,110.0456561300,108.8461674000,109.4409552000,1078007
2023-04-03 11:00:00,109.4409552000,109.4409552000,107.5574605000,108.6875573200,946622
2023-04-03 11:30:00,108.6875573200,108.9948643500,107.6665049300,108.0035513500,864791
2023-04-03 13:30:00,108.0035513500,109.0444300000,107.2402403400,108.1324220400,1409420
2023-04-03 14:00:00,108.1324220400,109.0543431300,107.3889372900,107.6863311900,1153100
2023-04-03 14:30:00,107.6764180600,108.2612927300,107.5673736300,107.8152018800,1094291
2023-04-03 15:00:00,107.8152018800,109.0444300000,107.7953756200,108.8957330500,1190730
2023-04-04 10:00:00,112.2265447300,115.4383988500,109.9366117000,110.2042662100,8669612
2023-04-04 10:30:00,110.2042662100,111.0369691300,110.0357430000,110.8783590500,2549765
2023-04-04 11:00:00,110.9180115700,113.3764678100,110.7494883600,112.3058497700,2582988
2023-04-04 11:30:00,112.3058497700,112.3058497700,111.1063610400,112.0976740400,1594319
2023-04-04 13:30:00,112.1175003000,118.5610348000,112.1175003000,118.4916428900,5138783
2023-04-04 14:00:00,118.5015560200,119.1459094700,115.2797887700,115.9637947400,3194664
2023-04-04 14:30:00,115.6961402300,117.0839784300,114.0009950000,117.0839784300,2244093
2023-04-04 15:00:00,117.1236309500,118.9575600000,117.1236309500,118.0852045600,2780014
2023-04-06 10:00:00,115.2401362500,118.7592974000,115.1707443400,117.8472894400,6337785
2023-04-06 10:30:00,117.8472894400,117.8472894400,115.8250109200,115.9836210000,2073631
2023-04-06 11:00:00,116.3305805500,117.1731966000,114.6453484500,114.6651747100,1876279
2023-04-06 11:30:00,114.6552615800,115.1112655600,113.3368152900,114.9130029600,1791258
2023-04-06 13:30:00,114.9923080000,116.3900593300,114.2587363800,116.3900593300,1476376
2023-04-06 14:00:00,116.3900593300,116.4792775000,114.9823948700,114.9923080000,1180105
2023-04-06 14:30:00,114.9823948700,115.2897019000,114.1001263000,114.7940454000,971598
2023-04-06 15:00:00,114.7444797500,115.9538816100,114.4074333300,115.3888332000,1102549
2023-04-07 10:00:00,117.2624147700,121.6341051000,115.7655321400,117.6589399700,5893679
2023-04-07 10:30:00,117.6589399700,118.4222509800,116.4792775000,116.5387562800,1749829
2023-04-07 11:00:00,116.4991037600,116.5189300200,115.4879645000,115.9340553500,1202288
2023-04-07 11:30:00,115.9043159600,116.4297118500,115.2203099900,116.4197987200,959091
2023-04-07 13:30:00,116.5784088000,117.3020672900,116.0430997800,116.2711017700,968408
2023-04-07 14:00:00,116.2611886400,116.9749340000,116.1620573400,116.9551077400,668487
2023-04-07 14:30:00,116.9551077400,117.7382450100,116.2810149000,117.7184187500,1072210
2023-04-07 15:00:00,117.7283318800,118.8485155700,117.0344127800,118.5015560200,1803505
2023-04-10 10:00:00,120.7518365300,124.0628219500,119.9488730000,122.1396747300,7655378
2023-04-10 10:30:00,122.1297616000,123.3689028500,118.5312954100,118.7394711400,2575829
2023-04-10 11:00:00,118.6106004500,118.7493842700,114.2983889000,114.3975202000,2585729
2023-04-10 11:30:00,114.3975202000,114.9823948700,113.3368152900,113.8027324000,1524261
2023-04-10 13:30:00,113.7036011000,113.7928192700,111.9192377000,113.7928192700,1243171
2023-04-10 14:00:00,113.8027324000,114.3975202000,112.8907244400,113.5152516300,796639
2023-04-10 14:30:00,113.5152516300,113.5152516300,111.8994114400,112.2860235100,1133696
2023-04-10 15:00:00,112.2959366400,113.0096820000,111.0270560000,111.4235812000,1258143
2023-04-11 10:00:00,111.8201064000,113.6044698000,109.7284359700,112.7420274900,3704548
2023-04-11 10:30:00,112.7420274900,113.1187264300,111.4434074600,111.7903670100,1461354
2023-04-11 11:00:00,111.7804538800,112.3851548100,111.2054923400,111.8894983100,1053914
2023-04-11 11:30:00,111.8597589200,111.9985427400,109.0444300000,109.5301733700,1552184
2023-04-11 13:30:00,109.5301733700,109.9861773500,108.7470361000,109.7185228400,1264393
2023-04-11 14:00:00,109.6887834500,110.0753955200,108.8659936600,108.8957330500,867268
2023-04-11 14:30:00,108.8759067900,110.1547005600,108.8759067900,109.4409552000,826164
2023-04-11 15:00:00,109.4409552000,110.5214863700,109.3517370300,110.1150480400,1017930
2023-04-12 10:00:00,109.6491309300,110.1348743000,107.7854624900,108.8461674000,2653522
2023-04-12 10:30:00,108.8659936600,108.8957330500,107.4781554600,108.1324220400,1737972
2023-04-12 11:00:00,108.2513796000,108.8263411400,107.9143331800,108.6280785400,1265063
2023-04-12 11:30:00,108.6280785400,110.8486196600,108.3703371600,110.8287934000,1795494
2023-04-12 13:30:00,111.0072297400,111.8994114400,110.2340056000,110.7792277500,1979899
2023-04-12 14:00:00,110.7296621000,110.7990540100,109.3715632900,109.4409552000,975342
2023-04-12 14:30:00,109.4310420700,110.4719207200,108.8263411400,110.4719207200,1210587
2023-04-12 15:00:00,110.3926156800,110.5809651500,109.7482622300,110.3926156800,1245200
2023-04-13 10:00:00,109.1534744300,109.1832138200,107.0717171300,107.7953756200,2370282
2023-04-13 10:30:00,107.7854624900,107.9044200500,105.6640526700,105.8226627500,2568136
2023-04-13 11:00:00,105.8524021400,106.1200566500,104.8809154000,105.2972668600,2031808
2023-04-13 11:30:00,105.2972668600,106.0209253500,104.8908285300,105.0791780000,1584108
2023-04-13 13:30:00,105.0791780000,105.2675274700,102.0061077000,102.1052390000,3704634
2023-04-13 14:00:00,102.0061077000,102.9775944400,101.1238391300,101.8574107500,2172769
2023-04-13 14:30:00,101.9565420500,102.2836753400,101.1932310400,101.6095825000,1448157
2023-04-13 15:00:00,101.7285400600,102.1052390000,100.9156634000,100.9949684400,2306599
2023-04-14 10:00:00,101.1139260000,102.6008955000,100.3208756000,100.5488775900,2653014
2023-04-14 10:30:00,100.6083563700,100.7669664500,97.6443305000,98.4175546400,3989187
2023-04-14 11:00:00,98.4175546400,99.4286939000,97.9417244000,99.1412131300,2286555
2023-04-14 11:30:00,99.1511262600,99.6566958900,98.6951222800,99.4881726800,743272
2023-04-14 13:30:00,99.5079989400,100.1027867400,99.1412131300,99.8549584900,747558
2023-04-14 14:00:00,99.8450453600,100.3208756000,99.4286939000,100.1226130000,821365
2023-04-14 14:30:00,100.1126998700,100.3010493400,99.6864352800,100.0433079600,718930
2023-04-14 15:00:00,100.0433079600,100.4398331600,99.7459140600,100.1226130000,1094660
2023-04-17 10:00:00,99.1412131300,100.9156634000,97.7732011900,99.9739160500,2845262
2023-04-17 10:30:00,100.2713099500,101.7582794500,100.0036554400,100.1523523900,1881028
2023-04-17 11:00:00,100.1027867400,101.0841866100,99.5079989400,100.7867927100,1094398
2023-04-17 11:30:00,100.8165321000,100.9949684400,100.2812230800,100.3902675100,691070
2023-04-17 13:30:00,100.4497462900,100.8660977500,99.7161746700,100.4893988100,743531
2023-04-17 14:00:00,100.4299200300,100.7768795800,100.1226130000,100.1325261300,699000
2023-04-17 14:30:00,100.1325261300,100.6182695000,100.0036554400,100.5687038500,646269
2023-04-17 15:00:00,100.6281826300,100.8660977500,100.4497462900,100.5687038500,1033696
2023-04-18 10:00:00,99.7459140600,100.3208756000,98.7942535800,99.6864352800,1930505
2023-04-18 10:30:00,99.6864352800,99.9739160500,98.7942535800,99.5179120700,1525569
2023-04-18 11:00:00,99.5079989400,99.5079989400,98.8834717500,99.2006919100,587184
2023-04-18 11:30:00,99.2006919100,99.3295626000,98.7942535800,98.8239929700,704558
2023-04-18 13:30:00,98.8239929700,99.1412131300,98.2292051700,98.9132111400,930331
2023-04-18 14:00:00,99.0222555700,99.6864352800,98.8735586200,98.9826030500,683786
2023-04-18 14:30:00,98.9925161800,99.2304313000,98.4968596800,98.6852091500,1037486
2023-04-18 15:00:00,98.6852091500,98.9330374000,98.3977283800,98.7942535800,808205
2023-04-19 10:00:00,98.7942535800,98.8140798400,97.6443305000,97.6542436300,2116579
2023-04-19 10:30:00,97.6443305000,97.8921587500,96.7521488000,97.8921587500,1612380
2023-04-19 11:00:00,97.8822456200,98.3184233400,97.3568497300,97.5154598100,758717
2023-04-19 11:30:00,97.6046779800,97.6046779800,97.0891952200,97.3667628600,1031650
2023-04-19 13:30:00,97.3865891200,97.6046779800,96.9603245300,97.0396295700,999546
2023-04-19 14:00:00,97.0297164400,97.2478053000,96.2267529100,96.2366660400,1774927
2023-04-19 14:30:00,96.2366660400,96.4547549000,95.9095327500,96.3457104700,1228278
2023-04-19 15:00:00,96.3556236000,96.4944074200,96.1177084800,96.1672741300,884797
2023-04-20 10:00:00,95.6716176300,96.4547549000,93.5799472000,94.1846481300,3449962
2023-04-20 10:30:00,94.1053430900,95.6617045000,94.1053430900,95.6617045000,1667856
2023-04-20 11:00:00,95.6617045000,97.7434618000,95.6617045000,97.3469366000,1847494
2023-04-20 11:30:00,97.3568497300,97.8227668400,96.9305851400,97.5749385900,1062700
2023-04-20 13:30:00,97.5947648500,98.4671202900,96.0185771800,96.0185771800,1634785
2023-04-20 14:00:00,95.9888377900,96.1276216100,95.0669167000,95.9392721400,1183181
2023-04-20 14:30:00,95.9392721400,97.0297164400,95.5923125900,96.2763185600,909100
2023-04-20 15:00:00,96.2862316900,96.3556236000,95.8500539700,96.2564923000,812732
2023-04-21 10:00:00,95.6716176300,96.0086640500,94.2540400400,94.8686541000,1781635
2023-04-21 10:30:00,94.8686541000,95.0570035700,93.9467330100,93.9863855300,1369885
2023-04-21 11:00:00,93.9962986600,94.2936925600,93.0644644400,93.2825533000,1464815
2023-04-21 11:30:00,93.3222058200,93.4808159000,92.4895029000,92.4895029000,969044
2023-04-21 13:30:00,92.4795897700,93.0248119200,91.6567999800,92.1128039600,1263083
2023-04-21 14:00:00,92.1425433500,92.6282867200,92.0533251800,92.3606322100,796120
2023-04-21 14:30:00,92.3606322100,92.5985473300,91.8154100600,91.8154100600,858175
2023-04-21 15:00:00,91.8054969300,91.8054969300,91.2602747800,91.4981899000,1390927
2023-04-24 10:00:00,91.4981899000,91.5774949400,89.2280831300,89.6741739800,2697853
2023-04-24 10:30:00,89.6741739800,89.7039133700,88.6134690700,89.0496467900,1672817
2023-04-24 11:00:00,89.1190387000,89.2181700000,87.8402449300,88.1772913500,1333400
2023-04-24 11:30:00,88.1277257000,88.5242509000,87.4833722500,88.1574650900,1350447
2023-04-24 13:30:00,88.2565963900,88.7225135000,87.2355440000,87.2751965200,1050100
2023-04-24 14:00:00,87.2355440000,87.7014611100,86.9579763600,86.9579763600,1717300
2023-04-24 14:30:00,87.0372814000,87.4139803400,86.4226673400,86.9381501000,1347583
2023-04-24 15:00:00,86.9381501000,87.2553702600,86.6308430700,87.2454571300,1078618
2023-04-25 10:00:00,87.2454571300,87.8798974500,85.3123967800,85.6296169400,2279596
2023-04-25 10:30:00,85.6296169400,85.8080532800,84.5887382900,85.2529180000,1576939
2023-04-25 11:00:00,85.2529180000,86.3433623000,84.2616050000,86.3235360400,1224542
2023-04-25 11:30:00,86.3830148200,86.6704955900,84.4995201200,84.6581302000,917827
2023-04-25 13:30:00,84.6878695900,85.2529180000,83.4883808600,83.8452535400,973266
2023-04-25 14:00:00,83.8452535400,84.4598676000,83.7659485000,84.1228211800,723600
2023-04-25 14:30:00,84.0930817900,85.0546554000,83.8650798000,84.0633424000,656762
2023-04-25 15:00:00,84.0633424000,84.2913443900,83.8749929300,84.2417787400,846025
2023-04-26 10:00:00,85.5007462500,88.1277257000,84.8563928000,84.9456109700,4019711
2023-04-26 10:30:00,84.9456109700,85.0050897500,83.1116819200,83.1315081800,2582469
2023-04-26 11:00:00,83.0819425300,83.4685546000,82.1600214400,83.0819425300,2068555
2023-04-26 11:30:00,83.0720294000,83.7362091100,82.7845486300,83.1711607000,1189872
2023-04-26 13:30:00,83.3892495600,83.8551666700,83.1017687900,83.5875121600,1106500
2023-04-26 14:00:00,83.5875121600,85.3223099100,83.5875121600,84.7770877600,1658308
2023-04-26 14:30:00,84.7374352400,85.0150028800,83.8254272800,84.3210837800,1162838
2023-04-26 15:00:00,84.3111706500,84.7572615000,83.9542979700,84.5689120300,1470013
2023-04-27 10:00:00,85.9567502300,86.6704955900,84.3409100400,84.7969140200,3431080
2023-04-27 10:30:00,84.8861321900,84.9356978400,84.2814312600,84.4796938600,1063623
2023-04-27 11:00:00,84.4796938600,84.5094332500,83.6767303300,83.7560353700,824792
2023-04-27 11:30:00,83.7857747600,83.9047323200,83.5676859000,83.8155141500,492000
2023-04-27 13:30:00,83.8749929300,83.8749929300,83.4189889500,83.5478596400,587966
2023-04-27 14:00:00,83.5478596400,84.1922130900,83.4586414700,83.5775990300,702900
2023-04-27 14:30:00,83.5875121600,83.6866434600,82.7944617600,82.8341142800,1107600
2023-04-27 15:00:00,82.8341142800,83.3694233000,82.8242011500,83.1315081800,1198225
2023-04-28 10:00:00,82.7845486300,83.7659485000,82.6358516800,83.2603788700,2063386
2023-04-28 10:30:00,83.2108132200,83.6668172000,82.9728981000,83.4487283400,961340
2023-04-28 11:00:00,83.4487283400,83.5676859000,83.0918556600,83.4090758200,831400
2023-04-28 11:30:00,83.4586414700,83.9245585800,83.2405526100,83.6569040700,980200
2023-04-28 13:30:00,83.7064697200,83.8155141500,83.0819425300,83.1017687900,925998
2023-04-28 14:00:00,83.0819425300,83.1315081800,82.7944617600,83.0125506200,717100
2023-04-28 14:30:00,83.0125506200,83.6965565900,82.9828112300,83.4586414700,812420
2023-04-28 15:00:00,83.4685546000,83.8948191900,83.4189889500,83.7560353700,1125993
2023-05-04 10:00:00,83.7163828500,83.7659485000,82.4375890800,82.5565466400,1996869
2023-05-04 10:30:00,82.5664597700,82.5664597700,81.0993165300,81.4165366900,2229830
2023-05-04 11:00:00,81.3967104300,81.7833225000,80.9704458400,81.0200114900,1152904
2023-05-04 11:30:00,81.0100983600,81.1389690500,80.5540943800,80.5640075100,1054004
2023-05-04 13:30:00,80.6135731600,80.8316620200,80.3161792600,80.3657449100,754242
2023-05-04 14:00:00,80.4053974300,80.6532256800,80.0683510100,80.5441812500,1001024
2023-05-04 14:30:00,80.5441812500,81.0100983600,80.4450499500,80.5441812500,562869
2023-05-04 15:00:00,80.5441812500,80.7523569800,80.2071348300,80.4252236900,1569823
2023-05-05 10:00:00,80.1972217000,81.0695771400,80.0980904000,80.6433125500,1734622
2023-05-05 10:30:00,80.5937469000,80.6829650700,79.9196540600,79.9196540600,903400
2023-05-05 11:00:00,79.9196540600,80.4648762100,79.6519995500,80.3954843000,702099
2023-05-05 11:30:00,80.3954843000,80.4549630800,79.4636500800,79.8304358900,439509
2023-05-05 13:30:00,79.8502621500,79.8800015400,79.1067774000,79.2455612200,964100
2023-05-05 14:00:00,79.2554743500,79.8899146700,79.2455612200,79.7412177200,658900
2023-05-05 14:30:00,79.7610439800,80.3459186500,79.7015652000,79.9097409300,720600
2023-05-05 15:00:00,79.9097409300,79.9791328400,79.5033026000,79.5429551200,827935
2023-05-08 10:00:00,81.1687084400,81.1687084400,79.7015652000,80.6036600300,2299194
2023-05-08 10:30:00,80.6036600300,80.6036600300,79.5231288600,79.8700884100,1127300
2023-05-08 11:00:00,79.8006965000,79.9593065800,79.1166905300,79.2951268700,848726
2023-05-08 11:30:00,79.3050400000,80.2864398700,79.2257349600,80.0386116200,444708
2023-05-08 13:30:00,80.0881772700,81.8229750200,79.9890459700,81.7932356300,1683364
2023-05-08 14:00:00,81.7833225000,82.9530718400,81.7833225000,82.6655910700,2350833
2023-05-08 14:30:00,82.6556779400,84.5589989000,82.5763729000,84.4796938600,3057765
2023-05-08 15:00:00,84.4896069900,84.4896069900,83.7758616300,83.8353404100,1637674
2023-05-09 10:00:00,83.6469909400,85.0447422700,82.4871547300,84.7572615000,3430393
2023-05-09 10:30:00,84.7572615000,86.1252734400,84.6581302000,85.6494432000,2651525
2023-05-09 11:00:00,85.7386613700,85.7783138900,84.7374352400,84.7473483700,921000
2023-05-09 11:30:00,84.7473483700,84.7473483700,84.1525605700,84.3607363000,721070
2023-05-09 13:30:00,84.3805625600,84.4003888200,83.6866434600,83.9344717100,706340
2023-05-09 14:00:00,83.7758616300,84.2616050000,83.6668172000,84.1426474400,620800
2023-05-09 14:30:00,84.1426474400,84.8068271500,83.7163828500,84.6779564600,1020655
2023-05-09 15:00:00,84.6779564600,84.7176089800,84.1624737000,84.3012575200,1143937
2023-05-10 10:00:00,84.6977827200,88.1178125700,84.6977827200,85.0546554000,4622008
2023-05-10 10:30:00,85.0546554000,85.6593563300,84.1327343100,84.7572615000,1674810
2023-05-10 11:00:00,84.7572615000,85.6890957200,84.6085645500,84.7770877600,876054
2023-05-10 11:30:00,84.7671746300,85.6296169400,84.6581302000,85.5007462500,541500
2023-05-10 13:30:00,85.5106593800,86.9183238400,85.5106593800,86.0261421400,985900
2023-05-10 14:00:00,86.0360552700,86.4424936000,85.2628311300,86.2838835200,846356
2023-05-10 14:30:00,86.2739703900,86.8291056700,86.0360552700,86.1550128300,1113335
2023-05-10 15:00:00,86.1550128300,86.9877157500,86.0757077900,86.6110168100,1333207
2023-05-11 10:00:00,91.2007960000,93.0743775700,89.0099942700,91.5973212000,8852180
2023-05-11 10:30:00,91.5973212000,91.5973212000,89.9715678800,90.6357475900,1530000
2023-05-11 11:00:00,90.6159213300,90.7547051500,90.2392223900,90.5068769000,609796
2023-05-11 11:30:00,90.5068769000,90.8736627100,90.1103517000,90.1103517000,645965
2023-05-11 13:30:00,90.1896567400,90.6754001100,89.3173013000,89.6146952000,881917
2023-05-11 14:00:00,89.6146952000,89.9120891000,88.7225135000,88.7522528900,819600
2023-05-11 14:30:00,88.7324266300,89.4461719900,88.2268570000,88.8216448000,938200
2023-05-11 15:00:00,88.9009498400,89.4362588600,88.4845983800,88.5242509000,1000283
2023-05-12 10:00:00,88.1178125700,89.9319153600,86.6308430700,89.4164326000,3420377
2023-05-12 10:30:00,89.4659982500,89.9517416200,88.2565963900,88.5440771600,1335191
2023-05-12 11:00:00,88.5341640300,89.6345214600,87.9889418800,89.6345214600,1019309
2023-05-12 11:30:00,89.6840871100,90.0905254400,89.1487780900,89.2181700000,847207
2023-05-12 13:30:00,89.2181700000,89.2181700000,88.2268570000,88.4052933400,559396
2023-05-12 14:00:00,88.4052933400,88.6630347200,88.1078994400,88.3259883000,424924
2023-05-12 14:30:00,88.3259883000,89.0694730500,88.1872044800,88.5440771600,478465
2023-05-12 15:00:00,88.5440771600,89.6940002400,88.2367701300,88.8513841900,1157127
2023-05-15 10:00:00,91.7460181500,92.8562887100,89.2875619100,90.6258344600,6921881
2023-05-15 10:30:00,90.6952263700,91.1016647000,90.2094830000,90.9232283600,1005355
2023-05-15 11:00:00,90.9232283600,90.9529677500,90.4969637700,90.7646182800,544900
2023-05-15 11:30:00,90.7547051500,91.0223596600,90.2094830000,90.6754001100,606088
2023-05-15 13:30:00,90.6853132400,90.7051395000,89.8129578000,90.3383536900,577000
2023-05-15 14:00:00,90.3185274300,90.8934889700,90.3185274300,90.7150526300,439143
2023-05-15 14:30:00,90.7150526300,90.8934889700,90.1004385700,90.8934889700,608380
2023-05-15 15:00:00,90.8934889700,91.3693192100,90.8934889700,91.3693192100,1333883
2023-05-16 10:00:00,91.3693192100,91.9938464000,87.7312005000,89.0000811400,3942906
2023-05-16 10:30:00,89.0595599200,89.2776487800,87.9096368400,88.3557276900,1134172
2023-05-16 11:00:00,88.3755539500,89.2181700000,87.9492893600,87.9492893600,845600
2023-05-16 11:30:00,87.9889418800,88.4152064700,87.7312005000,88.0385075300,788758
2023-05-16 13:30:00,88.0385075300,88.5936428100,87.5329379000,87.8600711900,905600
2023-05-16 14:00:00,88.0583337900,88.0583337900,87.5131116400,87.7014611100,442198
2023-05-16 14:30:00,87.6915479800,88.3061620400,87.5428510300,87.5725904200,485802
2023-05-16 15:00:00,87.5428510300,87.5527641600,86.6209299400,86.6209299400,1481086
2023-05-17 10:00:00,85.6692694600,88.4945115100,85.5602250300,87.9988550100,2460271
2023-05-17 10:30:00,87.9195499700,90.5762688100,87.7708530200,89.1388649600,2560860
2023-05-17 11:00:00,89.1190387000,89.3173013000,88.5539902900,88.7225135000,541497
2023-05-17 11:30:00,88.7225135000,88.7720791500,87.9294631000,88.0285944000,516600
2023-05-17 13:30:00,88.0285944000,88.2070307400,87.1066733100,87.1165864400,598225
2023-05-17 14:00:00,87.1165864400,87.7212873700,87.0372814000,87.0670207900,447266
2023-05-17 14:30:00,87.0571076600,87.5428510300,87.0571076600,87.3148490400,387607
2023-05-17 15:00:00,87.2950227800,87.5626772900,86.8390188000,87.5131116400,909179
2023-05-18 10:00:00,88.0285944000,89.5155639000,87.1165864400,87.8105055400,1951175
2023-05-18 10:30:00,87.8303318000,88.9505154900,87.7708530200,88.5738165500,936143
2023-05-18 11:00:00,88.5539902900,89.8625234500,88.3259883000,89.8526103200,1347390
2023-05-18 11:30:00,89.8625234500,91.3990586000,88.6035559400,91.1512303500,2340440
2023-05-18 13:30:00,91.2206222600,92.4101978600,90.8340101900,90.9034021000,2439405
2023-05-18 14:00:00,90.8637495800,91.1115778300,90.0112204000,90.2193961300,997528
2023-05-18 14:30:00,90.2293092600,90.8340101900,90.2193961300,90.7348788900,568846
2023-05-18 15:00:00,90.7447920200,90.9034021000,90.4077456000,90.5068769000,1081836
2023-05-19 10:00:00,89.2181700000,92.4895029000,88.5242509000,92.3110665600,5344009
2023-05-19 10:30:00,92.3110665600,92.3209796900,90.0112204000,90.4969637700,1459602
2023-05-19 11:00:00,90.4969637700,90.5267031600,89.4362588600,90.1103517000,1018136
2023-05-19 11:30:00,90.1103517000,90.3780062100,89.3966063400,89.7733052800,530700
2023-05-19 13:30:00,89.8327840600,89.8526103200,89.2280831300,89.3866932100,602578
2023-05-19 14:00:00,89.3767800800,90.2987011700,89.1289518300,89.7039133700,499093
2023-05-19 14:30:00,89.7039133700,89.7435658900,89.1289518300,89.2677356500,587107
2023-05-19 15:00:00,89.2776487800,89.4659982500,89.1388649600,89.1884306100,901996
2023-05-22 10:00:00,89.4164326000,89.7931315400,87.6419823300,87.8997237100,2132459
2023-05-22 10:30:00,87.9195499700,88.1078994400,87.0372814000,87.8005924100,1604923
2023-05-22 11:00:00,87.8005924100,88.1872044800,87.3346753000,87.3346753000,584485
2023-05-22 11:30:00,87.3346753000,87.6320692000,87.1463258300,87.2553702600,517196
2023-05-22 13:30:00,87.3148490400,87.4932853800,87.0372814000,87.1264995700,536600
2023-05-22 14:00:00,87.1264995700,87.1661520900,86.6903218500,86.9084107100,654001
2023-05-22 14:30:00,86.9084107100,87.5626772900,86.9084107100,87.2950227800,430710
2023-05-22 15:00:00,87.2652833900,87.4833722500,87.2355440000,87.4139803400,494740
2023-05-23 10:00:00,87.2454571300,87.4040672100,85.7089219800,85.7882270200,1670311
2023-05-23 10:30:00,85.8080532800,86.0459684000,85.2628311300,85.6692694600,1510711
2023-05-23 11:00:00,85.6692694600,85.6990088500,84.8068271500,84.9059584500,1539943
2023-05-23 11:30:00,84.9257847100,85.1934392200,84.5391726400,84.8960453200,982445
2023-05-23 13:30:00,84.8663059300,84.9555241000,83.8749929300,84.2021262200,1409597
2023-05-23 14:00:00,84.2021262200,84.3508231700,83.9741242300,84.1029949200,850591
2023-05-23 14:30:00,84.1129080500,84.2417787400,83.7758616300,83.8650798000,962527
2023-05-23 15:00:00,83.8948191900,84.0534292700,83.3892495600,83.4388152100,1502909
2023-05-24 10:00:00,83.2405526100,84.4598676000,82.8737668000,83.8353404100,1677977
2023-05-24 10:30:00,83.8353404100,84.3210837800,83.5974252900,83.8353404100,636076
2023-05-24 11:00:00,83.8254272800,83.8749929300,83.4090758200,83.7262959800,723398
2023-05-24 11:30:00,83.7857747600,84.1525605700,83.7064697200,84.0534292700,527800
2023-05-24 13:30:00,84.0633424000,84.7275221100,83.8254272800,83.8551666700,917700
2023-05-24 14:00:00,83.8452535400,84.0831686600,83.6370778100,83.9344717100,465400
2023-05-24 14:30:00,83.9443848400,84.2120393500,83.7758616300,83.7758616300,379628
2023-05-24 15:00:00,83.8650798000,83.8650798000,83.2603788700,83.3694233000,807417
2023-05-25 10:00:00,84.2616050000,84.9555241000,84.0633424000,84.1029949200,1444435
2023-05-25 10:30:00,84.1029949200,84.2219524800,83.4487283400,83.6271646800,524200
2023-05-25 11:00:00,83.5974252900,83.6271646800,82.3384577800,82.4177628200,956132
2023-05-25 11:30:00,82.4177628200,82.6755042000,82.0807164000,82.3781103000,781300
2023-05-25 13:30:00,82.2789790000,82.5961991600,82.1302820500,82.1600214400,425855
2023-05-25 14:00:00,82.1798477000,82.1798477000,81.7634962400,81.8527144100,580172
2023-05-25 14:30:00,81.8527144100,82.6061122900,81.6841912000,82.2789790000,575502
2023-05-25 15:00:00,82.2789790000,82.8440274100,82.1600214400,82.7647223700,610498
2023-05-26 10:00:00,83.0819425300,83.2009000900,81.6841912000,81.9617588400,1310011
2023-05-26 10:30:00,81.9617588400,82.3781103000,81.5057548600,81.6544518100,959524
2023-05-26 11:00:00,81.6544518100,82.0410638800,81.5652336400,81.8725406700,404000
2023-05-26 11:30:00,81.9121931900,82.2789790000,81.6643649400,82.2789790000,242700
2023-05-26 13:30:00,82.3681971700,83.0819425300,82.3681971700,82.9728981000,571110
2023-05-26 14:00:00,82.9233324500,83.1711607000,82.7250698500,82.7250698500,423625
2023-05-26 14:30:00,82.7647223700,82.8836799300,82.5168941200,82.6655910700,401083
2023-05-26 15:00:00,82.6556779400,82.8935930600,82.6556779400,82.7250698500,612400
2023-05-29 10:00:00,84.7176089800,88.5341640300,84.6482170700,88.5242509000,7168756
2023-05-29 10:30:00,88.5143377700,91.5279292900,88.5143377700,90.4077456000,5853429
2023-05-29 11:00:00,90.4077456000,95.0570035700,90.1797436100,93.4510765100,4923636
2023-05-29 11:30:00,93.4510765100,93.6989047600,92.3110665600,92.5886342000,1602180
2023-05-29 13:30:00,92.6084604600,92.8463755800,91.2503616500,91.6171474600,1385445
2023-05-29 14:00:00,91.5973212000,92.1128039600,90.8042708000,90.9232283600,958035
2023-05-29 14:30:00,90.9232283600,91.8253231900,90.7447920200,91.6468868500,1402900
2023-05-29 15:00:00,91.6369737200,91.7955838000,91.1115778300,91.4783636400,1814540
2023-05-30 10:00:00,90.2094830000,90.8340101900,88.9207761000,89.2974750400,4722984
2023-05-30 10:30:00,89.2974750400,90.0112204000,88.2268570000,88.3359014300,2361700
2023-05-30 11:00:00,88.4350327300,89.3966063400,88.3458145600,89.0298205300,1169200
2023-05-30 11:30:00,89.0298205300,89.5155639000,89.0298205300,89.2479093900,634060
2023-05-30 13:30:00,89.2379962600,89.2479093900,88.6035559400,88.9901680100,661700
2023-05-30 14:00:00,89.0199074000,89.5948689400,88.7026872400,89.3966063400,941794
2023-05-30 14:30:00,89.3966063400,90.7051395000,89.3470406900,90.5068769000,1692200
2023-05-30 15:00:00,90.5167900300,90.8240970600,90.3383536900,90.6853132400,1604111
2023-05-31 10:00:00,94.7596096700,97.0495427000,94.7596096700,96.7521488000,11504592
2023-05-31 10:30:00,96.8017144500,98.0408557000,95.4832681600,95.6121388500,4603039
2023-05-31 11:00:00,95.6220519800,96.8810194900,94.9182197500,96.8512801000,2239923
2023-05-31 11:30:00,96.8512801000,97.3965022500,95.8599671000,96.5637993300,1254920
2023-05-31 13:30:00,96.6034518500,96.6034518500,95.3444843400,95.6121388500,974427
2023-05-31 14:00:00,95.6121388500,96.0582297000,94.9677854000,95.7410095400,1154107
2023-05-31 14:30:00,95.7410095400,96.2069266500,95.5130075500,96.2069266500,1012100
2023-05-31 15:00:00,96.2366660400,97.2973709500,96.2069266500,96.9504114000,3107500
2023-06-01 10:00:00,94.1747350000,99.3791282500,93.8971673600,98.0309425700,8395212
2023-06-01 10:30:00,98.0309425700,98.0309425700,95.9392721400,95.9392721400,2917248
2023-06-01 11:00:00,95.9690115300,97.2081527800,95.9293590100,96.2763185600,1275308
2023-06-01 11:30:00,96.2763185600,97.1486740000,96.2763185600,97.1486740000,586036
2023-06-01 13:30:00,97.2478053000,99.0519949600,97.2478053000,98.6158172400,2330723
2023-06-01 14:00:00,98.6158172400,99.1213868700,97.8425931000,98.5365122000,1932960
2023-06-01 14:30:00,98.5365122000,98.7942535800,97.7930274500,98.4274677700,1377515
2023-06-01 15:00:00,98.4770334200,99.1213868700,98.3481627300,98.7546010600,2397795
2023-06-02 10:00:00,99.1313000000,104.4744770700,98.7546010600,103.8896024000,9410750
2023-06-02 10:30:00,103.9589943100,103.9589943100,100.7471401900,100.9850553100,4615788
2023-06-02 11:00:00,100.9949684400,101.0147947000,100.2812230800,100.7768795800,1504264
2023-06-02 11:30:00,100.7768795800,100.7768795800,99.4286939000,99.7855665800,1092285
2023-06-02 13:30:00,99.8053928400,100.4200069000,99.7360009300,99.9838291800,816276
2023-06-02 14:00:00,99.9838291800,100.5786169800,99.9739160500,100.0234817000,673288
2023-06-02 14:30:00,100.0333948300,100.1622655200,99.3493888600,99.5773908500,1427600
2023-06-02 15:00:00,99.5773908500,100.1920049100,99.1511262600,99.8252191000,2157345
2023-06-05 10:00:00,98.6356435000,101.4608855500,98.0805082200,100.5191382000,5015808
2023-06-05 10:30:00,100.4993119400,101.1337522600,100.0433079600,100.1126998700,1502891
2023-06-05 11:00:00,100.1126998700,100.1126998700,98.7347748000,99.5873039800,1458430
2023-06-05 11:30:00,99.5873039800,99.6269565000,98.8834717500,99.4286939000,562720
2023-06-05 13:30:00,99.1610393900,99.6170433700,98.8140798400,99.5773908500,639700
2023-06-05 14:00:00,99.5278252000,99.5873039800,98.9330374000,99.4386070300,743400
2023-06-05 14:30:00,99.4584332900,99.5575645900,99.0321687000,99.1412131300,698122
2023-06-05 15:00:00,99.1412131300,99.2998232100,98.6356435000,98.9032980100,1580103
2023-06-06 10:00:00,98.4175546400,98.9826030500,95.8599671000,96.0582297000,4242354
2023-06-06 10:30:00,96.0483165700,96.4646680300,95.0570035700,95.5625732000,2205140
2023-06-06 11:00:00,95.5526600700,95.5923125900,94.7596096700,95.2057005200,1795848
2023-06-06 11:30:00,95.2255267800,95.3543974700,94.3729976000,94.9479591400,1222000
2023-06-06 13:30:00,94.9479591400,95.2453530400,94.2936925600,94.4622157700,1127761
2023-06-06 14:00:00,94.4622157700,94.7695228000,93.9764724000,94.0557774400,1751201
2023-06-06 14:30:00,94.0656905700,94.2738663000,93.5700340700,93.5898603300,1387459
2023-06-06 15:00:00,93.5997734600,93.6790785000,93.0644644400,93.3122926900,1987491
2023-06-07 10:00:00,94.1945612600,95.4337025100,92.7075917600,94.6803046300,3526425
2023-06-07 10:30:00,94.7397834100,94.9776985300,93.9269067500,94.2936925600,1356300
2023-06-07 11:00:00,94.3036056900,94.8190884500,94.1152562200,94.6307389800,1085345
2023-06-07 11:30:00,94.5910864600,94.7596096700,94.1350824800,94.5613470700,658600
2023-06-07 13:30:00,94.6208258500,95.0470904400,94.3234319500,94.3928238600,783800
2023-06-07 14:00:00,94.4622157700,94.6505652400,94.2342137800,94.5316076800,590300
2023-06-07 14:30:00,94.5316076800,94.6109127200,93.3816846000,93.3915977300,771000
2023-06-07 15:00:00,93.4510765100,93.6691653700,93.3618583400,93.5997734600,780060
2023-06-08 10:00:00,97.1387608700,99.3097363400,94.6703915000,95.7112701500,6305705
2023-06-08 10:30:00,95.7310964100,96.0284903100,94.4324763800,94.5216945500,1344049
2023-06-08 11:00:00,94.5117814200,94.5216945500,93.5402946800,93.5402946800,1212485
2023-06-08 11:30:00,93.5402946800,95.4337025100,93.4907290300,95.3643106000,792354
2023-06-08 13:30:00,95.4931812900,95.5823994600,94.6703915000,95.2156136500,1088026
2023-06-08 14:00:00,95.1561348700,95.3246580800,94.3234319500,94.4027369900,600702
2023-06-08 14:30:00,94.4027369900,94.6406521100,94.2243006500,94.4324763800,355700
2023-06-08 15:00:00,94.4225632500,94.6307389800,94.1945612600,94.4919551600,796930
2023-06-09 10:00:00,95.4337025100,95.5130075500,92.8761149700,94.4820420300,2900427
2023-06-09 10:30:00,94.4324763800,94.6505652400,92.3011534300,92.3209796900,1657800
2023-06-09 11:00:00,92.3011534300,92.7472442800,91.9641070100,92.4002847300,1330800
2023-06-09 11:30:00,92.5588948100,92.9851594000,92.2119352600,92.7968099300,568002
2023-06-09 13:30:00,92.9157674900,94.4919551600,92.8959412300,93.8079491900,948994
2023-06-09 14:00:00,93.8773411000,95.4237893800,93.5402946800,94.8686541000,1097768
2023-06-09 14:30:00,94.9380460100,95.8698802300,94.7893490600,95.6617045000,1464669
2023-06-09 15:00:00,95.6617045000,96.7025831500,95.6617045000,96.4250155100,2332738
2023-06-12 10:00:00,98.3481627300,102.6008955000,97.8525062300,101.7384531900,8956705
2023-06-12 10:30:00,101.7186269300,105.3765719000,101.2328835600,104.7817841000,7532557
2023-06-12 11:00:00,104.7718709700,104.9007416600,103.6219478900,104.9007416600,2536714
2023-06-12 11:30:00,104.9007416600,105.3765719000,103.5029903300,103.7508185800,1574320
2023-06-12 13:30:00,103.7508185800,104.0779518700,102.5017642000,102.6008955000,1547300
2023-06-12 14:00:00,102.6504611500,103.1064651300,102.2638490800,102.5711561100,1174700
2023-06-12 14:30:00,102.5513298500,102.6306348900,101.8970632700,102.0556733500,1556903
2023-06-12 15:00:00,102.0358470900,103.2452489500,102.0358470900,102.9775944400,1781192
2023-06-13 10:00:00,102.9478550500,104.2861276000,101.6194956300,102.7495924500,4864346
2023-06-13 10:30:00,102.7495924500,103.7607317100,102.1052390000,103.0965520000,2140719
2023-06-13 11:00:00,102.8982894000,103.9589943100,102.8982894000,103.9490811800,1171305
2023-06-13 11:30:00,103.9589943100,104.9800467000,103.1956833000,104.9701335700,1756597
2023-06-13 13:30:00,105.2675274700,105.2774406000,104.1572569100,104.6330871500,2183186
2023-06-13 14:00:00,104.6430002800,105.7334445800,104.5934346300,105.3369193800,2034367
2023-06-13 14:30:00,105.3369193800,105.3369193800,104.2365619500,104.4149982900,1852949
2023-06-13 15:00:00,104.3951720300,104.8610891400,104.0878650000,104.2464750800,1614400
2023-06-14 10:00:00,104.0878650000,105.4558769400,102.0061077000,102.1052390000,3671772
2023-06-14 10:30:00,102.1448915200,102.3035016000,101.6294087600,101.9862814400,1717696
2023-06-14 11:00:00,101.9862814400,102.2043703000,101.7384531900,102.1548046500,667336
2023-06-14 11:30:00,102.1349783900,103.0370732200,102.1349783900,103.0370732200,553161
2023-06-14 13:30:00,103.0271600900,104.3654326400,102.1052390000,103.6913398000,1206930
2023-06-14 14:00:00,103.5327297200,103.6120347600,102.9577681800,103.2749883400,673200
2023-06-14 14:30:00,103.2749883400,103.8896024000,103.1163782600,103.6219478900,698170
2023-06-14 15:00:00,103.6417741500,103.6715135400,102.9775944400,103.0767257400,1147840
2023-06-15 10:00:00,103.0668126100,106.8635414000,102.9676813100,105.9614465700,4469312
2023-06-15 10:30:00,105.9713597000,106.1795354300,104.6826528000,104.9503073100,1948924
2023-06-15 11:00:00,104.9503073100,105.2675274700,104.2861276000,104.9304810500,1136590
2023-06-15 11:30:00,105.0097860900,105.0097860900,103.6021216300,103.9887337000,787111
2023-06-15 13:30:00,103.9193417900,103.9887337000,102.7000268000,102.9181156600,1257386
2023-06-15 14:00:00,102.8883762700,103.7210791900,102.5909823700,102.9280287900,1018748
2023-06-15 14:30:00,103.0172469600,103.4038590300,102.8288974900,103.0668126100,794900
2023-06-15 15:00:00,103.0767257400,103.1758570400,102.5315035900,102.9478550500,1357770
2023-06-16 10:00:00,101.4311461600,101.6789744100,99.8549584900,100.4398331600,4426497
2023-06-16 10:30:00,100.3407018600,100.3506149900,99.1313000000,99.8648716200,3314667
2023-06-16 11:00:00,99.8351322300,101.6194956300,99.6269565000,101.6194956300,1459632
2023-06-16 11:30:00,101.6690612800,105.9614465700,101.4212330300,104.8511760100,2931753
2023-06-16 13:30:00,105.8722284000,109.7383491000,105.5351819800,107.7854624900,5336272
2023-06-16 14:00:00,107.7656362300,109.2030400800,106.8932807900,107.0122383500,2179780
2023-06-16 14:30:00,107.0221514800,107.1609353000,106.5264949800,107.0618040000,820599
2023-06-16 15:00:00,107.0618040000,107.0618040000,106.5562343700,106.6950181900,1226968
2023-06-19 10:00:00,109.6986965800,114.4768252400,108.5091209800,108.6479048000,13926386
2023-06-19 10:30:00,108.6479048000,110.3926156800,108.2513796000,110.2736581200,2433693
2023-06-19 11:00:00,110.2141793400,111.9688033500,110.1249611700,111.6813225800,2347591
2023-06-19 11:30:00,111.6614963200,112.0183690000,110.9080984400,111.0567953900,1664374
2023-06-19 13:30:00,111.0369691300,111.2253186000,109.1733006900,109.5103471100,1324092
2023-06-19 14:00:00,109.5103471100,110.0952217800,108.7470361000,109.0444300000,1403550
2023-06-19 14:30:00,109.0345168700,110.4025288100,108.8759067900,110.0357430000,1014514
2023-06-19 15:00:00,110.0060036100,110.9080984400,109.6293046700,110.3331369000,1746300
2023-06-20 10:00:00,108.3306846400,110.9973166100,107.3393716400,110.6900095800,4036817
2023-06-20 10:30:00,110.6305308000,111.3641024200,108.7866886200,109.0444300000,1752748
2023-06-20 11:00:00,109.0444300000,109.6491309300,107.9539857000,109.1039087800,1158333
2023-06-20 11:30:00,109.1435613000,111.0270560000,108.9651249600,110.9180115700,1230911
2023-06-20 13:30:00,110.8684459200,111.0270560000,108.9155593100,110.8882721800,1358180
2023-06-20 14:00:00,110.8882721800,111.8201064000,110.5908782800,110.9180115700,1705817
2023-06-20 14:30:00,111.0270560000,111.1559266900,110.4124419400,110.6107045400,955600
2023-06-20 15:00:00,110.6107045400,110.8188802700,110.0853086500,110.8188802700,1295682
2023-06-21 10:00:00,110.3827025500,110.8783590500,107.8647675300,108.1324220400,2973890
2023-06-21 10:30:00,108.0828563900,108.1324220400,105.6739658000,107.6764180600,2374084
2023-06-21 11:00:00,107.7259837100,109.3418239000,107.3691110300,108.0332907400,1289564
2023-06-21 11:30:00,108.0332907400,108.3505109000,107.5574605000,107.8548544000,611382
2023-06-21 13:30:00,107.8548544000,108.2018139500,107.0618040000,107.2600666000,832527
2023-06-21 14:00:00,107.2501534700,107.7259837100,106.5859737600,106.6058000200,774500
2023-06-21 14:30:00,106.6553656700,106.9626727000,105.9515334400,106.5165818500,1350500
2023-06-21 15:00:00,106.5066687200,106.5066687200,105.7730971000,105.7730971000,1623647
2023-06-26 10:00:00,104.0680387400,109.0246037400,103.8102973600,105.8722284000,4082633
2023-06-26 10:30:00,105.8424890100,106.5463212400,104.3951720300,104.3951720300,1956957
2023-06-26 11:00:00,104.3654326400,105.1683961700,103.9887337000,104.4943033300,1220388
2023-06-26 11:30:00,104.5042164600,105.5550082400,104.4843902000,105.0196992200,768800
2023-06-26 13:30:00,105.0196992200,105.0196992200,103.2948146000,103.4633378100,835950
2023-06-26 14:00:00,103.4633378100,103.8400367500,102.1052390000,102.3035016000,1462101
2023-06-26 14:30:00,102.2836753400,102.8982894000,101.1139260000,102.0160208300,1710639
2023-06-26 15:00:00,101.9466289200,102.2638490800,101.4707986800,101.8078451000,1078179
2023-06-27 10:00:00,102.1250652600,102.9775944400,100.6281826300,101.1139260000,2355067
2023-06-27 10:30:00,101.1139260000,104.0779518700,100.8760108800,104.0680387400,1895337
2023-06-27 11:00:00,104.0184730900,104.0878650000,102.7595055800,102.7595055800,756100
2023-06-27 11:30:00,102.7495924500,103.9094286600,102.2043703000,103.8598630100,647300
2023-06-27 13:30:00,103.9094286600,103.9689074400,102.8487237500,102.8487237500,655300
2023-06-27 14:00:00,102.8388106200,103.2948146000,102.6008955000,102.9974207000,435900
2023-06-27 14:30:00,103.0073338300,103.4137721600,102.7793318400,102.8883762700,465430
2023-06-27 15:00:00,102.8685500100,103.3939459000,102.8288974900,103.3939459000,926025
2023-06-28 10:00:00,102.1052390000,102.1052390000,94.1152562200,94.2342137800,6954682
2023-06-28 10:30:00,94.2837794300,94.6902177600,92.4895029000,93.5799472000,4305991
2023-06-28 11:00:00,93.5502078100,93.6195997200,92.0037595300,92.6877655000,1970547
2023-06-28 11:30:00,92.6877655000,93.8178623200,92.4696766400,92.9157674900,874099
2023-06-28 13:30:00,92.5688079400,92.8463755800,91.6865393700,92.5688079400,1635052
2023-06-28 14:00:00,92.5688079400,94.6208258500,92.5688079400,93.8971673600,1770962
2023-06-28 14:30:00,93.9566461400,95.0173510500,93.9070804900,94.4225632500,923991
2023-06-28 15:00:00,94.4225632500,94.6902177600,94.0756037000,94.2837794300,1139945
2023-06-29 10:00:00,94.2639531700,95.5724863300,93.8575148400,95.4237893800,2828133
2023-06-29 10:30:00,95.4535287700,95.8599671000,94.8190884500,95.4436156400,1074606
2023-06-29 11:00:00,95.4436156400,95.5229206800,94.6803046300,95.1164823500,641137
2023-06-29 11:30:00,95.1164823500,95.1263954800,94.4919551600,95.0074379200,504899
2023-06-29 13:30:00,94.9281328800,97.6443305000,94.8785672300,96.2961448200,2178671
2023-06-29 14:00:00,96.2564923000,96.8314538400,95.4634419000,96.7124962800,1187621
2023-06-29 14:30:00,96.7124962800,97.4361547700,96.4944074200,96.5043205500,1042700
2023-06-29 15:00:00,96.4944074200,96.6926700200,96.1771872600,96.2168397800,847713
2023-06-30 10:00:00,95.9590984000,95.9590984000,93.7980360600,94.2342137800,2320032
2023-06-30 10:30:00,94.2243006500,94.7496965400,93.4510765100,93.9665592700,1255319
2023-06-30 11:00:00,93.9665592700,94.6703915000,93.1140300900,93.2329876500,1375941
2023-06-30 11:30:00,93.2329876500,94.9182197500,92.6580261100,94.9182197500,1629698
2023-06-30 13:30:00,94.9182197500,96.0879690900,94.6703915000,96.0185771800,1291275
2023-06-30 14:00:00,95.9789246600,96.0185771800,95.0074379200,95.7211832800,860554
2023-06-30 14:30:00,95.6815307600,96.3655367300,95.2850055600,96.2069266500,1007921
2023-06-30 15:00:00,96.2069266500,96.2168397800,95.4337025100,95.5130075500,936645
2023-07-03 10:00:00,95.8104014500,99.2998232100,95.5724863300,97.0198033100,4293601
2023-07-03 10:30:00,97.0198033100,97.3469366000,96.0582297000,96.8512801000,1389634
2023-07-03 11:00:00,96.9107588800,97.5055466800,96.4646680300,97.4956335500,556432
2023-07-03 11:30:00,97.4658941600,97.9119850100,97.0098901800,97.5551123300,507608
2023-07-03 13:30:00,97.5749385900,97.6245042400,96.5637993300,97.0594558300,479159
2023-07-03 14:00:00,97.0594558300,97.0891952200,96.1672741300,96.2267529100,521159
2023-07-03 14:30:00,96.2267529100,97.0098901800,96.1077953500,96.9404982700,548537
2023-07-03 15:00:00,96.9603245300,97.3370234700,96.2763185600,96.7323225400,729822
2023-07-04 10:00:00,95.6617045000,100.5687038500,95.1660480000,99.7360009300,3889677
2023-07-04 10:30:00,99.7855665800,106.4670162000,99.6467827600,106.3084061200,5502052
2023-07-04 11:00:00,106.3084061200,107.1212827800,104.7520447100,107.0816302600,3595766
2023-07-04 11:30:00,107.1212827800,111.5623650200,106.7644101000,111.5028862400,3881871
2023-07-04 13:30:00,111.5028862400,111.5227125000,107.6565918000,107.7953756200,3560538
2023-07-04 14:00:00,107.7557231000,108.5388603700,107.0122383500,108.3207715100,1741185
2023-07-04 14:30:00,108.3207715100,108.5388603700,106.9428464400,108.4595553300,1464680
2023-07-04 15:00:00,108.4595553300,108.4595553300,107.4781554600,108.1026826500,1760710
2023-07-05 10:00:00,109.0840825200,110.0258298700,107.1113696500,108.3604240300,5657136
2023-07-05 10:30:00,108.3505109000,108.3901634200,106.9428464400,107.1609353000,1904200
2023-07-05 11:00:00,107.1510221700,107.7061574500,106.5760606300,106.6851050600,1090568
2023-07-05 11:30:00,106.6851050600,106.9230201800,106.0704910000,106.8040626200,910500
2023-07-05 13:30:00,106.8040626200,106.8338020100,105.4558769400,105.5847476300,1052530
2023-07-05 14:00:00,105.5847476300,105.8722284000,104.7123921900,104.7123921900,1468891
2023-07-05 14:30:00,104.7123921900,105.2675274700,103.7904711000,103.8598630100,1788667
2023-07-05 15:00:00,103.8499498800,104.0878650000,103.2749883400,103.8796892700,1904093
2023-07-06 10:00:00,102.8883762700,106.6950181900,102.3035016000,106.5958868900,4384470
2023-07-06 10:30:00,106.5661475000,106.5859737600,104.9304810500,106.0605778700,1715415
2023-07-06 11:00:00,105.9812728300,106.0605778700,104.3059538600,104.8313497500,1004605
2023-07-06 11:30:00,104.8313497500,105.3666587700,104.5636952400,104.7520447100,718700
2023-07-06 13:30:00,104.8710022700,105.4757032000,104.1572569100,104.7123921900,836118
2023-07-06 14:00:00,104.6330871500,104.8610891400,104.3356932500,104.5042164600,447865
2023-07-06 14:30:00,104.5042164600,104.7223053200,103.8697761400,104.5240427200,689404
2023-07-06 15:00:00,104.5240427200,104.9800467000,104.2762144700,104.7520447100,1551235
2023-07-07 10:00:00,103.9391680500,104.7520447100,99.6269565000,99.9640029200,4198908
2023-07-07 10:30:00,100.0135685700,100.3109624700,98.4770334200,100.1126998700,3207223
2023-07-07 11:00:00,100.1027867400,101.4608855500,99.8252191000,100.7867927100,1123882
2023-07-07 11:30:00,100.7867927100,101.5401905900,100.1226130000,100.5488775900,630236
2023-07-07 13:30:00,100.5488775900,101.3121886000,100.2415705600,100.6975745400,565878
2023-07-07 14:00:00,100.6975745400,101.5005380700,100.4200069000,100.5290513300,685800
2023-07-07 14:30:00,100.5191382000,100.5984432400,99.8252191000,100.4299200300,607412
2023-07-07 15:00:00,100.4596594200,100.7967058400,100.0631342200,100.2415705600,1084565
2023-07-10 10:00:00,101.1436653900,102.4026329000,100.3208756000,100.4497462900,3080703
2023-07-10 10:30:00,100.4497462900,100.9255765300,99.4088676400,99.6765221500,1259627
2023-07-10 11:00:00,99.6765221500,100.7867927100,99.6765221500,100.4200069000,664239
2023-07-10 11:30:00,100.4200069000,100.6182695000,99.8053928400,100.1226130000,507100
2023-07-10 13:30:00,100.1226130000,101.0841866100,99.9739160500,100.9057502700,739290
2023-07-10 14:00:00,100.9156634000,100.9156634000,99.8252191000,99.8549584900,481900
2023-07-10 14:30:00,99.8549584900,100.6182695000,99.7459140600,100.4993119400,468454
2023-07-10 15:00:00,100.4398331600,100.4497462900,99.8747847500,100.2415705600,751299
2023-07-11 10:00:00,99.6467827600,100.9057502700,98.5067728100,99.0024293100,2076415
2023-07-11 10:30:00,98.9627767900,99.6170433700,98.5265990700,98.6356435000,1238065
2023-07-11 11:00:00,98.6356435000,99.3791282500,97.9218981400,99.2205181700,1260099
2023-07-11 11:30:00,99.2006919100,102.6802005400,99.1313000000,102.5909823700,2061788
2023-07-11 13:30:00,102.5909823700,105.2377880800,102.0358470900,102.8982894000,3315386
2023-07-11 14:00:00,102.8982894000,104.5736083700,102.2638490800,104.0581256100,1644494
2023-07-11 14:30:00,104.0581256100,104.7817841000,103.4633378100,104.0977781300,1214107
2023-07-11 15:00:00,104.0878650000,104.2663013400,103.8896024000,104.1671700400,1114731
2023-07-12 10:00:00,104.1671700400,105.6937920600,103.4038590300,103.6715135400,3822448
2023-07-12 10:30:00,103.6715135400,103.8499498800,102.7793318400,102.9478550500,1445130
2023-07-12 11:00:00,102.9478550500,103.1262913900,102.3233278600,102.8586368800,738609
2023-07-12 11:30:00,102.8090712300,103.6516872800,102.5513298500,102.6405480200,513300
2023-07-12 13:30:00,102.6405480200,102.6603742800,101.4608855500,101.7087138000,941324
2023-07-12 14:00:00,101.7087138000,101.8871501400,100.6975745400,101.6888875400,998100
2023-07-12 14:30:00,101.6789744100,101.6789744100,100.3208756000,101.0346209600,859465
2023-07-12 15:00:00,101.0940997400,101.1139260000,100.1226130000,100.4200069000,1239460
2023-07-13 10:00:00,100.4497462900,101.1139260000,98.7347748000,99.5972171100,2665445
2023-07-13 10:30:00,99.5972171100,99.7558271900,98.8339061000,99.1213868700,1267212
2023-07-13 11:00:00,99.1511262600,99.1808656500,98.1796395200,98.2688576900,1904345
2023-07-13 11:30:00,98.2589445600,98.6158172400,97.2973709500,98.1598132600,1896642
2023-07-13 13:30:00,98.1499001300,99.7260878000,97.4956335500,99.6467827600,1713183
2023-07-13 14:00:00,99.6368696300,101.0445340900,98.7446879300,98.7942535800,1495200
2023-07-13 14:30:00,98.7942535800,99.7260878000,98.5166859400,99.1907787800,1055387
2023-07-13 15:00:00,99.1907787800,99.2006919100,98.4671202900,98.9330374000,1643076
2023-07-14 10:00:00,98.8339061000,99.9144372700,98.2490314300,99.6071302400,2620304
2023-07-14 10:30:00,99.5773908500,100.4596594200,99.1412131300,99.3989545100,1445629
2023-07-14 11:00:00,99.3989545100,99.4088676400,98.6158172400,98.8140798400,899810
2023-07-14 11:30:00,98.8140798400,99.4286939000,98.2589445600,99.1213868700,730027
2023-07-14 13:30:00,99.1213868700,99.4286939000,98.3382496000,98.4671202900,657986
2023-07-14 14:00:00,98.4671202900,98.7546010600,98.4472940300,98.4671202900,395912
2023-07-14 14:30:00,98.4770334200,99.0718212200,98.4671202900,98.9231242700,601979
2023-07-14 15:00:00,98.8438192300,99.2304313000,98.8339061000,99.2006919100,1049533
2023-07-17 10:00:00,98.1300738700,98.1300738700,96.1573610000,97.6938961500,2009593
2023-07-17 10:30:00,97.6839830200,98.0309425700,96.8611932300,97.4658941600,788300
2023-07-17 11:00:00,97.4658941600,97.4758072900,96.6331912400,96.9206720100,1015991
2023-07-17 11:30:00,96.9206720100,97.4163285100,96.9206720100,97.0594558300,542600
2023-07-17 13:30:00,97.0098901800,97.5848517200,96.9206720100,97.0098901800,597511
2023-07-17 14:00:00,96.9999770500,97.0891952200,96.4051892500,96.7620619300,784300
2023-07-17 14:30:00,96.7620619300,96.9603245300,96.2763185600,96.2961448200,520527
2023-07-17 15:00:00,96.2961448200,96.5836255900,96.2564923000,96.3952761200,1000265
2023-07-18 10:00:00,96.9504114000,98.0111163100,96.3357973400,97.2180659100,1358052
2023-07-18 10:30:00,97.2180659100,97.9912900500,96.7422356700,97.2478053000,962997
2023-07-18 11:00:00,97.3171972100,97.4758072900,96.8512801000,97.3171972100,480900
2023-07-18 11:30:00,97.3171972100,97.3965022500,96.8116275800,96.8314538400,358000
2023-07-18 13:30:00,96.8314538400,97.7434618000,96.8215407100,97.0594558300,565308
2023-07-18 14:00:00,97.0594558300,97.1486740000,96.7521488000,96.9206720100,427430
2023-07-18 14:30:00,96.9206720100,97.0991083500,96.6530175000,96.6827568900,358870
2023-07-18 15:00:00,96.6827568900,96.7025831500,96.3655367300,96.4547549000,724156
2023-07-19 10:00:00,97.4460679000,98.9032980100,96.6034518500,96.8711063600,2320115
2023-07-19 10:30:00,96.9206720100,97.7434618000,96.4745811600,97.5749385900,659045
2023-07-19 11:00:00,97.5749385900,98.0210294400,97.1486740000,97.5352860700,582800
2023-07-19 11:30:00,97.5352860700,97.8425931000,97.4559810300,97.4956335500,259301
2023-07-19 13:30:00,97.4956335500,97.6443305000,96.9504114000,97.0098901800,360520
2023-07-19 14:00:00,96.9999770500,97.7038092800,96.9305851400,97.6046779800,324552
2023-07-19 14:30:00,97.6046779800,98.1201607400,97.3965022500,97.5650254600,438620
2023-07-19 15:00:00,97.5749385900,97.6145911100,97.0991083500,97.2676315600,416103
2023-07-20 10:00:00,97.0495427000,97.1982396500,92.7670705400,93.8674279700,4011727
2023-07-20 10:30:00,93.8674279700,94.1648218700,93.3321189500,93.7782098000,955800
2023-07-20 11:00:00,93.7782098000,93.7782098000,93.1834220000,93.4015108600,539528
2023-07-20 11:30:00,93.4015108600,93.4114239900,92.8959412300,92.8959412300,622672
2023-07-20 13:30:00,92.9058543600,92.9256806200,91.8748888400,91.9442807500,2098896
2023-07-20 14:00:00,91.9442807500,92.1326302200,91.4882767700,91.5973212000,1449700
2023-07-20 14:30:00,91.5973212000,91.6964525000,91.0520990500,91.0818384400,1790100
2023-07-20 15:00:00,91.0818384400,91.1314040900,90.5366162900,90.7249657600,1798248
2023-07-21 10:00:00,90.4077456000,90.5960950700,89.0992124400,90.0806123100,1707995
2023-07-21 10:30:00,90.0806123100,90.3879193400,89.2181700000,89.7039133700,1032620
2023-07-21 11:00:00,89.7138265000,90.0706991800,89.4659982500,90.0112204000,343639
2023-07-21 11:30:00,90.0112204000,90.0112204000,89.2181700000,89.2181700000,547092
2023-07-21 13:30:00,89.2280831300,89.4957376400,88.3061620400,88.4350327300,1318061
2023-07-21 14:00:00,88.4350327300,88.9009498400,87.8501580600,88.8513841900,1819012
2023-07-21 14:30:00,88.8811235800,89.0892993100,88.4548589900,88.5837296800,648222
2023-07-21 15:00:00,88.5837296800,88.9703417500,88.4548589900,88.8712104500,646020
2023-07-24 10:00:00,88.3458145600,89.7435658900,88.0285944000,89.0099942700,1356912
2023-07-24 10:30:00,89.0199074000,89.7237396300,88.7026872400,89.4362588600,1129579
2023-07-24 11:00:00,89.4263457300,89.4461719900,88.6927741100,88.7324266300,584700
2023-07-24 11:30:00,88.7423397600,88.9604286200,88.3061620400,88.6233822000,341400
2023-07-24 13:30:00,88.6432084600,89.0298205300,88.6432084600,89.0099942700,355294
2023-07-24 14:00:00,89.0099942700,89.2181700000,88.8414710600,88.9306892300,486600
2023-07-24 14:30:00,88.9306892300,89.0199074000,88.5837296800,88.5936428100,431900
2023-07-24 15:00:00,88.5936428100,88.6729478500,88.3061620400,88.6035559400,574661
2023-07-25 10:00:00,89.6642608500,90.4672243800,88.7423397600,89.0992124400,2378400
2023-07-25 10:30:00,89.0793861800,89.1190387000,88.5341640300,89.0298205300,992786
2023-07-25 11:00:00,89.0298205300,89.5750426800,88.7225135000,89.5750426800,1080900
2023-07-25 11:30:00,89.5651295500,90.1301779600,89.4164326000,89.9319153600,1140800
2023-07-25 13:30:00,89.9319153600,91.0322727900,89.6146952000,89.6345214600,1104385
2023-07-25 14:00:00,89.6345214600,89.8228709300,89.4560851200,89.6940002400,547428
2023-07-25 14:30:00,89.6940002400,89.9715678800,89.5453032900,89.6047820700,498500
2023-07-25 15:00:00,89.5849558100,89.8129578000,89.4065194700,89.7435658900,840739
2023-07-26 10:00:00,89.2181700000,89.2677356500,87.3049359100,87.8600711900,2145314
2023-07-26 10:30:00,87.8798974500,87.9691156200,87.3842409500,87.4139803400,966247
2023-07-26 11:00:00,87.3842409500,87.5626772900,87.0670207900,87.1859783500,1105000
2023-07-26 11:30:00,87.2058046100,87.6518954600,87.1760652200,87.4734591200,384014
2023-07-26 13:30:00,87.5230247700,87.9294631000,87.2553702600,87.9294631000,472894
2023-07-26 14:00:00,87.9294631000,87.9294631000,87.2355440000,87.7212873700,466400
2023-07-26 14:30:00,87.7212873700,88.0781600500,87.4139803400,87.4139803400,463500
2023-07-26 15:00:00,87.4139803400,87.5230247700,87.2355440000,87.4338066000,902459
2023-07-27 10:00:00,90.2094830000,91.6270605900,88.5837296800,89.3966063400,4330797
2023-07-27 10:30:00,89.3966063400,89.4362588600,88.4052933400,88.4251196000,896700
2023-07-27 11:00:00,88.4251196000,88.4449458600,87.6915479800,87.9988550100,969500
2023-07-27 11:30:00,87.9988550100,88.2070307400,87.7807661500,87.9790287500,425771
2023-07-27 13:30:00,87.9790287500,88.0979863100,87.5329379000,87.7113742400,455829
2023-07-27 14:00:00,87.7411136300,87.8303318000,87.3545015600,87.6122429400,340400
2023-07-27 14:30:00,87.6122429400,87.6816348500,87.3346753000,87.5329379000,448181
2023-07-27 15:00:00,87.5230247700,87.5924166800,87.1859783500,87.1859783500,1019083
2023-07-28 10:00:00,86.2343178700,87.0571076600,84.8563928000,86.5019723800,2434571
2023-07-28 10:30:00,86.5019723800,87.7212873700,85.9468371000,87.5329379000,930717
2023-07-28 11:00:00,87.5626772900,88.8612973200,87.3941540800,88.5539902900,1155800
2023-07-28 11:30:00,88.5539902900,89.0992124400,88.4251196000,88.8910367100,911110
2023-07-28 13:30:00,88.9009498400,89.0199074000,87.4437197300,87.6221560700,754562
2023-07-28 14:00:00,87.6221560700,88.4251196000,87.5626772900,88.3755539500,907100
2023-07-28 14:30:00,88.3557276900,88.4052933400,88.1277257000,88.1872044800,484500
2023-07-28 15:00:00,88.1277257000,88.3557276900,87.9096368400,88.2268570000,608381
2023-07-31 10:00:00,88.2268570000,89.7138265000,86.8786713200,88.9207761000,1891721
2023-07-31 10:30:00,88.9108629700,90.3780062100,88.7819922800,90.0211335300,1368993
2023-07-31 11:00:00,90.0112204000,90.0905254400,89.3966063400,89.8129578000,577000
2023-07-31 11:30:00,89.8129578000,89.8922628400,89.4560851200,89.5651295500,385732
2023-07-31 13:30:00,89.5651295500,89.9517416200,89.1388649600,89.6444345900,494400
2023-07-31 14:00:00,89.6246083300,89.6444345900,89.1884306100,89.2677356500,310200
2023-07-31 14:30:00,89.2677356500,89.2875619100,89.0694730500,89.1983437400,338500
2023-07-31 15:00:00,89.1785174800,89.7237396300,89.0694730500,89.5651295500,625751
2023-08-01 10:00:00,89.6047820700,89.6047820700,87.9988550100,88.1277257000,1660951
2023-08-01 10:30:00,88.1772913500,88.9406023600,87.5329379000,88.7225135000,1286981
2023-08-01 11:00:00,88.7423397600,89.1884306100,88.6630347200,88.7919054100,440034
2023-08-01 11:30:00,88.8315579300,89.1190387000,88.7720791500,88.9207761000,330200
2023-08-01 13:30:00,88.9207761000,89.0694730500,88.3160751700,88.4052933400,361923
2023-08-01 14:00:00,88.4052933400,88.4746852500,88.1178125700,88.1376388300,305793
2023-08-01 14:30:00,88.1772913500,88.5143377700,88.1078994400,88.4746852500,365600
2023-08-01 15:00:00,88.4647721200,88.5242509000,88.2764226500,88.5242509000,411017
2023-08-02 10:00:00,88.2565963900,88.8712104500,87.6122429400,88.3854670800,688984
2023-08-02 10:30:00,88.3755539500,88.8117316700,88.2268570000,88.5440771600,442100
2023-08-02 11:00:00,88.5440771600,89.2280831300,88.5440771600,88.8216448000,559603
2023-08-02 11:30:00,88.7720791500,88.8910367100,88.6332953300,88.7621660200,197973
2023-08-02 13:30:00,88.7621660200,88.8315579300,88.2764226500,88.6828609800,352566
2023-08-02 14:00:00,88.6729478500,88.8612973200,88.3259883000,88.5044246400,338839
2023-08-02 14:30:00,88.4548589900,88.6630347200,88.3061620400,88.4251196000,217000
2023-08-02 15:00:00,88.4350327300,88.5341640300,88.2268570000,88.5341640300,562729
2023-08-03 10:00:00,88.2268570000,88.9009498400,87.6023298100,88.3656408200,788474
2023-08-03 10:30:00,88.3656408200,88.4945115100,87.4734591200,88.0285944000,906127
2023-08-03 11:00:00,88.0285944000,88.2268570000,87.5329379000,87.6618085900,326300
2023-08-03 11:30:00,87.6618085900,88.1574650900,87.5626772900,88.0186812700,273400
2023-08-03 13:30:00,87.9889418800,88.2962489100,87.8402449300,88.1078994400,244749
2023-08-03 14:00:00,88.1078994400,88.2565963900,87.7014611100,87.7312005000,333500
2023-08-03 14:30:00,87.7014611100,87.9889418800,87.5626772900,87.7014611100,488800
2023-08-03 15:00:00,87.7014611100,87.8798974500,87.5527641600,87.7510267600,649844
2023-08-04 10:00:00,87.7312005000,88.9703417500,87.2355440000,88.3557276900,1531183
2023-08-04 10:30:00,88.3557276900,88.5738165500,87.6122429400,88.1178125700,713600
2023-08-04 11:00:00,88.1178125700,88.5242509000,87.7807661500,88.4647721200,409900
2023-08-04 11:30:00,88.4746852500,89.5056507700,88.2169438700,89.4461719900,1397419
2023-08-04 13:30:00,89.4362588600,89.5155639000,89.0298205300,89.4957376400,775800
2023-08-04 14:00:00,89.5056507700,90.2094830000,89.4957376400,89.6246083300,1045100
2023-08-04 14:30:00,89.6345214600,89.6642608500,89.0694730500,89.1983437400,668192
2023-08-04 15:00:00,89.2181700000,89.3272144300,89.1091255700,89.2776487800,716815
2023-08-07 10:00:00,89.5750426800,90.3482668200,88.9802548800,90.1103517000,2025790
2023-08-07 10:30:00,90.1103517000,91.0520990500,89.8129578000,90.2193961300,1903667
2023-08-07 11:00:00,90.2193961300,90.4870506400,90.0607860500,90.3086143000,532081
2023-08-07 11:30:00,90.3086143000,90.3581799500,90.1202648300,90.2689617800,278900
2023-08-07 13:30:00,90.2987011700,90.3185274300,89.8129578000,89.9120891000,435500
2023-08-07 14:00:00,89.9120891000,89.9220022300,89.6146952000,89.6444345900,434400
2023-08-07 14:30:00,89.6543477200,89.8030446700,89.4659982500,89.6642608500,512300
2023-08-07 15:00:00,89.6642608500,89.8327840600,89.5552164200,89.8129578000,606964
2023-08-08 10:00:00,89.5552164200,90.1500042200,89.2280831300,89.6047820700,943889
2023-08-08 10:30:00,89.6146952000,90.2293092600,89.2776487800,90.1103517000,728645
2023-08-08 11:00:00,90.0508729200,90.1797436100,89.5552164200,89.5651295500,389900
2023-08-08 11:30:00,89.5651295500,89.9913941400,89.4759113800,89.9120891000,163065
2023-08-08 13:30:00,89.9120891000,90.1103517000,89.7534790200,89.7633921500,214200
2023-08-08 14:00:00,89.7733052800,89.7733052800,89.4164326000,89.5651295500,289600
2023-08-08 14:30:00,89.5651295500,89.6047820700,89.2181700000,89.2379962600,540563
2023-08-08 15:00:00,89.2280831300,89.3569538200,89.0793861800,89.1983437400,583935
2023-08-09 10:00:00,89.1190387000,89.4065194700,88.2565963900,88.7225135000,827900
2023-08-09 10:30:00,88.7225135000,88.7225135000,87.2553702600,87.4139803400,1517700
2023-08-09 11:00:00,87.4139803400,87.7807661500,87.2454571300,87.3346753000,740500
2023-08-09 11:30:00,87.3346753000,87.4833722500,86.9877157500,86.9976288800,1120900
2023-08-09 13:30:00,87.0174551400,87.4338066000,86.9778026200,87.0372814000,408300
2023-08-09 14:00:00,87.1066733100,87.2355440000,86.8291056700,86.9183238400,605900
2023-08-09 14:30:00,86.9183238400,87.4833722500,86.9084107100,87.0670207900,353100
2023-08-09 15:00:00,87.0670207900,87.3148490400,87.0372814000,87.0868470500,426500
2023-08-10 10:00:00,87.0471945300,87.4338066000,86.6804087200,86.7597137600,947200
2023-08-10 10:30:00,86.7597137600,86.9183238400,86.0657946600,86.3532754300,1032800
2023-08-10 11:00:00,86.3532754300,86.5416249000,85.9964027500,85.9964027500,422200
2023-08-10 11:30:00,85.9864896200,86.2343178700,85.7584876300,86.1946653500,507600
2023-08-10 13:30:00,86.1946653500,86.5118855100,86.1054471800,86.2045784800,305200
2023-08-10 14:00:00,86.2045784800,86.4424936000,85.9270108400,86.0261421400,397500
2023-08-10 14:30:00,86.0261421400,86.9976288800,86.0063158800,86.8291056700,466100
2023-08-10 15:00:00,86.8291056700,86.9877157500,86.7597137600,86.8588450600,433500
2023-08-11 10:00:00,86.7398875000,87.2652833900,86.6704955900,86.8390188000,732200
2023-08-11 10:30:00,86.8390188000,87.0769339200,86.7002349800,86.9282369700,289700
2023-08-11 11:00:00,86.9282369700,86.9282369700,86.1649259600,86.2244047400,429800
2023-08-11 11:30:00,86.2244047400,86.4424936000,85.9468371000,86.3235360400,369200
2023-08-11 13:30:00,86.2937966500,86.3433623000,85.8377926700,85.9071845800,267200
2023-08-11 14:00:00,85.8972714500,85.9964027500,85.4610937300,85.5205725100,400800
2023-08-11 14:30:00,85.5205725100,85.6494432000,85.2727442600,85.2826573900,416700
2023-08-11 15:00:00,85.3024836500,85.3520493000,84.9555241000,84.9753503600,849600
2023-08-14 10:00:00,83.7659485000,84.5391726400,83.4189889500,84.3111706500,1331600
2023-08-14 10:30:00,84.4598676000,84.9356978400,84.2616050000,84.4697807300,514100
2023-08-14 11:00:00,84.4697807300,84.7076958500,84.3607363000,84.4896069900,274500
2023-08-14 11:30:00,84.4896069900,85.5007462500,84.1029949200,85.0843947900,609200
2023-08-14 13:30:00,85.0843947900,85.0843947900,84.4598676000,84.6878695900,215700
2023-08-14 14:00:00,84.6779564600,84.9356978400,84.5193463800,84.6977827200,232600
2023-08-14 14:30:00,84.6977827200,85.3223099100,84.4697807300,85.2430048700,523700
2023-08-14 15:00:00,85.2330917400,85.8278795400,85.1042210500,85.5998775500,631300
2023-08-15 10:00:00,85.7386613700,85.7386613700,84.2715181300,84.3706494300,874400
2023-08-15 10:30:00,84.3706494300,84.5193463800,82.9332455800,82.9332455800,1441400
2023-08-15 11:00:00,82.9332455800,83.4586414700,82.6457648100,83.3892495600,931700
2023-08-15 11:30:00,83.3892495600,83.7461222400,83.1909869600,83.2702920000,293500
2023-08-15 13:30:00,83.2603788700,83.2603788700,82.6755042000,82.7746355000,480300
2023-08-15 14:00:00,82.7944617600,83.4289020800,82.6358516800,82.9332455800,700100
2023-08-15 14:30:00,82.9332455800,83.5676859000,82.8836799300,83.2901182600,422200
2023-08-15 15:00:00,83.2901182600,83.3297707800,83.0323768800,83.1513344400,624300
2023-08-16 10:00:00,84.0236898800,84.6283908100,83.1513344400,83.2405526100,1558900
2023-08-16 10:30:00,83.2405526100,83.3595101700,82.6358516800,82.9035061900,918500
2023-08-16 11:00:00,82.9035061900,84.0038636200,82.8043748900,83.7262959800,764600
2023-08-16 11:30:00,83.6866434600,83.9840373600,83.2702920000,83.3793364300,401700
2023-08-16 13:30:00,83.3694233000,83.4388152100,82.7746355000,82.7845486300,365100
2023-08-16 14:00:00,82.7845486300,82.8539405400,81.9815851000,82.1996739600,983400
2023-08-16 14:30:00,82.1996739600,82.7250698500,81.7238437200,82.5367203800,708800
2023-08-16 15:00:00,82.5367203800,82.6160254200,81.8428012800,81.8725406700,721900
2023-08-17 10:00:00,81.7833225000,81.8328881500,80.8415751500,80.8415751500,1267000
2023-08-17 10:30:00,80.8415751500,81.8229750200,80.7920095000,81.5850599000,787600
2023-08-17 11:00:00,81.5850599000,82.4078496900,81.2777528700,82.2789790000,647800
2023-08-17 11:30:00,82.2789790000,82.7746355000,81.9815851000,82.5763729000,593900
2023-08-17 13:30:00,82.5565466400,82.5763729000,81.7932356300,81.8626275400,373700
2023-08-17 14:00:00,81.8626275400,81.8923669300,81.5156679900,81.6346255500,287900
2023-08-17 14:30:00,81.6346255500,82.4276759500,81.5354942500,82.1798477000,380800
2023-08-17 15:00:00,82.1798477000,82.3285446500,81.9617588400,82.0311507500,512300
2023-08-18 10:00:00,82.1104557900,82.2195002200,81.2876660000,81.3669710400,1216100
2023-08-18 10:30:00,81.3669710400,81.3669710400,80.9010539300,80.9010539300,735300
2023-08-18 11:00:00,80.9010539300,80.9605327100,80.3260923900,80.8118357600,691700
2023-08-18 11:30:00,80.8118357600,80.8118357600,80.1179166600,80.3161792600,778000
2023-08-18 13:30:00,80.2963530000,80.3260923900,79.8006965000,80.0386116200,773600
2023-08-18 14:00:00,80.0485247500,80.3954843000,79.9593065800,80.3360055200,476300
2023-08-18 14:30:00,80.3360055200,80.5342681200,80.0088722300,80.1873085700,407900
2023-08-18 15:00:00,80.1873085700,80.2963530000,79.7610439800,79.7709571100,780000
2023-08-21 10:00:00,79.3149531300,80.3062661300,79.2257349600,79.6519995500,1193900
2023-08-21 10:30:00,79.6519995500,80.1773954400,79.1860824400,79.9989591000,686600
2023-08-21 11:00:00,79.9493934500,79.9593065800,79.5231288600,79.6321732900,271100
2023-08-21 11:30:00,79.7015652000,79.9593065800,79.5330419900,79.8304358900,232800
2023-08-21 13:30:00,79.9791328400,80.7920095000,79.8899146700,80.1179166600,669500
2023-08-21 14:00:00,80.1278297900,80.3260923900,79.9593065800,80.1476560500,237300
2023-08-21 14:30:00,80.1476560500,80.2269610900,80.0286984900,80.0386116200,225800
2023-08-21 15:00:00,80.0386116200,80.0386116200,79.6024339000,79.6916520700,465500
2023-08-22 10:00:00,80.2963530000,80.7424438500,79.5132157300,79.6817389400,962100
2023-08-22 10:30:00,79.6817389400,80.0881772700,79.3347793900,79.7907833700,598500
2023-08-22 11:00:00,79.7907833700,80.1476560500,79.1067774000,79.1166905300,646600
2023-08-22 11:30:00,79.1166905300,79.1166905300,78.1947694400,78.3533795200,1179800
2023-08-22 13:30:00,78.3236401300,78.7102522000,77.5702422500,77.6495472900,1330400
2023-08-22 14:00:00,77.6495472900,77.6991129400,77.2232827000,77.6198079000,1063100
2023-08-22 14:30:00,77.6396341600,79.8700884100,77.6396341600,79.8502621500,1283100
2023-08-22 15:00:00,79.8502621500,80.1575691800,79.5528682500,80.0584378800,912200
2023-08-23 10:00:00,79.9097409300,79.9097409300,77.9172018000,78.4425976900,1438000
2023-08-23 10:30:00,78.4425976900,78.6111209000,78.0262462300,78.1650300500,532400
2023-08-23 11:00:00,78.1650300500,78.1749431800,77.5702422500,77.6891998100,660500
2023-08-23 11:30:00,77.6891998100,78.1154644000,77.5008503400,77.9172018000,371600
2023-08-23 13:30:00,77.9766805800,78.2542482200,77.5603291200,77.6693735500,515100
2023-08-23 14:00:00,77.6693735500,78.0658987500,77.5405028600,77.8478098900,421700
2023-08-23 14:30:00,77.8478098900,77.8676361500,76.8465837600,77.0051938400,847500
2023-08-23 15:00:00,77.0051938400,77.0944120100,76.4401454300,76.4500585600,1170800
2023-08-24 10:00:00,77.3224140000,78.1452037900,76.9258888000,77.2728483500,1735800
2023-08-24 10:30:00,77.2728483500,77.7486785900,77.1538907900,77.2926746100,561700
2023-08-24 11:00:00,77.3224140000,77.4314584300,77.0250201000,77.1737170500,316300
2023-08-24 11:30:00,77.1737170500,77.5305897300,76.8564968900,77.3918059100,344100
2023-08-24 13:30:00,77.4909372100,78.2344219600,77.4314584300,77.9370280600,652900
2023-08-24 14:00:00,77.9370280600,77.9865937100,77.2232827000,77.2926746100,413400
2023-08-24 14:30:00,77.2926746100,77.2926746100,77.0051938400,77.1340645300,427400
2023-08-24 15:00:00,77.1241514000,77.1439776600,76.7474524600,76.7871049800,656800
2023-08-25 10:00:00,76.2319697000,76.2319697000,74.8639577600,75.2902223500,1399200
2023-08-25 10:30:00,75.2902223500,75.4190930400,74.1997780500,75.0919597500,1311800
2023-08-25 11:00:00,75.1316122700,75.7065738100,75.0324809700,75.5777031200,466900
2023-08-25 11:30:00,75.5777031200,75.7957919800,75.1613516600,75.3001354800,294000
2023-08-25 13:30:00,75.3001354800,75.6768344200,74.2790830900,74.3484750000,854800
2023-08-25 14:00:00,74.3484750000,74.7945658500,74.0609942300,74.5665638600,667700
2023-08-25 14:30:00,74.6359557700,74.8441315000,73.8726447600,73.8924710200,576200
2023-08-25 15:00:00,73.8924710200,74.2295174400,73.5058589500,74.1105598800,1006900
2023-08-28 10:00:00,79.3050400000,79.6024339000,75.6867475500,75.7858788500,4303500
2023-08-28 10:30:00,75.7858788500,75.9048364100,75.0721334900,75.4884849500,1054600
2023-08-28 11:00:00,75.4884849500,75.5975293800,75.0423941000,75.5182243400,596100
2023-08-28 11:30:00,75.5182243400,75.5380506000,75.1415254000,75.2803092200,313500
2023-08-28 13:30:00,75.2803092200,75.4686586900,74.7350870700,74.8738708900,565700
2023-08-28 14:00:00,74.8738708900,75.3100486100,74.6954345500,75.0126547100,411400
2023-08-28 14:30:00,75.0126547100,75.0721334900,73.9816891900,74.0808204900,555400
2023-08-28 15:00:00,74.0808204900,74.3385618700,73.7239478100,73.9420366700,1017300
2023-08-29 10:00:00,73.4860326900,74.7846527200,73.3075963500,74.0907336200,1614500
2023-08-29 10:30:00,74.0907336200,76.2914484800,74.0510811000,76.0535333600,1519600
2023-08-29 11:00:00,76.0535333600,76.8267575000,76.0535333600,76.5789292500,963700
2023-08-29 11:30:00,76.5789292500,77.9271149300,76.4996242100,77.9271149300,993300
2023-08-29 13:30:00,78.0064199700,78.3137270000,76.7375393300,77.8180705000,1315900
2023-08-29 14:00:00,77.8081573700,78.0163331000,77.2034564400,77.2331958300,612200
2023-08-29 14:30:00,77.2331958300,77.4512846900,77.0745857500,77.2926746100,425700
2023-08-29 15:00:00,77.2530220900,77.5801553800,77.1043251400,77.5603291200,748300
2023-08-30 10:00:00,77.6297210300,80.4450499500,77.6297210300,79.8403490200,2900000
2023-08-30 10:30:00,79.8403490200,79.8800015400,78.6904259400,78.6904259400,1215500
2023-08-30 11:00:00,78.6904259400,79.0869511400,78.2542482200,78.3236401300,687600
2023-08-30 11:30:00,78.3236401300,79.4339106900,78.2245088300,79.3843450400,644300
2023-08-30 13:30:00,79.4041713000,79.4041713000,78.6705996800,79.0175592300,511800
2023-08-30 14:00:00,79.0175592300,79.4140844300,78.9085148000,79.3546056500,509900
2023-08-30 14:30:00,79.3546056500,79.8700884100,79.2158218300,79.8304358900,747400
2023-08-30 15:00:00,79.8304358900,79.8304358900,79.4636500800,79.5726945100,816300
2023-08-31 10:00:00,79.4239975600,79.5132157300,78.5417289900,79.4636500800,1281000
2023-08-31 10:30:00,79.4636500800,80.8217488900,79.1860824400,80.2765267400,1400400
2023-08-31 11:00:00,80.2765267400,80.2765267400,79.6123470300,79.6519995500,533200
2023-08-31 11:30:00,79.6519995500,79.7015652000,79.1860824400,79.4537369500,324100
2023-08-31 13:30:00,79.4041713000,79.8899146700,79.2059087000,79.3050400000,346100
2023-08-31 14:00:00,79.3050400000,79.8700884100,79.3050400000,79.6817389400,250600
2023-08-31 14:30:00,79.7015652000,79.8403490200,79.3744319100,79.4041713000,235300
2023-08-31 15:00:00,79.4041713000,79.6024339000,79.2951268700,79.5627813800,552200
2023-09-01 10:00:00,79.3546056500,79.9593065800,78.6309471600,79.1067774000,975900
2023-09-01 10:30:00,79.1067774000,79.7114783300,78.9779067100,79.3645187800,423000
2023-09-01 11:00:00,79.3645187800,79.5033026000,78.8688622800,78.8886885400,375900
2023-09-01 11:30:00,78.8886885400,79.2059087000,78.8192966300,78.8192966300,302600
2023-09-01 13:30:00,78.8192966300,79.0968642700,78.7201653300,78.9580804500,247900
2023-09-01 14:00:00,78.9481673200,79.1464299200,78.7003390700,78.8093835000,237200
2023-09-01 14:30:00,78.8093835000,78.9679935800,78.7895572400,78.7994703700,221100
2023-09-01 15:00:00,78.7994703700,79.2257349600,78.7796441100,79.1365167900,364300
2023-09-04 10:00:00,79.6123470300,79.6519995500,78.1154644000,79.4636500800,1209600
2023-09-04 10:30:00,79.4636500800,79.6817389400,79.0869511400,79.5132157300,493600
2023-09-04 11:00:00,79.5132157300,79.9989591000,79.2257349600,79.3347793900,464500
2023-09-04 11:30:00,79.3347793900,79.3744319100,78.9878198400,79.1067774000,259300
2023-09-04 13:30:00,79.2059087000,79.4834763400,79.0175592300,79.2951268700,263300
2023-09-04 14:00:00,79.3050400000,79.8700884100,79.3050400000,79.7511308500,354300
2023-09-04 14:30:00,79.7511308500,80.2666136100,79.7114783300,80.2467873500,667700
2023-09-04 15:00:00,80.2467873500,80.2467873500,80.0286984900,80.1873085700,620800
2023-09-05 10:00:00,80.2765267400,81.7535831100,80.2765267400,81.6742780700,2337000
2023-09-05 10:30:00,81.6742780700,81.6742780700,80.7127044600,80.7920095000,952300
2023-09-05 11:00:00,80.7920095000,81.0497508800,80.6135731600,80.8911408000,502200
2023-09-05 11:30:00,80.9010539300,80.9208801900,80.5540943800,80.7820963700,348500
2023-09-05 13:30:00,80.5441812500,80.5937469000,80.2071348300,80.3657449100,369300
2023-09-05 14:00:00,80.3657449100,80.5838337700,80.1476560500,80.1873085700,295400
2023-09-05 14:30:00,80.1873085700,80.2170479600,79.8106096300,79.8998278000,433200
2023-09-05 15:00:00,79.8998278000,80.2864398700,79.8601752800,80.1773954400,392500
2023-09-06 10:00:00,79.2852137400,80.0683510100,78.9679935800,80.0683510100,1091200
2023-09-06 10:30:00,80.0683510100,80.7920095000,79.5330419900,80.7820963700,674800
2023-09-06 11:00:00,80.7820963700,80.8911408000,80.0980904000,80.6730519400,543900
2023-09-06 11:30:00,80.7325307200,80.8217488900,80.1773954400,80.2864398700,258700
2023-09-06 13:30:00,80.3161792600,81.2083609600,80.1278297900,81.0497508800,664900
2023-09-06 14:00:00,81.0497508800,81.1786215700,80.8514882800,81.0398377500,542500
2023-09-06 14:30:00,81.0497508800,81.6247124200,80.9307933200,81.5553205100,914900
2023-09-06 15:00:00,81.5553205100,81.8031487600,81.1092296600,81.2083609600,814000
2023-09-07 10:00:00,80.6532256800,80.7325307200,79.9097409300,80.0683510100,1191700
2023-09-07 10:30:00,80.0683510100,80.4847024700,79.9593065800,80.0187853600,512200
2023-09-07 11:00:00,80.0088722300,80.0088722300,79.4834763400,79.6222601600,555500
2023-09-07 11:30:00,79.6222601600,79.6916520700,79.2059087000,79.4933894700,532900
2023-09-07 13:30:00,79.4537369500,79.6817389400,79.1860824400,79.2059087000,256400
2023-09-07 14:00:00,79.2059087000,79.2753006100,78.7796441100,79.0472986200,781000
2023-09-07 14:30:00,79.0472986200,79.5826076400,78.9878198400,79.3050400000,330500
2023-09-07 15:00:00,79.3050400000,79.3248662600,78.9779067100,78.9878198400,526200
2023-09-08 10:00:00,77.9667674500,79.0968642700,77.8180705000,77.9271149300,1474500
2023-09-08 10:30:00,77.9271149300,78.9679935800,77.7685048500,78.6012077700,552400
2023-09-08 11:00:00,78.6012077700,78.6012077700,78.0163331000,78.0956381400,266500
2023-09-08 11:30:00,78.0956381400,78.4029451700,78.0163331000,78.1452037900,305600
2023-09-08 13:30:00,78.1452037900,79.2356480900,78.0361593600,79.0274723600,509600
2023-09-08 14:00:00,79.0274723600,79.7808702400,78.9878198400,79.3843450400,566300
2023-09-08 14:30:00,79.3843450400,79.7610439800,79.3546056500,79.4933894700,340300
2023-09-08 15:00:00,79.4834763400,79.4834763400,79.1067774000,79.2257349600,368500
2023-09-11 10:00:00,79.5528682500,80.6730519400,79.2059087000,80.1080035300,1965700
2023-09-11 10:30:00,80.1080035300,81.0993165300,79.6123470300,81.0993165300,885100
2023-09-11 11:00:00,81.0993165300,81.7734093700,80.7127044600,81.1488821800,1587800
2023-09-11 11:30:00,81.1488821800,81.5553205100,80.8217488900,81.5057548600,511700
2023-09-11 13:30:00,81.5156679900,83.4784677300,81.5156679900,82.9927243600,2500600
2023-09-11 14:00:00,82.9927243600,83.1909869600,82.1699345700,82.4574153400,877500
2023-09-11 14:30:00,82.4574153400,82.4871547300,81.9914982300,82.2294133500,463500
2023-09-11 15:00:00,82.2095870900,82.2988052600,81.8923669300,82.2789790000,813200
2023-09-12 10:00:00,83.4685546000,84.4202150800,82.7548092400,83.2603788700,3957300
2023-09-12 10:30:00,83.2603788700,84.8167402800,83.1711607000,84.0236898800,1922800
2023-09-12 11:00:00,84.0236898800,84.0633424000,83.5775990300,84.0633424000,775700
2023-09-12 11:30:00,84.0633424000,84.1922130900,83.7262959800,83.8056010200,413800
2023-09-12 13:30:00,83.8551666700,83.8551666700,82.3186315200,82.3880234300,929200
2023-09-12 14:00:00,82.3880234300,82.7052435900,82.2591527400,82.3880234300,657900
2023-09-12 14:30:00,82.3880234300,82.5763729000,82.1798477000,82.2789790000,808400
2023-09-12 15:00:00,82.2789790000,82.5565466400,82.1798477000,82.4078496900,816300
2023-09-13 10:00:00,81.2876660000,81.2876660000,78.6012077700,78.8292097600,3878600
2023-09-13 10:30:00,78.8292097600,78.8986016700,76.9754544500,77.3521533900,2876000
2023-09-13 11:00:00,77.3521533900,77.6198079000,77.0250201000,77.0250201000,1110700
2023-09-13 11:30:00,77.0250201000,77.3422402600,76.2418828300,76.4599716900,1145300
2023-09-13 13:30:00,76.4996242100,76.9853675800,76.2418828300,76.3311010000,876300
2023-09-13 14:00:00,76.3311010000,76.9952807100,76.3311010000,76.5888423800,493400
2023-09-13 14:30:00,76.5888423800,76.9754544500,76.4302323000,76.9754544500,516600
2023-09-13 15:00:00,76.9754544500,77.6693735500,76.7276262000,77.4413715600,792300
2023-09-14 10:00:00,77.8279836300,78.1154644000,76.9258888000,77.3620665200,1696300
2023-09-14 10:30:00,77.3620665200,77.3620665200,76.5095373400,76.8564968900,583900
2023-09-14 11:00:00,76.8564968900,77.2629352200,76.5789292500,76.5789292500,472500
2023-09-14 11:30:00,76.5789292500,76.7672787200,76.2121434400,76.4401454300,500400
2023-09-14 13:30:00,76.4797979500,76.4797979500,75.9345758000,76.3013616100,637500
2023-09-14 14:00:00,76.3013616100,76.4203191700,75.7561394600,75.9048364100,611000
2023-09-14 14:30:00,75.9048364100,76.4004929100,75.8156182400,76.3013616100,463800
2023-09-14 15:00:00,76.3013616100,76.5987555100,76.1328384000,76.1724909200,474900
2023-09-15 10:00:00,76.1427515300,76.5789292500,75.3397880000,75.4983980800,1104300
2023-09-15 10:30:00,75.4983980800,76.4500585600,75.4884849500,76.2121434400,588600
2023-09-15 11:00:00,76.2121434400,77.1241514000,75.6966606800,76.6384080300,604400
2023-09-15 11:30:00,76.6384080300,76.7077999400,76.1625777900,76.5194504700,252900
2023-09-15 13:30:00,76.5095373400,76.5194504700,75.5182243400,75.5876162500,592200
2023-09-15 14:00:00,75.5876162500,75.7462263300,75.3794405200,75.3893536500,368700
2023-09-15 14:30:00,75.3893536500,75.6272687700,75.3397880000,75.3893536500,403400
2023-09-15 15:00:00,75.3893536500,75.7462263300,75.3794405200,75.6570081600,422100
2023-09-18 10:00:00,75.2109173100,77.5008503400,75.2109173100,76.9952807100,1494200
2023-09-18 10:30:00,76.9952807100,78.7003390700,76.8862362800,78.6309471600,1933400
2023-09-18 11:00:00,78.6210340300,78.9679935800,77.9172018000,78.0857250100,962600
2023-09-18 11:30:00,78.0857250100,78.1253775300,77.6495472900,77.6693735500,343600
2023-09-18 13:30:00,77.6693735500,77.6693735500,77.2629352200,77.3224140000,580500
2023-09-18 14:00:00,77.3224140000,77.3719796500,76.8763231500,76.9258888000,605000
2023-09-18 14:30:00,76.9258888000,77.3025877400,76.9060625400,77.0349332300,300400
2023-09-18 15:00:00,77.0349332300,77.1836301800,76.9358019300,77.0151069700,448700
2023-09-19 10:00:00,77.0151069700,77.0349332300,75.2505698300,75.4190930400,1631500
2023-09-19 10:30:00,75.4190930400,75.9345758000,74.9730021900,75.7363132000,817800
2023-09-19 11:00:00,75.7363132000,76.0436202300,75.4686586900,75.6470950300,332100
2023-09-19 11:30:00,75.6470950300,75.8057051100,75.5083112100,75.6669212900,190600
2023-09-19 13:30:00,75.6470950300,75.7660525900,75.2902223500,75.3199617400,261700
2023-09-19 14:00:00,75.3199617400,75.5380506000,75.2703960900,75.3794405200,246300
2023-09-19 14:30:00,75.3794405200,75.5182243400,75.1514385300,75.4389193000,320500
2023-09-19 15:00:00,75.4389193000,75.7561394600,75.4091799100,75.4389193000,367500
2023-09-20 10:00:00,75.0027415800,76.2022303100,75.0027415800,75.8850101500,909600
2023-09-20 10:30:00,75.8850101500,76.1824040500,75.6173556400,75.7363132000,419300
2023-09-20 11:00:00,75.7363132000,75.8156182400,75.3695273900,75.4190930400,222700
2023-09-20 11:30:00,75.4091799100,75.5281374700,75.2406567000,75.4686586900,215700
2023-09-20 13:30:00,75.4686586900,75.6867475500,75.2208304400,75.3992667800,203000
2023-09-20 14:00:00,75.3992667800,75.7065738100,75.2902223500,75.3397880000,228600
2023-09-20 14:30:00,75.3100486100,75.5083112100,75.3100486100,75.3298748700,213400
2023-09-20 15:00:00,75.3298748700,75.4884849500,75.2208304400,75.3893536500,465700
2023-09-21 10:00:00,75.0919597500,75.6173556400,74.5764769900,74.7747395900,1000500
2023-09-21 10:30:00,74.7747395900,75.3397880000,74.5963032500,75.1514385300,710100
2023-09-21 11:00:00,75.1514385300,75.1712647900,74.6062163800,74.6260426400,266300
2023-09-21 11:30:00,74.6359557700,74.6458689000,74.3484750000,74.3683012600,373300
2023-09-21 13:30:00,74.3683012600,74.5070850800,74.0907336200,74.1502124000,378300
2023-09-21 14:00:00,74.1502124000,74.4971719500,74.1204730100,74.2989093500,331100
2023-09-21 14:30:00,74.3088224800,74.8441315000,74.2790830900,74.5070850800,287500
2023-09-21 15:00:00,74.5070850800,74.5070850800,74.2394305700,74.3980406500,399900
2023-09-22 10:00:00,74.1402992700,75.1712647900,73.9023841500,75.0423941000,1007300
2023-09-22 10:30:00,75.0423941000,76.2914484800,75.0423941000,75.7363132000,1126900
2023-09-22 11:00:00,75.7363132000,76.2319697000,75.2505698300,75.5777031200,708500
2023-09-22 11:30:00,75.5777031200,75.8949232800,75.4686586900,75.7363132000,400200
2023-09-22 13:30:00,75.7164869400,75.8156182400,75.3893536500,75.4091799100,216300
2023-09-22 14:00:00,75.4091799100,75.5380506000,75.2505698300,75.4686586900,236000
2023-09-22 14:30:00,75.5479637300,76.1130121400,75.4983980800,76.0535333600,487000
2023-09-22 15:00:00,76.0535333600,76.1724909200,75.8354445000,75.9643151900,629100
2023-09-25 10:00:00,76.1724909200,76.2815353500,74.9135234100,75.3199617400,1498700
2023-09-25 10:30:00,75.3199617400,76.1526646600,75.0919597500,75.7957919800,822900
2023-09-25 11:00:00,75.7957919800,76.8267575000,75.6470950300,76.6284949000,879600
2023-09-25 11:30:00,76.6284949000,76.6284949000,75.9345758000,76.2121434400,340900
2023-09-25 13:30:00,76.1923171800,76.4897110800,75.9544020600,76.3509272600,568800
2023-09-25 14:00:00,76.3509272600,76.7276262000,76.2418828300,76.2418828300,475400
2023-09-25 14:30:00,76.2418828300,76.2418828300,75.9742283200,76.1328384000,445300
2023-09-25 15:00:00,76.1328384000,76.2617090900,76.0138808400,76.0436202300,300900
2023-09-26 10:00:00,76.0337071000,76.4797979500,75.2208304400,75.8255313700,891600
2023-09-26 10:30:00,75.8255313700,77.2728483500,75.6371819000,76.2418828300,1383600
2023-09-26 11:00:00,76.2418828300,76.4004929100,76.0436202300,76.0436202300,425600
2023-09-26 11:30:00,76.0436202300,76.1824040500,75.8850101500,76.0237939700,307000
2023-09-26 13:30:00,75.9444889300,76.1328384000,75.6173556400,75.9841414500,329400
2023-09-26 14:00:00,75.9841414500,76.1229252700,75.7660525900,75.7957919800,231000
2023-09-26 14:30:00,75.7759657200,75.7957919800,75.5777031200,75.7264000700,295400
2023-09-26 15:00:00,75.6867475500,75.8354445000,75.5777031200,75.6272687700,359800
2023-09-27 10:00:00,75.3695273900,76.1427515300,75.1117860100,76.1130121400,970600
2023-09-27 10:30:00,76.1130121400,76.3013616100,75.5578768600,75.8354445000,695800
2023-09-27 11:00:00,75.8354445000,76.0337071000,75.1018728800,75.1712647900,570600
2023-09-27 11:30:00,75.1712647900,75.4290061700,75.0027415800,75.3992667800,353800
2023-09-27 13:30:00,75.3992667800,75.5777031200,75.0027415800,75.0622203600,482300
2023-09-27 14:00:00,75.0622203600,75.2109173100,74.9928284500,75.0027415800,391400
2023-09-27 14:30:00,75.0027415800,75.3497011300,74.9630890600,75.2803092200,458200
2023-09-27 15:00:00,75.2803092200,75.2902223500,75.1117860100,75.1910910500,570500
2023-09-28 10:00:00,75.4389193000,76.5789292500,75.4389193000,75.8552707600,1426400
2023-09-28 10:30:00,75.8552707600,75.9345758000,75.5182243400,75.5380506000,466900
2023-09-28 11:00:00,75.5380506000,75.5479637300,75.2109173100,75.2406567000,396800
2023-09-28 11:30:00,75.2406567000,75.5182243400,75.1910910500,75.5083112100,149900
2023-09-28 13:30:00,75.5479637300,76.0237939700,75.5281374700,75.9841414500,528500
2023-09-28 14:00:00,75.9841414500,76.1328384000,75.8453576300,76.0039677100,272100
2023-09-28 14:30:00,76.0039677100,76.3112747400,75.8453576300,75.9147495400,363300
2023-09-28 15:00:00,75.9147495400,76.0931858800,75.8354445000,75.9643151900,424200
2023-10-09 10:00:00,77.3224140000,78.4326845600,76.4401454300,78.4326845600,2202700
2023-10-09 10:30:00,78.4326845600,79.0671248800,78.2145957000,78.2145957000,2034900
2023-10-09 11:00:00,78.2145957000,78.3632926500,78.0262462300,78.0361593600,565100
2023-10-09 11:30:00,78.0361593600,78.6309471600,77.8874624100,78.1551169200,500000
2023-10-09 13:30:00,78.2046825700,78.2245088300,77.9865937100,78.1352906600,262500
2023-10-09 14:00:00,78.1352906600,78.2542482200,78.0758118800,78.0758118800,272600
2023-10-09 14:30:00,78.0758118800,78.6408602900,77.9172018000,78.1452037900,627300
2023-10-09 15:00:00,78.1452037900,78.2740744800,77.9766805800,78.2641613500,680100
2023-10-10 10:00:00,78.1154644000,78.5119896000,77.5504159900,77.6297210300,1375800
2023-10-10 10:30:00,77.6297210300,79.0869511400,77.6198079000,79.0472986200,1353700
2023-10-10 11:00:00,79.0472986200,79.5925207700,78.9878198400,79.4041713000,1421600
2023-10-10 11:30:00,79.4041713000,79.8998278000,79.1761693100,79.4636500800,748400
2023-10-10 13:30:00,79.5132157300,79.6321732900,78.7697309800,78.7895572400,663100
2023-10-10 14:00:00,78.7895572400,79.7313045900,78.7895572400,79.1860824400,727200
2023-10-10 14:30:00,79.1662561800,79.4339106900,79.1365167900,79.3050400000,295500
2023-10-10 15:00:00,79.3050400000,79.3149531300,78.9085148000,79.0572117500,567900
2023-10-11 10:00:00,79.3942581700,79.3942581700,77.6891998100,78.0361593600,2032400
2023-10-11 10:30:00,78.0361593600,79.1959955700,77.9271149300,78.9283410600,857700
2023-10-11 11:00:00,78.9283410600,79.2059087000,78.4326845600,78.6606865500,832400
2023-10-11 11:30:00,78.6507734200,78.8688622800,78.5318158600,78.8589491500,447800
2023-10-11 13:30:00,78.8688622800,79.0076461000,78.5119896000,78.7201653300,317400
2023-10-11 14:00:00,78.7201653300,78.7399915900,78.4029451700,78.5714683800,309500
2023-10-11 14:30:00,78.5714683800,78.5714683800,77.9667674500,78.1055512700,505800
2023-10-11 15:00:00,78.1055512700,78.6606865500,78.0559856200,78.4227714300,653500
2023-10-12 10:00:00,78.3930320400,79.0770380100,78.3632926500,78.4723370800,936500
2023-10-12 10:30:00,78.4723370800,78.5813815100,78.1650300500,78.3533795200,444600
2023-10-12 11:00:00,78.3533795200,78.8391228900,78.3434663900,78.5912946400,401500
2023-10-12 11:30:00,78.5912946400,78.8490360200,78.3632926500,78.5219027300,328800
2023-10-12 13:30:00,78.4723370800,78.6111209000,78.3137270000,78.4029451700,323200
2023-10-12 14:00:00,78.4029451700,78.4624239500,78.2939007400,78.3732057800,242200
2023-10-12 14:30:00,78.3632926500,78.6606865500,78.3533795200,78.5714683800,215800
2023-10-12 15:00:00,78.5714683800,78.6012077700,78.4822502100,78.5615552500,463300
2023-10-13 10:00:00,77.9172018000,78.2145957000,77.2034564400,77.4215453000,1190300
2023-10-13 10:30:00,77.4215453000,77.8180705000,77.3422402600,77.7486785900,587200
2023-10-13 11:00:00,77.7685048500,77.9172018000,77.3818927800,77.4512846900,415900
2023-10-13 11:30:00,77.4711109500,77.6396341600,76.9754544500,77.1340645300,527200
2023-10-13 13:30:00,77.1340645300,77.2827614800,76.9159756700,76.9159756700,304700
2023-10-13 14:00:00,76.9159756700,77.1836301800,76.7276262000,76.9358019300,442400
2023-10-13 14:30:00,77.0448463600,77.2728483500,76.8862362800,76.9358019300,501800
2023-10-13 15:00:00,76.9358019300,77.0844988800,76.8267575000,76.9853675800,597300
2023-10-16 10:00:00,76.8961494100,77.2034564400,75.3397880000,75.5876162500,1669700
2023-10-16 10:30:00,75.5876162500,75.7264000700,75.1415254000,75.2208304400,811500
2023-10-16 11:00:00,75.2208304400,75.3397880000,75.0423941000,75.2208304400,364800
2023-10-16 11:30:00,75.2208304400,75.3992667800,74.9531759300,75.2604829600,305600
2023-10-16 13:30:00,75.1216991400,75.2902223500,74.6557820300,74.6756082900,496800
2023-10-16 14:00:00,74.7053476800,74.7053476800,74.2096911800,74.2889962200,618200
2023-10-16 14:30:00,74.2889962200,74.4277800400,74.1006467500,74.1700386600,511200
2023-10-16 15:00:00,74.1700386600,74.6062163800,73.9321235400,74.4872588200,590800
2023-10-17 10:00:00,74.4079537800,75.4983980800,74.4079537800,74.6458689000,985800
2023-10-17 10:30:00,74.6458689000,74.6458689000,73.8627316300,74.1700386600,662700
2023-10-17 11:00:00,74.1700386600,74.3484750000,73.9222104100,74.1006467500,253400
2023-10-17 11:30:00,74.1006467500,74.7549133300,74.0510811000,74.6458689000,545900
2023-10-17 13:30:00,74.7450002000,74.7450002000,74.1601255300,74.2096911800,228100
2023-10-17 14:00:00,74.1700386600,74.2989093500,74.0609942300,74.1402992700,219300
2023-10-17 14:30:00,74.1402992700,74.1700386600,73.8924710200,73.9816891900,293200
2023-10-17 15:00:00,73.9816891900,74.3187356100,73.9717760600,74.2691699600,334400
2023-10-18 10:00:00,73.6942084200,73.7536872000,66.4179710000,68.0635505800,6378500
2023-10-18 10:30:00,68.0635505800,70.3633967400,68.0040718000,70.2246129200,1761800
2023-10-18 11:00:00,70.2246129200,70.3633967400,69.7388695500,69.9173058900,568000
2023-10-18 11:30:00,69.9173058900,70.2840917000,69.6099988600,70.1651341400,504500
2023-10-18 13:30:00,70.1750472700,70.3435704800,69.9272190200,69.9866978000,456000
2023-10-18 14:00:00,69.9866978000,70.2642654400,69.6694776400,69.7983483300,389800
2023-10-18 14:30:00,69.7983483300,70.1849604000,69.6893039000,69.9173058900,474400
2023-10-18 15:00:00,69.9173058900,70.0858291000,69.8677402400,69.8776533700,714200
2023-10-19 10:00:00,69.4613019100,71.8701925000,69.2332999200,70.8491401100,2464800
2023-10-19 10:30:00,70.8491401100,71.4042753900,70.6607906400,71.0374895800,701300
2023-10-19 11:00:00,71.0374895800,71.0573158400,70.3832230000,70.4129623900,546300
2023-10-19 11:30:00,70.4129623900,70.6607906400,70.1849604000,70.2840917000,368700
2023-10-19 13:30:00,70.2741785700,70.4625280400,69.9272190200,70.2246129200,463800
2023-10-19 14:00:00,70.2246129200,70.2444391800,69.7289564200,69.8578271100,467200
2023-10-19 14:30:00,69.8479139800,70.3138310900,69.6099988600,69.7388695500,731400
2023-10-19 15:00:00,69.7388695500,69.7785220700,69.2432130500,69.3819968700,637300
2023-10-20 10:00:00,68.9458191500,69.9866978000,68.3014657000,68.4402495200,1255900
2023-10-20 10:30:00,68.4402495200,68.8962535000,68.2023344000,68.4402495200,610100
2023-10-20 11:00:00,68.4402495200,68.9755585400,68.2618131800,68.8070353300,321200
2023-10-20 11:30:00,68.8070353300,68.8070353300,68.0040718000,68.2023344000,464100
2023-10-20 13:30:00,68.1725950100,68.1725950100,67.6868516400,67.8553748500,427300
2023-10-20 14:00:00,67.8652879800,68.0338111900,67.6273728600,67.9346798900,319800
2023-10-20 14:30:00,67.8851142400,67.9346798900,67.3200658300,67.5183284300,655400
2023-10-20 15:00:00,67.5183284300,67.7265041600,66.9731062800,67.0325850600,1164300
2023-10-23 10:00:00,66.7153649000,67.0920638400,65.3077004400,65.6943125100,1895800
2023-10-23 10:30:00,65.6943125100,66.8938012400,65.5951812100,66.8739749800,952200
2023-10-23 11:00:00,66.8739749800,67.3993708700,66.5270154300,66.5964073400,516100
2023-10-23 11:30:00,66.5666679500,66.6856255100,66.2197084000,66.2197084000,249100
2023-10-23 13:30:00,66.2197084000,66.6558861200,65.9024882400,65.9024882400,360000
2023-10-23 14:00:00,65.9024882400,66.0214458000,65.6249206000,65.6348337300,520300
2023-10-23 14:30:00,65.6348337300,65.7240519000,64.9805671500,65.0796984500,806400
2023-10-23 15:00:00,65.0796984500,66.1106639700,64.9904802800,66.0809245800,1065700
2023-10-24 10:00:00,66.4179710000,66.4278841300,65.2779610500,66.0610983200,1581500
2023-10-24 10:30:00,65.9718801500,67.4885890400,65.7835306800,66.9433668900,1051100
2023-10-24 11:00:00,66.9433668900,67.3696314800,66.9136275000,67.0524113200,619500
2023-10-24 11:30:00,67.0524113200,67.1911951400,66.8144962000,66.8838881100,300000
2023-10-24 13:30:00,66.9136275000,67.0920638400,66.4377972600,66.4377972600,377700
2023-10-24 14:00:00,66.4377972600,66.7054517700,66.2791871800,66.4774497800,479000
2023-10-24 14:30:00,66.4774497800,67.1118901000,66.4278841300,67.1019769700,682900
2023-10-24 15:00:00,67.1019769700,67.1317163600,66.7649305500,66.9532800200,721500
2023-10-25 10:00:00,67.2903264400,67.6273728600,66.5666679500,67.5282415600,2459900
2023-10-25 10:30:00,67.5282415600,67.6075466000,66.4278841300,66.5468416900,978100
2023-10-25 11:00:00,66.5468416900,67.0127588000,66.4377972600,66.8045830700,613300
2023-10-25 11:30:00,66.7946699400,66.9631931500,66.5270154300,66.5864942100,291200
2023-10-25 13:30:00,66.7351911600,67.3597183500,66.5071891700,66.5666679500,760500
2023-10-25 14:00:00,66.6162336000,67.0226719300,66.4278841300,67.0226719300,561400
2023-10-25 14:30:00,67.0226719300,67.3597183500,67.0226719300,67.2110214000,546000
2023-10-25 15:00:00,67.2110214000,67.2407607900,66.6261467300,66.8442355900,753000
2023-10-26 10:00:00,66.4873629100,66.6558861200,65.8628357200,66.2197084000,1088600
2023-10-26 10:30:00,66.2197084000,66.7451042900,66.0809245800,66.1701427500,518500
2023-10-26 11:00:00,66.1701427500,66.4576235200,66.0412720600,66.2395346600,373600
2023-10-26 11:30:00,66.2891003100,66.3684053500,65.8826619800,66.1007508400,398900
2023-10-26 13:30:00,66.0214458000,66.1404033600,65.8727488500,65.8925751100,362300
2023-10-26 14:00:00,65.9024882400,67.3101527000,65.8826619800,66.9929325400,843700
2023-10-26 14:30:00,66.9929325400,67.2605870500,66.7153649000,67.1118901000,419600
2023-10-26 15:00:00,67.1118901000,67.6670253800,67.1118901000,67.6075466000,841900
2023-10-27 10:00:00,66.9136275000,67.4390233900,66.6162336000,66.7649305500,1067300
2023-10-27 10:30:00,66.7649305500,67.2903264400,66.6657992500,66.9334537600,718800
2023-10-27 11:00:00,66.9334537600,67.1614557500,66.7351911600,66.8343224600,573200
2023-10-27 11:30:00,66.8442355900,67.0127588000,66.5369285600,66.9136275000,499500
2023-10-27 13:30:00,66.8144962000,67.3498052200,66.6955386400,67.1317163600,517900
2023-10-27 14:00:00,67.1317163600,67.6372859900,67.1118901000,67.5084153000,1013500
2023-10-27 14:30:00,67.5084153000,68.0139849300,67.5084153000,67.8256354600,918900
2023-10-27 15:00:00,67.8256354600,67.9049405000,67.5084153000,67.5480678200,915700
2023-10-30 10:00:00,67.5579809500,68.4898151700,67.2605870500,68.0040718000,1684900
2023-10-30 10:30:00,68.0040718000,68.9755585400,68.0040718000,68.4204232600,1048100
2023-10-30 11:00:00,68.4204232600,68.8566009800,68.3411182200,68.7971222000,455500
2023-10-30 11:30:00,68.7971222000,69.8380008500,68.7475565500,69.7983483300,872500
2023-10-30 13:30:00,69.8380008500,70.0065240600,69.4811281700,69.8380008500,978400
2023-10-30 14:00:00,69.8380008500,70.2246129200,69.7586958100,69.9371321500,957800
2023-10-30 14:30:00,69.9371321500,69.9767846700,69.6000857300,69.8875665000,951100
2023-10-30 15:00:00,69.8875665000,69.9767846700,69.7388695500,69.8776533700,1037500
2023-10-31 10:00:00,69.8380008500,69.8380008500,68.8466878500,69.3225180900,1265400
2023-10-31 10:30:00,69.3225180900,69.6099988600,69.1837342700,69.2927787000,381400
2023-10-31 11:00:00,69.2927787000,69.2927787000,68.7079040300,68.8665141100,717900
2023-10-31 11:30:00,68.8566009800,69.0449504500,68.7872090700,68.8566009800,329300
2023-10-31 13:30:00,68.8169484600,69.2035605300,68.7376434200,68.9359060200,301600
2023-10-31 14:00:00,68.9359060200,69.3522574800,68.9061666300,68.9259928900,376200
2023-10-31 14:30:00,68.9656454100,69.2729524400,68.8268615900,69.2332999200,523600
2023-10-31 15:00:00,69.2332999200,69.6893039000,69.1539948800,69.6694776400,781500
2023-11-01 10:00:00,69.7884352000,74.6756082900,69.7884352000,74.4277800400,7344600
2023-11-01 10:30:00,74.4277800400,74.5368244700,72.8714186300,73.9321235400,2336300
2023-11-01 11:00:00,73.9321235400,75.1910910500,73.5455114700,73.7536872000,1822800
2023-11-01 11:30:00,73.7536872000,73.8131659800,72.8615055000,72.9110711500,704800
2023-11-01 13:30:00,72.9110711500,72.9110711500,72.4748934300,72.6434166400,595300
2023-11-01 14:00:00,72.6434166400,72.6434166400,72.0882813600,72.3955883900,628900
2023-11-01 14:30:00,72.3955883900,72.6632429000,72.0882813600,72.1378470100,573700
2023-11-01 15:00:00,72.1378470100,72.5938509900,72.1279338800,72.3063702200,843400
2023-11-02 10:00:00,73.0895074900,77.2232827000,73.0895074900,75.7561394600,7186900
2023-11-02 10:30:00,75.7561394600,76.7474524600,75.3596142600,76.3608403900,2521400
2023-11-02 11:00:00,76.3608403900,77.7883311100,76.3509272600,76.9159756700,3333200
2023-11-02 11:30:00,76.9159756700,78.1749431800,76.8564968900,78.1154644000,1562100
2023-11-02 13:30:00,78.1650300500,79.1166905300,77.9172018000,78.2939007400,2846600
2023-11-02 14:00:00,78.2939007400,78.9679935800,77.6495472900,77.6495472900,1522800
2023-11-02 14:30:00,77.6495472900,77.8180705000,77.2431089600,77.2629352200,1037100
2023-11-02 15:00:00,77.2629352200,77.6098947700,77.0250201000,77.1142382700,1420100
2023-11-03 10:00:00,78.7598178500,78.9382541900,77.3918059100,78.3732057800,4565600
2023-11-03 10:30:00,78.3732057800,79.1067774000,78.3137270000,78.6805128100,1943900
2023-11-03 11:00:00,78.6705996800,78.9679935800,78.4525108200,78.5417289900,1078000
2023-11-03 11:30:00,78.5417289900,78.9580804500,78.4425976900,78.8093835000,757100
2023-11-03 13:30:00,78.8093835000,79.0968642700,78.4425976900,78.9085148000,947200
2023-11-03 14:00:00,78.9085148000,79.0076461000,78.6606865500,78.8093835000,651300
2023-11-03 14:30:00,78.8093835000,79.0869511400,78.7697309800,78.9679935800,799800
2023-11-03 15:00:00,78.9679935800,78.9679935800,78.3137270000,78.4326845600,1613200
2023-11-06 10:00:00,79.3347793900,81.0497508800,78.8490360200,78.8490360200,4918500
2023-11-06 10:30:00,78.8490360200,79.3843450400,78.3137270000,78.6210340300,1709500
2023-11-06 11:00:00,78.6210340300,79.7907833700,78.6210340300,79.7313045900,1012300
2023-11-06 11:30:00,79.7313045900,80.8713145400,79.6024339000,80.6036600300,1531000
2023-11-06 13:30:00,80.5937469000,80.6631388100,79.9791328400,80.3360055200,890400
2023-11-06 14:00:00,80.3360055200,80.8514882800,80.3161792600,80.6433125500,916300
2023-11-06 14:30:00,80.6433125500,80.6433125500,80.1080035300,80.4549630800,736000
2023-11-06 15:00:00,80.4549630800,80.9506195800,80.2864398700,80.7820963700,1584500
2023-11-07 10:00:00,80.2963530000,83.8650798000,80.1773954400,82.4574153400,5368400
2023-11-07 10:30:00,82.4574153400,83.7163828500,82.1897608300,83.1909869600,1799300
2023-11-07 11:00:00,83.1909869600,83.2702920000,82.6655910700,82.7944617600,759700
2023-11-07 11:30:00,82.7845486300,82.9629849700,82.3384577800,82.8341142800,604200
2023-11-07 13:30:00,82.7746355000,83.1711607000,82.6953304600,82.8836799300,509900
2023-11-07 14:00:00,82.8836799300,83.1116819200,82.6655910700,82.9728981000,489600
2023-11-07 14:30:00,82.9728981000,83.4685546000,82.8737668000,83.4685546000,730900
2023-11-07 15:00:00,83.4685546000,83.7659485000,83.0819425300,83.1711607000,1541700
2023-11-08 10:00:00,82.9629849700,83.7362091100,82.8737668000,82.8737668000,1829000
2023-11-08 10:30:00,82.8737668000,83.5676859000,82.7151567200,83.1612475700,932900
2023-11-08 11:00:00,83.1612475700,83.7262959800,82.9728981000,83.2702920000,730300
2023-11-08 11:30:00,83.2702920000,83.5280333800,83.2108132200,83.4883808600,563700
2023-11-08 13:30:00,83.4784677300,84.2616050000,83.0720294000,83.0819425300,1179900
2023-11-08 14:00:00,83.0819425300,83.0819425300,81.9320194500,81.9320194500,1539700
2023-11-08 14:30:00,81.9320194500,82.2591527400,81.7337568500,82.1600214400,1176500
2023-11-08 15:00:00,82.1600214400,82.2591527400,82.0311507500,82.0608901400,866500
2023-11-09 10:00:00,81.6941043300,82.5268072500,81.0894034000,81.2083609600,1676500
2023-11-09 10:30:00,81.2083609600,81.6346255500,81.0596640100,81.2678397400,901900
2023-11-09 11:00:00,81.2678397400,81.5850599000,80.9506195800,80.9605327100,661500
2023-11-09 11:30:00,80.9605327100,81.5454073800,80.9010539300,81.1786215700,648600
2023-11-09 13:30:00,81.1687084400,81.4066235600,81.0100983600,81.1885347000,363600
2023-11-09 14:00:00,81.1885347000,81.3867973000,81.0299246200,81.1290559200,425200
2023-11-09 14:30:00,81.1290559200,81.2381003500,80.8217488900,81.1885347000,565700
2023-11-09 15:00:00,81.1885347000,81.2975791300,81.0794902700,81.2678397400,668800
2023-11-10 10:00:00,80.3062661300,81.1389690500,79.9890459700,80.7721832400,1276100
2023-11-10 10:30:00,80.8316620200,81.0398377500,79.9295671900,79.9890459700,823300
2023-11-10 11:00:00,79.9890459700,80.3459186500,79.8205227600,80.2666136100,797000
2023-11-10 11:30:00,80.2666136100,80.5144418600,80.1179166600,80.2071348300,354800
2023-11-10 13:30:00,80.2071348300,80.6234862900,79.9989591000,80.0782641400,432500
2023-11-10 14:00:00,80.0782641400,80.2864398700,79.9097409300,80.1377429200,337200
2023-11-10 14:30:00,80.1080035300,80.3756580400,79.9989591000,80.3558317800,337300
2023-11-10 15:00:00,80.3558317800,80.3558317800,80.0782641400,80.0881772700,651100
2023-11-13 10:00:00,80.8911408000,82.6259385500,80.8415751500,82.4673284700,2247200
2023-11-13 10:30:00,82.4673284700,84.1525605700,82.0708032700,84.1525605700,2339100
2023-11-13 11:00:00,84.1525605700,84.1525605700,82.7746355000,83.3000313900,1371700
2023-11-13 11:30:00,83.3000313900,83.4090758200,82.9035061900,83.1909869600,535700
2023-11-13 13:30:00,83.2702920000,83.3198576500,82.7944617600,82.9728981000,399000
2023-11-13 14:00:00,82.9728981000,83.3495970400,82.7548092400,83.3099445200,457400
2023-11-13 14:30:00,83.3099445200,83.5379465100,82.7448961100,82.7845486300,831700
2023-11-13 15:00:00,82.7845486300,83.6370778100,82.7845486300,83.4685546000,1022200
2023-11-14 10:00:00,83.5676859000,86.3532754300,83.1612475700,85.8278795400,3669200
2023-11-14 10:30:00,85.8278795400,86.6308430700,85.4511806000,86.5812774200,1744400
2023-11-14 11:00:00,86.5812774200,87.4635459900,85.9964027500,87.2157177400,1748700
2023-11-14 11:30:00,87.2157177400,87.4437197300,86.6704955900,86.6704955900,827300
2023-11-14 13:30:00,86.5713642900,87.1958914800,86.3731016900,86.9778026200,751200
2023-11-14 14:00:00,86.9778026200,87.3049359100,86.6903218500,86.9678894900,573100
2023-11-14 14:30:00,86.9678894900,86.9877157500,86.6506693300,86.7002349800,694000
2023-11-14 15:00:00,86.7002349800,86.9877157500,86.5614511600,86.9282369700,824800
2023-11-15 10:00:00,87.4040672100,89.7733052800,85.8477058000,86.1847522200,4562500
2023-11-15 10:30:00,86.1847522200,87.7411136300,86.1847522200,86.6605824600,1283600
2023-11-15 11:00:00,86.6605824600,87.7510267600,86.2442310000,87.6221560700,638800
2023-11-15 11:30:00,87.5428510300,87.7807661500,87.3644146900,87.4238934700,388100
2023-11-15 13:30:00,87.4238934700,88.2268570000,87.0075420100,87.4139803400,942800
2023-11-15 14:00:00,87.4338066000,87.5329379000,86.4623198600,86.6308430700,523200
2023-11-15 14:30:00,86.6308430700,87.0372814000,86.4722329900,86.8390188000,545200
2023-11-15 15:00:00,86.8390188000,86.8390188000,86.6011036800,86.7398875000,681900
2023-11-16 10:00:00,86.0955340500,87.2355440000,85.8972714500,86.5416249000,1462300
2023-11-16 10:30:00,86.5416249000,86.8984975800,86.0955340500,86.3532754300,647800
2023-11-16 11:00:00,86.3532754300,86.4524067300,86.0856209200,86.3136229100,440100
2023-11-16 11:30:00,86.3136229100,86.3136229100,85.7584876300,85.8477058000,525100
2023-11-16 13:30:00,85.8080532800,85.8774451900,85.1438735700,85.2231786100,852700
2023-11-16 14:00:00,85.2231786100,85.9170977100,85.2231786100,85.8873583200,406500
2023-11-16 14:30:00,85.8477058000,85.9468371000,85.4115280800,85.6494432000,269600
2023-11-16 15:00:00,85.6791825900,85.7287482400,85.2628311300,85.3520493000,430900
2023-11-17 10:00:00,85.1537867000,88.5639034200,84.9059584500,87.1066733100,2868100
2023-11-17 10:30:00,87.1066733100,87.1165864400,85.9468371000,86.0558815300,751500
2023-11-17 11:00:00,86.0558815300,87.3842409500,85.9964027500,87.3842409500,590800
2023-11-17 11:30:00,87.3842409500,87.8303318000,86.5416249000,86.8885844500,728700
2023-11-17 13:30:00,86.8885844500,87.2553702600,86.7498006300,86.7993662800,434400
2023-11-17 14:00:00,86.7993662800,86.8687581900,86.4028410800,86.8687581900,347800
2023-11-17 14:30:00,86.8687581900,87.6221560700,86.6903218500,87.4437197300,783100
2023-11-17 15:00:00,87.4437197300,87.6320692000,87.1364127000,87.5329379000,681000
2023-11-20 10:00:00,87.5428510300,87.7807661500,86.2739703900,86.4226673400,1464700
2023-11-20 10:30:00,86.4226673400,86.6407562000,86.0657946600,86.3433623000,571000
2023-11-20 11:00:00,86.3433623000,87.0075420100,86.1351865700,86.9183238400,391600
2023-11-20 11:30:00,86.9183238400,87.1463258300,86.4028410800,87.0273682700,372800
2023-11-20 13:30:00,87.0571076600,87.5825035500,86.7795400200,86.8984975800,667700
2023-11-20 14:00:00,86.8984975800,86.9480632300,86.1550128300,86.2640572600,496800
2023-11-20 14:30:00,86.2640572600,86.5217986400,86.0459684000,86.1252734400,528500
2023-11-20 15:00:00,86.1252734400,86.2937966500,86.0459684000,86.0955340500,594100
2023-11-21 10:00:00,86.1450997000,87.1066733100,85.6296169400,86.1649259600,1355000
2023-11-21 10:30:00,86.1252734400,86.2144916100,85.1339604400,85.2529180000,850200
2023-11-21 11:00:00,85.2529180000,85.6692694600,84.8266534100,84.8663059300,1160200
2023-11-21 11:30:00,84.8663059300,85.7485745000,84.8663059300,85.6494432000,538600
2023-11-21 13:30:00,85.6395300700,86.8291056700,85.4511806000,86.6209299400,688700
2023-11-21 14:00:00,86.6209299400,86.6209299400,85.9864896200,86.4226673400,492100
2023-11-21 14:30:00,86.4226673400,86.4226673400,85.7485745000,85.9864896200,690000
2023-11-21 15:00:00,85.9765764900,85.9864896200,85.3223099100,85.5503119000,713900
2023-11-22 10:00:00,84.9555241000,85.7485745000,84.8762190600,84.9555241000,934400
2023-11-22 10:30:00,84.9555241000,85.1339604400,84.5391726400,84.6977827200,546200
2023-11-22 11:00:00,84.6977827200,84.8861321900,84.0534292700,84.0831686600,701600
2023-11-22 11:30:00,84.0831686600,84.4003888200,84.0831686600,84.2417787400,366700
2023-11-22 13:30:00,84.2516918700,84.6581302000,84.1029949200,84.4598676000,374200
2023-11-22 14:00:00,84.4598676000,84.6085645500,84.0633424000,84.0633424000,257800
2023-11-22 14:30:00,84.0732555300,84.1922130900,83.9443848400,83.9642111000,412800
2023-11-22 15:00:00,83.9642111000,84.1822999600,83.7659485000,83.8948191900,697800
2023-11-23 10:00:00,83.9443848400,84.5490857700,82.7448961100,83.0522031400,1092100
2023-11-23 10:30:00,83.0522031400,84.6383039400,83.0422900100,84.2616050000,615900
2023-11-23 11:00:00,84.2417787400,84.3012575200,83.7659485000,83.8056010200,204000
2023-11-23 11:30:00,83.8056010200,86.0360552700,83.6866434600,85.6791825900,948200
2023-11-23 13:30:00,85.6494432000,85.6494432000,84.8960453200,85.2033523500,688700
2023-11-23 14:00:00,85.2033523500,85.7386613700,85.0744816600,85.3917018200,618600
2023-11-23 14:30:00,85.3520493000,85.6395300700,85.3123967800,85.3421361700,517500
2023-11-23 15:00:00,85.3421361700,85.4511806000,85.0744816600,85.2033523500,447100
2023-11-24 10:00:00,84.7076958500,85.5106593800,83.9047323200,84.1426474400,869800
2023-11-24 10:30:00,84.1426474400,84.1525605700,83.3595101700,83.5775990300,635800
2023-11-24 11:00:00,83.5775990300,83.9047323200,82.8737668000,83.0621162700,721000
2023-11-24 11:30:00,83.0621162700,83.2306394800,82.7052435900,82.8043748900,590200
2023-11-24 13:30:00,82.7250698500,83.0621162700,82.4375890800,82.6160254200,561600
2023-11-24 14:00:00,82.6160254200,82.8539405400,82.3582840400,82.7250698500,346600
2023-11-24 14:30:00,82.7250698500,82.7250698500,82.2888921300,82.4673284700,419200
2023-11-24 15:00:00,82.4772416000,82.7250698500,82.1798477000,82.2294133500,949100
2023-11-27 10:00:00,81.9815851000,82.8638536700,81.0398377500,81.3174053900,1389400
2023-11-27 10:30:00,81.3174053900,81.9022800600,81.3174053900,81.6445386800,564100
2023-11-27 11:00:00,81.5949730300,81.6941043300,81.0894034000,81.2678397400,521700
2023-11-27 11:30:00,81.2777528700,81.3867973000,80.9506195800,81.1092296600,345300
2023-11-27 13:30:00,81.2876660000,82.0807164000,81.1389690500,81.9617588400,436000
2023-11-27 14:00:00,81.9419325800,82.6953304600,81.8626275400,82.0212376200,503400
2023-11-27 14:30:00,82.0212376200,82.0807164000,81.4859286000,81.7535831100,287800
2023-11-27 15:00:00,81.7535831100,82.2789790000,81.4859286000,81.9518457100,543700
2023-11-28 10:00:00,81.7833225000,82.3781103000,81.0398377500,81.6247124200,1091300
2023-11-28 10:30:00,81.6247124200,82.0509770100,80.7721832400,81.3372316500,1160300
2023-11-28 11:00:00,81.3372316500,81.3372316500,80.6036600300,80.8713145400,568900
2023-11-28 11:30:00,80.8713145400,80.9605327100,80.4648762100,80.7622701100,442800
2023-11-28 13:30:00,80.7424438500,80.9605327100,80.3558317800,80.4351368200,398500
2023-11-28 14:00:00,80.4351368200,80.6928782000,80.3360055200,80.5640075100,369000
2023-11-28 14:30:00,80.5640075100,81.0894034000,80.4747893400,80.8118357600,311900
2023-11-28 15:00:00,80.8118357600,81.2480134800,80.6036600300,81.2182740900,723700
2023-11-29 10:00:00,81.2083609600,81.7337568500,80.2269610900,80.3360055200,1112700
2023-11-29 10:30:00,80.3360055200,81.0596640100,80.2864398700,80.3855711700,640800
2023-11-29 11:00:00,80.3855711700,80.6333994200,80.2963530000,80.3657449100,265600
2023-11-29 11:30:00,80.3657449100,80.5739206400,80.2567004800,80.4053974300,229000
2023-11-29 13:30:00,80.4450499500,80.5640075100,80.1873085700,80.3161792600,269500
2023-11-29 14:00:00,80.3260923900,80.5937469000,80.2170479600,80.5342681200,208600
2023-11-29 14:30:00,80.5342681200,80.5342681200,80.1873085700,80.2368742200,323900
2023-11-29 15:00:00,80.2368742200,80.4450499500,80.0980904000,80.3260923900,471300
2023-11-30 10:00:00,80.0980904000,80.5441812500,78.7994703700,79.5826076400,1339400
2023-11-30 10:30:00,79.5826076400,80.3459186500,79.3744319100,79.7213914600,506000
2023-11-30 11:00:00,79.7213914600,80.0386116200,79.6519995500,79.8304358900,206400
2023-11-30 11:30:00,79.8304358900,79.8304358900,79.2554743500,79.3843450400,290200
2023-11-30 13:30:00,79.3843450400,79.7213914600,79.1464299200,79.1662561800,316700
2023-11-30 14:00:00,79.1662561800,79.4636500800,78.9878198400,78.9878198400,350200
2023-11-30 14:30:00,78.9878198400,79.5826076400,78.8589491500,79.4537369500,412100
2023-11-30 15:00:00,79.4537369500,79.6916520700,79.2257349600,79.6619126800,538200
2023-12-01 10:00:00,79.8006965000,80.4549630800,79.3248662600,79.6222601600,1029000
2023-12-01 10:30:00,79.6321732900,79.8403490200,79.4636500800,79.4834763400,299700
2023-12-01 11:00:00,79.4834763400,79.8700884100,79.3843450400,79.6123470300,336200
2023-12-01 11:30:00,79.5826076400,80.1179166600,79.4933894700,80.0187853600,295300
2023-12-01 13:30:00,79.9989591000,80.0782641400,79.4735632100,80.0485247500,364500
2023-12-01 14:00:00,80.0485247500,81.6346255500,79.8700884100,81.2777528700,1428400
2023-12-01 14:30:00,81.2777528700,81.3867973000,80.9208801900,81.1191427900,1011200
2023-12-01 15:00:00,81.1191427900,81.4661023400,80.9506195800,81.4264498200,1036900
2023-12-04 10:00:00,81.5652336400,83.2802051300,80.1476560500,82.4871547300,2251500
2023-12-04 10:30:00,82.4871547300,82.7052435900,81.2876660000,82.3087183900,1455500
2023-12-04 11:00:00,82.3087183900,82.4078496900,81.3074922600,81.4363629500,708200
2023-12-04 11:30:00,81.4363629500,82.0708032700,81.2876660000,82.0509770100,533400
2023-12-04 13:30:00,82.0410638800,82.3781103000,81.7535831100,82.1401951800,519400
2023-12-04 14:00:00,82.1401951800,82.6259385500,81.7833225000,81.8328881500,550200
2023-12-04 14:30:00,81.8328881500,82.0807164000,81.7337568500,81.9518457100,391600
2023-12-04 15:00:00,81.9518457100,82.1798477000,81.6346255500,81.8229750200,589100
2023-12-05 10:00:00,81.3372316500,81.5057548600,80.2269610900,80.3954843000,1041000
2023-12-05 10:30:00,80.3954843000,81.3768841700,80.3657449100,80.9902721000,439700
2023-12-05 11:00:00,80.9902721000,81.0497508800,80.5640075100,80.6135731600,234700
2023-12-05 11:30:00,80.6631388100,80.8217488900,80.3260923900,80.4648762100,298900
2023-12-05 13:30:00,80.4648762100,80.6532256800,79.9097409300,80.4351368200,408100
2023-12-05 14:00:00,80.4153105600,80.6928782000,80.2963530000,80.5144418600,205500
2023-12-05 14:30:00,80.5243549900,80.5243549900,79.9295671900,80.1377429200,262800
2023-12-05 15:00:00,80.1377429200,80.1476560500,79.1959955700,79.2455612200,734000
2023-12-06 10:00:00,78.9977329700,79.8006965000,78.3632926500,79.3645187800,1137100
2023-12-06 10:30:00,79.3645187800,79.6321732900,79.0968642700,79.1166905300,407000
2023-12-06 11:00:00,79.1166905300,79.1662561800,78.8192966300,78.9382541900,340100
2023-12-06 11:30:00,78.9382541900,78.9977329700,78.5020764700,78.5516421200,298400
2023-12-06 13:30:00,78.5417289900,79.3744319100,78.4624239500,79.3645187800,444100
2023-12-06 14:00:00,79.3645187800,79.6123470300,78.9184279300,79.0572117500,437800
2023-12-06 14:30:00,79.0572117500,79.4041713000,78.9580804500,79.2852137400,526900
2023-12-06 15:00:00,79.2852137400,79.3446925200,79.0274723600,79.0968642700,481900
2023-12-07 10:00:00,79.2852137400,80.7523569800,79.0770380100,79.8800015400,1352200
2023-12-07 10:30:00,79.8800015400,80.3756580400,79.4041713000,79.6420864200,636800
2023-12-07 11:00:00,79.6420864200,80.1873085700,79.4041713000,79.7709571100,374200
2023-12-07 11:30:00,79.7709571100,79.9196540600,79.5231288600,79.8106096300,240400
2023-12-07 13:30:00,79.8106096300,81.6544518100,79.7412177200,80.9704458400,937400
2023-12-07 14:00:00,80.9208801900,81.2777528700,80.6631388100,81.0100983600,468100
2023-12-07 14:30:00,81.0100983600,81.2480134800,80.7027913300,80.9902721000,519600
2023-12-07 15:00:00,80.9803589700,81.1389690500,80.6928782000,80.7523569800,465700
2023-12-08 10:00:00,81.8725406700,83.0819425300,80.9407064500,81.7139305900,1899700
2023-12-08 10:30:00,81.7139305900,81.9221063200,80.6631388100,81.3669710400,721500
2023-12-08 11:00:00,81.3669710400,81.8328881500,80.9010539300,81.4561892100,538900
2023-12-08 11:30:00,81.4561892100,82.7944617600,81.4165366900,82.7052435900,986800
2023-12-08 13:30:00,82.7647223700,82.9530718400,82.3582840400,82.6457648100,1030500
2023-12-08 14:00:00,82.6457648100,82.9927243600,82.6358516800,82.8836799300,1071100
2023-12-08 14:30:00,82.9134193200,83.3396839100,82.8341142800,83.1711607000,1172600
2023-12-08 15:00:00,83.1711607000,83.1810738300,82.5862860300,82.8539405400,802600
2023-12-11 10:00:00,82.2888921300,84.2417787400,81.1092296600,84.1129080500,1977100
2023-12-11 10:30:00,84.1129080500,84.9456109700,83.8056010200,83.9840373600,1490600
2023-12-11 11:00:00,83.9840373600,84.1624737000,83.4982939900,83.8452535400,488900
2023-12-11 11:30:00,83.8452535400,84.6085645500,83.6767303300,84.5193463800,539500
2023-12-11 13:30:00,84.4995201200,84.5589989000,84.0732555300,84.2616050000,387000
2023-12-11 14:00:00,84.2616050000,84.5193463800,83.9146454500,84.0930817900,474300
2023-12-11 14:30:00,84.0930817900,85.0348291400,84.0137767500,84.9456109700,815000
2023-12-11 15:00:00,84.9456109700,84.9555241000,84.5887382900,84.8663059300,722100
2023-12-12 10:00:00,85.1339604400,85.5800512900,83.5676859000,83.8353404100,1983000
2023-12-12 10:30:00,83.8650798000,84.8068271500,83.8650798000,84.6680433300,538400
2023-12-12 11:00:00,84.6680433300,85.0645685300,84.4103019500,84.5788251600,433900
2023-12-12 11:30:00,84.5788251600,84.9356978400,84.3012575200,84.3904756900,365000
2023-12-12 13:30:00,84.3706494300,84.9555241000,84.2616050000,84.8563928000,353400
2023-12-12 14:00:00,84.8563928000,84.8563928000,84.2715181300,84.3111706500,419800
2023-12-12 14:30:00,84.3111706500,84.7671746300,84.3012575200,84.4796938600,346500
2023-12-12 15:00:00,84.4796938600,84.4896069900,83.9146454500,84.0633424000,750200
2023-12-13 10:00:00,84.0534292700,85.2529180000,83.6668172000,84.7473483700,1102000
2023-12-13 10:30:00,84.7473483700,84.7473483700,83.9245585800,83.9542979700,558200
2023-12-13 11:00:00,83.9542979700,83.9542979700,83.3793364300,83.6668172000,406500
2023-12-13 11:30:00,83.7461222400,84.7770877600,83.6569040700,84.4301282100,330600
2023-12-13 13:30:00,84.4499544700,84.5986514200,83.9840373600,84.0732555300,307500
2023-12-13 14:00:00,84.0732555300,84.4400413400,83.8650798000,84.1525605700,389500
2023-12-13 14:30:00,84.0732555300,84.1624737000,83.7262959800,84.0930817900,268200
2023-12-13 15:00:00,84.0930817900,84.1624737000,83.3495970400,83.3793364300,495800
2023-12-14 10:00:00,83.6767303300,85.3024836500,83.6569040700,83.9642111000,1062300
2023-12-14 10:30:00,83.9642111000,83.9642111000,83.3396839100,83.5478596400,373600
2023-12-14 11:00:00,83.4982939900,83.7659485000,83.1513344400,83.7163828500,347900
2023-12-14 11:30:00,83.7163828500,84.2021262200,83.6073384200,84.1029949200,210700
2023-12-14 13:30:00,84.1029949200,84.1029949200,83.4090758200,83.4685546000,143300
2023-12-14 14:00:00,83.4685546000,83.5875121600,83.0918556600,83.3198576500,226800
2023-12-14 14:30:00,83.3198576500,83.5181202500,82.8638536700,82.9828112300,341500
2023-12-14 15:00:00,82.9828112300,83.0918556600,82.4673284700,82.5763729000,523200
2023-12-15 10:00:00,82.7448961100,83.2702920000,82.0113244900,82.4574153400,655200
2023-12-15 10:30:00,82.4574153400,83.2108132200,82.2888921300,83.2009000900,426100
2023-12-15 11:00:00,83.2009000900,83.3892495600,82.4375890800,82.5763729000,344000
2023-12-15 11:30:00,82.5763729000,83.0621162700,82.4772416000,82.7944617600,254000
2023-12-15 13:30:00,82.7746355000,82.7746355000,81.9815851000,82.1203689200,430500
2023-12-15 14:00:00,82.1203689200,82.5168941200,82.0113244900,82.1401951800,360600
2023-12-15 14:30:00,82.1401951800,82.4078496900,81.8130618900,81.8130618900,304100
2023-12-15 15:00:00,81.8130618900,82.2789790000,81.7436699800,82.2095870900,526000
2023-12-18 10:00:00,81.7337568500,82.5664597700,81.5354942500,82.2393264800,728600
2023-12-18 10:30:00,82.2393264800,82.2789790000,81.2975791300,81.5156679900,394400
2023-12-18 11:00:00,81.5354942500,82.2789790000,81.4958417300,82.2393264800,429200
2023-12-18 11:30:00,82.2393264800,82.8737668000,82.1401951800,82.3681971700,634600
2023-12-18 13:30:00,82.2988052600,82.3681971700,81.8824538000,82.0906295300,171700
2023-12-18 14:00:00,82.0906295300,82.2789790000,81.9022800600,81.9022800600,138600
2023-12-18 14:30:00,81.9121931900,82.0906295300,81.4165366900,81.6544518100,228600
2023-12-18 15:00:00,81.6544518100,81.9022800600,81.3471447800,81.6643649400,311700
2023-12-19 10:00:00,81.4264498200,81.8428012800,80.7523569800,80.9506195800,720700
2023-12-19 10:30:00,80.9506195800,81.6643649400,80.9506195800,81.5553205100,158200
2023-12-19 11:00:00,81.5553205100,82.3384577800,81.2381003500,81.3570579100,473700
2023-12-19 11:30:00,81.3768841700,81.5850599000,81.1984478300,81.3669710400,123500
2023-12-19 13:30:00,81.2876660000,81.5850599000,81.1687084400,81.4561892100,156700
2023-12-19 14:00:00,81.4561892100,81.6742780700,80.9704458400,81.0001852300,217400
2023-12-19 14:30:00,81.0001852300,81.2381003500,80.2963530000,80.5144418600,560600
2023-12-19 15:00:00,80.5144418600,81.1488821800,80.1972217000,81.0894034000,1135100
2023-12-20 10:00:00,81.5255811200,81.6147992900,79.8800015400,80.4351368200,811200
2023-12-20 10:30:00,80.4351368200,80.8713145400,80.1575691800,80.4648762100,258100
2023-12-20 11:00:00,80.4648762100,80.8911408000,80.1773954400,80.7127044600,219900
2023-12-20 11:30:00,80.6928782000,80.8415751500,80.3260923900,80.3756580400,181100
2023-12-20 13:30:00,80.3756580400,80.3756580400,79.7709571100,80.2269610900,380200
2023-12-20 14:00:00,80.2269610900,80.2269610900,79.6519995500,79.9791328400,261900
2023-12-20 14:30:00,79.9791328400,80.0286984900,79.5429551200,79.7213914600,289600
2023-12-20 15:00:00,79.7213914600,79.7511308500,79.3050400000,79.3050400000,460900
2023-12-21 10:00:00,79.0671248800,79.9692197100,78.1551169200,78.4227714300,917700
2023-12-21 10:30:00,78.3732057800,78.5714683800,77.4413715600,78.0758118800,893900
2023-12-21 11:00:00,78.0758118800,78.6111209000,77.9172018000,78.5020764700,479100
2023-12-21 11:30:00,78.5020764700,79.7907833700,78.4723370800,78.6210340300,567700
2023-12-21 13:30:00,78.6805128100,79.0572117500,78.2839876100,78.7499047200,427700
2023-12-21 14:00:00,78.7499047200,79.5033026000,78.6408602900,79.2356480900,424200
2023-12-21 14:30:00,79.2356480900,79.2455612200,78.6309471600,78.8490360200,285700
2023-12-21 15:00:00,78.7102522000,79.2257349600,78.7102522000,79.0968642700,492800
2023-12-22 10:00:00,78.9085148000,79.0671248800,76.9258888000,76.9258888000,1084800
2023-12-22 10:30:00,76.9258888000,78.0758118800,76.9258888000,77.6396341600,408200
2023-12-22 11:00:00,77.6396341600,78.3335532600,77.5504159900,78.2145957000,289300
2023-12-22 11:30:00,78.2145957000,78.8093835000,77.9766805800,78.5912946400,390300
2023-12-22 13:30:00,78.3831189100,78.4128583000,76.9952807100,78.0163331000,968900
2023-12-22 14:00:00,78.0163331000,78.1551169200,77.6991129400,77.6991129400,348200
2023-12-22 14:30:00,77.7486785900,77.9271149300,77.2431089600,77.3620665200,328600
2023-12-22 15:00:00,77.3620665200,77.5504159900,77.1043251400,77.2232827000,714000
2023-12-25 10:00:00,77.2034564400,78.5119896000,77.2034564400,77.9271149300,643800
2023-12-25 10:30:00,77.9370280600,78.7895572400,77.8279836300,78.4029451700,514400
2023-12-25 11:00:00,78.4425976900,78.6111209000,78.2245088300,78.2245088300,212900
2023-12-25 11:30:00,78.2245088300,78.2245088300,77.8180705000,77.8478098900,145300
2023-12-25 13:30:00,77.9965068400,78.1947694400,77.8279836300,77.9370280600,94100
2023-12-25 14:00:00,77.9370280600,78.1352906600,77.7982442400,77.8081573700,219300
2023-12-25 14:30:00,77.8081573700,78.0658987500,77.7387654600,77.9370280600,140700
2023-12-25 15:00:00,77.9370280600,77.9865937100,77.6991129400,77.7486785900,279700
2023-12-26 10:00:00,77.5702422500,77.5702422500,75.1514385300,75.4389193000,974300
2023-12-26 10:30:00,75.4389193000,75.6669212900,74.8243052400,74.8243052400,811800
2023-12-26 11:00:00,74.8243052400,74.9234365400,74.4476063000,74.6756082900,683800
2023-12-26 11:30:00,74.6756082900,74.8243052400,74.4376931700,74.6161295100,332300
2023-12-26 13:30:00,74.7251739400,75.2902223500,74.5566507300,74.6557820300,553700
2023-12-26 14:00:00,74.6557820300,75.6470950300,74.5467376000,75.5479637300,602100
2023-12-26 14:30:00,75.5479637300,75.6966606800,74.9928284500,75.1216991400,341000
2023-12-26 15:00:00,75.1216991400,75.4884849500,74.9928284500,75.3497011300,490800
2023-12-27 10:00:00,75.3397880000,76.2220565700,75.3397880000,75.8651838900,756900
2023-12-27 10:30:00,75.8651838900,76.3311010000,75.7561394600,75.8651838900,384300
2023-12-27 11:00:00,75.8651838900,75.9742283200,75.5975293800,75.9544020600,268200
2023-12-27 11:30:00,75.9544020600,76.2319697000,75.5677899900,76.0535333600,348700
2023-12-27 13:30:00,76.0436202300,76.0733596200,75.5380506000,75.5380506000,269000
2023-12-27 14:00:00,75.5380506000,75.7065738100,75.2208304400,75.3794405200,295800
2023-12-27 14:30:00,75.3794405200,75.6470950300,75.2208304400,75.3298748700,421200
2023-12-27 15:00:00,75.3298748700,75.4587455600,75.2010041800,75.2902223500,447100
2023-12-28 10:00:00,75.3298748700,75.8354445000,74.3484750000,75.6272687700,916500
2023-12-28 10:30:00,75.6272687700,76.6681474200,75.6173556400,76.5888423800,969300
2023-12-28 11:00:00,76.5888423800,77.1439776600,76.1824040500,76.9556281900,676500
2023-12-28 11:30:00,76.9556281900,77.1836301800,76.4302323000,77.1737170500,340300
2023-12-28 13:30:00,77.1241514000,77.8081573700,76.9358019300,77.8081573700,437800
2023-12-28 14:00:00,77.8081573700,78.2740744800,77.6297210300,77.9965068400,369600
2023-12-28 14:30:00,77.9965068400,78.2245088300,77.8973755400,78.1848563100,547300
2023-12-28 15:00:00,78.1848563100,78.2245088300,78.0163331000,78.1650300500,681100
2023-12-29 10:00:00,78.0163331000,80.2467873500,78.0163331000,80.1773954400,1216100
2023-12-29 10:30:00,80.1773954400,80.8118357600,80.0584378800,80.3161792600,989000
2023-12-29 11:00:00,80.3161792600,80.3360055200,79.8006965000,79.9493934500,620000
2023-12-29 11:30:00,79.9493934500,80.0782641400,79.5528682500,79.9295671900,366600
2023-12-29 13:30:00,79.9196540600,79.9791328400,79.4140844300,79.4339106900,273000
2023-12-29 14:00:00,79.4339106900,79.7412177200,79.3546056500,79.6024339000,327900
2023-12-29 14:30:00,79.6024339000,79.8006965000,79.4239975600,79.6123470300,318400
2023-12-29 15:00:00,79.6123470300,79.6321732900,79.2852137400,79.3645187800,711400
2024-01-02 10:00:00,79.3645187800,79.7412177200,78.0658987500,78.3732057800,1029900
2024-01-02 10:30:00,78.3732057800,78.8093835000,78.0163331000,78.4723370800,445600
2024-01-02 11:00:00,78.4723370800,78.6904259400,78.2245088300,78.3137270000,162800
2024-01-02 11:30:00,78.3137270000,78.7003390700,78.1154644000,78.1154644000,173500
2024-01-02 13:30:00,78.1154644000,78.2344219600,77.9568543200,78.1352906600,266700
2024-01-02 14:00:00,78.1055512700,78.1055512700,77.8478098900,77.9865937100,284900
2024-01-02 14:30:00,77.9766805800,78.0262462300,77.7090260700,77.7288523300,312000
2024-01-02 15:00:00,77.7288523300,77.8081573700,77.4017190400,77.4215453000,498200
2024-01-03 10:00:00,77.0250201000,77.0844988800,75.8354445000,75.9048364100,996400
2024-01-03 10:30:00,75.9048364100,76.3112747400,75.7065738100,76.0138808400,513600
2024-01-03 11:00:00,75.9345758000,76.1724909200,75.6173556400,75.6966606800,284900
2024-01-03 11:30:00,75.6966606800,75.7858788500,75.0225678400,75.0423941000,472200
2024-01-03 13:30:00,75.0622203600,75.3794405200,74.9432628000,75.1018728800,345200
2024-01-03 14:00:00,75.1216991400,75.5479637300,75.1018728800,75.4389193000,358900
2024-01-03 14:30:00,75.4389193000,75.8255313700,75.3596142600,75.6173556400,360000
2024-01-03 15:00:00,75.6173556400,75.7363132000,75.1514385300,75.4190930400,541600
2024-01-04 10:00:00,74.9730021900,75.3001354800,73.5554246000,73.9122972800,1073100
2024-01-04 10:30:00,73.9122972800,74.1105598800,73.6644690300,73.7437740700,501100
2024-01-04 11:00:00,73.7338609400,73.7536872000,73.3670751300,73.4463801700,467500
2024-01-04 11:30:00,73.4463801700,73.6248165100,72.8813317600,73.0994206200,546100
2024-01-04 13:30:00,73.1588994000,73.5256852100,73.0399418400,73.0696812300,365200
2024-01-04 14:00:00,73.0696812300,73.1588994000,72.5442853400,72.6533297700,553600
2024-01-04 14:30:00,72.6533297700,73.0498549700,72.3460227400,72.5541984700,1070400
2024-01-04 15:00:00,72.5541984700,73.1291600100,72.5145459500,72.6037641200,934500
2024-01-05 10:00:00,73.0399418400,73.7041215500,72.3658490000,73.3869013900,1113000
2024-01-05 10:30:00,73.3769882600,73.4562933000,72.3361096100,72.7425479400,774200
2024-01-05 11:00:00,72.7425479400,72.8515923700,72.3261964800,72.3658490000,599500
2024-01-05 11:30:00,72.3658490000,72.4649803000,72.2072389200,72.2270651800,268700
2024-01-05 13:30:00,72.2270651800,72.5541984700,71.9693238000,72.0684551000,404500
2024-01-05 14:00:00,72.0684551000,72.2072389200,71.3745360000,71.4736673000,670400
2024-01-05 14:30:00,71.4736673000,71.6719299000,70.8887926300,70.8887926300,546600
2024-01-05 15:00:00,70.8887926300,71.3547097400,70.3832230000,71.1960996600,1241700
2024-01-08 10:00:00,71.1960996600,71.1960996600,69.9272190200,70.5913987300,927300
2024-01-08 10:30:00,70.5913987300,70.6806169000,69.9966109300,70.0957422300,537000
2024-01-08 11:00:00,70.0957422300,70.4724411700,69.2729524400,69.3423443500,995800
2024-01-08 11:30:00,69.3423443500,69.5009544300,68.8962535000,69.3126049600,861800
2024-01-08 13:30:00,69.3423443500,69.6397382500,69.0449504500,69.1143423600,555100
2024-01-08 14:00:00,69.1143423600,69.3621706100,68.9854716700,69.2035605300,429200
2024-01-08 14:30:00,69.1639080100,69.6199119900,69.0548635800,69.2531261800,905100
2024-01-08 15:00:00,69.2531261800,69.2927787000,68.9458191500,69.0945161000,753200
2024-01-09 10:00:00,69.4811281700,69.9767846700,69.0251241900,69.2828655700,1089300
2024-01-09 10:30:00,69.2927787000,69.7190432900,68.7574696800,69.1440817500,882300
2024-01-09 11:00:00,69.1440817500,69.3919100000,68.0833768400,68.1725950100,796500
2024-01-09 11:30:00,68.1725950100,68.4105101300,67.8355485900,68.2122475300,531200
2024-01-09 13:30:00,68.2419869200,68.6484252500,67.9049405000,67.9644192800,364300
2024-01-09 14:00:00,67.9644192800,68.3411182200,67.7066779000,67.7165910300,592500
2024-01-09 14:30:00,67.7165910300,68.5691202100,67.7066779000,68.3411182200,444700
2024-01-09 15:00:00,68.3411182200,68.5889464700,68.2816394400,68.4005970000,409500
2024-01-10 10:00:00,68.4501626500,68.4501626500,66.2791871800,66.9037143700,1969200
2024-01-10 10:30:00,66.9037143700,68.2122475300,66.8045830700,67.5877203400,1140800
2024-01-10 11:00:00,67.5877203400,68.2122475300,67.2308476600,67.2804133100,792000
2024-01-10 11:30:00,67.2804133100,67.4291102600,66.9532800200,67.2110214000,556800
2024-01-10 13:30:00,67.0127588000,67.1317163600,66.5171023000,66.5864942100,949700
2024-01-10 14:00:00,66.5964073400,66.6558861200,66.1007508400,66.5369285600,994700
2024-01-10 14:30:00,66.5567548200,66.7550174200,65.9718801500,66.1404033600,1368000
2024-01-10 15:00:00,66.1404033600,66.3783184800,65.9223145000,66.0214458000,1494700
2024-01-11 10:00:00,66.0313589300,66.8541487200,65.5951812100,66.2692740500,2090800
2024-01-11 10:30:00,66.2692740500,67.4885890400,66.2494477900,67.0226719300,1209200
2024-01-11 11:00:00,67.0226719300,67.2903264400,66.3684053500,66.3783184800,613800
2024-01-11 11:30:00,66.3783184800,66.5567548200,66.1503164900,66.2197084000,704400
2024-01-11 13:30:00,66.3188397000,67.3597183500,66.2593609200,66.8442355900,1651900
2024-01-11 14:00:00,66.8442355900,67.1515426200,66.6955386400,66.9037143700,1068300
2024-01-11 14:30:00,66.9037143700,66.9235406300,66.3584922200,66.5071891700,1100300
2024-01-11 15:00:00,66.5071891700,66.6558861200,66.3386659600,66.6162336000,1096800
2024-01-12 10:00:00,66.5666679500,66.8640618500,65.5456155600,66.0908377100,1803500
2024-01-12 10:30:00,66.0908377100,66.5071891700,66.0016195400,66.2197084000,665500
2024-01-12 11:00:00,66.2197084000,66.2990134400,65.8033569400,65.9024882400,753000
2024-01-12 11:30:00,65.9024882400,65.9817932800,65.2283954000,65.2779610500,948800
2024-01-12 13:30:00,65.2779610500,65.6050943400,65.1292641000,65.4266580000,645500
2024-01-12 14:00:00,65.4266580000,65.5158761700,65.1689166200,65.2482216600,647300
2024-01-12 14:30:00,65.2482216600,65.5753549500,65.1193509700,65.4563973900,729200
2024-01-12 15:00:00,65.4563973900,65.4663105200,65.2779610500,65.3473529600,743000
2024-01-15 10:00:00,64.7823045500,65.0896115800,63.5530764300,64.1379511000,2286200
2024-01-15 10:30:00,64.1379511000,64.9706540200,64.0487329300,64.8913489800,1109900
2024-01-15 11:00:00,64.8913489800,65.2779610500,64.3758662200,64.8616095900,640100
2024-01-15 11:30:00,64.8616095900,64.9210883700,64.6336076000,64.7327389000,446200
2024-01-15 13:30:00,64.7327389000,64.7823045500,64.3461268300,64.4155187400,550600
2024-01-15 14:00:00,64.4155187400,64.6732601200,64.3362137000,64.4749975200,527400
2024-01-15 14:30:00,64.4749975200,64.6038682100,64.2965611800,64.3758662200,476400
2024-01-15 15:00:00,64.3758662200,64.6038682100,64.0784723200,64.2866480500,1036600
2024-01-16 10:00:00,64.3163874400,64.3362137000,63.0970724500,63.5332501700,2581200
2024-01-16 10:30:00,63.5332501700,63.9793410200,63.4440320000,63.6522077300,1067800
2024-01-16 11:00:00,63.6522077300,63.7513390300,63.1466381000,63.1466381000,774300
2024-01-16 11:30:00,63.1466381000,63.4043794800,62.9483755000,62.9582886300,874900
2024-01-16 13:30:00,62.9384623700,63.3548138300,62.7699391600,62.9285492400,932400
2024-01-16 14:00:00,62.9285492400,63.1664643600,62.5221109100,62.5617634300,1006400
2024-01-16 14:30:00,62.5617634300,63.3349875700,62.5419371700,62.7996785500,1057600
2024-01-16 15:00:00,62.7996785500,63.3548138300,62.6014159500,63.3548138300,1515500
2024-01-17 10:00:00,63.2457694000,63.5431633000,62.5617634300,62.7798522900,1575400
2024-01-17 10:30:00,62.7798522900,63.0970724500,62.6708078600,62.7600260300,773800
2024-01-17 11:00:00,62.7600260300,62.8690704600,62.4923715200,62.4923715200,521500
2024-01-17 11:30:00,62.4923715200,62.8095916800,62.3040220500,62.7798522900,723000
2024-01-17 13:30:00,62.7501129000,62.7699391600,62.3535877000,62.3833270900,471700
2024-01-17 14:00:00,62.3734139600,62.6212422100,62.2841957900,62.3040220500,541000
2024-01-17 14:30:00,62.2941089200,62.4527190000,62.1553251000,62.3238483100,608700
2024-01-17 15:00:00,62.3238483100,62.4229796100,61.4713191300,61.4812322600,1260300
2024-01-18 10:00:00,61.6101029500,62.2544564000,60.8963575900,61.5109716500,1719000
2024-01-18 10:30:00,61.4614060000,61.5109716500,60.7476606400,60.9161838500,794600
2024-01-18 11:00:00,60.9161838500,61.1838383600,60.2222647500,60.3412223100,986300
2024-01-18 11:30:00,60.3412223100,61.3622747000,60.3412223100,61.3424484400,1091100
2024-01-18 13:30:00,61.3920140900,61.8480180700,60.6980949900,60.7575737700,834300
2024-01-18 14:00:00,60.7575737700,61.2135777500,60.4007010900,60.8963575900,819200
2024-01-18 14:30:00,60.8963575900,62.0165412800,60.8269656800,61.3920140900,1601300
2024-01-18 15:00:00,61.3920140900,62.1949776200,61.1640121000,62.1949776200,2522200
2024-01-19 10:00:00,62.0561938000,62.0561938000,60.8666182000,61.1739252300,2474300
2024-01-19 10:30:00,61.1739252300,61.1739252300,60.2420910100,60.3114829200,1261000
2024-01-19 11:00:00,60.3114829200,60.5989636900,59.9744365000,60.1627859700,1831200
2024-01-19 11:30:00,60.1627859700,60.4502667400,59.7563476400,59.8653920700,1107200
2024-01-19 13:30:00,59.9050445900,60.3412223100,59.6770426000,60.0834809300,907600
2024-01-19 14:00:00,60.0834809300,60.2420910100,59.8257395500,59.9149577200,622700
2024-01-19 14:30:00,59.9149577200,60.3114829200,59.6770426000,59.8653920700,959600
2024-01-19 15:00:00,59.8653920700,60.0735678000,59.6869557300,59.7266082500,1168400
2024-01-22 10:00:00,59.6968688600,60.1528728400,58.4478144800,58.7551215100,3110200
2024-01-22 10:30:00,58.7551215100,58.9038184600,58.3585963100,58.5072932600,1453300
2024-01-22 11:00:00,58.5072932600,58.9632972400,58.4478144800,58.6758164700,856200
2024-01-22 11:30:00,58.6758164700,59.0525154100,58.5172063900,58.6559902100,680900
2024-01-22 13:30:00,58.5865983000,58.6262508200,58.1008549300,58.3883357000,1165700
2024-01-22 14:00:00,58.3883357000,58.6559902100,58.0810286700,58.3486831800,675900
2024-01-22 14:30:00,58.3486831800,58.5172063900,57.4267620900,57.5754590400,1544200
2024-01-22 15:00:00,57.5754590400,57.6448509500,56.7229298600,57.0004975000,1836100
2024-01-23 10:00:00,57.0004975000,57.6745903400,56.0290107600,57.6646772100,2353600
2024-01-23 10:30:00,57.6646772100,58.4379013500,57.5060671300,57.6448509500,1624100
2024-01-23 11:00:00,57.6448509500,57.8431135500,57.1194550600,57.1194550600,710600
2024-01-23 11:30:00,57.1194550600,57.2978914000,56.6535379500,56.9112793300,819000
2024-01-23 13:30:00,56.9707581100,57.8926792000,56.8319742900,57.5952853000,1135900
2024-01-23 14:00:00,57.5952853000,57.6547640800,57.2185863600,57.5952853000,497400
2024-01-23 14:30:00,57.5952853000,58.0116367600,57.5853721700,57.8034610300,763000
2024-01-23 15:00:00,57.8034610300,57.9224185900,57.2185863600,57.4267620900,1203900
2024-01-24 10:00:00,57.6745903400,57.8728529400,56.2173602300,56.2371864900,2549400
2024-01-24 10:30:00,56.2371864900,56.2768390100,55.9001400700,56.0984026700,1048400
2024-01-24 11:00:00,56.0984026700,56.1479683200,55.6126593000,55.6423986900,883400
2024-01-24 11:30:00,55.6423986900,55.7811825100,55.2756128800,55.4243098300,1155400
2024-01-24 13:30:00,55.4342229600,55.4342229600,54.7303907300,55.3053522700,1300200
2024-01-24 14:00:00,55.3053522700,56.1677945800,55.2062209700,55.8010087700,1329500
2024-01-24 14:30:00,55.8010087700,56.6832773400,55.6027461700,56.5246672600,1303800
2024-01-24 15:00:00,56.5246672600,57.1194550600,56.4850147400,56.9806712400,1566700
2024-01-25 10:00:00,57.2582388800,57.2582388800,56.0091845000,56.5444935200,1761100
2024-01-25 10:30:00,56.5444935200,57.8431135500,56.2867521400,57.7935479000,1429600
2024-01-25 11:00:00,57.7935479000,58.3387700500,57.4961540000,57.7340691200,1433400
2024-01-25 11:30:00,57.7340691200,58.2594650100,57.6448509500,58.1999862300,657300
2024-01-25 13:30:00,58.2396387500,58.6659033400,57.8431135500,58.5568589100,1895400
2024-01-25 14:00:00,58.5568589100,58.5667720400,57.9422448500,58.1008549300,1480300
2024-01-25 14:30:00,58.1008549300,58.2396387500,58.0116367600,58.1801599700,953000
2024-01-25 15:00:00,58.1801599700,58.3090306600,58.0116367600,58.3090306600,1475100
2024-01-26 10:00:00,57.9818973700,57.9818973700,57.0004975000,57.0104106300,2282900
2024-01-26 10:30:00,57.0104106300,57.0104106300,56.3561440500,56.6237985600,1958000
2024-01-26 11:00:00,56.6337116900,56.8815399400,56.3858834400,56.4949278700,966700
2024-01-26 11:30:00,56.4949278700,56.5345803900,56.1083158000,56.1479683200,1085700
2024-01-26 13:30:00,56.1578814500,56.3561440500,55.9001400700,56.2570127500,703400
2024-01-26 14:00:00,56.2570127500,56.5444935200,56.0884895400,56.4057097000,643300
2024-01-26 14:30:00,56.4057097000,56.4057097000,55.9100532000,56.2173602300,854200
2024-01-26 15:00:00,56.2173602300,56.2272733600,55.8604875500,55.8604875500,1298100
2024-01-29 10:00:00,55.8704006800,56.5742329100,55.1963078400,55.7811825100,1767200
2024-01-29 10:30:00,55.7811825100,55.7811825100,54.7204776000,54.7799563800,2428000
2024-01-29 11:00:00,54.7799563800,54.9583927200,54.5519543900,54.7601301200,915600
2024-01-29 11:30:00,54.7601301200,55.1467421900,54.5519543900,54.6808250800,673600
2024-01-29 13:30:00,54.7700432500,54.8394351600,54.4032574400,54.6411725600,1007800
2024-01-29 14:00:00,54.6411725600,54.7898695100,54.4230837000,54.4726493500,592400
2024-01-29 14:30:00,54.4726493500,54.7403038600,54.3536917900,54.6510856900,469000
2024-01-29 15:00:00,54.6510856900,54.8989139400,54.1256898000,54.1455160600,1017600
2024-01-30 10:00:00,53.2335081000,55.6919643400,53.2136818400,53.6201201700,2724300
2024-01-30 10:30:00,53.6201201700,54.0265585000,52.9856798500,53.0352455000,1289700
2024-01-30 11:00:00,53.0352455000,53.4020313100,52.9955929800,53.1641161900,666400
2024-01-30 11:30:00,53.1641161900,53.3227262700,52.9162879400,53.0550717600,529100
2024-01-30 13:30:00,53.0550717600,53.1046374100,52.8171566400,52.9063748100,532200
2024-01-30 14:00:00,52.9063748100,53.7291646000,52.9063748100,53.3128131400,741100
2024-01-30 14:30:00,53.3128131400,53.3227262700,52.8171566400,52.8865485500,607000
2024-01-30 15:00:00,52.8865485500,52.9856798500,52.3215001400,52.5098496100,1318900
2024-01-31 10:00:00,51.9547143300,52.3115870100,51.2211427100,51.2310558400,1906900
2024-01-31 10:30:00,51.2310558400,51.3995790500,50.2000903200,50.2595691000,2057700
2024-01-31 11:00:00,50.2595691000,50.9237488100,50.2496559700,50.8246175100,941000
2024-01-31 11:30:00,50.8246175100,51.3301871400,50.7254862100,51.1616639300,666300
2024-01-31 13:30:00,51.1715770600,51.2508821000,50.4578317000,50.7056599500,882700
2024-01-31 14:00:00,50.7056599500,50.9237488100,50.4578317000,50.7651387300,1216400
2024-01-31 14:30:00,50.7651387300,50.8147043800,49.8333045100,49.8630439000,1306600
2024-01-31 15:00:00,49.8630439000,50.3686135300,49.6152156500,49.6449550400,2079500
2024-02-01 10:00:00,49.4665187000,49.8828701600,48.6536420400,48.6833814300,2316500
2024-02-01 10:30:00,48.6833814300,51.0030538500,48.6833814300,50.7651387300,2617900
2024-02-01 11:00:00,50.7651387300,51.3995790500,50.5073973500,50.5767892600,1237700
2024-02-01 11:30:00,50.5767892600,51.2607952300,50.5272236100,50.9039225500,625600
2024-02-01 13:30:00,50.8940094200,50.8940094200,49.9423489400,50.2595691000,1029900
2024-02-01 14:00:00,50.2595691000,50.3487872700,49.8630439000,49.9919145900,758700
2024-02-01 14:30:00,49.9919145900,50.3487872700,49.8134782500,49.9324358100,674700
2024-02-01 15:00:00,49.9324358100,50.1306984100,49.9225226800,49.9720883300,899400
2024-02-02 10:00:00,50.0613065000,50.5569630000,49.2583429700,49.4169530500,1904900
2024-02-02 10:30:00,49.4169530500,49.6647813000,49.1195591500,49.2286035800,888600
2024-02-02 11:00:00,49.2286035800,49.3079086200,48.5941632600,48.9411228100,1343500
2024-02-02 11:30:00,48.9411228100,49.0105147200,48.2174643200,48.2174643200,818200
2024-02-02 13:30:00,48.0786805000,48.1877249300,47.4640664400,47.7317209500,1444300
2024-02-02 14:00:00,47.7317209500,47.7614603400,46.6016241300,46.6016241300,1855200
2024-02-02 14:30:00,46.6016241300,46.8593655100,45.3624828800,46.7701473400,2937300
2024-02-02 15:00:00,46.7701473400,47.9498098100,46.7701473400,47.4442401800,1714300
2024-02-05 10:00:00,47.2261513200,47.3649351400,44.9461314200,45.0750021100,4411900
2024-02-05 10:30:00,45.0750021100,45.5805717400,43.9746446800,43.9845578100,2790300
2024-02-05 11:00:00,43.9845578100,44.4306486600,43.2212468000,43.6574245200,1911300
2024-02-05 11:30:00,43.6574245200,45.1642202800,43.6574245200,44.6983031700,1070000
2024-02-05 13:30:00,44.6189981300,46.3339696200,43.8160346000,46.0464888500,1515300
2024-02-05 14:00:00,46.0464888500,47.1567594100,45.9176181600,47.0873675000,1571300
2024-02-05 14:30:00,47.0873675000,47.0873675000,45.4318747900,45.7094424300,998700
2024-02-05 15:00:00,45.7094424300,46.2645777100,44.9659576800,45.0353495900,1612800
2024-02-06 10:00:00,44.9064789000,46.2447514500,44.2621254500,46.1257938900,3328300
2024-02-06 10:30:00,46.1257938900,47.3847614000,46.1257938900,46.8494523800,2628700
2024-02-06 11:00:00,46.8494523800,47.1964119300,46.5421453500,46.5520584800,1143500
2024-02-06 11:30:00,46.5520584800,46.8494523800,46.4231877900,46.6710160400,716400
2024-02-06 13:30:00,46.6710160400,47.9299835500,46.6710160400,47.9299835500,1880600
2024-02-06 14:00:00,47.9299835500,48.9510359400,47.6821553000,48.2769431000,2021500
2024-02-06 14:30:00,48.3066824900,48.3959006600,47.8903310300,47.8903310300,918200
2024-02-06 15:00:00,47.8903310300,48.4355531800,47.8110259900,48.3859875300,1322700
2024-02-07 10:00:00,48.3760744000,50.6362680400,48.2571168400,50.4974842200,4867800
2024-02-07 10:30:00,50.4974842200,50.5073973500,49.4863449600,50.3587004000,2466900
2024-02-07 11:00:00,50.3587004000,50.4677448300,49.8333045100,50.2100034500,1267000
2024-02-07 11:30:00,50.2100034500,50.2100034500,49.6846075600,49.8531307700,1068800
2024-02-07 13:30:00,49.8828701600,50.2793953600,49.5656500000,49.6945206900,1700500
2024-02-07 14:00:00,49.6945206900,49.8233913800,49.2385167100,49.4169530500,1283700
2024-02-07 14:30:00,49.4169530500,49.4169530500,48.8717309000,48.9113834200,1252700
2024-02-07 15:00:00,48.9113834200,49.6350419100,48.9113834200,49.6350419100,1541000
2024-02-08 10:00:00,50.3091347500,51.1220114100,49.7242600800,50.5371367400,4731400
2024-02-08 10:30:00,50.5371367400,52.4206314400,50.5272236100,51.9150618100,3348200
2024-02-08 11:00:00,51.9150618100,51.9150618100,51.3202740100,51.5284497400,1281300
2024-02-08 11:30:00,51.5284497400,51.8060173800,51.1715770600,51.7068860800,1101200
2024-02-08 13:30:00,51.7465386000,52.2421951000,51.7167992100,51.7267123400,1334600
2024-02-08 14:00:00,51.7267123400,51.7961042500,51.3995790500,51.4887972200,798600
2024-02-08 14:30:00,51.4887972200,51.9448012000,51.4491447000,51.7564517300,869900
2024-02-08 15:00:00,51.7564517300,52.3710657900,51.7564517300,52.3314132700,1705600
2024-02-19 10:00:00,55.0178715000,55.0575240200,53.7390777300,54.5222150000,7503000
2024-02-19 10:30:00,54.5222150000,54.6907382100,53.6300333000,54.1256898000,3533400
2024-02-19 11:00:00,54.1256898000,54.5816937800,53.7489908600,53.7985565100,1591500
2024-02-19 11:30:00,53.7985565100,53.9670797200,53.0848111500,53.2136818400,1961900
2024-02-19 13:30:00,53.2136818400,53.4615100900,52.4999364800,52.5395890000,2498300
2024-02-19 14:00:00,52.5395890000,53.2235949700,52.3413264000,53.0451586300,1746500
2024-02-19 14:30:00,53.0451586300,53.7787302500,53.0154192400,53.5804676500,1655000
2024-02-19 15:00:00,53.5804676500,54.1653423200,53.5110757400,54.1653423200,2312900
2024-02-20 10:00:00,52.8468960300,52.8468960300,51.4590578300,52.0042799800,5173100
2024-02-20 10:30:00,52.0042799800,52.6089809100,51.6771466900,52.5693283900,2083100
2024-02-20 11:00:00,52.5693283900,52.8171566400,52.3413264000,52.4107183100,1211100
2024-02-20 11:30:00,52.4107183100,52.7180253400,52.3611526600,52.6684596900,570100
2024-02-20 13:30:00,52.6882859500,52.9262010700,52.5990677800,52.8964616800,787700
2024-02-20 14:00:00,52.8964616800,52.9856798500,52.3809789200,52.8568091600,906800
2024-02-20 14:30:00,52.8667222900,53.2335081000,52.8171566400,53.0848111500,977800
2024-02-20 15:00:00,53.0848111500,53.4714232200,53.0550717600,53.3326394000,1824400
2024-02-21 10:00:00,52.2124557100,53.3326394000,52.1034112800,53.0154192400,2457100
2024-02-21 10:30:00,53.0154192400,53.7192514700,52.7378516000,53.6696858200,1613000
2024-02-21 11:00:00,53.6696858200,53.9769928500,53.6002939100,53.7985565100,1621800
2024-02-21 11:30:00,53.7886433800,54.4726493500,53.7886433800,54.4131705700,1826700
2024-02-21 13:30:00,54.4627362200,55.4143967000,54.4627362200,54.8890008100,2788900
2024-02-21 14:00:00,54.8890008100,55.0277846300,54.3338655300,54.4230837000,1610800
2024-02-21 14:30:00,54.4230837000,54.5717806500,53.8679484200,53.9769928500,1532500
2024-02-21 15:00:00,53.9769928500,54.1752554500,53.4020313100,53.4714232200,1620900
2024-02-22 10:00:00,53.9274272000,55.8902269400,53.9274272000,55.5234411300,5186000
2024-02-22 10:30:00,55.5234411300,55.6225724300,54.4528230900,54.9187402000,2290800
2024-02-22 11:00:00,54.9187402000,55.3945704400,54.6709119500,55.2161341000,1278000
2024-02-22 11:30:00,55.2161341000,55.6126593000,55.1467421900,55.4342229600,1359100
2024-02-22 13:30:00,55.4441360900,55.6721380800,55.1863947100,55.5531805200,957000
2024-02-22 14:00:00,55.5531805200,55.5531805200,55.1963078400,55.3846573100,907100
2024-02-22 14:30:00,55.3846573100,55.5829199100,55.0575240200,55.5036148700,997700
2024-02-22 15:00:00,55.5036148700,55.8208350300,55.4342229600,55.7712693800,1943200
2024-02-23 10:00:00,56.5345803900,56.6039723000,54.7799563800,55.3350916600,4975200
2024-02-23 10:30:00,55.3350916600,55.8109219000,54.8196089000,55.0971765400,1964700
2024-02-23 11:00:00,55.1170028000,55.6027461700,54.9286533300,55.5135280000,975400
2024-02-23 11:30:00,55.5135280000,55.6324855600,55.1665684500,55.3846573100,751000
2024-02-23 13:30:00,55.4044835700,55.4738754800,55.1170028000,55.2260472300,761200
2024-02-23 14:00:00,55.2260472300,55.6919643400,55.2260472300,55.6324855600,874400
2024-02-23 14:30:00,55.6324855600,56.0091845000,55.5730067800,55.9893582400,1781600
2024-02-23 15:00:00,55.9893582400,56.5444935200,55.9893582400,56.4255359600,2899300
2024-02-26 10:00:00,56.6237985600,58.4775538700,55.9893582400,58.4676407400,6450600
2024-02-26 10:30:00,58.4676407400,58.6857296000,57.6646772100,57.9521579800,3679600
2024-02-26 11:00:00,57.9521579800,58.6064245600,57.9521579800,58.5072932600,1330900
2024-02-26 11:30:00,58.5072932600,58.7551215100,58.2198124900,58.5766851700,1339900
2024-02-26 13:30:00,58.5965114300,58.7848609000,58.3883357000,58.4775538700,1155100
2024-02-26 14:00:00,58.4775538700,58.8344265500,58.4676407400,58.5865983000,1206500
2024-02-26 14:30:00,58.5865983000,58.5865983000,57.3573701800,57.6547640800,2519600
2024-02-26 15:00:00,57.6547640800,58.3685094400,57.6547640800,57.9224185900,1897900
2024-02-27 10:00:00,57.1690207100,57.5853721700,56.7724955100,57.0104106300,3838400
2024-02-27 10:30:00,57.0104106300,57.5457196500,56.9013662000,57.2978914000,1778200
2024-02-27 11:00:00,57.2978914000,58.5271195200,57.2086732300,58.3685094400,2120400
2024-02-27 11:30:00,58.3685094400,59.4787800000,58.3685094400,59.4787800000,3196800
2024-02-27 13:30:00,59.6770426000,59.9546102400,59.0723416700,59.3499093100,2608100
2024-02-27 14:00:00,59.3499093100,59.5580850400,58.7947740300,59.3994749600,1401800
2024-02-27 14:30:00,59.3994749600,59.8257395500,59.1417335800,59.7266082500,1553800
2024-02-27 15:00:00,59.7266082500,60.3709617000,59.5779113000,60.2916566600,2461400
2024-02-28 10:00:00,61.2433171400,62.7699391600,60.3808748300,62.4428058700,8292800
2024-02-28 10:30:00,62.4428058700,62.4527190000,61.1640121000,61.8083655500,3151700
2024-02-28 11:00:00,61.8083655500,61.8182786800,59.7464345100,60.5394849100,3166400
2024-02-28 11:30:00,60.5394849100,60.5394849100,58.6956427300,59.4986062600,2852000
2024-02-28 13:30:00,59.4986062600,60.5890505600,59.2210386200,60.0140890200,1811400
2024-02-28 14:00:00,60.0140890200,60.0438284100,59.2507780100,59.2606911400,1068800
2024-02-28 14:30:00,59.2606911400,59.3895618300,58.1008549300,58.4874670000,2468300
2024-02-28 15:00:00,58.4874670000,58.7749477700,57.1095419300,57.1293681900,2985200
2024-02-29 10:00:00,56.5048410000,59.3697355700,56.5048410000,59.1516467100,5493000
2024-02-29 10:30:00,59.1516467100,59.9149577200,59.1516467100,59.5085193900,2850800
2024-02-29 11:00:00,59.5085193900,60.7575737700,59.2111254900,60.3808748300,2452800
2024-02-29 11:30:00,60.3808748300,60.5097455200,58.9831235000,59.2507780100,1940600
2024-02-29 13:30:00,59.2805174000,59.3399961800,58.4279882200,58.9831235000,2370600
2024-02-29 14:00:00,58.9831235000,59.4688668700,58.5172063900,59.3399961800,1449800
2024-02-29 14:30:00,59.3399961800,59.4589537400,58.8839922000,59.4093880900,1034800
2024-02-29 15:00:00,59.4093880900,60.2321778800,59.3994749600,60.1330465800,2615400
2024-03-01 10:00:00,60.3511354400,61.4118403500,59.8753052000,61.1243595800,5451600
2024-03-01 10:30:00,61.1243595800,61.6894079900,60.8666182000,61.4812322600,3033100
2024-03-01 11:00:00,61.4812322600,61.5010585200,60.7476606400,61.0450545400,1614900
2024-03-01 11:30:00,61.0450545400,61.2334040100,60.2520041400,60.4502667400,1420500
2024-03-01 13:30:00,60.5295717800,60.9459232400,60.1826122300,60.7278343800,1283600
2024-03-01 14:00:00,60.7278343800,62.4527190000,60.6980949900,61.8381049400,3485600
2024-03-01 14:30:00,61.8381049400,62.3337614400,61.7587999000,62.2544564000,1797700
2024-03-01 15:00:00,62.2544564000,62.3337614400,61.7984524200,62.2346301400,2650300
2024-03-04 10:00:00,64.1280379700,64.8219570700,62.3337614400,62.8492442000,8910900
2024-03-04 10:30:00,62.8492442000,63.2259431400,61.5307979100,63.2259431400,3138300
2024-03-04 11:00:00,63.2259431400,63.5134239100,62.7996785500,63.3548138300,1807900
2024-03-04 11:30:00,63.3548138300,63.5134239100,62.8294179400,62.8294179400,1533500
2024-03-04 13:30:00,62.8393310700,63.4539451300,62.6509816000,62.7401997700,1551900
2024-03-04 14:00:00,62.7401997700,62.7401997700,62.0760200600,62.3535877000,1933200
2024-03-04 14:30:00,62.3535877000,62.3635008300,62.0462806700,62.0859331900,1735700
2024-03-04 15:00:00,62.0859331900,62.8988098500,62.0661069300,62.8591573300,2040000
2024-03-05 10:00:00,61.8678443300,62.1156725800,60.7476606400,60.8567050700,6229500
2024-03-05 10:30:00,60.8567050700,60.9756626300,60.1429597100,60.4998323900,3373000
2024-03-05 11:00:00,60.4998323900,61.7984524200,60.4304404800,61.5605373000,1795500
2024-03-05 11:30:00,61.5605373000,61.8579312000,61.4614060000,61.6794948600,1158700
2024-03-05 13:30:00,61.6794948600,62.3040220500,61.5208847800,61.6894079900,1374500
2024-03-05 14:00:00,61.6894079900,61.9372362400,61.5902766900,61.6101029500,1005400
2024-03-05 14:30:00,61.6101029500,61.7488867700,60.9855757600,61.1045333200,1325300
2024-03-05 15:00:00,61.1045333200,61.4614060000,60.4700930000,60.9161838500,2567300
2024-03-06 10:00:00,60.3808748300,62.6212422100,60.3213960500,61.8777574600,5359700
2024-03-06 10:30:00,61.8777574600,61.8777574600,60.7674869000,61.1441858400,2025000
2024-03-06 11:00:00,61.1441858400,61.4118403500,60.9459232400,61.2730565300,991800
2024-03-06 11:30:00,61.2730565300,61.8182786800,60.9161838500,61.8182786800,886300
2024-03-06 13:30:00,61.8579312000,62.0760200600,61.5803635600,61.8480180700,1644500
2024-03-06 14:00:00,61.8480180700,62.0066281500,61.5407110400,61.6894079900,931000
2024-03-06 14:30:00,61.6894079900,61.8480180700,61.2135777500,61.4118403500,1515800
2024-03-06 15:00:00,61.4019272200,61.5109716500,60.9954888900,61.3523615700,1416100
2024-03-07 10:00:00,62.6014159500,62.7996785500,61.4713191300,61.5208847800,3672600
2024-03-07 10:30:00,61.5208847800,61.6794948600,60.0735678000,60.6881818600,4188900
2024-03-07 11:00:00,60.6881818600,60.9459232400,60.0537415400,60.0537415400,1691000
2024-03-07 11:30:00,60.0537415400,60.0537415400,59.1119941900,59.2309517500,2901000
2024-03-07 13:30:00,59.1813861000,59.6473032100,58.7352952500,59.2805174000,1991600
2024-03-07 14:00:00,59.2805174000,59.7067819900,59.1813861000,59.2606911400,717700
2024-03-07 14:30:00,59.2606911400,59.6076506900,59.0326891500,59.2210386200,864300
2024-03-07 15:00:00,59.2210386200,59.3598224400,58.5271195200,58.5667720400,2540900
2024-03-08 10:00:00,59.3300830500,59.5878244300,57.9719842400,59.0128628900,3493300
2024-03-08 10:30:00,59.0128628900,59.6274769500,58.7352952500,59.2606911400,1966100
2024-03-08 11:00:00,59.2606911400,59.2606911400,58.9632972400,58.9732103700,1154900
2024-03-08 11:30:00,58.9732103700,59.6572163400,58.9533841100,59.5878244300,1369800
2024-03-08 13:30:00,59.6572163400,59.6770426000,59.1615598400,59.1615598400,978500
2024-03-08 14:00:00,59.1615598400,59.4292143500,59.0921679300,59.2904305300,1020900
2024-03-08 14:30:00,59.2904305300,59.8653920700,59.2309517500,59.6572163400,1528600
2024-03-08 15:00:00,59.6572163400,60.0041758900,59.6572163400,59.7960001600,1726400
2024-03-11 10:00:00,58.7154689900,59.1219073200,58.3090306600,58.9335578500,3187600
2024-03-11 10:30:00,58.9335578500,59.7266082500,58.6857296000,59.3796487000,1631800
2024-03-11 11:00:00,59.3796487000,59.4886931300,59.0525154100,59.1615598400,1025700
2024-03-11 11:30:00,59.1615598400,59.2706042700,58.8443396800,59.1912992300,1109100
2024-03-11 13:30:00,59.1912992300,59.5580850400,58.8839922000,59.3499093100,1425700
2024-03-11 14:00:00,59.3499093100,60.0636546700,59.3499093100,59.6968688600,1931400
2024-03-11 14:30:00,59.6968688600,60.2420910100,59.6671294700,60.0041758900,1453500
2024-03-11 15:00:00,60.0041758900,60.3511354400,59.9843496300,60.3313091800,1456300
2024-03-12 10:00:00,60.4700930000,62.0066281500,60.4700930000,61.3127090500,5446200
2024-03-12 10:30:00,61.3127090500,61.3127090500,60.5097455200,60.8170525500,2440700
2024-03-12 11:00:00,60.8170525500,61.1045333200,60.4106142200,60.7774000300,1462000
2024-03-12 11:30:00,60.6187899500,61.1540989700,60.5593111700,61.0351414100,769500
2024-03-12 13:30:00,61.0450545400,61.5902766900,60.9260969800,61.2928827900,1169400
2024-03-12 14:00:00,61.2928827900,61.6200160800,60.9558363700,61.6101029500,1351400
2024-03-12 14:30:00,61.6101029500,61.8777574600,61.1739252300,61.4217534800,1587700
2024-03-12 15:00:00,61.4217534800,61.7092342500,61.3920140900,61.7092342500,1644500
2024-03-13 10:00:00,62.1949776200,62.2941089200,61.3523615700,61.4019272200,3323300
2024-03-13 10:30:00,61.4019272200,61.7389736400,61.2135777500,61.2928827900,1676000
2024-03-13 11:00:00,61.2928827900,61.5506241700,61.1739252300,61.3821009600,937000
2024-03-13 11:30:00,61.3821009600,61.5407110400,61.0946201900,61.3424484400,1173100
2024-03-13 13:30:00,61.4118403500,61.8381049400,61.3622747000,61.6894079900,1113900
2024-03-13 14:00:00,61.6894079900,62.1057594500,61.6398423400,61.8281918100,1851400
2024-03-13 14:30:00,61.8281918100,61.9471493700,61.0450545400,61.1838383600,1898200
2024-03-13 15:00:00,61.1838383600,61.2829696600,60.7377475100,61.0847070600,2046500
2024-03-14 10:00:00,61.2135777500,62.1850644900,60.6088768200,60.9954888900,4190000
2024-03-14 10:30:00,60.9657495000,61.5307979100,60.6287030800,60.6584424700,1683400
2024-03-14 11:00:00,60.6584424700,60.9954888900,60.6584424700,60.8567050700,664300
2024-03-14 11:30:00,60.8368788100,61.3424484400,60.5295717800,60.6088768200,1220900
2024-03-14 13:30:00,60.5989636900,60.6187899500,60.1132203200,60.1627859700,1471800
2024-03-14 14:00:00,60.1627859700,60.2520041400,59.4787800000,59.7266082500,1632300
2024-03-14 14:30:00,59.7266082500,59.9248708500,59.3003436600,59.7563476400,1574100
2024-03-14 15:00:00,59.7563476400,60.2718304000,59.7563476400,60.2024384900,1346100
2024-03-15 10:00:00,59.9744365000,59.9744365000,58.8344265500,59.1516467100,3675200
2024-03-15 10:30:00,59.1516467100,59.2805174000,58.7848609000,59.0227760200,2034000
2024-03-15 11:00:00,59.0227760200,59.2309517500,58.8046871600,58.8245134200,1000800
2024-03-15 11:30:00,58.8245134200,59.1318204500,58.7352952500,58.7551215100,991200
2024-03-15 13:30:00,58.7650346400,58.9137315900,58.5271195200,58.6163376900,1190000
2024-03-15 14:00:00,58.6163376900,59.5779113000,58.6064245600,59.3499093100,1339900
2024-03-15 14:30:00,59.3598224400,62.0561938000,59.3598224400,61.7587999000,5178700
2024-03-15 15:00:00,61.7587999000,62.7401997700,61.7587999000,62.7104603800,5768000
2024-03-18 10:00:00,63.2457694000,63.2457694000,61.6001898200,61.8381049400,9211500
2024-03-18 10:30:00,61.8381049400,62.0859331900,61.3424484400,62.0859331900,3695600
2024-03-18 11:00:00,62.0859331900,62.2247170100,61.7488867700,61.8182786800,2343700
2024-03-18 11:30:00,61.8182786800,62.0561938000,61.6993211200,61.9669756300,1471400
2024-03-18 13:30:00,62.0165412800,62.4229796100,61.9768887600,62.1652382300,2409200
2024-03-18 14:00:00,62.1652382300,62.6906341200,62.1652382300,62.3932402200,2496900
2024-03-18 14:30:00,62.3932402200,62.5221109100,62.1751513600,62.4229796100,2125300
2024-03-18 15:00:00,62.4229796100,62.6014159500,62.3238483100,62.5915028200,4138100
2024-03-19 10:00:00,62.3337614400,62.4031533500,61.2234908800,62.4031533500,5952600
2024-03-19 10:30:00,62.4031533500,66.4377972600,62.4031533500,65.1590034900,15386200
2024-03-19 11:00:00,65.1590034900,65.2680479200,64.6930863800,64.8913489800,3553600
2024-03-19 11:30:00,64.8913489800,64.9310015000,64.2767349200,64.5146500400,2221900
2024-03-19 13:30:00,64.7029995100,65.3671792200,64.6435207300,65.0103065400,2387200
2024-03-19 14:00:00,65.0103065400,65.5555286900,64.9310015000,65.4266580000,2003600
2024-03-19 14:30:00,65.4266580000,65.4365711300,64.6732601200,65.0896115800,2094400
2024-03-19 15:00:00,65.0896115800,65.5555286900,64.9012621100,65.4663105200,4025900
2024-03-20 10:00:00,62.9384623700,63.5729026900,61.5307979100,63.0772461900,14449000
2024-03-20 10:30:00,63.0772461900,63.1069855800,62.4328927400,62.5815896900,4360800
2024-03-20 11:00:00,62.5815896900,63.0177674100,62.2643695300,62.7798522900,2579200
2024-03-20 11:30:00,62.7798522900,62.7996785500,62.4428058700,62.7501129000,1563100
2024-03-20 13:30:00,62.7600260300,63.5332501700,62.7501129000,62.9285492400,2658100
2024-03-20 14:00:00,62.9285492400,63.2457694000,62.8690704600,62.9582886300,1788200
2024-03-20 14:30:00,62.9582886300,63.2854219200,62.8988098500,62.9483755000,2185900
2024-03-20 15:00:00,62.9483755000,63.5729026900,62.9483755000,63.4440320000,4457100
2024-03-21 10:00:00,63.4440320000,63.4440320000,62.1949776200,62.4229796100,7797800
2024-03-21 10:30:00,62.4229796100,62.6311553400,61.4217534800,61.4415797400,6097700
2024-03-21 11:00:00,61.4415797400,61.8975837200,61.1342727100,61.1937514900,2986100
2024-03-21 11:30:00,61.1937514900,61.9868018900,61.1937514900,61.6596686000,1325500
2024-03-21 13:30:00,61.6001898200,61.9372362400,61.4614060000,61.6993211200,1126600
2024-03-21 14:00:00,61.6993211200,62.0165412800,61.6398423400,61.8975837200,1090500
2024-03-21 14:30:00,61.8975837200,61.9074968500,61.3721878300,61.6101029500,1677200
2024-03-21 15:00:00,61.6101029500,61.9273231100,61.2532302700,61.2730565300,3361400
2024-03-22 10:00:00,60.4800061300,60.6683556000,58.6064245600,58.6460770800,9699600
2024-03-22 10:30:00,58.6460770800,59.0029497600,58.6064245600,58.6559902100,2800400
2024-03-22 11:00:00,58.6559902100,58.7452083800,57.8629398100,58.6262508200,3722600
2024-03-22 11:30:00,58.6262508200,58.6262508200,58.0909418000,58.3387700500,1340800
2024-03-22 13:30:00,58.2892044000,58.6857296000,57.9918105000,58.4577276100,1773600
2024-03-22 14:00:00,58.4577276100,58.5469457800,58.0612024100,58.2098993600,1858700
2024-03-22 14:30:00,58.2098993600,58.7650346400,58.0909418000,58.3090306600,2320300
2024-03-22 15:00:00,58.3090306600,58.3585963100,56.9707581100,57.0004975000,6568200
2024-03-25 10:00:00,57.4961540000,57.9025923300,57.0004975000,57.3474570500,4678100
2024-03-25 10:30:00,57.3474570500,57.6448509500,57.0104106300,57.4465883500,1539400
2024-03-25 11:00:00,57.4465883500,57.7043297300,57.1392813200,57.2284994900,1223900
2024-03-25 11:30:00,57.2284994900,57.4862408700,57.0599762800,57.1392813200,1098600
2024-03-25 13:30:00,57.1491944500,57.2879782700,56.1182289300,56.2173602300,2960600
2024-03-25 14:00:00,56.2173602300,56.2173602300,55.2656997500,55.4342229600,5030300
2024-03-25 14:30:00,55.4342229600,55.5928330400,54.7105644700,54.9187402000,4021800
2024-03-25 15:00:00,54.9187402000,55.2656997500,54.0662110200,54.1752554500,4032800
2024-03-26 10:00:00,53.8778615500,54.7799563800,53.8778615500,54.0265585000,4342400
2024-03-26 10:30:00,54.0265585000,54.0959504100,53.5011626100,53.6597726900,2479100
2024-03-26 11:00:00,53.6597726900,53.8976878100,53.3326394000,53.4218575700,1662300
2024-03-26 11:30:00,53.4218575700,53.4218575700,52.8964616800,52.9856798500,2119000
2024-03-26 13:30:00,52.9460273300,53.4615100900,52.9063748100,53.1145505400,1154400
2024-03-26 14:00:00,53.1145505400,53.5705545200,52.8369829000,53.4416838300,1493700
2024-03-26 14:30:00,53.4416838300,54.0364716300,53.2235949700,53.4615100900,2088600
2024-03-26 15:00:00,53.4615100900,53.8481221600,53.4615100900,53.8084696400,1886600
2024-03-27 10:00:00,53.0451586300,53.1542030600,51.3103608800,51.7465386000,6392000
2024-03-27 10:30:00,51.7465386000,51.8754092900,51.2310558400,51.8060173800,2320000
2024-03-27 11:00:00,51.8060173800,51.8159305100,51.1715770600,51.5086234800,1276200
2024-03-27 11:30:00,51.5086234800,51.5284497400,51.0427063700,51.3698396600,1214000
2024-03-27 13:30:00,51.3500134000,51.3500134000,50.8345306400,51.0228801100,1095100
2024-03-27 14:00:00,51.0228801100,51.7267123400,51.0228801100,51.2310558400,972500
2024-03-27 14:30:00,51.2310558400,51.5383628700,50.9435750700,50.9435750700,1144200
2024-03-27 15:00:00,50.9435750700,50.9931407200,50.0811327600,50.0811327600,3874600
2024-03-28 10:00:00,49.5656500000,50.8246175100,49.5656500000,50.3983529200,4903700
2024-03-28 10:30:00,50.3983529200,50.7651387300,50.2595691000,50.4280923100,2167000
2024-03-28 11:00:00,50.4280923100,51.5681022600,50.4280923100,51.5284497400,2800200
2024-03-28 11:30:00,51.5284497400,52.3314132700,51.4491447000,52.0439325000,2530300
2024-03-28 13:30:00,52.1133244100,52.3115870100,51.5780153900,51.8754092900,1570200
2024-03-28 14:00:00,51.8754092900,51.9150618100,51.6176679100,51.7167992100,977000
2024-03-28 14:30:00,51.7167992100,51.9348880700,51.3698396600,51.3698396600,1189500
2024-03-28 15:00:00,51.3698396600,51.3698396600,50.9733144600,51.2310558400,1996800
2024-03-29 10:00:00,51.0030538500,52.0042799800,51.0030538500,51.0823588900,3618100
2024-03-29 10:30:00,51.0823588900,51.1021851500,50.3884397900,50.4181791800,2082100
2024-03-29 11:00:00,50.4181791800,50.5767892600,50.0216539800,50.5272236100,1425000
2024-03-29 11:30:00,50.5272236100,50.6759205600,50.2793953600,50.4875710900,625400
2024-03-29 13:30:00,50.4875710900,50.8147043800,50.4479185700,50.5966155200,694100
2024-03-29 14:00:00,50.6065286500,50.7750518600,50.3884397900,50.4578317000,699600
2024-03-29 14:30:00,50.4578317000,50.9237488100,50.4280923100,50.6263549100,821400
2024-03-29 15:00:00,50.6164417800,50.8840962900,50.5668761300,50.8246175100,1381200
2024-04-01 10:00:00,50.5073973500,51.8952355500,50.5073973500,51.5482760000,3869100
2024-04-01 10:30:00,51.5482760000,52.2322819700,51.4293184400,52.1232375400,2224500
2024-04-01 11:00:00,52.1232375400,52.5891546500,51.8654961600,52.4900233500,1839700
2024-04-01 11:30:00,52.4900233500,52.6089809100,52.0835850200,52.4206314400,834500
2024-04-01 13:30:00,52.4008051800,52.4801102200,52.2025425800,52.2719344900,861500
2024-04-01 14:00:00,52.2917607500,52.3016738800,51.9547143300,52.0637587600,1085600
2024-04-01 14:30:00,52.0637587600,52.3115870100,52.0439325000,52.2124557100,704400
2024-04-01 15:00:00,52.2124557100,52.5197627400,52.1827163200,52.4900233500,1890200
2024-04-02 10:00:00,52.5395890000,52.5395890000,51.2607952300,51.3500134000,3875000
2024-04-02 10:30:00,51.3500134000,51.3500134000,50.9634013300,51.2310558400,2211600
2024-04-02 11:00:00,51.2310558400,51.5482760000,51.1715770600,51.5383628700,707000
2024-04-02 11:30:00,51.5383628700,51.6374941700,51.3004477500,51.6077547800,467600
2024-04-02 13:30:00,51.6176679100,51.8258436400,51.3103608800,51.4590578300,706500
2024-04-02 14:00:00,51.4590578300,51.6870598200,51.3599265300,51.5482760000,849500
2024-04-02 14:30:00,51.5284497400,51.6176679100,51.3500134000,51.3995790500,929700
2024-04-02 15:00:00,51.3995790500,51.5482760000,51.2310558400,51.4887972200,1481600
2024-04-03 10:00:00,51.5284497400,51.5284497400,50.2595691000,50.3487872700,2934700
2024-04-03 10:30:00,50.3487872700,50.4677448300,49.9919145900,50.1604378000,1482200
2024-04-03 11:00:00,50.1604378000,50.9435750700,50.1406115400,50.7155730800,986000
2024-04-03 11:30:00,50.7155730800,50.7750518600,50.5371367400,50.5966155200,495800
2024-04-03 13:30:00,50.6957468200,50.7552256000,50.3388741400,50.4974842200,512900
2024-04-03 14:00:00,50.4974842200,50.5966155200,50.3587004000,50.4082660500,532400
2024-04-03 14:30:00,50.4082660500,50.4380054400,50.3289610100,50.4280923100,707000
2024-04-03 15:00:00,50.4280923100,50.5767892600,50.2893084900,50.2893084900,1134800
2024-04-08 10:00:00,50.2694822300,51.2112295800,49.7539994700,50.9237488100,3397300
2024-04-08 10:30:00,50.9237488100,52.2223688400,50.8940094200,51.7068860800,3531800
2024-04-08 11:00:00,51.7068860800,51.9051486800,51.5482760000,51.8357567700,866300
2024-04-08 11:30:00,51.8357567700,51.8357567700,51.4392315700,51.5284497400,705900
2024-04-08 13:30:00,51.5681022600,51.6771466900,51.3896659200,51.3896659200,613200
2024-04-08 14:00:00,51.3896659200,51.4491447000,51.1517508000,51.2310558400,810100
2024-04-08 14:30:00,51.2310558400,51.3797527900,50.9832275900,51.1616639300,719300
2024-04-08 15:00:00,51.1616639300,51.2211427100,50.7552256000,50.7849649900,1207400
2024-04-09 10:00:00,50.9336619400,51.6870598200,50.7254862100,50.8840962900,2982100
2024-04-09 10:30:00,50.8840962900,51.0625326300,50.5371367400,50.8147043800,1458600
2024-04-09 11:00:00,50.8147043800,50.8940094200,50.6560943000,50.8840962900,687700
2024-04-09 11:30:00,50.8840962900,51.1814901900,50.6759205600,50.7453124700,852300
2024-04-09 13:30:00,50.7948781200,51.1120982800,50.7155730800,50.9138356800,554000
2024-04-09 14:00:00,50.9138356800,50.9634013300,50.7750518600,50.7750518600,539600
2024-04-09 14:30:00,50.7750518600,51.0030538500,50.6759205600,50.9733144600,745800
2024-04-09 15:00:00,50.9733144600,51.0724457600,50.8444437700,51.0030538500,1294400
2024-04-10 10:00:00,51.0526195000,51.0625326300,49.9324358100,50.2199165800,2764800
2024-04-10 10:30:00,50.2199165800,50.2496559700,49.0699935000,49.1988641900,3205700
2024-04-10 11:00:00,49.1988641900,49.4466924400,48.9212965500,49.1988641900,1511700
2024-04-10 11:30:00,49.1988641900,49.2682561000,48.9212965500,49.0699935000,943900
2024-04-10 13:30:00,49.0105147200,49.0501672400,48.6437289100,48.6932945600,1439300
2024-04-10 14:00:00,48.6932945600,48.8122521200,48.3066824900,48.5148582200,1969900
2024-04-10 14:30:00,48.5148582200,48.8519046400,48.3562481400,48.8519046400,1276300
2024-04-10 15:00:00,48.8519046400,49.0402541100,48.5743370000,48.5941632600,1587100
2024-04-11 10:00:00,48.0786805000,49.1393854100,47.9795492000,48.6139895200,2504300
2024-04-11 10:30:00,48.6139895200,48.9708622000,48.3661612700,48.4752057000,1486400
2024-04-11 11:00:00,48.4752057000,48.4950319600,47.9101572900,47.9200704200,1887800
2024-04-11 11:30:00,47.9200704200,48.0291148500,47.7118946900,47.9993754600,1303200
2024-04-11 13:30:00,48.0092885900,48.5445976100,48.0092885900,48.5346844800,1316000
2024-04-11 14:00:00,48.5346844800,48.5743370000,47.9993754600,48.0588542400,1072600
2024-04-11 14:30:00,48.0588542400,48.1678986700,47.8209391200,47.9200704200,694700
2024-04-11 15:00:00,47.9200704200,48.0192017200,47.3847614000,47.4045876600,2210800
2024-04-12 10:00:00,47.5731108700,47.8011128600,46.9089311600,47.2558907100,2712700
2024-04-12 10:30:00,47.2558907100,47.5334583500,47.0675412400,47.0873675000,1077900
2024-04-12 11:00:00,47.0873675000,47.1666725400,46.8692786400,46.9386705500,919500
2024-04-12 11:30:00,46.9386705500,47.0774543700,46.6611029100,46.8296261200,862800
2024-04-12 13:30:00,46.8197129900,47.4244139200,46.7701473400,47.2162381900,880500
2024-04-12 14:00:00,47.2162381900,47.2856301000,46.8990180300,46.9386705500,604400
2024-04-12 14:30:00,46.9188442900,46.9188442900,46.6611029100,46.7205816900,971000
2024-04-12 15:00:00,46.7205816900,46.8692786400,46.4925797000,46.4925797000,1827600
2024-04-15 10:00:00,46.5124059600,47.3550220100,46.0564019800,46.0564019800,3330000
2024-04-15 10:30:00,46.0564019800,47.3550220100,45.9969232000,47.0378018500,1574800
2024-04-15 11:00:00,47.0378018500,47.5433714800,46.9783230700,47.0972806300,1293500
2024-04-15 11:30:00,47.0675412400,47.1765856700,46.8891049000,47.0675412400,644900
2024-04-15 13:30:00,47.0576281100,47.1864988000,46.7106685600,46.7304948200,542100
2024-04-15 14:00:00,46.7205816900,46.7205816900,46.4033615300,46.4033615300,727400
2024-04-15 14:30:00,46.4033615300,46.4132746600,45.6499636500,45.8085737300,1763500
2024-04-15 15:00:00,45.8085737300,46.6611029100,45.7689212100,46.6611029100,1453000
2024-04-16 10:00:00,46.6611029100,46.6809291700,44.3909961400,44.4901274400,5781600
2024-04-16 10:30:00,44.4901274400,45.0155233300,44.3909961400,44.4504749200,2083800
2024-04-16 11:00:00,44.4504749200,44.9560445500,44.3116911000,44.7875213400,1354100
2024-04-16 11:30:00,44.7875213400,45.3228303600,44.7875213400,45.1443940200,1387500
2024-04-16 13:30:00,45.1443940200,45.2038728000,44.9064789000,45.0948283700,710900
2024-04-16 14:00:00,45.0948283700,45.0948283700,44.6289112600,44.6289112600,567800
2024-04-16 14:30:00,44.6289112600,44.6289112600,44.2224729300,44.4009092700,1313200
2024-04-16 15:00:00,44.4009092700,44.5099537000,44.0242103300,44.0638628500,1748700
2024-04-17 10:00:00,44.6586506500,46.0266625900,44.6586506500,45.9969232000,4302300
2024-04-17 10:30:00,45.9969232000,46.0960545000,45.5508323500,45.6797030400,2085100
2024-04-17 11:00:00,45.6797030400,45.8184868600,45.5310060900,45.7292686900,1239400
2024-04-17 11:30:00,45.7292686900,45.8085737300,45.3030041000,45.3426566200,1457200
2024-04-17 13:30:00,45.3624828800,45.3823091400,44.7875213400,44.8172607300,1766700
2024-04-17 14:00:00,44.8172607300,45.0849152400,44.7082163000,45.0155233300,1316300
2024-04-17 14:30:00,45.0155233300,45.2831778400,44.9064789000,45.2137859300,1218400
2024-04-17 15:00:00,45.2137859300,45.4517010500,45.2137859300,45.4417879200,1804000
2024-04-18 10:00:00,45.2137859300,45.5111798300,44.4207355300,45.4913535700,3040500
2024-04-18 10:30:00,45.4913535700,46.0167494600,45.4417879200,45.7490949500,1881600
2024-04-18 11:00:00,45.7490949500,45.9969232000,45.5210929600,45.8085737300,1389800
2024-04-18 11:30:00,45.8085737300,46.4529271800,45.7986606000,46.4430140500,1416000
2024-04-18 13:30:00,46.4727534400,46.8990180300,46.3240564900,46.4331009200,1763700
2024-04-18 14:00:00,46.4331009200,46.5817978700,46.1753595400,46.2844039700,968200
2024-04-18 14:30:00,46.2844039700,46.3637090100,46.0960545000,46.2447514500,828300
2024-04-18 15:00:00,46.2447514500,46.2447514500,45.8779656400,45.8977919000,1638700
2024-04-19 10:00:00,45.6186843800,45.6485852000,45.1701720800,45.3296431200,2221800
2024-04-19 10:30:00,45.3296431200,45.3296431200,44.5422548600,44.6817920200,2272200
2024-04-19 11:00:00,44.6718250800,44.8412630600,44.5223209800,44.5223209800,879800
2024-04-19 11:30:00,44.5223209800,44.8013953000,44.4924201600,44.7814614200,747200
2024-04-19 13:30:00,44.9110316400,45.3595439400,44.9110316400,44.9608663400,1053100
2024-04-19 14:00:00,44.9608663400,45.0406018600,44.7814614200,44.8013953000,707100
2024-04-19 14:30:00,44.8013953000,45.0406018600,44.7515606000,44.9608663400,527700
2024-04-19 15:00:00,45.0107010400,45.1701720800,44.9309655200,44.9508994000,1083600
2024-04-22 10:00:00,43.8645029400,45.1303043200,43.4857592200,45.1004035000,3824600
2024-04-22 10:30:00,45.1004035000,45.2897753600,44.6917589600,44.7116928400,1518100
2024-04-22 11:00:00,44.7116928400,44.9708332800,44.6120234400,44.9508994000,403700
2024-04-22 11:30:00,44.9508994000,45.4990811000,44.9508994000,45.2598745400,1390900
2024-04-22 13:30:00,45.2598745400,45.2598745400,44.8512300000,45.0406018600,589900
2024-04-22 14:00:00,45.0406018600,45.1103704400,44.9010647000,45.0406018600,348200
2024-04-22 14:30:00,45.0406018600,45.1901059600,44.8611969400,44.8711638800,400600
2024-04-22 15:00:00,44.8711638800,45.0007341000,44.7615275400,44.8611969400,930000
2024-04-23 10:00:00,44.8512300000,45.5887835600,44.8512300000,45.0605357400,2002600
2024-04-23 10:30:00,45.0605357400,45.2399406600,44.4724862800,44.7515606000,1563600
2024-04-23 11:00:00,44.7515606000,44.7914283600,44.3229821800,44.3728168800,1173100
2024-04-23 11:30:00,44.3728168800,44.6020565000,44.2631805400,44.5721556800,553800
2024-04-23 13:30:00,44.5920895600,44.7515606000,44.3628499400,44.4625193400,631500
2024-04-23 14:00:00,44.4625193400,44.7615275400,44.4326185200,44.4625193400,866800
2024-04-23 14:30:00,44.4625193400,44.6020565000,44.4126846400,44.4126846400,553500
2024-04-23 15:00:00,44.4126846400,44.6319573200,44.3329491200,44.3528830000,1101500
2024-04-24 10:00:00,44.5522218000,44.7515606000,43.9641723400,44.7415936600,2446800
2024-04-24 10:30:00,44.7415936600,45.1901059600,44.6120234400,44.8711638800,1836900
2024-04-24 11:00:00,44.8711638800,45.0306349200,44.6219903800,44.6917589600,793000
2024-04-24 11:30:00,44.6917589600,44.9508994000,44.5123540400,44.9010647000,604400
2024-04-24 13:30:00,44.8811308200,45.2698414800,44.8811308200,45.1402712600,1176200
2024-04-24 14:00:00,45.1402712600,45.5987505000,45.1004035000,45.3097092400,1458700
2024-04-24 14:30:00,45.3097092400,45.4293125200,45.1602051400,45.3495770000,816200
2024-04-24 15:00:00,45.3695108800,45.5987505000,45.3595439400,45.5987505000,1697200
2024-04-25 10:00:00,44.7515606000,44.7515606000,43.5056931000,44.3429160600,6456900
2024-04-25 10:30:00,44.3429160600,44.9010647000,44.3429160600,44.6319573200,2544100
2024-04-25 11:00:00,44.6319573200,45.2000729000,44.6319573200,45.0406018600,1873400
2024-04-25 11:30:00,45.0406018600,45.1004035000,44.5621887400,44.5821226200,1095200
2024-04-25 13:30:00,44.6219903800,44.6319573200,43.9342715200,43.9741392800,2247500
2024-04-25 14:00:00,43.9741392800,44.2831144200,43.9641723400,44.2631805400,1313000
2024-04-25 14:30:00,44.2631805400,44.3030483000,44.1336103200,44.2133458400,868800
2024-04-25 15:00:00,44.2133458400,44.3429160600,44.0638417400,44.1037095000,1538300
2024-04-26 10:00:00,43.9741392800,44.9309655200,43.9342715200,44.7415936600,4073000
2024-04-26 10:30:00,44.7415936600,45.7482546000,44.7415936600,45.3894447600,3868800
2024-04-26 11:00:00,45.3894447600,45.5788166200,45.1303043200,45.3495770000,1664300
2024-04-26 11:30:00,45.3495770000,45.9176925800,45.3495770000,45.7283207200,2275700
2024-04-26 13:30:00,45.7283207200,46.1469322000,45.7283207200,46.0671966800,1938300
2024-04-26 14:00:00,46.0671966800,46.4559073400,45.9575603400,45.9575603400,2391700
2024-04-26 14:30:00,45.9575603400,46.2864693600,45.8479240000,46.1469322000,1378200
2024-04-26 15:00:00,46.1469322000,46.4359734600,46.1269983200,46.4260065200,2136700
2024-04-29 10:00:00,47.8612458800,48.6386672000,47.6220393200,48.5589316800,9315100
2024-04-29 10:30:00,48.5589316800,49.1669150200,48.5090969800,48.6984688400,4065800
2024-04-29 11:00:00,48.6984688400,48.9875101000,48.4692292200,48.9376754000,1686300
2024-04-29 11:30:00,48.9376754000,49.2167497200,48.7383366000,48.7582704800,1477400
2024-04-29 13:30:00,48.7682374200,49.1569480800,48.7283696600,49.0871795000,1427500
2024-04-29 14:00:00,49.0871795000,49.1071133800,48.7283696600,48.7383366000,1033700
2024-04-29 14:30:00,48.7383366000,49.0672456200,48.6785349600,48.9675762200,1368900
2024-04-29 15:00:00,48.9675762200,49.1370142000,48.9376754000,49.0971464400,2884800
2024-04-30 10:00:00,49.8347000000,50.1337082000,48.5090969800,48.7184027200,6967800
2024-04-30 10:30:00,48.7184027200,48.7184027200,48.0805185600,48.1801879600,2902200
2024-04-30 11:00:00,48.1801879600,48.4293614600,48.0605846800,48.2399896000,1206800
2024-04-30 11:30:00,48.2399896000,48.2499565400,48.0207169200,48.1901549000,1059500
2024-04-30 13:30:00,48.2100887800,48.6885019000,48.1702210200,48.5788655600,1190600
2024-04-30 14:00:00,48.5788655600,48.8180721200,48.5190639200,48.6187333200,1348600
2024-04-30 14:30:00,48.6187333200,48.8579398800,48.5987994400,48.6685680200,938000
2024-04-30 15:00:00,48.6685680200,48.7881713000,48.5489647400,48.5489647400,1598000
2024-05-06 10:00:00,50.1337082000,50.9908650400,50.1038073800,50.4327164000,7418400
2024-05-06 10:30:00,50.4327164000,50.6918568400,49.7848653000,50.0340388000,2820700
2024-05-06 11:00:00,50.0340388000,50.3031461800,49.8047991800,50.1636090200,1309300
2024-05-06 11:30:00,50.1636090200,50.3230800600,49.9244024600,50.0539726800,851500
2024-05-06 13:30:00,50.0639396200,50.0838735000,49.7748983600,49.8147661200,1361100
2024-05-06 14:00:00,49.8147661200,49.8247330600,49.5655926200,49.8047991800,1230900
2024-05-06 14:30:00,49.8047991800,49.8646008200,49.4659232200,49.5157579200,1207700
2024-05-06 15:00:00,49.5157579200,49.5556256800,49.4061215800,49.5057909800,1934300
2024-05-07 10:00:00,49.2267166600,50.4127825200,49.1370142000,50.2533114800,4700500
2024-05-07 10:30:00,50.2533114800,50.2832123000,49.3762207600,49.3762207600,2415300
2024-05-07 11:00:00,49.3762207600,49.5954934400,49.0572786800,49.1071133800,1509000
2024-05-07 11:30:00,49.1071133800,49.3961546400,49.0174109200,49.0174109200,808100
2024-05-07 13:30:00,49.0174109200,49.4061215800,48.9177415200,49.4061215800,853700
2024-05-07 14:00:00,49.4061215800,49.5057909800,49.2366836000,49.4160885200,601100
2024-05-07 14:30:00,49.4160885200,49.4459893400,49.1270472600,49.1669150200,741800
2024-05-07 15:00:00,49.1669150200,49.3562868800,49.1071133800,49.2964852400,1185200
2024-05-08 10:00:00,49.0373448000,49.0971464400,48.2399896000,48.5888325000,3158900
2024-05-08 10:30:00,48.5888325000,48.6785349600,48.0705516200,48.2399896000,2033400
2024-05-08 11:00:00,48.2399896000,48.3894937000,48.1104193800,48.3197251200,797700
2024-05-08 11:30:00,48.3197251200,48.3396590000,47.9310144600,48.0406508000,1090500
2024-05-08 13:30:00,48.0506177400,48.2100887800,47.9509483400,48.1004524400,896600
2024-05-08 14:00:00,48.1004524400,48.2399896000,48.0007830400,48.1502871400,675400
2024-05-08 14:30:00,48.1502871400,48.2898243000,48.0007830400,48.0904855000,632500
2024-05-08 15:00:00,48.0904855000,48.1303532600,47.9011136400,48.0207169200,1361800
2024-05-09 10:00:00,47.8612458800,48.6785349600,47.8612458800,48.5489647400,2360900
2024-05-09 10:30:00,48.5489647400,48.6785349600,48.2698904200,48.4692292200,1263000
2024-05-09 11:00:00,48.4692292200,48.6486341400,48.2698904200,48.5489647400,729200
2024-05-09 11:30:00,48.5589316800,48.6586010800,48.3994606400,48.5389978000,772100
2024-05-09 13:30:00,48.5888325000,48.9376754000,48.3894937000,48.5489647400,1550400
2024-05-09 14:00:00,48.5489647400,48.6785349600,48.5190639200,48.5589316800,547100
2024-05-09 14:30:00,48.5589316800,48.5888325000,48.3496259400,48.4692292200,734100
2024-05-09 15:00:00,48.4692292200,48.5688986200,48.4492953400,48.5389978000,944600
2024-05-10 10:00:00,48.4791961600,48.8978076400,47.4526013400,47.4825021600,3660900
2024-05-10 10:30:00,47.4825021600,47.6021054400,47.1934609000,47.1934609000,2037100
2024-05-10 11:00:00,47.1934609000,47.4725352200,46.9941221000,47.3628988800,1431700
2024-05-10 11:30:00,47.3828327600,47.3927997000,47.1735270200,47.3230311200,574900
2024-05-10 13:30:00,47.3230311200,47.5223699200,47.2931303000,47.4426344000,711300
2024-05-10 14:00:00,47.4426344000,47.4825021600,47.3230311200,47.3529319400,626600
2024-05-10 14:30:00,47.3529319400,47.3628988800,47.1137253800,47.1535931400,600000
2024-05-10 15:00:00,47.1535931400,47.3429650000,47.1436262000,47.2532625400,819700
2024-05-13 10:00:00,46.6951139000,46.8446180000,45.8578909400,46.7150477800,3901000
2024-05-13 10:30:00,46.7150477800,46.8944527000,46.4957751000,46.5456098000,1028800
2024-05-13 11:00:00,46.5456098000,46.5755106200,46.2266677200,46.2366346600,1007700
2024-05-13 11:30:00,46.2366346600,46.2565685400,45.9874611600,46.0173619800,897500
2024-05-13 13:30:00,46.0173619800,46.2366346600,45.9276595200,46.1469322000,637900
2024-05-13 14:00:00,46.1668660800,46.2964363000,46.0472628000,46.0671966800,529300
2024-05-13 14:30:00,46.0671966800,46.1967669000,45.8678578800,45.8977587000,783900
2024-05-13 15:00:00,45.8977587000,46.1170313800,45.8977587000,46.0173619800,1314400
2024-05-14 10:00:00,47.0140559800,48.0007830400,46.3961057000,46.4858081600,5379600
2024-05-14 10:30:00,46.4858081600,46.8944527000,46.3662048800,46.8446180000,1255200
2024-05-14 11:00:00,46.8446180000,46.9442874000,46.5456098000,46.6153783800,699400
2024-05-14 11:30:00,46.6153783800,46.9243535200,46.5256759200,46.7549155400,428900
2024-05-14 13:30:00,46.7848163600,46.7848163600,46.4060726400,46.4858081600,733800
2024-05-14 14:00:00,46.4858081600,46.5954445000,46.2665354800,46.5256759200,895000
2024-05-14 14:30:00,46.5256759200,46.7150477800,46.5057420400,46.6552461400,599700
2024-05-14 15:00:00,46.6552461400,46.7150477800,46.5755106200,46.6353122600,948900
2024-05-15 10:00:00,46.3064032400,46.5655436800,45.9176925800,46.5157089800,1818200
2024-05-15 10:30:00,46.5157089800,46.5157089800,46.0273289200,46.0372958600,1018600
2024-05-15 11:00:00,46.0372958600,46.1867999600,45.9475934000,45.9874611600,532400
2024-05-15 11:30:00,45.9874611600,46.0173619800,45.7083868400,45.8080562400,1033400
2024-05-15 13:30:00,45.8080562400,45.8080562400,45.5887835600,45.7382876600,826300
2024-05-15 14:00:00,45.7382876600,45.7382876600,45.3695108800,45.3794778200,1179200
2024-05-15 14:30:00,45.3794778200,45.5588827400,45.2897753600,45.4891141600,949200
2024-05-15 15:00:00,45.4891141600,45.5190149800,45.2598745400,45.3695108800,1240300
2024-05-16 10:00:00,45.7482546000,45.8877917600,45.2997423000,45.6087174400,2169600
2024-05-16 10:30:00,45.6087174400,45.8778248200,45.5389488600,45.5887835600,879500
2024-05-16 11:00:00,45.5887835600,46.9442874000,45.4691802800,46.6452792000,3034400
2024-05-16 11:30:00,46.6153783800,47.3429650000,46.5555767400,46.9741882200,2927600
2024-05-16 13:30:00,46.9741882200,46.9741882200,46.5157089800,46.5755106200,1050000
2024-05-16 14:00:00,46.5755106200,46.6751800200,46.4459404000,46.4957751000,584800
2024-05-16 14:30:00,46.4957751000,46.5456098000,46.2864693600,46.3064032400,770200
2024-05-16 15:00:00,46.3064032400,46.3064032400,46.0472628000,46.2366346600,1327700
2024-05-17 10:00:00,45.9874611600,46.8844857600,45.7881223600,46.7748494200,2673500
2024-05-17 10:30:00,46.7748494200,47.0838245600,46.6452792000,46.7150477800,1724100
2024-05-17 11:00:00,46.7150477800,46.7648824800,46.5456098000,46.6751800200,643500
2024-05-17 11:30:00,46.6751800200,46.7648824800,46.4359734600,46.4559073400,443000
2024-05-17 13:30:00,46.4459404000,46.6153783800,46.2565685400,46.4160395800,645300
2024-05-17 14:00:00,46.4160395800,46.6552461400,46.3961057000,46.5356428600,510500
2024-05-17 14:30:00,46.5356428600,46.5356428600,46.3462710000,46.4559073400,854000
2024-05-17 15:00:00,46.4559073400,46.8246841200,46.4459404000,46.8147171800,1407200
2024-05-20 10:00:00,46.8147171800,47.3927997000,46.2565685400,47.1635600800,2600900
2024-05-20 10:30:00,47.1635600800,47.5722046200,47.1137253800,47.3728658200,1912800
2024-05-20 11:00:00,47.3728658200,47.4326674600,46.9143865800,46.9143865800,1014100
2024-05-20 11:30:00,46.9143865800,46.9442874000,46.6153783800,46.7050808400,1097000
2024-05-20 13:30:00,46.7050808400,46.8545849400,46.5057420400,46.5256759200,827200
2024-05-20 14:00:00,46.5356428600,46.6652130800,46.3662048800,46.5655436800,936200
2024-05-20 14:30:00,46.5655436800,46.7449486000,46.5057420400,46.5256759200,669700
2024-05-20 15:00:00,46.5256759200,46.6751800200,46.5057420400,46.6751800200,981900
2024-05-21 10:00:00,46.4459404000,46.8446180000,46.0273289200,46.2067338400,2447000
2024-05-21 10:30:00,46.2067338400,46.6751800200,46.1768330200,46.6253453200,1120600
2024-05-21 11:00:00,46.6253453200,46.6253453200,46.1967669000,46.2765024200,557500
2024-05-21 11:30:00,46.2765024200,46.4658742800,46.2067338400,46.4260065200,411300
2024-05-21 13:30:00,46.3961057000,46.5256759200,46.2466016000,46.2864693600,517200
2024-05-21 14:00:00,46.2964363000,46.2964363000,46.0472628000,46.0970975000,887400
2024-05-21 14:30:00,46.0970975000,46.1269983200,45.9276595200,45.9675272800,1067400
2024-05-21 15:00:00,45.9874611600,46.0871305600,45.9575603400,46.0871305600,769500
2024-05-22 10:00:00,46.3462710000,48.7881713000,46.3462710000,48.3197251200,9371400
2024-05-22 10:30:00,48.3197251200,48.9376754000,48.2001218400,48.2001218400,4939300
2024-05-22 11:00:00,48.2001218400,48.3197251200,48.0406508000,48.1203863200,1351300
2024-05-22 11:30:00,48.1303532600,48.3396590000,47.7815103600,48.3097581800,1329900
2024-05-22 13:30:00,48.3197251200,49.6752289600,48.3097581800,49.5556256800,4768100
2024-05-22 14:00:00,49.5556256800,52.2566664200,49.4758901600,51.5191128600,9427300
2024-05-22 14:30:00,51.5191128600,51.8878896400,50.4825511000,50.4825511000,3927800
2024-05-22 15:00:00,50.4825511000,50.9410303400,50.4825511000,50.7715923600,3469500
2024-05-23 10:00:00,52.8746167000,53.4227984000,51.4094765200,51.6686169600,21641500
2024-05-23 10:30:00,51.6686169600,51.9277574000,51.3596418200,51.5091459200,4040600
2024-05-23 11:00:00,51.5091459200,51.6686169600,50.9908650400,51.0008319800,2508700
2024-05-23 11:30:00,51.0008319800,51.9576582200,51.0008319800,51.5789145000,2597700
2024-05-23 13:30:00,51.6187822600,51.7184516600,50.7416915400,50.7715923600,2776600
2024-05-23 14:00:00,50.7715923600,50.8513278800,50.5822205000,50.6420221400,1665500
2024-05-23 14:30:00,50.6420221400,50.9509972800,50.6420221400,50.7317246000,1410800
2024-05-23 15:00:00,50.7317246000,50.7317246000,50.4028155800,50.5323858000,2884400
2024-05-24 10:00:00,50.8313940000,52.8945505800,50.8313940000,51.5589806200,14194900
2024-05-24 10:30:00,51.5589806200,51.6985177800,51.1304022000,51.5589806200,3907700
2024-05-24 11:00:00,51.5589806200,51.5888814400,50.7018237800,50.7815593000,1899900
2024-05-24 11:30:00,50.7815593000,51.1005013800,50.7117907200,50.7915262400,1534500
2024-05-24 13:30:00,50.8114601200,50.8513278800,49.4459893400,49.5157579200,3825800
2024-05-24 14:00:00,49.5157579200,49.5456587400,49.0971464400,49.1071133800,2560600
2024-05-24 14:30:00,49.1071133800,49.4260554600,48.9675762200,49.1569480800,1768600
2024-05-24 15:00:00,49.1569480800,49.2366836000,48.9376754000,49.0871795000,2954700
2024-05-27 10:00:00,49.2665844200,50.3828817000,48.3595928800,49.6054603800,9712200
2024-05-27 10:30:00,49.6054603800,49.6951628400,49.0373448000,49.0971464400,2837200
2024-05-27 11:00:00,49.0971464400,49.4559562800,48.6885019000,49.3064521800,2227800
2024-05-27 11:30:00,49.3064521800,49.6951628400,49.2167497200,49.6552950800,1997700
2024-05-27 13:30:00,49.6353612000,50.3230800600,49.3662538200,49.9642702200,2853000
2024-05-27 14:00:00,49.9642702200,50.1337082000,49.5655926200,49.6752289600,1404500
2024-05-27 14:30:00,49.6752289600,50.0141049200,49.5954934400,49.9543032800,1705600
2024-05-27 15:00:00,49.9543032800,50.2533114800,49.9443363400,49.9842041000,2419900
2024-05-28 10:00:00,49.8446669400,49.8446669400,48.6785349600,49.6752289600,5463000
2024-05-28 10:30:00,49.6752289600,49.6752289600,49.0672456200,49.4160885200,2106000
2024-05-28 11:00:00,49.4160885200,49.4160885200,48.7383366000,48.8081051800,1796000
2024-05-28 11:30:00,48.8081051800,49.0871795000,48.6287002600,48.8280390600,1366800
2024-05-28 13:30:00,48.8479729400,48.8579398800,48.3496259400,48.5190639200,2029900
2024-05-28 14:00:00,48.5190639200,48.5389978000,48.2001218400,48.3396590000,1493700
2024-05-28 14:30:00,48.3396590000,48.3496259400,48.1203863200,48.2698904200,1485500
2024-05-28 15:00:00,48.2698904200,48.4791961600,48.1901549000,48.2200557200,2323000
2024-05-29 10:00:00,48.8380060000,51.0207658600,48.8081051800,50.2732453600,12054700
2024-05-29 10:30:00,50.2732453600,50.3230800600,49.5655926200,49.5655926200,2429800
2024-05-29 11:00:00,49.5655926200,51.3795757000,49.4659232200,51.0905344400,4153300
2024-05-29 11:30:00,51.0905344400,51.7682863600,50.8114601200,51.5689475600,4315900
2024-05-29 13:30:00,51.5390467400,52.4061705200,51.4393773400,51.5789145000,5552100
2024-05-29 14:00:00,51.5789145000,51.6387161400,51.0107989200,51.0207658600,1654800
2024-05-29 14:30:00,51.0207658600,51.1902038400,50.7715923600,51.1005013800,1796700
2024-05-29 15:00:00,51.1005013800,51.1702699600,50.7915262400,51.0506666800,2439500
2024-05-30 10:00:00,51.0606336200,51.4792451000,50.1337082000,50.4127825200,6413900
2024-05-30 10:30:00,50.4127825200,51.6088153200,50.3529808800,51.0805675000,5018300
2024-05-30 11:00:00,51.0805675000,51.9676251600,50.9310634000,51.2500054800,4926000
2024-05-30 11:30:00,51.2500054800,51.7483524800,51.1503360800,51.4692781600,1481300
2024-05-30 13:30:00,51.4692781600,51.4692781600,51.0107989200,51.0506666800,1727000
2024-05-30 14:00:00,51.0506666800,52.3962035800,51.0307328000,51.8579888200,4154900
2024-05-30 14:30:00,51.8579888200,52.3065011200,51.7284186000,51.8679557600,2353400
2024-05-30 15:00:00,51.8679557600,52.0274268000,51.4792451000,52.0274268000,3944200
2024-05-31 10:00:00,52.4261044000,56.6122192000,51.7383855400,56.6122192000,22822300
2024-05-31 10:30:00,56.6122192000,57.1703678400,55.3962525200,56.7816571800,9140700
2024-05-31 11:00:00,56.7816571800,56.8015910600,55.7650293000,56.3730126400,3304900
2024-05-31 11:30:00,56.3730126400,57.3697066400,56.2235085400,56.2633763000,2998100
2024-05-31 13:30:00,56.2135416000,56.8015910600,56.0241697400,56.6221861400,2577300
2024-05-31 14:00:00,56.6221861400,57.7285164800,56.6122192000,56.7218555400,4070600
2024-05-31 14:30:00,56.7218555400,57.1105662000,56.1138722000,56.4826489800,2511200
2024-05-31 15:00:00,56.4826489800,56.6122192000,56.1238391400,56.3032440600,3708400
2024-06-03 10:00:00,56.2135416000,56.2932771200,54.9278063400,55.9743350400,11772900
2024-06-03 10:30:00,55.9743350400,56.4627151000,55.6254921400,55.8148640000,4844700
2024-06-03 11:00:00,55.8148640000,56.3231779400,55.3763186400,56.0241697400,2937200
2024-06-03 11:30:00,56.0241697400,56.1736738400,55.5258227400,55.5656905000,1472300
2024-06-03 13:30:00,55.5656905000,59.4228962800,55.5656905000,59.0142517400,15030700
2024-06-03 14:00:00,59.0142517400,59.1537889000,57.3896405200,57.4295082800,4371100
2024-06-03 14:30:00,57.4295082800,58.8049460000,57.4095744000,57.9876569200,3180800
2024-06-03 15:00:00,57.9876569200,58.2966320600,57.8580867000,58.1072602000,4264000
2024-06-04 10:00:00,57.8082520000,58.6654088400,57.0906323200,57.5889793200,12252300
2024-06-04 10:30:00,57.5889793200,57.6886487200,55.8347978800,56.1637069000,8623800
2024-06-04 11:00:00,56.1637069000,56.9112274000,55.8945995200,56.8713596400,2610300
2024-06-04 11:30:00,56.8713596400,56.9710290400,56.2534093600,56.3331448800,1646000
2024-06-04 13:30:00,56.3730126400,56.3730126400,55.8347978800,56.1138722000,1260100
2024-06-04 14:00:00,56.1238391400,56.1238391400,55.4062194600,55.8646987000,3051400
2024-06-04 14:30:00,55.8347978800,56.6421200200,55.7650293000,56.5225167400,2272100
2024-06-04 15:00:00,56.5225167400,57.0607315000,56.4228473400,56.5324836800,4180200
2024-06-05 10:00:00,57.2002686600,58.6255410800,56.7218555400,57.6089132000,12576300
2024-06-05 10:30:00,57.6089132000,57.6487809600,56.4128804000,56.8912935200,3821500
2024-06-05 11:00:00,56.8912935200,57.2600703000,56.4328142800,56.4328142800,1836200
2024-06-05 11:30:00,56.4328142800,56.7417894200,56.1338060800,56.4427812200,1720100
2024-06-05 13:30:00,56.6919547200,57.4095744000,56.0341366800,56.0839713800,2589500
2024-06-05 14:00:00,56.0839713800,56.4029134600,55.8746656400,56.2235085400,1907200
2024-06-05 14:30:00,56.2235085400,56.3730126400,55.9145334000,56.0839713800,1256100
2024-06-05 15:00:00,56.0839713800,56.2833101800,55.8347978800,56.0241697400,3545300
2024-06-06 10:00:00,55.6155252000,55.9245003400,54.3198230000,54.7185006000,11562900
2024-06-06 10:30:00,54.7185006000,55.6653599000,54.7185006000,54.8779716400,3210500
2024-06-06 11:00:00,54.8779716400,58.2368304200,54.6985667200,58.2069296000,7456300
2024-06-06 11:30:00,58.2069296000,58.2069296000,57.1105662000,57.3198719400,4024600
2024-06-06 13:30:00,57.3198719400,57.5790123800,56.4228473400,56.8115580000,2265900
2024-06-06 14:00:00,56.8115580000,56.9909629200,56.3630457000,56.6520869600,1628700
2024-06-06 14:30:00,56.6520869600,56.9411282200,55.9245003400,56.1637069000,1597500
2024-06-06 15:00:00,56.1637069000,56.3829795800,55.7749962400,56.3132110000,2894200
2024-06-07 10:00:00,55.8148640000,56.0839713800,54.7484014200,55.0773104400,7368900
2024-06-07 10:30:00,55.0773104400,55.3563847600,54.6586989600,54.7982361200,2982100
2024-06-07 11:00:00,54.7982361200,54.7982361200,52.6154762600,52.8347489400,8899400
2024-06-07 11:30:00,52.8347489400,53.7118396600,52.8247820000,53.7118396600,1981400
2024-06-07 13:30:00,53.7716413000,53.9809470400,53.1237902000,53.1736249000,1596600
2024-06-07 14:00:00,53.1736249000,53.6520380200,53.1237902000,53.5224678000,1265300
2024-06-07 14:30:00,53.5224678000,54.0008809200,53.2234596000,53.7716413000,1788400
2024-06-07 15:00:00,53.7716413000,53.8414098800,53.4327653400,53.4327653400,3212000
2024-06-11 10:00:00,53.2932281800,53.7915751800,52.2566664200,53.1636579600,5599100
2024-06-11 10:30:00,53.1636579600,53.8015421200,53.1636579600,53.3330959400,2374900
2024-06-11 11:00:00,53.3330959400,53.9211454000,53.2433934800,53.7816082400,1534200
2024-06-11 11:30:00,53.7816082400,54.1304511400,53.7317735400,53.9111784600,1612400
2024-06-11 13:30:00,53.9709801000,53.9709801000,53.3231290000,53.4128314600,1586500
2024-06-11 14:00:00,53.4128314600,53.5922363800,53.1138232600,53.4826000400,1510800
2024-06-11 14:30:00,53.4826000400,53.9510462200,53.1935587800,53.7816082400,1665700
2024-06-11 15:00:00,53.7816082400,53.8115090600,53.5723025000,53.7517074200,1845300
2024-06-12 10:00:00,55.1171782000,56.2633763000,54.5091948600,55.8447648200,12603900
2024-06-12 10:30:00,55.8447648200,55.9843019800,55.1371120800,55.1470790200,2940400
2024-06-12 11:00:00,55.1470790200,55.3065500600,54.6786328400,54.8281369400,2417800
2024-06-12 11:30:00,54.8281369400,54.9078724600,54.4693271000,54.6387650800,1259200
2024-06-12 13:30:00,54.5889303800,54.6188312000,54.2002197200,54.4992279200,1351100
2024-06-12 14:00:00,54.4992279200,54.6586989600,54.1204842000,54.1304511400,1181600
2024-06-12 14:30:00,54.1304511400,54.4892609800,53.9311123400,54.1703189000,1551400
2024-06-12 15:00:00,54.1703189000,54.5091948600,53.9709801000,54.0108478600,2452800
2024-06-13 10:00:00,54.5191618000,55.1470790200,53.9311123400,54.4194924000,5876000
2024-06-13 10:30:00,54.4194924000,56.2235085400,54.2002197200,55.7650293000,8484700
2024-06-13 11:00:00,55.7650293000,55.7949301200,54.9676741000,55.0374426800,2263300
2024-06-13 11:30:00,55.0374426800,55.1171782000,54.7484014200,54.9676741000,1343400
2024-06-13 13:30:00,54.9876079800,54.9876079800,54.2899221800,54.5889303800,2046000
2024-06-13 14:00:00,54.5889303800,54.9078724600,54.3297899400,54.5789634400,1407600
2024-06-13 14:30:00,54.5789634400,54.6188312000,54.0706495000,54.1703189000,1781900
2024-06-13 15:00:00,54.1703189000,54.2301205400,53.9111784600,53.9311123400,2533600
2024-06-14 10:00:00,53.4626661600,53.5922363800,52.4958729800,52.6254432000,6786700
2024-06-14 10:30:00,52.6254432000,53.2035257200,52.4958729800,53.0839224400,2368700
2024-06-14 11:00:00,53.0839224400,53.4925669800,53.0540216200,53.1835918400,1597000
2024-06-14 11:30:00,53.1835918400,53.8414098800,53.1337571400,53.5125008600,1561400
2024-06-14 13:30:00,53.4925669800,53.5523686200,53.2234596000,53.5025339200,1047500
2024-06-14 14:00:00,53.5025339200,53.9709801000,53.3928975800,53.7118396600,1639400
2024-06-14 14:30:00,53.7118396600,53.8613437600,53.5324347400,53.7018727200,1091100
2024-06-14 15:00:00,53.7018727200,53.7616743600,53.4227984000,53.4327653400,2217300
2024-06-17 10:00:00,53.9709801000,55.4759880400,53.9709801000,55.0773104400,9479800
2024-06-17 10:30:00,55.0773104400,55.2168476000,54.6387650800,54.9178394000,2524500
2024-06-17 11:00:00,54.9178394000,56.0142028000,54.8281369400,55.8248309400,4672000
2024-06-17 11:30:00,55.8248309400,56.0142028000,55.1969137200,55.5856243800,2424700
2024-06-17 13:30:00,55.6254921400,55.9245003400,55.1670129000,55.6553929600,2094300
2024-06-17 14:00:00,55.6553929600,56.1736738400,55.6454260200,55.6852937800,1983700
2024-06-17 14:30:00,55.6852937800,55.7151946000,55.3962525200,55.5955913200,1332100
2024-06-17 15:00:00,55.5955913200,55.8746656400,55.5158558000,55.8148640000,3234100
2024-06-18 10:00:00,55.6454260200,57.2899711200,55.6155252000,56.8613927000,9651200
2024-06-18 10:30:00,56.8613927000,56.8613927000,55.9045664600,56.1836407800,4382300
2024-06-18 11:00:00,56.1836407800,56.2733432400,55.8347978800,55.9145334000,1450600
2024-06-18 11:30:00,55.9145334000,56.7716902400,55.8148640000,56.6022522600,1812000
2024-06-18 13:30:00,56.6620539000,57.6687148400,56.4826489800,57.3497727600,5045800
2024-06-18 14:00:00,57.3497727600,57.3497727600,56.4128804000,56.4627151000,2239100
2024-06-18 14:30:00,56.4627151000,56.9610621000,56.4228473400,56.7318224800,1550600
2024-06-18 15:00:00,56.7318224800,57.3099050000,56.6122192000,57.3099050000,2939000
2024-06-19 10:00:00,57.3099050000,57.3099050000,55.8447648200,56.0341366800,8342100
2024-06-19 10:30:00,56.0341366800,56.0441036200,55.4161864000,55.7550623600,3960100
2024-06-19 11:00:00,55.7550623600,55.9145334000,55.4361202800,55.7650293000,2005700
2024-06-19 11:30:00,55.7650293000,55.8048970600,54.8181700000,54.9477402200,3356500
2024-06-19 13:30:00,54.9577071600,55.4062194600,54.9078724600,55.2168476000,1337300
2024-06-19 14:00:00,55.2168476000,55.4460872200,54.8680047000,55.1271451400,1868000
2024-06-19 14:30:00,55.1271451400,55.3663517000,54.0108478600,54.2500544200,3936100
2024-06-19 15:00:00,54.2500544200,54.6487320200,53.6819388400,53.8414098800,4939100
2024-06-20 10:00:00,54.0108478600,54.0108478600,51.3995095800,51.7383855400,11279600
2024-06-20 10:30:00,51.7383855400,51.7483524800,50.6619560200,51.4692781600,5515300
2024-06-20 11:00:00,51.4692781600,51.7084847200,51.1403691400,51.2898732400,1568200
2024-06-20 11:30:00,51.2898732400,51.6586500200,51.1503360800,51.4094765200,858800
2024-06-20 13:30:00,51.3995095800,51.4692781600,50.8214270600,50.9808981000,1583200
2024-06-20 14:00:00,50.9808981000,51.4692781600,50.8214270600,51.1503360800,1171200
2024-06-20 14:30:00,51.1503360800,51.4593112200,50.6021543800,50.8114601200,2208300
2024-06-20 15:00:00,50.8114601200,50.8712617600,50.0240718600,50.0240718600,4144600
2024-06-21 10:00:00,49.8347000000,49.8347000000,48.9974770400,49.6552950800,6038800
2024-06-21 10:30:00,49.6552950800,49.6552950800,48.4094275800,48.6785349600,4811800
2024-06-21 11:00:00,48.6785349600,48.6785349600,48.2100887800,48.3795267600,2667200
2024-06-21 11:30:00,48.3795267600,48.7283696600,48.2399896000,48.7084357800,1672900
2024-06-21 13:30:00,48.7084357800,49.4858571000,48.5190639200,49.3662538200,1806300
2024-06-21 14:00:00,49.3662538200,49.8247330600,49.2466505400,49.7549644800,1985900
2024-06-21 14:30:00,49.7549644800,49.7748983600,49.3562868800,49.5456587400,1102300
2024-06-21 15:00:00,49.5456587400,49.5456587400,49.0174109200,49.3762207600,2977800
2024-06-24 10:00:00,48.7582704800,49.0572786800,47.6918079000,48.3894937000,5107800
2024-06-24 10:30:00,48.3894937000,48.4094275800,47.9509483400,47.9509483400,1650800
2024-06-24 11:00:00,47.9509483400,47.9908161000,47.5722046200,47.8811797600,2312300
2024-06-24 11:30:00,47.8811797600,48.2698904200,47.6918079000,48.2499565400,878900
2024-06-24 13:30:00,48.2997912400,48.2997912400,47.8712128200,47.9908161000,1124700
2024-06-24 14:00:00,47.9908161000,47.9908161000,47.5423038000,47.6519401400,1202700
2024-06-24 14:30:00,47.6519401400,47.8612458800,47.4027666400,47.4825021600,1370500
2024-06-24 15:00:00,47.4825021600,47.4825021600,46.8446180000,47.0539237400,4025000
2024-06-25 10:00:00,47.2233617200,47.3429650000,45.9874611600,46.6751800200,4240000
2024-06-25 10:30:00,46.6751800200,46.8446180000,46.1867999600,46.3363040600,1353200
2024-06-25 11:00:00,46.3363040600,46.3363040600,45.8479240000,45.9575603400,1604300
2024-06-25 11:30:00,45.9575603400,46.0173619800,45.6087174400,45.8279901200,1387400
2024-06-25 13:30:00,45.8080562400,46.0073950400,45.6087174400,45.8379570600,1175800
2024-06-25 14:00:00,45.8379570600,45.8379570600,45.3296431200,45.3296431200,1437100
2024-06-25 14:30:00,45.3296431200,45.3994117000,44.7615275400,45.1203373800,3197900
2024-06-25 15:00:00,45.1203373800,45.5688496800,45.0007341000,45.1004035000,2763500
2024-06-26 10:00:00,45.3495770000,45.9475934000,44.6618581400,45.6884529600,3942400
2024-06-26 10:30:00,45.6884529600,45.6884529600,45.0505688000,45.2897753600,1376900
2024-06-26 11:00:00,45.2897753600,45.3994117000,45.1502382000,45.2698414800,729200
2024-06-26 11:30:00,45.2698414800,45.2897753600,45.0007341000,45.1004035000,821500
2024-06-26 13:30:00,45.1203373800,45.7183537800,44.9010647000,45.3495770000,2403700
2024-06-26 14:00:00,45.3495770000,45.8180231800,45.3296431200,45.6884529600,1906900
2024-06-26 14:30:00,45.6884529600,46.2665354800,45.6784860200,46.2167007800,2546800
2024-06-26 15:00:00,46.2167007800,46.6253453200,46.1967669000,46.3363040600,3321700
2024-06-27 10:00:00,45.8180231800,46.1967669000,45.2997423000,45.9475934000,4378300
2024-06-27 10:30:00,45.9475934000,46.1967669000,45.7681884800,46.1867999600,1680300
2024-06-27 11:00:00,46.1668660800,46.3562379400,45.6884529600,45.6984199000,1372200
2024-06-27 11:30:00,45.6984199000,45.8080562400,45.3794778200,45.6485852000,1118300
2024-06-27 13:30:00,45.6386182600,45.7781554200,45.3794778200,45.3994117000,831100
2024-06-27 14:00:00,45.3994117000,45.7681884800,45.3994117000,45.4891141600,697500
2024-06-27 14:30:00,45.4891141600,45.5489158000,45.3296431200,45.4791472200,974200
2024-06-27 15:00:00,45.4791472200,45.4891141600,44.8412630600,44.8412630600,2993500
2024-06-28 10:00:00,44.7515606000,45.8977587000,44.6718250800,45.7183537800,3897500
2024-06-28 10:30:00,45.7183537800,46.4858081600,45.6386182600,46.4160395800,2948200
2024-06-28 11:00:00,46.4160395800,46.4260065200,45.9774942200,46.3064032400,1308500
2024-06-28 11:30:00,46.3263371200,46.3462710000,45.9276595200,46.0472628000,801800
2024-06-28 13:30:00,46.0671966800,46.2266677200,45.8578909400,45.9176925800,747200
2024-06-28 14:00:00,45.9176925800,46.0472628000,45.5190149800,45.5190149800,1341700
2024-06-28 14:30:00,45.5190149800,45.6386182600,45.3994117000,45.4791472200,1455400
2024-06-28 15:00:00,45.4791472200,45.5090480400,45.2100398400,45.4392794600,1448600
2024-07-01 10:00:00,45.8279901200,46.3064032400,45.2798084200,45.9874611600,3467500
2024-07-01 10:30:00,45.9874611600,46.1768330200,45.7881223600,45.9974281000,1462300
2024-07-01 11:00:00,45.9974281000,46.1170313800,45.8578909400,45.9974281000,794700
2024-07-01 11:30:00,45.9974281000,46.1269983200,45.8877917600,46.0173619800,637500
2024-07-01 13:30:00,46.0472628000,46.1967669000,45.8080562400,46.0173619800,865300
2024-07-01 14:00:00,46.0173619800,46.1568991400,45.9475934000,46.1369652600,712500
2024-07-01 14:30:00,46.1369652600,46.6153783800,46.1269983200,46.3861387600,1913200
2024-07-01 15:00:00,46.3861387600,46.4359734600,46.2565685400,46.4060726400,2011800
2024-07-02 10:00:00,46.4160395800,46.7848163600,46.1668660800,46.3961057000,4006700
2024-07-02 10:30:00,46.3961057000,46.6253453200,46.0572297400,46.4957751000,1668600
2024-07-02 11:00:00,46.4957751000,46.5655436800,46.2565685400,46.3662048800,875100
2024-07-02 11:30:00,46.3662048800,46.3662048800,46.0073950400,46.0671966800,870000
2024-07-02 13:30:00,46.0671966800,46.1070644400,45.8379570600,45.8379570600,1080600
2024-07-02 14:00:00,45.8379570600,45.9974281000,45.7382876600,45.9376264600,590000
2024-07-02 14:30:00,45.9376264600,46.1170313800,45.5588827400,45.6485852000,1043200
2024-07-02 15:00:00,45.6685190800,45.7283207200,45.4093786400,45.6685190800,1550000
2024-07-03 10:00:00,45.6984199000,45.7681884800,44.7515606000,44.7515606000,3350300
2024-07-03 10:30:00,44.7515606000,44.8013953000,44.2930813600,44.4126846400,2715000
2024-07-03 11:00:00,44.4126846400,44.6518912000,44.3628499400,44.6419242600,791600
2024-07-03 11:30:00,44.6618581400,45.3196761800,44.6618581400,45.1801390200,944300
2024-07-03 13:30:00,45.2299737200,45.2399406600,44.9708332800,44.9708332800,589700
2024-07-03 14:00:00,44.9708332800,45.1004035000,44.7316267200,44.7415936600,675300
2024-07-03 14:30:00,44.7415936600,44.8811308200,44.5123540400,44.6419242600,913400
2024-07-03 15:00:00,44.6419242600,44.7316267200,44.5322879200,44.6718250800,1225100
2024-07-04 10:00:00,45.1004035000,45.7582215400,45.1004035000,45.3396100600,3921100
2024-07-04 10:30:00,45.3396100600,45.3894447600,44.9010647000,45.0107010400,1233900
2024-07-04 11:00:00,45.0107010400,45.1004035000,44.8312961200,44.9907671600,750000
2024-07-04 11:30:00,44.9907671600,45.0007341000,44.6618581400,44.7316267200,573000
2024-07-04 13:30:00,44.7017259000,44.8512300000,44.4924201600,44.6618581400,680200
2024-07-04 14:00:00,44.6618581400,44.8910977600,44.6219903800,44.7415936600,638500
2024-07-04 14:30:00,44.7415936600,44.7515606000,44.1435772600,44.1535442000,1415700
2024-07-04 15:00:00,44.1535442000,44.2631805400,43.8545360000,43.8545360000,2141000
2024-07-05 10:00:00,43.6551972000,43.8047013000,42.7681395400,43.3960567600,4003500
2024-07-05 10:30:00,43.3960567600,43.7349327200,43.2565196000,43.6352633200,999300
2024-07-05 11:00:00,43.6352633200,43.7349327200,43.3163212400,43.6252963800,650700
2024-07-05 11:30:00,43.6551972000,43.7050319000,43.4259575800,43.6551972000,475900
2024-07-05 13:30:00,43.5953955600,43.6950649600,43.4159906400,43.5754616800,500800
2024-07-05 14:00:00,43.5754616800,44.2432466600,43.5654947400,44.1535442000,1344300
2024-07-05 14:30:00,44.1535442000,44.3528830000,44.0140070400,44.0339409200,874600
2024-07-05 15:00:00,44.0339409200,44.2133458400,43.9542054000,44.0140070400,1000900
2024-07-08 10:00:00,43.8545360000,43.8545360000,42.9674783400,42.9674783400,3078400
2024-07-08 10:30:00,42.9774452800,43.1468832600,42.3594950000,42.4192966400,3318000
2024-07-08 11:00:00,42.4192966400,42.4890652200,42.2498586600,42.4292635800,1997600
2024-07-08 11:30:00,42.4292635800,42.5787676800,41.9907182200,42.0206190400,1270000
2024-07-08 13:30:00,42.0106521000,42.1103215000,41.8113133000,41.8611480000,1499800
2024-07-08 14:00:00,41.8611480000,41.9209496400,41.4624704000,41.5222720400,2635000
2024-07-08 14:30:00,41.5222720400,41.7216108400,41.3927018200,41.4923712200,1589900
2024-07-08 15:00:00,41.4923712200,41.6618092000,41.0139581000,41.4126357000,3628800
2024-07-09 10:00:00,41.5521728600,42.3495280600,41.4325695800,41.9608174000,4284000
2024-07-09 10:30:00,41.9608174000,42.0305859800,41.3628010000,41.4026687600,1803400
2024-07-09 11:00:00,41.4026687600,41.5920406200,41.2631316000,41.3927018200,893200
2024-07-09 11:30:00,41.3927018200,42.2099909000,41.3927018200,42.0206190400,1284100
2024-07-09 13:30:00,42.0505198600,42.6086685000,42.0505198600,42.4990321600,1994200
2024-07-09 14:00:00,42.4990321600,43.3262881800,42.4990321600,43.1070155000,2874900
2024-07-09 14:30:00,43.1070155000,43.3362551200,43.0571808000,43.3063543000,1617000
2024-07-09 15:00:00,43.3063543000,43.4757922800,43.0771146800,43.3262881800,2110700
2024-07-10 10:00:00,43.7050319000,47.5024360400,43.4359245200,47.1236923200,16194700
2024-07-10 10:30:00,47.1236923200,47.7416426000,46.6253453200,46.8446180000,4178000
2024-07-10 11:00:00,46.8446180000,46.9941221000,46.5854775600,46.6452792000,1573600
2024-07-10 11:30:00,46.6452792000,46.9044196400,46.2366346600,46.9044196400,2014000
2024-07-10 13:30:00,46.9044196400,47.1436262000,46.7648824800,46.8346510600,1785000
2024-07-10 14:00:00,46.8346510600,47.0339898600,46.4858081600,46.5456098000,1108600
2024-07-10 14:30:00,46.5456098000,46.7250147200,46.3961057000,46.5356428600,1338900
2024-07-10 15:00:00,46.5356428600,46.5954445000,46.2964363000,46.5755106200,2981900
2024-07-11 10:00:00,47.4027666400,47.5223699200,46.8246841200,46.8944527000,8809100
2024-07-11 10:30:00,46.8944527000,47.2034278400,46.7549155400,46.8545849400,3602100
2024-07-11 11:00:00,46.8545849400,46.9044196400,46.4359734600,46.4858081600,2343200
2024-07-11 11:30:00,46.4858081600,46.8446180000,46.3064032400,46.6951139000,1262200
2024-07-11 13:30:00,46.7050808400,47.2432956000,46.6253453200,47.1934609000,1697500
2024-07-11 14:00:00,47.1934609000,47.2632294800,46.9941221000,47.1436262000,1327500
2024-07-11 14:30:00,47.1436262000,47.2133947800,47.0140559800,47.1037584400,1178100
2024-07-11 15:00:00,47.1037584400,47.4924691000,47.0638906800,47.4924691000,3047200
2024-07-12 10:00:00,46.8246841200,47.1535931400,46.6951139000,47.0937915000,4795900
2024-07-12 10:30:00,47.0937915000,48.1502871400,47.0140559800,47.4924691000,4677400
2024-07-12 11:00:00,47.4924691000,47.5024360400,47.1336592600,47.2333286600,1232200
2024-07-12 11:30:00,47.2333286600,47.3030972400,47.0539237400,47.1236923200,587500
2024-07-12 13:30:00,47.1236923200,47.8811797600,47.0539237400,47.2333286600,1829100
2024-07-12 14:00:00,47.2233617200,47.6021054400,47.2133947800,47.5722046200,1287700
2024-07-12 14:30:00,47.5722046200,48.1403202000,47.3628988800,47.9210475200,3071300
2024-07-12 15:00:00,47.9210475200,48.0207169200,47.6320062600,47.7017748400,2807100
2024-07-15 10:00:00,47.3628988800,47.9210475200,47.2432956000,47.4825021600,4920200
2024-07-15 10:30:00,47.4825021600,47.6918079000,46.8944527000,46.9442874000,2370600
2024-07-15 11:00:00,46.9442874000,47.3130641800,46.9044196400,47.2731964200,1030200
2024-07-15 11:30:00,47.2731964200,47.3329980600,47.0539237400,47.1336592600,696200
2024-07-15 13:30:00,47.0937915000,47.0937915000,46.5555767400,46.6452792000,1894300
2024-07-15 14:00:00,46.6652130800,46.8645518800,46.5854775600,46.7549155400,924200
2024-07-15 14:30:00,46.7549155400,46.8346510600,46.5456098000,46.6353122600,854600
2024-07-15 15:00:00,46.6353122600,46.6552461400,46.3263371200,46.4359734600,2323200
2024-07-16 10:00:00,46.0472628000,47.2931303000,46.0173619800,46.7349816600,4199900
2024-07-16 10:30:00,46.7349816600,47.0240229200,46.4359734600,46.6751800200,1588500
2024-07-16 11:00:00,46.6751800200,47.2831633600,46.5655436800,46.9442874000,1581800
2024-07-16 11:30:00,46.9442874000,47.0838245600,46.7050808400,46.9941221000,687300
2024-07-16 13:30:00,47.0339898600,47.1735270200,46.7050808400,46.8147171800,1637500
2024-07-16 14:00:00,46.8147171800,47.1735270200,46.8047502400,47.0040890400,1618300
2024-07-16 14:30:00,47.0040890400,47.0240229200,46.8346510600,46.9044196400,979900
2024-07-16 15:00:00,46.9044196400,46.9642212800,46.8246841200,46.9642212800,1605600
2024-07-17 10:00:00,46.9243535200,46.9941221000,46.3562379400,46.5655436800,2898500
2024-07-17 10:30:00,46.5655436800,46.5655436800,46.0771636200,46.3861387600,1672500
2024-07-17 11:00:00,46.3861387600,46.6951139000,46.3064032400,46.3761718200,824300
2024-07-17 11:30:00,46.3761718200,46.5356428600,46.3163701800,46.4459404000,669900
2024-07-17 13:30:00,46.4459404000,46.5157089800,46.1469322000,46.1867999600,863600
2024-07-17 14:00:00,46.1867999600,46.4260065200,46.1768330200,46.3562379400,626100
2024-07-17 14:30:00,46.3562379400,46.4160395800,45.9376264600,46.0472628000,1146800
2024-07-17 15:00:00,46.0472628000,46.0970975000,45.6186843800,45.6685190800,2633200
2024-07-18 10:00:00,44.7714944800,45.1801390200,44.1834450200,44.4027177000,4626800
2024-07-18 10:30:00,44.4027177000,44.5223209800,43.7050319000,43.7947343600,3367800
2024-07-18 11:00:00,43.7947343600,43.9043707000,43.5953955600,43.9043707000,1333700
2024-07-18 11:30:00,43.9043707000,43.9841062200,43.7748004800,43.9641723400,965400
2024-07-18 13:30:00,43.9641723400,44.7615275400,43.9043707000,44.7615275400,1462800
2024-07-18 14:00:00,44.7615275400,45.2698414800,44.7615275400,44.9209985800,1478500
2024-07-18 14:30:00,44.9209985800,45.1402712600,44.8113622400,45.0605357400,731800
2024-07-18 15:00:00,45.0605357400,45.1801390200,44.8512300000,45.1402712600,1385000
2024-07-19 10:00:00,44.8013953000,45.7183537800,44.6020565000,45.5987505000,3573400
2024-07-19 10:30:00,45.5987505000,46.3064032400,45.5090480400,45.9077256400,2397900
2024-07-19 11:00:00,45.9077256400,46.5954445000,45.8778248200,46.4160395800,1589900
2024-07-19 11:30:00,46.4160395800,46.5954445000,46.2067338400,46.4459404000,1101500
2024-07-19 13:30:00,46.4160395800,46.4160395800,46.0273289200,46.1768330200,1079900
2024-07-19 14:00:00,46.1668660800,46.3363040600,46.0671966800,46.0671966800,786100
2024-07-19 14:30:00,46.0671966800,46.3562379400,46.0372958600,46.1170313800,867400
2024-07-19 15:00:00,46.1170313800,46.2067338400,45.9276595200,46.0671966800,1683600
2024-07-22 10:00:00,46.9442874000,47.1236923200,46.1070644400,46.5655436800,4839000
2024-07-22 10:30:00,46.5655436800,46.8944527000,46.5256759200,46.5655436800,1913700
2024-07-22 11:00:00,46.5655436800,46.5755106200,46.1768330200,46.4758412200,1076400
2024-07-22 11:30:00,46.4758412200,46.5954445000,46.3462710000,46.3562379400,444600
2024-07-22 13:30:00,46.3961057000,46.3961057000,46.0372958600,46.1269983200,1135200
2024-07-22 14:00:00,46.1269983200,46.2366346600,45.9575603400,45.9575603400,627400
2024-07-22 14:30:00,45.9575603400,46.1469322000,45.8778248200,45.9974281000,812200
2024-07-22 15:00:00,45.9974281000,46.3163701800,45.9874611600,46.1369652600,1185100
2024-07-23 10:00:00,45.8778248200,45.9475934000,45.2598745400,45.2698414800,2796100
2024-07-23 10:30:00,45.2698414800,45.4193455800,44.9508994000,45.0306349200,1653200
2024-07-23 11:00:00,45.0306349200,45.3595439400,45.0206679800,45.2299737200,1030400
2024-07-23 11:30:00,45.2299737200,45.2997423000,45.0406018600,45.0904365600,561400
2024-07-23 13:30:00,45.0306349200,45.1103704400,44.8711638800,44.9209985800,955200
2024-07-23 14:00:00,44.9209985800,45.0505688000,44.8512300000,44.9508994000,766900
2024-07-23 14:30:00,44.9508994000,44.9508994000,44.3827838200,44.4824532200,1418200
2024-07-23 15:00:00,44.4824532200,44.5023871000,43.8744698800,43.9243045800,2479700
2024-07-24 10:00:00,43.9641723400,44.4525524000,43.5953955600,43.6651641400,2357400
2024-07-24 10:30:00,43.6651641400,44.0040401000,43.3561890000,43.3860898200,1454400
2024-07-24 11:00:00,43.3860898200,43.6551972000,43.2465526600,43.5056931000,1197300
2024-07-24 11:30:00,43.5056931000,43.7548666000,43.4060237000,43.6751310800,744500
2024-07-24 13:30:00,43.6751310800,43.6751310800,43.2266187800,43.2664865400,656000
2024-07-24 14:00:00,43.2664865400,43.2664865400,42.8977097600,43.0970485600,967700
2024-07-24 14:30:00,43.0970485600,43.1369163200,42.8080073000,42.9276105800,1082300
2024-07-24 15:00:00,42.8977097600,42.9973791600,42.6485362600,42.7581726000,1568500
2024-07-25 10:00:00,42.3694619400,42.7083379000,42.2797594800,42.4990321600,2249100
2024-07-25 10:30:00,42.4790982800,42.5987015600,42.0305859800,42.4691313400,1246300
2024-07-25 11:00:00,42.4292635800,43.0571808000,42.3993627600,42.9674783400,1030300
2024-07-25 11:30:00,42.9674783400,43.1568502000,42.7581726000,43.0571808000,723700
2024-07-25 13:30:00,43.0771146800,43.0771146800,42.6186354400,42.7382387200,674600
2024-07-25 14:00:00,42.7382387200,42.9475444600,42.6684701400,42.8777758800,565700
2024-07-25 14:30:00,42.8777758800,42.9575114000,42.6784370800,42.7581726000,577500
2024-07-25 15:00:00,42.7581726000,42.7880734200,42.6186354400,42.6684701400,846500
2024-07-26 10:00:00,42.7581726000,43.8844368200,42.7083379000,43.4458914600,2928100
2024-07-26 10:30:00,43.4458914600,43.4458914600,42.9076767000,42.9575114000,1142500
2024-07-26 11:00:00,42.9475444600,43.1169824400,42.8877428200,43.0272799800,653700
2024-07-26 11:30:00,43.0272799800,43.5056931000,42.9874122200,43.2066849000,794700
2024-07-26 13:30:00,43.2166518400,43.2266187800,42.9874122200,43.0671477400,534900
2024-07-26 14:00:00,43.0771146800,43.2066849000,42.9176436400,42.9874122200,648300
2024-07-26 14:30:00,42.9874122200,42.9874122200,42.7183048400,42.8379081200,1089200
2024-07-26 15:00:00,42.8379081200,43.0173130400,42.7880734200,42.9973791600,1299200
2024-07-29 10:00:00,43.0472138600,43.3362551200,42.6485362600,42.8977097600,2004700
2024-07-29 10:30:00,42.8977097600,43.4857592200,42.7681395400,43.3462220600,1432200
2024-07-29 11:00:00,43.3462220600,43.3761228800,43.0870816200,43.2266187800,721600
2024-07-29 11:30:00,43.1967179600,44.2432466600,43.1468832600,44.1535442000,3283600
2024-07-29 13:30:00,44.1734780800,44.1734780800,43.6252963800,43.8047013000,1082800
2024-07-29 14:00:00,43.8047013000,43.8545360000,43.4359245200,43.4558584000,676500
2024-07-29 14:30:00,43.4558584000,43.5455608600,43.3761228800,43.4060237000,660200
2024-07-29 15:00:00,43.4060237000,43.6053625000,43.3462220600,43.3561890000,1330200
2024-07-30 10:00:00,42.9375775200,43.1568502000,42.4192966400,42.6086685000,2891500
2024-07-30 10:30:00,42.6086685000,43.2664865400,42.5987015600,43.1269493800,1004200
2024-07-30 11:00:00,43.1269493800,43.7050319000,43.0970485600,43.4658253400,1406000
2024-07-30 11:30:00,43.4658253400,43.5056931000,43.2365857200,43.2565196000,562700
2024-07-30 13:30:00,43.2465526600,43.2864204200,43.0272799800,43.0771146800,618400
2024-07-30 14:00:00,43.0771146800,43.3561890000,43.0173130400,43.0272799800,624600
2024-07-30 14:30:00,43.0272799800,43.1568502000,42.9076767000,43.0571808000,791400
2024-07-30 15:00:00,43.0372469200,43.1767840800,42.9774452800,43.1767840800,1278900
2024-07-31 10:00:00,43.2365857200,43.9940731600,42.9973791600,43.9143376400,3415200
2024-07-31 10:30:00,43.9143376400,44.5322879200,43.7648335400,44.2631805400,2919100
2024-07-31 11:00:00,44.2631805400,44.5522218000,44.2432466600,44.5322879200,1494900
2024-07-31 11:30:00,44.5322879200,44.9708332800,44.3927507600,44.9508994000,1347500
2024-07-31 13:30:00,44.9708332800,45.1004035000,44.7615275400,44.9708332800,1405200
2024-07-31 14:00:00,44.9708332800,44.9907671600,44.7714944800,44.9708332800,788300
2024-07-31 14:30:00,44.9708332800,45.0107010400,44.8113622400,44.8213291800,966500
2024-07-31 15:00:00,44.8213291800,45.2399406600,44.8113622400,45.2299737200,2351000
2024-08-01 10:00:00,45.2598745400,45.4990811000,44.7615275400,45.0505688000,3593800
2024-08-01 10:30:00,45.0505688000,45.1203373800,44.7515606000,44.7515606000,1617300
2024-08-01 11:00:00,44.7515606000,44.8811308200,44.6419242600,44.6817920200,1169200
2024-08-01 11:30:00,44.6817920200,44.7216597800,44.4724862800,44.6518912000,1032400
2024-08-01 13:30:00,44.6518912000,45.0605357400,44.6020565000,44.9010647000,1085200
2024-08-01 14:00:00,44.8910977600,45.2000729000,44.8910977600,45.1303043200,769000
2024-08-01 14:30:00,45.1303043200,45.1502382000,44.8013953000,44.8213291800,625700
2024-08-01 15:00:00,44.8213291800,44.9409324600,44.7316267200,44.7515606000,1157100
2024-08-02 10:00:00,44.6419242600,45.0505688000,44.1037095000,44.7515606000,3446300
2024-08-02 10:30:00,44.7515606000,44.9110316400,44.6120234400,44.8013953000,947000
2024-08-02 11:00:00,44.8013953000,44.8412630600,44.4126846400,44.4226515800,818500
2024-08-02 11:30:00,44.4226515800,44.7714944800,44.4027177000,44.6319573200,435300
2024-08-02 13:30:00,44.6419242600,44.6718250800,44.1734780800,44.1934119600,859900
2024-08-02 14:00:00,44.1934119600,44.2233127800,43.7947343600,43.8744698800,1725700
2024-08-02 14:30:00,43.8744698800,43.9342715200,43.5953955600,43.8246351800,1329900
2024-08-02 15:00:00,43.8246351800,43.9143376400,43.5056931000,43.5056931000,1590500
2024-08-05 10:00:00,42.9076767000,43.9542054000,42.7681395400,43.0671477400,3185100
2024-08-05 10:30:00,43.0671477400,43.0671477400,42.6884040200,42.8478750600,1783600
2024-08-05 11:00:00,42.8379081200,42.9176436400,42.7183048400,42.7681395400,831600
2024-08-05 11:30:00,42.7681395400,43.0571808000,42.4890652200,42.8578420000,1301100
2024-08-05 13:30:00,42.8777758800,42.8777758800,41.7714455400,41.8810818800,2390100
2024-08-05 14:00:00,41.8810818800,41.8910488200,41.2232638400,41.2830654800,2727300
2024-08-05 14:30:00,41.2830654800,41.6119745000,41.2730985400,41.4026687600,1114800
2024-08-05 15:00:00,41.4026687600,41.5422059200,41.2431977200,41.2431977200,1911700
2024-08-06 10:00:00,42.0405529200,42.1003545600,41.4624704000,41.4824042800,2930100
2024-08-06 10:30:00,41.4824042800,41.4923712200,41.2232638400,41.4624704000,1378000
2024-08-06 11:00:00,41.4624704000,41.5820736800,41.3029993600,41.5621398000,541700
2024-08-06 11:30:00,41.5621398000,41.6917100200,41.3727679400,41.4126357000,558900
2024-08-06 13:30:00,41.4724373400,41.4724373400,41.0438589200,41.2132969000,942200
2024-08-06 14:00:00,41.2132969000,41.4126357000,41.1036605600,41.1933630200,569500
2024-08-06 14:30:00,41.1933630200,41.4325695800,41.1634622000,41.4026687600,662700
2024-08-06 15:00:00,41.4026687600,42.1900570200,41.3827348800,42.0206190400,2321000
2024-08-07 10:00:00,41.9608174000,42.3594950000,41.9010157600,42.2398917200,2084700
2024-08-07 10:30:00,42.2398917200,42.2598256000,41.7913794200,42.1103215000,907100
2024-08-07 11:00:00,42.1103215000,42.2498586600,41.9807512800,42.0804206800,822700
2024-08-07 11:30:00,42.0804206800,42.1202884400,41.8810818800,41.9309165800,545100
2024-08-07 13:30:00,41.9508504600,42.1601562000,41.9209496400,42.0604868000,511000
2024-08-07 14:00:00,42.0604868000,42.1402223200,41.9408835200,42.0006851600,400700
2024-08-07 14:30:00,41.9907182200,41.9907182200,41.6618092000,41.8711149400,750700
2024-08-07 15:00:00,41.8711149400,41.8910488200,41.7016769600,41.7515116600,850900
2024-08-08 10:00:00,41.4525034600,41.4525034600,40.3860408800,40.4857102800,3420000
2024-08-08 10:30:00,40.4857102800,40.5255780400,40.2365367800,40.4757433400,1525500
2024-08-08 11:00:00,40.4757433400,40.9043217600,40.3860408800,40.9043217600,878300
2024-08-08 11:30:00,40.9043217600,41.3229332400,40.7946854200,41.2232638400,1141100
2024-08-08 13:30:00,41.2232638400,41.2332307800,40.9940242200,41.0936936200,555800
2024-08-08 14:00:00,41.0936936200,41.1136275000,40.8544870600,40.8843878800,502000
2024-08-08 14:30:00,40.8843878800,41.1136275000,40.8544870600,40.9541564600,498900
2024-08-08 15:00:00,40.9641234000,40.9940242200,40.8146193000,40.8644540000,1138100
2024-08-09 10:00:00,41.2631316000,41.4724373400,40.9342225800,40.9940242200,1887200
2024-08-09 10:30:00,40.9940242200,41.1335613800,40.8744209400,41.0139581000,584700
2024-08-09 11:00:00,41.0139581000,41.2431977200,40.8943548200,41.0039911600,471800
2024-08-09 11:30:00,41.0039911600,41.1036605600,40.8843878800,40.9043217600,465800
2024-08-09 13:30:00,40.9043217600,40.9043217600,40.6551482600,40.7448507200,709800
2024-08-09 14:00:00,40.7448507200,40.8445201200,40.6152805000,40.7149499000,481100
2024-08-09 14:30:00,40.7149499000,40.7149499000,40.5754127400,40.6252474400,604700
2024-08-09 15:00:00,40.6252474400,40.7348837800,40.4259086400,40.4259086400,1157000
2024-08-12 10:00:00,40.1867020800,40.2664376000,39.3793799400,39.5587848600,3596600
2024-08-12 10:30:00,39.5587848600,39.5886856800,39.0305370400,39.3793799400,2677900
2024-08-12 11:00:00,39.3793799400,39.3793799400,38.7913304800,38.8610990600,2158800
2024-08-12 11:30:00,38.8610990600,38.8810329400,38.7315288400,38.8511321200,1983900
2024-08-12 13:30:00,38.8610990600,39.1800411400,38.8610990600,38.9508015200,729800
2024-08-12 14:00:00,38.9508015200,38.9707354000,38.8212313000,38.8610990600,666500
2024-08-12 14:30:00,38.8610990600,39.0006362200,38.8610990600,38.9109337600,615400
2024-08-12 15:00:00,38.9109337600,38.9707354000,38.7913304800,38.9209007000,1446100
2024-08-13 10:00:00,38.9009668200,39.2298758400,38.8810329400,39.0504709200,1860700
2024-08-13 10:30:00,39.0504709200,39.3594460600,39.0205701000,39.0803717400,918300
2024-08-13 11:00:00,39.0803717400,39.0903386800,38.8012974200,38.8311982400,877900
2024-08-13 11:30:00,38.8311982400,38.8511321200,38.6218925000,38.6517933200,835200
2024-08-13 13:30:00,38.7016280200,38.9109337600,38.6218925000,38.8112643600,651600
2024-08-13 14:00:00,38.8112643600,38.8212313000,38.6816941400,38.7315288400,489100
2024-08-13 14:30:00,38.7315288400,38.7713966000,38.4624214600,38.7315288400,934000
2024-08-13 15:00:00,38.7315288400,39.2298758400,38.7315288400,39.2298758400,1160100
2024-08-14 10:00:00,39.2298758400,39.2697436000,38.8012974200,38.8112643600,1789300
2024-08-14 10:30:00,38.8112643600,39.0903386800,38.7813635400,38.8710660000,679100
2024-08-14 11:00:00,38.8511321200,39.3096113600,38.8511321200,39.2498097200,858000
2024-08-14 11:30:00,39.2398427800,39.2398427800,39.1003056200,39.1302064400,343700
2024-08-14 13:30:00,39.1302064400,39.2199089000,38.9906692800,39.0405039800,490800
2024-08-14 14:00:00,39.0405039800,39.1401733800,38.9209007000,38.9707354000,457100
2024-08-14 14:30:00,38.9807023400,39.1202395000,38.9109337600,39.0704048000,389200
2024-08-14 15:00:00,39.0704048000,39.1202395000,38.8810329400,38.9109337600,899000
2024-08-15 10:00:00,38.8710660000,39.3494791200,38.8012974200,39.2597766600,2646400
2024-08-15 10:30:00,39.2597766600,40.3063053600,39.2597766600,40.0969996200,3558100
2024-08-15 11:00:00,40.0969996200,40.4657764000,40.0969996200,40.2166029000,1781500
2024-08-15 11:30:00,40.2166029000,40.3162723000,40.1169335000,40.1767351400,559200
2024-08-15 13:30:00,40.1767351400,40.3262392400,39.9574624600,40.0072971600,692600
2024-08-15 14:00:00,40.0072971600,40.0072971600,39.8278922400,39.8976608200,747000
2024-08-15 14:30:00,39.8976608200,39.9375285800,39.7880244800,39.8777269400,620800
2024-08-15 15:00:00,39.8777269400,40.1269004400,39.8677600000,40.1069665600,1246500
2024-08-16 10:00:00,40.1667682000,41.0538258600,40.0670988000,40.8046523600,4519800
2024-08-16 10:30:00,40.8046523600,40.8744209400,40.6152805000,40.8146193000,1448900
2024-08-16 11:00:00,40.8146193000,40.9342225800,40.5953466200,40.5953466200,968400
2024-08-16 11:30:00,40.5953466200,40.6750821400,40.4558094600,40.6451813200,675900
2024-08-16 13:30:00,40.6651152000,41.4325695800,40.6651152000,41.1534952600,2615900
2024-08-16 14:00:00,41.1335613800,41.2332307800,40.8146193000,40.8544870600,874000
2024-08-16 14:30:00,40.8445201200,41.0438589200,40.7049829600,40.7448507200,702300
2024-08-16 15:00:00,40.7448507200,40.7647846000,40.5754127400,40.6451813200,1330700
2024-08-19 10:00:00,40.6451813200,41.0637928000,40.2066359600,40.7149499000,3671800
2024-08-19 10:30:00,40.7149499000,40.7448507200,40.2863714800,40.2863714800,1084700
2024-08-19 11:00:00,40.2863714800,40.3960078200,40.1667682000,40.3063053600,1085000
2024-08-19 11:30:00,40.3063053600,40.3362061800,40.1966690200,40.2365367800,443100
2024-08-19 13:30:00,40.2465037200,40.2465037200,39.9175947000,40.0072971600,845200
2024-08-19 14:00:00,40.0072971600,40.0571318600,39.8478261200,39.9674294000,811200
2024-08-19 14:30:00,39.9574624600,40.0770657400,39.9375285800,39.9574624600,566400
2024-08-19 15:00:00,39.9574624600,40.0870326800,39.8777269400,39.9175947000,874600
2024-08-20 10:00:00,39.7082889600,39.8478261200,39.2099419600,39.2099419600,2408500
2024-08-20 10:30:00,39.2099419600,39.4790493400,39.1800411400,39.3195783000,972100
2024-08-20 11:00:00,39.3195783000,39.6584542600,39.3096113600,39.3993138200,628200
2024-08-20 11:30:00,39.3993138200,39.3993138200,39.1900080800,39.2298758400,497900
2024-08-20 13:30:00,39.2099419600,39.3195783000,39.1202395000,39.2498097200,516800
2024-08-20 14:00:00,39.2498097200,39.2597766600,39.1003056200,39.1401733800,512800
2024-08-20 14:30:00,39.1401733800,39.1601072600,38.8411651800,38.9906692800,1252200
2024-08-20 15:00:00,38.9906692800,39.0803717400,38.7813635400,38.9408345800,973600
2024-08-21 10:00:00,38.9707354000,39.9275616400,38.8112643600,39.6883550800,3187700
2024-08-21 10:30:00,39.6883550800,39.9076277600,39.4391815800,39.4890162800,1301800
2024-08-21 11:00:00,39.4890162800,39.7979914200,39.4690824000,39.6684212000,674600
2024-08-21 11:30:00,39.6783881400,39.7082889600,39.3793799400,39.4192477000,462100
2024-08-21 13:30:00,39.3793799400,39.3793799400,39.0903386800,39.1800411400,660700
2024-08-21 14:00:00,39.1800411400,39.1999750200,38.9009668200,38.9607684600,608800
2024-08-21 14:30:00,38.9607684600,39.0604378600,38.9209007000,39.0106031600,464800
2024-08-21 15:00:00,39.0106031600,39.0205701000,38.9009668200,38.9906692800,1139900
2024-08-22 10:00:00,38.8710660000,39.5288840400,38.6717272000,38.7813635400,2203500
2024-08-22 10:30:00,38.7813635400,38.8012974200,38.4524545200,38.5521239200,1326100
2024-08-22 11:00:00,38.5521239200,38.7813635400,38.4624214600,38.6717272000,578700
2024-08-22 11:30:00,38.6717272000,38.6816941400,38.4524545200,38.5321900400,358700
2024-08-22 13:30:00,38.5222231000,38.5620908600,38.2830165400,38.5022892200,760200
2024-08-22 14:00:00,38.5022892200,38.5620908600,37.9740414000,37.9740414000,1036300
2024-08-22 14:30:00,37.9740414000,38.1036116200,37.9142397600,38.0238761000,1117400
2024-08-22 15:00:00,38.0338430400,38.1235455000,37.9441405800,37.9541075200,1354800
2024-08-23 10:00:00,37.8943058800,38.4225537000,37.8943058800,38.0537769200,2106200
2024-08-23 10:30:00,38.0537769200,38.3926528800,37.9640744600,38.1933140800,953800
2024-08-23 11:00:00,38.1733802000,38.4026198200,38.0537769200,38.1036116200,758100
2024-08-23 11:30:00,38.1036116200,38.6717272000,38.1036116200,38.5321900400,1204900
2024-08-23 13:30:00,38.5321900400,38.6019586200,38.3727190000,38.4125867600,485700
2024-08-23 14:00:00,38.4125867600,38.7514627200,38.3826859400,38.5521239200,743700
2024-08-23 14:30:00,38.5521239200,38.6218925000,38.4723884000,38.5521239200,424200
2024-08-23 15:00:00,38.5521239200,38.6019586200,38.3328512400,38.3428181800,1073200
2024-08-26 10:00:00,38.4624214600,38.5222231000,37.9740414000,38.3328512400,2183600
2024-08-26 10:30:00,38.3328512400,38.5321900400,38.0737108000,38.0836777400,803500
2024-08-26 11:00:00,38.0836777400,38.2331818400,38.0238761000,38.0836777400,516300
2024-08-26 11:30:00,38.0836777400,38.3129173600,37.9840083400,38.1733802000,553400
2024-08-26 13:30:00,38.2232149000,38.2929834800,38.0537769200,38.1434793800,480500
2024-08-26 14:00:00,38.1434793800,38.1434793800,37.7348348400,37.7747026000,1282600
2024-08-26 14:30:00,37.7747026000,37.8544381200,37.6451323800,37.6949670800,1396500
2024-08-26 15:00:00,37.6949670800,37.9740414000,37.6850001400,37.8245373000,1137000
2024-08-27 10:00:00,33.6882572000,33.9872654000,32.7114970800,32.7712987200,13669000
2024-08-27 10:30:00,32.7712987200,32.7712987200,32.2330839600,32.6716293200,6311100
2024-08-27 11:00:00,32.6716293200,32.6915632000,32.3427203000,32.4623235800,1723900
2024-08-27 11:30:00,32.4623235800,32.6417285000,32.3427203000,32.5819268600,1493000
2024-08-27 13:30:00,32.5719599200,32.5719599200,32.4025219400,32.4523566400,1371900
2024-08-27 14:00:00,32.4523566400,32.4523566400,32.2829186600,32.2928856000,1618700
2024-08-27 14:30:00,32.2928856000,32.3526872400,32.0337451600,32.0636459800,2605500
2024-08-27 15:00:00,32.0636459800,32.2729517200,31.9540096400,32.1932162000,3463600
2024-08-28 10:00:00,32.0038443400,32.3427203000,31.7048361400,32.1832492600,5303300
2024-08-28 10:30:00,32.1832492600,32.3526872400,32.0736129200,32.2430509000,1803800
2024-08-28 11:00:00,32.2430509000,32.7114970800,32.1732823200,32.5619929800,2046400
2024-08-28 11:30:00,32.5619929800,32.6217946200,32.3825880600,32.4324227600,961500
2024-08-28 13:30:00,32.4324227600,32.6915632000,32.4025219400,32.5918938000,1219600
2024-08-28 14:00:00,32.5918938000,32.9208028200,32.5719599200,32.8011995400,1808000
2024-08-28 14:30:00,32.8011995400,32.8610011800,32.6815962600,32.7912326000,1021100
2024-08-28 15:00:00,32.7912326000,32.8510342400,32.6616623800,32.7214640200,1637500
2024-08-29 10:00:00,32.5918938000,32.8211334200,32.3925550000,32.5619929800,2371100
2024-08-29 10:30:00,32.5520260400,33.0802738600,32.4822574600,32.8610011800,1800200
2024-08-29 11:00:00,32.8610011800,33.6085216800,32.8410673000,33.5088522800,1851200
2024-08-29 11:30:00,33.5088522800,33.7779596600,33.4590175800,33.7480588400,1463000
2024-08-29 13:30:00,33.7580257800,33.9174968200,33.5188192200,33.8676621200,1300100
2024-08-29 14:00:00,33.8676621200,33.9673315200,33.6882572000,33.7879266000,1373500
2024-08-29 14:30:00,33.7879266000,33.8975629400,33.7580257800,33.8377613000,993400
2024-08-29 15:00:00,33.8377613000,33.8676621200,33.6384225000,33.7380919000,1593400
2024-08-30 10:00:00,33.7380919000,34.9341247000,33.6782902600,34.8344553000,3577100
2024-08-30 10:30:00,34.8344553000,35.0836288000,34.6650173200,34.9540585800,1879400
2024-08-30 11:00:00,34.9540585800,35.1334635000,34.8842900000,35.1035626800,1128100
2024-08-30 11:30:00,35.1035626800,35.2929345400,35.0138602200,35.2331329000,1153200
2024-08-30 13:30:00,35.2730006600,35.4025708800,35.1832982000,35.2630337200,1002500
2024-08-30 14:00:00,35.2730006600,35.5520749800,35.2331329000,35.3726700600,1088200
2024-08-30 14:30:00,35.3726700600,35.3726700600,35.0038932800,35.0038932800,1128500
2024-08-30 15:00:00,35.0038932800,35.0636949200,34.2065380800,34.2065380800,4223000
2024-09-02 10:00:00,34.3161744200,34.4357777000,33.5885878000,33.6683233200,3868400
2024-09-02 10:30:00,33.6683233200,33.8178274200,33.5387531000,33.6982241400,1410600
2024-09-02 11:00:00,33.6982241400,33.9274637600,33.6384225000,33.8576951800,825300
2024-09-02 11:30:00,33.8576951800,33.9473976400,33.7679927200,33.8277943600,683700
2024-09-02 13:30:00,33.7879266000,33.8078604800,33.5387531000,33.5686539200,823000
2024-09-02 14:00:00,33.5686539200,33.6284555600,33.3294473600,33.4191498200,1152700
2024-09-02 14:30:00,33.4191498200,33.4889184000,33.2497118400,33.3194804200,885900
2024-09-02 15:00:00,33.3194804200,33.3394143000,33.1301085600,33.1400755000,1290600
2024-09-03 10:00:00,33.0603399800,33.6583563800,33.0603399800,33.4988853400,1943400
2024-09-03 10:30:00,33.4988853400,34.0769678600,33.4490506400,33.8477282400,1716100
2024-09-03 11:00:00,33.8477282400,34.2563727800,33.7879266000,34.0769678600,1295200
2024-09-03 11:30:00,34.0769678600,34.1367695000,33.7580257800,33.8078604800,561000
2024-09-03 13:30:00,33.8078604800,34.3759760600,33.7978935400,34.1567033800,1366900
2024-09-03 14:00:00,34.1567033800,34.2364389000,34.0071992800,34.0869348000,618400
2024-09-03 14:30:00,34.0769678600,34.2563727800,34.0071992800,34.1467364400,636800
2024-09-03 15:00:00,34.1467364400,34.2464058400,34.1068686800,34.2165050200,1172400
2024-09-04 10:00:00,33.9075298800,34.2264719600,33.7978935400,33.9473976400,1844600
2024-09-04 10:30:00,33.9473976400,34.0869348000,33.7879266000,33.9673315200,781700
2024-09-04 11:00:00,33.9573645800,34.4656785200,33.8975629400,34.4557115800,929900
2024-09-04 11:30:00,34.4557115800,34.5354471000,34.2563727800,34.2563727800,587100
2024-09-04 13:30:00,34.2563727800,34.3161744200,34.1367695000,34.1766372600,512100
2024-09-04 14:00:00,34.1766372600,34.2065380800,34.0869348000,34.0969017400,440900
2024-09-04 14:30:00,34.0969017400,34.1268025600,33.9274637600,34.0171662200,509000
2024-09-04 15:00:00,34.0171662200,34.0670009200,33.9473976400,34.0371001000,685400
2024-09-05 10:00:00,34.1866042000,34.6251495600,34.1467364400,34.2763066600,1541200
2024-09-05 10:30:00,34.2763066600,34.5553809800,34.2663397200,34.5454140400,846900
2024-09-05 11:00:00,34.5454140400,34.7646867200,34.5454140400,34.6052156800,865100
2024-09-05 11:30:00,34.6052156800,34.6550503800,34.4756454600,34.5852818000,452400
2024-09-05 13:30:00,34.5852818000,34.5852818000,34.3959099400,34.5354471000,432200
2024-09-05 14:00:00,34.5254801600,34.5753148600,34.3959099400,34.4058768800,393600
2024-09-05 14:30:00,34.4258107600,34.5553809800,34.3361083000,34.4856124000,559500
2024-09-05 15:00:00,34.4656785200,34.6151826200,34.4656785200,34.4756454600,1028100
2024-09-06 10:00:00,34.6251495600,34.7048850800,34.0869348000,34.5155132200,1437500
2024-09-06 10:30:00,34.5155132200,34.5155132200,34.1467364400,34.2464058400,505000
2024-09-06 11:00:00,34.2464058400,34.2763066600,34.1367695000,34.1567033800,402600
2024-09-06 11:30:00,34.1567033800,34.1866042000,33.7879266000,33.8178274200,804800
2024-09-06 13:30:00,33.8178274200,33.9673315200,33.7779596600,33.8477282400,528100
2024-09-06 14:00:00,33.8477282400,33.8776290600,33.6982241400,33.7580257800,364700
2024-09-06 14:30:00,33.7580257800,33.8676621200,33.7580257800,33.7879266000,406400
2024-09-06 15:00:00,33.7978935400,33.9174968200,33.7081910800,33.7181580200,757900
2024-09-09 10:00:00,33.4889184000,33.7480588400,33.2895796000,33.5885878000,1573100
2024-09-09 10:30:00,33.5885878000,33.9473976400,33.5387531000,33.6583563800,832800
2024-09-09 11:00:00,33.6284555600,33.6483894400,33.4889184000,33.5885878000,477200
2024-09-09 11:30:00,33.5885878000,33.7779596600,33.5188192200,33.5188192200,373700
2024-09-09 13:30:00,33.5088522800,33.6085216800,33.4091828800,33.5188192200,532800
2024-09-09 14:00:00,33.5188192200,33.5786208600,33.4091828800,33.4590175800,420000
2024-09-09 14:30:00,33.4590175800,33.4889184000,33.2995465400,33.2995465400,577300
2024-09-09 15:00:00,33.2995465400,33.6184886200,33.2995465400,33.5088522800,758600
2024-09-10 10:00:00,33.5287861600,33.7779596600,33.0802738600,33.3294473600,1271300
2024-09-10 10:30:00,33.3294473600,33.5786208600,33.2198110200,33.4988853400,631100
2024-09-10 11:00:00,33.4988853400,33.5885878000,33.3493812400,33.3792820600,435500
2024-09-10 11:30:00,33.3792820600,33.4988853400,33.2696457200,33.3792820600,393100
2024-09-10 13:30:00,33.3792820600,34.0969017400,33.3792820600,33.7679927200,1383000
2024-09-10 14:00:00,33.7679927200,33.9673315200,33.6882572000,33.9473976400,487200
2024-09-10 14:30:00,33.9573645800,34.5653479200,33.8477282400,34.1866042000,1484900
2024-09-10 15:00:00,34.1866042000,34.2962405400,34.1467364400,34.1666703200,833900
2024-09-11 10:00:00,34.1068686800,34.3261413600,33.8477282400,33.8676621200,1341400
2024-09-11 10:30:00,33.8676621200,34.2663397200,33.8576951800,34.0071992800,645400
2024-09-11 11:00:00,34.0071992800,34.1567033800,33.8477282400,33.8776290600,428500
2024-09-11 11:30:00,33.8875960000,34.1068686800,33.8776290600,34.0570339800,320900
2024-09-11 13:30:00,34.0470670400,34.1268025600,33.9174968200,33.9972323400,362400
2024-09-11 14:00:00,33.9972323400,34.0670009200,33.8576951800,33.8975629400,339100
2024-09-11 14:30:00,33.8975629400,34.0271331600,33.8178274200,33.9374307000,461000
2024-09-11 15:00:00,33.9374307000,34.1068686800,33.8875960000,34.0171662200,687900
2024-09-12 10:00:00,34.3062074800,34.5354471000,34.2563727800,34.3460752400,1656900
2024-09-12 10:30:00,34.3460752400,34.4058768800,34.0071992800,34.0969017400,781800
2024-09-12 11:00:00,34.0670009200,34.1168356200,33.7978935400,33.9573645800,543600
2024-09-12 11:30:00,33.9573645800,34.2663397200,33.9174968200,34.1567033800,581700
2024-09-12 13:30:00,34.1467364400,34.3161744200,34.0470670400,34.1567033800,730600
2024-09-12 14:00:00,34.1567033800,34.1567033800,33.9972323400,34.0470670400,378100
2024-09-12 14:30:00,34.0470670400,34.0470670400,33.8676621200,33.8875960000,841800
2024-09-12 15:00:00,33.8875960000,33.8975629400,33.6284555600,33.6583563800,1202200
2024-09-13 10:00:00,33.6583563800,33.7879266000,33.3693151200,33.6583563800,1732000
2024-09-13 10:30:00,33.6583563800,33.6882572000,33.2596787800,33.2895796000,1235600
2024-09-13 11:00:00,33.2895796000,33.3792820600,33.1799432600,33.3394143000,942300
2024-09-13 11:30:00,33.3394143000,33.4390837000,33.2098440800,33.2497118400,620800
2024-09-13 13:30:00,33.2796126600,33.3992159400,33.1799432600,33.3194804200,831600
2024-09-13 14:00:00,33.3194804200,33.3992159400,33.1899102000,33.2198110200,945800
2024-09-13 14:30:00,33.2098440800,33.3194804200,33.1500424400,33.1899102000,784000
2024-09-13 15:00:00,33.1799432600,33.1998771400,32.9706375200,33.0204722200,1547400
2024-09-18 10:00:00,33.0105052800,33.1201416200,32.3726211200,32.4025219400,1753800
2024-09-18 10:30:00,32.4025219400,32.5021913400,32.3526872400,32.3825880600,768300
2024-09-18 11:00:00,32.3825880600,32.4025219400,32.1732823200,32.2430509000,558800
2024-09-18 11:30:00,32.2430509000,32.3726211200,32.2330839600,32.2928856000,343800
2024-09-18 13:30:00,32.2829186600,32.4224558200,32.1633153800,32.2729517200,627600
2024-09-18 14:00:00,32.2729517200,32.7613317800,32.1732823200,32.7613317800,495400
2024-09-18 14:30:00,32.7613317800,32.7912326000,32.3925550000,32.4324227600,502600
2024-09-18 15:00:00,32.4324227600,32.5819268600,32.3227864200,32.4623235800,689800
2024-09-19 10:00:00,32.7812656600,32.9407367000,32.4523566400,32.8809350600,1714600
2024-09-19 10:30:00,32.8809350600,33.3693151200,32.5719599200,33.3693151200,1738400
2024-09-19 11:00:00,33.3693151200,33.4590175800,33.0503730400,33.0503730400,1151200
2024-09-19 11:30:00,33.0503730400,33.0703069200,32.9008689400,33.0005383400,584900
2024-09-19 13:30:00,33.0005383400,33.1899102000,32.8311003600,32.9307697600,779900
2024-09-19 14:00:00,32.9307697600,33.2397449000,32.9008689400,33.0204722200,834400
2024-09-19 14:30:00,33.0105052800,33.0304391600,32.8909020000,32.9905714000,543800
2024-09-19 15:00:00,32.9905714000,33.1201416200,32.9905714000,33.0204722200,796500
2024-09-20 10:00:00,33.0703069200,33.3294473600,32.7712987200,32.7812656600,1589100
2024-09-20 10:30:00,32.7812656600,32.9108358800,32.6516954400,32.7712987200,961500
2024-09-20 11:00:00,32.7712987200,32.8809350600,32.6815962600,32.7214640200,494100
2024-09-20 11:30:00,32.7114970800,33.0802738600,32.6317615600,32.9208028200,663400
2024-09-20 13:30:00,32.9108358800,32.9208028200,32.7015301400,32.7114970800,440100
2024-09-20 14:00:00,32.7114970800,32.7114970800,32.5121582800,32.5619929800,610100
2024-09-20 14:30:00,32.5619929800,32.7114970800,32.5121582800,32.7114970800,645200
2024-09-20 15:00:00,32.7114970800,32.9706375200,32.5918938000,32.8211334200,1258200
2024-09-23 10:00:00,32.8111664800,33.5885878000,32.7214640200,33.3693151200,2936300
2024-09-23 10:30:00,33.3693151200,33.3792820600,32.9008689400,33.1002077400,855300
2024-09-23 11:00:00,33.1002077400,34.1467364400,33.0204722200,34.0969017400,3102400
2024-09-23 11:30:00,34.0969017400,35.0736618600,33.9573645800,34.6052156800,4985000
2024-09-23 13:30:00,34.7347859000,36.8577441200,34.6251495600,36.8577441200,8633200
2024-09-23 14:00:00,36.8577441200,36.9873143400,35.9308187000,36.0105542200,3746700
2024-09-23 14:30:00,36.0105542200,36.4191987600,35.8610501200,36.2497607800,1933500
2024-09-23 15:00:00,36.2497607800,36.3593971200,36.0105542200,36.1799922000,3369100
2024-09-24 10:00:00,35.7300000000,36.2900000000,34.8100000000,34.8200000000,9911200
2024-09-24 10:30:00,34.8200000000,34.9600000000,34.3100000000,34.3800000000,4449000
2024-09-24 11:00:00,34.3800000000,35.1600000000,34.3100000000,34.9100000000,2355200
2024-09-24 11:30:00,34.9100000000,35.4700000000,34.7600000000,35.4100000000,1977700
2024-09-24 13:30:00,35.4500000000,35.9700000000,35.4500000000,35.7100000000,3598500
2024-09-24 14:00:00,35.7100000000,36.0500000000,35.6600000000,35.9000000000,2343200
2024-09-24 14:30:00,35.9000000000,35.9200000000,35.6400000000,35.8100000000,1620900
2024-09-24 15:00:00,35.8100000000,36.2800000000,35.8100000000,36.2600000000,3589500
2024-09-25 10:00:00,36.2100000000,37.0500000000,36.1300000000,37.0000000000,9141600
2024-09-25 10:30:00,37.0000000000,37.3400000000,36.9400000000,37.2300000000,3697200
2024-09-25 11:00:00,37.2300000000,37.4600000000,36.9000000000,37.3800000000,2756600
2024-09-25 11:30:00,37.3800000000,37.6500000000,37.0600000000,37.1000000000,2839400
2024-09-25 13:30:00,37.1100000000,37.1300000000,36.6900000000,36.8200000000,2829700
2024-09-25 14:00:00,36.8200000000,36.8500000000,36.3300000000,36.6500000000,2569500
2024-09-25 14:30:00,36.6500000000,36.8700000000,36.6100000000,36.6600000000,1464900
2024-09-25 15:00:00,36.6600000000,36.7800000000,36.5100000000,36.7000000000,2592500
2024-09-26 10:00:00,36.5800000000,37.0700000000,36.2400000000,36.9800000000,4786300
2024-09-26 10:30:00,36.9800000000,38.1500000000,36.8700000000,37.9900000000,7467400
2024-09-26 11:00:00,37.9900000000,38.3900000000,37.5500000000,37.6900000000,4916900
2024-09-26 11:30:00,37.6900000000,38.2000000000,37.6900000000,37.7100000000,2357000
2024-09-26 13:30:00,37.7000000000,38.1900000000,37.5800000000,38.1700000000,2755100
2024-09-26 14:00:00,38.1700000000,38.3300000000,37.9400000000,38.2900000000,2580900
2024-09-26 14:30:00,38.2900000000,38.6900000000,38.1100000000,38.6400000000,3177300
2024-09-26 15:00:00,38.6400000000,39.1800000000,38.3500000000,39.0100000000,5112800
2024-09-27 10:00:00,40.1000000000,40.1000000000,38.9700000000,39.8700000000,12934100
2024-09-27 10:30:00,39.8700000000,42.4000000000,39.6800000000,41.2800000000,9870300
2024-09-27 11:00:00,41.2800000000,42.1800000000,41.2000000000,41.8300000000,3156100
2024-09-27 11:30:00,41.8300000000,42.2100000000,41.6700000000,42.2100000000,2045900
2024-09-27 13:30:00,42.3000000000,44.9600000000,42.2500000000,42.9500000000,6935600
2024-09-27 14:00:00,42.9500000000,43.0900000000,42.2100000000,42.9300000000,2812200
2024-09-27 14:30:00,42.9300000000,43.9900000000,42.8100000000,43.5800000000,2227000
2024-09-27 15:00:00,43.5800000000,43.9500000000,42.8600000000,43.7900000000,3490600
2024-09-30 10:00:00,47.6000000000,51.1300000000,47.5200000000,51.1300000000,25746200
2024-09-30 10:30:00,51.1300000000,51.4800000000,49.6800000000,51.4200000000,8118000
2024-09-30 11:00:00,51.4200000000,52.3000000000,50.8500000000,52.2400000000,4925200
2024-09-30 11:30:00,52.2400000000,52.2900000000,51.0200000000,52.2000000000,3787400
2024-09-30 13:30:00,52.3100000000,52.5500000000,51.9500000000,52.5500000000,6590800
2024-09-30 14:00:00,52.5500000000,52.5500000000,52.5500000000,52.5500000000,494200
2024-09-30 14:30:00,52.5500000000,52.5500000000,50.6600000000,52.3700000000,3930000
2024-09-30 15:00:00,52.3700000000,52.5500000000,52.3700000000,52.5500000000,3021300
2024-10-08 10:00:00,63.0600000000,63.0600000000,60.4700000000,63.0600000000,25326200
2024-10-08 10:30:00,63.0600000000,63.0600000000,62.4700000000,63.0600000000,6938300
2024-10-08 11:00:00,63.0600000000,63.0600000000,60.0300000000,62.5600000000,11472900
2024-10-08 11:30:00,62.5600000000,63.0600000000,62.1800000000,63.0600000000,3102400
2024-10-08 13:30:00,63.0600000000,63.0600000000,63.0600000000,63.0600000000,892400
2024-10-08 14:00:00,63.0600000000,63.0600000000,63.0600000000,63.0600000000,627900
2024-10-08 14:30:00,63.0600000000,63.0600000000,63.0600000000,63.0600000000,891000
2024-10-08 15:00:00,63.0600000000,63.0600000000,63.0600000000,63.0600000000,340800
2024-10-09 10:00:00,62.9000000000,69.6600000000,57.7000000000,66.2400000000,29639600
2024-10-09 10:30:00,66.2400000000,67.2600000000,64.9000000000,65.5300000000,9543300
2024-10-09 11:00:00,65.5300000000,66.5300000000,64.5200000000,65.3200000000,5462900
2024-10-09 11:30:00,65.3200000000,65.8500000000,60.7800000000,65.5100000000,6804200
2024-10-09 13:30:00,65.5700000000,69.5000000000,65.5700000000,69.5000000000,8096800
2024-10-09 14:00:00,69.5000000000,74.0000000000,68.7900000000,71.0000000000,7523000
2024-10-09 14:30:00,71.0000000000,71.1800000000,66.8900000000,69.0000000000,4585500
2024-10-09 15:00:00,69.0000000000,69.0000000000,64.5000000000,65.3200000000,7143700
2024-10-10 10:00:00,64.5000000000,64.5500000000,54.3000000000,58.6100000000,20640000
2024-10-10 10:30:00,58.6100000000,59.1400000000,56.5300000000,58.5700000000,5419100
2024-10-10 11:00:00,58.5700000000,60.0300000000,58.5700000000,60.0000000000,3481800
2024-10-10 11:30:00,60.0000000000,63.0700000000,59.2000000000,61.2900000000,4081400
2024-10-10 13:30:00,61.3000000000,62.2000000000,59.6600000000,60.5000000000,2492100
2024-10-10 14:00:00,60.5000000000,60.8500000000,59.0000000000,59.1300000000,1927100
2024-10-10 14:30:00,59.1300000000,59.7400000000,57.5400000000,57.7600000000,4506700
2024-10-10 15:00:00,57.7600000000,60.0000000000,57.5200000000,57.5200000000,6043000
2024-10-11 10:00:00,56.6000000000,59.5600000000,56.6000000000,58.1400000000,10882300
2024-10-11 10:30:00,58.1400000000,58.3500000000,57.0300000000,57.9600000000,4230100
2024-10-11 11:00:00,57.9600000000,59.5800000000,57.5600000000,59.5400000000,4446300
2024-10-11 11:30:00,59.5400000000,60.6500000000,59.0500000000,59.6500000000,4288500
2024-10-11 13:30:00,59.7100000000,59.7100000000,58.5100000000,59.0200000000,2283100
2024-10-11 14:00:00,59.0200000000,59.0300000000,57.6000000000,57.6000000000,2455600
2024-10-11 14:30:00,57.6000000000,57.8000000000,55.9000000000,56.6100000000,4593700
2024-10-11 15:00:00,56.6100000000,57.1300000000,54.8500000000,56.6700000000,5032300
2024-10-14 10:00:00,57.0000000000,57.1800000000,53.9200000000,54.0200000000,10686700
2024-10-14 10:30:00,54.0200000000,55.1300000000,53.9200000000,54.0100000000,4728100
2024-10-14 11:00:00,54.0100000000,55.8800000000,54.0100000000,55.3200000000,2991700
2024-10-14 11:30:00,55.3200000000,56.3900000000,54.9800000000,56.3900000000,2007000
2024-10-14 13:30:00,56.5500000000,62.0500000000,56.5400000000,60.5500000000,10008100
2024-10-14 14:00:00,60.5500000000,61.0000000000,58.9000000000,60.2900000000,4531300
2024-10-14 14:30:00,60.2900000000,61.0000000000,59.6900000000,60.6000000000,3094400
2024-10-14 15:00:00,60.6000000000,62.0000000000,60.3500000000,61.8000000000,6668400
2024-10-15 10:00:00,60.9000000000,65.1600000000,59.5100000000,63.8000000000,18263800
2024-10-15 10:30:00,63.8000000000,64.9000000000,63.3000000000,63.5000000000,6413000
2024-10-15 11:00:00,63.5000000000,64.1600000000,61.0200000000,62.2200000000,6369400
2024-10-15 11:30:00,62.2200000000,62.7000000000,61.4000000000,62.0600000000,2671600
2024-10-15 13:30:00,62.0700000000,62.1000000000,59.6600000000,59.9800000000,5329200
2024-10-15 14:00:00,59.9800000000,61.5800000000,59.7400000000,60.4600000000,2402100
2024-10-15 14:30:00,60.4600000000,60.5100000000,59.6700000000,59.9000000000,2926400
2024-10-15 15:00:00,59.9000000000,60.4900000000,58.6100000000,58.6100000000,5327100
2024-10-16 10:00:00,56.0000000000,58.3500000000,56.0000000000,58.1700000000,8953900
2024-10-16 10:30:00,58.1700000000,58.4600000000,56.7500000000,57.2600000000,3382500
2024-10-16 11:00:00,57.2600000000,58.1900000000,57.1800000000,57.9600000000,1445600
2024-10-16 11:30:00,57.9600000000,59.0000000000,57.6400000000,57.9800000000,2254600
2024-10-16 13:30:00,57.9800000000,58.1100000000,57.0700000000,57.4000000000,1426200
2024-10-16 14:00:00,57.4000000000,57.6900000000,57.0700000000,57.1700000000,1210300
2024-10-16 14:30:00,57.1700000000,57.1700000000,56.3700000000,57.0000000000,3074000
2024-10-16 15:00:00,57.0000000000,57.5500000000,56.8200000000,57.4800000000,3018700
2024-10-17 10:00:00,60.6000000000,62.0000000000,59.2400000000,62.0000000000,16031800
2024-10-17 10:30:00,62.0000000000,62.6000000000,60.0100000000,60.6900000000,7824500
2024-10-17 11:00:00,60.6900000000,61.3400000000,60.0200000000,61.2600000000,2994700
2024-10-17 11:30:00,61.2600000000,61.2700000000,60.7100000000,61.1600000000,1934300
2024-10-17 13:30:00,61.3500000000,62.0000000000,61.2000000000,61.2000000000,3357500
2024-10-17 14:00:00,61.2000000000,61.2400000000,60.4800000000,60.9300000000,2383000
2024-10-17 14:30:00,60.9300000000,60.9300000000,59.3000000000,59.8000000000,4334200
2024-10-17 15:00:00,59.8000000000,60.5300000000,59.2900000000,59.4700000000,4560800
2024-10-18 10:00:00,59.3000000000,61.3200000000,58.3000000000,58.7000000000,9569500
2024-10-18 10:30:00,58.7000000000,59.2100000000,58.3700000000,59.0000000000,3864700
2024-10-18 11:00:00,59.0000000000,60.4000000000,59.0000000000,59.8200000000,4917200
2024-10-18 11:30:00,59.8200000000,59.8800000000,59.2000000000,59.5800000000,1914000
2024-10-18 13:30:00,59.8000000000,63.5600000000,59.8000000000,62.7700000000,12607400
2024-10-18 14:00:00,62.7700000000,63.2800000000,62.4400000000,63.2800000000,5610100
2024-10-18 14:30:00,63.2800000000,65.0600000000,62.8500000000,64.6700000000,8104400
2024-10-18 15:00:00,64.6700000000,65.0800000000,62.7500000000,62.9000000000,7914300
2024-10-21 10:00:00,63.6500000000,63.9800000000,61.9000000000,62.1200000000,15102000
2024-10-21 10:30:00,62.1200000000,64.9100000000,62.1200000000,64.9000000000,8118400
2024-10-21 11:00:00,64.9000000000,65.5300000000,64.5000000000,65.5000000000,5657900
2024-10-21 11:30:00,65.5000000000,66.8000000000,65.1600000000,66.7200000000,5510200
2024-10-21 13:30:00,66.8800000000,68.2800000000,65.3700000000,65.3700000000,6104600
2024-10-21 14:00:00,65.3700000000,66.4700000000,64.8300000000,64.9900000000,3746800
2024-10-21 14:30:00,64.9900000000,65.9100000000,64.5000000000,65.1700000000,3280500
2024-10-21 15:00:00,65.1700000000,65.6700000000,65.0000000000,65.5000000000,4330500
2024-10-22 10:00:00,65.0000000000,65.0000000000,63.2000000000,63.5300000000,10527800
2024-10-22 10:30:00,63.5300000000,64.9900000000,63.4000000000,64.5600000000,3882400
2024-10-22 11:00:00,64.5600000000,64.6300000000,63.5200000000,63.7500000000,2538700
2024-10-22 11:30:00,63.7500000000,64.4800000000,63.6900000000,63.9900000000,1625800
2024-10-22 13:30:00,64.0300000000,64.2000000000,62.8200000000,62.8400000000,3659400
2024-10-22 14:00:00,62.8400000000,63.3000000000,61.2100000000,62.7900000000,5757500
2024-10-22 14:30:00,62.7900000000,63.1500000000,62.1200000000,63.1500000000,2545300
2024-10-22 15:00:00,63.1500000000,63.3200000000,62.2100000000,62.6200000000,3026800
2024-10-23 10:00:00,62.6200000000,63.8500000000,61.8500000000,63.2600000000,7034800
2024-10-23 10:30:00,63.2600000000,63.2900000000,62.4200000000,62.4200000000,3379200
2024-10-23 11:00:00,62.4200000000,62.6900000000,61.9300000000,62.1300000000,3042300
2024-10-23 11:30:00,62.1300000000,62.7000000000,62.1000000000,62.3800000000,1739800
2024-10-23 13:30:00,62.3800000000,63.0900000000,62.1700000000,62.1800000000,2858900
2024-10-23 14:00:00,62.1800000000,62.5700000000,61.5100000000,61.7000000000,3021400
2024-10-23 14:30:00,61.7000000000,61.9600000000,60.9700000000,61.7500000000,3749000
2024-10-23 15:00:00,61.7500000000,61.7500000000,61.0000000000,61.2700000000,3895100
2024-10-24 10:00:00,60.9700000000,62.3700000000,60.7900000000,61.3500000000,7038700
2024-10-24 10:30:00,61.3500000000,61.7900000000,61.0100000000,61.6600000000,2676400
2024-10-24 11:00:00,61.6600000000,61.6600000000,60.8200000000,60.9700000000,2067000
2024-10-24 11:30:00,60.9700000000,61.2000000000,60.6300000000,61.0000000000,1388000
2024-10-24 13:30:00,60.9400000000,60.9800000000,59.9400000000,60.0800000000,3641100
2024-10-24 14:00:00,60.0800000000,60.6500000000,60.0000000000,60.1600000000,1823000
2024-10-24 14:30:00,60.1600000000,60.2600000000,59.8200000000,59.8200000000,2397200
2024-10-24 15:00:00,59.8200000000,60.0800000000,59.6500000000,60.0100000000,3690900
2024-10-25 10:00:00,59.6000000000,60.2000000000,59.1100000000,59.1800000000,5624300
2024-10-25 10:30:00,59.1800000000,60.0200000000,58.9000000000,59.5500000000,4074000
2024-10-25 11:00:00,59.5500000000,60.0500000000,59.2300000000,59.8200000000,2333600
2024-10-25 11:30:00,59.8200000000,60.3000000000,59.6000000000,60.3000000000,2720300
2024-10-25 13:30:00,60.3300000000,60.8500000000,59.9000000000,59.9900000000,3350700
2024-10-25 14:00:00,59.9900000000,60.0000000000,59.4000000000,59.6100000000,2184300
2024-10-25 14:30:00,59.6100000000,59.6400000000,58.9800000000,59.1100000000,3343500
2024-10-25 15:00:00,59.1100000000,59.4400000000,59.0200000000,59.3000000000,3083400
2024-10-28 10:00:00,58.8800000000,59.3700000000,58.2200000000,58.6300000000,5816800
2024-10-28 10:30:00,58.6300000000,59.2000000000,58.4300000000,58.6600000000,2637200
2024-10-28 11:00:00,58.6600000000,59.1000000000,58.5500000000,59.0000000000,1444800
2024-10-28 11:30:00,59.0000000000,59.0500000000,58.4000000000,58.7000000000,1430000
2024-10-28 13:30:00,58.7000000000,58.7000000000,58.4000000000,58.6200000000,1453900
2024-10-28 14:00:00,58.6200000000,59.0000000000,58.5200000000,58.8700000000,2010100
2024-10-28 14:30:00,58.8700000000,58.9700000000,58.7000000000,58.8700000000,1300300
2024-10-28 15:00:00,58.8700000000,59.4800000000,58.8200000000,59.4800000000,3303300
2024-10-29 10:00:00,59.0700000000,60.2900000000,58.9000000000,59.4100000000,7439600
2024-10-29 10:30:00,59.4100000000,59.6600000000,58.7600000000,59.6600000000,3162200
2024-10-29 11:00:00,59.6600000000,60.5000000000,59.6600000000,59.7200000000,5029500
2024-10-29 11:30:00,59.7200000000,59.7800000000,59.1100000000,59.1300000000,1877600
2024-10-29 13:30:00,59.0900000000,59.0900000000,58.5800000000,58.6300000000,2776800
2024-10-29 14:00:00,58.6300000000,58.9800000000,58.2400000000,58.4600000000,2312800
2024-10-29 14:30:00,58.4600000000,58.7600000000,58.2000000000,58.6300000000,1655400
2024-10-29 15:00:00,58.6300000000,58.7600000000,57.9900000000,58.0200000000,2901700
2024-10-30 10:00:00,57.2700000000,58.2700000000,56.8300000000,58.0100000000,4818400
2024-10-30 10:30:00,58.0100000000,58.4400000000,57.6800000000,57.8000000000,2168100
2024-10-30 11:00:00,57.8000000000,57.9700000000,57.5600000000,57.6500000000,1918000
2024-10-30 11:30:00,57.6500000000,59.0900000000,57.6400000000,58.3500000000,4798800
2024-10-30 13:30:00,58.3500000000,58.5900000000,57.7000000000,57.8100000000,1895500
2024-10-30 14:00:00,57.8100000000,58.2600000000,57.8000000000,58.0400000000,1296700
2024-10-30 14:30:00,58.0400000000,58.4000000000,57.7000000000,58.4000000000,1536900
2024-10-30 15:00:00,58.4000000000,59.0000000000,58.3200000000,58.8500000000,3963700
2024-10-31 10:00:00,58.7600000000,58.7600000000,57.4000000000,57.9000000000,6052100
2024-10-31 10:30:00,57.9000000000,58.5700000000,57.8900000000,58.3800000000,2733800
2024-10-31 11:00:00,58.3800000000,59.2000000000,58.3300000000,58.6800000000,3301300
2024-10-31 11:30:00,58.7000000000,59.4500000000,58.6600000000,58.6800000000,2596800
2024-10-31 13:30:00,58.6900000000,58.8900000000,58.1000000000,58.2600000000,2249200
2024-10-31 14:00:00,58.2600000000,58.4000000000,57.8000000000,58.2500000000,2111600
2024-10-31 14:30:00,58.2700000000,58.8000000000,58.1100000000,58.7300000000,1988700
2024-10-31 15:00:00,58.7300000000,58.7300000000,57.9000000000,58.0100000000,3536400
2024-11-01 10:00:00,57.6000000000,58.1100000000,56.4200000000,56.4600000000,6665100
2024-11-01 10:30:00,56.4600000000,56.4600000000,54.4700000000,55.2600000000,7735800
2024-11-01 11:00:00,55.2600000000,56.0300000000,55.1800000000,55.8800000000,2168600
2024-11-01 11:30:00,55.8800000000,56.0000000000,55.3800000000,56.0000000000,1273800
2024-11-01 13:30:00,56.0200000000,56.0600000000,54.7500000000,54.8900000000,1928900
2024-11-01 14:00:00,54.8900000000,55.0900000000,54.4800000000,54.9600000000,2111900
2024-11-01 14:30:00,54.9600000000,54.9900000000,54.1400000000,54.3700000000,2558000
2024-11-01 15:00:00,54.3700000000,54.4900000000,53.9500000000,53.9700000000,4111300
2024-11-04 10:00:00,53.7900000000,55.8700000000,53.7800000000,55.7400000000,6476300
2024-11-04 10:30:00,55.7400000000,55.9000000000,55.3600000000,55.4800000000,1939900
2024-11-04 11:00:00,55.4800000000,55.5800000000,55.1900000000,55.4300000000,1100400
2024-11-04 11:30:00,55.4300000000,55.5300000000,55.2300000000,55.4000000000,816000
2024-11-04 13:30:00,55.2800000000,55.4300000000,54.8000000000,54.9600000000,1409100
2024-11-04 14:00:00,54.9600000000,55.1500000000,54.7400000000,54.8900000000,1038600
2024-11-04 14:30:00,54.8900000000,55.2600000000,54.7700000000,55.1500000000,1038200
2024-11-04 15:00:00,55.1500000000,55.4900000000,55.1300000000,55.4200000000,1798000
2024-11-05 10:00:00,56.1100000000,58.4400000000,55.8400000000,58.0500000000,9398600
2024-11-05 10:30:00,58.0500000000,59.1200000000,57.8400000000,58.5500000000,6692000
2024-11-05 11:00:00,58.5500000000,58.7200000000,58.3300000000,58.4500000000,2242000
2024-11-05 11:30:00,58.4500000000,58.9900000000,58.3300000000,58.9500000000,1848200
2024-11-05 13:30:00,58.9900000000,61.0000000000,58.9900000000,60.1100000000,8228500
2024-11-05 14:00:00,60.1100000000,60.3400000000,59.8200000000,60.1100000000,2214400
2024-11-05 14:30:00,60.1100000000,60.1100000000,59.4200000000,59.9900000000,2423700
2024-11-05 15:00:00,59.9900000000,60.0500000000,59.7600000000,59.8900000000,3460500
2024-11-06 10:00:00,60.0500000000,60.1600000000,58.6000000000,59.9000000000,10505800
2024-11-06 10:30:00,59.9000000000,60.3300000000,59.5000000000,59.6700000000,5089400
2024-11-06 11:00:00,59.6700000000,59.7500000000,59.2300000000,59.6600000000,2336100
2024-11-06 11:30:00,59.6600000000,59.6600000000,58.5100000000,59.1700000000,3195800
2024-11-06 13:30:00,59.2000000000,59.5500000000,58.8800000000,58.9100000000,2044300
2024-11-06 14:00:00,58.9100000000,59.8800000000,58.9000000000,59.6900000000,1828400
2024-11-06 14:30:00,59.6900000000,59.8600000000,59.2800000000,59.3000000000,1597600
2024-11-06 15:00:00,59.3000000000,59.3100000000,58.1800000000,58.6700000000,3642500
2024-11-07 10:00:00,58.0200000000,59.6100000000,58.0100000000,59.0100000000,5546300
2024-11-07 10:30:00,59.0100000000,59.6600000000,58.6700000000,58.6800000000,2858100
2024-11-07 11:00:00,58.6800000000,59.2000000000,58.6000000000,58.9200000000,1726100
2024-11-07 11:30:00,58.9200000000,59.2800000000,58.8000000000,59.2800000000,1104900
2024-11-07 13:30:00,59.3000000000,59.3700000000,58.9200000000,58.9700000000,1840600
2024-11-07 14:00:00,58.9700000000,59.5000000000,58.9400000000,59.4600000000,2107600
2024-11-07 14:30:00,59.4600000000,59.7600000000,59.1500000000,59.5900000000,2930400
2024-11-07 15:00:00,59.5900000000,60.0700000000,59.5600000000,60.0400000000,4542300
2024-11-08 10:00:00,61.4000000000,62.0700000000,60.4500000000,61.6000000000,11191400
2024-11-08 10:30:00,61.6000000000,62.0200000000,61.3300000000,61.6100000000,4014100
2024-11-08 11:00:00,61.6100000000,62.6500000000,61.4400000000,62.4600000000,5856400
2024-11-08 11:30:00,62.4600000000,62.8000000000,61.6200000000,61.7100000000,3671000
2024-11-08 13:30:00,61.7800000000,61.9600000000,61.0700000000,61.7800000000,2831500
2024-11-08 14:00:00,61.7800000000,61.7900000000,61.2000000000,61.2000000000,1673900
2024-11-08 14:30:00,61.2000000000,61.3900000000,60.5000000000,60.5000000000,2553700
2024-11-08 15:00:00,60.5000000000,61.0000000000,60.2800000000,60.7000000000,2892800
2024-11-11 10:00:00,60.7600000000,63.4800000000,60.1500000000,62.5500000000,11636500
2024-11-11 10:30:00,62.5500000000,62.9100000000,61.8800000000,62.2200000000,4623800
2024-11-11 11:00:00,62.2200000000,63.2000000000,61.6200000000,63.0200000000,3694500
2024-11-11 11:30:00,63.0200000000,63.0900000000,62.5600000000,62.8100000000,1902500
2024-11-11 13:30:00,62.8700000000,63.4500000000,62.8400000000,63.4300000000,4672300
2024-11-11 14:00:00,63.4300000000,63.5000000000,62.9800000000,63.1100000000,3317100
2024-11-11 14:30:00,63.1100000000,63.1700000000,62.7100000000,63.1600000000,2221600
2024-11-11 15:00:00,63.1600000000,63.5500000000,63.1600000000,63.5500000000,4371000
2024-11-12 10:00:00,64.3500000000,64.3500000000,62.4900000000,62.9200000000,9621900
2024-11-12 10:30:00,62.9200000000,62.9200000000,61.8200000000,61.9000000000,4924500
2024-11-12 11:00:00,61.9000000000,62.2900000000,61.6400000000,62.0100000000,2733700
2024-11-12 11:30:00,62.0100000000,62.4400000000,61.8600000000,62.4400000000,1888900
2024-11-12 13:30:00,62.4800000000,62.4900000000,61.6800000000,61.6800000000,2188600
2024-11-12 14:00:00,61.6800000000,61.8800000000,61.3900000000,61.6700000000,2444300
2024-11-12 14:30:00,61.6700000000,61.7000000000,60.8300000000,60.8900000000,3662400
2024-11-12 15:00:00,60.8900000000,61.2300000000,60.1700000000,61.2000000000,3745200
2024-11-13 10:00:00,61.0000000000,61.8000000000,60.4100000000,61.3200000000,4708400
2024-11-13 10:30:00,61.3200000000,62.1200000000,60.9000000000,60.9100000000,3494600
2024-11-13 11:00:00,60.9100000000,61.1600000000,60.5400000000,61.0200000000,2043200
2024-11-13 11:30:00,61.0200000000,61.4400000000,60.8500000000,61.0300000000,1139300
2024-11-13 13:30:00,61.0500000000,61.4200000000,60.8500000000,60.8500000000,1007200
2024-11-13 14:00:00,60.8500000000,61.5300000000,60.7000000000,61.4900000000,1226300
2024-11-13 14:30:00,61.4900000000,61.9600000000,61.3500000000,61.4600000000,2280500
2024-11-13 15:00:00,61.4600000000,61.9700000000,61.3400000000,61.9700000000,2925000
2024-11-14 10:00:00,61.8900000000,61.8900000000,60.8000000000,61.5900000000,3844800
2024-11-14 10:30:00,61.5900000000,61.8000000000,60.8000000000,60.8600000000,1931800
2024-11-14 11:00:00,60.8600000000,60.9900000000,60.2100000000,60.5200000000,2428200
2024-11-14 11:30:00,60.5200000000,60.8300000000,60.3700000000,60.4900000000,1001000
2024-11-14 13:30:00,60.5100000000,60.6200000000,60.1500000000,60.2200000000,1346200
2024-11-14 14:00:00,60.2200000000,60.3000000000,59.7800000000,60.0200000000,2454800
2024-11-14 14:30:00,60.0200000000,60.0700000000,59.3800000000,59.8800000000,2193800
2024-11-14 15:00:00,59.8800000000,59.9000000000,58.9000000000,59.0200000000,3497900
2024-11-15 10:00:00,58.1800000000,59.8000000000,58.1800000000,59.0400000000,4428900
2024-11-15 10:30:00,59.0400000000,60.4900000000,59.0400000000,59.7600000000,2991600
2024-11-15 11:00:00,59.8200000000,59.8200000000,59.2100000000,59.3600000000,1500600
2024-11-15 11:30:00,59.3600000000,59.4400000000,58.4200000000,59.0700000000,1559400
2024-11-15 13:30:00,59.0300000000,59.6700000000,58.9200000000,59.6500000000,1386300
2024-11-15 14:00:00,59.6500000000,59.7000000000,58.8000000000,58.9700000000,1200100
2024-11-15 14:30:00,58.9700000000,58.9700000000,58.1100000000,58.1100000000,2128600
2024-11-15 15:00:00,58.1100000000,58.5100000000,57.0100000000,57.2500000000,3628400
2024-11-18 10:00:00,57.3100000000,57.6000000000,54.1500000000,54.8700000000,6838000
2024-11-18 10:30:00,54.8700000000,56.3400000000,54.4200000000,55.8900000000,2611400
2024-11-18 11:00:00,55.8900000000,56.5700000000,55.7100000000,56.4200000000,1307000
2024-11-18 11:30:00,56.4200000000,56.4800000000,55.9300000000,56.4200000000,815400
2024-11-18 13:30:00,56.4200000000,56.4500000000,55.8600000000,55.9000000000,675300
2024-11-18 14:00:00,55.9000000000,55.9000000000,55.1100000000,55.1300000000,1411400
2024-11-18 14:30:00,55.1300000000,55.2400000000,54.5800000000,54.9400000000,2005200
2024-11-18 15:00:00,54.9400000000,55.1200000000,54.3800000000,54.6500000000,2134600
2024-11-19 10:00:00,55.4100000000,57.8900000000,55.0300000000,57.4500000000,7178100
2024-11-19 10:30:00,57.4500000000,57.8500000000,56.5900000000,56.6700000000,2442600
2024-11-19 11:00:00,56.6700000000,56.9800000000,56.3300000000,56.8000000000,1351500
2024-11-19 11:30:00,56.8000000000,57.0800000000,56.4000000000,56.4700000000,691100
2024-11-19 13:30:00,56.4500000000,56.4600000000,56.1100000000,56.2500000000,844700
2024-11-19 14:00:00,56.1800000000,56.2000000000,55.4300000000,55.9900000000,1499000
2024-11-19 14:30:00,55.9900000000,57.4000000000,55.9900000000,57.4000000000,2098300
2024-11-19 15:00:00,57.4000000000,57.8300000000,57.2700000000,57.8000000000,2860000
2024-11-20 10:00:00,57.3100000000,57.7700000000,56.9100000000,57.1500000000,3795700
2024-11-20 10:30:00,57.1500000000,57.5800000000,56.8000000000,56.8500000000,1876800
2024-11-20 11:00:00,56.8500000000,57.1900000000,56.7000000000,57.0800000000,1225800
2024-11-20 11:30:00,57.0800000000,57.7200000000,57.0800000000,57.7200000000,1590900
2024-11-20 13:30:00,57.7700000000,58.2300000000,57.4100000000,57.9800000000,2285000
2024-11-20 14:00:00,57.9800000000,57.9800000000,57.1900000000,57.5000000000,1534400
2024-11-20 14:30:00,57.4500000000,57.6700000000,57.1000000000,57.5800000000,1128200
2024-11-20 15:00:00,57.5800000000,58.0200000000,57.4300000000,57.9600000000,2085800
2024-11-21 10:00:00,57.8900000000,58.1000000000,57.2300000000,57.7900000000,2840800
2024-11-21 10:30:00,57.7900000000,57.9200000000,57.2500000000,57.5200000000,1710900
2024-11-21 11:00:00,57.5200000000,57.7600000000,57.2200000000,57.3000000000,1547800
2024-11-21 11:30:00,57.3000000000,57.3100000000,56.9000000000,57.1600000000,1366300
2024-11-21 13:30:00,57.1800000000,57.7500000000,57.0000000000,57.4000000000,1384800
2024-11-21 14:00:00,57.4000000000,57.6000000000,57.1300000000,57.1600000000,891000
2024-11-21 14:30:00,57.1600000000,57.2000000000,56.3500000000,57.0000000000,1748600
2024-11-21 15:00:00,57.0000000000,57.3000000000,56.8700000000,57.1300000000,1612600
2024-11-22 10:00:00,56.6500000000,57.6500000000,56.6500000000,57.1400000000,2543900
2024-11-22 10:30:00,57.1400000000,57.9400000000,57.1200000000,57.7100000000,2586900
2024-11-22 11:00:00,57.7000000000,57.7700000000,57.1300000000,57.3300000000,1036900
2024-11-22 11:30:00,57.3300000000,57.4000000000,56.8000000000,56.8000000000,879200
2024-11-22 13:30:00,56.6600000000,56.6600000000,55.8000000000,56.0700000000,3166800
2024-11-22 14:00:00,56.0700000000,56.0800000000,55.6000000000,55.6500000000,1652900
2024-11-22 14:30:00,55.6500000000,55.8000000000,55.2500000000,55.7700000000,1887600
2024-11-22 15:00:00,55.7700000000,55.7800000000,54.5600000000,54.5800000000,2695800
2024-11-25 10:00:00,54.9400000000,55.2000000000,52.9100000000,53.1900000000,4308500
2024-11-25 10:30:00,53.1900000000,54.0000000000,53.1000000000,53.7100000000,1630800
2024-11-25 11:00:00,53.7100000000,53.9000000000,53.3400000000,53.4400000000,1047700
2024-11-25 11:30:00,53.4400000000,53.9000000000,53.4000000000,53.6700000000,774800
2024-11-25 13:30:00,53.5500000000,54.1400000000,53.5000000000,53.7300000000,831000
2024-11-25 14:00:00,53.7300000000,53.7300000000,53.1000000000,53.1100000000,1010900
2024-11-25 14:30:00,53.1100000000,53.6100000000,52.8000000000,53.2300000000,1697500
2024-11-25 15:00:00,53.2300000000,54.3900000000,53.2300000000,54.1600000000,1912400
2024-11-26 10:00:00,54.1700000000,54.6800000000,53.9000000000,53.9600000000,2540900
2024-11-26 10:30:00,53.9600000000,54.4000000000,53.6200000000,53.7900000000,1432300
2024-11-26 11:00:00,53.7900000000,54.0000000000,53.6100000000,53.6400000000,849700
2024-11-26 11:30:00,53.6400000000,53.9900000000,53.6000000000,53.8800000000,587000
2024-11-26 13:30:00,53.8700000000,53.9300000000,53.6000000000,53.6600000000,630100
2024-11-26 14:00:00,53.6600000000,53.9200000000,53.2700000000,53.3800000000,1022200
2024-11-26 14:30:00,53.3800000000,53.7000000000,53.1900000000,53.3800000000,784600
2024-11-26 15:00:00,53.3800000000,53.5000000000,52.8900000000,52.9200000000,1844800
2024-11-27 10:00:00,53.0000000000,53.0000000000,51.8100000000,52.2300000000,3040200
2024-11-27 10:30:00,52.2300000000,52.9800000000,51.9500000000,52.9700000000,1549900
2024-11-27 11:00:00,52.9700000000,53.6500000000,52.5400000000,53.4200000000,1722700
2024-11-27 11:30:00,53.4200000000,53.6500000000,53.2100000000,53.4800000000,1059900
2024-11-27 13:30:00,53.4800000000,53.6300000000,53.2000000000,53.2800000000,869400
2024-11-27 14:00:00,53.2800000000,53.4000000000,53.0600000000,53.1800000000,511700
2024-11-27 14:30:00,53.1800000000,53.9000000000,53.1600000000,53.8800000000,1275000
2024-11-27 15:00:00,53.8800000000,54.4100000000,53.8800000000,54.4100000000,2233000
2024-11-28 10:00:00,54.3800000000,54.8000000000,53.9100000000,54.0500000000,2853700
2024-11-28 10:30:00,54.0500000000,54.2100000000,53.8100000000,54.1000000000,1147500
2024-11-28 11:00:00,54.1000000000,54.5000000000,54.0600000000,54.4900000000,937400
2024-11-28 11:30:00,54.4900000000,54.6600000000,53.8300000000,54.0000000000,804900
2024-11-28 13:30:00,54.0200000000,54.0900000000,53.8700000000,54.0600000000,548300
2024-11-28 14:00:00,54.0600000000,54.4300000000,53.9400000000,54.1500000000,615300
2024-11-28 14:30:00,54.1500000000,54.1900000000,53.9000000000,53.9100000000,608000
2024-11-28 15:00:00,53.9100000000,53.9800000000,53.3800000000,53.4800000000,1729100
2024-11-29 10:00:00,53.4200000000,53.8500000000,53.1800000000,53.2100000000,1672100
2024-11-29 10:30:00,53.2100000000,53.5500000000,53.0100000000,53.1900000000,1015000
2024-11-29 11:00:00,53.2000000000,53.4800000000,53.0000000000,53.4700000000,689600
2024-11-29 11:30:00,53.4700000000,55.3200000000,53.4500000000,55.1400000000,3088300
2024-11-29 13:30:00,55.2500000000,55.5200000000,54.9500000000,55.3300000000,2999800
2024-11-29 14:00:00,55.3300000000,55.9000000000,55.2100000000,55.4700000000,2138400
2024-11-29 14:30:00,55.4700000000,55.6600000000,54.9100000000,55.2300000000,1798100
2024-11-29 15:00:00,55.2300000000,55.4500000000,55.0200000000,55.0500000000,1622600
2024-12-02 10:00:00,55.0600000000,56.2500000000,54.6200000000,56.0600000000,3931600
2024-12-02 10:30:00,56.0600000000,56.2200000000,55.6500000000,56.1900000000,2071500
2024-12-02 11:00:00,56.1900000000,56.4700000000,55.8700000000,56.0300000000,1517300
2024-12-02 11:30:00,56.0300000000,56.1200000000,55.7900000000,56.0700000000,864700
2024-12-02 13:30:00,56.0800000000,56.0800000000,55.6900000000,55.8900000000,1105400
2024-12-02 14:00:00,55.8900000000,56.1000000000,55.8400000000,55.9800000000,974100
2024-12-02 14:30:00,55.9800000000,56.0500000000,55.5400000000,55.5400000000,858600
2024-12-02 15:00:00,55.5400000000,55.8100000000,55.4600000000,55.8100000000,1660100
2024-12-03 10:00:00,55.6300000000,55.9100000000,54.9000000000,54.9100000000,3451400
2024-12-03 10:30:00,54.9100000000,55.0100000000,54.6800000000,54.8100000000,2048600
2024-12-03 11:00:00,54.8100000000,55.3000000000,54.7100000000,55.0200000000,973300
2024-12-03 11:30:00,55.0200000000,55.6300000000,55.0000000000,55.6000000000,1009700
2024-12-03 13:30:00,55.6000000000,55.6000000000,55.1300000000,55.1500000000,870400
2024-12-03 14:00:00,55.1500000000,55.2300000000,54.7300000000,55.1100000000,1056900
2024-12-03 14:30:00,55.1100000000,56.0500000000,55.1100000000,55.5200000000,1731500
2024-12-03 15:00:00,55.5200000000,55.5300000000,55.3000000000,55.3000000000,1209200
2024-12-04 10:00:00,55.4000000000,55.6800000000,54.7100000000,54.7800000000,2905800
2024-12-04 10:30:00,54.7800000000,55.0000000000,54.5000000000,54.6000000000,1592700
2024-12-04 11:00:00,54.6000000000,55.0200000000,54.5300000000,54.5800000000,685100
2024-12-04 11:30:00,54.5800000000,55.2300000000,54.5500000000,54.6800000000,954300
2024-12-04 13:30:00,54.6500000000,54.7700000000,54.5000000000,54.5200000000,972500
2024-12-04 14:00:00,54.5200000000,54.7200000000,54.1800000000,54.4300000000,1588300
2024-12-04 14:30:00,54.4300000000,54.5100000000,53.6900000000,53.8900000000,1663100
2024-12-04 15:00:00,53.8900000000,54.1700000000,53.7100000000,53.9500000000,1441000
2024-12-05 10:00:00,53.7000000000,54.6100000000,53.6800000000,54.1400000000,2259300
2024-12-05 10:30:00,54.1400000000,54.2400000000,53.8500000000,54.1800000000,1393000
2024-12-05 11:00:00,54.1800000000,54.9700000000,54.1600000000,54.7100000000,1528800
2024-12-05 11:30:00,54.7100000000,54.9000000000,54.3400000000,54.5100000000,871000
2024-12-05 13:30:00,54.5300000000,54.7300000000,54.3200000000,54.3800000000,1203900
2024-12-05 14:00:00,54.3800000000,54.9000000000,54.3700000000,54.5400000000,1127500
2024-12-05 14:30:00,54.5400000000,54.5800000000,54.1900000000,54.2600000000,1011300
2024-12-05 15:00:00,54.2500000000,54.4400000000,54.1500000000,54.4200000000,1271500
2024-12-06 10:00:00,54.8700000000,55.4700000000,54.4000000000,54.4900000000,4119300
2024-12-06 10:30:00,54.4900000000,54.5200000000,53.9300000000,54.2900000000,1841300
2024-12-06 11:00:00,54.2900000000,55.4600000000,54.2800000000,55.3100000000,2511200
2024-12-06 11:30:00,55.3100000000,56.2600000000,55.3000000000,56.0400000000,3405500
2024-12-06 13:30:00,56.0300000000,56.0500000000,55.5300000000,55.6000000000,1433900
2024-12-06 14:00:00,55.6000000000,55.7100000000,55.4000000000,55.5800000000,786100
2024-12-06 14:30:00,55.5800000000,55.8400000000,55.5000000000,55.8200000000,1117700
2024-12-06 15:00:00,55.8200000000,56.0800000000,55.5900000000,55.6900000000,1989800
2024-12-09 10:00:00,55.5900000000,58.5500000000,55.5900000000,57.5900000000,9755200
2024-12-09 10:30:00,57.5900000000,57.7800000000,56.6200000000,57.4100000000,3327100
2024-12-09 11:00:00,57.4100000000,57.5800000000,57.1600000000,57.4900000000,1476400
2024-12-09 11:30:00,57.4900000000,57.7100000000,56.8600000000,56.8900000000,1570100
2024-12-09 13:30:00,56.8700000000,57.0600000000,56.6000000000,56.8800000000,1556100
2024-12-09 14:00:00,56.8800000000,57.0000000000,56.6000000000,56.8200000000,1410000
2024-12-09 14:30:00,56.8200000000,57.0800000000,56.7100000000,56.9300000000,1043600
2024-12-09 15:00:00,56.9300000000,57.3000000000,56.9300000000,57.2300000000,2104500
2024-12-10 10:00:00,60.1000000000,60.1900000000,57.6000000000,58.0400000000,9928800
2024-12-10 10:30:00,58.0400000000,58.3700000000,57.8200000000,58.2700000000,2476200
2024-12-10 11:00:00,58.2700000000,58.7000000000,58.0600000000,58.0900000000,1838900
2024-12-10 11:30:00,58.0900000000,58.1300000000,57.7100000000,57.9900000000,1879300
2024-12-10 13:30:00,58.0000000000,58.0900000000,57.5800000000,57.6200000000,1655000
2024-12-10 14:00:00,57.6200000000,57.8000000000,57.3500000000,57.5300000000,1677200
2024-12-10 14:30:00,57.5300000000,57.6100000000,57.1900000000,57.4500000000,1637500
2024-12-10 15:00:00,57.4500000000,57.4900000000,56.8000000000,56.8600000000,2562400
2024-12-11 10:00:00,56.6000000000,58.1600000000,56.6000000000,57.5000000000,4963100
2024-12-11 10:30:00,57.5000000000,59.0600000000,57.0800000000,59.0000000000,5329700
2024-12-11 11:00:00,59.0000000000,59.0500000000,58.4300000000,58.8000000000,3793600
2024-12-11 11:30:00,58.8000000000,58.9000000000,58.2400000000,58.6400000000,1689300
2024-12-11 13:30:00,58.6500000000,60.2600000000,58.6500000000,60.2600000000,6916500
2024-12-11 14:00:00,60.2600000000,61.5900000000,60.2600000000,61.0800000000,10449700
2024-12-11 14:30:00,61.0800000000,65.5000000000,61.0800000000,63.6500000000,13375800
2024-12-11 15:00:00,63.6500000000,64.6100000000,62.7300000000,63.2600000000,9662600
2024-12-12 10:00:00,63.8900000000,64.9300000000,62.3600000000,62.5100000000,19034600
2024-12-12 10:30:00,62.5100000000,62.9900000000,61.7700000000,61.8000000000,5318100
2024-12-12 11:00:00,61.8000000000,62.8500000000,61.8000000000,62.5900000000,2846700
2024-12-12 11:30:00,62.5900000000,63.0500000000,62.3200000000,62.9400000000,2484000
2024-12-12 13:30:00,62.9900000000,63.0300000000,62.1600000000,62.2900000000,2224400
2024-12-12 14:00:00,62.2900000000,62.7200000000,62.1200000000,62.2700000000,1554400
2024-12-12 14:30:00,62.2700000000,63.0600000000,62.2000000000,62.8000000000,2423300
2024-12-12 15:00:00,62.8000000000,63.1000000000,62.6000000000,63.0000000000,3331000
2024-12-13 10:00:00,62.4800000000,66.6800000000,62.4700000000,65.7000000000,21700900
2024-12-13 10:30:00,65.7000000000,67.3200000000,65.7000000000,66.3300000000,8945100
2024-12-13 11:00:00,66.3300000000,67.9900000000,66.0200000000,66.9000000000,6465300
2024-12-13 11:30:00,66.9000000000,67.3000000000,66.1800000000,67.1900000000,3810800
2024-12-13 13:30:00,68.0000000000,70.5300000000,68.0000000000,68.4900000000,11752700
2024-12-13 14:00:00,68.4900000000,68.4900000000,67.3000000000,67.8300000000,3917700
2024-12-13 14:30:00,67.8300000000,68.5700000000,67.2200000000,67.3300000000,3617600
2024-12-13 15:00:00,67.3300000000,67.3300000000,66.0700000000,66.1800000000,10733400
2024-12-16 10:00:00,67.1300000000,67.1300000000,64.3300000000,66.4400000000,16409500
2024-12-16 10:30:00,66.4400000000,67.1200000000,65.7900000000,66.2300000000,5869200
2024-12-16 11:00:00,66.2300000000,66.3500000000,65.5000000000,65.9900000000,2547500
2024-12-16 11:30:00,65.9900000000,66.2900000000,65.0100000000,65.2700000000,2319100
2024-12-16 13:30:00,65.2900000000,65.7000000000,64.7000000000,64.8600000000,2777500
2024-12-16 14:00:00,64.8600000000,65.2300000000,64.6400000000,65.0000000000,2226100
2024-12-16 14:30:00,65.0000000000,65.2000000000,64.0200000000,64.0200000000,3342100
2024-12-16 15:00:00,64.0200000000,64.3500000000,63.6900000000,64.0300000000,4905300
2024-12-17 10:00:00,64.6900000000,64.6900000000,60.9500000000,61.7400000000,11098000
2024-12-17 10:30:00,61.7400000000,62.2600000000,61.5300000000,61.8800000000,3405700
2024-12-17 11:00:00,61.8800000000,62.1000000000,61.2600000000,62.0800000000,2448900
2024-12-17 11:30:00,62.0800000000,64.2500000000,62.0000000000,62.8100000000,3858600
2024-12-17 13:30:00,62.7900000000,62.7900000000,62.1200000000,62.7200000000,1946400
2024-12-17 14:00:00,62.7200000000,63.2100000000,61.8000000000,61.8400000000,1840000
2024-12-17 14:30:00,61.8400000000,62.1000000000,61.6100000000,61.6400000000,1786300
2024-12-17 15:00:00,61.6400000000,62.0600000000,61.4000000000,61.5000000000,3155400
2024-12-18 10:00:00,62.0000000000,62.2100000000,59.8900000000,60.7200000000,5152000
2024-12-18 10:30:00,60.7200000000,61.8500000000,60.7200000000,61.8100000000,2120100
2024-12-18 11:00:00,61.8100000000,62.6000000000,61.6000000000,62.5200000000,2851700
2024-12-18 11:30:00,62.5200000000,64.0100000000,62.5200000000,63.1700000000,4428700
2024-12-18 13:30:00,63.2800000000,65.9600000000,63.0100000000,65.4200000000,7859800
2024-12-18 14:00:00,65.4200000000,65.4200000000,64.2500000000,64.4800000000,3119700
2024-12-18 14:30:00,64.4800000000,64.8500000000,64.2100000000,64.6200000000,1957400
2024-12-18 15:00:00,64.6200000000,64.6800000000,63.9800000000,64.6500000000,4358600
2024-12-19 10:00:00,63.8800000000,65.4900000000,63.5700000000,63.5700000000,8608000
2024-12-19 10:30:00,63.5700000000,63.7300000000,62.9500000000,63.4000000000,3861900
2024-12-19 11:00:00,63.4000000000,63.5500000000,63.0000000000,63.0100000000,1997200
2024-12-19 11:30:00,63.0100000000,63.5100000000,62.8000000000,63.1400000000,1595900
2024-12-19 13:30:00,63.1400000000,65.2800000000,63.1400000000,64.4000000000,3594700
2024-12-19 14:00:00,64.4000000000,66.3000000000,64.2400000000,66.3000000000,5694600
2024-12-19 14:30:00,66.3000000000,66.9500000000,65.4500000000,66.4700000000,5562800
2024-12-19 15:00:00,66.4700000000,67.3900000000,66.1400000000,67.0000000000,6233800
2024-12-20 10:00:00,66.3300000000,67.3600000000,65.6900000000,67.3600000000,8619500
2024-12-20 10:30:00,67.3600000000,68.1000000000,66.5200000000,66.5200000000,5475700
2024-12-20 11:00:00,66.5200000000,67.2400000000,66.4000000000,67.0800000000,2621000
2024-12-20 11:30:00,67.0800000000,67.8700000000,67.0300000000,67.7900000000,2626500
2024-12-20 13:30:00,67.8300000000,68.0900000000,66.7700000000,66.7700000000,3483900
2024-12-20 14:00:00,66.7700000000,67.0900000000,65.8000000000,65.9300000000,3059300
2024-12-20 14:30:00,65.9300000000,66.0000000000,64.8000000000,64.8600000000,3522900
2024-12-20 15:00:00,64.8600000000,66.3800000000,64.8600000000,65.6600000000,4095400
2024-12-23 10:00:00,66.5000000000,68.9500000000,65.7000000000,67.7600000000,14560000
2024-12-23 10:30:00,67.7600000000,67.8000000000,66.2900000000,66.7200000000,4405000
2024-12-23 11:00:00,66.7200000000,67.1700000000,66.3800000000,66.6900000000,1576400
2024-12-23 11:30:00,66.6900000000,66.8100000000,65.2700000000,66.2800000000,1962000
2024-12-23 13:30:00,66.2900000000,66.8000000000,65.0000000000,66.8000000000,1901900
2024-12-23 14:00:00,66.8000000000,67.3600000000,65.7400000000,65.9800000000,2120700
2024-12-23 14:30:00,65.9800000000,66.2000000000,65.3200000000,65.8900000000,1835300
2024-12-23 15:00:00,65.8900000000,66.2000000000,65.2200000000,65.2600000000,2687600
2024-12-24 10:00:00,65.3500000000,66.3800000000,62.4100000000,63.4100000000,9715500
2024-12-24 10:30:00,63.4100000000,63.7600000000,62.3800000000,62.3800000000,3499500
2024-12-24 11:00:00,62.3800000000,62.5000000000,61.5700000000,62.0600000000,4377600
2024-12-24 11:30:00,62.0600000000,63.0500000000,62.0600000000,62.8500000000,2180800
2024-12-24 13:30:00,62.8600000000,63.1000000000,62.0300000000,62.7600000000,2013300
2024-12-24 14:00:00,62.7600000000,62.8300000000,62.2000000000,62.3100000000,1334700
2024-12-24 14:30:00,62.3100000000,62.6100000000,61.8600000000,62.2900000000,1918800
2024-12-24 15:00:00,62.2900000000,63.0900000000,62.2600000000,62.9300000000,2947700
2024-12-25 10:00:00,63.1900000000,63.5300000000,61.5800000000,61.6900000000,5657200
2024-12-25 10:30:00,61.6900000000,64.3000000000,61.4700000000,63.2600000000,5519200
2024-12-25 11:00:00,63.2600000000,64.1900000000,63.1100000000,63.1200000000,2478900
2024-12-25 11:30:00,63.1200000000,63.5600000000,62.8100000000,63.3500000000,1181400
2024-12-25 13:30:00,63.4300000000,63.4800000000,62.9800000000,63.1100000000,921800
2024-12-25 14:00:00,63.1100000000,63.4000000000,62.6600000000,62.8000000000,1013500
2024-12-25 14:30:00,62.8000000000,62.9100000000,62.1500000000,62.4800000000,1337800
2024-12-25 15:00:00,62.4800000000,62.4800000000,61.8900000000,62.0800000000,2070100
2024-12-26 10:00:00,61.6000000000,63.1500000000,61.6000000000,62.7900000000,3946700
2024-12-26 10:30:00,62.7900000000,62.9800000000,62.4300000000,62.8200000000,2038900
2024-12-26 11:00:00,62.8200000000,62.9100000000,61.9400000000,62.3300000000,2664800
2024-12-26 11:30:00,62.3300000000,63.4800000000,62.0600000000,63.1300000000,3363900
2024-12-26 13:30:00,63.1800000000,63.6700000000,62.6700000000,62.7000000000,2715100
2024-12-26 14:00:00,62.7000000000,63.9400000000,62.6300000000,63.4100000000,3891000
2024-12-26 14:30:00,63.4100000000,64.1200000000,63.4100000000,63.9100000000,2717500
2024-12-26 15:00:00,63.9100000000,64.0900000000,63.7100000000,64.0900000000,3239200
2024-12-27 10:00:00,64.9900000000,68.5000000000,64.3600000000,67.9500000000,15778700
2024-12-27 10:30:00,67.9500000000,69.8500000000,67.4000000000,68.0900000000,8541400
2024-12-27 11:00:00,68.0900000000,68.2200000000,67.3800000000,67.5100000000,2572400
2024-12-27 11:30:00,67.5100000000,68.2300000000,67.5100000000,67.7800000000,1768200
2024-12-27 13:30:00,67.8100000000,68.0000000000,66.7000000000,67.0100000000,2257100
2024-12-27 14:00:00,67.0100000000,67.0800000000,66.3300000000,66.3600000000,2451900
2024-12-27 14:30:00,66.3600000000,66.3600000000,65.4500000000,65.8000000000,4122300
2024-12-27 15:00:00,65.8000000000,66.1500000000,65.1200000000,65.3100000000,3958000
2024-12-30 10:00:00,64.6700000000,66.4000000000,63.4900000000,66.1800000000,8630200
2024-12-30 10:30:00,66.1800000000,66.8800000000,65.6000000000,66.2900000000,4143300
2024-12-30 11:00:00,66.2900000000,66.4500000000,65.6100000000,65.8000000000,2166800
2024-12-30 11:30:00,65.8000000000,65.8600000000,65.0100000000,65.1400000000,1448100
2024-12-30 13:30:00,65.1400000000,65.1800000000,64.6000000000,64.8300000000,1592300
2024-12-30 14:00:00,64.8300000000,65.0000000000,64.4000000000,64.8300000000,1245400
2024-12-30 14:30:00,64.8300000000,65.1400000000,64.5000000000,64.8000000000,1913200
2024-12-30 15:00:00,64.8000000000,65.1900000000,64.6000000000,64.7800000000,2598600
2024-12-31 10:00:00,65.3000000000,65.4700000000,62.2800000000,62.2800000000,7586900
2024-12-31 10:30:00,62.2800000000,62.9500000000,61.8100000000,62.2800000000,3851000
2024-12-31 11:00:00,62.2800000000,62.2800000000,61.8600000000,62.0500000000,1866800
2024-12-31 11:30:00,62.0500000000,62.4700000000,61.7100000000,61.8600000000,1927100
2024-12-31 13:30:00,61.9000000000,62.0000000000,60.3600000000,60.5400000000,3794500
2024-12-31 14:00:00,60.5400000000,60.6000000000,59.9000000000,60.1600000000,3702500
2024-12-31 14:30:00,60.1600000000,60.5400000000,59.7200000000,59.9500000000,2727300
2024-12-31 15:00:00,59.9500000000,60.6200000000,59.5100000000,59.5600000000,3896500
2025-01-02 10:00:00,59.0000000000,59.0000000000,57.5800000000,57.7000000000,5310900
2025-01-02 10:30:00,57.7000000000,58.5300000000,57.5900000000,58.3300000000,2471300
2025-01-02 11:00:00,58.3300000000,58.3300000000,57.6700000000,57.8200000000,1715300
2025-01-02 11:30:00,57.8200000000,57.9300000000,57.2300000000,57.4100000000,1825300
2025-01-02 13:30:00,57.4100000000,57.6700000000,57.0000000000,57.3100000000,1993200
2025-01-02 14:00:00,57.3100000000,57.3800000000,56.3800000000,56.8900000000,2758300
2025-01-02 14:30:00,56.8900000000,56.9100000000,55.8800000000,56.2800000000,2597500
2025-01-02 15:00:00,56.2800000000,56.2800000000,55.4400000000,55.9900000000,3964700
2025-01-03 10:00:00,56.1300000000,56.5000000000,54.0500000000,54.4900000000,5087700
2025-01-03 10:30:00,54.4900000000,55.0300000000,54.3800000000,54.8500000000,1671100
2025-01-03 11:00:00,54.8500000000,55.1400000000,54.2000000000,54.2100000000,1375200
2025-01-03 11:30:00,54.2100000000,54.7900000000,54.1000000000,54.1600000000,925400
2025-01-03 13:30:00,54.1400000000,54.1600000000,53.7300000000,54.0100000000,1480600
2025-01-03 14:00:00,54.0100000000,54.3500000000,53.4200000000,53.5100000000,1793500
2025-01-03 14:30:00,53.5100000000,53.9300000000,53.1200000000,53.6000000000,2009200
2025-01-03 15:00:00,53.6000000000,53.6000000000,52.7800000000,52.8200000000,2560200
2025-01-06 10:00:00,52.8000000000,55.4700000000,52.8000000000,53.8600000000,7497000
2025-01-06 10:30:00,53.8600000000,54.0800000000,53.3600000000,53.6900000000,1836500
2025-01-06 11:00:00,53.6900000000,53.6900000000,52.7000000000,53.0400000000,1459700
2025-01-06 11:30:00,53.0400000000,53.4900000000,52.7000000000,53.0800000000,827000
2025-01-06 13:30:00,53.0600000000,53.1900000000,52.4000000000,52.4800000000,982000
2025-01-06 14:00:00,52.4800000000,52.6800000000,52.2600000000,52.5300000000,934300
2025-01-06 14:30:00,52.5300000000,52.9900000000,52.1500000000,52.3600000000,1013400
2025-01-06 15:00:00,52.3500000000,53.1000000000,52.0900000000,53.0600000000,1862600
2025-01-07 10:00:00,53.0000000000,53.7600000000,52.6900000000,53.1300000000,4212500
2025-01-07 10:30:00,53.1300000000,53.6900000000,53.0600000000,53.0600000000,1579800
2025-01-07 11:00:00,53.0600000000,53.0900000000,52.1800000000,52.4800000000,2195300
2025-01-07 11:30:00,52.4500000000,52.8000000000,52.3400000000,52.4400000000,813500
2025-01-07 13:30:00,52.5800000000,52.8800000000,52.3300000000,52.7000000000,1045200
2025-01-07 14:00:00,52.7000000000,53.2400000000,52.6100000000,52.8000000000,2013300
2025-01-07 14:30:00,52.8000000000,53.9800000000,52.7000000000,53.8300000000,2341900
2025-01-07 15:00:00,53.8300000000,54.0600000000,53.6800000000,54.0300000000,3095300
2025-01-08 10:00:00,53.2500000000,53.3800000000,52.1300000000,52.1500000000,4914900
2025-01-08 10:30:00,52.1500000000,52.4400000000,51.8400000000,51.9000000000,2987100
2025-01-08 11:00:00,51.9000000000,51.9000000000,51.2000000000,51.4000000000,2857900
2025-01-08 11:30:00,51.4000000000,51.4200000000,50.6000000000,50.6200000000,2414700
2025-01-08 13:30:00,50.6000000000,50.7700000000,50.0400000000,50.2600000000,2771300
2025-01-08 14:00:00,50.2600000000,52.6000000000,50.2500000000,52.2200000000,2952700
2025-01-08 14:30:00,52.2200000000,53.5800000000,52.2200000000,52.9000000000,3260800
2025-01-08 15:00:00,52.9000000000,53.1400000000,52.6000000000,52.7200000000,1887100
2025-01-09 10:00:00,52.1800000000,53.5600000000,52.1800000000,52.9900000000,4337800
2025-01-09 10:30:00,52.9900000000,53.3900000000,52.7200000000,52.8600000000,1954100
2025-01-09 11:00:00,52.8600000000,53.2700000000,52.7500000000,53.1800000000,1172900
2025-01-09 11:30:00,53.1800000000,53.6500000000,52.9000000000,52.9800000000,1885400
2025-01-09 13:30:00,53.0000000000,53.5300000000,52.8200000000,53.3300000000,1342700
2025-01-09 14:00:00,53.3300000000,53.5300000000,52.9100000000,53.0500000000,1337900
2025-01-09 14:30:00,52.9500000000,53.4400000000,52.8200000000,53.2500000000,1298700
2025-01-09 15:00:00,53.2900000000,53.4400000000,53.0000000000,53.0400000000,1685400
