time,open,high,low,close,volume
2019-01-02 09:45:00,1.9158804100,1.9158804100,1.8991478300,1.9075141200,908400
2019-01-02 10:00:00,1.8991478300,1.9075141200,1.8991478300,1.8991478300,712800
2019-01-02 10:15:00,1.8991478300,1.9075141200,1.8991478300,1.9075141200,617600
2019-01-02 10:30:00,1.8991478300,1.9075141200,1.8991478300,1.8991478300,400200
2019-01-02 10:45:00,1.8991478300,1.9158804100,1.8991478300,1.9158804100,593800
2019-01-02 11:00:00,1.9158804100,1.9158804100,1.9075141200,1.9075141200,514600
2019-01-02 11:15:00,1.9075141200,1.9158804100,1.8991478300,1.9075141200,489000
2019-01-02 11:30:00,1.9075141200,1.9158804100,1.8991478300,1.9075141200,371300
2019-01-02 13:15:00,1.8991478300,1.9158804100,1.8991478300,1.8991478300,727801
2019-01-02 13:30:00,1.9075141200,1.9075141200,1.8907815400,1.8991478300,401000
2019-01-02 13:45:00,1.8907815400,1.9075141200,1.8907815400,1.8907815400,338700
2019-01-02 14:00:00,1.8991478300,1.9075141200,1.8907815400,1.8907815400,342700
2019-01-02 14:15:00,1.8907815400,1.8991478300,1.8907815400,1.8907815400,266200
2019-01-02 14:30:00,1.8907815400,1.9075141200,1.8907815400,1.8907815400,293100
2019-01-02 14:45:00,1.8991478300,1.9075141200,1.8907815400,1.8907815400,368701
2019-01-02 15:00:00,1.8907815400,1.8991478300,1.8824152500,1.8907815400,636500
2019-01-03 09:45:00,1.8824152500,1.8991478300,1.8824152500,1.8991478300,824900
2019-01-03 10:00:00,1.8991478300,1.9075141200,1.8907815400,1.8991478300,865500
2019-01-03 10:15:00,1.9075141200,1.9158804100,1.8991478300,1.9075141200,949400
2019-01-03 10:30:00,1.9158804100,1.9158804100,1.8991478300,1.8991478300,444101
2019-01-03 10:45:00,1.8991478300,1.9075141200,1.8991478300,1.8991478300,327200
2019-01-03 11:00:00,1.8991478300,1.9075141200,1.8991478300,1.8991478300,184500
2019-01-03 11:15:00,1.8991478300,1.9075141200,1.8991478300,1.8991478300,351800
2019-01-03 11:30:00,1.8991478300,1.9075141200,1.8991478300,1.9075141200,365770
2019-01-03 13:15:00,1.9075141200,1.9075141200,1.8991478300,1.9075141200,146200
2019-01-03 13:30:00,1.8991478300,1.9075141200,1.8991478300,1.8991478300,186000
2019-01-03 13:45:00,1.8991478300,1.9075141200,1.8907815400,1.9075141200,516600
2019-01-03 14:00:00,1.9075141200,1.9075141200,1.8907815400,1.9075141200,465700
2019-01-03 14:15:00,1.9075141200,1.9075141200,1.8907815400,1.8907815400,232600
2019-01-03 14:30:00,1.8907815400,1.9075141200,1.8907815400,1.8907815400,287300
2019-01-03 14:45:00,1.9075141200,1.9075141200,1.8907815400,1.8907815400,350900
2019-01-03 15:00:00,1.8907815400,1.8991478300,1.8907815400,1.8991478300,349800
2019-01-04 09:45:00,1.8824152500,1.8991478300,1.8824152500,1.8907815400,1267833
2019-01-04 10:00:00,1.8991478300,1.8991478300,1.8907815400,1.8991478300,487700
2019-01-04 10:15:00,1.8991478300,1.8991478300,1.8907815400,1.8991478300,208100
2019-01-04 10:30:00,1.8991478300,1.9075141200,1.8907815400,1.8991478300,904400
2019-01-04 10:45:00,1.8991478300,1.9158804100,1.8991478300,1.9075141200,800426
2019-01-04 11:00:00,1.9075141200,1.9158804100,1.8991478300,1.8991478300,556400
2019-01-04 11:15:00,1.9075141200,1.9158804100,1.9075141200,1.9075141200,387300
2019-01-04 11:30:00,1.9075141200,1.9242467000,1.9075141200,1.9158804100,1040500
2019-01-04 13:15:00,1.9158804100,1.9326129900,1.9158804100,1.9242467000,1596600
2019-01-04 13:30:00,1.9242467000,1.9326129900,1.9158804100,1.9242467000,487500
2019-01-04 13:45:00,1.9242467000,1.9242467000,1.9158804100,1.9242467000,438600
2019-01-04 14:00:00,1.9242467000,1.9242467000,1.9158804100,1.9242467000,292200
2019-01-04 14:15:00,1.9242467000,1.9242467000,1.9158804100,1.9242467000,172600
2019-01-04 14:30:00,1.9242467000,1.9242467000,1.9158804100,1.9242467000,385700
2019-01-04 14:45:00,1.9242467000,1.9326129900,1.9158804100,1.9326129900,668380
2019-01-04 15:00:00,1.9326129900,1.9409792800,1.9242467000,1.9409792800,1188300
2019-01-07 09:45:00,1.9409792800,1.9577118600,1.9409792800,1.9493455700,1785600
2019-01-07 10:00:00,1.9409792800,1.9577118600,1.9409792800,1.9577118600,791600
2019-01-07 10:15:00,1.9577118600,1.9577118600,1.9493455700,1.9493455700,588900
2019-01-07 10:30:00,1.9493455700,1.9660781500,1.9493455700,1.9493455700,772200
2019-01-07 10:45:00,1.9493455700,1.9660781500,1.9493455700,1.9660781500,705900
2019-01-07 11:00:00,1.9660781500,1.9744444400,1.9577118600,1.9660781500,1378941
2019-01-07 11:15:00,1.9660781500,1.9744444400,1.9577118600,1.9660781500,736700
2019-01-07 11:30:00,1.9577118600,1.9660781500,1.9577118600,1.9577118600,245100
2019-01-07 13:15:00,1.9660781500,1.9660781500,1.9577118600,1.9577118600,400700
2019-01-07 13:30:00,1.9577118600,1.9660781500,1.9577118600,1.9577118600,303900
2019-01-07 13:45:00,1.9577118600,1.9660781500,1.9493455700,1.9577118600,531100
2019-01-07 14:00:00,1.9660781500,1.9744444400,1.9577118600,1.9744444400,1213026
2019-01-07 14:15:00,1.9660781500,1.9744444400,1.9577118600,1.9660781500,780800
2019-01-07 14:30:00,1.9660781500,1.9744444400,1.9577118600,1.9660781500,1276200
2019-01-07 14:45:00,1.9660781500,1.9744444400,1.9660781500,1.9660781500,860429
2019-01-07 15:00:00,1.9660781500,1.9744444400,1.9660781500,1.9660781500,899943
2019-01-08 09:45:00,1.9660781500,1.9744444400,1.9577118600,1.9660781500,1170942
2019-01-08 10:00:00,1.9660781500,1.9828107300,1.9577118600,1.9828107300,2224512
2019-01-08 10:15:00,1.9828107300,1.9995433100,1.9744444400,1.9911770200,3295174
2019-01-08 10:30:00,1.9911770200,1.9995433100,1.9911770200,1.9911770200,1572346
2019-01-08 10:45:00,1.9911770200,1.9995433100,1.9828107300,1.9828107300,624337
2019-01-08 11:00:00,1.9828107300,1.9995433100,1.9828107300,1.9828107300,741412
2019-01-08 11:15:00,1.9828107300,1.9911770200,1.9828107300,1.9911770200,361689
2019-01-08 11:30:00,1.9911770200,1.9911770200,1.9828107300,1.9911770200,357502
2019-01-08 13:15:00,1.9911770200,1.9995433100,1.9828107300,1.9911770200,832435
2019-01-08 13:30:00,1.9911770200,1.9995433100,1.9911770200,1.9995433100,444355
2019-01-08 13:45:00,1.9995433100,1.9995433100,1.9828107300,1.9911770200,1102131
2019-01-08 14:00:00,1.9911770200,1.9911770200,1.9744444400,1.9828107300,1264777
2019-01-08 14:15:00,1.9828107300,1.9911770200,1.9744444400,1.9828107300,997497
2019-01-08 14:30:00,1.9828107300,1.9911770200,1.9828107300,1.9828107300,472300
2019-01-08 14:45:00,1.9911770200,1.9911770200,1.9744444400,1.9911770200,654490
2019-01-08 15:00:00,1.9911770200,1.9911770200,1.9828107300,1.9911770200,719400
2019-01-09 09:45:00,1.9744444400,2.0079096000,1.9744444400,2.0079096000,2968148
2019-01-09 10:00:00,1.9995433100,2.0162758900,1.9995433100,2.0162758900,3764800
2019-01-09 10:15:00,2.0162758900,2.0246421800,2.0079096000,2.0162758900,1380386
2019-01-09 10:30:00,2.0162758900,2.0246421800,2.0079096000,2.0246421800,1233900
2019-01-09 10:45:00,2.0246421800,2.0246421800,2.0162758900,2.0246421800,940600
2019-01-09 11:00:00,2.0246421800,2.0246421800,2.0162758900,2.0162758900,1113700
2019-01-09 11:15:00,2.0162758900,2.0246421800,2.0079096000,2.0162758900,1093000
2019-01-09 11:30:00,2.0162758900,2.0162758900,2.0079096000,2.0079096000,256000
2019-01-09 13:15:00,2.0162758900,2.0162758900,2.0079096000,2.0079096000,289000
2019-01-09 13:30:00,2.0079096000,2.0162758900,2.0079096000,2.0079096000,985600
2019-01-09 13:45:00,2.0079096000,2.0162758900,2.0079096000,2.0162758900,353500
2019-01-09 14:00:00,2.0079096000,2.0162758900,2.0079096000,2.0079096000,410109
2019-01-09 14:15:00,2.0079096000,2.0162758900,1.9995433100,2.0079096000,388400
2019-01-09 14:30:00,2.0162758900,2.0162758900,1.9995433100,2.0162758900,574900
2019-01-09 14:45:00,2.0162758900,2.0162758900,1.9995433100,2.0079096000,1145604
2019-01-09 15:00:00,2.0079096000,2.0079096000,1.9911770200,1.9911770200,1077798
2019-01-10 09:45:00,2.0079096000,2.0330084700,1.9911770200,2.0246421800,2376001
2019-01-10 10:00:00,2.0246421800,2.0246421800,2.0079096000,2.0079096000,1065200
2019-01-10 10:15:00,2.0162758900,2.0162758900,2.0079096000,2.0162758900,654200
2019-01-10 10:30:00,2.0162758900,2.0162758900,2.0079096000,2.0162758900,638100
2019-01-10 10:45:00,2.0162758900,2.0162758900,2.0079096000,2.0162758900,672900
2019-01-10 11:00:00,2.0162758900,2.0162758900,2.0079096000,2.0162758900,417000
2019-01-10 11:15:00,2.0162758900,2.0162758900,2.0079096000,2.0162758900,612100
2019-01-10 11:30:00,2.0162758900,2.0246421800,2.0079096000,2.0246421800,929550
2019-01-10 13:15:00,2.0246421800,2.0246421800,2.0162758900,2.0162758900,577300
2019-01-10 13:30:00,2.0246421800,2.0246421800,2.0162758900,2.0246421800,206800
2019-01-10 13:45:00,2.0162758900,2.0246421800,2.0162758900,2.0246421800,340400
2019-01-10 14:00:00,2.0246421800,2.0246421800,2.0162758900,2.0246421800,593700
2019-01-10 14:15:00,2.0246421800,2.0246421800,2.0162758900,2.0162758900,685300
2019-01-10 14:30:00,2.0162758900,2.0246421800,2.0079096000,2.0079096000,802150
2019-01-10 14:45:00,2.0079096000,2.0162758900,1.9995433100,2.0079096000,901900
2019-01-10 15:00:00,2.0079096000,2.0162758900,1.9995433100,2.0079096000,775955
2019-01-11 09:45:00,2.0162758900,2.0413747600,2.0079096000,2.0330084700,2254000
2019-01-11 10:00:00,2.0246421800,2.0330084700,2.0246421800,2.0246421800,851400
2019-01-11 10:15:00,2.0246421800,2.0330084700,2.0162758900,2.0162758900,751000
2019-01-11 10:30:00,2.0162758900,2.0246421800,2.0162758900,2.0162758900,638100
2019-01-11 10:45:00,2.0162758900,2.0246421800,2.0162758900,2.0162758900,456600
2019-01-11 11:00:00,2.0162758900,2.0246421800,2.0079096000,2.0246421800,719400
2019-01-11 11:15:00,2.0079096000,2.0246421800,2.0079096000,2.0162758900,295500
2019-01-11 11:30:00,2.0162758900,2.0246421800,2.0162758900,2.0246421800,270400
2019-01-11 13:15:00,2.0162758900,2.0246421800,2.0079096000,2.0246421800,756412
2019-01-11 13:30:00,2.0246421800,2.0246421800,2.0162758900,2.0246421800,496000
2019-01-11 13:45:00,2.0162758900,2.0246421800,2.0162758900,2.0246421800,344701
2019-01-11 14:00:00,2.0162758900,2.0246421800,2.0162758900,2.0162758900,421500
2019-01-11 14:15:00,2.0246421800,2.0246421800,2.0162758900,2.0246421800,509900
2019-01-11 14:30:00,2.0246421800,2.0246421800,2.0162758900,2.0246421800,630500
2019-01-11 14:45:00,2.0246421800,2.0246421800,2.0162758900,2.0162758900,700800
2019-01-11 15:00:00,2.0162758900,2.0246421800,2.0162758900,2.0162758900,851300
2019-01-14 09:45:00,2.0246421800,2.0581073400,2.0162758900,2.0497410500,4107438
2019-01-14 10:00:00,2.0497410500,2.0497410500,2.0330084700,2.0413747600,1484900
2019-01-14 10:15:00,2.0413747600,2.0413747600,2.0330084700,2.0413747600,772920
2019-01-14 10:30:00,2.0413747600,2.0413747600,2.0330084700,2.0413747600,457980
2019-01-14 10:45:00,2.0413747600,2.0413747600,2.0246421800,2.0330084700,901763
2019-01-14 11:00:00,2.0330084700,2.0330084700,2.0246421800,2.0330084700,340600
2019-01-14 11:15:00,2.0330084700,2.0330084700,2.0246421800,2.0330084700,503694
2019-01-14 11:30:00,2.0330084700,2.0330084700,2.0246421800,2.0330084700,520800
2019-01-14 13:15:00,2.0330084700,2.0330084700,2.0246421800,2.0246421800,222300
2019-01-14 13:30:00,2.0246421800,2.0330084700,2.0246421800,2.0330084700,209900
2019-01-14 13:45:00,2.0246421800,2.0330084700,2.0246421800,2.0330084700,338200
2019-01-14 14:00:00,2.0330084700,2.0330084700,2.0246421800,2.0330084700,423500
2019-01-14 14:15:00,2.0246421800,2.0330084700,2.0246421800,2.0330084700,362500
2019-01-14 14:30:00,2.0330084700,2.0330084700,2.0246421800,2.0330084700,458500
2019-01-14 14:45:00,2.0330084700,2.0330084700,2.0246421800,2.0330084700,621400
2019-01-14 15:00:00,2.0330084700,2.0413747600,2.0246421800,2.0413747600,1061800
2019-01-15 09:45:00,2.0330084700,2.0413747600,2.0162758900,2.0162758900,1969500
2019-01-15 10:00:00,2.0162758900,2.0246421800,2.0079096000,2.0079096000,1154050
2019-01-15 10:15:00,2.0079096000,2.0162758900,2.0079096000,2.0162758900,621900
2019-01-15 10:30:00,2.0162758900,2.0162758900,2.0079096000,2.0162758900,387400
2019-01-15 10:45:00,2.0162758900,2.0162758900,1.9995433100,1.9995433100,762400
2019-01-15 11:00:00,1.9995433100,2.0079096000,1.9911770200,1.9995433100,1202946
2019-01-15 11:15:00,1.9995433100,2.0162758900,1.9995433100,1.9995433100,1037769
2019-01-15 11:30:00,2.0079096000,2.0246421800,1.9995433100,2.0246421800,1542009
2019-01-15 13:15:00,2.0162758900,2.0246421800,2.0162758900,2.0162758900,371202
2019-01-15 13:30:00,2.0162758900,2.0246421800,2.0162758900,2.0162758900,239730
2019-01-15 13:45:00,2.0162758900,2.0246421800,2.0162758900,2.0162758900,340169
2019-01-15 14:00:00,2.0162758900,2.0246421800,2.0079096000,2.0246421800,586885
2019-01-15 14:15:00,2.0246421800,2.0246421800,1.9995433100,2.0162758900,1313847
2019-01-15 14:30:00,2.0162758900,2.0246421800,2.0079096000,2.0162758900,560041
2019-01-15 14:45:00,2.0162758900,2.0246421800,2.0162758900,2.0246421800,1229447
2019-01-15 15:00:00,2.0246421800,2.0246421800,2.0162758900,2.0246421800,1123158
2019-01-16 09:45:00,2.0330084700,2.0413747600,2.0246421800,2.0330084700,1975200
2019-01-16 10:00:00,2.0330084700,2.0330084700,2.0246421800,2.0330084700,372800
2019-01-16 10:15:00,2.0330084700,2.0330084700,2.0246421800,2.0330084700,548200
2019-01-16 10:30:00,2.0246421800,2.0330084700,2.0246421800,2.0246421800,674700
2019-01-16 10:45:00,2.0330084700,2.0330084700,2.0246421800,2.0246421800,394300
2019-01-16 11:00:00,2.0330084700,2.0330084700,2.0246421800,2.0330084700,539700
2019-01-16 11:15:00,2.0246421800,2.0330084700,2.0246421800,2.0246421800,419400
2019-01-16 11:30:00,2.0246421800,2.0330084700,2.0246421800,2.0246421800,376900
2019-01-16 13:15:00,2.0246421800,2.0330084700,2.0246421800,2.0246421800,368501
2019-01-16 13:30:00,2.0246421800,2.0330084700,2.0246421800,2.0246421800,394100
2019-01-16 13:45:00,2.0246421800,2.0330084700,2.0246421800,2.0246421800,412000
2019-01-16 14:00:00,2.0246421800,2.0330084700,2.0246421800,2.0246421800,457300
2019-01-16 14:15:00,2.0246421800,2.0330084700,2.0246421800,2.0330084700,738347
2019-01-16 14:30:00,2.0330084700,2.0330084700,2.0246421800,2.0330084700,511100
2019-01-16 14:45:00,2.0330084700,2.0330084700,2.0246421800,2.0246421800,265100
2019-01-16 15:00:00,2.0246421800,2.0330084700,2.0246421800,2.0330084700,717900
2019-01-17 09:45:00,2.0330084700,2.0330084700,2.0162758900,2.0246421800,991600
2019-01-17 10:00:00,2.0246421800,2.0246421800,2.0162758900,2.0162758900,582400
2019-01-17 10:15:00,2.0162758900,2.0246421800,2.0079096000,2.0079096000,418500
2019-01-17 10:30:00,2.0079096000,2.0162758900,1.9995433100,2.0079096000,530200
2019-01-17 10:45:00,1.9995433100,2.0079096000,1.9995433100,2.0079096000,676700
2019-01-17 11:00:00,1.9995433100,2.0162758900,1.9995433100,2.0079096000,719200
2019-01-17 11:15:00,2.0079096000,2.0246421800,2.0079096000,2.0246421800,627900
2019-01-17 11:30:00,2.0246421800,2.0413747600,2.0162758900,2.0330084700,2349990
2019-01-17 13:15:00,2.0330084700,2.0413747600,2.0246421800,2.0330084700,919090
2019-01-17 13:30:00,2.0330084700,2.0413747600,2.0246421800,2.0330084700,526400
2019-01-17 13:45:00,2.0246421800,2.0330084700,2.0246421800,2.0330084700,220900
2019-01-17 14:00:00,2.0246421800,2.0330084700,2.0246421800,2.0330084700,256300
2019-01-17 14:15:00,2.0246421800,2.0330084700,2.0246421800,2.0330084700,376600
2019-01-17 14:30:00,2.0246421800,2.0330084700,2.0246421800,2.0246421800,257200
2019-01-17 14:45:00,2.0246421800,2.0330084700,2.0162758900,2.0162758900,913800
2019-01-17 15:00:00,2.0162758900,2.0246421800,2.0162758900,2.0162758900,717614
2019-01-18 09:45:00,2.0162758900,2.0330084700,2.0079096000,2.0330084700,1934263
2019-01-18 10:00:00,2.0330084700,2.0330084700,2.0246421800,2.0330084700,549489
2019-01-18 10:15:00,2.0330084700,2.0497410500,2.0246421800,2.0413747600,2016300
2019-01-18 10:30:00,2.0330084700,2.0413747600,2.0246421800,2.0246421800,631300
2019-01-18 10:45:00,2.0246421800,2.0330084700,2.0162758900,2.0246421800,834211
2019-01-18 11:00:00,2.0246421800,2.0246421800,2.0162758900,2.0162758900,615400
2019-01-18 11:15:00,2.0162758900,2.0330084700,2.0162758900,2.0246421800,636100
2019-01-18 11:30:00,2.0330084700,2.0330084700,2.0162758900,2.0246421800,249600
2019-01-18 13:15:00,2.0330084700,2.0330084700,2.0246421800,2.0246421800,388500
2019-01-18 13:30:00,2.0330084700,2.0330084700,2.0246421800,2.0330084700,233100
2019-01-18 13:45:00,2.0246421800,2.0330084700,2.0246421800,2.0246421800,371600
2019-01-18 14:00:00,2.0162758900,2.0330084700,2.0162758900,2.0330084700,406500
2019-01-18 14:15:00,2.0330084700,2.0330084700,2.0246421800,2.0330084700,235500
2019-01-18 14:30:00,2.0246421800,2.0330084700,2.0246421800,2.0246421800,575700
2019-01-18 14:45:00,2.0330084700,2.0413747600,2.0246421800,2.0413747600,994589
2019-01-18 15:00:00,2.0413747600,2.0413747600,2.0246421800,2.0246421800,682156
2019-01-21 09:45:00,2.0497410500,2.0748399200,2.0413747600,2.0664736300,5769500
2019-01-21 10:00:00,2.0664736300,2.0664736300,2.0497410500,2.0497410500,1146900
2019-01-21 10:15:00,2.0497410500,2.0581073400,2.0497410500,2.0497410500,434950
2019-01-21 10:30:00,2.0497410500,2.0581073400,2.0497410500,2.0581073400,1046700
2019-01-21 10:45:00,2.0581073400,2.0581073400,2.0413747600,2.0497410500,1290600
2019-01-21 11:00:00,2.0497410500,2.0581073400,2.0413747600,2.0497410500,592900
2019-01-21 11:15:00,2.0497410500,2.0497410500,2.0246421800,2.0413747600,2027700
2019-01-21 11:30:00,2.0413747600,2.0413747600,2.0246421800,2.0413747600,560300
2019-01-21 13:15:00,2.0413747600,2.0413747600,2.0330084700,2.0413747600,494100
2019-01-21 13:30:00,2.0413747600,2.0497410500,2.0330084700,2.0497410500,231500
2019-01-21 13:45:00,2.0497410500,2.0497410500,2.0330084700,2.0413747600,295400
2019-01-21 14:00:00,2.0413747600,2.0497410500,2.0330084700,2.0413747600,278900
2019-01-21 14:15:00,2.0413747600,2.0413747600,2.0330084700,2.0413747600,220500
2019-01-21 14:30:00,2.0413747600,2.0413747600,2.0330084700,2.0413747600,840600
2019-01-21 14:45:00,2.0330084700,2.0413747600,2.0246421800,2.0330084700,552100
2019-01-21 15:00:00,2.0330084700,2.0330084700,2.0246421800,2.0330084700,996800
2019-01-22 09:45:00,2.0246421800,2.0413747600,2.0246421800,2.0413747600,2187610
2019-01-22 10:00:00,2.0413747600,2.0497410500,2.0330084700,2.0497410500,1344104
2019-01-22 10:15:00,2.0497410500,2.0497410500,2.0330084700,2.0413747600,858001
2019-01-22 10:30:00,2.0413747600,2.0413747600,2.0330084700,2.0413747600,601200
2019-01-22 10:45:00,2.0330084700,2.0413747600,2.0330084700,2.0330084700,294000
2019-01-22 11:00:00,2.0330084700,2.0413747600,2.0162758900,2.0162758900,1247500
2019-01-22 11:15:00,2.0162758900,2.0330084700,2.0162758900,2.0246421800,365589
2019-01-22 11:30:00,2.0246421800,2.0246421800,2.0162758900,2.0162758900,188300
2019-01-22 13:15:00,2.0162758900,2.0246421800,2.0162758900,2.0246421800,265000
2019-01-22 13:30:00,2.0246421800,2.0246421800,2.0162758900,2.0162758900,456400
2019-01-22 13:45:00,2.0162758900,2.0246421800,2.0079096000,2.0079096000,500111
2019-01-22 14:00:00,2.0079096000,2.0162758900,2.0079096000,2.0162758900,649500
2019-01-22 14:15:00,2.0162758900,2.0162758900,1.9995433100,1.9995433100,802700
2019-01-22 14:30:00,2.0079096000,2.0079096000,1.9995433100,1.9995433100,489889
2019-01-22 14:45:00,2.0079096000,2.0079096000,1.9995433100,2.0079096000,423806
2019-01-22 15:00:00,2.0079096000,2.0079096000,1.9995433100,1.9995433100,1573939
2019-01-23 09:45:00,2.0162758900,2.0246421800,1.9995433100,2.0162758900,1499800
2019-01-23 10:00:00,2.0162758900,2.0162758900,1.9995433100,2.0079096000,987550
2019-01-23 10:15:00,2.0079096000,2.0079096000,1.9911770200,1.9995433100,784800
2019-01-23 10:30:00,1.9995433100,2.0162758900,1.9995433100,2.0079096000,395500
2019-01-23 10:45:00,2.0079096000,2.0162758900,1.9995433100,2.0079096000,341400
2019-01-23 11:00:00,2.0079096000,2.0162758900,2.0079096000,2.0079096000,262800
2019-01-23 11:15:00,2.0079096000,2.0162758900,2.0079096000,2.0079096000,217600
2019-01-23 11:30:00,2.0079096000,2.0162758900,2.0079096000,2.0079096000,471200
2019-01-23 13:15:00,2.0162758900,2.0162758900,1.9744444400,1.9828107300,2882200
2019-01-23 13:30:00,1.9828107300,1.9911770200,1.9744444400,1.9828107300,744600
2019-01-23 13:45:00,1.9828107300,1.9911770200,1.9828107300,1.9911770200,447400
2019-01-23 14:00:00,1.9911770200,1.9911770200,1.9828107300,1.9828107300,364104
2019-01-23 14:15:00,1.9911770200,1.9911770200,1.9828107300,1.9911770200,464300
2019-01-23 14:30:00,1.9911770200,1.9911770200,1.9828107300,1.9911770200,310000
2019-01-23 14:45:00,1.9911770200,1.9995433100,1.9828107300,1.9911770200,614300
2019-01-23 15:00:00,1.9911770200,1.9995433100,1.9828107300,1.9911770200,684060
2019-01-24 09:45:00,2.0079096000,2.0162758900,1.9911770200,2.0079096000,2621659
2019-01-24 10:00:00,2.0079096000,2.0162758900,1.9995433100,2.0079096000,813117
2019-01-24 10:15:00,2.0079096000,2.0079096000,1.9995433100,2.0079096000,536300
2019-01-24 10:30:00,2.0079096000,2.0079096000,1.9995433100,2.0079096000,337000
2019-01-24 10:45:00,2.0079096000,2.0079096000,1.9995433100,2.0079096000,853547
2019-01-24 11:00:00,2.0079096000,2.0162758900,1.9995433100,2.0162758900,999900
2019-01-24 11:15:00,2.0162758900,2.0246421800,2.0079096000,2.0162758900,1400800
2019-01-24 11:30:00,2.0162758900,2.0330084700,2.0162758900,2.0162758900,1082400
2019-01-24 13:15:00,2.0162758900,2.0246421800,2.0162758900,2.0162758900,311400
2019-01-24 13:30:00,2.0246421800,2.0246421800,2.0162758900,2.0246421800,355100
2019-01-24 13:45:00,2.0162758900,2.0246421800,2.0079096000,2.0079096000,488900
2019-01-24 14:00:00,2.0079096000,2.0246421800,2.0079096000,2.0162758900,332200
2019-01-24 14:15:00,2.0162758900,2.0246421800,2.0079096000,2.0246421800,313800
2019-01-24 14:30:00,2.0246421800,2.0246421800,2.0162758900,2.0246421800,351506
2019-01-24 14:45:00,2.0162758900,2.0330084700,2.0162758900,2.0246421800,1096405
2019-01-24 15:00:00,2.0246421800,2.0330084700,2.0079096000,2.0079096000,958854
2019-01-25 09:45:00,2.0246421800,2.0413747600,2.0246421800,2.0330084700,1194000
2019-01-25 10:00:00,2.0330084700,2.0330084700,2.0246421800,2.0246421800,563700
2019-01-25 10:15:00,2.0246421800,2.0330084700,2.0162758900,2.0246421800,589000
2019-01-25 10:30:00,2.0246421800,2.0330084700,2.0162758900,2.0330084700,863110
2019-01-25 10:45:00,2.0330084700,2.0330084700,2.0246421800,2.0246421800,328200
2019-01-25 11:00:00,2.0246421800,2.0330084700,2.0246421800,2.0330084700,323415
2019-01-25 11:15:00,2.0330084700,2.0330084700,2.0162758900,2.0246421800,331214
2019-01-25 11:30:00,2.0246421800,2.0246421800,2.0162758900,2.0246421800,116100
2019-01-25 13:15:00,2.0246421800,2.0330084700,2.0246421800,2.0246421800,663250
2019-01-25 13:30:00,2.0246421800,2.0330084700,2.0246421800,2.0246421800,393100
2019-01-25 13:45:00,2.0246421800,2.0330084700,2.0246421800,2.0246421800,338800
2019-01-25 14:00:00,2.0246421800,2.0330084700,2.0246421800,2.0330084700,302300
2019-01-25 14:15:00,2.0330084700,2.0330084700,2.0246421800,2.0330084700,311900
2019-01-25 14:30:00,2.0330084700,2.0330084700,2.0246421800,2.0246421800,204700
2019-01-25 14:45:00,2.0246421800,2.0330084700,2.0162758900,2.0162758900,823000
2019-01-25 15:00:00,2.0162758900,2.0246421800,2.0079096000,2.0079096000,1422884
2019-01-28 09:45:00,2.0079096000,2.0162758900,1.9995433100,1.9995433100,1468620
2019-01-28 10:00:00,2.0079096000,2.0162758900,1.9995433100,2.0162758900,1105300
2019-01-28 10:15:00,2.0162758900,2.0246421800,2.0079096000,2.0246421800,1155958
2019-01-28 10:30:00,2.0246421800,2.0246421800,2.0162758900,2.0246421800,586900
2019-01-28 10:45:00,2.0246421800,2.0246421800,2.0162758900,2.0162758900,472301
2019-01-28 11:00:00,2.0162758900,2.0246421800,2.0079096000,2.0162758900,508199
2019-01-28 11:15:00,2.0162758900,2.0162758900,2.0079096000,2.0162758900,334300
2019-01-28 11:30:00,2.0079096000,2.0162758900,2.0079096000,2.0079096000,242300
2019-01-28 13:15:00,2.0079096000,2.0162758900,2.0079096000,2.0079096000,426800
2019-01-28 13:30:00,2.0079096000,2.0162758900,1.9995433100,2.0079096000,515199
2019-01-28 13:45:00,1.9995433100,2.0079096000,1.9995433100,1.9995433100,648700
2019-01-28 14:00:00,1.9995433100,1.9995433100,1.9911770200,1.9995433100,428952
2019-01-28 14:15:00,1.9995433100,1.9995433100,1.9911770200,1.9995433100,531600
2019-01-28 14:30:00,1.9995433100,1.9995433100,1.9911770200,1.9995433100,332887
2019-01-28 14:45:00,1.9911770200,1.9995433100,1.9911770200,1.9995433100,1093800
2019-01-28 15:00:00,1.9995433100,2.0079096000,1.9828107300,1.9828107300,1308810
2019-01-29 09:45:00,1.9911770200,1.9911770200,1.9660781500,1.9660781500,1742500
2019-01-29 10:00:00,1.9744444400,1.9744444400,1.9660781500,1.9744444400,806800
2019-01-29 10:15:00,1.9744444400,1.9744444400,1.9493455700,1.9577118600,2054800
2019-01-29 10:30:00,1.9577118600,1.9577118600,1.9409792800,1.9409792800,1530500
2019-01-29 10:45:00,1.9409792800,1.9493455700,1.9326129900,1.9493455700,1432066
2019-01-29 11:00:00,1.9493455700,1.9493455700,1.9409792800,1.9493455700,416500
2019-01-29 11:15:00,1.9493455700,1.9577118600,1.9409792800,1.9409792800,333400
2019-01-29 11:30:00,1.9493455700,1.9577118600,1.9409792800,1.9577118600,754400
2019-01-29 13:15:00,1.9493455700,1.9660781500,1.9493455700,1.9577118600,442450
2019-01-29 13:30:00,1.9577118600,1.9660781500,1.9493455700,1.9493455700,525700
2019-01-29 13:45:00,1.9577118600,1.9744444400,1.9493455700,1.9577118600,817200
2019-01-29 14:00:00,1.9577118600,1.9660781500,1.9577118600,1.9577118600,325900
2019-01-29 14:15:00,1.9660781500,1.9660781500,1.9577118600,1.9660781500,433200
2019-01-29 14:30:00,1.9660781500,1.9660781500,1.9577118600,1.9577118600,655100
2019-01-29 14:45:00,1.9660781500,1.9660781500,1.9493455700,1.9577118600,894000
2019-01-29 15:00:00,1.9493455700,1.9577118600,1.9409792800,1.9577118600,1393740
2019-01-30 09:45:00,1.9577118600,1.9577118600,1.9409792800,1.9493455700,1314700
2019-01-30 10:00:00,1.9409792800,1.9660781500,1.9409792800,1.9660781500,969900
2019-01-30 10:15:00,1.9660781500,1.9660781500,1.9493455700,1.9660781500,455900
2019-01-30 10:30:00,1.9660781500,1.9660781500,1.9577118600,1.9660781500,425552
2019-01-30 10:45:00,1.9660781500,1.9911770200,1.9577118600,1.9744444400,2911194
2019-01-30 11:00:00,1.9744444400,1.9744444400,1.9660781500,1.9744444400,182700
2019-01-30 11:15:00,1.9744444400,1.9828107300,1.9660781500,1.9828107300,578400
2019-01-30 11:30:00,1.9828107300,1.9828107300,1.9660781500,1.9660781500,327600
2019-01-30 13:15:00,1.9744444400,1.9744444400,1.9660781500,1.9660781500,349759
2019-01-30 13:30:00,1.9660781500,1.9744444400,1.9660781500,1.9660781500,397600
2019-01-30 13:45:00,1.9660781500,1.9744444400,1.9577118600,1.9660781500,479600
2019-01-30 14:00:00,1.9577118600,1.9660781500,1.9577118600,1.9660781500,336600
2019-01-30 14:15:00,1.9577118600,1.9660781500,1.9577118600,1.9660781500,194400
2019-01-30 14:30:00,1.9577118600,1.9660781500,1.9493455700,1.9577118600,536300
2019-01-30 14:45:00,1.9577118600,1.9577118600,1.9493455700,1.9577118600,610700
2019-01-30 15:00:00,1.9577118600,1.9577118600,1.9493455700,1.9493455700,866500
2019-01-31 09:45:00,1.9493455700,1.9577118600,1.9409792800,1.9409792800,1047501
2019-01-31 10:00:00,1.9493455700,1.9493455700,1.9409792800,1.9493455700,680500
2019-01-31 10:15:00,1.9493455700,1.9493455700,1.9409792800,1.9493455700,545500
2019-01-31 10:30:00,1.9493455700,1.9577118600,1.9409792800,1.9577118600,501200
2019-01-31 10:45:00,1.9577118600,1.9577118600,1.9493455700,1.9493455700,324200
2019-01-31 11:00:00,1.9493455700,1.9660781500,1.9493455700,1.9577118600,599800
2019-01-31 11:15:00,1.9577118600,1.9660781500,1.9493455700,1.9577118600,527000
2019-01-31 11:30:00,1.9577118600,1.9660781500,1.9493455700,1.9577118600,379200
2019-01-31 13:15:00,1.9577118600,1.9577118600,1.9493455700,1.9577118600,384900
2019-01-31 13:30:00,1.9577118600,1.9577118600,1.9409792800,1.9493455700,509200
2019-01-31 13:45:00,1.9493455700,1.9577118600,1.9409792800,1.9409792800,416230
2019-01-31 14:00:00,1.9409792800,1.9493455700,1.9409792800,1.9493455700,213700
2019-01-31 14:15:00,1.9493455700,1.9493455700,1.9242467000,1.9242467000,1466569
2019-01-31 14:30:00,1.9242467000,1.9326129900,1.9242467000,1.9242467000,354100
2019-01-31 14:45:00,1.9326129900,1.9409792800,1.9242467000,1.9242467000,1153900
2019-01-31 15:00:00,1.9242467000,1.9409792800,1.9242467000,1.9409792800,1337488
2019-02-01 09:45:00,1.9242467000,1.9577118600,1.9242467000,1.9577118600,1592500
2019-02-01 10:00:00,1.9577118600,1.9577118600,1.9493455700,1.9493455700,1026700
2019-02-01 10:15:00,1.9493455700,1.9493455700,1.9409792800,1.9493455700,600301
2019-02-01 10:30:00,1.9493455700,1.9577118600,1.9409792800,1.9493455700,727100
2019-02-01 10:45:00,1.9493455700,1.9577118600,1.9409792800,1.9409792800,594600
2019-02-01 11:00:00,1.9409792800,1.9577118600,1.9409792800,1.9577118600,532200
2019-02-01 11:15:00,1.9577118600,1.9577118600,1.9493455700,1.9493455700,353001
2019-02-01 11:30:00,1.9577118600,1.9577118600,1.9493455700,1.9577118600,544500
2019-02-01 13:15:00,1.9577118600,1.9577118600,1.9493455700,1.9493455700,270700
2019-02-01 13:30:00,1.9493455700,1.9577118600,1.9493455700,1.9577118600,219700
2019-02-01 13:45:00,1.9577118600,1.9577118600,1.9493455700,1.9577118600,347600
2019-02-01 14:00:00,1.9577118600,1.9660781500,1.9493455700,1.9660781500,743700
2019-02-01 14:15:00,1.9660781500,1.9744444400,1.9577118600,1.9744444400,1103300
2019-02-01 14:30:00,1.9744444400,1.9744444400,1.9660781500,1.9660781500,914600
2019-02-01 14:45:00,1.9744444400,1.9828107300,1.9660781500,1.9744444400,1525900
2019-02-01 15:00:00,1.9744444400,1.9995433100,1.9660781500,1.9828107300,1706300
2019-02-11 09:45:00,1.9828107300,1.9995433100,1.9660781500,1.9911770200,2055400
2019-02-11 10:00:00,1.9995433100,1.9995433100,1.9828107300,1.9995433100,1353701
2019-02-11 10:15:00,1.9995433100,1.9995433100,1.9911770200,1.9995433100,657700
2019-02-11 10:30:00,1.9995433100,2.0079096000,1.9911770200,1.9995433100,656100
2019-02-11 10:45:00,1.9995433100,2.0079096000,1.9911770200,2.0079096000,473131
2019-02-11 11:00:00,2.0079096000,2.0079096000,1.9995433100,2.0079096000,615901
2019-02-11 11:15:00,2.0079096000,2.0162758900,1.9995433100,2.0079096000,800000
2019-02-11 11:30:00,2.0079096000,2.0162758900,1.9995433100,2.0079096000,546600
2019-02-11 13:15:00,2.0079096000,2.0162758900,2.0079096000,2.0079096000,483400
2019-02-11 13:30:00,2.0079096000,2.0162758900,2.0079096000,2.0079096000,505000
2019-02-11 13:45:00,2.0079096000,2.0162758900,2.0079096000,2.0079096000,758200
2019-02-11 14:00:00,2.0079096000,2.0246421800,2.0079096000,2.0162758900,766600
2019-02-11 14:15:00,2.0162758900,2.0246421800,2.0162758900,2.0162758900,1218900
2019-02-11 14:30:00,2.0246421800,2.0330084700,2.0162758900,2.0330084700,739500
2019-02-11 14:45:00,2.0330084700,2.0330084700,2.0162758900,2.0162758900,1002000
2019-02-11 15:00:00,2.0162758900,2.0330084700,2.0162758900,2.0330084700,976800
2019-02-12 09:45:00,2.0413747600,2.0413747600,2.0246421800,2.0330084700,1599000
2019-02-12 10:00:00,2.0330084700,2.0330084700,2.0246421800,2.0246421800,823000
2019-02-12 10:15:00,2.0330084700,2.0330084700,2.0246421800,2.0330084700,656900
2019-02-12 10:30:00,2.0330084700,2.0413747600,2.0246421800,2.0413747600,732600
2019-02-12 10:45:00,2.0413747600,2.0413747600,2.0330084700,2.0330084700,776800
2019-02-12 11:00:00,2.0330084700,2.0497410500,2.0330084700,2.0497410500,1223061
2019-02-12 11:15:00,2.0497410500,2.0497410500,2.0413747600,2.0497410500,702400
2019-02-12 11:30:00,2.0497410500,2.0581073400,2.0413747600,2.0581073400,979533
2019-02-12 13:15:00,2.0581073400,2.0581073400,2.0413747600,2.0413747600,550967
2019-02-12 13:30:00,2.0413747600,2.0497410500,2.0330084700,2.0413747600,773900
2019-02-12 13:45:00,2.0413747600,2.0497410500,2.0330084700,2.0413747600,452800
2019-02-12 14:00:00,2.0413747600,2.0413747600,2.0330084700,2.0413747600,413100
2019-02-12 14:15:00,2.0413747600,2.0497410500,2.0330084700,2.0413747600,872500
2019-02-12 14:30:00,2.0330084700,2.0413747600,2.0330084700,2.0413747600,689800
2019-02-12 14:45:00,2.0413747600,2.0413747600,2.0330084700,2.0413747600,544000
2019-02-12 15:00:00,2.0413747600,2.0497410500,2.0330084700,2.0413747600,1292100
2019-02-13 09:45:00,2.0413747600,2.0497410500,2.0330084700,2.0330084700,1470900
2019-02-13 10:00:00,2.0330084700,2.0497410500,2.0330084700,2.0413747600,996200
2019-02-13 10:15:00,2.0413747600,2.0581073400,2.0413747600,2.0497410500,1577700
2019-02-13 10:30:00,2.0497410500,2.0581073400,2.0413747600,2.0497410500,1564500
2019-02-13 10:45:00,2.0497410500,2.0581073400,2.0413747600,2.0581073400,925900
2019-02-13 11:00:00,2.0581073400,2.0581073400,2.0497410500,2.0581073400,717000
2019-02-13 11:15:00,2.0581073400,2.0581073400,2.0413747600,2.0581073400,767000
2019-02-13 11:30:00,2.0581073400,2.0581073400,2.0413747600,2.0581073400,979800
2019-02-13 13:15:00,2.0581073400,2.0664736300,2.0497410500,2.0581073400,1402001
2019-02-13 13:30:00,2.0581073400,2.0664736300,2.0581073400,2.0664736300,893700
2019-02-13 13:45:00,2.0664736300,2.0664736300,2.0581073400,2.0664736300,1217200
2019-02-13 14:00:00,2.0581073400,2.0748399200,2.0581073400,2.0664736300,1120700
2019-02-13 14:15:00,2.0748399200,2.0748399200,2.0581073400,2.0581073400,1455400
2019-02-13 14:30:00,2.0664736300,2.0748399200,2.0581073400,2.0748399200,2223600
2019-02-13 14:45:00,2.0748399200,2.0748399200,2.0664736300,2.0664736300,1403500
2019-02-13 15:00:00,2.0664736300,2.0748399200,2.0664736300,2.0664736300,1489400
2019-02-14 09:45:00,2.0664736300,2.0748399200,2.0581073400,2.0748399200,1628500
2019-02-14 10:00:00,2.0748399200,2.0748399200,2.0581073400,2.0664736300,1260800
2019-02-14 10:15:00,2.0664736300,2.0664736300,2.0581073400,2.0581073400,564900
2019-02-14 10:30:00,2.0581073400,2.0664736300,2.0581073400,2.0664736300,868400
2019-02-14 10:45:00,2.0581073400,2.0664736300,2.0497410500,2.0581073400,714900
2019-02-14 11:00:00,2.0497410500,2.0581073400,2.0497410500,2.0581073400,333300
2019-02-14 11:15:00,2.0581073400,2.0581073400,2.0497410500,2.0497410500,395017
2019-02-14 11:30:00,2.0497410500,2.0581073400,2.0497410500,2.0497410500,269100
2019-02-14 13:15:00,2.0497410500,2.0581073400,2.0497410500,2.0497410500,473900
2019-02-14 13:30:00,2.0497410500,2.0581073400,2.0497410500,2.0581073400,431700
2019-02-14 13:45:00,2.0581073400,2.0581073400,2.0497410500,2.0497410500,383700
2019-02-14 14:00:00,2.0497410500,2.0581073400,2.0497410500,2.0581073400,710200
2019-02-14 14:15:00,2.0581073400,2.0664736300,2.0497410500,2.0664736300,639800
2019-02-14 14:30:00,2.0664736300,2.0664736300,2.0497410500,2.0664736300,992700
2019-02-14 14:45:00,2.0664736300,2.0664736300,2.0497410500,2.0664736300,1161916
2019-02-14 15:00:00,2.0664736300,2.0664736300,2.0581073400,2.0581073400,769750
2019-02-15 09:45:00,2.0664736300,2.0664736300,2.0497410500,2.0664736300,821600
2019-02-15 10:00:00,2.0664736300,2.0664736300,2.0581073400,2.0664736300,705800
2019-02-15 10:15:00,2.0664736300,2.0748399200,2.0581073400,2.0748399200,2244800
2019-02-15 10:30:00,2.0748399200,2.0748399200,2.0581073400,2.0664736300,1082100
2019-02-15 10:45:00,2.0664736300,2.0748399200,2.0581073400,2.0664736300,397100
2019-02-15 11:00:00,2.0664736300,2.0664736300,2.0581073400,2.0664736300,472500
2019-02-15 11:15:00,2.0581073400,2.0664736300,2.0581073400,2.0664736300,461300
2019-02-15 11:30:00,2.0664736300,2.0664736300,2.0581073400,2.0581073400,721800
2019-02-15 13:15:00,2.0581073400,2.0664736300,2.0581073400,2.0664736300,300380
2019-02-15 13:30:00,2.0664736300,2.0664736300,2.0497410500,2.0497410500,387600
2019-02-15 13:45:00,2.0497410500,2.0581073400,2.0497410500,2.0497410500,407800
2019-02-15 14:00:00,2.0497410500,2.0581073400,2.0497410500,2.0497410500,1052217
2019-02-15 14:15:00,2.0497410500,2.0581073400,2.0413747600,2.0413747600,670483
2019-02-15 14:30:00,2.0413747600,2.0497410500,2.0413747600,2.0497410500,511800
2019-02-15 14:45:00,2.0413747600,2.0497410500,2.0330084700,2.0413747600,1061800
2019-02-15 15:00:00,2.0330084700,2.0497410500,2.0330084700,2.0413747600,1174400
2019-02-18 09:45:00,2.0581073400,2.0832062100,2.0413747600,2.0748399200,3330149
2019-02-18 10:00:00,2.0832062100,2.0832062100,2.0664736300,2.0748399200,1009900
2019-02-18 10:15:00,2.0748399200,2.0832062100,2.0664736300,2.0832062100,1672600
2019-02-18 10:30:00,2.0832062100,2.0915725000,2.0748399200,2.0915725000,1944100
2019-02-18 10:45:00,2.0832062100,2.0915725000,2.0832062100,2.0915725000,961800
2019-02-18 11:00:00,2.0915725000,2.0915725000,2.0748399200,2.0748399200,1128500
2019-02-18 11:15:00,2.0748399200,2.0832062100,2.0748399200,2.0832062100,703700
2019-02-18 11:30:00,2.0748399200,2.0832062100,2.0748399200,2.0832062100,530000
2019-02-18 13:15:00,2.0832062100,2.0832062100,2.0748399200,2.0832062100,567100
2019-02-18 13:30:00,2.0748399200,2.0999387900,2.0748399200,2.0999387900,3771963
2019-02-18 13:45:00,2.0915725000,2.0999387900,2.0832062100,2.0915725000,1284600
2019-02-18 14:00:00,2.0915725000,2.0999387900,2.0832062100,2.0832062100,773500
2019-02-18 14:15:00,2.0915725000,2.0999387900,2.0832062100,2.0999387900,1307889
2019-02-18 14:30:00,2.0915725000,2.0999387900,2.0915725000,2.0999387900,961300
2019-02-18 14:45:00,2.0999387900,2.0999387900,2.0915725000,2.0915725000,1442600
2019-02-18 15:00:00,2.0999387900,2.1083050800,2.0915725000,2.0999387900,1876941
2019-02-19 09:45:00,2.1166713700,2.1585028200,2.1083050800,2.1334039500,5676168
2019-02-19 10:00:00,2.1334039500,2.1417702400,2.1083050800,2.1166713700,2749900
2019-02-19 10:15:00,2.1083050800,2.1166713700,2.0999387900,2.1083050800,2952900
2019-02-19 10:30:00,2.1083050800,2.1083050800,2.0915725000,2.1083050800,1352400
2019-02-19 10:45:00,2.0999387900,2.1166713700,2.0999387900,2.0999387900,634200
2019-02-19 11:00:00,2.0999387900,2.1166713700,2.0999387900,2.1083050800,776400
2019-02-19 11:15:00,2.1083050800,2.1166713700,2.1083050800,2.1083050800,388200
2019-02-19 11:30:00,2.1166713700,2.1166713700,2.0999387900,2.1083050800,783500
2019-02-19 13:15:00,2.1083050800,2.1083050800,2.0832062100,2.0915725000,1637376
2019-02-19 13:30:00,2.0915725000,2.0999387900,2.0832062100,2.0999387900,1536524
2019-02-19 13:45:00,2.0999387900,2.0999387900,2.0915725000,2.0915725000,625700
2019-02-19 14:00:00,2.0915725000,2.0999387900,2.0915725000,2.0915725000,560900
2019-02-19 14:15:00,2.0915725000,2.0915725000,2.0748399200,2.0832062100,1406025
2019-02-19 14:30:00,2.0832062100,2.0915725000,2.0832062100,2.0915725000,477300
2019-02-19 14:45:00,2.0915725000,2.0999387900,2.0832062100,2.0999387900,855500
2019-02-19 15:00:00,2.0999387900,2.1083050800,2.0915725000,2.1083050800,1745700
2019-02-20 09:45:00,2.1083050800,2.1083050800,2.0915725000,2.0999387900,1757900
2019-02-20 10:00:00,2.0999387900,2.1083050800,2.0915725000,2.0915725000,1466400
2019-02-20 10:15:00,2.0915725000,2.0999387900,2.0748399200,2.0832062100,2241000
2019-02-20 10:30:00,2.0832062100,2.0915725000,2.0832062100,2.0915725000,691300
2019-02-20 10:45:00,2.0832062100,2.0999387900,2.0832062100,2.0832062100,880600
2019-02-20 11:00:00,2.0832062100,2.0915725000,2.0832062100,2.0915725000,688500
2019-02-20 11:15:00,2.0915725000,2.0915725000,2.0832062100,2.0832062100,450300
2019-02-20 11:30:00,2.0915725000,2.0915725000,2.0832062100,2.0832062100,922000
2019-02-20 13:15:00,2.0832062100,2.0915725000,2.0748399200,2.0832062100,907889
2019-02-20 13:30:00,2.0832062100,2.0832062100,2.0748399200,2.0748399200,313000
2019-02-20 13:45:00,2.0748399200,2.0832062100,2.0664736300,2.0748399200,1221133
2019-02-20 14:00:00,2.0748399200,2.0748399200,2.0664736300,2.0748399200,414400
2019-02-20 14:15:00,2.0748399200,2.0832062100,2.0664736300,2.0832062100,1021332
2019-02-20 14:30:00,2.0832062100,2.0915725000,2.0748399200,2.0832062100,593689
2019-02-20 14:45:00,2.0915725000,2.0915725000,2.0832062100,2.0915725000,488300
2019-02-20 15:00:00,2.0915725000,2.0915725000,2.0748399200,2.0832062100,1313400
2019-02-21 09:45:00,2.0832062100,2.0915725000,2.0581073400,2.0748399200,2256900
2019-02-21 10:00:00,2.0748399200,2.0832062100,2.0664736300,2.0748399200,1637900
2019-02-21 10:15:00,2.0748399200,2.0748399200,2.0664736300,2.0664736300,974500
2019-02-21 10:30:00,2.0664736300,2.0748399200,2.0664736300,2.0664736300,804000
2019-02-21 10:45:00,2.0664736300,2.0748399200,2.0664736300,2.0664736300,556001
2019-02-21 11:00:00,2.0664736300,2.0832062100,2.0664736300,2.0832062100,1086501
2019-02-21 11:15:00,2.0832062100,2.0832062100,2.0748399200,2.0748399200,417300
2019-02-21 11:30:00,2.0748399200,2.0915725000,2.0748399200,2.0832062100,712811
2019-02-21 13:15:00,2.0832062100,2.0999387900,2.0748399200,2.0999387900,1539600
2019-02-21 13:30:00,2.0999387900,2.1083050800,2.0915725000,2.1083050800,3447500
2019-02-21 13:45:00,2.1083050800,2.1166713700,2.0999387900,2.1083050800,1151700
2019-02-21 14:00:00,2.1083050800,2.1083050800,2.0832062100,2.0832062100,1893900
2019-02-21 14:15:00,2.0832062100,2.0915725000,2.0832062100,2.0832062100,592200
2019-02-21 14:30:00,2.0915725000,2.0915725000,2.0748399200,2.0748399200,1456100
2019-02-21 14:45:00,2.0832062100,2.0832062100,2.0748399200,2.0748399200,1280900
2019-02-21 15:00:00,2.0748399200,2.0832062100,2.0664736300,2.0748399200,1077889
2019-02-22 09:45:00,2.0664736300,2.0832062100,2.0664736300,2.0748399200,1047200
2019-02-22 10:00:00,2.0748399200,2.0832062100,2.0664736300,2.0664736300,820500
2019-02-22 10:15:00,2.0748399200,2.0832062100,2.0664736300,2.0832062100,1027000
2019-02-22 10:30:00,2.0748399200,2.0832062100,2.0664736300,2.0664736300,668200
2019-02-22 10:45:00,2.0664736300,2.0748399200,2.0664736300,2.0664736300,469600
2019-02-22 11:00:00,2.0748399200,2.0832062100,2.0664736300,2.0832062100,938100
2019-02-22 11:15:00,2.0832062100,2.0999387900,2.0748399200,2.0915725000,2171300
2019-02-22 11:30:00,2.0915725000,2.0999387900,2.0832062100,2.0915725000,1013500
2019-02-22 13:15:00,2.0999387900,2.0999387900,2.0915725000,2.0999387900,1205101
2019-02-22 13:30:00,2.0999387900,2.0999387900,2.0915725000,2.0915725000,583700
2019-02-22 13:45:00,2.0999387900,2.0999387900,2.0915725000,2.0999387900,1043900
2019-02-22 14:00:00,2.0999387900,2.0999387900,2.0915725000,2.0915725000,1333101
2019-02-22 14:15:00,2.0915725000,2.1083050800,2.0915725000,2.1083050800,1715224
2019-02-22 14:30:00,2.1083050800,2.1083050800,2.0999387900,2.1083050800,741300
2019-02-22 14:45:00,2.1083050800,2.1166713700,2.0999387900,2.1166713700,3628981
2019-02-22 15:00:00,2.1166713700,2.1334039500,2.1083050800,2.1250376600,2703111
2019-02-25 09:45:00,2.1585028200,2.1836016900,2.1417702400,2.1836016900,6996381
2019-02-25 10:00:00,2.1836016900,2.1836016900,2.1585028200,2.1585028200,4204876
2019-02-25 10:15:00,2.1585028200,2.1752354000,2.1585028200,2.1668691100,2861316
2019-02-25 10:30:00,2.1668691100,2.1752354000,2.1585028200,2.1668691100,3740600
2019-02-25 10:45:00,2.1752354000,2.1836016900,2.1668691100,2.1752354000,4880466
2019-02-25 11:00:00,2.1752354000,2.1752354000,2.1668691100,2.1752354000,1686800
2019-02-25 11:15:00,2.1752354000,2.1836016900,2.1668691100,2.1836016900,1945700
2019-02-25 11:30:00,2.1836016900,2.2003342700,2.1752354000,2.2003342700,2587800
2019-02-25 13:15:00,2.2003342700,2.2170668500,2.2003342700,2.2087005600,4101401
2019-02-25 13:30:00,2.2087005600,2.2170668500,2.2003342700,2.2170668500,1963000
2019-02-25 13:45:00,2.2170668500,2.2170668500,2.1919679800,2.2087005600,2799044
2019-02-25 14:00:00,2.2087005600,2.2087005600,2.2003342700,2.2003342700,1233901
2019-02-25 14:15:00,2.2087005600,2.2254331400,2.2003342700,2.2254331400,3118750
2019-02-25 14:30:00,2.2254331400,2.2421657200,2.2170668500,2.2337994300,3133995
2019-02-25 14:45:00,2.2421657200,2.2421657200,2.2254331400,2.2254331400,3263300
2019-02-25 15:00:00,2.2254331400,2.2505320100,2.2254331400,2.2505320100,4007610
2019-02-26 09:45:00,2.2421657200,2.3341949100,2.2254331400,2.3007297500,13195368
2019-02-26 10:00:00,2.2923634600,2.3258286200,2.2756308800,2.3258286200,6682881
2019-02-26 10:15:00,2.3258286200,2.3425612000,2.3090960400,2.3258286200,6535934
2019-02-26 10:30:00,2.3341949100,2.3592937800,2.3258286200,2.3258286200,6811567
2019-02-26 10:45:00,2.3341949100,2.3425612000,2.3174623300,2.3174623300,3726201
2019-02-26 11:00:00,2.3174623300,2.3341949100,2.3174623300,2.3258286200,1932737
2019-02-26 11:15:00,2.3258286200,2.3509274900,2.3258286200,2.3425612000,1909300
2019-02-26 11:30:00,2.3425612000,2.3592937800,2.3341949100,2.3592937800,2295800
2019-02-26 13:15:00,2.3592937800,2.4429566800,2.3592937800,2.4345903900,6499559
2019-02-26 13:30:00,2.4345903900,2.4680555500,2.4262241000,2.4345903900,6937100
2019-02-26 13:45:00,2.4262241000,2.4429566800,2.4094915200,2.4178578100,3952600
2019-02-26 14:00:00,2.4178578100,2.4262241000,2.4094915200,2.4178578100,2179300
2019-02-26 14:15:00,2.4178578100,2.4262241000,2.4094915200,2.4178578100,1793700
2019-02-26 14:30:00,2.4178578100,2.4262241000,2.4011252300,2.4011252300,2355413
2019-02-26 14:45:00,2.4094915200,2.4094915200,2.3676600700,2.3843926500,4510700
2019-02-26 15:00:00,2.3843926500,2.3843926500,2.3341949100,2.3425612000,5379595
2019-02-27 09:45:00,2.3425612000,2.4178578100,2.3425612000,2.4094915200,9477700
2019-02-27 10:00:00,2.4094915200,2.4680555500,2.4011252300,2.4680555500,8330845
2019-02-27 10:15:00,2.4596892600,2.4680555500,2.4345903900,2.4429566800,9819601
2019-02-27 10:30:00,2.4429566800,2.4596892600,2.4345903900,2.4596892600,7175971
2019-02-27 10:45:00,2.4596892600,2.5015207100,2.4513229700,2.5015207100,7241055
2019-02-27 11:00:00,2.5015207100,2.5349858700,2.4931544200,2.5098870000,8441400
2019-02-27 11:15:00,2.5015207100,2.5266195800,2.4931544200,2.5266195800,3085201
2019-02-27 11:30:00,2.5182532900,2.5266195800,2.5098870000,2.5266195800,4073181
2019-02-27 13:15:00,2.5182532900,2.5684510300,2.5182532900,2.5517184500,11587874
2019-02-27 13:30:00,2.5517184500,2.5600847400,2.5433521600,2.5433521600,3921700
2019-02-27 13:45:00,2.5433521600,2.5517184500,2.5182532900,2.5266195800,7551545
2019-02-27 14:00:00,2.5182532900,2.5433521600,2.5182532900,2.5182532900,5486100
2019-02-27 14:15:00,2.5266195800,2.5349858700,2.5098870000,2.5266195800,3556700
2019-02-27 14:30:00,2.5266195800,2.5266195800,2.4764218400,2.5098870000,5405618
2019-02-27 14:45:00,2.5098870000,2.5098870000,2.4764218400,2.4764218400,4100600
2019-02-27 15:00:00,2.4764218400,2.5098870000,2.4764218400,2.5098870000,5521252
2019-02-28 09:45:00,2.5266195800,2.6186487700,2.5266195800,2.5600847400,13056111
2019-02-28 10:00:00,2.5600847400,2.5600847400,2.5266195800,2.5517184500,6716411
2019-02-28 10:15:00,2.5517184500,2.5517184500,2.5349858700,2.5433521600,3723100
2019-02-28 10:30:00,2.5517184500,2.5517184500,2.5349858700,2.5517184500,3936500
2019-02-28 10:45:00,2.5517184500,2.5517184500,2.5349858700,2.5433521600,2441266
2019-02-28 11:00:00,2.5517184500,2.5600847400,2.5433521600,2.5433521600,2664900
2019-02-28 11:15:00,2.5433521600,2.5517184500,2.5349858700,2.5433521600,4232500
2019-02-28 11:30:00,2.5433521600,2.5600847400,2.5349858700,2.5433521600,3540834
2019-02-28 13:15:00,2.5517184500,2.5517184500,2.5266195800,2.5349858700,1978700
2019-02-28 13:30:00,2.5266195800,2.5349858700,2.5015207100,2.5098870000,3307300
2019-02-28 13:45:00,2.5098870000,2.5098870000,2.4931544200,2.4931544200,3434608
2019-02-28 14:00:00,2.4931544200,2.5098870000,2.4931544200,2.5015207100,2091300
2019-02-28 14:15:00,2.5015207100,2.5098870000,2.4931544200,2.5015207100,1896191
2019-02-28 14:30:00,2.5015207100,2.5098870000,2.4931544200,2.5015207100,1272910
2019-02-28 14:45:00,2.5015207100,2.5098870000,2.4931544200,2.4931544200,2220700
2019-02-28 15:00:00,2.4931544200,2.5098870000,2.4931544200,2.5015207100,3244080
2019-03-01 09:45:00,2.5182532900,2.5600847400,2.4847881300,2.5015207100,5070625
2019-03-01 10:00:00,2.4931544200,2.5098870000,2.4680555500,2.4764218400,3821301
2019-03-01 10:15:00,2.4680555500,2.4931544200,2.4680555500,2.4764218400,3516608
2019-03-01 10:30:00,2.4764218400,2.4931544200,2.4764218400,2.4847881300,1548086
2019-03-01 10:45:00,2.4847881300,2.5015207100,2.4764218400,2.4931544200,1344800
2019-03-01 11:00:00,2.5015207100,2.5015207100,2.4847881300,2.5015207100,2399309
2019-03-01 11:15:00,2.5015207100,2.5015207100,2.4847881300,2.4931544200,1328689
2019-03-01 11:30:00,2.4931544200,2.5015207100,2.4764218400,2.4847881300,2023391
2019-03-01 13:15:00,2.4764218400,2.4847881300,2.4680555500,2.4680555500,2335500
2019-03-01 13:30:00,2.4680555500,2.4764218400,2.4596892600,2.4680555500,1190900
2019-03-01 13:45:00,2.4680555500,2.4764218400,2.4596892600,2.4596892600,1301700
2019-03-01 14:00:00,2.4596892600,2.4764218400,2.4596892600,2.4680555500,1106100
2019-03-01 14:15:00,2.4764218400,2.4764218400,2.4596892600,2.4680555500,1355100
2019-03-01 14:30:00,2.4680555500,2.4764218400,2.4680555500,2.4680555500,1229700
2019-03-01 14:45:00,2.4680555500,2.4931544200,2.4680555500,2.4847881300,3612610
2019-03-01 15:00:00,2.4931544200,2.5098870000,2.4847881300,2.5098870000,3756996
2019-03-04 09:45:00,2.5266195800,2.5433521600,2.5015207100,2.5098870000,6510400
2019-03-04 10:00:00,2.5015207100,2.5182532900,2.5015207100,2.5182532900,2595340
2019-03-04 10:15:00,2.5098870000,2.5349858700,2.5098870000,2.5349858700,2808450
2019-03-04 10:30:00,2.5349858700,2.5433521600,2.5266195800,2.5349858700,2346563
2019-03-04 10:45:00,2.5349858700,2.5349858700,2.5182532900,2.5349858700,1386587
2019-03-04 11:00:00,2.5349858700,2.5517184500,2.5266195800,2.5349858700,2506000
2019-03-04 11:15:00,2.5349858700,2.5517184500,2.5349858700,2.5517184500,976101
2019-03-04 11:30:00,2.5433521600,2.5768173200,2.5349858700,2.5684510300,5648778
2019-03-04 13:15:00,2.5684510300,2.5768173200,2.5349858700,2.5349858700,3853313
2019-03-04 13:30:00,2.5433521600,2.5517184500,2.5182532900,2.5182532900,3750087
2019-03-04 13:45:00,2.5266195800,2.5349858700,2.5182532900,2.5349858700,1540356
2019-03-04 14:00:00,2.5349858700,2.5517184500,2.5266195800,2.5433521600,1592801
2019-03-04 14:15:00,2.5433521600,2.5433521600,2.5098870000,2.5098870000,3987500
2019-03-04 14:30:00,2.5098870000,2.5266195800,2.5098870000,2.5098870000,1760500
2019-03-04 14:45:00,2.5098870000,2.5182532900,2.4931544200,2.5015207100,3540540
2019-03-04 15:00:00,2.5015207100,2.5266195800,2.5015207100,2.5182532900,2846293
2019-03-05 09:45:00,2.5266195800,2.5517184500,2.5015207100,2.5266195800,4911958
2019-03-05 10:00:00,2.5266195800,2.5433521600,2.5182532900,2.5266195800,2224253
2019-03-05 10:15:00,2.5266195800,2.5349858700,2.5266195800,2.5266195800,1507390
2019-03-05 10:30:00,2.5266195800,2.5349858700,2.5182532900,2.5266195800,1339239
2019-03-05 10:45:00,2.5266195800,2.5349858700,2.5182532900,2.5349858700,1710541
2019-03-05 11:00:00,2.5349858700,2.5433521600,2.5266195800,2.5349858700,1505860
2019-03-05 11:15:00,2.5349858700,2.5433521600,2.5182532900,2.5266195800,1570240
2019-03-05 11:30:00,2.5182532900,2.5349858700,2.5098870000,2.5266195800,2419958
2019-03-05 13:15:00,2.5349858700,2.5433521600,2.5266195800,2.5349858700,1753000
2019-03-05 13:30:00,2.5349858700,2.5349858700,2.5182532900,2.5349858700,1107474
2019-03-05 13:45:00,2.5349858700,2.5349858700,2.5266195800,2.5349858700,981300
2019-03-05 14:00:00,2.5266195800,2.5349858700,2.5182532900,2.5266195800,1523000
2019-03-05 14:15:00,2.5349858700,2.5349858700,2.5182532900,2.5349858700,698500
2019-03-05 14:30:00,2.5266195800,2.5349858700,2.5266195800,2.5266195800,842518
2019-03-05 14:45:00,2.5266195800,2.5433521600,2.5266195800,2.5349858700,2456825
2019-03-05 15:00:00,2.5349858700,2.5517184500,2.5349858700,2.5517184500,3798000
2019-03-06 09:45:00,2.5768173200,2.5935499000,2.5600847400,2.5600847400,5952300
2019-03-06 10:00:00,2.5600847400,2.5768173200,2.5433521600,2.5433521600,6073701
2019-03-06 10:15:00,2.5517184500,2.5517184500,2.5266195800,2.5349858700,3091062
2019-03-06 10:30:00,2.5266195800,2.5517184500,2.5266195800,2.5349858700,1251500
2019-03-06 10:45:00,2.5349858700,2.5684510300,2.5349858700,2.5517184500,2052300
2019-03-06 11:00:00,2.5517184500,2.5684510300,2.5433521600,2.5517184500,1431800
2019-03-06 11:15:00,2.5517184500,2.5600847400,2.5433521600,2.5600847400,1550000
2019-03-06 11:30:00,2.5600847400,2.5684510300,2.5517184500,2.5600847400,1768301
2019-03-06 13:15:00,2.5600847400,2.5768173200,2.5517184500,2.5517184500,2992800
2019-03-06 13:30:00,2.5517184500,2.5684510300,2.5517184500,2.5517184500,1309040
2019-03-06 13:45:00,2.5600847400,2.5684510300,2.5517184500,2.5600847400,1284807
2019-03-06 14:00:00,2.5600847400,2.5684510300,2.5517184500,2.5600847400,2099900
2019-03-06 14:15:00,2.5600847400,2.5684510300,2.5517184500,2.5600847400,1938900
2019-03-06 14:30:00,2.5600847400,2.5600847400,2.5517184500,2.5600847400,1428000
2019-03-06 14:45:00,2.5600847400,2.5851836100,2.5600847400,2.5768173200,3068117
2019-03-06 15:00:00,2.5851836100,2.5851836100,2.5768173200,2.5768173200,4214006
2019-03-07 09:45:00,2.5851836100,2.6270150600,2.5600847400,2.6270150600,7204570
2019-03-07 10:00:00,2.6270150600,2.7441431200,2.6186487700,2.6772128000,14533073
2019-03-07 10:15:00,2.6855790900,2.7106779600,2.6604802200,2.6772128000,5398600
2019-03-07 10:30:00,2.6772128000,2.7023116700,2.6688465100,2.6855790900,3597400
2019-03-07 10:45:00,2.6772128000,2.6855790900,2.6437476400,2.6437476400,3969565
2019-03-07 11:00:00,2.6437476400,2.6688465100,2.6437476400,2.6688465100,2474200
2019-03-07 11:15:00,2.6688465100,2.6688465100,2.6437476400,2.6688465100,1342301
2019-03-07 11:30:00,2.6688465100,2.6855790900,2.6604802200,2.6772128000,1884600
2019-03-07 13:15:00,2.6772128000,2.6939453800,2.6772128000,2.6855790900,1905300
2019-03-07 13:30:00,2.6772128000,2.6855790900,2.6604802200,2.6688465100,1721900
2019-03-07 13:45:00,2.6604802200,2.6772128000,2.6437476400,2.6521139300,2252000
2019-03-07 14:00:00,2.6521139300,2.6772128000,2.6521139300,2.6772128000,980575
2019-03-07 14:15:00,2.6772128000,2.6855790900,2.6688465100,2.6772128000,1418600
2019-03-07 14:30:00,2.6855790900,2.7190442500,2.6772128000,2.7023116700,4855369
2019-03-07 14:45:00,2.7023116700,2.7357768300,2.7023116700,2.7190442500,6502703
2019-03-07 15:00:00,2.7190442500,2.7190442500,2.7023116700,2.7190442500,4533397
2019-03-08 09:45:00,2.6855790900,2.6855790900,2.5935499000,2.6186487700,9794144
2019-03-08 10:00:00,2.6186487700,2.6521139300,2.6102824800,2.6437476400,4166917
2019-03-08 10:15:00,2.6437476400,2.6604802200,2.6353813500,2.6521139300,3633797
2019-03-08 10:30:00,2.6604802200,2.6688465100,2.6521139300,2.6604802200,3175387
2019-03-08 10:45:00,2.6521139300,2.6772128000,2.6521139300,2.6688465100,2274700
2019-03-08 11:00:00,2.6688465100,2.6772128000,2.6437476400,2.6437476400,2469113
2019-03-08 11:15:00,2.6437476400,2.6604802200,2.6353813500,2.6353813500,1954301
2019-03-08 11:30:00,2.6353813500,2.6437476400,2.6186487700,2.6186487700,2866099
2019-03-08 13:15:00,2.6019161900,2.6186487700,2.5935499000,2.6102824800,5225500
2019-03-08 13:30:00,2.6102824800,2.6270150600,2.5851836100,2.5935499000,3172200
2019-03-08 13:45:00,2.5935499000,2.6019161900,2.5851836100,2.5935499000,4162600
2019-03-08 14:00:00,2.5935499000,2.6019161900,2.5768173200,2.5768173200,3233192
2019-03-08 14:15:00,2.5851836100,2.6186487700,2.5768173200,2.6102824800,2303037
2019-03-08 14:30:00,2.6102824800,2.6102824800,2.5851836100,2.5935499000,1958363
2019-03-08 14:45:00,2.5851836100,2.5935499000,2.5349858700,2.5517184500,6728390
2019-03-08 15:00:00,2.5517184500,2.5600847400,2.5182532900,2.5182532900,5610810
2019-03-11 09:45:00,2.5182532900,2.6353813500,2.5182532900,2.6102824800,11207617
2019-03-11 10:00:00,2.6186487700,2.6772128000,2.6019161900,2.6437476400,6464700
2019-03-11 10:15:00,2.6437476400,2.6604802200,2.6186487700,2.6270150600,4006700
2019-03-11 10:30:00,2.6353813500,2.6353813500,2.6102824800,2.6186487700,2943900
2019-03-11 10:45:00,2.6186487700,2.6353813500,2.6102824800,2.6270150600,1470400
2019-03-11 11:00:00,2.6353813500,2.6353813500,2.6186487700,2.6353813500,1497000
2019-03-11 11:15:00,2.6353813500,2.6604802200,2.6186487700,2.6521139300,5214200
2019-03-11 11:30:00,2.6521139300,2.6688465100,2.6437476400,2.6604802200,3698900
2019-03-11 13:15:00,2.6688465100,2.6855790900,2.6521139300,2.6688465100,6113001
2019-03-11 13:30:00,2.6604802200,2.6688465100,2.6437476400,2.6521139300,1282600
2019-03-11 13:45:00,2.6437476400,2.6604802200,2.6353813500,2.6437476400,1465400
2019-03-11 14:00:00,2.6437476400,2.6521139300,2.6353813500,2.6353813500,1074600
2019-03-11 14:15:00,2.6353813500,2.6437476400,2.6270150600,2.6437476400,1389000
2019-03-11 14:30:00,2.6353813500,2.6521139300,2.6270150600,2.6521139300,987400
2019-03-11 14:45:00,2.6521139300,2.6604802200,2.6437476400,2.6604802200,1923701
2019-03-11 15:00:00,2.6521139300,2.6604802200,2.6437476400,2.6604802200,3626400
2019-03-12 09:45:00,2.6855790900,2.7023116700,2.6437476400,2.6521139300,6732100
2019-03-12 10:00:00,2.6521139300,2.6688465100,2.6437476400,2.6521139300,2661400
2019-03-12 10:15:00,2.6521139300,2.6604802200,2.6437476400,2.6521139300,2554300
2019-03-12 10:30:00,2.6521139300,2.6604802200,2.6353813500,2.6437476400,3447598
2019-03-12 10:45:00,2.6437476400,2.6521139300,2.6353813500,2.6437476400,2236983
2019-03-12 11:00:00,2.6437476400,2.6437476400,2.6270150600,2.6353813500,3227517
2019-03-12 11:15:00,2.6353813500,2.6437476400,2.6270150600,2.6270150600,2247200
2019-03-12 11:30:00,2.6270150600,2.6437476400,2.6270150600,2.6353813500,1507502
2019-03-12 13:15:00,2.6353813500,2.6521139300,2.6353813500,2.6521139300,2250201
2019-03-12 13:30:00,2.6521139300,2.6604802200,2.6437476400,2.6521139300,2621300
2019-03-12 13:45:00,2.6521139300,2.6604802200,2.6437476400,2.6437476400,2236700
2019-03-12 14:00:00,2.6437476400,2.6437476400,2.6102824800,2.6186487700,5597098
2019-03-12 14:15:00,2.6186487700,2.6186487700,2.6019161900,2.6102824800,3615201
2019-03-12 14:30:00,2.6102824800,2.6186487700,2.5935499000,2.6019161900,3077717
2019-03-12 14:45:00,2.5935499000,2.6186487700,2.5935499000,2.6102824800,2837600
2019-03-12 15:00:00,2.6019161900,2.6353813500,2.6019161900,2.6270150600,3358602
2019-03-13 09:45:00,2.6437476400,2.6437476400,2.5768173200,2.5935499000,5091800
2019-03-13 10:00:00,2.6019161900,2.6019161900,2.5851836100,2.5935499000,2768494
2019-03-13 10:15:00,2.5851836100,2.5935499000,2.5768173200,2.5851836100,2549806
2019-03-13 10:30:00,2.5851836100,2.5851836100,2.5684510300,2.5768173200,2585700
2019-03-13 10:45:00,2.5768173200,2.5851836100,2.5684510300,2.5768173200,2323483
2019-03-13 11:00:00,2.5851836100,2.5851836100,2.5684510300,2.5684510300,1225300
2019-03-13 11:15:00,2.5684510300,2.5768173200,2.5600847400,2.5684510300,1538500
2019-03-13 11:30:00,2.5768173200,2.5851836100,2.5684510300,2.5684510300,1629400
2019-03-13 13:15:00,2.5684510300,2.5684510300,2.5517184500,2.5517184500,2676500
2019-03-13 13:30:00,2.5517184500,2.5684510300,2.5433521600,2.5600847400,2395212
2019-03-13 13:45:00,2.5600847400,2.5935499000,2.5600847400,2.5768173200,3071600
2019-03-13 14:00:00,2.5768173200,2.5851836100,2.5600847400,2.5600847400,1572300
2019-03-13 14:15:00,2.5600847400,2.5768173200,2.5517184500,2.5600847400,1316700
2019-03-13 14:30:00,2.5517184500,2.5684510300,2.5517184500,2.5600847400,3324434
2019-03-13 14:45:00,2.5517184500,2.5600847400,2.5349858700,2.5349858700,2690154
2019-03-13 15:00:00,2.5433521600,2.5517184500,2.5349858700,2.5433521600,2326228
2019-03-14 09:45:00,2.5349858700,2.6019161900,2.5349858700,2.5684510300,4688300
2019-03-14 10:00:00,2.5684510300,2.5851836100,2.5433521600,2.5517184500,2388500
2019-03-14 10:15:00,2.5517184500,2.5600847400,2.5349858700,2.5600847400,2637700
2019-03-14 10:30:00,2.5517184500,2.5600847400,2.5266195800,2.5349858700,1346800
2019-03-14 10:45:00,2.5349858700,2.5433521600,2.5098870000,2.5182532900,4287700
2019-03-14 11:00:00,2.5182532900,2.5349858700,2.5098870000,2.5266195800,2176700
2019-03-14 11:15:00,2.5266195800,2.5349858700,2.5098870000,2.5182532900,860800
2019-03-14 11:30:00,2.5182532900,2.5266195800,2.5098870000,2.5266195800,1064500
2019-03-14 13:15:00,2.5182532900,2.5266195800,2.5098870000,2.5182532900,1806900
2019-03-14 13:30:00,2.5182532900,2.5266195800,2.5098870000,2.5182532900,806210
2019-03-14 13:45:00,2.5266195800,2.5266195800,2.5098870000,2.5098870000,980890
2019-03-14 14:00:00,2.5098870000,2.5349858700,2.5098870000,2.5266195800,1297710
2019-03-14 14:15:00,2.5266195800,2.5266195800,2.5098870000,2.5182532900,768490
2019-03-14 14:30:00,2.5182532900,2.5182532900,2.5015207100,2.5098870000,1469579
2019-03-14 14:45:00,2.5098870000,2.5098870000,2.4931544200,2.5098870000,2947400
2019-03-14 15:00:00,2.5098870000,2.5266195800,2.5015207100,2.5098870000,3099281
2019-03-15 09:45:00,2.5349858700,2.5600847400,2.5098870000,2.5517184500,3933600
2019-03-15 10:00:00,2.5433521600,2.5517184500,2.5015207100,2.5098870000,4138929
2019-03-15 10:15:00,2.5098870000,2.5266195800,2.5015207100,2.5266195800,2484200
2019-03-15 10:30:00,2.5266195800,2.5851836100,2.5182532900,2.5600847400,7097401
2019-03-15 10:45:00,2.5600847400,2.5851836100,2.5600847400,2.5768173200,2963370
2019-03-15 11:00:00,2.5768173200,2.6019161900,2.5684510300,2.5851836100,5654879
2019-03-15 11:15:00,2.5851836100,2.5935499000,2.5768173200,2.5768173200,1042800
2019-03-15 11:30:00,2.5768173200,2.5851836100,2.5600847400,2.5684510300,1574879
2019-03-15 13:15:00,2.5600847400,2.5768173200,2.5517184500,2.5600847400,1196022
2019-03-15 13:30:00,2.5517184500,2.5517184500,2.5349858700,2.5433521600,1199756
2019-03-15 13:45:00,2.5433521600,2.5517184500,2.5266195800,2.5266195800,1311243
2019-03-15 14:00:00,2.5266195800,2.5349858700,2.5182532900,2.5266195800,1355500
2019-03-15 14:15:00,2.5266195800,2.5433521600,2.5266195800,2.5266195800,1293000
2019-03-15 14:30:00,2.5266195800,2.5433521600,2.5266195800,2.5433521600,814910
2019-03-15 14:45:00,2.5433521600,2.5517184500,2.5349858700,2.5433521600,1498500
2019-03-15 15:00:00,2.5433521600,2.5517184500,2.5349858700,2.5349858700,1504253
2019-03-18 09:45:00,2.5517184500,2.5768173200,2.5349858700,2.5517184500,3129300
2019-03-18 10:00:00,2.5517184500,2.5684510300,2.5433521600,2.5517184500,2313825
2019-03-18 10:15:00,2.5517184500,2.5684510300,2.5517184500,2.5600847400,1161800
2019-03-18 10:30:00,2.5600847400,2.5600847400,2.5433521600,2.5600847400,1361000
2019-03-18 10:45:00,2.5600847400,2.5684510300,2.5517184500,2.5517184500,1196400
2019-03-18 11:00:00,2.5517184500,2.5684510300,2.5517184500,2.5600847400,1870100
2019-03-18 11:15:00,2.5600847400,2.5684510300,2.5517184500,2.5517184500,782000
2019-03-18 11:30:00,2.5517184500,2.5684510300,2.5433521600,2.5684510300,991400
2019-03-18 13:15:00,2.5684510300,2.5684510300,2.5349858700,2.5517184500,2858201
2019-03-18 13:30:00,2.5517184500,2.5600847400,2.5433521600,2.5517184500,764600
2019-03-18 13:45:00,2.5517184500,2.5600847400,2.5517184500,2.5517184500,444300
2019-03-18 14:00:00,2.5517184500,2.5600847400,2.5517184500,2.5600847400,492800
2019-03-18 14:15:00,2.5600847400,2.5684510300,2.5517184500,2.5684510300,1319700
2019-03-18 14:30:00,2.5684510300,2.5768173200,2.5600847400,2.5768173200,1497700
2019-03-18 14:45:00,2.5768173200,2.5768173200,2.5600847400,2.5684510300,1530800
2019-03-18 15:00:00,2.5768173200,2.5768173200,2.5684510300,2.5768173200,3612200
2019-03-19 09:45:00,2.5768173200,2.5935499000,2.5600847400,2.5768173200,3716689
2019-03-19 10:00:00,2.5768173200,2.5935499000,2.5684510300,2.5684510300,2481300
2019-03-19 10:15:00,2.5768173200,2.5851836100,2.5684510300,2.5768173200,1229063
2019-03-19 10:30:00,2.5768173200,2.5935499000,2.5684510300,2.5935499000,1718342
2019-03-19 10:45:00,2.5935499000,2.6186487700,2.5851836100,2.6102824800,6414201
2019-03-19 11:00:00,2.6102824800,2.6186487700,2.5935499000,2.6186487700,3920200
2019-03-19 11:15:00,2.6186487700,2.6353813500,2.6102824800,2.6353813500,5390250
2019-03-19 11:30:00,2.6353813500,2.6353813500,2.6102824800,2.6186487700,810900
2019-03-19 13:15:00,2.6186487700,2.6270150600,2.6102824800,2.6186487700,1221500
2019-03-19 13:30:00,2.6186487700,2.6186487700,2.6102824800,2.6186487700,617000
2019-03-19 13:45:00,2.6186487700,2.6186487700,2.5935499000,2.5935499000,1182500
2019-03-19 14:00:00,2.6019161900,2.6019161900,2.5935499000,2.5935499000,977801
2019-03-19 14:15:00,2.5935499000,2.6019161900,2.5851836100,2.5851836100,640500
2019-03-19 14:30:00,2.5851836100,2.5935499000,2.5768173200,2.5851836100,894000
2019-03-19 14:45:00,2.5851836100,2.6102824800,2.5851836100,2.6102824800,1632621
2019-03-19 15:00:00,2.6102824800,2.6186487700,2.6019161900,2.6186487700,1939100
2019-03-20 09:45:00,2.6186487700,2.6186487700,2.5684510300,2.5768173200,3485800
2019-03-20 10:00:00,2.5768173200,2.5935499000,2.5768173200,2.5768173200,2435700
2019-03-20 10:15:00,2.5768173200,2.5851836100,2.5684510300,2.5768173200,1068271
2019-03-20 10:30:00,2.5768173200,2.5851836100,2.5684510300,2.5851836100,1418881
2019-03-20 10:45:00,2.5851836100,2.5851836100,2.5768173200,2.5851836100,1089000
2019-03-20 11:00:00,2.5851836100,2.5851836100,2.5768173200,2.5851836100,799300
2019-03-20 11:15:00,2.5851836100,2.5851836100,2.5684510300,2.5768173200,1999553
2019-03-20 11:30:00,2.5768173200,2.5768173200,2.5433521600,2.5517184500,4877100
2019-03-20 13:15:00,2.5517184500,2.5684510300,2.5349858700,2.5517184500,2631100
2019-03-20 13:30:00,2.5517184500,2.5600847400,2.5433521600,2.5600847400,1034602
2019-03-20 13:45:00,2.5600847400,2.5600847400,2.5517184500,2.5600847400,337100
2019-03-20 14:00:00,2.5517184500,2.5600847400,2.5433521600,2.5517184500,909698
2019-03-20 14:15:00,2.5517184500,2.5684510300,2.5433521600,2.5600847400,1134100
2019-03-20 14:30:00,2.5600847400,2.5935499000,2.5600847400,2.5851836100,2296800
2019-03-20 14:45:00,2.5851836100,2.5851836100,2.5684510300,2.5768173200,860500
2019-03-20 15:00:00,2.5768173200,2.5935499000,2.5684510300,2.5851836100,2199290
2019-03-21 09:45:00,2.5935499000,2.6102824800,2.5851836100,2.5935499000,3642800
2019-03-21 10:00:00,2.5935499000,2.6102824800,2.5851836100,2.5935499000,2835600
2019-03-21 10:15:00,2.5851836100,2.6102824800,2.5851836100,2.6019161900,1459850
2019-03-21 10:30:00,2.6102824800,2.6102824800,2.5935499000,2.5935499000,1549400
2019-03-21 10:45:00,2.5935499000,2.6019161900,2.5935499000,2.6019161900,817600
2019-03-21 11:00:00,2.5935499000,2.6019161900,2.5935499000,2.6019161900,1093454
2019-03-21 11:15:00,2.6019161900,2.6019161900,2.5851836100,2.5935499000,1099838
2019-03-21 11:30:00,2.5935499000,2.6102824800,2.5851836100,2.6019161900,1350400
2019-03-21 13:15:00,2.6019161900,2.6102824800,2.5935499000,2.6102824800,1345800
2019-03-21 13:30:00,2.6102824800,2.6102824800,2.5935499000,2.6019161900,997500
2019-03-21 13:45:00,2.6019161900,2.6102824800,2.5935499000,2.6019161900,1199550
2019-03-21 14:00:00,2.6102824800,2.6102824800,2.5851836100,2.5935499000,1966000
2019-03-21 14:15:00,2.5935499000,2.6102824800,2.5851836100,2.6019161900,1729310
2019-03-21 14:30:00,2.6019161900,2.6102824800,2.6019161900,2.6019161900,2728379
2019-03-21 14:45:00,2.6019161900,2.6102824800,2.6019161900,2.6102824800,1270812
2019-03-21 15:00:00,2.6102824800,2.6102824800,2.5851836100,2.5935499000,2151954
2019-03-22 09:45:00,2.5935499000,2.5935499000,2.5684510300,2.5684510300,2894200
2019-03-22 10:00:00,2.5768173200,2.5768173200,2.5600847400,2.5768173200,1192400
2019-03-22 10:15:00,2.5768173200,2.5768173200,2.5600847400,2.5600847400,1876400
2019-03-22 10:30:00,2.5600847400,2.5935499000,2.5600847400,2.5935499000,4009100
2019-03-22 10:45:00,2.5935499000,2.6353813500,2.5851836100,2.6270150600,7357227
2019-03-22 11:00:00,2.6186487700,2.6186487700,2.5935499000,2.6019161900,1784774
2019-03-22 11:15:00,2.5935499000,2.6019161900,2.5851836100,2.5935499000,1304900
2019-03-22 11:30:00,2.5935499000,2.6019161900,2.5851836100,2.6019161900,777000
2019-03-22 13:15:00,2.6019161900,2.6102824800,2.5935499000,2.6019161900,1454500
2019-03-22 13:30:00,2.6019161900,2.6102824800,2.6019161900,2.6102824800,655600
2019-03-22 13:45:00,2.6019161900,2.6186487700,2.6019161900,2.6186487700,1331800
2019-03-22 14:00:00,2.6186487700,2.6186487700,2.6019161900,2.6102824800,1039100
2019-03-22 14:15:00,2.6102824800,2.6102824800,2.5935499000,2.6019161900,1299300
2019-03-22 14:30:00,2.6102824800,2.6102824800,2.5935499000,2.5935499000,1774400
2019-03-22 14:45:00,2.6019161900,2.6102824800,2.5935499000,2.6019161900,1010300
2019-03-22 15:00:00,2.5935499000,2.6102824800,2.5935499000,2.6019161900,2315900
2019-03-25 09:45:00,2.5768173200,2.5935499000,2.5600847400,2.5935499000,4593801
2019-03-25 10:00:00,2.5851836100,2.5935499000,2.5768173200,2.5768173200,1913000
2019-03-25 10:15:00,2.5768173200,2.5851836100,2.5768173200,2.5851836100,1039000
2019-03-25 10:30:00,2.5851836100,2.5851836100,2.5684510300,2.5851836100,1032900
2019-03-25 10:45:00,2.5851836100,2.5851836100,2.5684510300,2.5768173200,1292396
2019-03-25 11:00:00,2.5768173200,2.5768173200,2.5600847400,2.5600847400,2054906
2019-03-25 11:15:00,2.5684510300,2.5768173200,2.5600847400,2.5600847400,1142297
2019-03-25 11:30:00,2.5600847400,2.5684510300,2.5433521600,2.5517184500,2641500
2019-03-25 13:15:00,2.5517184500,2.5684510300,2.5517184500,2.5684510300,1448623
2019-03-25 13:30:00,2.5684510300,2.5768173200,2.5600847400,2.5600847400,1719600
2019-03-25 13:45:00,2.5684510300,2.5768173200,2.5600847400,2.5684510300,504800
2019-03-25 14:00:00,2.5684510300,2.5684510300,2.5600847400,2.5600847400,608500
2019-03-25 14:15:00,2.5600847400,2.5768173200,2.5517184500,2.5600847400,1040322
2019-03-25 14:30:00,2.5600847400,2.5684510300,2.5517184500,2.5600847400,564343
2019-03-25 14:45:00,2.5600847400,2.5684510300,2.5517184500,2.5517184500,1154470
2019-03-25 15:00:00,2.5600847400,2.5684510300,2.5517184500,2.5517184500,2061141
2019-03-26 09:45:00,2.5684510300,2.5684510300,2.5433521600,2.5517184500,2556841
2019-03-26 10:00:00,2.5517184500,2.5600847400,2.5266195800,2.5266195800,2868600
2019-03-26 10:15:00,2.5266195800,2.5433521600,2.5182532900,2.5433521600,1668833
2019-03-26 10:30:00,2.5349858700,2.5433521600,2.5266195800,2.5266195800,909300
2019-03-26 10:45:00,2.5349858700,2.5433521600,2.5266195800,2.5349858700,1112201
2019-03-26 11:00:00,2.5349858700,2.5349858700,2.5266195800,2.5266195800,771200
2019-03-26 11:15:00,2.5266195800,2.5349858700,2.5182532900,2.5266195800,1642700
2019-03-26 11:30:00,2.5182532900,2.5266195800,2.5098870000,2.5098870000,2302567
2019-03-26 13:15:00,2.5098870000,2.5182532900,2.5015207100,2.5015207100,2750200
2019-03-26 13:30:00,2.5015207100,2.5266195800,2.5015207100,2.5182532900,3184500
2019-03-26 13:45:00,2.5266195800,2.5433521600,2.5098870000,2.5098870000,2648600
2019-03-26 14:00:00,2.5098870000,2.5182532900,2.5098870000,2.5182532900,875046
2019-03-26 14:15:00,2.5098870000,2.5182532900,2.5015207100,2.5098870000,1093954
2019-03-26 14:30:00,2.5015207100,2.5182532900,2.5015207100,2.5182532900,880600
2019-03-26 14:45:00,2.5015207100,2.5182532900,2.5015207100,2.5182532900,1441701
2019-03-26 15:00:00,2.5098870000,2.5182532900,2.5015207100,2.5015207100,1810211
2019-03-27 09:45:00,2.5182532900,2.5266195800,2.4931544200,2.5098870000,3436600
2019-03-27 10:00:00,2.5098870000,2.5182532900,2.5015207100,2.5098870000,1001800
2019-03-27 10:15:00,2.5098870000,2.5182532900,2.4931544200,2.4931544200,2624800
2019-03-27 10:30:00,2.5015207100,2.5098870000,2.4931544200,2.5015207100,1136000
2019-03-27 10:45:00,2.5098870000,2.5098870000,2.4931544200,2.5015207100,1000500
2019-03-27 11:00:00,2.5015207100,2.5098870000,2.4931544200,2.5098870000,768800
2019-03-27 11:15:00,2.5015207100,2.5098870000,2.4931544200,2.5015207100,562100
2019-03-27 11:30:00,2.4931544200,2.5098870000,2.4931544200,2.4931544200,596700
2019-03-27 13:15:00,2.5015207100,2.5098870000,2.4931544200,2.4931544200,839400
2019-03-27 13:30:00,2.5015207100,2.5098870000,2.4931544200,2.5098870000,763034
2019-03-27 13:45:00,2.5015207100,2.5098870000,2.4931544200,2.5015207100,684713
2019-03-27 14:00:00,2.4931544200,2.5015207100,2.4931544200,2.5015207100,433126
2019-03-27 14:15:00,2.5015207100,2.5098870000,2.4931544200,2.5098870000,1435112
2019-03-27 14:30:00,2.5098870000,2.5098870000,2.4931544200,2.4931544200,672200
2019-03-27 14:45:00,2.5015207100,2.5015207100,2.4764218400,2.4764218400,2155800
2019-03-27 15:00:00,2.4847881300,2.4931544200,2.4764218400,2.4931544200,2257027
2019-03-28 09:45:00,2.4931544200,2.4931544200,2.4513229700,2.4680555500,2557800
2019-03-28 10:00:00,2.4680555500,2.4764218400,2.4513229700,2.4680555500,1740300
2019-03-28 10:15:00,2.4764218400,2.4847881300,2.4680555500,2.4764218400,1251700
2019-03-28 10:30:00,2.4764218400,2.5015207100,2.4680555500,2.4847881300,1787400
2019-03-28 10:45:00,2.4847881300,2.5015207100,2.4764218400,2.5015207100,1482400
2019-03-28 11:00:00,2.5015207100,2.5517184500,2.4931544200,2.5349858700,5919336
2019-03-28 11:15:00,2.5349858700,2.6102824800,2.5266195800,2.5768173200,8684001
2019-03-28 11:30:00,2.5684510300,2.5768173200,2.5517184500,2.5684510300,1626811
2019-03-28 13:15:00,2.5684510300,2.5684510300,2.5349858700,2.5600847400,1888999
2019-03-28 13:30:00,2.5600847400,2.5684510300,2.5433521600,2.5600847400,2077400
2019-03-28 13:45:00,2.5600847400,2.5600847400,2.5433521600,2.5433521600,731300
2019-03-28 14:00:00,2.5433521600,2.5517184500,2.5349858700,2.5433521600,467200
2019-03-28 14:15:00,2.5349858700,2.5433521600,2.5266195800,2.5349858700,856100
2019-03-28 14:30:00,2.5349858700,2.5433521600,2.5266195800,2.5349858700,649300
2019-03-28 14:45:00,2.5349858700,2.5349858700,2.5266195800,2.5349858700,565735
2019-03-28 15:00:00,2.5349858700,2.5349858700,2.5182532900,2.5266195800,1444966
2019-03-29 09:45:00,2.5098870000,2.5182532900,2.4764218400,2.4931544200,4810592
2019-03-29 10:00:00,2.4931544200,2.5015207100,2.4847881300,2.4931544200,2313401
2019-03-29 10:15:00,2.5015207100,2.5182532900,2.4931544200,2.5098870000,1185601
2019-03-29 10:30:00,2.5098870000,2.5266195800,2.5098870000,2.5266195800,964800
2019-03-29 10:45:00,2.5266195800,2.5349858700,2.5182532900,2.5349858700,2238100
2019-03-29 11:00:00,2.5349858700,2.5433521600,2.5182532900,2.5433521600,1629829
2019-03-29 11:15:00,2.5433521600,2.5600847400,2.5349858700,2.5517184500,2455500
2019-03-29 11:30:00,2.5517184500,2.5600847400,2.5433521600,2.5517184500,1812300
2019-03-29 13:15:00,2.5517184500,2.5600847400,2.5433521600,2.5517184500,748600
2019-03-29 13:30:00,2.5517184500,2.5517184500,2.5433521600,2.5517184500,810600
2019-03-29 13:45:00,2.5433521600,2.5517184500,2.5349858700,2.5349858700,1226900
2019-03-29 14:00:00,2.5349858700,2.5517184500,2.5349858700,2.5517184500,1381800
2019-03-29 14:15:00,2.5517184500,2.5517184500,2.5349858700,2.5433521600,1821657
2019-03-29 14:30:00,2.5349858700,2.5600847400,2.5349858700,2.5600847400,2688802
2019-03-29 14:45:00,2.5600847400,2.5600847400,2.5517184500,2.5600847400,1646700
2019-03-29 15:00:00,2.5600847400,2.5684510300,2.5517184500,2.5684510300,2793441
2019-04-01 09:45:00,2.5768173200,2.6102824800,2.5684510300,2.6102824800,4730202
2019-04-01 10:00:00,2.6102824800,2.6186487700,2.5935499000,2.6186487700,4621300
2019-04-01 10:15:00,2.6186487700,2.6353813500,2.6102824800,2.6186487700,4156951
2019-04-01 10:30:00,2.6270150600,2.6437476400,2.6102824800,2.6437476400,6009006
2019-04-01 10:45:00,2.6437476400,2.6604802200,2.6270150600,2.6270150600,3864380
2019-04-01 11:00:00,2.6353813500,2.6521139300,2.6270150600,2.6353813500,1895910
2019-04-01 11:15:00,2.6353813500,2.6604802200,2.6270150600,2.6437476400,4502166
2019-04-01 11:30:00,2.6437476400,2.6521139300,2.6353813500,2.6353813500,1530500
2019-04-01 13:15:00,2.6437476400,2.6521139300,2.6353813500,2.6353813500,1610200
2019-04-01 13:30:00,2.6353813500,2.6437476400,2.6353813500,2.6353813500,1553400
2019-04-01 13:45:00,2.6353813500,2.6521139300,2.6353813500,2.6437476400,2525400
2019-04-01 14:00:00,2.6437476400,2.6437476400,2.6353813500,2.6353813500,1331700
2019-04-01 14:15:00,2.6353813500,2.6353813500,2.6186487700,2.6186487700,1684821
2019-04-01 14:30:00,2.6186487700,2.6437476400,2.6186487700,2.6270150600,2819800
2019-04-01 14:45:00,2.6270150600,2.6437476400,2.6270150600,2.6353813500,1544000
2019-04-01 15:00:00,2.6353813500,2.6437476400,2.6270150600,2.6353813500,3657214
2019-04-02 09:45:00,2.6437476400,2.6688465100,2.6353813500,2.6521139300,6521000
2019-04-02 10:00:00,2.6521139300,2.6604802200,2.6353813500,2.6521139300,3858096
2019-04-02 10:15:00,2.6437476400,2.6521139300,2.6353813500,2.6437476400,2646500
2019-04-02 10:30:00,2.6353813500,2.6437476400,2.6270150600,2.6437476400,1740700
2019-04-02 10:45:00,2.6353813500,2.6437476400,2.6270150600,2.6270150600,1375414
2019-04-02 11:00:00,2.6270150600,2.6353813500,2.6186487700,2.6270150600,1988505
2019-04-02 11:15:00,2.6270150600,2.6353813500,2.6186487700,2.6353813500,926400
2019-04-02 11:30:00,2.6353813500,2.6353813500,2.6270150600,2.6270150600,1202800
2019-04-02 13:15:00,2.6353813500,2.6437476400,2.6270150600,2.6353813500,2032906
2019-04-02 13:30:00,2.6353813500,2.6437476400,2.6270150600,2.6353813500,1892950
2019-04-02 13:45:00,2.6353813500,2.6353813500,2.6270150600,2.6353813500,1188700
2019-04-02 14:00:00,2.6353813500,2.6353813500,2.6102824800,2.6186487700,2566364
2019-04-02 14:15:00,2.6186487700,2.6270150600,2.6102824800,2.6270150600,967800
2019-04-02 14:30:00,2.6186487700,2.6270150600,2.6102824800,2.6270150600,762400
2019-04-02 14:45:00,2.6270150600,2.6270150600,2.6102824800,2.6102824800,1694300
2019-04-02 15:00:00,2.6102824800,2.6270150600,2.6102824800,2.6186487700,1597517
2019-04-03 09:45:00,2.6186487700,2.6437476400,2.6019161900,2.6353813500,3453300
2019-04-03 10:00:00,2.6353813500,2.7274105400,2.6270150600,2.7190442500,16501961
2019-04-03 10:15:00,2.7190442500,2.7190442500,2.6772128000,2.7106779600,8001597
2019-04-03 10:30:00,2.7106779600,2.7525094100,2.6939453800,2.7357768300,14170585
2019-04-03 10:45:00,2.7441431200,2.7441431200,2.7190442500,2.7357768300,6435000
2019-04-03 11:00:00,2.7357768300,2.8278060200,2.7357768300,2.7776082800,14424601
2019-04-03 11:15:00,2.7859745700,2.7943408600,2.7608757000,2.7776082800,3589500
2019-04-03 11:30:00,2.7776082800,2.7859745700,2.7608757000,2.7608757000,2671800
2019-04-03 13:15:00,2.7692419900,2.8780037600,2.7692419900,2.8780037600,36497557
2019-04-03 13:30:00,2.8780037600,2.8780037600,2.8780037600,2.8780037600,3126779
2019-04-03 13:45:00,2.8780037600,2.8780037600,2.8780037600,2.8780037600,3045012
2019-04-03 14:00:00,2.8780037600,2.8780037600,2.8780037600,2.8780037600,2096610
2019-04-03 14:15:00,2.8780037600,2.8780037600,2.8780037600,2.8780037600,1371530
2019-04-03 14:30:00,2.8780037600,2.8780037600,2.8780037600,2.8780037600,580565
2019-04-03 14:45:00,2.8780037600,2.8780037600,2.8780037600,2.8780037600,1215100
2019-04-03 15:00:00,2.8780037600,2.8780037600,2.8780037600,2.8780037600,968870
2019-04-04 09:45:00,3.1457250400,3.1624576200,2.9114689200,3.0536958500,106504957
2019-04-04 10:00:00,3.0620621400,3.0620621400,2.9783992400,2.9783992400,19774258
2019-04-04 10:15:00,2.9867655300,3.0202306900,2.9365677900,2.9700329500,16005800
2019-04-04 10:30:00,2.9700329500,3.0118644000,2.9616666600,3.0034981100,7196686
2019-04-04 10:45:00,3.0034981100,3.0118644000,2.9616666600,2.9700329500,5441299
2019-04-04 11:00:00,2.9700329500,3.0034981100,2.9365677900,2.9783992400,6735958
2019-04-04 11:15:00,2.9700329500,3.0034981100,2.9533003700,2.9783992400,4044601
2019-04-04 11:30:00,2.9867655300,3.0034981100,2.9700329500,3.0034981100,2846907
2019-04-04 13:15:00,3.0034981100,3.0118644000,2.9783992400,2.9783992400,3356510
2019-04-04 13:30:00,2.9783992400,3.0202306900,2.9783992400,3.0118644000,3003837
2019-04-04 13:45:00,3.0202306900,3.0285969800,3.0034981100,3.0118644000,4362150
2019-04-04 14:00:00,3.0118644000,3.0202306900,2.9951318200,3.0034981100,2130301
2019-04-04 14:15:00,3.0118644000,3.0118644000,2.9951318200,2.9951318200,1830900
2019-04-04 14:30:00,3.0034981100,3.0536958500,2.9951318200,3.0202306900,8377433
2019-04-04 14:45:00,3.0285969800,3.0285969800,2.9783992400,2.9867655300,4079901
2019-04-04 15:00:00,2.9951318200,3.0285969800,2.9867655300,3.0202306900,10201610
2019-04-08 09:45:00,2.8445386000,2.9282015000,2.8445386000,2.8445386000,35684000
2019-04-08 10:00:00,2.8445386000,2.9031026300,2.8445386000,2.8863700500,10493751
2019-04-08 10:15:00,2.8863700500,2.8947363400,2.8445386000,2.8529048900,11808173
2019-04-08 10:30:00,2.8529048900,2.8612711800,2.8110734400,2.8278060200,18197376
2019-04-08 10:45:00,2.8361723100,2.8529048900,2.8110734400,2.8361723100,8538237
2019-04-08 11:00:00,2.8361723100,2.8529048900,2.8278060200,2.8529048900,5116600
2019-04-08 11:15:00,2.8445386000,2.8529048900,2.8278060200,2.8361723100,3596700
2019-04-08 11:30:00,2.8361723100,2.8361723100,2.8027071500,2.8194397300,8024300
2019-04-08 13:15:00,2.8194397300,2.8278060200,2.8027071500,2.8278060200,4661667
2019-04-08 13:30:00,2.8278060200,2.8278060200,2.8027071500,2.8194397300,4684500
2019-04-08 13:45:00,2.8194397300,2.8445386000,2.7943408600,2.8361723100,6170522
2019-04-08 14:00:00,2.8361723100,2.8361723100,2.8110734400,2.8361723100,2925700
2019-04-08 14:15:00,2.8361723100,2.8445386000,2.8278060200,2.8445386000,3208848
2019-04-08 14:30:00,2.8445386000,2.8612711800,2.8361723100,2.8529048900,4109979
2019-04-08 14:45:00,2.8612711800,2.8780037600,2.8529048900,2.8612711800,5301000
2019-04-08 15:00:00,2.8612711800,2.8696374700,2.8194397300,2.8445386000,9079305
2019-04-09 09:45:00,2.8194397300,2.8445386000,2.7692419900,2.7776082800,12077500
2019-04-09 10:00:00,2.7776082800,2.8194397300,2.7776082800,2.8110734400,5979741
2019-04-09 10:15:00,2.8110734400,2.8194397300,2.7859745700,2.7943408600,4884060
2019-04-09 10:30:00,2.7943408600,2.8027071500,2.7859745700,2.7943408600,2574800
2019-04-09 10:45:00,2.7943408600,2.8361723100,2.7859745700,2.8194397300,4027816
2019-04-09 11:00:00,2.8194397300,2.8445386000,2.8194397300,2.8361723100,3520301
2019-04-09 11:15:00,2.8361723100,2.8361723100,2.8110734400,2.8194397300,2253200
2019-04-09 11:30:00,2.8110734400,2.8361723100,2.8110734400,2.8278060200,1136500
2019-04-09 13:15:00,2.8278060200,2.8361723100,2.8194397300,2.8194397300,1203900
2019-04-09 13:30:00,2.8194397300,2.8194397300,2.8027071500,2.8027071500,2464600
2019-04-09 13:45:00,2.8027071500,2.8110734400,2.7943408600,2.8027071500,2827700
2019-04-09 14:00:00,2.8027071500,2.8194397300,2.8027071500,2.8194397300,2158800
2019-04-09 14:15:00,2.8110734400,2.8194397300,2.7943408600,2.8027071500,3184200
2019-04-09 14:30:00,2.8027071500,2.8027071500,2.7776082800,2.8027071500,6369300
2019-04-09 14:45:00,2.8027071500,2.8027071500,2.7859745700,2.7943408600,4931017
2019-04-09 15:00:00,2.7859745700,2.8110734400,2.7859745700,2.7943408600,4313609
2019-04-10 09:45:00,2.7692419900,2.7943408600,2.7608757000,2.7608757000,6510600
2019-04-10 10:00:00,2.7608757000,2.7692419900,2.7441431200,2.7608757000,5001500
2019-04-10 10:15:00,2.7525094100,2.7692419900,2.7525094100,2.7525094100,2689300
2019-04-10 10:30:00,2.7525094100,2.7692419900,2.7525094100,2.7608757000,2616200
2019-04-10 10:45:00,2.7608757000,2.7608757000,2.7441431200,2.7525094100,3598400
2019-04-10 11:00:00,2.7525094100,2.7692419900,2.7525094100,2.7525094100,2420498
2019-04-10 11:15:00,2.7525094100,2.7776082800,2.7525094100,2.7692419900,2208300
2019-04-10 11:30:00,2.7608757000,2.7692419900,2.7608757000,2.7608757000,753400
2019-04-10 13:15:00,2.7692419900,2.7859745700,2.7608757000,2.7859745700,3800200
2019-04-10 13:30:00,2.7859745700,2.7859745700,2.7608757000,2.7608757000,2635800
2019-04-10 13:45:00,2.7692419900,2.7692419900,2.7525094100,2.7525094100,2601700
2019-04-10 14:00:00,2.7525094100,2.7608757000,2.7441431200,2.7525094100,2930201
2019-04-10 14:15:00,2.7525094100,2.7692419900,2.7525094100,2.7608757000,3303244
2019-04-10 14:30:00,2.7608757000,2.7859745700,2.7608757000,2.7692419900,4045100
2019-04-10 14:45:00,2.7692419900,2.7776082800,2.7525094100,2.7525094100,4694710
2019-04-10 15:00:00,2.7525094100,2.7608757000,2.7441431200,2.7608757000,4715672
2019-04-11 09:45:00,2.7608757000,2.7776082800,2.7525094100,2.7525094100,4563126
2019-04-11 10:00:00,2.7608757000,2.8194397300,2.7525094100,2.8110734400,12391900
2019-04-11 10:15:00,2.8027071500,2.8110734400,2.7776082800,2.7776082800,4935500
2019-04-11 10:30:00,2.7859745700,2.7943408600,2.7776082800,2.7859745700,1905500
2019-04-11 10:45:00,2.7859745700,2.7859745700,2.7692419900,2.7692419900,1809200
2019-04-11 11:00:00,2.7692419900,2.7859745700,2.7692419900,2.7776082800,1618502
2019-04-11 11:15:00,2.7776082800,2.7776082800,2.7608757000,2.7608757000,2240598
2019-04-11 11:30:00,2.7692419900,2.7692419900,2.7525094100,2.7525094100,2504600
2019-04-11 13:15:00,2.7525094100,2.7692419900,2.7525094100,2.7692419900,1040000
2019-04-11 13:30:00,2.7692419900,2.7692419900,2.7608757000,2.7608757000,1514900
2019-04-11 13:45:00,2.7608757000,2.7776082800,2.7525094100,2.7608757000,2112700
2019-04-11 14:00:00,2.7525094100,2.7692419900,2.7525094100,2.7692419900,1530786
2019-04-11 14:15:00,2.7692419900,2.7692419900,2.7608757000,2.7692419900,863900
2019-04-11 14:30:00,2.7692419900,2.7692419900,2.7608757000,2.7608757000,714900
2019-04-11 14:45:00,2.7608757000,2.7692419900,2.7357768300,2.7441431200,6080614
2019-04-11 15:00:00,2.7441431200,2.7525094100,2.7274105400,2.7274105400,4560065
2019-04-12 09:45:00,2.7357768300,2.7776082800,2.7357768300,2.7692419900,6626563
2019-04-12 10:00:00,2.7692419900,2.7692419900,2.7357768300,2.7525094100,2411537
2019-04-12 10:15:00,2.7525094100,2.7525094100,2.7357768300,2.7357768300,2075000
2019-04-12 10:30:00,2.7357768300,2.7525094100,2.7106779600,2.7106779600,3526800
2019-04-12 10:45:00,2.7106779600,2.7190442500,2.6855790900,2.7106779600,6770710
2019-04-12 11:00:00,2.7106779600,2.7190442500,2.6939453800,2.7106779600,1925700
2019-04-12 11:15:00,2.7106779600,2.7190442500,2.7023116700,2.7190442500,2099600
2019-04-12 11:30:00,2.7190442500,2.7190442500,2.7023116700,2.7023116700,812800
2019-04-12 13:15:00,2.7106779600,2.7106779600,2.6939453800,2.7106779600,1254001
2019-04-12 13:30:00,2.7106779600,2.7190442500,2.6939453800,2.7023116700,1065300
2019-04-12 13:45:00,2.7023116700,2.7106779600,2.6939453800,2.6939453800,971200
2019-04-12 14:00:00,2.6939453800,2.7023116700,2.6939453800,2.6939453800,714827
2019-04-12 14:15:00,2.6939453800,2.7023116700,2.6939453800,2.6939453800,1305000
2019-04-12 14:30:00,2.6939453800,2.7190442500,2.6939453800,2.7106779600,2400423
2019-04-12 14:45:00,2.7106779600,2.7357768300,2.7023116700,2.7106779600,2976163
2019-04-12 15:00:00,2.7106779600,2.7190442500,2.7023116700,2.7023116700,4094500
2019-04-15 09:45:00,2.7357768300,2.7608757000,2.7274105400,2.7357768300,6225900
2019-04-15 10:00:00,2.7357768300,2.7692419900,2.7274105400,2.7441431200,6262600
2019-04-15 10:15:00,2.7525094100,2.7859745700,2.7441431200,2.7692419900,8461209
2019-04-15 10:30:00,2.7608757000,2.7776082800,2.7525094100,2.7525094100,2768091
2019-04-15 10:45:00,2.7525094100,2.7692419900,2.7441431200,2.7608757000,2607609
2019-04-15 11:00:00,2.7525094100,2.7608757000,2.7441431200,2.7525094100,1230400
2019-04-15 11:15:00,2.7441431200,2.7525094100,2.7441431200,2.7441431200,1237910
2019-04-15 11:30:00,2.7441431200,2.7525094100,2.7357768300,2.7441431200,1427990
2019-04-15 13:15:00,2.7441431200,2.7441431200,2.7357768300,2.7357768300,1365800
2019-04-15 13:30:00,2.7357768300,2.7525094100,2.7357768300,2.7357768300,1141901
2019-04-15 13:45:00,2.7357768300,2.7525094100,2.7357768300,2.7357768300,1197200
2019-04-15 14:00:00,2.7357768300,2.7441431200,2.7190442500,2.7274105400,2647400
2019-04-15 14:15:00,2.7274105400,2.7357768300,2.7190442500,2.7274105400,1479400
2019-04-15 14:30:00,2.7274105400,2.7357768300,2.7106779600,2.7106779600,1821000
2019-04-15 14:45:00,2.7106779600,2.7274105400,2.7106779600,2.7106779600,1976800
2019-04-15 15:00:00,2.7106779600,2.7274105400,2.6939453800,2.7190442500,4252301
2019-04-16 09:45:00,2.7106779600,2.7106779600,2.6855790900,2.7106779600,3378502
2019-04-16 10:00:00,2.7023116700,2.7190442500,2.6939453800,2.6939453800,3074878
2019-04-16 10:15:00,2.6939453800,2.7023116700,2.6772128000,2.6855790900,2366848
2019-04-16 10:30:00,2.6855790900,2.7190442500,2.6855790900,2.7106779600,2587352
2019-04-16 10:45:00,2.7106779600,2.7190442500,2.7106779600,2.7190442500,1341900
2019-04-16 11:00:00,2.7190442500,2.7357768300,2.7106779600,2.7190442500,1800000
2019-04-16 11:15:00,2.7190442500,2.7274105400,2.7023116700,2.7106779600,1687900
2019-04-16 11:30:00,2.7023116700,2.7692419900,2.7023116700,2.7525094100,4957982
2019-04-16 13:15:00,2.7525094100,2.7692419900,2.7525094100,2.7608757000,5358100
2019-04-16 13:30:00,2.7608757000,2.7692419900,2.7525094100,2.7608757000,3581300
2019-04-16 13:45:00,2.7608757000,2.7692419900,2.7525094100,2.7608757000,3135300
2019-04-16 14:00:00,2.7608757000,2.7692419900,2.7608757000,2.7692419900,1864300
2019-04-16 14:15:00,2.7608757000,2.8110734400,2.7608757000,2.8027071500,10222604
2019-04-16 14:30:00,2.8027071500,2.8194397300,2.7859745700,2.7859745700,4233559
2019-04-16 14:45:00,2.7943408600,2.8027071500,2.7859745700,2.8027071500,3302043
2019-04-16 15:00:00,2.8027071500,2.8110734400,2.7943408600,2.8027071500,4778330
2019-04-17 09:45:00,2.8110734400,2.8110734400,2.7776082800,2.7859745700,6035323
2019-04-17 10:00:00,2.7859745700,2.7943408600,2.7776082800,2.7776082800,3397517
2019-04-17 10:15:00,2.7776082800,2.7943408600,2.7776082800,2.7776082800,4523000
2019-04-17 10:30:00,2.7776082800,2.7859745700,2.7692419900,2.7692419900,4092700
2019-04-17 10:45:00,2.7692419900,2.7776082800,2.7608757000,2.7776082800,2769373
2019-04-17 11:00:00,2.7692419900,2.7776082800,2.7608757000,2.7608757000,2710451
2019-04-17 11:15:00,2.7608757000,2.7692419900,2.7525094100,2.7525094100,3086976
2019-04-17 11:30:00,2.7525094100,2.7692419900,2.7525094100,2.7608757000,2283749
2019-04-17 13:15:00,2.7608757000,2.7776082800,2.7608757000,2.7692419900,1324200
2019-04-17 13:30:00,2.7692419900,2.7776082800,2.7608757000,2.7692419900,1714800
2019-04-17 13:45:00,2.7692419900,2.7776082800,2.7608757000,2.7608757000,1808886
2019-04-17 14:00:00,2.7608757000,2.7776082800,2.7608757000,2.7608757000,1734800
2019-04-17 14:15:00,2.7608757000,2.7776082800,2.7608757000,2.7692419900,2000000
2019-04-17 14:30:00,2.7608757000,2.7692419900,2.7441431200,2.7608757000,3636714
2019-04-17 14:45:00,2.7525094100,2.7608757000,2.7441431200,2.7608757000,2192700
2019-04-17 15:00:00,2.7608757000,2.7692419900,2.7525094100,2.7692419900,3629700
2019-04-18 09:45:00,2.7608757000,2.7692419900,2.7190442500,2.7357768300,6248200
2019-04-18 10:00:00,2.7441431200,2.7525094100,2.7357768300,2.7441431200,1681200
2019-04-18 10:15:00,2.7441431200,2.7441431200,2.7274105400,2.7274105400,1901700
2019-04-18 10:30:00,2.7274105400,2.7441431200,2.7274105400,2.7441431200,1026300
2019-04-18 10:45:00,2.7441431200,2.7441431200,2.7274105400,2.7357768300,1590750
2019-04-18 11:00:00,2.7357768300,2.7441431200,2.7274105400,2.7357768300,2186900
2019-04-18 11:15:00,2.7357768300,2.7441431200,2.7274105400,2.7274105400,1119250
2019-04-18 11:30:00,2.7274105400,2.7357768300,2.7274105400,2.7357768300,1509000
2019-04-18 13:15:00,2.7357768300,2.7357768300,2.7190442500,2.7274105400,1611400
2019-04-18 13:30:00,2.7274105400,2.7357768300,2.7190442500,2.7190442500,1471500
2019-04-18 13:45:00,2.7190442500,2.7274105400,2.7190442500,2.7274105400,1338378
2019-04-18 14:00:00,2.7274105400,2.7357768300,2.7190442500,2.7190442500,1207900
2019-04-18 14:15:00,2.7190442500,2.7357768300,2.7190442500,2.7274105400,1063765
2019-04-18 14:30:00,2.7274105400,2.7357768300,2.7190442500,2.7274105400,1358535
2019-04-18 14:45:00,2.7190442500,2.7274105400,2.7106779600,2.7190442500,3104822
2019-04-18 15:00:00,2.7106779600,2.7190442500,2.7106779600,2.7106779600,4549200
2019-04-19 09:45:00,2.7190442500,2.7357768300,2.7106779600,2.7274105400,2251878
2019-04-19 10:00:00,2.7274105400,2.7441431200,2.7190442500,2.7274105400,2861139
2019-04-19 10:15:00,2.7274105400,2.7357768300,2.7106779600,2.7190442500,2438161
2019-04-19 10:30:00,2.7190442500,2.7190442500,2.6939453800,2.7023116700,2388600
2019-04-19 10:45:00,2.7023116700,2.7023116700,2.6939453800,2.6939453800,1982300
2019-04-19 11:00:00,2.6939453800,2.7023116700,2.6855790900,2.6939453800,1642400
2019-04-19 11:15:00,2.6939453800,2.7023116700,2.6855790900,2.6939453800,1039900
2019-04-19 11:30:00,2.6939453800,2.7023116700,2.6939453800,2.7023116700,906600
2019-04-19 13:15:00,2.7023116700,2.7023116700,2.6855790900,2.6939453800,2379400
2019-04-19 13:30:00,2.6939453800,2.7023116700,2.6855790900,2.6939453800,1336500
2019-04-19 13:45:00,2.6939453800,2.7023116700,2.6939453800,2.6939453800,648200
2019-04-19 14:00:00,2.6939453800,2.7023116700,2.6855790900,2.6939453800,1510000
2019-04-19 14:15:00,2.6939453800,2.7023116700,2.6855790900,2.7023116700,2178400
2019-04-19 14:30:00,2.7023116700,2.7106779600,2.6939453800,2.6939453800,2183620
2019-04-19 14:45:00,2.7023116700,2.7106779600,2.6939453800,2.6939453800,2475700
2019-04-19 15:00:00,2.6939453800,2.7190442500,2.6939453800,2.7190442500,2140276
2019-04-22 09:45:00,2.7274105400,2.7441431200,2.7190442500,2.7357768300,4242800
2019-04-22 10:00:00,2.7357768300,2.7608757000,2.7274105400,2.7441431200,4132900
2019-04-22 10:15:00,2.7441431200,2.7525094100,2.7357768300,2.7357768300,2563700
2019-04-22 10:30:00,2.7441431200,2.7441431200,2.7274105400,2.7274105400,1926200
2019-04-22 10:45:00,2.7274105400,2.7441431200,2.7274105400,2.7357768300,1699720
2019-04-22 11:00:00,2.7441431200,2.7441431200,2.7274105400,2.7274105400,1506900
2019-04-22 11:15:00,2.7357768300,2.7441431200,2.7274105400,2.7274105400,1960600
2019-04-22 11:30:00,2.7357768300,2.7357768300,2.7190442500,2.7190442500,2066900
2019-04-22 13:15:00,2.7274105400,2.7274105400,2.7190442500,2.7274105400,1259700
2019-04-22 13:30:00,2.7274105400,2.7357768300,2.7274105400,2.7274105400,931500
2019-04-22 13:45:00,2.7274105400,2.7357768300,2.7190442500,2.7274105400,1103800
2019-04-22 14:00:00,2.7274105400,2.7274105400,2.7190442500,2.7274105400,1009601
2019-04-22 14:15:00,2.7274105400,2.7274105400,2.7190442500,2.7274105400,658700
2019-04-22 14:30:00,2.7274105400,2.7274105400,2.7190442500,2.7190442500,965210
2019-04-22 14:45:00,2.7274105400,2.7274105400,2.7023116700,2.7106779600,4035700
2019-04-22 15:00:00,2.7023116700,2.7190442500,2.6855790900,2.7190442500,3341500
2019-04-23 09:45:00,2.6939453800,2.7106779600,2.6855790900,2.6939453800,3845649
2019-04-23 10:00:00,2.6939453800,2.7106779600,2.6855790900,2.6939453800,2093000
2019-04-23 10:15:00,2.6939453800,2.7023116700,2.6939453800,2.6939453800,1448238
2019-04-23 10:30:00,2.6939453800,2.7274105400,2.6939453800,2.7190442500,2767600
2019-04-23 10:45:00,2.7190442500,2.7274105400,2.7023116700,2.7023116700,2662901
2019-04-23 11:00:00,2.7023116700,2.7190442500,2.7023116700,2.7023116700,2606122
2019-04-23 11:15:00,2.7023116700,2.7190442500,2.7023116700,2.7023116700,1115551
2019-04-23 11:30:00,2.7023116700,2.7190442500,2.7023116700,2.7190442500,1340988
2019-04-23 13:15:00,2.7525094100,2.7776082800,2.7274105400,2.7692419900,14320770
2019-04-23 13:30:00,2.7692419900,2.7943408600,2.7525094100,2.7943408600,7665007
2019-04-23 13:45:00,2.7943408600,2.8194397300,2.7859745700,2.8027071500,9508456
2019-04-23 14:00:00,2.7943408600,2.8027071500,2.7776082800,2.7859745700,2950270
2019-04-23 14:15:00,2.7859745700,2.7943408600,2.7692419900,2.7776082800,2450362
2019-04-23 14:30:00,2.7859745700,2.7859745700,2.7692419900,2.7776082800,2199027
2019-04-23 14:45:00,2.7692419900,2.7776082800,2.7608757000,2.7692419900,3467298
2019-04-23 15:00:00,2.7608757000,2.7776082800,2.7525094100,2.7776082800,8504040
2019-04-24 09:45:00,2.7859745700,2.8361723100,2.7859745700,2.8027071500,19764951
2019-04-24 10:00:00,2.8027071500,2.8194397300,2.7943408600,2.7943408600,6508100
2019-04-24 10:15:00,2.8027071500,2.8612711800,2.7943408600,2.8529048900,18474491
2019-04-24 10:30:00,2.8529048900,2.9616666600,2.8361723100,2.9365677900,34446837
2019-04-24 10:45:00,2.9282015000,2.9365677900,2.9031026300,2.9114689200,9745051
2019-04-24 11:00:00,2.9031026300,2.9198352100,2.8947363400,2.9031026300,4568229
2019-04-24 11:15:00,2.9031026300,2.9198352100,2.8863700500,2.9114689200,5257471
2019-04-24 11:30:00,2.9031026300,2.9114689200,2.8780037600,2.8863700500,4016700
2019-04-24 13:15:00,2.8863700500,2.9198352100,2.8863700500,2.9114689200,5306401
2019-04-24 13:30:00,2.9114689200,2.9198352100,2.8947363400,2.9031026300,1976328
2019-04-24 13:45:00,2.9031026300,2.9114689200,2.8947363400,2.9114689200,2267300
2019-04-24 14:00:00,2.9114689200,2.9365677900,2.9031026300,2.9198352100,8225401
2019-04-24 14:15:00,2.9282015000,2.9449340800,2.9031026300,2.9114689200,7099482
2019-04-24 14:30:00,2.9114689200,2.9198352100,2.8863700500,2.8863700500,4705989
2019-04-24 14:45:00,2.8863700500,2.8947363400,2.8529048900,2.8863700500,10665501
2019-04-24 15:00:00,2.8863700500,2.9031026300,2.8780037600,2.9031026300,7144112
2019-04-25 09:45:00,2.8696374700,2.9282015000,2.8445386000,2.8863700500,17927200
2019-04-25 10:00:00,2.8947363400,2.9031026300,2.8612711800,2.8612711800,5778700
2019-04-25 10:15:00,2.8696374700,2.8780037600,2.8612711800,2.8612711800,4095911
2019-04-25 10:30:00,2.8612711800,2.8947363400,2.8612711800,2.8863700500,3281000
2019-04-25 10:45:00,2.8780037600,2.8863700500,2.8612711800,2.8863700500,3744800
2019-04-25 11:00:00,2.8863700500,2.8947363400,2.8780037600,2.8863700500,2105800
2019-04-25 11:15:00,2.8780037600,2.8863700500,2.8696374700,2.8780037600,1218872
2019-04-25 11:30:00,2.8780037600,2.8780037600,2.8612711800,2.8696374700,1196900
2019-04-25 13:15:00,2.8612711800,2.8696374700,2.8278060200,2.8278060200,4711376
2019-04-25 13:30:00,2.8278060200,2.8445386000,2.8110734400,2.8361723100,5102427
2019-04-25 13:45:00,2.8361723100,2.8445386000,2.8110734400,2.8194397300,2466800
2019-04-25 14:00:00,2.8194397300,2.8278060200,2.7943408600,2.8027071500,4171025
2019-04-25 14:15:00,2.8027071500,2.8194397300,2.7943408600,2.7943408600,2911267
2019-04-25 14:30:00,2.8027071500,2.8110734400,2.7776082800,2.7943408600,6089002
2019-04-25 14:45:00,2.8027071500,2.8110734400,2.7776082800,2.8027071500,4896482
2019-04-25 15:00:00,2.8027071500,2.8027071500,2.7776082800,2.7859745700,4705416
2019-04-26 09:45:00,2.7692419900,2.8027071500,2.7608757000,2.7859745700,8512319
2019-04-26 10:00:00,2.7859745700,2.8445386000,2.7776082800,2.8361723100,6318805
2019-04-26 10:15:00,2.8445386000,2.8445386000,2.8027071500,2.8027071500,3615800
2019-04-26 10:30:00,2.8027071500,2.8194397300,2.7943408600,2.7943408600,1819500
2019-04-26 10:45:00,2.7943408600,2.8027071500,2.7776082800,2.7776082800,2641400
2019-04-26 11:00:00,2.7859745700,2.8027071500,2.7776082800,2.7776082800,1574302
2019-04-26 11:15:00,2.7776082800,2.7943408600,2.7692419900,2.7859745700,2056800
2019-04-26 11:30:00,2.7859745700,2.7859745700,2.7692419900,2.7776082800,826401
2019-04-26 13:15:00,2.7692419900,2.7776082800,2.7357768300,2.7608757000,4031770
2019-04-26 13:30:00,2.7608757000,2.7859745700,2.7608757000,2.7859745700,1430400
2019-04-26 13:45:00,2.7859745700,2.7859745700,2.7692419900,2.7692419900,1239200
2019-04-26 14:00:00,2.7692419900,2.7859745700,2.7608757000,2.7692419900,2329800
2019-04-26 14:15:00,2.7692419900,2.7692419900,2.7357768300,2.7357768300,2476129
2019-04-26 14:30:00,2.7357768300,2.7692419900,2.6855790900,2.7106779600,5560872
2019-04-26 14:45:00,2.7190442500,2.7441431200,2.7106779600,2.7190442500,3761734
2019-04-26 15:00:00,2.7190442500,2.7190442500,2.6939453800,2.7023116700,4342506
2019-04-29 09:45:00,2.7023116700,2.7274105400,2.6437476400,2.6437476400,8596500
2019-04-29 10:00:00,2.6437476400,2.6855790900,2.6437476400,2.6772128000,6195284
2019-04-29 10:15:00,2.6772128000,2.6939453800,2.6604802200,2.6604802200,2539200
2019-04-29 10:30:00,2.6604802200,2.6688465100,2.6353813500,2.6604802200,3420616
2019-04-29 10:45:00,2.6604802200,2.6688465100,2.6186487700,2.6186487700,5023500
2019-04-29 11:00:00,2.6186487700,2.6270150600,2.5600847400,2.6186487700,3366300
2019-04-29 11:15:00,2.6186487700,2.6437476400,2.6102824800,2.6437476400,1653826
2019-04-29 11:30:00,2.6437476400,2.6521139300,2.6186487700,2.6186487700,876300
2019-04-29 13:15:00,2.6186487700,2.6353813500,2.6102824800,2.6270150600,846180
2019-04-29 13:30:00,2.6270150600,2.6521139300,2.6186487700,2.6521139300,995455
2019-04-29 13:45:00,2.6521139300,2.6521139300,2.6353813500,2.6353813500,1076800
2019-04-29 14:00:00,2.6437476400,2.6437476400,2.6270150600,2.6353813500,1340400
2019-04-29 14:15:00,2.6353813500,2.6437476400,2.6102824800,2.6270150600,2927200
2019-04-29 14:30:00,2.6270150600,2.6353813500,2.6019161900,2.6019161900,1774820
2019-04-29 14:45:00,2.6019161900,2.6102824800,2.5768173200,2.5935499000,3389900
2019-04-29 15:00:00,2.5851836100,2.6186487700,2.5768173200,2.5768173200,3666265
2019-04-30 09:45:00,2.5851836100,2.6521139300,2.5851836100,2.6353813500,4605967
2019-04-30 10:00:00,2.6353813500,2.6604802200,2.6270150600,2.6521139300,4034500
2019-04-30 10:15:00,2.6437476400,2.6772128000,2.6437476400,2.6604802200,3086190
2019-04-30 10:30:00,2.6604802200,2.6688465100,2.6437476400,2.6521139300,1337800
2019-04-30 10:45:00,2.6521139300,2.6688465100,2.6437476400,2.6521139300,2567700
2019-04-30 11:00:00,2.6521139300,2.6855790900,2.6521139300,2.6772128000,4169500
2019-04-30 11:15:00,2.6772128000,2.6772128000,2.6521139300,2.6521139300,1150700
2019-04-30 11:30:00,2.6521139300,2.6688465100,2.6521139300,2.6604802200,1234693
2019-04-30 13:15:00,2.6604802200,2.6688465100,2.6437476400,2.6437476400,1372300
2019-04-30 13:30:00,2.6437476400,2.6604802200,2.6437476400,2.6437476400,1335000
2019-04-30 13:45:00,2.6437476400,2.6521139300,2.6353813500,2.6437476400,1439907
2019-04-30 14:00:00,2.6353813500,2.6437476400,2.6270150600,2.6270150600,1826707
2019-04-30 14:15:00,2.6270150600,2.6353813500,2.6102824800,2.6270150600,2252900
2019-04-30 14:30:00,2.6270150600,2.6604802200,2.6186487700,2.6353813500,1701350
2019-04-30 14:45:00,2.6353813500,2.6437476400,2.6186487700,2.6270150600,1076850
2019-04-30 15:00:00,2.6353813500,2.6521139300,2.6270150600,2.6437476400,1435987
2019-05-06 09:45:00,2.4596892600,2.5517184500,2.4429566800,2.5182532900,10638765
2019-05-06 10:00:00,2.5182532900,2.5266195800,2.5015207100,2.5098870000,4950400
2019-05-06 10:15:00,2.5098870000,2.5182532900,2.4931544200,2.4931544200,3423916
2019-05-06 10:30:00,2.5015207100,2.5015207100,2.4847881300,2.4847881300,2416200
2019-05-06 10:45:00,2.4931544200,2.4931544200,2.4596892600,2.4764218400,4070700
2019-05-06 11:00:00,2.4764218400,2.4764218400,2.4262241000,2.4429566800,6225835
2019-05-06 11:15:00,2.4429566800,2.4680555500,2.4429566800,2.4596892600,2172465
2019-05-06 11:30:00,2.4596892600,2.4680555500,2.4262241000,2.4429566800,2419500
2019-05-06 13:15:00,2.4513229700,2.4513229700,2.3760263600,2.3760263600,9348900
2019-05-06 13:30:00,2.3760263600,2.3760263600,2.3760263600,2.3760263600,1878200
2019-05-06 13:45:00,2.3760263600,2.3760263600,2.3760263600,2.3760263600,1298800
2019-05-06 14:00:00,2.3760263600,2.3760263600,2.3760263600,2.3760263600,900300
2019-05-06 14:15:00,2.3760263600,2.3760263600,2.3760263600,2.3760263600,536000
2019-05-06 14:30:00,2.3760263600,2.3760263600,2.3760263600,2.3760263600,738300
2019-05-06 14:45:00,2.3760263600,2.3760263600,2.3760263600,2.3760263600,757500
2019-05-06 15:00:00,2.3760263600,2.3760263600,2.3760263600,2.3760263600,906200
2019-05-07 09:45:00,2.4011252300,2.4262241000,2.3258286200,2.3592937800,11343721
2019-05-07 10:00:00,2.3509274900,2.3676600700,2.3258286200,2.3425612000,5800291
2019-05-07 10:15:00,2.3341949100,2.3927589400,2.3341949100,2.3927589400,3007801
2019-05-07 10:30:00,2.3843926500,2.3927589400,2.3592937800,2.3676600700,1869099
2019-05-07 10:45:00,2.3592937800,2.3676600700,2.3425612000,2.3509274900,2490900
2019-05-07 11:00:00,2.3425612000,2.3592937800,2.3090960400,2.3509274900,4247500
2019-05-07 11:15:00,2.3509274900,2.3509274900,2.3174623300,2.3425612000,3577900
2019-05-07 11:30:00,2.3341949100,2.3425612000,2.2923634600,2.3007297500,3193700
2019-05-07 13:15:00,2.3090960400,2.3258286200,2.2756308800,2.2756308800,4880336
2019-05-07 13:30:00,2.2756308800,2.3007297500,2.2756308800,2.2923634600,3719501
2019-05-07 13:45:00,2.2923634600,2.3258286200,2.2839971700,2.3258286200,1398000
2019-05-07 14:00:00,2.3174623300,2.3258286200,2.2756308800,2.2839971700,2333600
2019-05-07 14:15:00,2.2839971700,2.3007297500,2.2672645900,2.2839971700,2262200
2019-05-07 14:30:00,2.2756308800,2.3341949100,2.2588983000,2.3341949100,4386600
2019-05-07 14:45:00,2.3341949100,2.3592937800,2.3258286200,2.3425612000,2203701
2019-05-07 15:00:00,2.3425612000,2.3843926500,2.3341949100,2.3843926500,3354384
2019-05-08 09:45:00,2.3174623300,2.3258286200,2.2756308800,2.3090960400,3604000
2019-05-08 10:00:00,2.3174623300,2.3258286200,2.2839971700,2.3007297500,4125500
2019-05-08 10:15:00,2.3007297500,2.3090960400,2.2923634600,2.3007297500,1788900
2019-05-08 10:30:00,2.3090960400,2.3341949100,2.3007297500,2.3341949100,2093700
2019-05-08 10:45:00,2.3341949100,2.3509274900,2.3090960400,2.3509274900,2697400
2019-05-08 11:00:00,2.3509274900,2.3509274900,2.3258286200,2.3258286200,1351421
2019-05-08 11:15:00,2.3341949100,2.3592937800,2.3258286200,2.3425612000,1622500
2019-05-08 11:30:00,2.3509274900,2.3592937800,2.3258286200,2.3509274900,2127300
2019-05-08 13:15:00,2.3592937800,2.3592937800,2.3258286200,2.3258286200,1370300
2019-05-08 13:30:00,2.3258286200,2.3509274900,2.3258286200,2.3341949100,1511800
2019-05-08 13:45:00,2.3341949100,2.3425612000,2.3174623300,2.3341949100,839300
2019-05-08 14:00:00,2.3341949100,2.3509274900,2.3258286200,2.3341949100,1296296
2019-05-08 14:15:00,2.3425612000,2.3509274900,2.3341949100,2.3341949100,710167
2019-05-08 14:30:00,2.3341949100,2.3509274900,2.3258286200,2.3341949100,2535800
2019-05-08 14:45:00,2.3341949100,2.3509274900,2.3258286200,2.3341949100,1708900
2019-05-08 15:00:00,2.3425612000,2.3425612000,2.3258286200,2.3258286200,2499200
2019-05-09 09:45:00,2.3174623300,2.3425612000,2.2923634600,2.3258286200,8533572
2019-05-09 10:00:00,2.3258286200,2.3341949100,2.3090960400,2.3174623300,2496700
2019-05-09 10:15:00,2.3174623300,2.3425612000,2.3174623300,2.3341949100,2621100
2019-05-09 10:30:00,2.3425612000,2.3425612000,2.3341949100,2.3425612000,2436200
2019-05-09 10:45:00,2.3425612000,2.3592937800,2.3341949100,2.3425612000,2788500
2019-05-09 11:00:00,2.3425612000,2.3592937800,2.3341949100,2.3592937800,1902010
2019-05-09 11:15:00,2.3509274900,2.3592937800,2.3425612000,2.3592937800,1453900
2019-05-09 11:30:00,2.3592937800,2.3676600700,2.3509274900,2.3592937800,1471303
2019-05-09 13:15:00,2.3592937800,2.3676600700,2.3425612000,2.3676600700,1627697
2019-05-09 13:30:00,2.3676600700,2.3760263600,2.3592937800,2.3676600700,2925400
2019-05-09 13:45:00,2.3676600700,2.3760263600,2.3592937800,2.3676600700,3533315
2019-05-09 14:00:00,2.3760263600,2.3843926500,2.3592937800,2.3676600700,3665600
2019-05-09 14:15:00,2.3760263600,2.3760263600,2.3592937800,2.3676600700,2224900
2019-05-09 14:30:00,2.3676600700,2.3843926500,2.3592937800,2.3760263600,2206300
2019-05-09 14:45:00,2.3843926500,2.3843926500,2.3509274900,2.3592937800,2059900
2019-05-09 15:00:00,2.3509274900,2.3676600700,2.3425612000,2.3592937800,1667067
2019-05-10 09:45:00,2.3760263600,2.4094915200,2.3676600700,2.4011252300,3679500
2019-05-10 10:00:00,2.4011252300,2.4178578100,2.4011252300,2.4094915200,3272900
2019-05-10 10:15:00,2.4094915200,2.4429566800,2.4011252300,2.4178578100,6092400
2019-05-10 10:30:00,2.4178578100,2.4262241000,2.4094915200,2.4178578100,1071900
2019-05-10 10:45:00,2.4178578100,2.4262241000,2.4094915200,2.4178578100,1551000
2019-05-10 11:00:00,2.4178578100,2.4345903900,2.4094915200,2.4262241000,2111400
2019-05-10 11:15:00,2.4345903900,2.4345903900,2.4094915200,2.4178578100,1474800
2019-05-10 11:30:00,2.4178578100,2.4262241000,2.4094915200,2.4178578100,774900
2019-05-10 13:15:00,2.4094915200,2.4094915200,2.3676600700,2.4011252300,6476000
2019-05-10 13:30:00,2.4011252300,2.4178578100,2.3927589400,2.4094915200,1564600
2019-05-10 13:45:00,2.4094915200,2.4345903900,2.4011252300,2.4262241000,2108500
2019-05-10 14:00:00,2.4262241000,2.4345903900,2.4178578100,2.4262241000,1296400
2019-05-10 14:15:00,2.4262241000,2.4513229700,2.4262241000,2.4513229700,2586768
2019-05-10 14:30:00,2.4429566800,2.4764218400,2.4429566800,2.4680555500,2974410
2019-05-10 14:45:00,2.4764218400,2.4764218400,2.4513229700,2.4596892600,2540800
2019-05-10 15:00:00,2.4596892600,2.4764218400,2.4596892600,2.4680555500,2128731
2019-05-13 09:45:00,2.4262241000,2.4931544200,2.4011252300,2.4680555500,9196000
2019-05-13 10:00:00,2.4680555500,2.5015207100,2.4680555500,2.4847881300,5110300
2019-05-13 10:15:00,2.4847881300,2.4931544200,2.4764218400,2.4847881300,1529600
2019-05-13 10:30:00,2.4847881300,2.4847881300,2.4596892600,2.4680555500,2041600
2019-05-13 10:45:00,2.4596892600,2.4847881300,2.4596892600,2.4847881300,980300
2019-05-13 11:00:00,2.4847881300,2.4847881300,2.4764218400,2.4847881300,492000
2019-05-13 11:15:00,2.4764218400,2.4847881300,2.4764218400,2.4764218400,664000
2019-05-13 11:30:00,2.4764218400,2.5015207100,2.4764218400,2.4931544200,2558816
2019-05-13 13:15:00,2.5015207100,2.5517184500,2.4931544200,2.5433521600,4202600
2019-05-13 13:30:00,2.5433521600,2.5935499000,2.5349858700,2.5768173200,10198600
2019-05-13 13:45:00,2.5768173200,2.6186487700,2.5600847400,2.6019161900,6362201
2019-05-13 14:00:00,2.6019161900,2.6353813500,2.6019161900,2.6270150600,5000915
2019-05-13 14:15:00,2.6186487700,2.6270150600,2.5935499000,2.5935499000,3865045
2019-05-13 14:30:00,2.6019161900,2.6186487700,2.5851836100,2.6102824800,3473955
2019-05-13 14:45:00,2.6019161900,2.6270150600,2.6019161900,2.6186487700,3861100
2019-05-13 15:00:00,2.6186487700,2.6353813500,2.6102824800,2.6186487700,5634700
2019-05-14 09:45:00,2.5768173200,2.6270150600,2.5517184500,2.5851836100,8342952
2019-05-14 10:00:00,2.5935499000,2.5935499000,2.5684510300,2.5851836100,5033031
2019-05-14 10:15:00,2.5851836100,2.5935499000,2.5684510300,2.5684510300,2900795
2019-05-14 10:30:00,2.5684510300,2.5851836100,2.5684510300,2.5851836100,1359300
2019-05-14 10:45:00,2.5851836100,2.5851836100,2.5600847400,2.5600847400,1959705
2019-05-14 11:00:00,2.5600847400,2.5684510300,2.5098870000,2.5349858700,10337351
2019-05-14 11:15:00,2.5349858700,2.5600847400,2.5182532900,2.5433521600,3294150
2019-05-14 11:30:00,2.5517184500,2.5600847400,2.5433521600,2.5517184500,1290694
2019-05-14 13:15:00,2.5517184500,2.5935499000,2.5517184500,2.5851836100,2137495
2019-05-14 13:30:00,2.5935499000,2.5935499000,2.5684510300,2.5684510300,1636400
2019-05-14 13:45:00,2.5684510300,2.5768173200,2.5517184500,2.5517184500,614900
2019-05-14 14:00:00,2.5517184500,2.5684510300,2.5517184500,2.5684510300,856600
2019-05-14 14:15:00,2.5684510300,2.5851836100,2.5600847400,2.5600847400,1047501
2019-05-14 14:30:00,2.5600847400,2.5684510300,2.5517184500,2.5517184500,539394
2019-05-14 14:45:00,2.5517184500,2.5600847400,2.5433521600,2.5517184500,1516106
2019-05-14 15:00:00,2.5433521600,2.5517184500,2.5349858700,2.5433521600,2246372
2019-05-15 09:45:00,2.5433521600,2.5935499000,2.5433521600,2.5684510300,3991400
2019-05-15 10:00:00,2.5684510300,2.5935499000,2.5600847400,2.5600847400,3765500
2019-05-15 10:15:00,2.5684510300,2.5684510300,2.5517184500,2.5600847400,1659800
2019-05-15 10:30:00,2.5517184500,2.5600847400,2.5349858700,2.5349858700,2059900
2019-05-15 10:45:00,2.5433521600,2.5600847400,2.5349858700,2.5517184500,1321600
2019-05-15 11:00:00,2.5517184500,2.5517184500,2.5433521600,2.5517184500,1025700
2019-05-15 11:15:00,2.5433521600,2.5517184500,2.5349858700,2.5349858700,1706800
2019-05-15 11:30:00,2.5349858700,2.5433521600,2.5349858700,2.5433521600,1108800
2019-05-15 13:15:00,2.5433521600,2.5433521600,2.5349858700,2.5349858700,2217700
2019-05-15 13:30:00,2.5349858700,2.5517184500,2.5349858700,2.5433521600,1915400
2019-05-15 13:45:00,2.5433521600,2.5600847400,2.5433521600,2.5600847400,2207700
2019-05-15 14:00:00,2.5600847400,2.5684510300,2.5517184500,2.5517184500,1474580
2019-05-15 14:15:00,2.5517184500,2.5684510300,2.5517184500,2.5684510300,2634320
2019-05-15 14:30:00,2.5600847400,2.5684510300,2.5517184500,2.5517184500,2112300
2019-05-15 14:45:00,2.5517184500,2.5600847400,2.5517184500,2.5517184500,1428900
2019-05-15 15:00:00,2.5517184500,2.5600847400,2.5517184500,2.5517184500,1533200
2019-05-16 09:45:00,2.5517184500,2.5768173200,2.5433521600,2.5517184500,2310400
2019-05-16 10:00:00,2.5517184500,2.5600847400,2.5433521600,2.5517184500,1258200
2019-05-16 10:15:00,2.5517184500,2.5600847400,2.5433521600,2.5517184500,1113100
2019-05-16 10:30:00,2.5517184500,2.5600847400,2.5517184500,2.5517184500,1076800
2019-05-16 10:45:00,2.5517184500,2.5684510300,2.5517184500,2.5684510300,1153972
2019-05-16 11:00:00,2.5684510300,2.5684510300,2.5517184500,2.5600847400,656900
2019-05-16 11:15:00,2.5600847400,2.5600847400,2.5517184500,2.5600847400,495600
2019-05-16 11:30:00,2.5600847400,2.5600847400,2.5433521600,2.5517184500,500100
2019-05-16 13:15:00,2.5600847400,2.5600847400,2.5433521600,2.5433521600,1292155
2019-05-16 13:30:00,2.5433521600,2.5517184500,2.5433521600,2.5517184500,621424
2019-05-16 13:45:00,2.5517184500,2.5684510300,2.5433521600,2.5517184500,1008259
2019-05-16 14:00:00,2.5517184500,2.5600847400,2.5517184500,2.5600847400,470814
2019-05-16 14:15:00,2.5600847400,2.5600847400,2.5433521600,2.5433521600,2250648
2019-05-16 14:30:00,2.5433521600,2.5600847400,2.5433521600,2.5517184500,1168419
2019-05-16 14:45:00,2.5517184500,2.5600847400,2.5433521600,2.5600847400,1242508
2019-05-16 15:00:00,2.5433521600,2.5600847400,2.5433521600,2.5517184500,976961
2019-05-17 09:45:00,2.5600847400,2.5600847400,2.5349858700,2.5517184500,1980700
2019-05-17 10:00:00,2.5433521600,2.5517184500,2.5349858700,2.5433521600,1113000
2019-05-17 10:15:00,2.5349858700,2.5517184500,2.5266195800,2.5266195800,1921186
2019-05-17 10:30:00,2.5266195800,2.5349858700,2.5182532900,2.5266195800,1164700
2019-05-17 10:45:00,2.5182532900,2.5266195800,2.4931544200,2.5182532900,3923000
2019-05-17 11:00:00,2.5098870000,2.5182532900,2.5015207100,2.5182532900,1311961
2019-05-17 11:15:00,2.5098870000,2.5349858700,2.5015207100,2.5266195800,2461283
2019-05-17 11:30:00,2.5266195800,2.5266195800,2.5098870000,2.5182532900,735900
2019-05-17 13:15:00,2.5182532900,2.5266195800,2.5098870000,2.5266195800,585200
2019-05-17 13:30:00,2.5266195800,2.5266195800,2.5098870000,2.5098870000,765900
2019-05-17 13:45:00,2.5098870000,2.5182532900,2.5015207100,2.5015207100,939800
2019-05-17 14:00:00,2.5098870000,2.5098870000,2.4931544200,2.4931544200,1552500
2019-05-17 14:15:00,2.5015207100,2.5098870000,2.4931544200,2.5015207100,687100
2019-05-17 14:30:00,2.5015207100,2.5098870000,2.4847881300,2.4847881300,1192800
2019-05-17 14:45:00,2.4931544200,2.4931544200,2.4764218400,2.4764218400,1461200
2019-05-17 15:00:00,2.4764218400,2.4847881300,2.4513229700,2.4847881300,2820502
2019-05-20 09:45:00,2.4847881300,2.5015207100,2.4345903900,2.4345903900,3141100
2019-05-20 10:00:00,2.4345903900,2.4429566800,2.3843926500,2.4178578100,3070794
2019-05-20 10:15:00,2.4094915200,2.4262241000,2.4011252300,2.4094915200,1255906
2019-05-20 10:30:00,2.4094915200,2.4178578100,2.3927589400,2.4178578100,1851200
2019-05-20 10:45:00,2.4178578100,2.4345903900,2.4094915200,2.4262241000,1461300
2019-05-20 11:00:00,2.4345903900,2.4596892600,2.4345903900,2.4513229700,1086000
2019-05-20 11:15:00,2.4513229700,2.4596892600,2.4429566800,2.4513229700,613000
2019-05-20 11:30:00,2.4513229700,2.4596892600,2.4429566800,2.4513229700,527100
2019-05-20 13:15:00,2.4513229700,2.4596892600,2.4429566800,2.4513229700,295400
2019-05-20 13:30:00,2.4513229700,2.4513229700,2.4345903900,2.4345903900,710500
2019-05-20 13:45:00,2.4345903900,2.4429566800,2.4345903900,2.4429566800,220400
2019-05-20 14:00:00,2.4429566800,2.4429566800,2.4262241000,2.4262241000,555700
2019-05-20 14:15:00,2.4262241000,2.4429566800,2.4262241000,2.4429566800,646133
2019-05-20 14:30:00,2.4429566800,2.4513229700,2.4262241000,2.4513229700,732387
2019-05-20 14:45:00,2.4513229700,2.4680555500,2.4429566800,2.4596892600,1252300
2019-05-20 15:00:00,2.4513229700,2.4596892600,2.4345903900,2.4513229700,1086336
2019-05-21 09:45:00,2.4680555500,2.4931544200,2.4596892600,2.4847881300,3126328
2019-05-21 10:00:00,2.4931544200,2.4931544200,2.4847881300,2.4931544200,539600
2019-05-21 10:15:00,2.4931544200,2.5015207100,2.4847881300,2.4847881300,874500
2019-05-21 10:30:00,2.4931544200,2.4931544200,2.4847881300,2.4931544200,906200
2019-05-21 10:45:00,2.4931544200,2.5015207100,2.4764218400,2.4931544200,1708600
2019-05-21 11:00:00,2.4931544200,2.5098870000,2.4847881300,2.5098870000,2163600
2019-05-21 11:15:00,2.5098870000,2.5266195800,2.5098870000,2.5098870000,2288700
2019-05-21 11:30:00,2.5182532900,2.5182532900,2.5015207100,2.5098870000,593918
2019-05-21 13:15:00,2.5098870000,2.5182532900,2.5015207100,2.5098870000,1509882
2019-05-21 13:30:00,2.5098870000,2.5098870000,2.5015207100,2.5015207100,598600
2019-05-21 13:45:00,2.5098870000,2.5182532900,2.5015207100,2.5098870000,620500
2019-05-21 14:00:00,2.5098870000,2.5182532900,2.5015207100,2.5182532900,469000
2019-05-21 14:15:00,2.5182532900,2.5182532900,2.5015207100,2.5098870000,865800
2019-05-21 14:30:00,2.5098870000,2.5098870000,2.5015207100,2.5015207100,280300
2019-05-21 14:45:00,2.5015207100,2.5098870000,2.5015207100,2.5015207100,547300
2019-05-21 15:00:00,2.5015207100,2.5182532900,2.5015207100,2.5098870000,2213009
2019-05-22 09:45:00,2.5015207100,2.5015207100,2.4764218400,2.4847881300,2148289
2019-05-22 10:00:00,2.4931544200,2.4931544200,2.4764218400,2.4847881300,1686600
2019-05-22 10:15:00,2.4847881300,2.4931544200,2.4764218400,2.4847881300,1564168
2019-05-22 10:30:00,2.4847881300,2.4931544200,2.4764218400,2.4847881300,953632
2019-05-22 10:45:00,2.4847881300,2.4847881300,2.4680555500,2.4680555500,1311400
2019-05-22 11:00:00,2.4680555500,2.4764218400,2.4513229700,2.4596892600,1563832
2019-05-22 11:15:00,2.4596892600,2.4764218400,2.4596892600,2.4680555500,569000
2019-05-22 11:30:00,2.4680555500,2.4764218400,2.4596892600,2.4596892600,738400
2019-05-22 13:15:00,2.4596892600,2.4764218400,2.4596892600,2.4680555500,323200
2019-05-22 13:30:00,2.4680555500,2.4764218400,2.4596892600,2.4680555500,759300
2019-05-22 13:45:00,2.4680555500,2.4680555500,2.4513229700,2.4596892600,1034000
2019-05-22 14:00:00,2.4596892600,2.4680555500,2.4513229700,2.4680555500,380700
2019-05-22 14:15:00,2.4680555500,2.4680555500,2.4513229700,2.4596892600,828400
2019-05-22 14:30:00,2.4596892600,2.4680555500,2.4513229700,2.4596892600,696900
2019-05-22 14:45:00,2.4596892600,2.4680555500,2.4596892600,2.4596892600,568000
2019-05-22 15:00:00,2.4596892600,2.4680555500,2.4513229700,2.4596892600,1577375
2019-05-23 09:45:00,2.4513229700,2.4513229700,2.4011252300,2.4011252300,2865200
2019-05-23 10:00:00,2.4094915200,2.4178578100,2.4011252300,2.4178578100,1079501
2019-05-23 10:15:00,2.4178578100,2.4178578100,2.4094915200,2.4178578100,1001600
2019-05-23 10:30:00,2.4178578100,2.4262241000,2.4094915200,2.4262241000,693200
2019-05-23 10:45:00,2.4262241000,2.4429566800,2.4178578100,2.4345903900,982524
2019-05-23 11:00:00,2.4345903900,2.4513229700,2.4345903900,2.4345903900,740200
2019-05-23 11:15:00,2.4345903900,2.4429566800,2.4262241000,2.4262241000,239600
2019-05-23 11:30:00,2.4262241000,2.4345903900,2.4178578100,2.4345903900,276451
2019-05-23 13:15:00,2.4345903900,2.4345903900,2.4178578100,2.4262241000,342200
2019-05-23 13:30:00,2.4262241000,2.4262241000,2.4178578100,2.4178578100,202900
2019-05-23 13:45:00,2.4178578100,2.4262241000,2.4178578100,2.4262241000,308600
2019-05-23 14:00:00,2.4262241000,2.4262241000,2.4178578100,2.4262241000,451300
2019-05-23 14:15:00,2.4262241000,2.4262241000,2.4094915200,2.4094915200,924200
2019-05-23 14:30:00,2.4094915200,2.4262241000,2.4094915200,2.4178578100,678800
2019-05-23 14:45:00,2.4262241000,2.4262241000,2.4094915200,2.4178578100,713932
2019-05-23 15:00:00,2.4094915200,2.4262241000,2.4011252300,2.4178578100,1782134
2019-05-24 09:45:00,2.4178578100,2.4429566800,2.4094915200,2.4178578100,2124400
2019-05-24 10:00:00,2.4178578100,2.4262241000,2.4094915200,2.4178578100,1428400
2019-05-24 10:15:00,2.4178578100,2.4262241000,2.4011252300,2.4094915200,1991600
2019-05-24 10:30:00,2.4094915200,2.4178578100,2.4011252300,2.4094915200,425900
2019-05-24 10:45:00,2.4094915200,2.4178578100,2.4094915200,2.4178578100,374600
2019-05-24 11:00:00,2.4094915200,2.4262241000,2.4094915200,2.4178578100,522900
2019-05-24 11:15:00,2.4178578100,2.4262241000,2.4094915200,2.4178578100,451200
2019-05-24 11:30:00,2.4094915200,2.4262241000,2.4094915200,2.4178578100,1451900
2019-05-24 13:15:00,2.4178578100,2.4262241000,2.4094915200,2.4178578100,1995800
2019-05-24 13:30:00,2.4178578100,2.4262241000,2.4094915200,2.4178578100,473900
2019-05-24 13:45:00,2.4262241000,2.4262241000,2.4094915200,2.4094915200,987400
2019-05-24 14:00:00,2.4094915200,2.4262241000,2.4094915200,2.4178578100,192000
2019-05-24 14:15:00,2.4178578100,2.4262241000,2.4094915200,2.4262241000,551100
2019-05-24 14:30:00,2.4262241000,2.4345903900,2.4094915200,2.4345903900,1012411
2019-05-24 14:45:00,2.4345903900,2.4429566800,2.4262241000,2.4262241000,744400
2019-05-24 15:00:00,2.4345903900,2.4345903900,2.4178578100,2.4262241000,905149
2019-05-27 09:45:00,2.4262241000,2.4429566800,2.4094915200,2.4262241000,1807700
2019-05-27 10:00:00,2.4262241000,2.4345903900,2.4262241000,2.4345903900,923701
2019-05-27 10:15:00,2.4262241000,2.4345903900,2.4262241000,2.4262241000,589700
2019-05-27 10:30:00,2.4262241000,2.4345903900,2.4262241000,2.4345903900,413100
2019-05-27 10:45:00,2.4345903900,2.4345903900,2.4178578100,2.4262241000,668872
2019-05-27 11:00:00,2.4262241000,2.4345903900,2.4178578100,2.4262241000,364627
2019-05-27 11:15:00,2.4262241000,2.4262241000,2.4094915200,2.4178578100,442000
2019-05-27 11:30:00,2.4178578100,2.4429566800,2.4094915200,2.4429566800,1139200
2019-05-27 13:15:00,2.4429566800,2.4513229700,2.4345903900,2.4513229700,1400000
2019-05-27 13:30:00,2.4513229700,2.4596892600,2.4513229700,2.4513229700,974000
2019-05-27 13:45:00,2.4513229700,2.4680555500,2.4513229700,2.4596892600,1659300
2019-05-27 14:00:00,2.4596892600,2.4680555500,2.4513229700,2.4680555500,1334300
2019-05-27 14:15:00,2.4680555500,2.4764218400,2.4596892600,2.4596892600,1231300
2019-05-27 14:30:00,2.4596892600,2.4680555500,2.4596892600,2.4680555500,661200
2019-05-27 14:45:00,2.4680555500,2.4764218400,2.4513229700,2.4596892600,2175200
2019-05-27 15:00:00,2.4513229700,2.4680555500,2.4513229700,2.4596892600,1408394
2019-05-28 09:45:00,2.4596892600,2.4680555500,2.4429566800,2.4513229700,1803400
2019-05-28 10:00:00,2.4513229700,2.4764218400,2.4429566800,2.4764218400,1926400
2019-05-28 10:15:00,2.4764218400,2.4847881300,2.4680555500,2.4764218400,2589800
2019-05-28 10:30:00,2.4764218400,2.4847881300,2.4596892600,2.4847881300,2629200
2019-05-28 10:45:00,2.4847881300,2.4847881300,2.4680555500,2.4764218400,1394810
2019-05-28 11:00:00,2.4847881300,2.4847881300,2.4680555500,2.4764218400,853900
2019-05-28 11:15:00,2.4764218400,2.4764218400,2.4596892600,2.4680555500,868900
2019-05-28 11:30:00,2.4680555500,2.4847881300,2.4596892600,2.4764218400,1193700
2019-05-28 13:15:00,2.4764218400,2.4847881300,2.4680555500,2.4764218400,818100
2019-05-28 13:30:00,2.4847881300,2.4847881300,2.4764218400,2.4764218400,440200
2019-05-28 13:45:00,2.4764218400,2.4847881300,2.4680555500,2.4764218400,732600
2019-05-28 14:00:00,2.4764218400,2.4764218400,2.4596892600,2.4596892600,1562000
2019-05-28 14:15:00,2.4596892600,2.4680555500,2.4513229700,2.4513229700,1280500
2019-05-28 14:30:00,2.4596892600,2.4680555500,2.4513229700,2.4513229700,1090100
2019-05-28 14:45:00,2.4513229700,2.4596892600,2.4429566800,2.4513229700,2052700
2019-05-28 15:00:00,2.4513229700,2.4680555500,2.4345903900,2.4680555500,4284181
2019-05-29 09:45:00,2.4847881300,2.4847881300,2.4262241000,2.4429566800,2520124
2019-05-29 10:00:00,2.4429566800,2.4513229700,2.4345903900,2.4345903900,1086400
2019-05-29 10:15:00,2.4345903900,2.4429566800,2.4345903900,2.4345903900,572900
2019-05-29 10:30:00,2.4345903900,2.4513229700,2.4262241000,2.4345903900,1367200
2019-05-29 10:45:00,2.4345903900,2.4429566800,2.4262241000,2.4262241000,1119300
2019-05-29 11:00:00,2.4262241000,2.4345903900,2.4262241000,2.4262241000,822500
2019-05-29 11:15:00,2.4262241000,2.4345903900,2.4262241000,2.4262241000,219000
2019-05-29 11:30:00,2.4262241000,2.4429566800,2.4262241000,2.4345903900,634300
2019-05-29 13:15:00,2.4345903900,2.4429566800,2.4345903900,2.4429566800,374400
2019-05-29 13:30:00,2.4429566800,2.4513229700,2.4345903900,2.4429566800,534500
2019-05-29 13:45:00,2.4429566800,2.4596892600,2.4429566800,2.4513229700,900400
2019-05-29 14:00:00,2.4513229700,2.4596892600,2.4429566800,2.4429566800,813000
2019-05-29 14:15:00,2.4429566800,2.4513229700,2.4345903900,2.4429566800,536100
2019-05-29 14:30:00,2.4429566800,2.4429566800,2.4345903900,2.4429566800,673800
2019-05-29 14:45:00,2.4429566800,2.4513229700,2.4345903900,2.4345903900,481100
2019-05-29 15:00:00,2.4345903900,2.4429566800,2.4262241000,2.4429566800,2007800
2019-05-30 09:45:00,2.4011252300,2.4011252300,2.3509274900,2.3509274900,6769200
2019-05-30 10:00:00,2.3509274900,2.3760263600,2.3509274900,2.3592937800,1675400
2019-05-30 10:15:00,2.3592937800,2.3760263600,2.3592937800,2.3760263600,940700
2019-05-30 10:30:00,2.3760263600,2.3760263600,2.3592937800,2.3676600700,1131900
2019-05-30 10:45:00,2.3676600700,2.3760263600,2.3676600700,2.3676600700,477101
2019-05-30 11:00:00,2.3760263600,2.3760263600,2.3676600700,2.3676600700,668600
2019-05-30 11:15:00,2.3676600700,2.3760263600,2.3592937800,2.3676600700,899100
2019-05-30 11:30:00,2.3676600700,2.3760263600,2.3676600700,2.3676600700,364500
2019-05-30 13:15:00,2.3760263600,2.3760263600,2.3676600700,2.3760263600,517800
2019-05-30 13:30:00,2.3760263600,2.3760263600,2.3592937800,2.3592937800,1062900
2019-05-30 13:45:00,2.3676600700,2.3676600700,2.3592937800,2.3676600700,425200
2019-05-30 14:00:00,2.3676600700,2.3676600700,2.3509274900,2.3509274900,1102900
2019-05-30 14:15:00,2.3592937800,2.3676600700,2.3509274900,2.3592937800,651600
2019-05-30 14:30:00,2.3592937800,2.3676600700,2.3509274900,2.3592937800,1085300
2019-05-30 14:45:00,2.3592937800,2.3676600700,2.3509274900,2.3592937800,1637700
2019-05-30 15:00:00,2.3592937800,2.3676600700,2.3509274900,2.3592937800,2020500
2019-05-31 09:45:00,2.3760263600,2.3843926500,2.3592937800,2.3760263600,1785100
2019-05-31 10:00:00,2.3676600700,2.3760263600,2.3592937800,2.3760263600,1068800
2019-05-31 10:15:00,2.3676600700,2.3843926500,2.3676600700,2.3843926500,1882100
2019-05-31 10:30:00,2.3843926500,2.3843926500,2.3760263600,2.3760263600,482400
2019-05-31 10:45:00,2.3760263600,2.3843926500,2.3760263600,2.3843926500,763401
2019-05-31 11:00:00,2.3760263600,2.3843926500,2.3676600700,2.3676600700,233700
2019-05-31 11:15:00,2.3760263600,2.3760263600,2.3676600700,2.3760263600,227000
2019-05-31 11:30:00,2.3676600700,2.3843926500,2.3676600700,2.3843926500,1030600
2019-05-31 13:15:00,2.3760263600,2.3843926500,2.3760263600,2.3843926500,227400
2019-05-31 13:30:00,2.3843926500,2.3843926500,2.3676600700,2.3676600700,789600
2019-05-31 13:45:00,2.3676600700,2.3760263600,2.3676600700,2.3760263600,523100
2019-05-31 14:00:00,2.3760263600,2.3843926500,2.3676600700,2.3676600700,834200
2019-05-31 14:15:00,2.3760263600,2.3760263600,2.3592937800,2.3676600700,746500
2019-05-31 14:30:00,2.3592937800,2.3843926500,2.3592937800,2.3760263600,806300
2019-05-31 14:45:00,2.3760263600,2.3843926500,2.3676600700,2.3843926500,1580503
2019-05-31 15:00:00,2.3843926500,2.3927589400,2.3760263600,2.3843926500,2181200
2019-06-03 09:45:00,2.3843926500,2.4094915200,2.3760263600,2.4094915200,3275663
2019-06-03 10:00:00,2.4094915200,2.4178578100,2.3927589400,2.3927589400,1765400
2019-06-03 10:15:00,2.3927589400,2.4011252300,2.3843926500,2.3927589400,1041500
2019-06-03 10:30:00,2.3927589400,2.4011252300,2.3843926500,2.3843926500,826743
2019-06-03 10:45:00,2.3843926500,2.3927589400,2.3676600700,2.3676600700,1062878
2019-06-03 11:00:00,2.3676600700,2.3760263600,2.3592937800,2.3760263600,1106200
2019-06-03 11:15:00,2.3676600700,2.3760263600,2.3592937800,2.3760263600,463700
2019-06-03 11:30:00,2.3760263600,2.3760263600,2.3592937800,2.3760263600,507100
2019-06-03 13:15:00,2.3676600700,2.3760263600,2.3676600700,2.3676600700,197400
2019-06-03 13:30:00,2.3676600700,2.3843926500,2.3676600700,2.3760263600,128900
2019-06-03 13:45:00,2.3760263600,2.3843926500,2.3676600700,2.3843926500,335400
2019-06-03 14:00:00,2.3843926500,2.3843926500,2.3760263600,2.3843926500,184200
2019-06-03 14:15:00,2.3843926500,2.3843926500,2.3760263600,2.3843926500,388000
2019-06-03 14:30:00,2.3843926500,2.3843926500,2.3676600700,2.3676600700,255800
2019-06-03 14:45:00,2.3676600700,2.3927589400,2.3676600700,2.3760263600,1577873
2019-06-03 15:00:00,2.3760263600,2.3927589400,2.3760263600,2.3927589400,1262400
2019-06-04 09:45:00,2.3927589400,2.3927589400,2.3676600700,2.3760263600,1427100
2019-06-04 10:00:00,2.3760263600,2.3843926500,2.3676600700,2.3843926500,610100
2019-06-04 10:15:00,2.3760263600,2.3843926500,2.3592937800,2.3676600700,1494300
2019-06-04 10:30:00,2.3676600700,2.3676600700,2.3592937800,2.3592937800,649855
2019-06-04 10:45:00,2.3592937800,2.3676600700,2.3509274900,2.3676600700,788545
2019-06-04 11:00:00,2.3676600700,2.3676600700,2.3592937800,2.3592937800,459700
2019-06-04 11:15:00,2.3592937800,2.3592937800,2.3509274900,2.3509274900,714200
2019-06-04 11:30:00,2.3509274900,2.3676600700,2.3509274900,2.3592937800,591500
2019-06-04 13:15:00,2.3592937800,2.3676600700,2.3509274900,2.3676600700,233100
2019-06-04 13:30:00,2.3676600700,2.3760263600,2.3592937800,2.3760263600,651000
2019-06-04 13:45:00,2.3676600700,2.3760263600,2.3676600700,2.3760263600,535500
2019-06-04 14:00:00,2.3760263600,2.3760263600,2.3592937800,2.3592937800,589900
2019-06-04 14:15:00,2.3592937800,2.3676600700,2.3592937800,2.3676600700,485900
2019-06-04 14:30:00,2.3676600700,2.3760263600,2.3592937800,2.3676600700,605600
2019-06-04 14:45:00,2.3676600700,2.3676600700,2.3509274900,2.3509274900,1059100
2019-06-04 15:00:00,2.3509274900,2.3676600700,2.3509274900,2.3509274900,834401
2019-06-05 09:45:00,2.3676600700,2.4178578100,2.3676600700,2.3843926500,5837321
2019-06-05 10:00:00,2.3927589400,2.3927589400,2.3425612000,2.3592937800,3802400
2019-06-05 10:15:00,2.3592937800,2.3592937800,2.3341949100,2.3509274900,2845400
2019-06-05 10:30:00,2.3509274900,2.3509274900,2.3090960400,2.3174623300,3630700
2019-06-05 10:45:00,2.3174623300,2.3258286200,2.3007297500,2.3090960400,2206700
2019-06-05 11:00:00,2.3090960400,2.3174623300,2.2923634600,2.3090960400,1375800
2019-06-05 11:15:00,2.3090960400,2.3174623300,2.3007297500,2.3174623300,1308500
2019-06-05 11:30:00,2.3174623300,2.3258286200,2.3090960400,2.3258286200,431100
2019-06-05 13:15:00,2.3174623300,2.3341949100,2.3090960400,2.3258286200,1416700
2019-06-05 13:30:00,2.3258286200,2.3341949100,2.3007297500,2.3174623300,3140800
2019-06-05 13:45:00,2.3090960400,2.3174623300,2.2923634600,2.3007297500,1744400
2019-06-05 14:00:00,2.3007297500,2.3090960400,2.2923634600,2.3007297500,1587600
2019-06-05 14:15:00,2.3007297500,2.3007297500,2.2756308800,2.2923634600,2068400
2019-06-05 14:30:00,2.2923634600,2.2923634600,2.2839971700,2.2923634600,838200
2019-06-05 14:45:00,2.2923634600,2.2923634600,2.2756308800,2.2923634600,910400
2019-06-05 15:00:00,2.2923634600,2.3007297500,2.2839971700,2.2923634600,1393871
2019-06-06 09:45:00,2.2923634600,2.2923634600,2.2170668500,2.2170668500,5117600
2019-06-06 10:00:00,2.2170668500,2.2254331400,2.2003342700,2.2087005600,2749200
2019-06-06 10:15:00,2.2003342700,2.2337994300,2.2003342700,2.2337994300,1440352
2019-06-06 10:30:00,2.2337994300,2.2337994300,2.2170668500,2.2170668500,1410049
2019-06-06 10:45:00,2.2087005600,2.2254331400,2.2087005600,2.2087005600,679899
2019-06-06 11:00:00,2.2087005600,2.2170668500,2.2003342700,2.2087005600,870900
2019-06-06 11:15:00,2.2087005600,2.2087005600,2.2003342700,2.2087005600,1207000
2019-06-06 11:30:00,2.2003342700,2.2254331400,2.2003342700,2.2254331400,844946
2019-06-06 13:15:00,2.2170668500,2.2337994300,2.2170668500,2.2337994300,488721
2019-06-06 13:30:00,2.2337994300,2.2337994300,2.2170668500,2.2170668500,424579
2019-06-06 13:45:00,2.2170668500,2.2254331400,2.2087005600,2.2170668500,602854
2019-06-06 14:00:00,2.2170668500,2.2254331400,2.2087005600,2.2170668500,538200
2019-06-06 14:15:00,2.2170668500,2.2170668500,2.2087005600,2.2087005600,379200
2019-06-06 14:30:00,2.2087005600,2.2170668500,2.2003342700,2.2087005600,1246600
2019-06-06 14:45:00,2.2087005600,2.2170668500,2.2003342700,2.2170668500,847200
2019-06-06 15:00:00,2.2170668500,2.2170668500,2.2003342700,2.2087005600,1300030
2019-06-10 09:45:00,2.2087005600,2.2254331400,2.1919679800,2.2170668500,2242400
2019-06-10 10:00:00,2.2087005600,2.2170668500,2.1668691100,2.1668691100,2446400
2019-06-10 10:15:00,2.1752354000,2.1919679800,2.1668691100,2.1919679800,1165119
2019-06-10 10:30:00,2.1836016900,2.2003342700,2.1836016900,2.1919679800,654100
2019-06-10 10:45:00,2.1919679800,2.2003342700,2.1836016900,2.1919679800,573000
2019-06-10 11:00:00,2.1919679800,2.2003342700,2.1836016900,2.1919679800,1022500
2019-06-10 11:15:00,2.2003342700,2.2087005600,2.1919679800,2.2087005600,1061200
2019-06-10 11:30:00,2.2087005600,2.2170668500,2.2003342700,2.2003342700,900800
2019-06-10 13:15:00,2.2087005600,2.2170668500,2.2087005600,2.2087005600,319701
2019-06-10 13:30:00,2.2087005600,2.2170668500,2.2087005600,2.2087005600,149000
2019-06-10 13:45:00,2.2087005600,2.2170668500,2.2003342700,2.2003342700,758899
2019-06-10 14:00:00,2.2003342700,2.2087005600,2.2003342700,2.2087005600,202800
2019-06-10 14:15:00,2.2003342700,2.2087005600,2.2003342700,2.2087005600,188553
2019-06-10 14:30:00,2.2003342700,2.2087005600,2.1919679800,2.1919679800,743547
2019-06-10 14:45:00,2.2003342700,2.2087005600,2.1919679800,2.2087005600,694000
2019-06-10 15:00:00,2.2087005600,2.2087005600,2.1919679800,2.2003342700,1149800
2019-06-11 09:45:00,2.2003342700,2.2170668500,2.2003342700,2.2087005600,1335601
2019-06-11 10:00:00,2.2087005600,2.2421657200,2.2087005600,2.2421657200,2313608
2019-06-11 10:15:00,2.2421657200,2.2505320100,2.2337994300,2.2421657200,2043100
2019-06-11 10:30:00,2.2337994300,2.2505320100,2.2337994300,2.2505320100,949700
2019-06-11 10:45:00,2.2505320100,2.2588983000,2.2421657200,2.2588983000,1377900
2019-06-11 11:00:00,2.2588983000,2.2756308800,2.2505320100,2.2672645900,1706800
2019-06-11 11:15:00,2.2672645900,2.2672645900,2.2588983000,2.2672645900,581100
2019-06-11 11:30:00,2.2672645900,2.2672645900,2.2588983000,2.2588983000,776249
2019-06-11 13:15:00,2.2672645900,2.2756308800,2.2588983000,2.2588983000,1170333
2019-06-11 13:30:00,2.2588983000,2.2756308800,2.2588983000,2.2756308800,659805
2019-06-11 13:45:00,2.2756308800,2.2756308800,2.2588983000,2.2672645900,865100
2019-06-11 14:00:00,2.2672645900,2.2756308800,2.2672645900,2.2756308800,1029524
2019-06-11 14:15:00,2.2756308800,2.2923634600,2.2672645900,2.2923634600,1926200
2019-06-11 14:30:00,2.2923634600,2.2923634600,2.2756308800,2.2839971700,916801
2019-06-11 14:45:00,2.2839971700,2.2923634600,2.2756308800,2.2923634600,708101
2019-06-11 15:00:00,2.2923634600,2.2923634600,2.2756308800,2.2923634600,1871900
2019-06-12 09:45:00,2.2923634600,2.3174623300,2.2839971700,2.2923634600,2461253
2019-06-12 10:00:00,2.3007297500,2.3007297500,2.2839971700,2.2839971700,836208
2019-06-12 10:15:00,2.2923634600,2.3007297500,2.2839971700,2.2923634600,1055800
2019-06-12 10:30:00,2.2923634600,2.2923634600,2.2756308800,2.2756308800,1932039
2019-06-12 10:45:00,2.2756308800,2.2839971700,2.2588983000,2.2672645900,1577100
2019-06-12 11:00:00,2.2672645900,2.2756308800,2.2588983000,2.2588983000,1532700
2019-06-12 11:15:00,2.2672645900,2.2672645900,2.2505320100,2.2588983000,830100
2019-06-12 11:30:00,2.2588983000,2.2672645900,2.2588983000,2.2672645900,455600
2019-06-12 13:15:00,2.2588983000,2.2672645900,2.2505320100,2.2588983000,757700
2019-06-12 13:30:00,2.2588983000,2.2672645900,2.2588983000,2.2588983000,555299
2019-06-12 13:45:00,2.2672645900,2.2672645900,2.2505320100,2.2588983000,545701
2019-06-12 14:00:00,2.2588983000,2.2672645900,2.2505320100,2.2672645900,330000
2019-06-12 14:15:00,2.2588983000,2.2756308800,2.2588983000,2.2756308800,707000
2019-06-12 14:30:00,2.2672645900,2.2756308800,2.2672645900,2.2672645900,359500
2019-06-12 14:45:00,2.2672645900,2.2756308800,2.2672645900,2.2756308800,348205
2019-06-12 15:00:00,2.2756308800,2.2756308800,2.2672645900,2.2756308800,864200
2019-06-13 09:45:00,2.2756308800,2.2839971700,2.2588983000,2.2672645900,1213259
2019-06-13 10:00:00,2.2672645900,2.2672645900,2.2505320100,2.2505320100,482100
2019-06-13 10:15:00,2.2505320100,2.2588983000,2.2254331400,2.2254331400,2168900
2019-06-13 10:30:00,2.2254331400,2.2337994300,2.2087005600,2.2087005600,3321200
2019-06-13 10:45:00,2.2170668500,2.2337994300,2.2170668500,2.2254331400,883680
2019-06-13 11:00:00,2.2254331400,2.2337994300,2.2170668500,2.2337994300,674300
2019-06-13 11:15:00,2.2337994300,2.2421657200,2.2254331400,2.2421657200,727410
2019-06-13 11:30:00,2.2337994300,2.2588983000,2.2337994300,2.2588983000,898500
2019-06-13 13:15:00,2.2588983000,2.2672645900,2.2505320100,2.2505320100,714200
2019-06-13 13:30:00,2.2505320100,2.2588983000,2.2421657200,2.2505320100,684200
2019-06-13 13:45:00,2.2505320100,2.2672645900,2.2421657200,2.2672645900,932300
2019-06-13 14:00:00,2.2672645900,2.2672645900,2.2588983000,2.2588983000,510200
2019-06-13 14:15:00,2.2588983000,2.2672645900,2.2588983000,2.2672645900,256600
2019-06-13 14:30:00,2.2588983000,2.2672645900,2.2588983000,2.2672645900,359500
2019-06-13 14:45:00,2.2672645900,2.2672645900,2.2505320100,2.2588983000,673900
2019-06-13 15:00:00,2.2588983000,2.2672645900,2.2505320100,2.2505320100,1293900
2019-06-14 09:45:00,2.2588983000,2.2756308800,2.2588983000,2.2756308800,2468517
2019-06-14 10:00:00,2.2756308800,2.2839971700,2.2672645900,2.2756308800,2013479
2019-06-14 10:15:00,2.2756308800,2.2756308800,2.2505320100,2.2588983000,1184621
2019-06-14 10:30:00,2.2588983000,2.2672645900,2.2588983000,2.2588983000,508023
2019-06-14 10:45:00,2.2588983000,2.2672645900,2.2588983000,2.2588983000,517500
2019-06-14 11:00:00,2.2588983000,2.2672645900,2.2505320100,2.2505320100,649100
2019-06-14 11:15:00,2.2588983000,2.2588983000,2.2421657200,2.2505320100,805400
2019-06-14 11:30:00,2.2505320100,2.2505320100,2.2421657200,2.2505320100,412900
2019-06-14 13:15:00,2.2421657200,2.2588983000,2.2421657200,2.2421657200,659113
2019-06-14 13:30:00,2.2421657200,2.2505320100,2.2337994300,2.2421657200,711000
2019-06-14 13:45:00,2.2337994300,2.2505320100,2.2337994300,2.2421657200,576500
2019-06-14 14:00:00,2.2421657200,2.2421657200,2.2170668500,2.2254331400,1208064
2019-06-14 14:15:00,2.2170668500,2.2254331400,2.2170668500,2.2254331400,940700
2019-06-14 14:30:00,2.2254331400,2.2254331400,2.2087005600,2.2170668500,1055036
2019-06-14 14:45:00,2.2087005600,2.2254331400,2.2087005600,2.2087005600,1164700
2019-06-14 15:00:00,2.2087005600,2.2254331400,2.2087005600,2.2170668500,1386267
2019-06-17 09:45:00,2.2170668500,2.2337994300,2.2003342700,2.2170668500,1486200
2019-06-17 10:00:00,2.2170668500,2.2254331400,2.2087005600,2.2170668500,738000
2019-06-17 10:15:00,2.2170668500,2.2254331400,2.2087005600,2.2170668500,865000
2019-06-17 10:30:00,2.2170668500,2.2254331400,2.2087005600,2.2087005600,542600
2019-06-17 10:45:00,2.2087005600,2.2170668500,2.2087005600,2.2087005600,472800
2019-06-17 11:00:00,2.2087005600,2.2254331400,2.2087005600,2.2170668500,544500
2019-06-17 11:15:00,2.2170668500,2.2254331400,2.2087005600,2.2087005600,476000
2019-06-17 11:30:00,2.2087005600,2.2170668500,2.2087005600,2.2170668500,200900
2019-06-17 13:15:00,2.2087005600,2.2254331400,2.2087005600,2.2087005600,672800
2019-06-17 13:30:00,2.2087005600,2.2254331400,2.2087005600,2.2087005600,557400
2019-06-17 13:45:00,2.2087005600,2.2170668500,2.1919679800,2.1919679800,2059500
2019-06-17 14:00:00,2.1919679800,2.2087005600,2.1836016900,2.2003342700,1653388
2019-06-17 14:15:00,2.2003342700,2.2087005600,2.1836016900,2.2003342700,1160900
2019-06-17 14:30:00,2.1919679800,2.2087005600,2.1836016900,2.1919679800,954500
2019-06-17 14:45:00,2.1919679800,2.2003342700,2.1919679800,2.1919679800,594300
2019-06-17 15:00:00,2.1919679800,2.2087005600,2.1919679800,2.2087005600,966428
2019-06-18 09:45:00,2.2170668500,2.2170668500,2.1919679800,2.2003342700,1107900
2019-06-18 10:00:00,2.2003342700,2.2087005600,2.1836016900,2.1919679800,1269300
2019-06-18 10:15:00,2.1836016900,2.1919679800,2.1752354000,2.1836016900,837400
2019-06-18 10:30:00,2.1836016900,2.2003342700,2.1836016900,2.1919679800,438100
2019-06-18 10:45:00,2.1919679800,2.2003342700,2.1836016900,2.1919679800,394200
2019-06-18 11:00:00,2.1919679800,2.2170668500,2.1919679800,2.2003342700,1785000
2019-06-18 11:15:00,2.2087005600,2.2087005600,2.1836016900,2.1919679800,1145100
2019-06-18 11:30:00,2.1919679800,2.2003342700,2.1836016900,2.1836016900,452383
2019-06-18 13:15:00,2.1919679800,2.2003342700,2.1668691100,2.1836016900,3765900
2019-06-18 13:30:00,2.1752354000,2.1836016900,2.1752354000,2.1836016900,484500
2019-06-18 13:45:00,2.1836016900,2.1836016900,2.1752354000,2.1836016900,294500
2019-06-18 14:00:00,2.1836016900,2.1919679800,2.1752354000,2.1752354000,575800
2019-06-18 14:15:00,2.1752354000,2.1919679800,2.1752354000,2.1919679800,437291
2019-06-18 14:30:00,2.1919679800,2.1919679800,2.1836016900,2.1919679800,496510
2019-06-18 14:45:00,2.1919679800,2.2003342700,2.1836016900,2.1919679800,459800
2019-06-18 15:00:00,2.1919679800,2.2003342700,2.1752354000,2.1919679800,2083730
2019-06-19 09:45:00,2.2421657200,2.2672645900,2.2421657200,2.2505320100,9940400
2019-06-19 10:00:00,2.2505320100,2.2505320100,2.2337994300,2.2337994300,2483400
2019-06-19 10:15:00,2.2337994300,2.2421657200,2.2254331400,2.2254331400,1446700
2019-06-19 10:30:00,2.2254331400,2.2421657200,2.2254331400,2.2337994300,599600
2019-06-19 10:45:00,2.2337994300,2.2421657200,2.2337994300,2.2421657200,400500
2019-06-19 11:00:00,2.2421657200,2.2421657200,2.2254331400,2.2254331400,583200
2019-06-19 11:15:00,2.2254331400,2.2337994300,2.2254331400,2.2337994300,270200
2019-06-19 11:30:00,2.2254331400,2.2421657200,2.2254331400,2.2337994300,1152540
2019-06-19 13:15:00,2.2421657200,2.2505320100,2.2421657200,2.2505320100,1292650
2019-06-19 13:30:00,2.2505320100,2.2505320100,2.2421657200,2.2421657200,722800
2019-06-19 13:45:00,2.2421657200,2.2505320100,2.2337994300,2.2421657200,528000
2019-06-19 14:00:00,2.2421657200,2.2421657200,2.2337994300,2.2421657200,297100
2019-06-19 14:15:00,2.2421657200,2.2421657200,2.2337994300,2.2421657200,451600
2019-06-19 14:30:00,2.2337994300,2.2421657200,2.2170668500,2.2337994300,2252900
2019-06-19 14:45:00,2.2337994300,2.2337994300,2.2254331400,2.2254331400,685800
2019-06-19 15:00:00,2.2254331400,2.2337994300,2.2254331400,2.2254331400,663431
2019-06-20 09:45:00,2.2170668500,2.2337994300,2.2170668500,2.2254331400,1192852
2019-06-20 10:00:00,2.2337994300,2.2337994300,2.2170668500,2.2170668500,1046401
2019-06-20 10:15:00,2.2254331400,2.2337994300,2.2170668500,2.2254331400,1641769
2019-06-20 10:30:00,2.2254331400,2.2505320100,2.2254331400,2.2421657200,3893200
2019-06-20 10:45:00,2.2421657200,2.2588983000,2.2337994300,2.2421657200,1707900
2019-06-20 11:00:00,2.2505320100,2.2588983000,2.2337994300,2.2505320100,3082700
2019-06-20 11:15:00,2.2505320100,2.2672645900,2.2421657200,2.2672645900,3605250
2019-06-20 11:30:00,2.2672645900,2.2839971700,2.2588983000,2.2756308800,4407200
2019-06-20 13:15:00,2.2756308800,2.2923634600,2.2588983000,2.2839971700,3984722
2019-06-20 13:30:00,2.2839971700,2.2923634600,2.2672645900,2.2756308800,2073400
2019-06-20 13:45:00,2.2756308800,2.2756308800,2.2672645900,2.2756308800,889100
2019-06-20 14:00:00,2.2672645900,2.2839971700,2.2672645900,2.2756308800,1439000
2019-06-20 14:15:00,2.2756308800,2.2756308800,2.2672645900,2.2756308800,541000
2019-06-20 14:30:00,2.2756308800,2.2756308800,2.2672645900,2.2756308800,704300
2019-06-20 14:45:00,2.2756308800,2.2756308800,2.2672645900,2.2756308800,880400
2019-06-20 15:00:00,2.2756308800,2.2839971700,2.2672645900,2.2756308800,2520301
2019-06-21 09:45:00,2.2756308800,2.3090960400,2.2672645900,2.3007297500,5016031
2019-06-21 10:00:00,2.3007297500,2.3090960400,2.2839971700,2.3007297500,2395800
2019-06-21 10:15:00,2.3007297500,2.3007297500,2.2839971700,2.3007297500,1013200
2019-06-21 10:30:00,2.3007297500,2.3090960400,2.2923634600,2.3090960400,1697400
2019-06-21 10:45:00,2.3090960400,2.3174623300,2.3007297500,2.3090960400,1478700
2019-06-21 11:00:00,2.3174623300,2.3174623300,2.3090960400,2.3174623300,761000
2019-06-21 11:15:00,2.3174623300,2.3258286200,2.3090960400,2.3258286200,1352700
2019-06-21 11:30:00,2.3258286200,2.3258286200,2.3090960400,2.3174623300,1358700
2019-06-21 13:15:00,2.3174623300,2.3258286200,2.3090960400,2.3090960400,1026800
2019-06-21 13:30:00,2.3090960400,2.3174623300,2.3090960400,2.3090960400,1234600
2019-06-21 13:45:00,2.3090960400,2.3174623300,2.3007297500,2.3090960400,1177400
2019-06-21 14:00:00,2.3090960400,2.3174623300,2.2923634600,2.3090960400,2654200
2019-06-21 14:15:00,2.3007297500,2.3090960400,2.2923634600,2.2923634600,1911500
2019-06-21 14:30:00,2.2923634600,2.3007297500,2.2839971700,2.3007297500,1580300
2019-06-21 14:45:00,2.3007297500,2.3007297500,2.2923634600,2.3007297500,1016700
2019-06-21 15:00:00,2.3007297500,2.3174623300,2.2923634600,2.3174623300,3432700
2019-06-24 09:45:00,2.3090960400,2.3258286200,2.3007297500,2.3007297500,3154600
2019-06-24 10:00:00,2.3090960400,2.3090960400,2.2923634600,2.2923634600,2138500
2019-06-24 10:15:00,2.2923634600,2.3090960400,2.2923634600,2.3007297500,932200
2019-06-24 10:30:00,2.3007297500,2.3090960400,2.2923634600,2.3007297500,899600
2019-06-24 10:45:00,2.3007297500,2.3090960400,2.2923634600,2.3090960400,1732200
2019-06-24 11:00:00,2.3090960400,2.3174623300,2.2923634600,2.3007297500,1525800
2019-06-24 11:15:00,2.3007297500,2.3090960400,2.2923634600,2.3007297500,1321700
2019-06-24 11:30:00,2.3007297500,2.3090960400,2.2839971700,2.2923634600,1009400
2019-06-24 13:15:00,2.2923634600,2.3007297500,2.2839971700,2.3007297500,643100
2019-06-24 13:30:00,2.3007297500,2.3007297500,2.2839971700,2.2923634600,1218100
2019-06-24 13:45:00,2.2923634600,2.3007297500,2.2839971700,2.3007297500,594100
2019-06-24 14:00:00,2.3007297500,2.3090960400,2.2923634600,2.3007297500,553500
2019-06-24 14:15:00,2.3007297500,2.3090960400,2.2923634600,2.3007297500,678600
2019-06-24 14:30:00,2.3007297500,2.3090960400,2.2923634600,2.3007297500,483700
2019-06-24 14:45:00,2.3007297500,2.3007297500,2.2923634600,2.3007297500,308700
2019-06-24 15:00:00,2.2923634600,2.3007297500,2.2923634600,2.2923634600,1514947
2019-06-25 09:45:00,2.3090960400,2.3090960400,2.2839971700,2.2839971700,3091500
2019-06-25 10:00:00,2.2839971700,2.3007297500,2.2839971700,2.2923634600,990800
2019-06-25 10:15:00,2.2923634600,2.3007297500,2.2756308800,2.2839971700,1965300
2019-06-25 10:30:00,2.2839971700,2.2923634600,2.2756308800,2.2839971700,1384000
2019-06-25 10:45:00,2.2839971700,2.2839971700,2.2672645900,2.2756308800,1030600
2019-06-25 11:00:00,2.2756308800,2.2756308800,2.2588983000,2.2588983000,1348200
2019-06-25 11:15:00,2.2588983000,2.2672645900,2.2421657200,2.2505320100,2831755
2019-06-25 11:30:00,2.2505320100,2.2588983000,2.2421657200,2.2588983000,1665400
2019-06-25 13:15:00,2.2588983000,2.2588983000,2.2421657200,2.2588983000,530900
2019-06-25 13:30:00,2.2588983000,2.2588983000,2.2505320100,2.2505320100,355600
2019-06-25 13:45:00,2.2505320100,2.2588983000,2.2505320100,2.2505320100,254100
2019-06-25 14:00:00,2.2505320100,2.2672645900,2.2505320100,2.2588983000,1460940
2019-06-25 14:15:00,2.2588983000,2.2672645900,2.2588983000,2.2672645900,372700
2019-06-25 14:30:00,2.2672645900,2.2672645900,2.2505320100,2.2588983000,586283
2019-06-25 14:45:00,2.2588983000,2.2756308800,2.2505320100,2.2756308800,834954
2019-06-25 15:00:00,2.2756308800,2.2756308800,2.2672645900,2.2672645900,1432832
2019-06-26 09:45:00,2.2839971700,2.2839971700,2.2588983000,2.2588983000,1789600
2019-06-26 10:00:00,2.2672645900,2.2756308800,2.2588983000,2.2672645900,1024400
2019-06-26 10:15:00,2.2672645900,2.2672645900,2.2505320100,2.2588983000,1268200
2019-06-26 10:30:00,2.2588983000,2.2672645900,2.2505320100,2.2588983000,1134700
2019-06-26 10:45:00,2.2588983000,2.2756308800,2.2588983000,2.2672645900,808047
2019-06-26 11:00:00,2.2672645900,2.2756308800,2.2588983000,2.2588983000,373153
2019-06-26 11:15:00,2.2588983000,2.2672645900,2.2588983000,2.2588983000,262800
2019-06-26 11:30:00,2.2588983000,2.2672645900,2.2588983000,2.2588983000,613600
2019-06-26 13:15:00,2.2672645900,2.2672645900,2.2505320100,2.2588983000,920000
2019-06-26 13:30:00,2.2672645900,2.2672645900,2.2421657200,2.2505320100,2251400
2019-06-26 13:45:00,2.2421657200,2.2588983000,2.2421657200,2.2421657200,603600
2019-06-26 14:00:00,2.2421657200,2.2588983000,2.2421657200,2.2505320100,400900
2019-06-26 14:15:00,2.2505320100,2.2588983000,2.2421657200,2.2421657200,691400
2019-06-26 14:30:00,2.2421657200,2.2588983000,2.2421657200,2.2505320100,359200
2019-06-26 14:45:00,2.2505320100,2.2588983000,2.2505320100,2.2588983000,451200
2019-06-26 15:00:00,2.2588983000,2.2588983000,2.2505320100,2.2505320100,1112200
2019-06-27 09:45:00,2.2588983000,2.2923634600,2.2505320100,2.2839971700,2578859
2019-06-27 10:00:00,2.2839971700,2.2923634600,2.2839971700,2.2923634600,1374700
2019-06-27 10:15:00,2.2923634600,2.3007297500,2.2839971700,2.3007297500,1933400
2019-06-27 10:30:00,2.3007297500,2.3007297500,2.2756308800,2.2756308800,1196200
2019-06-27 10:45:00,2.2756308800,2.2839971700,2.2672645900,2.2756308800,765900
2019-06-27 11:00:00,2.2756308800,2.2756308800,2.2672645900,2.2672645900,357100
2019-06-27 11:15:00,2.2672645900,2.2839971700,2.2672645900,2.2756308800,702100
2019-06-27 11:30:00,2.2756308800,2.2839971700,2.2756308800,2.2839971700,256801
2019-06-27 13:15:00,2.2839971700,2.2923634600,2.2756308800,2.2839971700,566800
2019-06-27 13:30:00,2.2839971700,2.2923634600,2.2756308800,2.2923634600,365100
2019-06-27 13:45:00,2.2923634600,2.2923634600,2.2756308800,2.2923634600,1200500
2019-06-27 14:00:00,2.2839971700,2.2923634600,2.2756308800,2.2839971700,701200
2019-06-27 14:15:00,2.2839971700,2.2839971700,2.2672645900,2.2756308800,1767700
2019-06-27 14:30:00,2.2839971700,2.2839971700,2.2756308800,2.2839971700,508900
2019-06-27 14:45:00,2.2839971700,2.2839971700,2.2756308800,2.2839971700,779800
2019-06-27 15:00:00,2.2839971700,2.2839971700,2.2672645900,2.2756308800,2263989
2019-06-28 09:45:00,2.2839971700,2.2839971700,2.2588983000,2.2672645900,1802500
2019-06-28 10:00:00,2.2672645900,2.2672645900,2.2421657200,2.2505320100,1639800
2019-06-28 10:15:00,2.2505320100,2.2588983000,2.2505320100,2.2505320100,399900
2019-06-28 10:30:00,2.2505320100,2.2588983000,2.2421657200,2.2505320100,1000600
2019-06-28 10:45:00,2.2505320100,2.2505320100,2.2421657200,2.2421657200,748800
2019-06-28 11:00:00,2.2505320100,2.2505320100,2.2337994300,2.2421657200,744600
2019-06-28 11:15:00,2.2421657200,2.2421657200,2.2337994300,2.2421657200,458600
2019-06-28 11:30:00,2.2421657200,2.2505320100,2.2337994300,2.2421657200,294500
2019-06-28 13:15:00,2.2421657200,2.2505320100,2.2337994300,2.2337994300,415200
2019-06-28 13:30:00,2.2421657200,2.2756308800,2.2337994300,2.2672645900,2141338
2019-06-28 13:45:00,2.2672645900,2.2756308800,2.2588983000,2.2588983000,751000
2019-06-28 14:00:00,2.2588983000,2.2672645900,2.2588983000,2.2588983000,172600
2019-06-28 14:15:00,2.2588983000,2.2672645900,2.2505320100,2.2505320100,425600
2019-06-28 14:30:00,2.2505320100,2.2672645900,2.2505320100,2.2672645900,772122
2019-06-28 14:45:00,2.2672645900,2.2756308800,2.2588983000,2.2672645900,1102000
2019-06-28 15:00:00,2.2672645900,2.2756308800,2.2588983000,2.2756308800,910100
2019-07-01 09:45:00,2.3341949100,2.3341949100,2.2923634600,2.3007297500,7401600
2019-07-01 10:00:00,2.3007297500,2.3174623300,2.2923634600,2.3090960400,1850801
2019-07-01 10:15:00,2.3174623300,2.3258286200,2.3090960400,2.3258286200,2325022
2019-07-01 10:30:00,2.3174623300,2.3258286200,2.3090960400,2.3258286200,1730800
2019-07-01 10:45:00,2.3258286200,2.3258286200,2.3090960400,2.3174623300,1173200
2019-07-01 11:00:00,2.3174623300,2.3258286200,2.3090960400,2.3258286200,1309047
2019-07-01 11:15:00,2.3258286200,2.3341949100,2.3174623300,2.3341949100,2037300
2019-07-01 11:30:00,2.3341949100,2.3341949100,2.3174623300,2.3174623300,832200
2019-07-01 13:15:00,2.3174623300,2.3258286200,2.3174623300,2.3258286200,554999
2019-07-01 13:30:00,2.3174623300,2.3258286200,2.3174623300,2.3174623300,703000
2019-07-01 13:45:00,2.3174623300,2.3258286200,2.3090960400,2.3174623300,1351600
2019-07-01 14:00:00,2.3174623300,2.3258286200,2.3090960400,2.3258286200,592200
2019-07-01 14:15:00,2.3174623300,2.3258286200,2.3174623300,2.3174623300,658600
2019-07-01 14:30:00,2.3174623300,2.3258286200,2.3174623300,2.3258286200,470400
2019-07-01 14:45:00,2.3174623300,2.3258286200,2.3090960400,2.3174623300,847500
2019-07-01 15:00:00,2.3090960400,2.3258286200,2.3090960400,2.3174623300,1592900
2019-07-02 09:45:00,2.3174623300,2.3341949100,2.3090960400,2.3174623300,2741047
2019-07-02 10:00:00,2.3258286200,2.3341949100,2.3174623300,2.3341949100,1518125
2019-07-02 10:15:00,2.3341949100,2.3341949100,2.3258286200,2.3258286200,1236200
2019-07-02 10:30:00,2.3258286200,2.3341949100,2.3258286200,2.3341949100,391401
2019-07-02 10:45:00,2.3341949100,2.3341949100,2.3258286200,2.3341949100,569800
2019-07-02 11:00:00,2.3341949100,2.3341949100,2.3258286200,2.3258286200,560700
2019-07-02 11:15:00,2.3258286200,2.3341949100,2.3174623300,2.3174623300,812674
2019-07-02 11:30:00,2.3174623300,2.3258286200,2.3174623300,2.3174623300,725200
2019-07-02 13:15:00,2.3174623300,2.3258286200,2.3090960400,2.3174623300,496500
2019-07-02 13:30:00,2.3174623300,2.3258286200,2.3090960400,2.3090960400,496800
2019-07-02 13:45:00,2.3090960400,2.3174623300,2.3090960400,2.3090960400,483700
2019-07-02 14:00:00,2.3090960400,2.3174623300,2.3090960400,2.3090960400,390810
2019-07-02 14:15:00,2.3090960400,2.3174623300,2.3007297500,2.3090960400,1162200
2019-07-02 14:30:00,2.3090960400,2.3174623300,2.3090960400,2.3174623300,1372800
2019-07-02 14:45:00,2.3174623300,2.3258286200,2.3090960400,2.3174623300,1798100
2019-07-02 15:00:00,2.3174623300,2.3258286200,2.3090960400,2.3090960400,1138908
2019-07-03 09:45:00,2.3090960400,2.3174623300,2.3007297500,2.3090960400,1765200
2019-07-03 10:00:00,2.3007297500,2.3090960400,2.2923634600,2.2923634600,961200
2019-07-03 10:15:00,2.2923634600,2.3007297500,2.2839971700,2.3007297500,2494300
2019-07-03 10:30:00,2.3007297500,2.3007297500,2.2839971700,2.2839971700,394700
2019-07-03 10:45:00,2.2839971700,2.2839971700,2.2756308800,2.2839971700,1193500
2019-07-03 11:00:00,2.2839971700,2.2923634600,2.2756308800,2.2839971700,1227600
2019-07-03 11:15:00,2.2839971700,2.2923634600,2.2756308800,2.2839971700,582300
2019-07-03 11:30:00,2.2839971700,2.2923634600,2.2839971700,2.2923634600,585150
2019-07-03 13:15:00,2.2923634600,2.2923634600,2.2756308800,2.2923634600,688001
2019-07-03 13:30:00,2.2923634600,2.2923634600,2.2756308800,2.2839971700,576100
2019-07-03 13:45:00,2.2839971700,2.2923634600,2.2756308800,2.2839971700,567200
2019-07-03 14:00:00,2.2839971700,2.2839971700,2.2756308800,2.2839971700,504500
2019-07-03 14:15:00,2.2839971700,2.2923634600,2.2756308800,2.2839971700,1179300
2019-07-03 14:30:00,2.2839971700,2.2923634600,2.2756308800,2.2756308800,691400
2019-07-03 14:45:00,2.2839971700,2.2839971700,2.2756308800,2.2756308800,763800
2019-07-03 15:00:00,2.2756308800,2.2839971700,2.2756308800,2.2756308800,1253402
2019-07-04 09:45:00,2.2923634600,2.4011252300,2.2923634600,2.3927589400,15594660
2019-07-04 10:00:00,2.3927589400,2.4764218400,2.3927589400,2.4178578100,17198101
2019-07-04 10:15:00,2.4178578100,2.4345903900,2.4011252300,2.4094915200,4800939
2019-07-04 10:30:00,2.4178578100,2.4262241000,2.4094915200,2.4178578100,2172108
2019-07-04 10:45:00,2.4094915200,2.4178578100,2.4011252300,2.4094915200,2104700
2019-07-04 11:00:00,2.4011252300,2.4094915200,2.3843926500,2.3927589400,1885400
2019-07-04 11:15:00,2.3927589400,2.4094915200,2.3843926500,2.4094915200,1946400
2019-07-04 11:30:00,2.4011252300,2.4094915200,2.3927589400,2.3927589400,1088700
2019-07-04 13:15:00,2.3927589400,2.4011252300,2.3843926500,2.3927589400,1304700
2019-07-04 13:30:00,2.3843926500,2.4011252300,2.3843926500,2.3927589400,931600
2019-07-04 13:45:00,2.3927589400,2.4011252300,2.3843926500,2.3927589400,936200
2019-07-04 14:00:00,2.3927589400,2.3927589400,2.3843926500,2.3927589400,900600
2019-07-04 14:15:00,2.3927589400,2.3927589400,2.3760263600,2.3760263600,1182800
2019-07-04 14:30:00,2.3760263600,2.3843926500,2.3592937800,2.3676600700,2228300
2019-07-04 14:45:00,2.3676600700,2.3760263600,2.3509274900,2.3760263600,2542900
2019-07-04 15:00:00,2.3760263600,2.3760263600,2.3676600700,2.3676600700,2121623
2019-07-05 09:45:00,2.4764218400,2.5433521600,2.4011252300,2.4178578100,27708484
2019-07-05 10:00:00,2.4178578100,2.4345903900,2.4011252300,2.4178578100,7943577
2019-07-05 10:15:00,2.4094915200,2.4262241000,2.4094915200,2.4178578100,2606974
2019-07-05 10:30:00,2.4178578100,2.4262241000,2.4094915200,2.4178578100,1233800
2019-07-05 10:45:00,2.4094915200,2.4262241000,2.4094915200,2.4178578100,2119900
2019-07-05 11:00:00,2.4178578100,2.4262241000,2.4094915200,2.4094915200,1533201
2019-07-05 11:15:00,2.4094915200,2.4178578100,2.4011252300,2.4094915200,1440500
2019-07-05 11:30:00,2.4178578100,2.4178578100,2.4011252300,2.4094915200,1086225
2019-07-05 13:15:00,2.4094915200,2.4094915200,2.4011252300,2.4011252300,1115400
2019-07-05 13:30:00,2.4011252300,2.4178578100,2.4011252300,2.4094915200,1572600
2019-07-05 13:45:00,2.4178578100,2.4262241000,2.4094915200,2.4178578100,1944300
2019-07-05 14:00:00,2.4094915200,2.4262241000,2.4094915200,2.4178578100,1048500
2019-07-05 14:15:00,2.4262241000,2.4262241000,2.4094915200,2.4178578100,1300900
2019-07-05 14:30:00,2.4178578100,2.4262241000,2.4094915200,2.4262241000,2144501
2019-07-05 14:45:00,2.4262241000,2.4345903900,2.4178578100,2.4178578100,4903500
2019-07-05 15:00:00,2.4262241000,2.4345903900,2.4178578100,2.4262241000,4808657
2019-07-08 09:45:00,2.3927589400,2.4011252300,2.3676600700,2.3676600700,7198700
2019-07-08 10:00:00,2.3676600700,2.3760263600,2.3592937800,2.3592937800,5640500
2019-07-08 10:15:00,2.3592937800,2.3592937800,2.3174623300,2.3341949100,6793700
2019-07-08 10:30:00,2.3258286200,2.3341949100,2.3007297500,2.3090960400,3763194
2019-07-08 10:45:00,2.3090960400,2.3174623300,2.3007297500,2.3090960400,2904800
2019-07-08 11:00:00,2.3007297500,2.3090960400,2.2672645900,2.2923634600,5626902
2019-07-08 11:15:00,2.2923634600,2.3007297500,2.2839971700,2.2923634600,1476927
2019-07-08 11:30:00,2.2923634600,2.3007297500,2.2839971700,2.2923634600,864300
2019-07-08 13:15:00,2.2923634600,2.3007297500,2.2839971700,2.2839971700,1088500
2019-07-08 13:30:00,2.2839971700,2.2923634600,2.2839971700,2.2839971700,663100
2019-07-08 13:45:00,2.2923634600,2.2923634600,2.2756308800,2.2839971700,1453108
2019-07-08 14:00:00,2.2839971700,2.2923634600,2.2672645900,2.2756308800,2837000
2019-07-08 14:15:00,2.2756308800,2.2923634600,2.2672645900,2.2923634600,1064424
2019-07-08 14:30:00,2.2923634600,2.3007297500,2.2839971700,2.2839971700,1941293
2019-07-08 14:45:00,2.2839971700,2.3090960400,2.2839971700,2.3007297500,2070124
2019-07-08 15:00:00,2.3007297500,2.3090960400,2.2839971700,2.2839971700,3080538
2019-07-09 09:45:00,2.2839971700,2.2923634600,2.2588983000,2.2672645900,4607600
2019-07-09 10:00:00,2.2672645900,2.2672645900,2.2505320100,2.2588983000,4466200
2019-07-09 10:15:00,2.2588983000,2.2588983000,2.2505320100,2.2505320100,903100
2019-07-09 10:30:00,2.2505320100,2.2505320100,2.2421657200,2.2505320100,2081300
2019-07-09 10:45:00,2.2421657200,2.2588983000,2.2421657200,2.2505320100,1295800
2019-07-09 11:00:00,2.2505320100,2.2588983000,2.2421657200,2.2505320100,989946
2019-07-09 11:15:00,2.2421657200,2.2505320100,2.2421657200,2.2505320100,852400
2019-07-09 11:30:00,2.2421657200,2.2421657200,2.2254331400,2.2337994300,2204554
2019-07-09 13:15:00,2.2421657200,2.2505320100,2.2421657200,2.2421657200,1391880
2019-07-09 13:30:00,2.2421657200,2.2505320100,2.2421657200,2.2421657200,893900
2019-07-09 13:45:00,2.2421657200,2.2505320100,2.2421657200,2.2421657200,540600
2019-07-09 14:00:00,2.2421657200,2.2505320100,2.2337994300,2.2421657200,805046
2019-07-09 14:15:00,2.2421657200,2.2505320100,2.2421657200,2.2421657200,1363700
2019-07-09 14:30:00,2.2421657200,2.2588983000,2.2421657200,2.2505320100,1484999
2019-07-09 14:45:00,2.2505320100,2.2588983000,2.2421657200,2.2421657200,1843500
2019-07-09 15:00:00,2.2421657200,2.2505320100,2.2421657200,2.2505320100,2676432
2019-07-10 09:45:00,2.2672645900,2.2672645900,2.2421657200,2.2421657200,2918780
2019-07-10 10:00:00,2.2421657200,2.2505320100,2.2254331400,2.2337994300,2360700
2019-07-10 10:15:00,2.2254331400,2.2421657200,2.2254331400,2.2337994300,906701
2019-07-10 10:30:00,2.2337994300,2.2505320100,2.2337994300,2.2505320100,1518100
2019-07-10 10:45:00,2.2421657200,2.2505320100,2.2337994300,2.2337994300,665400
2019-07-10 11:00:00,2.2337994300,2.2505320100,2.2337994300,2.2505320100,930800
2019-07-10 11:15:00,2.2505320100,2.2505320100,2.2337994300,2.2421657200,1483100
2019-07-10 11:30:00,2.2421657200,2.2421657200,2.2254331400,2.2421657200,1499708
2019-07-10 13:15:00,2.2421657200,2.2421657200,2.2337994300,2.2337994300,277300
2019-07-10 13:30:00,2.2337994300,2.2421657200,2.2254331400,2.2337994300,582000
2019-07-10 13:45:00,2.2337994300,2.2421657200,2.2337994300,2.2337994300,137500
2019-07-10 14:00:00,2.2337994300,2.2421657200,2.2254331400,2.2254331400,497700
2019-07-10 14:15:00,2.2254331400,2.2337994300,2.2254331400,2.2254331400,573500
2019-07-10 14:30:00,2.2254331400,2.2421657200,2.2254331400,2.2337994300,1897700
2019-07-10 14:45:00,2.2254331400,2.2421657200,2.2254331400,2.2337994300,1462100
2019-07-10 15:00:00,2.2254331400,2.2421657200,2.2254331400,2.2337994300,1654400
2019-07-11 09:45:00,2.2505320100,2.2756308800,2.2421657200,2.2588983000,4304400
2019-07-11 10:00:00,2.2588983000,2.2756308800,2.2505320100,2.2672645900,1676700
2019-07-11 10:15:00,2.2672645900,2.2756308800,2.2588983000,2.2588983000,1188900
2019-07-11 10:30:00,2.2588983000,2.2672645900,2.2505320100,2.2588983000,304600
2019-07-11 10:45:00,2.2588983000,2.2588983000,2.2505320100,2.2505320100,500750
2019-07-11 11:00:00,2.2505320100,2.2588983000,2.2505320100,2.2505320100,333700
2019-07-11 11:15:00,2.2588983000,2.2588983000,2.2421657200,2.2505320100,532450
2019-07-11 11:30:00,2.2505320100,2.2505320100,2.2337994300,2.2421657200,1262500
2019-07-11 13:15:00,2.2421657200,2.2421657200,2.2337994300,2.2421657200,257100
2019-07-11 13:30:00,2.2421657200,2.2505320100,2.2337994300,2.2337994300,413600
2019-07-11 13:45:00,2.2337994300,2.2421657200,2.2337994300,2.2337994300,361700
2019-07-11 14:00:00,2.2337994300,2.2421657200,2.2254331400,2.2254331400,987100
2019-07-11 14:15:00,2.2254331400,2.2337994300,2.2254331400,2.2337994300,539500
2019-07-11 14:30:00,2.2337994300,2.2421657200,2.2254331400,2.2421657200,935900
2019-07-11 14:45:00,2.2421657200,2.2421657200,2.2337994300,2.2337994300,336800
2019-07-11 15:00:00,2.2337994300,2.2421657200,2.2337994300,2.2421657200,1206759
2019-07-12 09:45:00,2.2505320100,2.2672645900,2.2337994300,2.2505320100,3653800
2019-07-12 10:00:00,2.2505320100,2.2756308800,2.2421657200,2.2672645900,2747373
2019-07-12 10:15:00,2.2672645900,2.2756308800,2.2588983000,2.2672645900,498527
2019-07-12 10:30:00,2.2672645900,2.2672645900,2.2505320100,2.2505320100,1051800
2019-07-12 10:45:00,2.2505320100,2.2588983000,2.2505320100,2.2505320100,1274500
2019-07-12 11:00:00,2.2505320100,2.2588983000,2.2421657200,2.2505320100,505400
2019-07-12 11:15:00,2.2505320100,2.2672645900,2.2505320100,2.2588983000,637700
2019-07-12 11:30:00,2.2588983000,2.2672645900,2.2588983000,2.2672645900,590300
2019-07-12 13:15:00,2.2672645900,2.2672645900,2.2505320100,2.2588983000,298100
2019-07-12 13:30:00,2.2588983000,2.2588983000,2.2505320100,2.2505320100,449300
2019-07-12 13:45:00,2.2505320100,2.2672645900,2.2505320100,2.2588983000,421400
2019-07-12 14:00:00,2.2505320100,2.2672645900,2.2505320100,2.2588983000,205800
2019-07-12 14:15:00,2.2588983000,2.2672645900,2.2588983000,2.2588983000,178700
2019-07-12 14:30:00,2.2588983000,2.2672645900,2.2588983000,2.2672645900,379525
2019-07-12 14:45:00,2.2588983000,2.2672645900,2.2505320100,2.2505320100,742700
2019-07-12 15:00:00,2.2588983000,2.2672645900,2.2505320100,2.2588983000,2014600
2019-07-15 09:45:00,2.2505320100,2.2588983000,2.2170668500,2.2170668500,3528500
2019-07-15 10:00:00,2.2170668500,2.2421657200,2.2087005600,2.2337994300,2534235
2019-07-15 10:15:00,2.2337994300,2.2421657200,2.2170668500,2.2170668500,1742450
2019-07-15 10:30:00,2.2254331400,2.2672645900,2.2254331400,2.2588983000,2260525
2019-07-15 10:45:00,2.2588983000,2.2923634600,2.2588983000,2.2839971700,3094700
2019-07-15 11:00:00,2.2839971700,2.2839971700,2.2588983000,2.2672645900,1396200
2019-07-15 11:15:00,2.2672645900,2.3007297500,2.2588983000,2.2923634600,4165500
2019-07-15 11:30:00,2.2923634600,2.3090960400,2.2923634600,2.3090960400,3354000
2019-07-15 13:15:00,2.3090960400,2.3090960400,2.2839971700,2.2923634600,2203138
2019-07-15 13:30:00,2.2839971700,2.3007297500,2.2839971700,2.2923634600,1019800
2019-07-15 13:45:00,2.2923634600,2.3007297500,2.2839971700,2.2839971700,763000
2019-07-15 14:00:00,2.2839971700,2.3007297500,2.2839971700,2.2923634600,421600
2019-07-15 14:15:00,2.2923634600,2.3007297500,2.2839971700,2.2839971700,1765600
2019-07-15 14:30:00,2.2839971700,2.2923634600,2.2839971700,2.2923634600,320300
2019-07-15 14:45:00,2.2923634600,2.3007297500,2.2839971700,2.3007297500,1239001
2019-07-15 15:00:00,2.2923634600,2.3258286200,2.2923634600,2.3174623300,4305881
2019-07-16 09:45:00,2.3090960400,2.3174623300,2.2923634600,2.3007297500,5336200
2019-07-16 10:00:00,2.3007297500,2.3090960400,2.2923634600,2.3007297500,2006400
2019-07-16 10:15:00,2.3007297500,2.3174623300,2.3007297500,2.3007297500,1434629
2019-07-16 10:30:00,2.3007297500,2.3090960400,2.3007297500,2.3007297500,1091700
2019-07-16 10:45:00,2.3007297500,2.3090960400,2.2923634600,2.2923634600,1131371
2019-07-16 11:00:00,2.3007297500,2.3090960400,2.2923634600,2.3007297500,901799
2019-07-16 11:15:00,2.3007297500,2.3258286200,2.3007297500,2.3174623300,2065300
2019-07-16 11:30:00,2.3174623300,2.3425612000,2.3174623300,2.3258286200,2034500
2019-07-16 13:15:00,2.3258286200,2.3425612000,2.3174623300,2.3341949100,3202800
2019-07-16 13:30:00,2.3341949100,2.3592937800,2.3258286200,2.3425612000,2805300
2019-07-16 13:45:00,2.3425612000,2.3425612000,2.3341949100,2.3425612000,815160
2019-07-16 14:00:00,2.3425612000,2.3425612000,2.3258286200,2.3425612000,1731700
2019-07-16 14:15:00,2.3425612000,2.3509274900,2.3425612000,2.3509274900,852730
2019-07-16 14:30:00,2.3509274900,2.3509274900,2.3341949100,2.3425612000,785600
2019-07-16 14:45:00,2.3425612000,2.3509274900,2.3341949100,2.3509274900,1789500
2019-07-16 15:00:00,2.3425612000,2.3509274900,2.3341949100,2.3509274900,1541500
2019-07-17 09:45:00,2.3592937800,2.3760263600,2.3509274900,2.3592937800,4025500
2019-07-17 10:00:00,2.3509274900,2.3676600700,2.3509274900,2.3509274900,2113899
2019-07-17 10:15:00,2.3509274900,2.3509274900,2.3341949100,2.3509274900,2102000
2019-07-17 10:30:00,2.3509274900,2.3509274900,2.3341949100,2.3425612000,1924900
2019-07-17 10:45:00,2.3425612000,2.3509274900,2.3341949100,2.3425612000,1001200
2019-07-17 11:00:00,2.3425612000,2.3509274900,2.3341949100,2.3425612000,1273840
2019-07-17 11:15:00,2.3509274900,2.3592937800,2.3425612000,2.3592937800,1602839
2019-07-17 11:30:00,2.3592937800,2.3592937800,2.3509274900,2.3509274900,624600
2019-07-17 13:15:00,2.3592937800,2.3592937800,2.3509274900,2.3592937800,350500
2019-07-17 13:30:00,2.3592937800,2.3676600700,2.3509274900,2.3592937800,1604800
2019-07-17 13:45:00,2.3592937800,2.3676600700,2.3509274900,2.3592937800,1070400
2019-07-17 14:00:00,2.3592937800,2.3592937800,2.3509274900,2.3509274900,298600
2019-07-17 14:15:00,2.3509274900,2.3592937800,2.3425612000,2.3425612000,1232000
2019-07-17 14:30:00,2.3425612000,2.3509274900,2.3341949100,2.3425612000,1756400
2019-07-17 14:45:00,2.3425612000,2.3509274900,2.3341949100,2.3509274900,2347600
2019-07-17 15:00:00,2.3509274900,2.3509274900,2.3425612000,2.3425612000,1226308
2019-07-18 09:45:00,2.3425613000,2.3425613000,2.3171906000,2.3171906000,3030400
2019-07-18 10:00:00,2.3256475000,2.3256475000,2.3002768000,2.3171906000,3542200
2019-07-18 10:15:00,2.3087337000,2.3171906000,2.2918199000,2.3087337000,1924360
2019-07-18 10:30:00,2.3087337000,2.3087337000,2.2918199000,2.3002768000,1417800
2019-07-18 10:45:00,2.3002768000,2.3171906000,2.2918199000,2.3171906000,1215540
2019-07-18 11:00:00,2.3171906000,2.3171906000,2.3087337000,2.3087337000,1212200
2019-07-18 11:15:00,2.3087337000,2.3171906000,2.3087337000,2.3087337000,350000
2019-07-18 11:30:00,2.3171906000,2.3171906000,2.3002768000,2.3087337000,244000
2019-07-18 13:15:00,2.3087337000,2.3087337000,2.3002768000,2.3087337000,254200
2019-07-18 13:30:00,2.3002768000,2.3171906000,2.3002768000,2.3171906000,806200
2019-07-18 13:45:00,2.3171906000,2.3171906000,2.3002768000,2.3087337000,639700
2019-07-18 14:00:00,2.3087337000,2.3171906000,2.3002768000,2.3171906000,738500
2019-07-18 14:15:00,2.3171906000,2.3171906000,2.3002768000,2.3087337000,763100
2019-07-18 14:30:00,2.3087337000,2.3171906000,2.3087337000,2.3087337000,356500
2019-07-18 14:45:00,2.3171906000,2.3171906000,2.3002768000,2.3002768000,912600
2019-07-18 15:00:00,2.3002768000,2.3087337000,2.2918199000,2.3002768000,2383682
2019-07-19 09:45:00,2.3171906000,2.3341044000,2.3087337000,2.3171906000,3830200
2019-07-19 10:00:00,2.3171906000,2.3763889000,2.3171906000,2.3763889000,6146938
2019-07-19 10:15:00,2.3679320000,2.5116993000,2.3594751000,2.4271303000,20163461
2019-07-19 10:30:00,2.4355872000,2.4355872000,2.4017596000,2.4017596000,6703700
2019-07-19 10:45:00,2.4102165000,2.4102165000,2.3933027000,2.4017596000,2198500
2019-07-19 11:00:00,2.4017596000,2.4355872000,2.4017596000,2.4102165000,3349700
2019-07-19 11:15:00,2.4102165000,2.4186734000,2.3933027000,2.4017596000,1116100
2019-07-19 11:30:00,2.4017596000,2.4102165000,2.3933027000,2.4017596000,1103500
2019-07-19 13:15:00,2.4017596000,2.4102165000,2.3933027000,2.4017596000,1644001
2019-07-19 13:30:00,2.4017596000,2.4017596000,2.3763889000,2.3763889000,2796500
2019-07-19 13:45:00,2.3763889000,2.3933027000,2.3763889000,2.3933027000,913900
2019-07-19 14:00:00,2.3933027000,2.3933027000,2.3763889000,2.3848458000,1075600
2019-07-19 14:15:00,2.3848458000,2.3933027000,2.3763889000,2.3933027000,823600
2019-07-19 14:30:00,2.3933027000,2.3933027000,2.3848458000,2.3933027000,967700
2019-07-19 14:45:00,2.3848458000,2.3933027000,2.3848458000,2.3933027000,832700
2019-07-19 15:00:00,2.3848458000,2.4102165000,2.3848458000,2.4017596000,4325900
2019-07-22 09:45:00,2.3933027000,2.4271303000,2.3510182000,2.3594751000,8407400
2019-07-22 10:00:00,2.3510182000,2.3763889000,2.3425613000,2.3594751000,4570100
2019-07-22 10:15:00,2.3594751000,2.4017596000,2.3510182000,2.3679320000,2635700
2019-07-22 10:30:00,2.3594751000,2.3763889000,2.3510182000,2.3510182000,1627300
2019-07-22 10:45:00,2.3510182000,2.3594751000,2.3425613000,2.3510182000,1499100
2019-07-22 11:00:00,2.3510182000,2.3510182000,2.3256475000,2.3341044000,2949274
2019-07-22 11:15:00,2.3341044000,2.3425613000,2.3171906000,2.3425613000,1775300
2019-07-22 11:30:00,2.3425613000,2.3679320000,2.3425613000,2.3594751000,1235500
2019-07-22 13:15:00,2.3594751000,2.3594751000,2.3425613000,2.3510182000,517800
2019-07-22 13:30:00,2.3425613000,2.3510182000,2.3341044000,2.3341044000,551100
2019-07-22 13:45:00,2.3341044000,2.3594751000,2.3341044000,2.3510182000,752900
2019-07-22 14:00:00,2.3510182000,2.3510182000,2.3341044000,2.3425613000,1329200
2019-07-22 14:15:00,2.3425613000,2.3763889000,2.3341044000,2.3679320000,2335600
2019-07-22 14:30:00,2.3679320000,2.3848458000,2.3594751000,2.3594751000,1816000
2019-07-22 14:45:00,2.3679320000,2.3679320000,2.3510182000,2.3510182000,1210500
2019-07-22 15:00:00,2.3510182000,2.3679320000,2.3425613000,2.3510182000,2209200
2019-07-23 09:45:00,2.3510182000,2.3679320000,2.3425613000,2.3594751000,2479758
2019-07-23 10:00:00,2.3594751000,2.3594751000,2.3425613000,2.3594751000,1591900
2019-07-23 10:15:00,2.3594751000,2.3679320000,2.3510182000,2.3594751000,1641200
2019-07-23 10:30:00,2.3594751000,2.3594751000,2.3510182000,2.3510182000,1141301
2019-07-23 10:45:00,2.3510182000,2.3594751000,2.3425613000,2.3425613000,671000
2019-07-23 11:00:00,2.3425613000,2.3594751000,2.3425613000,2.3594751000,946334
2019-07-23 11:15:00,2.3594751000,2.3594751000,2.3510182000,2.3510182000,321800
2019-07-23 11:30:00,2.3510182000,2.3679320000,2.3510182000,2.3594751000,741300
2019-07-23 13:15:00,2.3594751000,2.3679320000,2.3510182000,2.3510182000,440700
2019-07-23 13:30:00,2.3510182000,2.3594751000,2.3510182000,2.3594751000,403900
2019-07-23 13:45:00,2.3510182000,2.3679320000,2.3510182000,2.3594751000,749600
2019-07-23 14:00:00,2.3594751000,2.3679320000,2.3594751000,2.3679320000,392600
2019-07-23 14:15:00,2.3594751000,2.3679320000,2.3510182000,2.3510182000,1454700
2019-07-23 14:30:00,2.3594751000,2.3679320000,2.3510182000,2.3510182000,948000
2019-07-23 14:45:00,2.3594751000,2.3594751000,2.3510182000,2.3594751000,1296600
2019-07-23 15:00:00,2.3594751000,2.3594751000,2.3425613000,2.3594751000,3142400
2019-07-24 09:45:00,2.3510182000,2.3763889000,2.3510182000,2.3594751000,4860000
2019-07-24 10:00:00,2.3594751000,2.3594751000,2.3425613000,2.3594751000,2804300
2019-07-24 10:15:00,2.3594751000,2.3763889000,2.3510182000,2.3679320000,3623901
2019-07-24 10:30:00,2.3679320000,2.3763889000,2.3594751000,2.3679320000,542800
2019-07-24 10:45:00,2.3679320000,2.3679320000,2.3594751000,2.3594751000,566500
2019-07-24 11:00:00,2.3594751000,2.3679320000,2.3594751000,2.3594751000,1207100
2019-07-24 11:15:00,2.3594751000,2.3679320000,2.3594751000,2.3594751000,980601
2019-07-24 11:30:00,2.3594751000,2.3679320000,2.3510182000,2.3679320000,1682201
2019-07-24 13:15:00,2.3679320000,2.3679320000,2.3510182000,2.3510182000,581300
2019-07-24 13:30:00,2.3510182000,2.3594751000,2.3510182000,2.3510182000,262400
2019-07-24 13:45:00,2.3510182000,2.3594751000,2.3425613000,2.3425613000,1410600
2019-07-24 14:00:00,2.3425613000,2.3510182000,2.3341044000,2.3425613000,1623400
2019-07-24 14:15:00,2.3425613000,2.3510182000,2.3341044000,2.3341044000,1373900
2019-07-24 14:30:00,2.3341044000,2.3425613000,2.3341044000,2.3341044000,1567400
2019-07-24 14:45:00,2.3425613000,2.3510182000,2.3341044000,2.3341044000,2382300
2019-07-24 15:00:00,2.3341044000,2.3510182000,2.3341044000,2.3510182000,2552102
2019-07-25 09:45:00,2.3256475000,2.3341044000,2.3087337000,2.3087337000,4171000
2019-07-25 10:00:00,2.3087337000,2.3087337000,2.2918199000,2.3002768000,2192200
2019-07-25 10:15:00,2.3002768000,2.3425613000,2.3002768000,2.3341044000,3091700
2019-07-25 10:30:00,2.3341044000,2.3510182000,2.3256475000,2.3425613000,1569700
2019-07-25 10:45:00,2.3425613000,2.3510182000,2.3341044000,2.3425613000,1674500
2019-07-25 11:00:00,2.3425613000,2.3510182000,2.3341044000,2.3425613000,879402
2019-07-25 11:15:00,2.3425613000,2.3510182000,2.3425613000,2.3425613000,216100
2019-07-25 11:30:00,2.3425613000,2.3510182000,2.3341044000,2.3425613000,1447501
2019-07-25 13:15:00,2.3510182000,2.3510182000,2.3341044000,2.3425613000,769897
2019-07-25 13:30:00,2.3425613000,2.3425613000,2.3256475000,2.3256475000,1003200
2019-07-25 13:45:00,2.3341044000,2.3341044000,2.3171906000,2.3171906000,1774100
2019-07-25 14:00:00,2.3171906000,2.3256475000,2.3002768000,2.3171906000,3342700
2019-07-25 14:15:00,2.3171906000,2.3256475000,2.3087337000,2.3171906000,815000
2019-07-25 14:30:00,2.3171906000,2.3256475000,2.3087337000,2.3171906000,388202
2019-07-25 14:45:00,2.3171906000,2.3256475000,2.3087337000,2.3256475000,906300
2019-07-25 15:00:00,2.3256475000,2.3256475000,2.3087337000,2.3256475000,913030
2019-07-26 09:45:00,2.3087337000,2.3256475000,2.3002768000,2.3171906000,1456800
2019-07-26 10:00:00,2.3171906000,2.3256475000,2.3171906000,2.3171906000,465900
2019-07-26 10:15:00,2.3171906000,2.3256475000,2.3087337000,2.3171906000,836900
2019-07-26 10:30:00,2.3171906000,2.3256475000,2.3087337000,2.3087337000,626200
2019-07-26 10:45:00,2.3087337000,2.3171906000,2.3002768000,2.3002768000,1003000
2019-07-26 11:00:00,2.3002768000,2.3171906000,2.3002768000,2.3002768000,1324199
2019-07-26 11:15:00,2.3002768000,2.3087337000,2.3002768000,2.3002768000,588900
2019-07-26 11:30:00,2.3002768000,2.3171906000,2.3002768000,2.3087337000,611200
2019-07-26 13:15:00,2.3171906000,2.3171906000,2.3087337000,2.3087337000,536500
2019-07-26 13:30:00,2.3171906000,2.3171906000,2.3087337000,2.3087337000,468400
2019-07-26 13:45:00,2.3087337000,2.3256475000,2.3087337000,2.3256475000,1183332
2019-07-26 14:00:00,2.3171906000,2.3256475000,2.3171906000,2.3171906000,414100
2019-07-26 14:15:00,2.3171906000,2.4102165000,2.3171906000,2.3763889000,8873938
2019-07-26 14:30:00,2.3763889000,2.3763889000,2.3425613000,2.3510182000,5060500
2019-07-26 14:45:00,2.3510182000,2.3679320000,2.3510182000,2.3510182000,3007588
2019-07-26 15:00:00,2.3510182000,2.3679320000,2.3510182000,2.3594751000,2056500
2019-07-29 09:45:00,2.3341044000,2.3425613000,2.3171906000,2.3256475000,3259800
2019-07-29 10:00:00,2.3256475000,2.3341044000,2.3002768000,2.3087337000,3634203
2019-07-29 10:15:00,2.3087337000,2.3256475000,2.3087337000,2.3171906000,1034600
2019-07-29 10:30:00,2.3171906000,2.3256475000,2.3002768000,2.3087337000,2333997
2019-07-29 10:45:00,2.3002768000,2.3087337000,2.3002768000,2.3087337000,1166200
2019-07-29 11:00:00,2.3087337000,2.3171906000,2.3002768000,2.3087337000,667710
2019-07-29 11:15:00,2.3087337000,2.3087337000,2.3002768000,2.3002768000,548400
2019-07-29 11:30:00,2.3002768000,2.3087337000,2.3002768000,2.3087337000,855300
2019-07-29 13:15:00,2.3087337000,2.3087337000,2.3002768000,2.3002768000,370500
2019-07-29 13:30:00,2.3002768000,2.3087337000,2.3002768000,2.3002768000,342300
2019-07-29 13:45:00,2.3002768000,2.3087337000,2.2749061000,2.2749061000,6489900
2019-07-29 14:00:00,2.2833630000,2.2918199000,2.2749061000,2.2833630000,2284700
2019-07-29 14:15:00,2.2833630000,2.2833630000,2.2749061000,2.2833630000,1023700
2019-07-29 14:30:00,2.2749061000,2.2918199000,2.2749061000,2.2833630000,3529400
2019-07-29 14:45:00,2.2833630000,2.2918199000,2.2749061000,2.2833630000,1672800
2019-07-29 15:00:00,2.2833630000,2.2833630000,2.2664492000,2.2749061000,4430500
2019-07-30 09:45:00,2.2833630000,2.2918199000,2.2749061000,2.2918199000,2446300
2019-07-30 10:00:00,2.2918199000,2.3002768000,2.2749061000,2.2749061000,1895100
2019-07-30 10:15:00,2.2749061000,2.2918199000,2.2749061000,2.2918199000,1599600
2019-07-30 10:30:00,2.2918199000,2.3002768000,2.2833630000,2.3002768000,1158700
2019-07-30 10:45:00,2.3002768000,2.3002768000,2.2918199000,2.2918199000,473600
2019-07-30 11:00:00,2.2918199000,2.3002768000,2.2833630000,2.2833630000,817600
2019-07-30 11:15:00,2.2833630000,2.3002768000,2.2833630000,2.2918199000,462900
2019-07-30 11:30:00,2.2918199000,2.2918199000,2.2833630000,2.2833630000,304000
2019-07-30 13:15:00,2.2918199000,2.3002768000,2.2833630000,2.2918199000,983300
2019-07-30 13:30:00,2.2918199000,2.3002768000,2.2918199000,2.2918199000,643300
2019-07-30 13:45:00,2.2918199000,2.2918199000,2.2833630000,2.2833630000,1396000
2019-07-30 14:00:00,2.2833630000,2.2918199000,2.2833630000,2.2833630000,889331
2019-07-30 14:15:00,2.2833630000,2.2918199000,2.2833630000,2.2918199000,643235
2019-07-30 14:30:00,2.2918199000,2.2918199000,2.2749061000,2.2749061000,2568100
2019-07-30 14:45:00,2.2833630000,2.2833630000,2.2749061000,2.2749061000,597600
2019-07-30 15:00:00,2.2749061000,2.2833630000,2.2749061000,2.2833630000,1291600
2019-07-31 09:45:00,2.2749061000,2.2833630000,2.2579923000,2.2664492000,1378100
2019-07-31 10:00:00,2.2579923000,2.2749061000,2.2495354000,2.2664492000,2043400
2019-07-31 10:15:00,2.2664492000,2.2664492000,2.2495354000,2.2579923000,880600
2019-07-31 10:30:00,2.2579923000,2.2664492000,2.2495354000,2.2579923000,1114400
2019-07-31 10:45:00,2.2579923000,2.2664492000,2.2495354000,2.2664492000,513900
2019-07-31 11:00:00,2.2664492000,2.2749061000,2.2664492000,2.2664492000,285200
2019-07-31 11:15:00,2.2664492000,2.2749061000,2.2495354000,2.2664492000,1924700
2019-07-31 11:30:00,2.2664492000,2.2664492000,2.2579923000,2.2664492000,243600
2019-07-31 13:15:00,2.2664492000,2.2664492000,2.2579923000,2.2664492000,178000
2019-07-31 13:30:00,2.2664492000,2.2664492000,2.2579923000,2.2664492000,327600
2019-07-31 13:45:00,2.2664492000,2.2664492000,2.2579923000,2.2664492000,271400
2019-07-31 14:00:00,2.2664492000,2.2749061000,2.2579923000,2.2664492000,1558300
2019-07-31 14:15:00,2.2664492000,2.2749061000,2.2579923000,2.2664492000,1416800
2019-07-31 14:30:00,2.2664492000,2.2664492000,2.2579923000,2.2579923000,645400
2019-07-31 14:45:00,2.2579923000,2.2664492000,2.2579923000,2.2664492000,998200
2019-07-31 15:00:00,2.2664492000,2.2664492000,2.2495354000,2.2579923000,1212500
2019-08-01 09:45:00,2.2495354000,2.2664492000,2.2410785000,2.2495354000,1464200
2019-08-01 10:00:00,2.2495354000,2.2664492000,2.2495354000,2.2664492000,640800
2019-08-01 10:15:00,2.2579923000,2.2749061000,2.2579923000,2.2664492000,1022303
2019-08-01 10:30:00,2.2664492000,2.2664492000,2.2495354000,2.2579923000,1746600
2019-08-01 10:45:00,2.2579923000,2.2664492000,2.2579923000,2.2579923000,426400
2019-08-01 11:00:00,2.2579923000,2.2664492000,2.2495354000,2.2579923000,810400
2019-08-01 11:15:00,2.2579923000,2.2664492000,2.2579923000,2.2664492000,361200
2019-08-01 11:30:00,2.2664492000,2.2664492000,2.2579923000,2.2579923000,232500
2019-08-01 13:15:00,2.2579923000,2.2664492000,2.2579923000,2.2579923000,473400
2019-08-01 13:30:00,2.2664492000,2.2664492000,2.2579923000,2.2579923000,1380300
2019-08-01 13:45:00,2.2664492000,2.2664492000,2.2579923000,2.2664492000,491634
2019-08-01 14:00:00,2.2664492000,2.2664492000,2.2495354000,2.2495354000,1318766
2019-08-01 14:15:00,2.2495354000,2.2579923000,2.2495354000,2.2495354000,417100
2019-08-01 14:30:00,2.2495354000,2.2579923000,2.2495354000,2.2495354000,1000700
2019-08-01 14:45:00,2.2495354000,2.2579923000,2.2495354000,2.2495354000,1085900
2019-08-01 15:00:00,2.2579923000,2.2579923000,2.2495354000,2.2579923000,1661400
2019-08-02 09:45:00,2.2241647000,2.2241647000,2.1987940000,2.2072509000,4670900
2019-08-02 10:00:00,2.2157078000,2.2241647000,2.2072509000,2.2241647000,1203200
2019-08-02 10:15:00,2.2241647000,2.2241647000,2.1987940000,2.2072509000,4252600
2019-08-02 10:30:00,2.2072509000,2.2157078000,2.1987940000,2.2072509000,1071200
2019-08-02 10:45:00,2.2072509000,2.2072509000,2.1987940000,2.2072509000,948900
2019-08-02 11:00:00,2.2072509000,2.2157078000,2.1987940000,2.2072509000,701581
2019-08-02 11:15:00,2.2072509000,2.2157078000,2.1734233000,2.1734233000,6114819
2019-08-02 11:30:00,2.1734233000,2.1903371000,2.1649664000,2.1818802000,1412600
2019-08-02 13:15:00,2.1818802000,2.1818802000,2.1734233000,2.1818802000,1129900
2019-08-02 13:30:00,2.1818802000,2.1818802000,2.1649664000,2.1734233000,1502725
2019-08-02 13:45:00,2.1734233000,2.1818802000,2.1649664000,2.1734233000,1259800
2019-08-02 14:00:00,2.1734233000,2.1903371000,2.1734233000,2.1903371000,954400
2019-08-02 14:15:00,2.1903371000,2.1987940000,2.1818802000,2.1987940000,565900
2019-08-02 14:30:00,2.1987940000,2.1987940000,2.1903371000,2.1987940000,568300
2019-08-02 14:45:00,2.1987940000,2.2072509000,2.1903371000,2.2072509000,1102016
2019-08-02 15:00:00,2.2072509000,2.2072509000,2.1903371000,2.2072509000,1201750
2019-08-05 09:45:00,2.1987940000,2.1987940000,2.1734233000,2.1818802000,1787753
2019-08-05 10:00:00,2.1734233000,2.1903371000,2.1649664000,2.1903371000,1531075
2019-08-05 10:15:00,2.1903371000,2.1903371000,2.1818802000,2.1903371000,1020300
2019-08-05 10:30:00,2.1903371000,2.1987940000,2.1903371000,2.1903371000,840000
2019-08-05 10:45:00,2.1903371000,2.1987940000,2.1818802000,2.1903371000,299200
2019-08-05 11:00:00,2.1818802000,2.1903371000,2.1818802000,2.1903371000,433700
2019-08-05 11:15:00,2.1903371000,2.1903371000,2.1818802000,2.1818802000,507600
2019-08-05 11:30:00,2.1903371000,2.1903371000,2.1734233000,2.1734233000,578000
2019-08-05 13:15:00,2.1734233000,2.1818802000,2.1734233000,2.1734233000,337300
2019-08-05 13:30:00,2.1734233000,2.1987940000,2.1734233000,2.1903371000,1025500
2019-08-05 13:45:00,2.1903371000,2.1987940000,2.1818802000,2.1818802000,508000
2019-08-05 14:00:00,2.1818802000,2.1987940000,2.1818802000,2.1818802000,351500
2019-08-05 14:15:00,2.1818802000,2.1903371000,2.1818802000,2.1818802000,532400
2019-08-05 14:30:00,2.1818802000,2.1818802000,2.1734233000,2.1734233000,717900
2019-08-05 14:45:00,2.1818802000,2.1903371000,2.1734233000,2.1734233000,757857
2019-08-05 15:00:00,2.1734233000,2.1818802000,2.1734233000,2.1818802000,1290500
2019-08-06 09:45:00,2.1395957000,2.1649664000,2.1226819000,2.1480526000,4063501
2019-08-06 10:00:00,2.1565095000,2.1565095000,2.1480526000,2.1565095000,1319500
2019-08-06 10:15:00,2.1565095000,2.1565095000,2.1311388000,2.1395957000,2736899
2019-08-06 10:30:00,2.1480526000,2.1480526000,2.1142250000,2.1226819000,3238901
2019-08-06 10:45:00,2.1226819000,2.1311388000,2.1057681000,2.1311388000,2475200
2019-08-06 11:00:00,2.1311388000,2.1311388000,2.1142250000,2.1226819000,880341
2019-08-06 11:15:00,2.1142250000,2.1226819000,2.1142250000,2.1142250000,662100
2019-08-06 11:30:00,2.1142250000,2.1226819000,2.1142250000,2.1226819000,429400
2019-08-06 13:15:00,2.1226819000,2.1480526000,2.1226819000,2.1395957000,1456135
2019-08-06 13:30:00,2.1395957000,2.1565095000,2.1395957000,2.1395957000,828600
2019-08-06 13:45:00,2.1395957000,2.1565095000,2.1395957000,2.1395957000,976200
2019-08-06 14:00:00,2.1395957000,2.1480526000,2.1395957000,2.1395957000,585700
2019-08-06 14:15:00,2.1395957000,2.1480526000,2.1395957000,2.1395957000,576200
2019-08-06 14:30:00,2.1480526000,2.1480526000,2.1311388000,2.1311388000,397900
2019-08-06 14:45:00,2.1311388000,2.1395957000,2.1226819000,2.1311388000,495500
2019-08-06 15:00:00,2.1311388000,2.1395957000,2.1226819000,2.1395957000,1239500
2019-08-07 09:45:00,2.1395957000,2.1649664000,2.1395957000,2.1480526000,2243529
2019-08-07 10:00:00,2.1480526000,2.1480526000,2.1311388000,2.1480526000,1605500
2019-08-07 10:15:00,2.1480526000,2.1480526000,2.1311388000,2.1395957000,1188000
2019-08-07 10:30:00,2.1395957000,2.1395957000,2.1142250000,2.1311388000,2526600
2019-08-07 10:45:00,2.1311388000,2.1311388000,2.1142250000,2.1311388000,789000
2019-08-07 11:00:00,2.1311388000,2.1311388000,2.1142250000,2.1311388000,591700
2019-08-07 11:15:00,2.1226819000,2.1311388000,2.1142250000,2.1226819000,385100
2019-08-07 11:30:00,2.1226819000,2.1311388000,2.1142250000,2.1226819000,451200
2019-08-07 13:15:00,2.1311388000,2.1311388000,2.1226819000,2.1226819000,652600
2019-08-07 13:30:00,2.1226819000,2.1311388000,2.1226819000,2.1311388000,320800
2019-08-07 13:45:00,2.1311388000,2.1395957000,2.1226819000,2.1311388000,802546
2019-08-07 14:00:00,2.1311388000,2.1395957000,2.1226819000,2.1226819000,843300
2019-08-07 14:15:00,2.1226819000,2.1395957000,2.1142250000,2.1226819000,1330600
2019-08-07 14:30:00,2.1226819000,2.1226819000,2.1142250000,2.1226819000,508800
2019-08-07 14:45:00,2.1226819000,2.1311388000,2.1142250000,2.1226819000,308200
2019-08-07 15:00:00,2.1226819000,2.1311388000,2.1142250000,2.1226819000,1221300
2019-08-08 09:45:00,2.1311388000,2.1395957000,2.1142250000,2.1226819000,1676800
2019-08-08 10:00:00,2.1226819000,2.1311388000,2.1142250000,2.1226819000,967713
2019-08-08 10:15:00,2.1311388000,2.1395957000,2.1226819000,2.1311388000,1039000
2019-08-08 10:30:00,2.1311388000,2.1395957000,2.1226819000,2.1226819000,442500
2019-08-08 10:45:00,2.1226819000,2.1311388000,2.1226819000,2.1311388000,474800
2019-08-08 11:00:00,2.1226819000,2.1311388000,2.1226819000,2.1226819000,439200
2019-08-08 11:15:00,2.1226819000,2.1311388000,2.1142250000,2.1142250000,930100
2019-08-08 11:30:00,2.1142250000,2.1311388000,2.1142250000,2.1226819000,529367
2019-08-08 13:15:00,2.1226819000,2.1311388000,2.1226819000,2.1311388000,426000
2019-08-08 13:30:00,2.1311388000,2.1311388000,2.1226819000,2.1226819000,818000
2019-08-08 13:45:00,2.1311388000,2.1311388000,2.1226819000,2.1226819000,457700
2019-08-08 14:00:00,2.1226819000,2.1311388000,2.1226819000,2.1311388000,314900
2019-08-08 14:15:00,2.1226819000,2.1311388000,2.1226819000,2.1311388000,466700
2019-08-08 14:30:00,2.1311388000,2.1311388000,2.1226819000,2.1311388000,312000
2019-08-08 14:45:00,2.1311388000,2.1311388000,2.1226819000,2.1311388000,391100
2019-08-08 15:00:00,2.1311388000,2.1311388000,2.1226819000,2.1311388000,1379800
2019-08-09 09:45:00,2.1395957000,2.1480526000,2.1311388000,2.1395957000,1828300
2019-08-09 10:00:00,2.1395957000,2.1480526000,2.1395957000,2.1480526000,713700
2019-08-09 10:15:00,2.1480526000,2.1480526000,2.1395957000,2.1480526000,431200
2019-08-09 10:30:00,2.1480526000,2.1480526000,2.1395957000,2.1395957000,621600
2019-08-09 10:45:00,2.1395957000,2.1480526000,2.1311388000,2.1395957000,619200
2019-08-09 11:00:00,2.1395957000,2.1395957000,2.1311388000,2.1395957000,467200
2019-08-09 11:15:00,2.1311388000,2.1395957000,2.1226819000,2.1311388000,832700
2019-08-09 11:30:00,2.1311388000,2.1311388000,2.1142250000,2.1142250000,640600
2019-08-09 13:15:00,2.1226819000,2.1226819000,2.1142250000,2.1226819000,341900
2019-08-09 13:30:00,2.1226819000,2.1226819000,2.1142250000,2.1142250000,376400
2019-08-09 13:45:00,2.1142250000,2.1226819000,2.1142250000,2.1142250000,354601
2019-08-09 14:00:00,2.1142250000,2.1226819000,2.0973112000,2.1057681000,1111999
2019-08-09 14:15:00,2.1057681000,2.1057681000,2.0973112000,2.0973112000,637400
2019-08-09 14:30:00,2.0973112000,2.1057681000,2.0888543000,2.0973112000,1209600
2019-08-09 14:45:00,2.0973112000,2.1057681000,2.0973112000,2.0973112000,677900
2019-08-09 15:00:00,2.0973112000,2.1057681000,2.0973112000,2.1057681000,775300
2019-08-12 09:45:00,2.1057681000,2.1226819000,2.0973112000,2.0973112000,1084123
2019-08-12 10:00:00,2.0973112000,2.1057681000,2.0973112000,2.0973112000,337300
2019-08-12 10:15:00,2.0973112000,2.1142250000,2.0973112000,2.1057681000,492200
2019-08-12 10:30:00,2.1057681000,2.1226819000,2.1057681000,2.1226819000,862500
2019-08-12 10:45:00,2.1226819000,2.1226819000,2.1142250000,2.1142250000,803200
2019-08-12 11:00:00,2.1142250000,2.1226819000,2.1142250000,2.1226819000,274700
2019-08-12 11:15:00,2.1226819000,2.1226819000,2.1142250000,2.1226819000,223600
2019-08-12 11:30:00,2.1226819000,2.1226819000,2.1142250000,2.1226819000,138900
2019-08-12 13:15:00,2.1226819000,2.1226819000,2.1142250000,2.1142250000,197300
2019-08-12 13:30:00,2.1142250000,2.1226819000,2.1142250000,2.1142250000,256400
2019-08-12 13:45:00,2.1142250000,2.1226819000,2.1142250000,2.1226819000,242700
2019-08-12 14:00:00,2.1226819000,2.1226819000,2.1142250000,2.1142250000,168000
2019-08-12 14:15:00,2.1142250000,2.1226819000,2.1142250000,2.1142250000,359000
2019-08-12 14:30:00,2.1142250000,2.1311388000,2.1142250000,2.1226819000,798717
2019-08-12 14:45:00,2.1311388000,2.1395957000,2.1226819000,2.1395957000,1036900
2019-08-12 15:00:00,2.1395957000,2.1480526000,2.1311388000,2.1480526000,1073700
2019-08-13 09:45:00,2.1311388000,2.1395957000,2.1142250000,2.1395957000,1689439
2019-08-13 10:00:00,2.1395957000,2.1395957000,2.1226819000,2.1226819000,487400
2019-08-13 10:15:00,2.1226819000,2.1311388000,2.1142250000,2.1226819000,960500
2019-08-13 10:30:00,2.1226819000,2.1311388000,2.1226819000,2.1311388000,345100
2019-08-13 10:45:00,2.1311388000,2.1311388000,2.1226819000,2.1226819000,338500
2019-08-13 11:00:00,2.1226819000,2.1226819000,2.1142250000,2.1226819000,507300
2019-08-13 11:15:00,2.1226819000,2.1226819000,2.1142250000,2.1226819000,339100
2019-08-13 11:30:00,2.1226819000,2.1226819000,2.1142250000,2.1226819000,160800
2019-08-13 13:15:00,2.1226819000,2.1311388000,2.1142250000,2.1226819000,210900
2019-08-13 13:30:00,2.1226819000,2.1311388000,2.1142250000,2.1311388000,152300
2019-08-13 13:45:00,2.1311388000,2.1311388000,2.1226819000,2.1311388000,181300
2019-08-13 14:00:00,2.1311388000,2.1311388000,2.1226819000,2.1226819000,174400
2019-08-13 14:15:00,2.1226819000,2.1311388000,2.1142250000,2.1311388000,241700
2019-08-13 14:30:00,2.1311388000,2.1311388000,2.1226819000,2.1226819000,522000
2019-08-13 14:45:00,2.1142250000,2.1226819000,2.1142250000,2.1226819000,694700
2019-08-13 15:00:00,2.1226819000,2.1226819000,2.1142250000,2.1226819000,630100
2019-08-14 09:45:00,2.1480526000,2.1649664000,2.1395957000,2.1565095000,3220400
2019-08-14 10:00:00,2.1565095000,2.1649664000,2.1480526000,2.1565095000,1198300
2019-08-14 10:15:00,2.1565095000,2.1649664000,2.1480526000,2.1480526000,888600
2019-08-14 10:30:00,2.1480526000,2.1565095000,2.1395957000,2.1395957000,681400
2019-08-14 10:45:00,2.1395957000,2.1480526000,2.1395957000,2.1480526000,321900
2019-08-14 11:00:00,2.1480526000,2.1565095000,2.1395957000,2.1395957000,699481
2019-08-14 11:15:00,2.1395957000,2.1565095000,2.1395957000,2.1395957000,240700
2019-08-14 11:30:00,2.1395957000,2.1480526000,2.1395957000,2.1395957000,109200
2019-08-14 13:15:00,2.1395957000,2.1480526000,2.1395957000,2.1480526000,202500
2019-08-14 13:30:00,2.1480526000,2.1480526000,2.1395957000,2.1480526000,510800
2019-08-14 13:45:00,2.1480526000,2.1480526000,2.1395957000,2.1480526000,500100
2019-08-14 14:00:00,2.1480526000,2.1480526000,2.1395957000,2.1395957000,277501
2019-08-14 14:15:00,2.1395957000,2.1480526000,2.1311388000,2.1395957000,1024318
2019-08-14 14:30:00,2.1311388000,2.1480526000,2.1311388000,2.1395957000,470900
2019-08-14 14:45:00,2.1395957000,2.1395957000,2.1311388000,2.1395957000,218200
2019-08-14 15:00:00,2.1395957000,2.1480526000,2.1311388000,2.1480526000,868800
2019-08-15 09:45:00,2.1057681000,2.1226819000,2.0973112000,2.1226819000,3352703
2019-08-15 10:00:00,2.1226819000,2.1226819000,2.1057681000,2.1142250000,1359100
2019-08-15 10:15:00,2.1142250000,2.1226819000,2.1057681000,2.1142250000,700666
2019-08-15 10:30:00,2.1142250000,2.1226819000,2.1057681000,2.1226819000,246300
2019-08-15 10:45:00,2.1226819000,2.1226819000,2.1142250000,2.1226819000,299200
2019-08-15 11:00:00,2.1226819000,2.1226819000,2.1142250000,2.1226819000,487200
2019-08-15 11:15:00,2.1226819000,2.1226819000,2.1142250000,2.1226819000,131700
2019-08-15 11:30:00,2.1142250000,2.1311388000,2.1142250000,2.1226819000,412199
2019-08-15 13:15:00,2.1226819000,2.1311388000,2.1142250000,2.1142250000,111401
2019-08-15 13:30:00,2.1142250000,2.1226819000,2.1142250000,2.1226819000,342200
2019-08-15 13:45:00,2.1226819000,2.1311388000,2.1142250000,2.1311388000,294600
2019-08-15 14:00:00,2.1311388000,2.1311388000,2.1226819000,2.1226819000,150875
2019-08-15 14:15:00,2.1226819000,2.1311388000,2.1226819000,2.1226819000,398300
2019-08-15 14:30:00,2.1226819000,2.1395957000,2.1226819000,2.1395957000,849100
2019-08-15 14:45:00,2.1311388000,2.1395957000,2.1311388000,2.1395957000,637900
2019-08-15 15:00:00,2.1395957000,2.1395957000,2.1311388000,2.1395957000,906949
2019-08-16 09:45:00,2.1395957000,2.1480526000,2.1311388000,2.1395957000,1592324
2019-08-16 10:00:00,2.1395957000,2.1395957000,2.1311388000,2.1395957000,584000
2019-08-16 10:15:00,2.1395957000,2.1480526000,2.1395957000,2.1395957000,258700
2019-08-16 10:30:00,2.1480526000,2.1480526000,2.1311388000,2.1311388000,566300
2019-08-16 10:45:00,2.1311388000,2.1480526000,2.1311388000,2.1480526000,1370600
2019-08-16 11:00:00,2.1480526000,2.1565095000,2.1395957000,2.1480526000,943001
2019-08-16 11:15:00,2.1480526000,2.1480526000,2.1395957000,2.1395957000,187000
2019-08-16 11:30:00,2.1395957000,2.1480526000,2.1395957000,2.1480526000,188000
2019-08-16 13:15:00,2.1395957000,2.1565095000,2.1395957000,2.1565095000,890601
2019-08-16 13:30:00,2.1565095000,2.1565095000,2.1480526000,2.1480526000,1325600
2019-08-16 13:45:00,2.1480526000,2.1565095000,2.1395957000,2.1480526000,531600
2019-08-16 14:00:00,2.1480526000,2.1565095000,2.1395957000,2.1565095000,360100
2019-08-16 14:15:00,2.1565095000,2.1565095000,2.1395957000,2.1395957000,225100
2019-08-16 14:30:00,2.1395957000,2.1480526000,2.1395957000,2.1395957000,545700
2019-08-16 14:45:00,2.1395957000,2.1480526000,2.1395957000,2.1395957000,916917
2019-08-16 15:00:00,2.1395957000,2.1480526000,2.1395957000,2.1395957000,2186100
2019-08-19 09:45:00,2.1480526000,2.1649664000,2.1480526000,2.1565095000,1728100
2019-08-19 10:00:00,2.1565095000,2.1565095000,2.1480526000,2.1565095000,453000
2019-08-19 10:15:00,2.1565095000,2.1649664000,2.1480526000,2.1649664000,1754400
2019-08-19 10:30:00,2.1649664000,2.1649664000,2.1565095000,2.1565095000,495900
2019-08-19 10:45:00,2.1565095000,2.1734233000,2.1565095000,2.1649664000,2036801
2019-08-19 11:00:00,2.1649664000,2.1734233000,2.1649664000,2.1734233000,605100
2019-08-19 11:15:00,2.1734233000,2.1987940000,2.1649664000,2.1903371000,3189741
2019-08-19 11:30:00,2.1903371000,2.1987940000,2.1818802000,2.1818802000,884300
2019-08-19 13:15:00,2.1818802000,2.1903371000,2.1818802000,2.1903371000,306501
2019-08-19 13:30:00,2.1818802000,2.1903371000,2.1734233000,2.1818802000,1428676
2019-08-19 13:45:00,2.1818802000,2.1903371000,2.1734233000,2.1734233000,714200
2019-08-19 14:00:00,2.1734233000,2.1903371000,2.1734233000,2.1818802000,1438500
2019-08-19 14:15:00,2.1818802000,2.1903371000,2.1734233000,2.1818802000,673596
2019-08-19 14:30:00,2.1818802000,2.1818802000,2.1734233000,2.1818802000,479300
2019-08-19 14:45:00,2.1818802000,2.1903371000,2.1734233000,2.1903371000,1434800
2019-08-19 15:00:00,2.1903371000,2.1903371000,2.1818802000,2.1903371000,961900
2019-08-20 09:45:00,2.1903371000,2.2072509000,2.1818802000,2.2072509000,1907200
2019-08-20 10:00:00,2.2072509000,2.2072509000,2.1903371000,2.2072509000,991800
2019-08-20 10:15:00,2.2072509000,2.2072509000,2.1987940000,2.2072509000,733001
2019-08-20 10:30:00,2.2072509000,2.2072509000,2.1903371000,2.1903371000,946099
2019-08-20 10:45:00,2.1903371000,2.1987940000,2.1818802000,2.1903371000,843500
2019-08-20 11:00:00,2.1903371000,2.1987940000,2.1818802000,2.1903371000,504400
2019-08-20 11:15:00,2.1903371000,2.1987940000,2.1903371000,2.1987940000,587500
2019-08-20 11:30:00,2.1987940000,2.1987940000,2.1903371000,2.1987940000,516200
2019-08-20 13:15:00,2.1987940000,2.1987940000,2.1903371000,2.1987940000,278600
2019-08-20 13:30:00,2.1987940000,2.1987940000,2.1903371000,2.1987940000,226800
2019-08-20 13:45:00,2.1903371000,2.1987940000,2.1818802000,2.1903371000,963600
2019-08-20 14:00:00,2.1818802000,2.1903371000,2.1818802000,2.1903371000,257500
2019-08-20 14:15:00,2.1903371000,2.1903371000,2.1818802000,2.1818802000,618500
2019-08-20 14:30:00,2.1818802000,2.1903371000,2.1734233000,2.1734233000,950700
2019-08-20 14:45:00,2.1734233000,2.1818802000,2.1734233000,2.1734233000,269600
2019-08-20 15:00:00,2.1734233000,2.1903371000,2.1734233000,2.1818802000,1524800
2019-08-21 09:45:00,2.1818802000,2.2326216000,2.1734233000,2.2326216000,3650500
2019-08-21 10:00:00,2.2241647000,2.2495354000,2.2157078000,2.2241647000,5743600
2019-08-21 10:15:00,2.2326216000,2.2410785000,2.2241647000,2.2326216000,2265600
2019-08-21 10:30:00,2.2326216000,2.2326216000,2.2157078000,2.2157078000,958500
2019-08-21 10:45:00,2.2157078000,2.2241647000,2.2157078000,2.2157078000,672300
2019-08-21 11:00:00,2.2157078000,2.2326216000,2.2157078000,2.2241647000,576250
2019-08-21 11:15:00,2.2241647000,2.2410785000,2.2241647000,2.2410785000,1998701
2019-08-21 11:30:00,2.2410785000,2.2410785000,2.2241647000,2.2326216000,672401
2019-08-21 13:15:00,2.2326216000,2.2410785000,2.2241647000,2.2326216000,413300
2019-08-21 13:30:00,2.2326216000,2.2410785000,2.2241647000,2.2326216000,758800
2019-08-21 13:45:00,2.2326216000,2.2326216000,2.2241647000,2.2326216000,435200
2019-08-21 14:00:00,2.2326216000,2.2326216000,2.2241647000,2.2326216000,303000
2019-08-21 14:15:00,2.2326216000,2.2326216000,2.2241647000,2.2326216000,355800
2019-08-21 14:30:00,2.2326216000,2.2326216000,2.2157078000,2.2157078000,1710448
2019-08-21 14:45:00,2.2157078000,2.2241647000,2.2157078000,2.2241647000,634800
2019-08-21 15:00:00,2.2241647000,2.2241647000,2.2157078000,2.2157078000,1338301
2019-08-22 09:45:00,2.2157078000,2.2241647000,2.1987940000,2.2072509000,3486047
2019-08-22 10:00:00,2.2072509000,2.2157078000,2.1903371000,2.1903371000,3011000
2019-08-22 10:15:00,2.1903371000,2.2072509000,2.1903371000,2.2072509000,1034400
2019-08-22 10:30:00,2.2072509000,2.2157078000,2.1987940000,2.2072509000,748100
2019-08-22 10:45:00,2.2072509000,2.2072509000,2.1987940000,2.1987940000,328147
2019-08-22 11:00:00,2.1987940000,2.2072509000,2.1903371000,2.1987940000,827300
2019-08-22 11:15:00,2.1987940000,2.2072509000,2.1987940000,2.2072509000,230000
2019-08-22 11:30:00,2.2072509000,2.2072509000,2.1903371000,2.1987940000,463331
2019-08-22 13:15:00,2.1987940000,2.2072509000,2.1903371000,2.1987940000,240600
2019-08-22 13:30:00,2.1987940000,2.1987940000,2.1903371000,2.1903371000,182322
2019-08-22 13:45:00,2.1903371000,2.1987940000,2.1903371000,2.1987940000,172300
2019-08-22 14:00:00,2.1987940000,2.2072509000,2.1903371000,2.2072509000,468800
2019-08-22 14:15:00,2.2072509000,2.2072509000,2.1987940000,2.2072509000,240100
2019-08-22 14:30:00,2.2072509000,2.2072509000,2.1987940000,2.1987940000,448400
2019-08-22 14:45:00,2.1987940000,2.2072509000,2.1987940000,2.2072509000,283400
2019-08-22 15:00:00,2.2072509000,2.2072509000,2.1987940000,2.2072509000,994300
2019-08-23 09:45:00,2.2072509000,2.2157078000,2.1987940000,2.2157078000,1384457
2019-08-23 10:00:00,2.2157078000,2.2157078000,2.1987940000,2.2072509000,913800
2019-08-23 10:15:00,2.2072509000,2.2157078000,2.1987940000,2.1987940000,380700
2019-08-23 10:30:00,2.1987940000,2.2072509000,2.1987940000,2.1987940000,297669
2019-08-23 10:45:00,2.1987940000,2.2157078000,2.1987940000,2.2157078000,1038300
2019-08-23 11:00:00,2.2157078000,2.2157078000,2.2072509000,2.2157078000,442500
2019-08-23 11:15:00,2.2157078000,2.2157078000,2.2072509000,2.2157078000,192600
2019-08-23 11:30:00,2.2157078000,2.2157078000,2.2072509000,2.2157078000,417551
2019-08-23 13:15:00,2.2072509000,2.2157078000,2.2072509000,2.2072509000,1171000
2019-08-23 13:30:00,2.2072509000,2.2157078000,2.1987940000,2.2072509000,428800
2019-08-23 13:45:00,2.2072509000,2.2072509000,2.1987940000,2.2072509000,164900
2019-08-23 14:00:00,2.2072509000,2.2072509000,2.1987940000,2.1987940000,163200
2019-08-23 14:15:00,2.1987940000,2.2072509000,2.1987940000,2.1987940000,254900
2019-08-23 14:30:00,2.2072509000,2.2072509000,2.1987940000,2.2072509000,324800
2019-08-23 14:45:00,2.2072509000,2.2072509000,2.1987940000,2.1987940000,446500
2019-08-23 15:00:00,2.1987940000,2.2157078000,2.1987940000,2.2072509000,1781200
2019-08-26 09:45:00,2.1649664000,2.1734233000,2.1480526000,2.1734233000,2546298
2019-08-26 10:00:00,2.1734233000,2.1818802000,2.1649664000,2.1734233000,987451
2019-08-26 10:15:00,2.1734233000,2.1818802000,2.1565095000,2.1565095000,1454449
2019-08-26 10:30:00,2.1649664000,2.1734233000,2.1649664000,2.1649664000,600200
2019-08-26 10:45:00,2.1649664000,2.1818802000,2.1649664000,2.1734233000,366200
2019-08-26 11:00:00,2.1734233000,2.1903371000,2.1734233000,2.1903371000,642300
2019-08-26 11:15:00,2.1903371000,2.1903371000,2.1818802000,2.1818802000,534193
2019-08-26 11:30:00,2.1903371000,2.1987940000,2.1818802000,2.1903371000,590900
2019-08-26 13:15:00,2.1903371000,2.1987940000,2.1818802000,2.1903371000,423200
2019-08-26 13:30:00,2.1903371000,2.1903371000,2.1734233000,2.1818802000,550907
2019-08-26 13:45:00,2.1818802000,2.1903371000,2.1734233000,2.1903371000,501600
2019-08-26 14:00:00,2.1903371000,2.1903371000,2.1818802000,2.1903371000,309938
2019-08-26 14:15:00,2.1818802000,2.1903371000,2.1734233000,2.1818802000,318700
2019-08-26 14:30:00,2.1818802000,2.1903371000,2.1734233000,2.1734233000,379900
2019-08-26 14:45:00,2.1734233000,2.1903371000,2.1734233000,2.1903371000,405700
2019-08-26 15:00:00,2.1903371000,2.1903371000,2.1818802000,2.1903371000,848700
2019-08-27 09:45:00,2.1987940000,2.2326216000,2.1903371000,2.2157078000,3423600
2019-08-27 10:00:00,2.2241647000,2.2326216000,2.2157078000,2.2326216000,1753800
2019-08-27 10:15:00,2.2326216000,2.2326216000,2.2157078000,2.2157078000,964300
2019-08-27 10:30:00,2.2241647000,2.2326216000,2.2157078000,2.2326216000,1194100
2019-08-27 10:45:00,2.2326216000,2.2410785000,2.2241647000,2.2410785000,2356069
2019-08-27 11:00:00,2.2410785000,2.2410785000,2.2326216000,2.2326216000,1028802
2019-08-27 11:15:00,2.2326216000,2.2410785000,2.2241647000,2.2326216000,890399
2019-08-27 11:30:00,2.2326216000,2.2410785000,2.2241647000,2.2241647000,849700
2019-08-27 13:15:00,2.2241647000,2.2326216000,2.2241647000,2.2326216000,475528
2019-08-27 13:30:00,2.2326216000,2.2326216000,2.2241647000,2.2241647000,464294
2019-08-27 13:45:00,2.2241647000,2.2326216000,2.2157078000,2.2157078000,733400
2019-08-27 14:00:00,2.2157078000,2.2241647000,2.2157078000,2.2157078000,370200
2019-08-27 14:15:00,2.2157078000,2.2241647000,2.2072509000,2.2157078000,1352300
2019-08-27 14:30:00,2.2157078000,2.2241647000,2.2157078000,2.2157078000,690900
2019-08-27 14:45:00,2.2241647000,2.2326216000,2.2157078000,2.2241647000,1126400
2019-08-27 15:00:00,2.2241647000,2.2326216000,2.1987940000,2.1987940000,5117462
2019-08-28 09:45:00,2.2072509000,2.2241647000,2.1987940000,2.2072509000,1843900
2019-08-28 10:00:00,2.2072509000,2.2157078000,2.1987940000,2.2072509000,1468300
2019-08-28 10:15:00,2.1987940000,2.2072509000,2.1987940000,2.1987940000,1147500
2019-08-28 10:30:00,2.1987940000,2.2072509000,2.1903371000,2.1987940000,1227500
2019-08-28 10:45:00,2.1987940000,2.2072509000,2.1903371000,2.1987940000,529200
2019-08-28 11:00:00,2.1987940000,2.2072509000,2.1987940000,2.1987940000,601900
2019-08-28 11:15:00,2.1987940000,2.2072509000,2.1903371000,2.1987940000,820500
2019-08-28 11:30:00,2.1987940000,2.2072509000,2.1903371000,2.1987940000,448200
2019-08-28 13:15:00,2.2072509000,2.2072509000,2.1987940000,2.2072509000,434500
2019-08-28 13:30:00,2.2072509000,2.2072509000,2.1987940000,2.2072509000,364300
2019-08-28 13:45:00,2.2072509000,2.2072509000,2.1987940000,2.2072509000,732900
2019-08-28 14:00:00,2.2072509000,2.2241647000,2.1987940000,2.2241647000,2699842
2019-08-28 14:15:00,2.2241647000,2.2241647000,2.2157078000,2.2157078000,669100
2019-08-28 14:30:00,2.2157078000,2.2241647000,2.2072509000,2.2157078000,1058600
2019-08-28 14:45:00,2.2072509000,2.2157078000,2.1987940000,2.2072509000,1495300
2019-08-28 15:00:00,2.2072509000,2.2157078000,2.2072509000,2.2157078000,1148500
2019-08-29 09:45:00,2.2157078000,2.2241647000,2.1987940000,2.1987940000,1703400
2019-08-29 10:00:00,2.2072509000,2.2072509000,2.1987940000,2.2072509000,1140757
2019-08-29 10:15:00,2.2072509000,2.2072509000,2.1903371000,2.1903371000,1579000
2019-08-29 10:30:00,2.1903371000,2.1987940000,2.1903371000,2.1903371000,983500
2019-08-29 10:45:00,2.1903371000,2.2072509000,2.1903371000,2.2072509000,1649500
2019-08-29 11:00:00,2.2072509000,2.2157078000,2.1987940000,2.2157078000,918300
2019-08-29 11:15:00,2.2157078000,2.2157078000,2.2072509000,2.2072509000,411200
2019-08-29 11:30:00,2.2072509000,2.2157078000,2.1987940000,2.2072509000,1332700
2019-08-29 13:15:00,2.2157078000,2.2241647000,2.2072509000,2.2241647000,1380652
2019-08-29 13:30:00,2.2241647000,2.2241647000,2.2157078000,2.2241647000,292000
2019-08-29 13:45:00,2.2241647000,2.2326216000,2.2157078000,2.2157078000,1993800
2019-08-29 14:00:00,2.2157078000,2.2326216000,2.2157078000,2.2241647000,1170520
2019-08-29 14:15:00,2.2241647000,2.2326216000,2.2157078000,2.2241647000,959900
2019-08-29 14:30:00,2.2241647000,2.2326216000,2.2157078000,2.2157078000,1179400
2019-08-29 14:45:00,2.2157078000,2.2326216000,2.2157078000,2.2241647000,1371400
2019-08-29 15:00:00,2.2241647000,2.2410785000,2.2241647000,2.2410785000,4439800
2019-08-30 09:45:00,2.2579923000,2.2579923000,2.2241647000,2.2410785000,5335000
2019-08-30 10:00:00,2.2410785000,2.2495354000,2.2326216000,2.2326216000,2529600
2019-08-30 10:15:00,2.2241647000,2.2410785000,2.2241647000,2.2326216000,1572100
2019-08-30 10:30:00,2.2410785000,2.2410785000,2.2241647000,2.2326216000,2127100
2019-08-30 10:45:00,2.2326216000,2.2410785000,2.2241647000,2.2326216000,933000
2019-08-30 11:00:00,2.2326216000,2.2410785000,2.2241647000,2.2326216000,592400
2019-08-30 11:15:00,2.2326216000,2.2410785000,2.2241647000,2.2241647000,735400
2019-08-30 11:30:00,2.2241647000,2.2326216000,2.2157078000,2.2326216000,2048800
2019-08-30 13:15:00,2.2326216000,2.2326216000,2.2157078000,2.2326216000,519100
2019-08-30 13:30:00,2.2326216000,2.2326216000,2.2241647000,2.2326216000,265800
2019-08-30 13:45:00,2.2241647000,2.2326216000,2.2241647000,2.2241647000,330600
2019-08-30 14:00:00,2.2241647000,2.2326216000,2.2241647000,2.2241647000,1125300
2019-08-30 14:15:00,2.2241647000,2.2326216000,2.2072509000,2.2072509000,2097100
2019-08-30 14:30:00,2.2072509000,2.2157078000,2.2072509000,2.2072509000,1430100
2019-08-30 14:45:00,2.2072509000,2.2241647000,2.2072509000,2.2241647000,1138400
2019-08-30 15:00:00,2.2157078000,2.2326216000,2.2157078000,2.2326216000,2230339
2019-09-02 09:45:00,2.2241647000,2.2410785000,2.2157078000,2.2241647000,2032600
2019-09-02 10:00:00,2.2241647000,2.2579923000,2.2241647000,2.2495354000,4746181
2019-09-02 10:15:00,2.2579923000,2.2579923000,2.2410785000,2.2410785000,2100800
2019-09-02 10:30:00,2.2410785000,2.2579923000,2.2410785000,2.2579923000,1728591
2019-09-02 10:45:00,2.2495354000,2.2664492000,2.2495354000,2.2495354000,2085500
2019-09-02 11:00:00,2.2495354000,2.2579923000,2.2410785000,2.2579923000,895139
2019-09-02 11:15:00,2.2579923000,2.2749061000,2.2495354000,2.2664492000,2661300
2019-09-02 11:30:00,2.2664492000,2.2749061000,2.2579923000,2.2664492000,978800
2019-09-02 13:15:00,2.2749061000,2.2749061000,2.2664492000,2.2664492000,821601
2019-09-02 13:30:00,2.2664492000,2.2833630000,2.2664492000,2.2749061000,2343954
2019-09-02 13:45:00,2.2749061000,2.2833630000,2.2664492000,2.2664492000,1515300
2019-09-02 14:00:00,2.2664492000,2.2833630000,2.2664492000,2.2664492000,1489500
2019-09-02 14:15:00,2.2664492000,2.2749061000,2.2664492000,2.2664492000,440300
2019-09-02 14:30:00,2.2664492000,2.2833630000,2.2664492000,2.2749061000,1140200
2019-09-02 14:45:00,2.2749061000,2.2833630000,2.2749061000,2.2749061000,932000
2019-09-02 15:00:00,2.2749061000,2.2833630000,2.2749061000,2.2833630000,2934300
2019-09-03 09:45:00,2.2833630000,2.2833630000,2.2664492000,2.2664492000,1898300
2019-09-03 10:00:00,2.2664492000,2.3002768000,2.2664492000,2.2918199000,2456349
2019-09-03 10:15:00,2.2918199000,2.3002768000,2.2664492000,2.2664492000,957100
2019-09-03 10:30:00,2.2664492000,2.2749061000,2.2664492000,2.2664492000,804000
2019-09-03 10:45:00,2.2749061000,2.2749061000,2.2664492000,2.2664492000,563900
2019-09-03 11:00:00,2.2664492000,2.2833630000,2.2664492000,2.2833630000,832700
2019-09-03 11:15:00,2.2749061000,2.2918199000,2.2749061000,2.2833630000,2013200
2019-09-03 11:30:00,2.2833630000,2.2833630000,2.2749061000,2.2749061000,411300
2019-09-03 13:15:00,2.2749061000,2.2833630000,2.2664492000,2.2749061000,845700
2019-09-03 13:30:00,2.2749061000,2.2749061000,2.2664492000,2.2749061000,546200
2019-09-03 13:45:00,2.2664492000,2.2749061000,2.2579923000,2.2664492000,1027700
2019-09-03 14:00:00,2.2664492000,2.2749061000,2.2579923000,2.2749061000,1037800
2019-09-03 14:15:00,2.2749061000,2.2833630000,2.2664492000,2.2664492000,1036600
2019-09-03 14:30:00,2.2664492000,2.2833630000,2.2664492000,2.2664492000,820200
2019-09-03 14:45:00,2.2664492000,2.2833630000,2.2664492000,2.2749061000,1134500
2019-09-03 15:00:00,2.2749061000,2.2833630000,2.2664492000,2.2833630000,2259000
2019-09-04 09:45:00,2.2749061000,2.2918199000,2.2664492000,2.2749061000,2434122
2019-09-04 10:00:00,2.2749061000,2.2918199000,2.2749061000,2.2918199000,3019100
2019-09-04 10:15:00,2.2918199000,2.2918199000,2.2749061000,2.2918199000,1656000
2019-09-04 10:30:00,2.2918199000,2.2918199000,2.2749061000,2.2918199000,1354500
2019-09-04 10:45:00,2.2918199000,2.3002768000,2.2833630000,2.2918199000,1604584
2019-09-04 11:00:00,2.2918199000,2.3002768000,2.2918199000,2.2918199000,596400
2019-09-04 11:15:00,2.2918199000,2.3087337000,2.2918199000,2.3002768000,2226615
2019-09-04 11:30:00,2.3002768000,2.3171906000,2.2918199000,2.3087337000,2339800
2019-09-04 13:15:00,2.3087337000,2.3171906000,2.3087337000,2.3171906000,654100
2019-09-04 13:30:00,2.3087337000,2.3341044000,2.3087337000,2.3341044000,4407800
2019-09-04 13:45:00,2.3341044000,2.3341044000,2.3087337000,2.3171906000,1241400
2019-09-04 14:00:00,2.3256475000,2.3256475000,2.3087337000,2.3171906000,945100
2019-09-04 14:15:00,2.3171906000,2.3256475000,2.3087337000,2.3256475000,2692162
2019-09-04 14:30:00,2.3256475000,2.3256475000,2.3171906000,2.3256475000,1181247
2019-09-04 14:45:00,2.3256475000,2.3341044000,2.3171906000,2.3256475000,1916300
2019-09-04 15:00:00,2.3256475000,2.3341044000,2.3171906000,2.3341044000,3419010
2019-09-05 09:45:00,2.3341044000,2.3594751000,2.3171906000,2.3341044000,6660537
2019-09-05 10:00:00,2.3341044000,2.3341044000,2.3171906000,2.3256475000,2647400
2019-09-05 10:15:00,2.3341044000,2.3341044000,2.3171906000,2.3341044000,3187342
2019-09-05 10:30:00,2.3341044000,2.3341044000,2.3171906000,2.3341044000,3469642
2019-09-05 10:45:00,2.3256475000,2.3510182000,2.3256475000,2.3425613000,3797401
2019-09-05 11:00:00,2.3425613000,2.3510182000,2.3341044000,2.3425613000,1151257
2019-09-05 11:15:00,2.3425613000,2.3510182000,2.3341044000,2.3341044000,1083062
2019-09-05 11:30:00,2.3341044000,2.3425613000,2.3341044000,2.3341044000,439300
2019-09-05 13:15:00,2.3425613000,2.3425613000,2.3341044000,2.3425613000,569600
2019-09-05 13:30:00,2.3425613000,2.3510182000,2.3341044000,2.3425613000,1009100
2019-09-05 13:45:00,2.3425613000,2.3425613000,2.3341044000,2.3425613000,987400
2019-09-05 14:00:00,2.3341044000,2.3425613000,2.3256475000,2.3256475000,1033237
2019-09-05 14:15:00,2.3341044000,2.3341044000,2.3087337000,2.3171906000,4660258
2019-09-05 14:30:00,2.3171906000,2.3171906000,2.3002768000,2.3087337000,1892400
2019-09-05 14:45:00,2.3087337000,2.3171906000,2.3002768000,2.3002768000,2800700
2019-09-05 15:00:00,2.3002768000,2.3171906000,2.2833630000,2.3171906000,9124345
2019-09-06 09:45:00,2.3087337000,2.3171906000,2.3002768000,2.3002768000,2356400
2019-09-06 10:00:00,2.3002768000,2.3087337000,2.2918199000,2.2918199000,2339700
2019-09-06 10:15:00,2.2918199000,2.3002768000,2.2918199000,2.3002768000,1328000
2019-09-06 10:30:00,2.3002768000,2.3087337000,2.2918199000,2.3002768000,920649
2019-09-06 10:45:00,2.3002768000,2.3256475000,2.3002768000,2.3087337000,2850001
2019-09-06 11:00:00,2.3087337000,2.3171906000,2.3002768000,2.3171906000,725600
2019-09-06 11:15:00,2.3171906000,2.3171906000,2.3087337000,2.3087337000,334100
2019-09-06 11:30:00,2.3087337000,2.3171906000,2.3002768000,2.3087337000,486200
2019-09-06 13:15:00,2.3002768000,2.3087337000,2.3002768000,2.3002768000,454200
2019-09-06 13:30:00,2.3087337000,2.3087337000,2.2918199000,2.2918199000,1054551
2019-09-06 13:45:00,2.3002768000,2.3002768000,2.2918199000,2.2918199000,645900
2019-09-06 14:00:00,2.2918199000,2.3002768000,2.2918199000,2.3002768000,1215600
2019-09-06 14:15:00,2.3002768000,2.3002768000,2.2833630000,2.2833630000,865800
2019-09-06 14:30:00,2.2833630000,2.3002768000,2.2833630000,2.2918199000,537850
2019-09-06 14:45:00,2.2918199000,2.3002768000,2.2833630000,2.3002768000,948100
2019-09-06 15:00:00,2.3002768000,2.3002768000,2.2918199000,2.3002768000,1895400
2019-09-09 09:45:00,2.3256475000,2.3256475000,2.3002768000,2.3087337000,3254900
2019-09-09 10:00:00,2.3002768000,2.3087337000,2.3002768000,2.3087337000,1132100
2019-09-09 10:15:00,2.3002768000,2.3002768000,2.2918199000,2.2918199000,1212500
2019-09-09 10:30:00,2.2918199000,2.3002768000,2.2918199000,2.2918199000,767100
2019-09-09 10:45:00,2.2918199000,2.3002768000,2.2918199000,2.3002768000,768600
2019-09-09 11:00:00,2.3002768000,2.3002768000,2.2918199000,2.2918199000,844000
2019-09-09 11:15:00,2.2918199000,2.3087337000,2.2918199000,2.3087337000,1033400
2019-09-09 11:30:00,2.3087337000,2.3087337000,2.3002768000,2.3002768000,500100
2019-09-09 13:15:00,2.3002768000,2.3087337000,2.3002768000,2.3002768000,941330
2019-09-09 13:30:00,2.3002768000,2.3087337000,2.3002768000,2.3002768000,451600
2019-09-09 13:45:00,2.3002768000,2.3087337000,2.3002768000,2.3002768000,2492821
2019-09-09 14:00:00,2.3002768000,2.3171906000,2.3002768000,2.3087337000,445900
2019-09-09 14:15:00,2.3087337000,2.3087337000,2.2833630000,2.3002768000,2770300
2019-09-09 14:30:00,2.3002768000,2.3087337000,2.2918199000,2.2918199000,1507312
2019-09-09 14:45:00,2.3002768000,2.3087337000,2.2918199000,2.3002768000,905800
2019-09-09 15:00:00,2.3087337000,2.3087337000,2.3002768000,2.3087337000,3272382
2019-09-10 09:45:00,2.3002768000,2.3002768000,2.2833630000,2.2833630000,1903715
2019-09-10 10:00:00,2.2833630000,2.3002768000,2.2833630000,2.2833630000,3372800
2019-09-10 10:15:00,2.2833630000,2.2918199000,2.2664492000,2.2833630000,4355585
2019-09-10 10:30:00,2.2833630000,2.2833630000,2.2664492000,2.2749061000,2110500
2019-09-10 10:45:00,2.2749061000,2.2749061000,2.2664492000,2.2749061000,765000
2019-09-10 11:00:00,2.2749061000,2.2749061000,2.2579923000,2.2664492000,2809100
2019-09-10 11:15:00,2.2664492000,2.2749061000,2.2579923000,2.2579923000,1184500
2019-09-10 11:30:00,2.2579923000,2.2749061000,2.2579923000,2.2749061000,982100
2019-09-10 13:15:00,2.2749061000,2.2749061000,2.2579923000,2.2664492000,720200
2019-09-10 13:30:00,2.2664492000,2.2749061000,2.2664492000,2.2664492000,1175900
2019-09-10 13:45:00,2.2664492000,2.2749061000,2.2664492000,2.2749061000,375400
2019-09-10 14:00:00,2.2749061000,2.2918199000,2.2664492000,2.2833630000,3115941
2019-09-10 14:15:00,2.2833630000,2.2918199000,2.2833630000,2.2918199000,2059000
2019-09-10 14:30:00,2.2918199000,2.2918199000,2.2749061000,2.2749061000,1456490
2019-09-10 14:45:00,2.2749061000,2.2918199000,2.2749061000,2.2918199000,1124410
2019-09-10 15:00:00,2.2918199000,2.2918199000,2.2749061000,2.2918199000,2031600
2019-09-11 09:45:00,2.2918199000,2.3087337000,2.2833630000,2.3002768000,3291182
2019-09-11 10:00:00,2.3002768000,2.3002768000,2.2918199000,2.3002768000,1314717
2019-09-11 10:15:00,2.2918199000,2.3002768000,2.2918199000,2.3002768000,504500
2019-09-11 10:30:00,2.3002768000,2.3002768000,2.2918199000,2.2918199000,2064231
2019-09-11 10:45:00,2.2918199000,2.3002768000,2.2833630000,2.2918199000,910000
2019-09-11 11:00:00,2.2918199000,2.2918199000,2.2833630000,2.2833630000,735600
2019-09-11 11:15:00,2.2833630000,2.2918199000,2.2833630000,2.2833630000,440000
2019-09-11 11:30:00,2.2833630000,2.3002768000,2.2833630000,2.2918199000,1622500
2019-09-11 13:15:00,2.2918199000,2.3002768000,2.2833630000,2.2833630000,1421500
2019-09-11 13:30:00,2.2833630000,2.3002768000,2.2833630000,2.2918199000,1032201
2019-09-11 13:45:00,2.2918199000,2.2918199000,2.2833630000,2.2918199000,578000
2019-09-11 14:00:00,2.2918199000,2.2918199000,2.2749061000,2.2749061000,1851199
2019-09-11 14:15:00,2.2749061000,2.2918199000,2.2749061000,2.2749061000,797000
2019-09-11 14:30:00,2.2833630000,2.2833630000,2.2749061000,2.2833630000,1316700
2019-09-11 14:45:00,2.2833630000,2.2833630000,2.2749061000,2.2833630000,1116401
2019-09-11 15:00:00,2.2749061000,2.2833630000,2.2664492000,2.2833630000,5288190
2019-09-12 09:45:00,2.2833630000,2.2918199000,2.2749061000,2.2749061000,1061600
2019-09-12 10:00:00,2.2749061000,2.2833630000,2.2664492000,2.2664492000,1105400
2019-09-12 10:15:00,2.2749061000,2.2749061000,2.2664492000,2.2749061000,685505
2019-09-12 10:30:00,2.2664492000,2.2749061000,2.2579923000,2.2579923000,1526400
2019-09-12 10:45:00,2.2579923000,2.2749061000,2.2579923000,2.2664492000,1244600
2019-09-12 11:00:00,2.2664492000,2.2664492000,2.2579923000,2.2664492000,775500
2019-09-12 11:15:00,2.2664492000,2.2749061000,2.2579923000,2.2664492000,925045
2019-09-12 11:30:00,2.2664492000,2.2749061000,2.2664492000,2.2664492000,256700
2019-09-12 13:15:00,2.2664492000,2.2749061000,2.2664492000,2.2749061000,457700
2019-09-12 13:30:00,2.2749061000,2.2833630000,2.2664492000,2.2833630000,1120400
2019-09-12 13:45:00,2.2833630000,2.2833630000,2.2749061000,2.2833630000,450300
2019-09-12 14:00:00,2.2749061000,2.3087337000,2.2749061000,2.3002768000,5400067
2019-09-12 14:15:00,2.3087337000,2.3087337000,2.2833630000,2.3002768000,2455200
2019-09-12 14:30:00,2.3002768000,2.3002768000,2.2918199000,2.3002768000,2418200
2019-09-12 14:45:00,2.2918199000,2.3002768000,2.2918199000,2.2918199000,595470
2019-09-12 15:00:00,2.3002768000,2.3002768000,2.2833630000,2.2833630000,1544924
2019-09-16 09:45:00,2.2833630000,2.2833630000,2.2664492000,2.2833630000,4421045
2019-09-16 10:00:00,2.2749061000,2.2833630000,2.2664492000,2.2749061000,1615800
2019-09-16 10:15:00,2.2664492000,2.2833630000,2.2664492000,2.2833630000,1057100
2019-09-16 10:30:00,2.2833630000,2.2918199000,2.2749061000,2.2833630000,1637600
2019-09-16 10:45:00,2.2833630000,2.2918199000,2.2749061000,2.2833630000,1913100
2019-09-16 11:00:00,2.2833630000,2.2833630000,2.2749061000,2.2749061000,542700
2019-09-16 11:15:00,2.2749061000,2.2833630000,2.2664492000,2.2749061000,1133800
2019-09-16 11:30:00,2.2749061000,2.2833630000,2.2664492000,2.2833630000,436400
2019-09-16 13:15:00,2.2749061000,2.2833630000,2.2664492000,2.2664492000,1270300
2019-09-16 13:30:00,2.2664492000,2.2833630000,2.2664492000,2.2749061000,866500
2019-09-16 13:45:00,2.2664492000,2.2749061000,2.2664492000,2.2664492000,712100
2019-09-16 14:00:00,2.2664492000,2.2833630000,2.2664492000,2.2833630000,3211800
2019-09-16 14:15:00,2.2749061000,2.2833630000,2.2664492000,2.2664492000,978000
2019-09-16 14:30:00,2.2664492000,2.2749061000,2.2664492000,2.2664492000,1027700
2019-09-16 14:45:00,2.2749061000,2.2749061000,2.2495354000,2.2495354000,5505500
2019-09-16 15:00:00,2.2495354000,2.2664492000,2.2326216000,2.2579923000,6440301
2019-09-17 09:45:00,2.2495354000,2.2579923000,2.2410785000,2.2410785000,2169700
2019-09-17 10:00:00,2.2410785000,2.2495354000,2.2326216000,2.2326216000,2304900
2019-09-17 10:15:00,2.2326216000,2.2749061000,2.2241647000,2.2664492000,7381190
2019-09-17 10:30:00,2.2664492000,2.2749061000,2.2495354000,2.2664492000,3586900
2019-09-17 10:45:00,2.2664492000,2.2918199000,2.2579923000,2.2749061000,6772739
2019-09-17 11:00:00,2.2749061000,2.2918199000,2.2749061000,2.2833630000,3212900
2019-09-17 11:15:00,2.2918199000,2.3171906000,2.2833630000,2.3171906000,9456000
2019-09-17 11:30:00,2.3171906000,2.3171906000,2.3002768000,2.3087337000,4626300
2019-09-17 13:15:00,2.3087337000,2.3087337000,2.2833630000,2.2833630000,2878400
2019-09-17 13:30:00,2.2833630000,2.2918199000,2.2664492000,2.2749061000,2496900
2019-09-17 13:45:00,2.2664492000,2.2833630000,2.2664492000,2.2749061000,1221400
2019-09-17 14:00:00,2.2664492000,2.2749061000,2.2664492000,2.2664492000,718500
2019-09-17 14:15:00,2.2664492000,2.2749061000,2.2579923000,2.2664492000,1274400
2019-09-17 14:30:00,2.2664492000,2.2918199000,2.2664492000,2.2749061000,4513101
2019-09-17 14:45:00,2.2749061000,2.2833630000,2.2664492000,2.2749061000,1429600
2019-09-17 15:00:00,2.2749061000,2.2833630000,2.2664492000,2.2749061000,2122369
2019-09-18 09:45:00,2.2579923000,2.2664492000,2.2157078000,2.2157078000,10412000
2019-09-18 10:00:00,2.2157078000,2.2326216000,2.2157078000,2.2241647000,3890174
2019-09-18 10:15:00,2.2241647000,2.2326216000,2.2157078000,2.2241647000,2537200
2019-09-18 10:30:00,2.2157078000,2.2241647000,2.2157078000,2.2241647000,2274600
2019-09-18 10:45:00,2.2241647000,2.2241647000,2.2072509000,2.2157078000,2510326
2019-09-18 11:00:00,2.2157078000,2.2157078000,2.2072509000,2.2157078000,1119800
2019-09-18 11:15:00,2.2157078000,2.2241647000,2.2072509000,2.2241647000,1177300
2019-09-18 11:30:00,2.2241647000,2.2241647000,2.2072509000,2.2157078000,2141700
2019-09-18 13:15:00,2.2157078000,2.2157078000,2.2072509000,2.2072509000,747900
2019-09-18 13:30:00,2.2072509000,2.2157078000,2.2072509000,2.2157078000,860401
2019-09-18 13:45:00,2.2157078000,2.2157078000,2.2072509000,2.2157078000,673100
2019-09-18 14:00:00,2.2157078000,2.2241647000,2.2072509000,2.2157078000,1006977
2019-09-18 14:15:00,2.2157078000,2.2241647000,2.2072509000,2.2241647000,988090
2019-09-18 14:30:00,2.2157078000,2.2241647000,2.2072509000,2.2072509000,1583600
2019-09-18 14:45:00,2.2157078000,2.2157078000,2.2072509000,2.2072509000,1589100
2019-09-18 15:00:00,2.2072509000,2.2157078000,2.2072509000,2.2072509000,2014300
2019-09-19 09:45:00,2.2157078000,2.2157078000,2.1987940000,2.1987940000,1585136
2019-09-19 10:00:00,2.2072509000,2.2072509000,2.1903371000,2.1987940000,1465100
2019-09-19 10:15:00,2.1987940000,2.1987940000,2.1818802000,2.1903371000,2288100
2019-09-19 10:30:00,2.1903371000,2.1987940000,2.1903371000,2.1903371000,443200
2019-09-19 10:45:00,2.1903371000,2.1987940000,2.1903371000,2.1903371000,422300
2019-09-19 11:00:00,2.1987940000,2.2072509000,2.1903371000,2.1987940000,598000
2019-09-19 11:15:00,2.1987940000,2.2072509000,2.1903371000,2.1903371000,417900
2019-09-19 11:30:00,2.1987940000,2.2072509000,2.1903371000,2.1903371000,189200
2019-09-19 13:15:00,2.1987940000,2.1987940000,2.1903371000,2.1987940000,289900
2019-09-19 13:30:00,2.1987940000,2.1987940000,2.1903371000,2.1903371000,359700
2019-09-19 13:45:00,2.1903371000,2.1987940000,2.1818802000,2.1903371000,2464700
2019-09-19 14:00:00,2.1903371000,2.1987940000,2.1903371000,2.1987940000,307400
2019-09-19 14:15:00,2.1987940000,2.1987940000,2.1903371000,2.1903371000,621000
2019-09-19 14:30:00,2.1903371000,2.1987940000,2.1903371000,2.1903371000,687900
2019-09-19 14:45:00,2.1987940000,2.2072509000,2.1903371000,2.1987940000,2207700
2019-09-19 15:00:00,2.1987940000,2.2072509000,2.1987940000,2.2072509000,1338500
2019-09-20 09:45:00,2.2072509000,2.2157078000,2.1987940000,2.2072509000,1162500
2019-09-20 10:00:00,2.2072509000,2.2072509000,2.1903371000,2.2072509000,2038200
2019-09-20 10:15:00,2.2072509000,2.2072509000,2.1987940000,2.2072509000,487600
2019-09-20 10:30:00,2.2072509000,2.2072509000,2.1987940000,2.2072509000,657100
2019-09-20 10:45:00,2.1987940000,2.2072509000,2.1987940000,2.2072509000,835900
2019-09-20 11:00:00,2.2072509000,2.2072509000,2.1903371000,2.1903371000,2256500
2019-09-20 11:15:00,2.1903371000,2.1987940000,2.1903371000,2.1903371000,579886
2019-09-20 11:30:00,2.1903371000,2.1987940000,2.1903371000,2.1903371000,224900
2019-09-20 13:15:00,2.1987940000,2.1987940000,2.1903371000,2.1987940000,245200
2019-09-20 13:30:00,2.1987940000,2.1987940000,2.1903371000,2.1903371000,543262
2019-09-20 13:45:00,2.1903371000,2.1987940000,2.1818802000,2.1903371000,1070852
2019-09-20 14:00:00,2.1903371000,2.1987940000,2.1903371000,2.1903371000,1175800
2019-09-20 14:15:00,2.1903371000,2.1987940000,2.1903371000,2.1903371000,554000
2019-09-20 14:30:00,2.1903371000,2.1987940000,2.1903371000,2.1903371000,220600
2019-09-20 14:45:00,2.1903371000,2.1987940000,2.1818802000,2.1987940000,1114200
2019-09-20 15:00:00,2.1903371000,2.1987940000,2.1818802000,2.1903371000,4734507
2019-09-23 09:45:00,2.1903371000,2.1903371000,2.1649664000,2.1734233000,2496800
2019-09-23 10:00:00,2.1734233000,2.1818802000,2.1649664000,2.1734233000,777800
2019-09-23 10:15:00,2.1734233000,2.1734233000,2.1649664000,2.1734233000,961800
2019-09-23 10:30:00,2.1734233000,2.1734233000,2.1649664000,2.1649664000,731400
2019-09-23 10:45:00,2.1649664000,2.1734233000,2.1649664000,2.1649664000,505800
2019-09-23 11:00:00,2.1649664000,2.1734233000,2.1649664000,2.1734233000,376800
2019-09-23 11:15:00,2.1734233000,2.1818802000,2.1649664000,2.1734233000,1263900
2019-09-23 11:30:00,2.1818802000,2.1818802000,2.1734233000,2.1818802000,309200
2019-09-23 13:15:00,2.1818802000,2.1818802000,2.1734233000,2.1734233000,281401
2019-09-23 13:30:00,2.1734233000,2.1818802000,2.1734233000,2.1818802000,256900
2019-09-23 13:45:00,2.1818802000,2.1818802000,2.1734233000,2.1818802000,313200
2019-09-23 14:00:00,2.1818802000,2.1818802000,2.1734233000,2.1734233000,680526
2019-09-23 14:15:00,2.1818802000,2.1818802000,2.1649664000,2.1734233000,1545873
2019-09-23 14:30:00,2.1734233000,2.1734233000,2.1649664000,2.1649664000,728836
2019-09-23 14:45:00,2.1734233000,2.1818802000,2.1649664000,2.1734233000,573258
2019-09-23 15:00:00,2.1734233000,2.1903371000,2.1734233000,2.1903371000,1578927
2019-09-24 09:45:00,2.1903371000,2.1987940000,2.1818802000,2.1818802000,1574033
2019-09-24 10:00:00,2.1903371000,2.1987940000,2.1818802000,2.1818802000,605278
2019-09-24 10:15:00,2.1818802000,2.1903371000,2.1818802000,2.1903371000,761400
2019-09-24 10:30:00,2.1903371000,2.1987940000,2.1818802000,2.1987940000,733248
2019-09-24 10:45:00,2.1987940000,2.1987940000,2.1903371000,2.1987940000,299600
2019-09-24 11:00:00,2.1987940000,2.1987940000,2.1903371000,2.1987940000,353400
2019-09-24 11:15:00,2.1987940000,2.2072509000,2.1987940000,2.2072509000,1557700
2019-09-24 11:30:00,2.1987940000,2.2157078000,2.1987940000,2.2072509000,1211600
2019-09-24 13:15:00,2.2072509000,2.2157078000,2.1987940000,2.1987940000,399194
2019-09-24 13:30:00,2.1987940000,2.2072509000,2.1987940000,2.1987940000,211573
2019-09-24 13:45:00,2.1987940000,2.2072509000,2.1987940000,2.2072509000,342200
2019-09-24 14:00:00,2.2072509000,2.2157078000,2.1987940000,2.1987940000,1805100
2019-09-24 14:15:00,2.1987940000,2.2157078000,2.1987940000,2.1987940000,879300
2019-09-24 14:30:00,2.2072509000,2.2072509000,2.1987940000,2.1987940000,501100
2019-09-24 14:45:00,2.1987940000,2.2072509000,2.1903371000,2.1987940000,1238860
2019-09-24 15:00:00,2.1987940000,2.1987940000,2.1903371000,2.1903371000,849900
2019-09-25 09:45:00,2.1818802000,2.1903371000,2.1734233000,2.1734233000,2057000
2019-09-25 10:00:00,2.1818802000,2.1903371000,2.1734233000,2.1818802000,991900
2019-09-25 10:15:00,2.1734233000,2.1818802000,2.1649664000,2.1734233000,1421200
2019-09-25 10:30:00,2.1734233000,2.1818802000,2.1649664000,2.1649664000,590400
2019-09-25 10:45:00,2.1649664000,2.1818802000,2.1649664000,2.1734233000,563600
2019-09-25 11:00:00,2.1734233000,2.1818802000,2.1649664000,2.1649664000,555500
2019-09-25 11:15:00,2.1649664000,2.1818802000,2.1649664000,2.1818802000,267800
2019-09-25 11:30:00,2.1818802000,2.1818802000,2.1734233000,2.1818802000,190800
2019-09-25 13:15:00,2.1818802000,2.1818802000,2.1734233000,2.1734233000,371300
2019-09-25 13:30:00,2.1734233000,2.1818802000,2.1649664000,2.1818802000,575400
2019-09-25 13:45:00,2.1818802000,2.1818802000,2.1734233000,2.1734233000,409700
2019-09-25 14:00:00,2.1734233000,2.1818802000,2.1649664000,2.1649664000,308900
2019-09-25 14:15:00,2.1649664000,2.1818802000,2.1649664000,2.1649664000,284400
2019-09-25 14:30:00,2.1649664000,2.1818802000,2.1649664000,2.1734233000,310359
2019-09-25 14:45:00,2.1818802000,2.1818802000,2.1734233000,2.1818802000,563509
2019-09-25 15:00:00,2.1818802000,2.1818802000,2.1734233000,2.1818802000,1275200
2019-09-26 09:45:00,2.1903371000,2.2072509000,2.1734233000,2.1987940000,3392900
2019-09-26 10:00:00,2.1987940000,2.2072509000,2.1818802000,2.1987940000,4192300
2019-09-26 10:15:00,2.1987940000,2.2157078000,2.1818802000,2.2157078000,3861293
2019-09-26 10:30:00,2.2157078000,2.2157078000,2.1987940000,2.1987940000,2013700
2019-09-26 10:45:00,2.1987940000,2.2072509000,2.1903371000,2.1987940000,1594800
2019-09-26 11:00:00,2.1987940000,2.2072509000,2.1903371000,2.2072509000,776900
2019-09-26 11:15:00,2.1987940000,2.2072509000,2.1903371000,2.1987940000,825000
2019-09-26 11:30:00,2.2072509000,2.2072509000,2.1903371000,2.1903371000,898100
2019-09-26 13:15:00,2.1903371000,2.1987940000,2.1903371000,2.1903371000,1348200
2019-09-26 13:30:00,2.1903371000,2.1987940000,2.1903371000,2.1987940000,361200
2019-09-26 13:45:00,2.1987940000,2.2072509000,2.1903371000,2.1987940000,1338501
2019-09-26 14:00:00,2.1987940000,2.2072509000,2.1987940000,2.1987940000,818800
2019-09-26 14:15:00,2.1987940000,2.1987940000,2.1903371000,2.1903371000,804199
2019-09-26 14:30:00,2.1903371000,2.2072509000,2.1903371000,2.1987940000,971700
2019-09-26 14:45:00,2.1903371000,2.1987940000,2.1903371000,2.1903371000,850110
2019-09-26 15:00:00,2.1903371000,2.1987940000,2.1818802000,2.1818802000,1800341
2019-09-27 09:45:00,2.1734233000,2.1987940000,2.1734233000,2.1903371000,1531500
2019-09-27 10:00:00,2.1903371000,2.1903371000,2.1818802000,2.1818802000,1055100
2019-09-27 10:15:00,2.1903371000,2.1903371000,2.1734233000,2.1818802000,939800
2019-09-27 10:30:00,2.1818802000,2.1903371000,2.1818802000,2.1818802000,239900
2019-09-27 10:45:00,2.1818802000,2.1903371000,2.1734233000,2.1903371000,1301800
2019-09-27 11:00:00,2.1903371000,2.1903371000,2.1734233000,2.1903371000,580600
2019-09-27 11:15:00,2.1903371000,2.1903371000,2.1818802000,2.1903371000,188600
2019-09-27 11:30:00,2.1818802000,2.1903371000,2.1818802000,2.1818802000,260400
2019-09-27 13:15:00,2.1818802000,2.1903371000,2.1818802000,2.1818802000,201300
2019-09-27 13:30:00,2.1818802000,2.1903371000,2.1818802000,2.1818802000,331700
2019-09-27 13:45:00,2.1818802000,2.1903371000,2.1734233000,2.1818802000,830600
2019-09-27 14:00:00,2.1734233000,2.1818802000,2.1734233000,2.1818802000,698500
2019-09-27 14:15:00,2.1818802000,2.1818802000,2.1734233000,2.1818802000,458100
2019-09-27 14:30:00,2.1818802000,2.1818802000,2.1734233000,2.1818802000,389900
2019-09-27 14:45:00,2.1818802000,2.1818802000,2.1734233000,2.1818802000,725000
2019-09-27 15:00:00,2.1818802000,2.1818802000,2.1734233000,2.1734233000,1269600
2019-09-30 09:45:00,2.1649664000,2.1818802000,2.1649664000,2.1734233000,1795034
2019-09-30 10:00:00,2.1734233000,2.1818802000,2.1649664000,2.1649664000,669300
2019-09-30 10:15:00,2.1649664000,2.1734233000,2.1565095000,2.1649664000,1236466
2019-09-30 10:30:00,2.1649664000,2.1734233000,2.1565095000,2.1649664000,478576
2019-09-30 10:45:00,2.1649664000,2.1734233000,2.1565095000,2.1649664000,357624
2019-09-30 11:00:00,2.1565095000,2.1649664000,2.1480526000,2.1565095000,940300
2019-09-30 11:15:00,2.1565095000,2.1565095000,2.1395957000,2.1395957000,1149000
2019-09-30 11:30:00,2.1395957000,2.1480526000,2.1311388000,2.1395957000,915000
2019-09-30 13:15:00,2.1395957000,2.1480526000,2.1395957000,2.1480526000,288200
2019-09-30 13:30:00,2.1480526000,2.1565095000,2.1395957000,2.1480526000,305400
2019-09-30 13:45:00,2.1480526000,2.1565095000,2.1480526000,2.1480526000,198200
2019-09-30 14:00:00,2.1480526000,2.1565095000,2.1480526000,2.1565095000,160400
2019-09-30 14:15:00,2.1480526000,2.1565095000,2.1395957000,2.1480526000,976300
2019-09-30 14:30:00,2.1480526000,2.1480526000,2.1395957000,2.1480526000,296700
2019-09-30 14:45:00,2.1480526000,2.1480526000,2.1311388000,2.1311388000,1345400
2019-09-30 15:00:00,2.1395957000,2.1395957000,2.1226819000,2.1226819000,2757300
2019-10-08 09:45:00,2.1226819000,2.1395957000,2.1142250000,2.1226819000,2781700
2019-10-08 10:00:00,2.1226819000,2.1311388000,2.1142250000,2.1311388000,935392
2019-10-08 10:15:00,2.1311388000,2.1395957000,2.1226819000,2.1395957000,829300
2019-10-08 10:30:00,2.1395957000,2.1395957000,2.1311388000,2.1311388000,305501
2019-10-08 10:45:00,2.1311388000,2.1395957000,2.1311388000,2.1311388000,243600
2019-10-08 11:00:00,2.1311388000,2.1395957000,2.1311388000,2.1311388000,280600
2019-10-08 11:15:00,2.1311388000,2.1480526000,2.1311388000,2.1395957000,542800
2019-10-08 11:30:00,2.1395957000,2.1480526000,2.1311388000,2.1311388000,252100
2019-10-08 13:15:00,2.1311388000,2.1395957000,2.1311388000,2.1311388000,198500
2019-10-08 13:30:00,2.1311388000,2.1395957000,2.1311388000,2.1311388000,311200
2019-10-08 13:45:00,2.1311388000,2.1395957000,2.1311388000,2.1311388000,360601
2019-10-08 14:00:00,2.1311388000,2.1395957000,2.1226819000,2.1226819000,490398
2019-10-08 14:15:00,2.1226819000,2.1311388000,2.1226819000,2.1311388000,290100
2019-10-08 14:30:00,2.1311388000,2.1311388000,2.1226819000,2.1226819000,247100
2019-10-08 14:45:00,2.1226819000,2.1311388000,2.1226819000,2.1226819000,384500
2019-10-08 15:00:00,2.1226819000,2.1311388000,2.1226819000,2.1311388000,594900
2019-10-09 09:45:00,2.1142250000,2.1311388000,2.1142250000,2.1311388000,833852
2019-10-09 10:00:00,2.1311388000,2.1395957000,2.1311388000,2.1311388000,205350
2019-10-09 10:15:00,2.1311388000,2.1395957000,2.1311388000,2.1395957000,489400
2019-10-09 10:30:00,2.1395957000,2.1395957000,2.1311388000,2.1395957000,539300
2019-10-09 10:45:00,2.1395957000,2.1480526000,2.1311388000,2.1311388000,719900
2019-10-09 11:00:00,2.1311388000,2.1395957000,2.1311388000,2.1311388000,242700
2019-10-09 11:15:00,2.1311388000,2.1395957000,2.1311388000,2.1311388000,142301
2019-10-09 11:30:00,2.1311388000,2.1395957000,2.1311388000,2.1311388000,92900
2019-10-09 13:15:00,2.1395957000,2.1395957000,2.1311388000,2.1395957000,319800
2019-10-09 13:30:00,2.1395957000,2.1480526000,2.1311388000,2.1480526000,658720
2019-10-09 13:45:00,2.1480526000,2.1480526000,2.1395957000,2.1480526000,226100
2019-10-09 14:00:00,2.1480526000,2.1480526000,2.1395957000,2.1480526000,137200
2019-10-09 14:15:00,2.1480526000,2.1565095000,2.1480526000,2.1565095000,1977600
2019-10-09 14:30:00,2.1565095000,2.1565095000,2.1480526000,2.1480526000,236800
2019-10-09 14:45:00,2.1480526000,2.1565095000,2.1480526000,2.1565095000,415300
2019-10-09 15:00:00,2.1565095000,2.1565095000,2.1480526000,2.1480526000,908090
2019-10-10 09:45:00,2.1649664000,2.2157078000,2.1565095000,2.1987940000,4893601
2019-10-10 10:00:00,2.1987940000,2.2072509000,2.1903371000,2.2072509000,1808500
2019-10-10 10:15:00,2.1987940000,2.2326216000,2.1903371000,2.2241647000,4034350
2019-10-10 10:30:00,2.2241647000,2.2241647000,2.2072509000,2.2072509000,829491
2019-10-10 10:45:00,2.2072509000,2.2157078000,2.2072509000,2.2157078000,714000
2019-10-10 11:00:00,2.2072509000,2.2157078000,2.1987940000,2.1987940000,646000
2019-10-10 11:15:00,2.1987940000,2.2072509000,2.1987940000,2.2072509000,483910
2019-10-10 11:30:00,2.2072509000,2.2072509000,2.1987940000,2.1987940000,646700
2019-10-10 13:15:00,2.1987940000,2.2072509000,2.1987940000,2.1987940000,581130
2019-10-10 13:30:00,2.1987940000,2.2072509000,2.1987940000,2.1987940000,568500
2019-10-10 13:45:00,2.1987940000,2.2072509000,2.1903371000,2.2072509000,1076700
2019-10-10 14:00:00,2.2072509000,2.2072509000,2.1987940000,2.2072509000,251000
2019-10-10 14:15:00,2.1987940000,2.2072509000,2.1987940000,2.2072509000,585900
2019-10-10 14:30:00,2.2072509000,2.2072509000,2.1903371000,2.1903371000,1581500
2019-10-10 14:45:00,2.1987940000,2.2072509000,2.1903371000,2.2072509000,2806500
2019-10-10 15:00:00,2.2072509000,2.2072509000,2.1987940000,2.2072509000,761300
2019-10-11 09:45:00,2.2241647000,2.2326216000,2.2072509000,2.2072509000,3155700
2019-10-11 10:00:00,2.2072509000,2.2157078000,2.1987940000,2.2072509000,2069400
2019-10-11 10:15:00,2.2072509000,2.2157078000,2.1987940000,2.2072509000,1254500
2019-10-11 10:30:00,2.2072509000,2.2157078000,2.1987940000,2.2072509000,1116000
2019-10-11 10:45:00,2.2072509000,2.2157078000,2.1987940000,2.2072509000,692900
2019-10-11 11:00:00,2.1987940000,2.2072509000,2.1987940000,2.2072509000,1070500
2019-10-11 11:15:00,2.1987940000,2.2072509000,2.1903371000,2.1987940000,544300
2019-10-11 11:30:00,2.1987940000,2.2241647000,2.1903371000,2.2241647000,4338494
2019-10-11 13:15:00,2.2157078000,2.2326216000,2.2157078000,2.2326216000,1841600
2019-10-11 13:30:00,2.2326216000,2.2664492000,2.2241647000,2.2495354000,9395501
2019-10-11 13:45:00,2.2495354000,2.2579923000,2.2410785000,2.2495354000,1096300
2019-10-11 14:00:00,2.2495354000,2.2495354000,2.2410785000,2.2410785000,997100
2019-10-11 14:15:00,2.2410785000,2.2410785000,2.2326216000,2.2410785000,1050800
2019-10-11 14:30:00,2.2410785000,2.2495354000,2.2326216000,2.2495354000,813752
2019-10-11 14:45:00,2.2410785000,2.2495354000,2.2326216000,2.2410785000,1163900
2019-10-11 15:00:00,2.2410785000,2.2495354000,2.2326216000,2.2410785000,1941600
2019-10-14 09:45:00,2.2749061000,2.3087337000,2.2749061000,2.2833630000,12924321
2019-10-14 10:00:00,2.2918199000,2.3171906000,2.2833630000,2.3171906000,5809322
2019-10-14 10:15:00,2.3171906000,2.3171906000,2.3002768000,2.3002768000,2729200
2019-10-14 10:30:00,2.3002768000,2.3087337000,2.3002768000,2.3087337000,1971242
2019-10-14 10:45:00,2.3002768000,2.3087337000,2.3002768000,2.3087337000,1368700
2019-10-14 11:00:00,2.3087337000,2.3087337000,2.3002768000,2.3002768000,1960102
2019-10-14 11:15:00,2.3002768000,2.3002768000,2.2918199000,2.3002768000,957300
2019-10-14 11:30:00,2.3002768000,2.3002768000,2.2833630000,2.2833630000,1876700
2019-10-14 13:15:00,2.2918199000,2.3002768000,2.2833630000,2.3002768000,1623200
2019-10-14 13:30:00,2.3002768000,2.3002768000,2.2749061000,2.2749061000,3463000
2019-10-14 13:45:00,2.2833630000,2.2833630000,2.2749061000,2.2833630000,806700
2019-10-14 14:00:00,2.2833630000,2.2833630000,2.2749061000,2.2749061000,716600
2019-10-14 14:15:00,2.2749061000,2.2833630000,2.2664492000,2.2749061000,936000
2019-10-14 14:30:00,2.2664492000,2.2749061000,2.2664492000,2.2749061000,714200
2019-10-14 14:45:00,2.2664492000,2.2749061000,2.2664492000,2.2749061000,1326500
2019-10-14 15:00:00,2.2749061000,2.2749061000,2.2579923000,2.2664492000,2205800
2019-10-15 09:45:00,2.2579923000,2.2664492000,2.2410785000,2.2579923000,5074400
2019-10-15 10:00:00,2.2579923000,2.2579923000,2.2495354000,2.2579923000,1658000
2019-10-15 10:15:00,2.2579923000,2.2579923000,2.2495354000,2.2579923000,1893400
2019-10-15 10:30:00,2.2579923000,2.2579923000,2.2495354000,2.2495354000,1467900
2019-10-15 10:45:00,2.2495354000,2.2579923000,2.2495354000,2.2579923000,856600
2019-10-15 11:00:00,2.2579923000,2.2579923000,2.2410785000,2.2410785000,1195300
2019-10-15 11:15:00,2.2410785000,2.2579923000,2.2410785000,2.2495354000,861801
2019-10-15 11:30:00,2.2495354000,2.2579923000,2.2410785000,2.2495354000,1049600
2019-10-15 13:15:00,2.2579923000,2.2579923000,2.2495354000,2.2495354000,1145900
2019-10-15 13:30:00,2.2579923000,2.2579923000,2.2495354000,2.2495354000,657192
2019-10-15 13:45:00,2.2495354000,2.2579923000,2.2495354000,2.2495354000,557300
2019-10-15 14:00:00,2.2495354000,2.2579923000,2.2495354000,2.2495354000,488900
2019-10-15 14:15:00,2.2495354000,2.2579923000,2.2410785000,2.2495354000,971600
2019-10-15 14:30:00,2.2495354000,2.2579923000,2.2495354000,2.2495354000,526900
2019-10-15 14:45:00,2.2495354000,2.2664492000,2.2495354000,2.2664492000,1613100
2019-10-15 15:00:00,2.2664492000,2.2664492000,2.2495354000,2.2579923000,1198300
2019-10-16 09:45:00,2.2495354000,2.2749061000,2.2495354000,2.2664492000,1864001
2019-10-16 10:00:00,2.2664492000,2.2749061000,2.2495354000,2.2579923000,1381200
2019-10-16 10:15:00,2.2579923000,2.2579923000,2.2495354000,2.2495354000,954169
2019-10-16 10:30:00,2.2495354000,2.2579923000,2.2410785000,2.2579923000,1939591
2019-10-16 10:45:00,2.2579923000,2.2579923000,2.2410785000,2.2410785000,596200
2019-10-16 11:00:00,2.2410785000,2.2579923000,2.2410785000,2.2495354000,526100
2019-10-16 11:15:00,2.2495354000,2.2495354000,2.2410785000,2.2495354000,524480
2019-10-16 11:30:00,2.2495354000,2.2495354000,2.2326216000,2.2410785000,706220
2019-10-16 13:15:00,2.2326216000,2.2410785000,2.2326216000,2.2326216000,805000
2019-10-16 13:30:00,2.2326216000,2.2410785000,2.2326216000,2.2326216000,1209898
2019-10-16 13:45:00,2.2326216000,2.2410785000,2.2241647000,2.2326216000,907800
2019-10-16 14:00:00,2.2326216000,2.2410785000,2.2241647000,2.2241647000,1670800
2019-10-16 14:15:00,2.2241647000,2.2326216000,2.2157078000,2.2157078000,753500
2019-10-16 14:30:00,2.2157078000,2.2241647000,2.2072509000,2.2157078000,1601400
2019-10-16 14:45:00,2.2157078000,2.2241647000,2.2072509000,2.2157078000,983900
2019-10-16 15:00:00,2.2157078000,2.2326216000,2.2072509000,2.2326216000,2458600
2019-10-17 09:45:00,2.2326216000,2.2326216000,2.2157078000,2.2241647000,742800
2019-10-17 10:00:00,2.2241647000,2.2326216000,2.2157078000,2.2157078000,829500
2019-10-17 10:15:00,2.2157078000,2.2326216000,2.2157078000,2.2241647000,624494
2019-10-17 10:30:00,2.2241647000,2.2326216000,2.2157078000,2.2157078000,430506
2019-10-17 10:45:00,2.2241647000,2.2326216000,2.2157078000,2.2241647000,570000
2019-10-17 11:00:00,2.2241647000,2.2241647000,2.2157078000,2.2157078000,223500
2019-10-17 11:15:00,2.2157078000,2.2241647000,2.2157078000,2.2241647000,560300
2019-10-17 11:30:00,2.2241647000,2.2241647000,2.2157078000,2.2157078000,434400
2019-10-17 13:15:00,2.2241647000,2.2241647000,2.2072509000,2.2072509000,487300
2019-10-17 13:30:00,2.2072509000,2.2157078000,2.2072509000,2.2072509000,262899
2019-10-17 13:45:00,2.2157078000,2.2157078000,2.2072509000,2.2157078000,423300
2019-10-17 14:00:00,2.2072509000,2.2241647000,2.2072509000,2.2157078000,848300
2019-10-17 14:15:00,2.2157078000,2.2241647000,2.2072509000,2.2157078000,1000100
2019-10-17 14:30:00,2.2157078000,2.2157078000,2.2072509000,2.2072509000,345500
2019-10-17 14:45:00,2.2157078000,2.2157078000,2.1987940000,2.2072509000,1431892
2019-10-17 15:00:00,2.2072509000,2.2157078000,2.1987940000,2.2072509000,367000
2019-10-18 09:45:00,2.2072509000,2.2241647000,2.2072509000,2.2072509000,910304
2019-10-18 10:00:00,2.2157078000,2.2241647000,2.2072509000,2.2157078000,472700
2019-10-18 10:15:00,2.2157078000,2.2241647000,2.2157078000,2.2157078000,326200
2019-10-18 10:30:00,2.2157078000,2.2241647000,2.2157078000,2.2241647000,281000
2019-10-18 10:45:00,2.2157078000,2.2241647000,2.2072509000,2.2072509000,547300
2019-10-18 11:00:00,2.2072509000,2.2157078000,2.1987940000,2.1987940000,1172500
2019-10-18 11:15:00,2.2072509000,2.2072509000,2.1987940000,2.1987940000,345801
2019-10-18 11:30:00,2.1987940000,2.2072509000,2.1903371000,2.1987940000,1110800
2019-10-18 13:15:00,2.1987940000,2.1987940000,2.1818802000,2.1903371000,1105200
2019-10-18 13:30:00,2.1903371000,2.1987940000,2.1818802000,2.1818802000,510500
2019-10-18 13:45:00,2.1818802000,2.1903371000,2.1734233000,2.1734233000,1163400
2019-10-18 14:00:00,2.1734233000,2.1818802000,2.1734233000,2.1734233000,590100
2019-10-18 14:15:00,2.1734233000,2.1818802000,2.1649664000,2.1734233000,851100
2019-10-18 14:30:00,2.1734233000,2.1734233000,2.1649664000,2.1734233000,549300
2019-10-18 14:45:00,2.1734233000,2.1734233000,2.1649664000,2.1734233000,464200
2019-10-18 15:00:00,2.1734233000,2.1734233000,2.1649664000,2.1649664000,1093900
2019-10-21 09:45:00,2.1649664000,2.1734233000,2.1395957000,2.1395957000,1857600
2019-10-21 10:00:00,2.1480526000,2.1565095000,2.1395957000,2.1395957000,581100
2019-10-21 10:15:00,2.1480526000,2.1565095000,2.1311388000,2.1480526000,1444800
2019-10-21 10:30:00,2.1480526000,2.1480526000,2.1395957000,2.1480526000,330000
2019-10-21 10:45:00,2.1480526000,2.1565095000,2.1395957000,2.1480526000,784301
2019-10-21 11:00:00,2.1565095000,2.1565095000,2.1395957000,2.1565095000,338900
2019-10-21 11:15:00,2.1565095000,2.1565095000,2.1480526000,2.1565095000,324400
2019-10-21 11:30:00,2.1480526000,2.1565095000,2.1480526000,2.1565095000,506300
2019-10-21 13:15:00,2.1565095000,2.1649664000,2.1480526000,2.1565095000,577000
2019-10-21 13:30:00,2.1565095000,2.1565095000,2.1480526000,2.1480526000,374867
2019-10-21 13:45:00,2.1565095000,2.1565095000,2.1480526000,2.1480526000,277400
2019-10-21 14:00:00,2.1480526000,2.1565095000,2.1395957000,2.1480526000,342400
2019-10-21 14:15:00,2.1480526000,2.1480526000,2.1395957000,2.1395957000,236000
2019-10-21 14:30:00,2.1395957000,2.1480526000,2.1395957000,2.1395957000,898800
2019-10-21 14:45:00,2.1480526000,2.1480526000,2.1395957000,2.1395957000,1231900
2019-10-21 15:00:00,2.1395957000,2.1565095000,2.1395957000,2.1565095000,1493600
2019-10-22 09:45:00,2.1480526000,2.1649664000,2.1480526000,2.1480526000,1034100
2019-10-22 10:00:00,2.1565095000,2.1649664000,2.1480526000,2.1649664000,1101636
2019-10-22 10:15:00,2.1649664000,2.1649664000,2.1565095000,2.1649664000,592300
2019-10-22 10:30:00,2.1649664000,2.1649664000,2.1480526000,2.1565095000,670905
2019-10-22 10:45:00,2.1565095000,2.1649664000,2.1480526000,2.1649664000,396800
2019-10-22 11:00:00,2.1565095000,2.1565095000,2.1480526000,2.1565095000,422400
2019-10-22 11:15:00,2.1480526000,2.1565095000,2.1480526000,2.1565095000,479000
2019-10-22 11:30:00,2.1480526000,2.1565095000,2.1480526000,2.1565095000,389800
2019-10-22 13:15:00,2.1565095000,2.1565095000,2.1311388000,2.1311388000,2687607
2019-10-22 13:30:00,2.1311388000,2.1480526000,2.1311388000,2.1311388000,789700
2019-10-22 13:45:00,2.1311388000,2.1480526000,2.1311388000,2.1395957000,766500
2019-10-22 14:00:00,2.1395957000,2.1480526000,2.1311388000,2.1395957000,493293
2019-10-22 14:15:00,2.1395957000,2.1480526000,2.1395957000,2.1480526000,509500
2019-10-22 14:30:00,2.1480526000,2.1565095000,2.1395957000,2.1565095000,1321700
2019-10-22 14:45:00,2.1565095000,2.1649664000,2.1480526000,2.1565095000,2211000
2019-10-22 15:00:00,2.1565095000,2.1649664000,2.1480526000,2.1565095000,1462600
2019-10-23 09:45:00,2.1565095000,2.1565095000,2.1480526000,2.1480526000,666548
2019-10-23 10:00:00,2.1565095000,2.1565095000,2.1395957000,2.1480526000,859852
2019-10-23 10:15:00,2.1395957000,2.1565095000,2.1395957000,2.1480526000,575060
2019-10-23 10:30:00,2.1395957000,2.1565095000,2.1395957000,2.1480526000,347300
2019-10-23 10:45:00,2.1480526000,2.1565095000,2.1395957000,2.1565095000,375900
2019-10-23 11:00:00,2.1480526000,2.1565095000,2.1395957000,2.1395957000,711900
2019-10-23 11:15:00,2.1395957000,2.1480526000,2.1395957000,2.1395957000,524700
2019-10-23 11:30:00,2.1395957000,2.1480526000,2.1395957000,2.1480526000,303100
2019-10-23 13:15:00,2.1395957000,2.1480526000,2.1395957000,2.1395957000,317500
2019-10-23 13:30:00,2.1395957000,2.1480526000,2.1395957000,2.1395957000,307600
2019-10-23 13:45:00,2.1395957000,2.1480526000,2.1395957000,2.1480526000,348500
2019-10-23 14:00:00,2.1395957000,2.1480526000,2.1311388000,2.1395957000,1114340
2019-10-23 14:15:00,2.1395957000,2.1395957000,2.1311388000,2.1311388000,683500
2019-10-23 14:30:00,2.1311388000,2.1395957000,2.1311388000,2.1395957000,798700
2019-10-23 14:45:00,2.1395957000,2.1395957000,2.1226819000,2.1226819000,2567900
2019-10-23 15:00:00,2.1226819000,2.1395957000,2.1226819000,2.1311388000,1008800
2019-10-24 09:45:00,2.1311388000,2.1395957000,2.1226819000,2.1311388000,1265500
2019-10-24 10:00:00,2.1311388000,2.1311388000,2.1226819000,2.1311388000,811600
2019-10-24 10:15:00,2.1311388000,2.1395957000,2.1226819000,2.1311388000,617100
2019-10-24 10:30:00,2.1311388000,2.1480526000,2.1311388000,2.1480526000,980200
2019-10-24 10:45:00,2.1480526000,2.1480526000,2.1311388000,2.1395957000,549400
2019-10-24 11:00:00,2.1395957000,2.1395957000,2.1311388000,2.1311388000,250600
2019-10-24 11:15:00,2.1311388000,2.1395957000,2.1311388000,2.1395957000,226800
2019-10-24 11:30:00,2.1395957000,2.1395957000,2.1311388000,2.1395957000,211100
2019-10-24 13:15:00,2.1395957000,2.1395957000,2.1311388000,2.1311388000,374212
2019-10-24 13:30:00,2.1311388000,2.1395957000,2.1311388000,2.1395957000,297000
2019-10-24 13:45:00,2.1395957000,2.1395957000,2.1311388000,2.1395957000,167000
2019-10-24 14:00:00,2.1311388000,2.1395957000,2.1311388000,2.1395957000,886500
2019-10-24 14:15:00,2.1395957000,2.1395957000,2.1311388000,2.1395957000,331300
2019-10-24 14:30:00,2.1395957000,2.1395957000,2.1311388000,2.1395957000,899200
2019-10-24 14:45:00,2.1395957000,2.1395957000,2.1311388000,2.1395957000,679600
2019-10-24 15:00:00,2.1395957000,2.1480526000,2.1311388000,2.1480526000,1524700
2019-10-25 09:45:00,2.1395957000,2.1480526000,2.1226819000,2.1311388000,991300
2019-10-25 10:00:00,2.1311388000,2.1395957000,2.1226819000,2.1226819000,661000
2019-10-25 10:15:00,2.1226819000,2.1395957000,2.1226819000,2.1226819000,472400
2019-10-25 10:30:00,2.1226819000,2.1311388000,2.1226819000,2.1311388000,428900
2019-10-25 10:45:00,2.1311388000,2.1311388000,2.1226819000,2.1311388000,330500
2019-10-25 11:00:00,2.1311388000,2.1480526000,2.1226819000,2.1311388000,1729419
2019-10-25 11:15:00,2.1395957000,2.1480526000,2.1311388000,2.1395957000,645600
2019-10-25 11:30:00,2.1395957000,2.1480526000,2.1395957000,2.1395957000,417800
2019-10-25 13:15:00,2.1395957000,2.1480526000,2.1395957000,2.1395957000,456600
2019-10-25 13:30:00,2.1395957000,2.1480526000,2.1311388000,2.1395957000,190500
2019-10-25 13:45:00,2.1395957000,2.1480526000,2.1311388000,2.1395957000,252900
2019-10-25 14:00:00,2.1395957000,2.1480526000,2.1311388000,2.1480526000,652300
2019-10-25 14:15:00,2.1480526000,2.1565095000,2.1395957000,2.1480526000,1153495
2019-10-25 14:30:00,2.1480526000,2.1649664000,2.1480526000,2.1565095000,1232700
2019-10-25 14:45:00,2.1649664000,2.1734233000,2.1565095000,2.1565095000,1154400
2019-10-25 15:00:00,2.1649664000,2.1649664000,2.1565095000,2.1649664000,1758507
2019-10-28 09:45:00,2.1649664000,2.1818802000,2.1565095000,2.1649664000,2760367
2019-10-28 10:00:00,2.1734233000,2.1734233000,2.1649664000,2.1649664000,356800
2019-10-28 10:15:00,2.1649664000,2.1734233000,2.1649664000,2.1649664000,622600
2019-10-28 10:30:00,2.1649664000,2.1734233000,2.1649664000,2.1649664000,1072900
2019-10-28 10:45:00,2.1649664000,2.1734233000,2.1649664000,2.1649664000,407400
2019-10-28 11:00:00,2.1649664000,2.2072509000,2.1649664000,2.1818802000,4178947
2019-10-28 11:15:00,2.1818802000,2.1903371000,2.1818802000,2.1903371000,495300
2019-10-28 11:30:00,2.1903371000,2.1987940000,2.1818802000,2.1903371000,1277500
2019-10-28 13:15:00,2.1987940000,2.1987940000,2.1818802000,2.1903371000,933100
2019-10-28 13:30:00,2.1903371000,2.1987940000,2.1818802000,2.1987940000,383000
2019-10-28 13:45:00,2.1903371000,2.1987940000,2.1818802000,2.1818802000,421300
2019-10-28 14:00:00,2.1818802000,2.1903371000,2.1734233000,2.1903371000,949301
2019-10-28 14:15:00,2.1818802000,2.1903371000,2.1734233000,2.1734233000,306300
2019-10-28 14:30:00,2.1734233000,2.1818802000,2.1734233000,2.1734233000,350806
2019-10-28 14:45:00,2.1734233000,2.1903371000,2.1734233000,2.1818802000,856200
2019-10-28 15:00:00,2.1818802000,2.1903371000,2.1734233000,2.1818802000,1322096
2019-10-29 09:45:00,2.1903371000,2.1903371000,2.1649664000,2.1649664000,1751548
2019-10-29 10:00:00,2.1649664000,2.1734233000,2.1565095000,2.1649664000,1062652
2019-10-29 10:15:00,2.1649664000,2.1734233000,2.1565095000,2.1649664000,689300
2019-10-29 10:30:00,2.1649664000,2.1734233000,2.1649664000,2.1649664000,737400
2019-10-29 10:45:00,2.1649664000,2.1649664000,2.1480526000,2.1565095000,2613100
2019-10-29 11:00:00,2.1565095000,2.1565095000,2.1480526000,2.1565095000,529900
2019-10-29 11:15:00,2.1565095000,2.1565095000,2.1480526000,2.1565095000,460500
2019-10-29 11:30:00,2.1565095000,2.1565095000,2.1395957000,2.1480526000,609500
2019-10-29 13:15:00,2.1395957000,2.1480526000,2.1395957000,2.1395957000,496900
2019-10-29 13:30:00,2.1480526000,2.1480526000,2.1395957000,2.1395957000,1025400
2019-10-29 13:45:00,2.1395957000,2.1565095000,2.1395957000,2.1480526000,2590200
2019-10-29 14:00:00,2.1480526000,2.1565095000,2.1395957000,2.1480526000,2657100
2019-10-29 14:15:00,2.1480526000,2.1565095000,2.1395957000,2.1480526000,1737700
2019-10-29 14:30:00,2.1480526000,2.1565095000,2.1480526000,2.1565095000,547100
2019-10-29 14:45:00,2.1565095000,2.1565095000,2.1395957000,2.1480526000,568600
2019-10-29 15:00:00,2.1480526000,2.1480526000,2.1395957000,2.1395957000,1106400
2019-10-30 09:45:00,2.1395957000,2.1480526000,2.1226819000,2.1311388000,1169300
2019-10-30 10:00:00,2.1311388000,2.1311388000,2.1226819000,2.1311388000,625400
2019-10-30 10:15:00,2.1311388000,2.1395957000,2.1226819000,2.1395957000,873934
2019-10-30 10:30:00,2.1395957000,2.1480526000,2.1311388000,2.1395957000,656200
2019-10-30 10:45:00,2.1395957000,2.1480526000,2.1311388000,2.1395957000,1485900
2019-10-30 11:00:00,2.1395957000,2.1395957000,2.1226819000,2.1311388000,573400
2019-10-30 11:15:00,2.1311388000,2.1311388000,2.1226819000,2.1311388000,546400
2019-10-30 11:30:00,2.1311388000,2.1311388000,2.1226819000,2.1226819000,231400
2019-10-30 13:15:00,2.1226819000,2.1395957000,2.1226819000,2.1395957000,411255
2019-10-30 13:30:00,2.1395957000,2.1395957000,2.1311388000,2.1311388000,271500
2019-10-30 13:45:00,2.1395957000,2.1395957000,2.1311388000,2.1395957000,432900
2019-10-30 14:00:00,2.1395957000,2.1395957000,2.1311388000,2.1395957000,221600
2019-10-30 14:15:00,2.1395957000,2.1395957000,2.1226819000,2.1311388000,274800
2019-10-30 14:30:00,2.1311388000,2.1311388000,2.1226819000,2.1226819000,414700
2019-10-30 14:45:00,2.1226819000,2.1311388000,2.1226819000,2.1226819000,285200
2019-10-30 15:00:00,2.1226819000,2.1395957000,2.1226819000,2.1311388000,1108467
2019-10-31 09:45:00,2.1395957000,2.1480526000,2.1311388000,2.1311388000,1511300
2019-10-31 10:00:00,2.1395957000,2.1395957000,2.1311388000,2.1395957000,436900
2019-10-31 10:15:00,2.1311388000,2.1395957000,2.1226819000,2.1311388000,847600
2019-10-31 10:30:00,2.1226819000,2.1311388000,2.1226819000,2.1226819000,570500
2019-10-31 10:45:00,2.1311388000,2.1311388000,2.1226819000,2.1311388000,343300
2019-10-31 11:00:00,2.1226819000,2.1311388000,2.1226819000,2.1311388000,280100
2019-10-31 11:15:00,2.1311388000,2.1395957000,2.1226819000,2.1311388000,229000
2019-10-31 11:30:00,2.1311388000,2.1395957000,2.1226819000,2.1226819000,593500
2019-10-31 13:15:00,2.1311388000,2.1311388000,2.1226819000,2.1226819000,436429
2019-10-31 13:30:00,2.1226819000,2.1311388000,2.1142250000,2.1226819000,1204071
2019-10-31 13:45:00,2.1226819000,2.1311388000,2.1142250000,2.1226819000,817900
2019-10-31 14:00:00,2.1226819000,2.1226819000,2.1142250000,2.1142250000,438800
2019-10-31 14:15:00,2.1142250000,2.1226819000,2.1142250000,2.1142250000,640200
2019-10-31 14:30:00,2.1142250000,2.1226819000,2.1142250000,2.1142250000,587000
2019-10-31 14:45:00,2.1142250000,2.1226819000,2.1057681000,2.1057681000,1532000
2019-10-31 15:00:00,2.1142250000,2.1226819000,2.1057681000,2.1057681000,1539208
2019-11-01 09:45:00,2.1057681000,2.1142250000,2.0888543000,2.1057681000,1239200
2019-11-01 10:00:00,2.1057681000,2.1142250000,2.0973112000,2.1142250000,938600
2019-11-01 10:15:00,2.1057681000,2.1226819000,2.1057681000,2.1226819000,1409673
2019-11-01 10:30:00,2.1226819000,2.1226819000,2.1142250000,2.1142250000,551200
2019-11-01 10:45:00,2.1142250000,2.1226819000,2.1057681000,2.1057681000,603900
2019-11-01 11:00:00,2.1057681000,2.1226819000,2.1057681000,2.1142250000,505300
2019-11-01 11:15:00,2.1142250000,2.1226819000,2.1142250000,2.1142250000,502300
2019-11-01 11:30:00,2.1142250000,2.1311388000,2.1142250000,2.1311388000,1771500
2019-11-01 13:15:00,2.1226819000,2.1311388000,2.1226819000,2.1226819000,592012
2019-11-01 13:30:00,2.1226819000,2.1311388000,2.1226819000,2.1226819000,254300
2019-11-01 13:45:00,2.1226819000,2.1311388000,2.1226819000,2.1311388000,694600
2019-11-01 14:00:00,2.1311388000,2.1311388000,2.1226819000,2.1226819000,292500
2019-11-01 14:15:00,2.1226819000,2.1311388000,2.1226819000,2.1226819000,539900
2019-11-01 14:30:00,2.1226819000,2.1311388000,2.1226819000,2.1226819000,509200
2019-11-01 14:45:00,2.1311388000,2.1311388000,2.1226819000,2.1311388000,598100
2019-11-01 15:00:00,2.1311388000,2.1311388000,2.1142250000,2.1226819000,1031699
2019-11-04 09:45:00,2.1311388000,2.1565095000,2.1226819000,2.1480526000,2171900
2019-11-04 10:00:00,2.1480526000,2.1565095000,2.1395957000,2.1480526000,515700
2019-11-04 10:15:00,2.1480526000,2.1480526000,2.1395957000,2.1480526000,350200
2019-11-04 10:30:00,2.1480526000,2.1480526000,2.1395957000,2.1480526000,354800
2019-11-04 10:45:00,2.1480526000,2.1480526000,2.1395957000,2.1395957000,1103286
2019-11-04 11:00:00,2.1395957000,2.1480526000,2.1311388000,2.1395957000,562900
2019-11-04 11:15:00,2.1395957000,2.1480526000,2.1395957000,2.1395957000,611500
2019-11-04 11:30:00,2.1395957000,2.1480526000,2.1395957000,2.1395957000,393300
2019-11-04 13:15:00,2.1395957000,2.1480526000,2.1311388000,2.1395957000,576400
2019-11-04 13:30:00,2.1395957000,2.1480526000,2.1311388000,2.1395957000,475947
2019-11-04 13:45:00,2.1395957000,2.1395957000,2.1311388000,2.1395957000,368800
2019-11-04 14:00:00,2.1395957000,2.1395957000,2.1311388000,2.1311388000,305900
2019-11-04 14:15:00,2.1311388000,2.1395957000,2.1226819000,2.1395957000,1436200
2019-11-04 14:30:00,2.1395957000,2.1395957000,2.1226819000,2.1395957000,453000
2019-11-04 14:45:00,2.1395957000,2.1395957000,2.1226819000,2.1311388000,645500
2019-11-04 15:00:00,2.1311388000,2.1395957000,2.1226819000,2.1311388000,768400
2019-11-05 09:45:00,2.1311388000,2.1395957000,2.1226819000,2.1311388000,1131300
2019-11-05 10:00:00,2.1311388000,2.1395957000,2.1226819000,2.1226819000,688200
2019-11-05 10:15:00,2.1226819000,2.1311388000,2.1142250000,2.1226819000,918310
2019-11-05 10:30:00,2.1142250000,2.1226819000,2.0973112000,2.1142250000,2139900
2019-11-05 10:45:00,2.1142250000,2.1311388000,2.1057681000,2.1226819000,1132700
2019-11-05 11:00:00,2.1142250000,2.1226819000,2.1142250000,2.1142250000,228600
2019-11-05 11:15:00,2.1142250000,2.1311388000,2.1142250000,2.1226819000,666500
2019-11-05 11:30:00,2.1226819000,2.1311388000,2.1226819000,2.1311388000,621600
2019-11-05 13:15:00,2.1226819000,2.1395957000,2.1226819000,2.1395957000,964100
2019-11-05 13:30:00,2.1395957000,2.1395957000,2.1311388000,2.1395957000,360200
2019-11-05 13:45:00,2.1395957000,2.1395957000,2.1311388000,2.1311388000,545200
2019-11-05 14:00:00,2.1311388000,2.1395957000,2.1311388000,2.1311388000,533700
2019-11-05 14:15:00,2.1311388000,2.1395957000,2.1311388000,2.1395957000,210100
2019-11-05 14:30:00,2.1395957000,2.1395957000,2.1311388000,2.1395957000,327100
2019-11-05 14:45:00,2.1311388000,2.1395957000,2.1226819000,2.1311388000,1322800
2019-11-05 15:00:00,2.1311388000,2.1395957000,2.1226819000,2.1311388000,1078800
2019-11-06 09:45:00,2.1226819000,2.1311388000,2.1142250000,2.1142250000,1066600
2019-11-06 10:00:00,2.1142250000,2.1311388000,2.1142250000,2.1311388000,1374600
2019-11-06 10:15:00,2.1311388000,2.1311388000,2.1142250000,2.1226819000,484500
2019-11-06 10:30:00,2.1226819000,2.1311388000,2.1142250000,2.1142250000,428800
2019-11-06 10:45:00,2.1142250000,2.1226819000,2.1142250000,2.1142250000,449400
2019-11-06 11:00:00,2.1142250000,2.1226819000,2.1142250000,2.1226819000,324600
2019-11-06 11:15:00,2.1226819000,2.1226819000,2.1142250000,2.1142250000,426600
2019-11-06 11:30:00,2.1142250000,2.1226819000,2.1142250000,2.1142250000,224600
2019-11-06 13:15:00,2.1142250000,2.1226819000,2.1142250000,2.1142250000,181800
2019-11-06 13:30:00,2.1142250000,2.1226819000,2.1142250000,2.1226819000,141100
2019-11-06 13:45:00,2.1226819000,2.1226819000,2.1142250000,2.1226819000,229900
2019-11-06 14:00:00,2.1226819000,2.1226819000,2.1142250000,2.1142250000,191900
2019-11-06 14:15:00,2.1142250000,2.1226819000,2.1142250000,2.1142250000,551200
2019-11-06 14:30:00,2.1142250000,2.1226819000,2.1057681000,2.1142250000,1857200
2019-11-06 14:45:00,2.1142250000,2.1142250000,2.1057681000,2.1057681000,642800
2019-11-06 15:00:00,2.1057681000,2.1142250000,2.1057681000,2.1142250000,557700
2019-11-07 09:45:00,2.1142250000,2.1142250000,2.1057681000,2.1142250000,749800
2019-11-07 10:00:00,2.1142250000,2.1226819000,2.1057681000,2.1226819000,568900
2019-11-07 10:15:00,2.1226819000,2.1226819000,2.1142250000,2.1142250000,626300
2019-11-07 10:30:00,2.1142250000,2.1311388000,2.1142250000,2.1311388000,523900
2019-11-07 10:45:00,2.1311388000,2.1311388000,2.1226819000,2.1311388000,206900
2019-11-07 11:00:00,2.1311388000,2.1311388000,2.1226819000,2.1226819000,201400
2019-11-07 11:15:00,2.1226819000,2.1311388000,2.1226819000,2.1226819000,997800
2019-11-07 11:30:00,2.1226819000,2.1226819000,2.1142250000,2.1142250000,353200
2019-11-07 13:15:00,2.1226819000,2.1226819000,2.1142250000,2.1142250000,205900
2019-11-07 13:30:00,2.1142250000,2.1226819000,2.1142250000,2.1226819000,140600
2019-11-07 13:45:00,2.1142250000,2.1226819000,2.1142250000,2.1226819000,478500
2019-11-07 14:00:00,2.1226819000,2.1226819000,2.1142250000,2.1142250000,73800
2019-11-07 14:15:00,2.1142250000,2.1226819000,2.1142250000,2.1226819000,105001
2019-11-07 14:30:00,2.1226819000,2.1226819000,2.1142250000,2.1142250000,309700
2019-11-07 14:45:00,2.1226819000,2.1226819000,2.1142250000,2.1142250000,220900
2019-11-07 15:00:00,2.1142250000,2.1226819000,2.1142250000,2.1142250000,509000
2019-11-08 09:45:00,2.1311388000,2.1395957000,2.1226819000,2.1395957000,1005500
2019-11-08 10:00:00,2.1395957000,2.1395957000,2.1311388000,2.1311388000,317200
2019-11-08 10:15:00,2.1311388000,2.1395957000,2.1226819000,2.1311388000,1214400
2019-11-08 10:30:00,2.1311388000,2.1311388000,2.1226819000,2.1226819000,113500
2019-11-08 10:45:00,2.1226819000,2.1311388000,2.1226819000,2.1311388000,608900
2019-11-08 11:00:00,2.1226819000,2.1311388000,2.1226819000,2.1311388000,546000
2019-11-08 11:15:00,2.1311388000,2.1395957000,2.1226819000,2.1311388000,645500
2019-11-08 11:30:00,2.1311388000,2.1395957000,2.1311388000,2.1395957000,818700
2019-11-08 13:15:00,2.1395957000,2.1395957000,2.1311388000,2.1395957000,797500
2019-11-08 13:30:00,2.1395957000,2.1395957000,2.1226819000,2.1226819000,762000
2019-11-08 13:45:00,2.1226819000,2.1311388000,2.1142250000,2.1142250000,1318300
2019-11-08 14:00:00,2.1142250000,2.1226819000,2.0973112000,2.1057681000,3611300
2019-11-08 14:15:00,2.1057681000,2.1142250000,2.1057681000,2.1057681000,443800
2019-11-08 14:30:00,2.1057681000,2.1142250000,2.1057681000,2.1142250000,335900
2019-11-08 14:45:00,2.1142250000,2.1226819000,2.1057681000,2.1142250000,582500
2019-11-08 15:00:00,2.1142250000,2.1226819000,2.1057681000,2.1057681000,456200
2019-11-11 09:45:00,2.0973112000,2.1057681000,2.0803974000,2.0973112000,1904900
2019-11-11 10:00:00,2.0973112000,2.0973112000,2.0888543000,2.0888543000,351200
2019-11-11 10:15:00,2.0888543000,2.0973112000,2.0803974000,2.0888543000,1691328
2019-11-11 10:30:00,2.0888543000,2.0973112000,2.0803974000,2.0888543000,432600
2019-11-11 10:45:00,2.0888543000,2.0973112000,2.0803974000,2.0888543000,350100
2019-11-11 11:00:00,2.0888543000,2.0973112000,2.0803974000,2.0888543000,542300
2019-11-11 11:15:00,2.0888543000,2.0973112000,2.0888543000,2.0888543000,119437
2019-11-11 11:30:00,2.0888543000,2.0973112000,2.0888543000,2.0888543000,197000
2019-11-11 13:15:00,2.0973112000,2.0973112000,2.0803974000,2.0803974000,535063
2019-11-11 13:30:00,2.0803974000,2.0973112000,2.0803974000,2.0973112000,1213900
2019-11-11 13:45:00,2.0973112000,2.0973112000,2.0888543000,2.0973112000,547100
2019-11-11 14:00:00,2.0888543000,2.0973112000,2.0803974000,2.0888543000,487000
2019-11-11 14:15:00,2.0888543000,2.0973112000,2.0803974000,2.0888543000,861100
2019-11-11 14:30:00,2.0888543000,2.0888543000,2.0803974000,2.0888543000,355600
2019-11-11 14:45:00,2.0888543000,2.0888543000,2.0803974000,2.0803974000,541300
2019-11-11 15:00:00,2.0888543000,2.0888543000,2.0803974000,2.0803974000,1526100
2019-11-12 09:45:00,2.0973112000,2.0973112000,2.0803974000,2.0973112000,1516500
2019-11-12 10:00:00,2.0973112000,2.1057681000,2.0888543000,2.0973112000,642500
2019-11-12 10:15:00,2.0973112000,2.0973112000,2.0888543000,2.0973112000,635600
2019-11-12 10:30:00,2.0973112000,2.0973112000,2.0888543000,2.0888543000,311500
2019-11-12 10:45:00,2.0888543000,2.0973112000,2.0888543000,2.0973112000,171000
2019-11-12 11:00:00,2.0973112000,2.0973112000,2.0888543000,2.0973112000,461000
2019-11-12 11:15:00,2.0973112000,2.0973112000,2.0803974000,2.0888543000,973100
2019-11-12 11:30:00,2.0888543000,2.0973112000,2.0803974000,2.0973112000,989800
2019-11-12 13:15:00,2.0973112000,2.0973112000,2.0888543000,2.0973112000,421400
2019-11-12 13:30:00,2.0973112000,2.1142250000,2.0973112000,2.1057681000,1564386
2019-11-12 13:45:00,2.1142250000,2.1142250000,2.0973112000,2.1057681000,378863
2019-11-12 14:00:00,2.1057681000,2.1142250000,2.1057681000,2.1057681000,457100
2019-11-12 14:15:00,2.1057681000,2.1142250000,2.1057681000,2.1057681000,539000
2019-11-12 14:30:00,2.1142250000,2.1142250000,2.1057681000,2.1057681000,340400
2019-11-12 14:45:00,2.1057681000,2.1142250000,2.1057681000,2.1142250000,250300
2019-11-12 15:00:00,2.1142250000,2.1142250000,2.1057681000,2.1142250000,1176000
2019-11-13 09:45:00,2.1057681000,2.1142250000,2.0973112000,2.0973112000,1149500
2019-11-13 10:00:00,2.0973112000,2.1057681000,2.0888543000,2.0973112000,1154200
2019-11-13 10:15:00,2.0973112000,2.1057681000,2.0888543000,2.0973112000,566300
2019-11-13 10:30:00,2.0973112000,2.0973112000,2.0888543000,2.0973112000,405700
2019-11-13 10:45:00,2.0888543000,2.0973112000,2.0888543000,2.0973112000,412300
2019-11-13 11:00:00,2.0973112000,2.0973112000,2.0888543000,2.0888543000,429870
2019-11-13 11:15:00,2.0888543000,2.1057681000,2.0888543000,2.0973112000,534300
2019-11-13 11:30:00,2.0973112000,2.1057681000,2.0973112000,2.1057681000,347800
2019-11-13 13:15:00,2.1057681000,2.1057681000,2.0973112000,2.1057681000,209000
2019-11-13 13:30:00,2.1057681000,2.1057681000,2.0888543000,2.0888543000,263500
2019-11-13 13:45:00,2.0973112000,2.0973112000,2.0888543000,2.0973112000,250600
2019-11-13 14:00:00,2.0888543000,2.0973112000,2.0888543000,2.0888543000,274800
2019-11-13 14:15:00,2.0888543000,2.0973112000,2.0888543000,2.0973112000,586700
2019-11-13 14:30:00,2.0973112000,2.0973112000,2.0888543000,2.0888543000,687100
2019-11-13 14:45:00,2.0973112000,2.0973112000,2.0888543000,2.0888543000,475300
2019-11-13 15:00:00,2.0888543000,2.1057681000,2.0888543000,2.0973112000,651599
2019-11-14 09:45:00,2.0973112000,2.1057681000,2.0888543000,2.0888543000,728200
2019-11-14 10:00:00,2.0973112000,2.0973112000,2.0888543000,2.0888543000,337700
2019-11-14 10:15:00,2.0888543000,2.0973112000,2.0803974000,2.0888543000,684800
2019-11-14 10:30:00,2.0888543000,2.0888543000,2.0803974000,2.0803974000,896200
2019-11-14 10:45:00,2.0803974000,2.0888543000,2.0803974000,2.0803974000,242500
2019-11-14 11:00:00,2.0803974000,2.0888543000,2.0803974000,2.0888543000,127600
2019-11-14 11:15:00,2.0888543000,2.0888543000,2.0803974000,2.0888543000,70100
2019-11-14 11:30:00,2.0888543000,2.0973112000,2.0803974000,2.0973112000,672500
2019-11-14 13:15:00,2.0973112000,2.0973112000,2.0803974000,2.0803974000,420400
2019-11-14 13:30:00,2.0803974000,2.0888543000,2.0803974000,2.0888543000,336301
2019-11-14 13:45:00,2.0803974000,2.0973112000,2.0803974000,2.0973112000,330300
2019-11-14 14:00:00,2.0973112000,2.0973112000,2.0888543000,2.0973112000,730957
2019-11-14 14:15:00,2.0973112000,2.0973112000,2.0888543000,2.0973112000,262900
2019-11-14 14:30:00,2.0973112000,2.0973112000,2.0888543000,2.0973112000,199400
2019-11-14 14:45:00,2.0973112000,2.0973112000,2.0803974000,2.0888543000,737600
2019-11-14 15:00:00,2.0888543000,2.0888543000,2.0803974000,2.0888543000,923295
2019-11-15 09:45:00,2.0888543000,2.0888543000,2.0803974000,2.0803974000,732500
2019-11-15 10:00:00,2.0803974000,2.0888543000,2.0719405000,2.0719405000,1156600
2019-11-15 10:15:00,2.0719405000,2.0803974000,2.0634836000,2.0719405000,1183500
2019-11-15 10:30:00,2.0719405000,2.0803974000,2.0634836000,2.0634836000,559700
2019-11-15 10:45:00,2.0634836000,2.0803974000,2.0634836000,2.0803974000,648278
2019-11-15 11:00:00,2.0803974000,2.0803974000,2.0719405000,2.0803974000,205000
2019-11-15 11:15:00,2.0719405000,2.0888543000,2.0719405000,2.0803974000,683300
2019-11-15 11:30:00,2.0888543000,2.0888543000,2.0719405000,2.0803974000,307700
2019-11-15 13:15:00,2.0803974000,2.0888543000,2.0719405000,2.0888543000,220400
2019-11-15 13:30:00,2.0888543000,2.0888543000,2.0719405000,2.0803974000,127801
2019-11-15 13:45:00,2.0803974000,2.0803974000,2.0719405000,2.0803974000,391500
2019-11-15 14:00:00,2.0888543000,2.0888543000,2.0719405000,2.0803974000,205200
2019-11-15 14:15:00,2.0803974000,2.0803974000,2.0719405000,2.0803974000,244300
2019-11-15 14:30:00,2.0803974000,2.0803974000,2.0719405000,2.0719405000,287601
2019-11-15 14:45:00,2.0719405000,2.0803974000,2.0719405000,2.0719405000,697900
2019-11-15 15:00:00,2.0719405000,2.0803974000,2.0634836000,2.0719405000,678098
2019-11-18 09:45:00,2.0719405000,2.0719405000,2.0465698000,2.0634836000,1078670
2019-11-18 10:00:00,2.0634836000,2.0719405000,2.0550267000,2.0719405000,616970
2019-11-18 10:15:00,2.0719405000,2.0719405000,2.0634836000,2.0719405000,257200
2019-11-18 10:30:00,2.0719405000,2.0719405000,2.0550267000,2.0550267000,794930
2019-11-18 10:45:00,2.0550267000,2.0634836000,2.0550267000,2.0634836000,366100
2019-11-18 11:00:00,2.0634836000,2.0719405000,2.0550267000,2.0634836000,205200
2019-11-18 11:15:00,2.0634836000,2.0719405000,2.0550267000,2.0719405000,243471
2019-11-18 11:30:00,2.0719405000,2.0719405000,2.0634836000,2.0719405000,568829
2019-11-18 13:15:00,2.0634836000,2.0719405000,2.0634836000,2.0719405000,183500
2019-11-18 13:30:00,2.0719405000,2.0719405000,2.0634836000,2.0719405000,226600
2019-11-18 13:45:00,2.0719405000,2.0719405000,2.0634836000,2.0719405000,194800
2019-11-18 14:00:00,2.0719405000,2.0719405000,2.0634836000,2.0719405000,332200
2019-11-18 14:15:00,2.0634836000,2.0803974000,2.0634836000,2.0719405000,572771
2019-11-18 14:30:00,2.0719405000,2.0803974000,2.0634836000,2.0719405000,364500
2019-11-18 14:45:00,2.0719405000,2.0719405000,2.0634836000,2.0719405000,329600
2019-11-18 15:00:00,2.0719405000,2.0719405000,2.0634836000,2.0719405000,449800
2019-11-19 09:45:00,2.0719405000,2.0803974000,2.0634836000,2.0803974000,705800
2019-11-19 10:00:00,2.0803974000,2.0888543000,2.0719405000,2.0803974000,853901
2019-11-19 10:15:00,2.0803974000,2.0888543000,2.0803974000,2.0888543000,632200
2019-11-19 10:30:00,2.0888543000,2.0888543000,2.0803974000,2.0888543000,206800
2019-11-19 10:45:00,2.0888543000,2.1057681000,2.0803974000,2.0973112000,1606700
2019-11-19 11:00:00,2.0973112000,2.1057681000,2.0973112000,2.0973112000,303900
2019-11-19 11:15:00,2.1057681000,2.1057681000,2.0973112000,2.0973112000,337900
2019-11-19 11:30:00,2.0973112000,2.1057681000,2.0888543000,2.0973112000,514300
2019-11-19 13:15:00,2.0973112000,2.0973112000,2.0888543000,2.0973112000,295400
2019-11-19 13:30:00,2.0973112000,2.0973112000,2.0888543000,2.0973112000,184800
2019-11-19 13:45:00,2.0973112000,2.0973112000,2.0888543000,2.0888543000,239500
2019-11-19 14:00:00,2.0888543000,2.0973112000,2.0888543000,2.0973112000,173700
2019-11-19 14:15:00,2.0973112000,2.0973112000,2.0888543000,2.0973112000,314200
2019-11-19 14:30:00,2.0973112000,2.0973112000,2.0888543000,2.0888543000,114600
2019-11-19 14:45:00,2.0973112000,2.0973112000,2.0888543000,2.0973112000,323800
2019-11-19 15:00:00,2.0973112000,2.1057681000,2.0888543000,2.1057681000,1317901
2019-11-20 09:45:00,2.1057681000,2.1057681000,2.0888543000,2.0973112000,713100
2019-11-20 10:00:00,2.0973112000,2.0973112000,2.0888543000,2.0973112000,528600
2019-11-20 10:15:00,2.0973112000,2.1057681000,2.0888543000,2.0888543000,846800
2019-11-20 10:30:00,2.0888543000,2.1057681000,2.0888543000,2.1057681000,311200
2019-11-20 10:45:00,2.0888543000,2.1057681000,2.0888543000,2.1057681000,445200
2019-11-20 11:00:00,2.0973112000,2.1057681000,2.0973112000,2.0973112000,253300
2019-11-20 11:15:00,2.0973112000,2.1057681000,2.0888543000,2.0973112000,324900
2019-11-20 11:30:00,2.0973112000,2.0973112000,2.0888543000,2.0973112000,103400
2019-11-20 13:15:00,2.0888543000,2.0973112000,2.0888543000,2.0973112000,93200
2019-11-20 13:30:00,2.0973112000,2.0973112000,2.0888543000,2.0973112000,258100
2019-11-20 13:45:00,2.0973112000,2.0973112000,2.0888543000,2.0973112000,534000
2019-11-20 14:00:00,2.0888543000,2.0973112000,2.0888543000,2.0888543000,273200
2019-11-20 14:15:00,2.0888543000,2.0973112000,2.0888543000,2.0888543000,176300
2019-11-20 14:30:00,2.0888543000,2.0973112000,2.0803974000,2.0803974000,512900
2019-11-20 14:45:00,2.0803974000,2.0888543000,2.0719405000,2.0803974000,615500
2019-11-20 15:00:00,2.0803974000,2.0888543000,2.0719405000,2.0803974000,658800
2019-11-21 09:45:00,2.0719405000,2.0803974000,2.0550267000,2.0719405000,1214001
2019-11-21 10:00:00,2.0634836000,2.0719405000,2.0634836000,2.0719405000,611000
2019-11-21 10:15:00,2.0719405000,2.0803974000,2.0634836000,2.0719405000,512536
2019-11-21 10:30:00,2.0803974000,2.0803974000,2.0719405000,2.0803974000,245100
2019-11-21 10:45:00,2.0803974000,2.0803974000,2.0719405000,2.0803974000,326700
2019-11-21 11:00:00,2.0803974000,2.0888543000,2.0803974000,2.0888543000,315137
2019-11-21 11:15:00,2.0888543000,2.0888543000,2.0803974000,2.0803974000,215200
2019-11-21 11:30:00,2.0803974000,2.0803974000,2.0719405000,2.0803974000,473700
2019-11-21 13:15:00,2.0719405000,2.0803974000,2.0719405000,2.0803974000,496200
2019-11-21 13:30:00,2.0803974000,2.0803974000,2.0719405000,2.0803974000,376011
2019-11-21 13:45:00,2.0803974000,2.0888543000,2.0719405000,2.0803974000,133200
2019-11-21 14:00:00,2.0803974000,2.0888543000,2.0719405000,2.0803974000,192800
2019-11-21 14:15:00,2.0803974000,2.0803974000,2.0719405000,2.0719405000,122000
2019-11-21 14:30:00,2.0719405000,2.0803974000,2.0719405000,2.0803974000,300800
2019-11-21 14:45:00,2.0803974000,2.0803974000,2.0719405000,2.0719405000,504500
2019-11-21 15:00:00,2.0719405000,2.0888543000,2.0719405000,2.0888543000,1212400
2019-11-22 09:45:00,2.0888543000,2.0973112000,2.0803974000,2.0973112000,1506200
2019-11-22 10:00:00,2.0888543000,2.1142250000,2.0888543000,2.1142250000,2284245
2019-11-22 10:15:00,2.1142250000,2.1142250000,2.1057681000,2.1057681000,1012900
2019-11-22 10:30:00,2.1057681000,2.1142250000,2.1057681000,2.1142250000,432148
2019-11-22 10:45:00,2.1142250000,2.1142250000,2.0973112000,2.0973112000,318000
2019-11-22 11:00:00,2.0973112000,2.1057681000,2.0973112000,2.0973112000,712600
2019-11-22 11:15:00,2.0973112000,2.0973112000,2.0803974000,2.0803974000,1110000
2019-11-22 11:30:00,2.0803974000,2.0973112000,2.0803974000,2.0888543000,624400
2019-11-22 13:15:00,2.0888543000,2.0973112000,2.0803974000,2.0888543000,712337
2019-11-22 13:30:00,2.0888543000,2.0973112000,2.0803974000,2.0888543000,628800
2019-11-22 13:45:00,2.0888543000,2.0973112000,2.0888543000,2.0888543000,497500
2019-11-22 14:00:00,2.0888543000,2.0973112000,2.0888543000,2.0888543000,309400
2019-11-22 14:15:00,2.0973112000,2.0973112000,2.0803974000,2.0888543000,639100
2019-11-22 14:30:00,2.0888543000,2.0973112000,2.0803974000,2.0973112000,438300
2019-11-22 14:45:00,2.0973112000,2.0973112000,2.0888543000,2.0973112000,469100
2019-11-22 15:00:00,2.0973112000,2.0973112000,2.0888543000,2.0973112000,892100
2019-11-25 09:45:00,2.0888543000,2.1057681000,2.0888543000,2.0973112000,753400
2019-11-25 10:00:00,2.0973112000,2.1142250000,2.0973112000,2.1142250000,1706500
2019-11-25 10:15:00,2.1142250000,2.1142250000,2.1057681000,2.1057681000,694300
2019-11-25 10:30:00,2.1057681000,2.1311388000,2.1057681000,2.1311388000,2640400
2019-11-25 10:45:00,2.1226819000,2.1311388000,2.1142250000,2.1226819000,664700
2019-11-25 11:00:00,2.1226819000,2.1226819000,2.1142250000,2.1226819000,349900
2019-11-25 11:15:00,2.1226819000,2.1226819000,2.1142250000,2.1142250000,202700
2019-11-25 11:30:00,2.1142250000,2.1226819000,2.1057681000,2.1142250000,1105000
2019-11-25 13:15:00,2.1142250000,2.1226819000,2.1057681000,2.1142250000,245300
2019-11-25 13:30:00,2.1142250000,2.1226819000,2.1142250000,2.1142250000,361900
2019-11-25 13:45:00,2.1142250000,2.1226819000,2.1142250000,2.1142250000,286200
2019-11-25 14:00:00,2.1142250000,2.1226819000,2.1142250000,2.1142250000,463600
2019-11-25 14:15:00,2.1142250000,2.1226819000,2.1142250000,2.1142250000,719400
2019-11-25 14:30:00,2.1226819000,2.1226819000,2.1142250000,2.1142250000,305300
2019-11-25 14:45:00,2.1142250000,2.1226819000,2.1142250000,2.1226819000,435800
2019-11-25 15:00:00,2.1226819000,2.1226819000,2.1142250000,2.1226819000,1628701
2019-11-26 09:45:00,2.1226819000,2.1311388000,2.1142250000,2.1226819000,1547900
2019-11-26 10:00:00,2.1142250000,2.1311388000,2.1142250000,2.1226819000,1550800
2019-11-26 10:15:00,2.1226819000,2.1311388000,2.1142250000,2.1142250000,521600
2019-11-26 10:30:00,2.1226819000,2.1226819000,2.1142250000,2.1226819000,342900
2019-11-26 10:45:00,2.1226819000,2.1226819000,2.1142250000,2.1142250000,653200
2019-11-26 11:00:00,2.1142250000,2.1226819000,2.1057681000,2.1142250000,1000500
2019-11-26 11:15:00,2.1142250000,2.1226819000,2.1057681000,2.1142250000,295000
2019-11-26 11:30:00,2.1142250000,2.1142250000,2.1057681000,2.1057681000,215700
2019-11-26 13:15:00,2.1057681000,2.1142250000,2.1057681000,2.1057681000,596900
2019-11-26 13:30:00,2.1057681000,2.1142250000,2.1057681000,2.1142250000,363200
2019-11-26 13:45:00,2.1057681000,2.1142250000,2.1057681000,2.1142250000,216600
2019-11-26 14:00:00,2.1142250000,2.1142250000,2.1057681000,2.1057681000,1573000
2019-11-26 14:15:00,2.1142250000,2.1142250000,2.1057681000,2.1057681000,505700
2019-11-26 14:30:00,2.1057681000,2.1142250000,2.1057681000,2.1057681000,812701
2019-11-26 14:45:00,2.1057681000,2.1142250000,2.0973112000,2.1142250000,1336700
2019-11-26 15:00:00,2.1142250000,2.1142250000,2.0888543000,2.0888543000,4912423
2019-11-27 09:45:00,2.0888543000,2.0973112000,2.0803974000,2.0888543000,841500
2019-11-27 10:00:00,2.0888543000,2.0888543000,2.0803974000,2.0888543000,366520
2019-11-27 10:15:00,2.0888543000,2.0973112000,2.0803974000,2.0973112000,1208300
2019-11-27 10:30:00,2.0973112000,2.1057681000,2.0888543000,2.0973112000,630000
2019-11-27 10:45:00,2.0973112000,2.1057681000,2.0973112000,2.1057681000,386100
2019-11-27 11:00:00,2.1057681000,2.1057681000,2.0973112000,2.1057681000,294500
2019-11-27 11:15:00,2.1057681000,2.1142250000,2.0973112000,2.1142250000,972200
2019-11-27 11:30:00,2.1142250000,2.1142250000,2.1057681000,2.1142250000,409100
2019-11-27 13:15:00,2.1057681000,2.1142250000,2.1057681000,2.1057681000,231500
2019-11-27 13:30:00,2.1057681000,2.1142250000,2.1057681000,2.1142250000,174800
2019-11-27 13:45:00,2.1142250000,2.1142250000,2.1057681000,2.1057681000,301100
2019-11-27 14:00:00,2.1057681000,2.1142250000,2.0973112000,2.0973112000,367112
2019-11-27 14:15:00,2.0973112000,2.1057681000,2.0973112000,2.0973112000,850345
2019-11-27 14:30:00,2.1057681000,2.1057681000,2.0888543000,2.0973112000,433500
2019-11-27 14:45:00,2.0888543000,2.0973112000,2.0888543000,2.0888543000,214201
2019-11-27 15:00:00,2.0888543000,2.0973112000,2.0888543000,2.0973112000,351400
2019-11-28 09:45:00,2.0973112000,2.1057681000,2.0888543000,2.1057681000,560800
2019-11-28 10:00:00,2.1057681000,2.1142250000,2.0973112000,2.1142250000,1392400
2019-11-28 10:15:00,2.1057681000,2.1142250000,2.0973112000,2.1057681000,320900
2019-11-28 10:30:00,2.1057681000,2.1142250000,2.1057681000,2.1142250000,185800
2019-11-28 10:45:00,2.1142250000,2.1142250000,2.1057681000,2.1057681000,266400
2019-11-28 11:00:00,2.1057681000,2.1142250000,2.0973112000,2.1057681000,575700
2019-11-28 11:15:00,2.1057681000,2.1142250000,2.0973112000,2.1057681000,312600
2019-11-28 11:30:00,2.1057681000,2.1142250000,2.0973112000,2.1142250000,222200
2019-11-28 13:15:00,2.1057681000,2.1142250000,2.1057681000,2.1057681000,476700
2019-11-28 13:30:00,2.1142250000,2.1142250000,2.1057681000,2.1142250000,215100
2019-11-28 13:45:00,2.1142250000,2.1142250000,2.0973112000,2.1057681000,1064100
2019-11-28 14:00:00,2.1057681000,2.1057681000,2.0973112000,2.1057681000,640500
2019-11-28 14:15:00,2.1057681000,2.1057681000,2.0973112000,2.1057681000,411900
2019-11-28 14:30:00,2.1057681000,2.1057681000,2.0973112000,2.0973112000,405501
2019-11-28 14:45:00,2.0973112000,2.1057681000,2.0973112000,2.0973112000,384900
2019-11-28 15:00:00,2.0973112000,2.1057681000,2.0973112000,2.1057681000,699061
2019-11-29 09:45:00,2.1057681000,2.1142250000,2.0973112000,2.1142250000,608800
2019-11-29 10:00:00,2.1142250000,2.1142250000,2.0973112000,2.1057681000,793400
2019-11-29 10:15:00,2.1057681000,2.1142250000,2.0973112000,2.1142250000,601000
2019-11-29 10:30:00,2.1142250000,2.1142250000,2.1057681000,2.1057681000,285600
2019-11-29 10:45:00,2.1057681000,2.1142250000,2.1057681000,2.1142250000,163200
2019-11-29 11:00:00,2.1142250000,2.1142250000,2.1057681000,2.1142250000,286400
2019-11-29 11:15:00,2.1142250000,2.1142250000,2.1057681000,2.1057681000,237200
2019-11-29 11:30:00,2.1057681000,2.1142250000,2.0973112000,2.0973112000,1262900
2019-11-29 13:15:00,2.0973112000,2.1057681000,2.0973112000,2.0973112000,631500
2019-11-29 13:30:00,2.0973112000,2.1057681000,2.0973112000,2.1057681000,115000
2019-11-29 13:45:00,2.1057681000,2.1057681000,2.0973112000,2.0973112000,330600
2019-11-29 14:00:00,2.0973112000,2.1057681000,2.0973112000,2.1057681000,454900
2019-11-29 14:15:00,2.1057681000,2.1057681000,2.0973112000,2.1057681000,205200
2019-11-29 14:30:00,2.1057681000,2.1142250000,2.0973112000,2.1142250000,860300
2019-11-29 14:45:00,2.1142250000,2.1142250000,2.1057681000,2.1142250000,381100
2019-11-29 15:00:00,2.1142250000,2.1142250000,2.1057681000,2.1142250000,986900
2019-12-02 09:45:00,2.1226819000,2.1226819000,2.1057681000,2.1226819000,1100000
2019-12-02 10:00:00,2.1226819000,2.1226819000,2.1142250000,2.1226819000,666150
2019-12-02 10:15:00,2.1142250000,2.1226819000,2.1142250000,2.1226819000,430301
2019-12-02 10:30:00,2.1142250000,2.1226819000,2.1142250000,2.1226819000,340300
2019-12-02 10:45:00,2.1142250000,2.1226819000,2.1142250000,2.1142250000,411900
2019-12-02 11:00:00,2.1226819000,2.1226819000,2.1142250000,2.1142250000,366200
2019-12-02 11:15:00,2.1142250000,2.1226819000,2.1057681000,2.1057681000,749849
2019-12-02 11:30:00,2.1142250000,2.1226819000,2.1057681000,2.1057681000,265200
2019-12-02 13:15:00,2.1057681000,2.1142250000,2.1057681000,2.1142250000,228110
2019-12-02 13:30:00,2.1142250000,2.1142250000,2.1057681000,2.1057681000,240600
2019-12-02 13:45:00,2.1057681000,2.1142250000,2.1057681000,2.1142250000,157114
2019-12-02 14:00:00,2.1057681000,2.1142250000,2.1057681000,2.1142250000,123300
2019-12-02 14:15:00,2.1057681000,2.1142250000,2.1057681000,2.1057681000,727800
2019-12-02 14:30:00,2.1057681000,2.1142250000,2.1057681000,2.1057681000,549576
2019-12-02 14:45:00,2.1057681000,2.1142250000,2.0973112000,2.1057681000,388492
2019-12-02 15:00:00,2.0973112000,2.1142250000,2.0973112000,2.1142250000,696000
2019-12-03 09:45:00,2.1142250000,2.1142250000,2.0973112000,2.1142250000,1256800
2019-12-03 10:00:00,2.1057681000,2.1142250000,2.1057681000,2.1057681000,301200
2019-12-03 10:15:00,2.1057681000,2.1057681000,2.0973112000,2.1057681000,478910
2019-12-03 10:30:00,2.1057681000,2.1057681000,2.0973112000,2.0973112000,425100
2019-12-03 10:45:00,2.1057681000,2.1057681000,2.0973112000,2.0973112000,265200
2019-12-03 11:00:00,2.0973112000,2.1057681000,2.0973112000,2.0973112000,227900
2019-12-03 11:15:00,2.0973112000,2.1057681000,2.0888543000,2.0973112000,377290
2019-12-03 11:30:00,2.0973112000,2.1057681000,2.0888543000,2.1057681000,714457
2019-12-03 13:15:00,2.0973112000,2.1142250000,2.0973112000,2.1057681000,458200
2019-12-03 13:30:00,2.1057681000,2.1142250000,2.1057681000,2.1142250000,108400
2019-12-03 13:45:00,2.1142250000,2.1142250000,2.1057681000,2.1057681000,253200
2019-12-03 14:00:00,2.1057681000,2.1142250000,2.1057681000,2.1142250000,139900
2019-12-03 14:15:00,2.1057681000,2.1142250000,2.1057681000,2.1142250000,622800
2019-12-03 14:30:00,2.1142250000,2.1142250000,2.1057681000,2.1142250000,286200
2019-12-03 14:45:00,2.1142250000,2.1142250000,2.1057681000,2.1057681000,400400
2019-12-03 15:00:00,2.1142250000,2.1142250000,2.1057681000,2.1057681000,797000
2019-12-04 09:45:00,2.1142250000,2.1142250000,2.0973112000,2.1057681000,1901100
2019-12-04 10:00:00,2.1142250000,2.1142250000,2.0973112000,2.0973112000,335590
2019-12-04 10:15:00,2.0973112000,2.1142250000,2.0973112000,2.0973112000,276700
2019-12-04 10:30:00,2.0973112000,2.1057681000,2.0973112000,2.1057681000,155300
2019-12-04 10:45:00,2.1057681000,2.1057681000,2.0973112000,2.1057681000,457300
2019-12-04 11:00:00,2.1057681000,2.1057681000,2.0973112000,2.0973112000,467100
2019-12-04 11:15:00,2.1057681000,2.1057681000,2.0973112000,2.1057681000,687600
2019-12-04 11:30:00,2.1057681000,2.1057681000,2.0973112000,2.1057681000,253900
2019-12-04 13:15:00,2.1057681000,2.1057681000,2.0973112000,2.0973112000,214800
2019-12-04 13:30:00,2.0973112000,2.1057681000,2.0973112000,2.1057681000,142487
2019-12-04 13:45:00,2.1057681000,2.1057681000,2.0973112000,2.1057681000,288800
2019-12-04 14:00:00,2.0973112000,2.1057681000,2.0888543000,2.1057681000,801223
2019-12-04 14:15:00,2.1057681000,2.1057681000,2.0973112000,2.0973112000,100000
2019-12-04 14:30:00,2.1057681000,2.1057681000,2.0973112000,2.0973112000,116100
2019-12-04 14:45:00,2.1057681000,2.1057681000,2.0973112000,2.1057681000,167500
2019-12-04 15:00:00,2.1057681000,2.1057681000,2.0973112000,2.0973112000,299100
2019-12-05 09:45:00,2.1057681000,2.1142250000,2.0973112000,2.1057681000,640277
2019-12-05 10:00:00,2.1057681000,2.1142250000,2.1057681000,2.1142250000,344800
2019-12-05 10:15:00,2.1057681000,2.1142250000,2.1057681000,2.1142250000,405300
2019-12-05 10:30:00,2.1142250000,2.1142250000,2.1057681000,2.1142250000,266100
2019-12-05 10:45:00,2.1142250000,2.1142250000,2.1057681000,2.1057681000,292200
2019-12-05 11:00:00,2.1142250000,2.1142250000,2.1057681000,2.1057681000,167800
2019-12-05 11:15:00,2.1057681000,2.1142250000,2.1057681000,2.1057681000,114600
2019-12-05 11:30:00,2.1057681000,2.1142250000,2.1057681000,2.1057681000,316000
2019-12-05 13:15:00,2.1142250000,2.1142250000,2.1057681000,2.1057681000,486000
2019-12-05 13:30:00,2.1057681000,2.1142250000,2.1057681000,2.1057681000,84900
2019-12-05 13:45:00,2.1057681000,2.1142250000,2.1057681000,2.1057681000,337000
2019-12-05 14:00:00,2.1057681000,2.1142250000,2.1057681000,2.1057681000,320200
2019-12-05 14:15:00,2.1057681000,2.1142250000,2.1057681000,2.1142250000,262500
2019-12-05 14:30:00,2.1142250000,2.1142250000,2.1057681000,2.1057681000,351500
2019-12-05 14:45:00,2.1057681000,2.1142250000,2.1057681000,2.1142250000,515210
2019-12-05 15:00:00,2.1142250000,2.1142250000,2.1057681000,2.1142250000,964300
2019-12-06 09:45:00,2.1142250000,2.1226819000,2.1142250000,2.1142250000,846600
2019-12-06 10:00:00,2.1142250000,2.1226819000,2.1142250000,2.1226819000,360300
2019-12-06 10:15:00,2.1226819000,2.1480526000,2.1142250000,2.1395957000,7549361
2019-12-06 10:30:00,2.1395957000,2.1395957000,2.1311388000,2.1311388000,559800
2019-12-06 10:45:00,2.1395957000,2.1395957000,2.1311388000,2.1311388000,594100
2019-12-06 11:00:00,2.1311388000,2.1395957000,2.1226819000,2.1226819000,546100
2019-12-06 11:15:00,2.1226819000,2.1311388000,2.1226819000,2.1226819000,92400
2019-12-06 11:30:00,2.1226819000,2.1311388000,2.1226819000,2.1311388000,133500
2019-12-06 13:15:00,2.1311388000,2.1311388000,2.1226819000,2.1311388000,399800
2019-12-06 13:30:00,2.1226819000,2.1311388000,2.1226819000,2.1311388000,577400
2019-12-06 13:45:00,2.1311388000,2.1311388000,2.1226819000,2.1226819000,738700
2019-12-06 14:00:00,2.1311388000,2.1311388000,2.1226819000,2.1226819000,325000
2019-12-06 14:15:00,2.1226819000,2.1311388000,2.1226819000,2.1226819000,210100
2019-12-06 14:30:00,2.1226819000,2.1311388000,2.1226819000,2.1226819000,464900
2019-12-06 14:45:00,2.1226819000,2.1311388000,2.1226819000,2.1311388000,454101
2019-12-06 15:00:00,2.1311388000,2.1480526000,2.1226819000,2.1480526000,5260600
2019-12-09 09:45:00,2.1395957000,2.1480526000,2.1311388000,2.1311388000,1801546
2019-12-09 10:00:00,2.1395957000,2.1395957000,2.1057681000,2.1142250000,5631254
2019-12-09 10:15:00,2.1142250000,2.1226819000,2.1057681000,2.1226819000,1677346
2019-12-09 10:30:00,2.1226819000,2.1311388000,2.1142250000,2.1226819000,1136300
2019-12-09 10:45:00,2.1226819000,2.1311388000,2.1226819000,2.1226819000,339100
2019-12-09 11:00:00,2.1226819000,2.1311388000,2.1142250000,2.1142250000,1319800
2019-12-09 11:15:00,2.1142250000,2.1226819000,2.1142250000,2.1226819000,265900
2019-12-09 11:30:00,2.1226819000,2.1226819000,2.1142250000,2.1226819000,528900
2019-12-09 13:15:00,2.1142250000,2.1226819000,2.1142250000,2.1226819000,174700
2019-12-09 13:30:00,2.1226819000,2.1311388000,2.1142250000,2.1311388000,1180900
2019-12-09 13:45:00,2.1311388000,2.1311388000,2.1142250000,2.1142250000,413300
2019-12-09 14:00:00,2.1142250000,2.1226819000,2.1142250000,2.1142250000,386500
2019-12-09 14:15:00,2.1142250000,2.1226819000,2.1057681000,2.1142250000,1752500
2019-12-09 14:30:00,2.1057681000,2.1226819000,2.1057681000,2.1142250000,807800
2019-12-09 14:45:00,2.1226819000,2.1226819000,2.1057681000,2.1226819000,613700
2019-12-09 15:00:00,2.1226819000,2.1226819000,2.1142250000,2.1142250000,960900
2019-12-10 09:45:00,2.1057681000,2.1311388000,2.1057681000,2.1311388000,5798947
2019-12-10 10:00:00,2.1311388000,2.1311388000,2.1142250000,2.1226819000,582353
2019-12-10 10:15:00,2.1226819000,2.1226819000,2.1142250000,2.1142250000,223200
2019-12-10 10:30:00,2.1142250000,2.1226819000,2.1142250000,2.1226819000,459100
2019-12-10 10:45:00,2.1226819000,2.1226819000,2.1142250000,2.1142250000,296500
2019-12-10 11:00:00,2.1142250000,2.1226819000,2.1142250000,2.1226819000,194300
2019-12-10 11:15:00,2.1226819000,2.1226819000,2.1142250000,2.1142250000,193200
2019-12-10 11:30:00,2.1142250000,2.1226819000,2.1142250000,2.1142250000,278400
2019-12-10 13:15:00,2.1142250000,2.1226819000,2.1142250000,2.1226819000,205300
2019-12-10 13:30:00,2.1226819000,2.1226819000,2.1142250000,2.1226819000,545500
2019-12-10 13:45:00,2.1226819000,2.1226819000,2.1142250000,2.1226819000,185400
2019-12-10 14:00:00,2.1142250000,2.1311388000,2.1142250000,2.1226819000,561000
2019-12-10 14:15:00,2.1226819000,2.1311388000,2.1226819000,2.1226819000,570800
2019-12-10 14:30:00,2.1226819000,2.1311388000,2.1226819000,2.1226819000,267700
2019-12-10 14:45:00,2.1226819000,2.1311388000,2.1142250000,2.1226819000,687900
2019-12-10 15:00:00,2.1226819000,2.1226819000,2.1142250000,2.1226819000,797389
2019-12-11 09:45:00,2.1226819000,2.1311388000,2.1142250000,2.1311388000,666000
2019-12-11 10:00:00,2.1226819000,2.1311388000,2.1142250000,2.1226819000,681900
2019-12-11 10:15:00,2.1226819000,2.1226819000,2.1142250000,2.1226819000,403814
2019-12-11 10:30:00,2.1142250000,2.1226819000,2.1142250000,2.1226819000,283000
2019-12-11 10:45:00,2.1226819000,2.1311388000,2.1142250000,2.1226819000,1122500
2019-12-11 11:00:00,2.1226819000,2.1226819000,2.1142250000,2.1142250000,350100
2019-12-11 11:15:00,2.1142250000,2.1226819000,2.1142250000,2.1142250000,282500
2019-12-11 11:30:00,2.1142250000,2.1226819000,2.1142250000,2.1226819000,646800
2019-12-11 13:15:00,2.1226819000,2.1226819000,2.1142250000,2.1226819000,814600
2019-12-11 13:30:00,2.1226819000,2.1311388000,2.1226819000,2.1311388000,636500
2019-12-11 13:45:00,2.1311388000,2.1311388000,2.1142250000,2.1226819000,160100
2019-12-11 14:00:00,2.1311388000,2.1311388000,2.1142250000,2.1226819000,319700
2019-12-11 14:15:00,2.1142250000,2.1311388000,2.1142250000,2.1226819000,184300
2019-12-11 14:30:00,2.1226819000,2.1311388000,2.1142250000,2.1226819000,238200
2019-12-11 14:45:00,2.1226819000,2.1226819000,2.1142250000,2.1226819000,509000
2019-12-11 15:00:00,2.1226819000,2.1226819000,2.1142250000,2.1226819000,563400
2019-12-12 09:45:00,2.1142250000,2.1311388000,2.1142250000,2.1142250000,581900
2019-12-12 10:00:00,2.1142250000,2.1226819000,2.1142250000,2.1226819000,751800
2019-12-12 10:15:00,2.1142250000,2.1226819000,2.1142250000,2.1226819000,229800
2019-12-12 10:30:00,2.1226819000,2.1226819000,2.1142250000,2.1226819000,563300
2019-12-12 10:45:00,2.1226819000,2.1226819000,2.1142250000,2.1142250000,379000
2019-12-12 11:00:00,2.1142250000,2.1226819000,2.1142250000,2.1142250000,408999
2019-12-12 11:15:00,2.1226819000,2.1226819000,2.1142250000,2.1142250000,242100
2019-12-12 11:30:00,2.1142250000,2.1226819000,2.1142250000,2.1142250000,220700
2019-12-12 13:15:00,2.1142250000,2.1226819000,2.1142250000,2.1226819000,812300
2019-12-12 13:30:00,2.1142250000,2.1226819000,2.1142250000,2.1226819000,177300
2019-12-12 13:45:00,2.1226819000,2.1226819000,2.1142250000,2.1226819000,348300
2019-12-12 14:00:00,2.1226819000,2.1226819000,2.1142250000,2.1142250000,384200
2019-12-12 14:15:00,2.1142250000,2.1226819000,2.1142250000,2.1226819000,384300
2019-12-12 14:30:00,2.1142250000,2.1226819000,2.1142250000,2.1226819000,318600
2019-12-12 14:45:00,2.1226819000,2.1226819000,2.1057681000,2.1057681000,1110400
2019-12-12 15:00:00,2.1142250000,2.1142250000,2.1057681000,2.1057681000,1054100
2019-12-13 09:45:00,2.1226819000,2.1395957000,2.1226819000,2.1226819000,4528599
2019-12-13 10:00:00,2.1226819000,2.1395957000,2.1226819000,2.1311388000,1614900
2019-12-13 10:15:00,2.1311388000,2.1311388000,2.1226819000,2.1226819000,588400
2019-12-13 10:30:00,2.1226819000,2.1395957000,2.1226819000,2.1311388000,1124400
2019-12-13 10:45:00,2.1311388000,2.1395957000,2.1226819000,2.1226819000,492401
2019-12-13 11:00:00,2.1226819000,2.1311388000,2.1057681000,2.1142250000,2618800
2019-12-13 11:15:00,2.1226819000,2.1226819000,2.1142250000,2.1226819000,427200
2019-12-13 11:30:00,2.1226819000,2.1226819000,2.1142250000,2.1226819000,465300
2019-12-13 13:15:00,2.1142250000,2.1226819000,2.1142250000,2.1226819000,976700
2019-12-13 13:30:00,2.1142250000,2.1226819000,2.1142250000,2.1142250000,759200
2019-12-13 13:45:00,2.1226819000,2.1311388000,2.1142250000,2.1226819000,691453
2019-12-13 14:00:00,2.1226819000,2.1311388000,2.1226819000,2.1226819000,607300
2019-12-13 14:15:00,2.1311388000,2.1311388000,2.1226819000,2.1226819000,560600
2019-12-13 14:30:00,2.1311388000,2.1311388000,2.1226819000,2.1311388000,1642900
2019-12-13 14:45:00,2.1226819000,2.1395957000,2.1226819000,2.1395957000,1886200
2019-12-13 15:00:00,2.1395957000,2.1395957000,2.1311388000,2.1311388000,2262900
2019-12-16 09:45:00,2.1395957000,2.1395957000,2.1226819000,2.1311388000,1999700
2019-12-16 10:00:00,2.1311388000,2.1395957000,2.1226819000,2.1311388000,1324300
2019-12-16 10:15:00,2.1311388000,2.1395957000,2.1226819000,2.1311388000,670500
2019-12-16 10:30:00,2.1311388000,2.1395957000,2.1226819000,2.1226819000,536700
2019-12-16 10:45:00,2.1226819000,2.1311388000,2.1226819000,2.1311388000,775000
2019-12-16 11:00:00,2.1226819000,2.1311388000,2.1226819000,2.1311388000,679010
2019-12-16 11:15:00,2.1226819000,2.1311388000,2.1226819000,2.1226819000,816600
2019-12-16 11:30:00,2.1226819000,2.1395957000,2.1226819000,2.1311388000,995500
2019-12-16 13:15:00,2.1311388000,2.1395957000,2.1226819000,2.1311388000,1315300
2019-12-16 13:30:00,2.1311388000,2.1395957000,2.1226819000,2.1226819000,822700
2019-12-16 13:45:00,2.1226819000,2.1395957000,2.1226819000,2.1311388000,1999404
2019-12-16 14:00:00,2.1311388000,2.1395957000,2.1311388000,2.1311388000,752300
2019-12-16 14:15:00,2.1311388000,2.1395957000,2.1226819000,2.1311388000,4353701
2019-12-16 14:30:00,2.1311388000,2.1395957000,2.1311388000,2.1311388000,938300
2019-12-16 14:45:00,2.1311388000,2.1395957000,2.1311388000,2.1395957000,1065060
2019-12-16 15:00:00,2.1311388000,2.1480526000,2.1311388000,2.1395957000,3219300
2019-12-17 09:45:00,2.1395957000,2.1480526000,2.1311388000,2.1311388000,1144300
2019-12-17 10:00:00,2.1311388000,2.1395957000,2.1226819000,2.1395957000,4231300
2019-12-17 10:15:00,2.1311388000,2.1395957000,2.1311388000,2.1395957000,1044500
2019-12-17 10:30:00,2.1395957000,2.1395957000,2.1311388000,2.1395957000,1446300
2019-12-17 10:45:00,2.1395957000,2.1480526000,2.1311388000,2.1395957000,1304115
2019-12-17 11:00:00,2.1395957000,2.1480526000,2.1395957000,2.1395957000,757800
2019-12-17 11:15:00,2.1395957000,2.1565095000,2.1395957000,2.1565095000,1981300
2019-12-17 11:30:00,2.1565095000,2.1565095000,2.1480526000,2.1565095000,1848300
2019-12-17 13:15:00,2.1565095000,2.1734233000,2.1565095000,2.1649664000,2596741
2019-12-17 13:30:00,2.1649664000,2.1734233000,2.1565095000,2.1734233000,2382360
2019-12-17 13:45:00,2.1734233000,2.1734233000,2.1649664000,2.1734233000,1745800
2019-12-17 14:00:00,2.1649664000,2.1734233000,2.1649664000,2.1734233000,2189500
2019-12-17 14:15:00,2.1734233000,2.1734233000,2.1565095000,2.1734233000,1417700
2019-12-17 14:30:00,2.1649664000,2.1734233000,2.1565095000,2.1734233000,1985000
2019-12-17 14:45:00,2.1734233000,2.1734233000,2.1565095000,2.1649664000,2128460
2019-12-17 15:00:00,2.1734233000,2.1734233000,2.1565095000,2.1734233000,1998800
2019-12-18 09:45:00,2.1649664000,2.1734233000,2.1565095000,2.1734233000,1596100
2019-12-18 10:00:00,2.1734233000,2.1734233000,2.1649664000,2.1734233000,720500
2019-12-18 10:15:00,2.1734233000,2.1818802000,2.1649664000,2.1818802000,1778751
2019-12-18 10:30:00,2.1734233000,2.1818802000,2.1649664000,2.1734233000,1770749
2019-12-18 10:45:00,2.1734233000,2.1734233000,2.1649664000,2.1734233000,1041600
2019-12-18 11:00:00,2.1734233000,2.1734233000,2.1649664000,2.1734233000,512801
2019-12-18 11:15:00,2.1734233000,2.1734233000,2.1649664000,2.1734233000,529200
2019-12-18 11:30:00,2.1734233000,2.1734233000,2.1649664000,2.1734233000,507300
2019-12-18 13:15:00,2.1649664000,2.1734233000,2.1649664000,2.1734233000,1379200
2019-12-18 13:30:00,2.1734233000,2.1818802000,2.1649664000,2.1818802000,941800
2019-12-18 13:45:00,2.1818802000,2.1818802000,2.1734233000,2.1734233000,758700
2019-12-18 14:00:00,2.1734233000,2.1818802000,2.1649664000,2.1649664000,667200
2019-12-18 14:15:00,2.1649664000,2.1734233000,2.1649664000,2.1734233000,811200
2019-12-18 14:30:00,2.1734233000,2.1734233000,2.1565095000,2.1565095000,2479000
2019-12-18 14:45:00,2.1649664000,2.1734233000,2.1565095000,2.1734233000,1453000
2019-12-18 15:00:00,2.1649664000,2.1734233000,2.1565095000,2.1649664000,1723200
2019-12-19 09:45:00,2.1649664000,2.1649664000,2.1565095000,2.1649664000,1226000
2019-12-19 10:00:00,2.1565095000,2.1649664000,2.1565095000,2.1565095000,778000
2019-12-19 10:15:00,2.1649664000,2.1649664000,2.1565095000,2.1565095000,723000
2019-12-19 10:30:00,2.1565095000,2.2072509000,2.1565095000,2.2072509000,9302102
2019-12-19 10:45:00,2.1987940000,2.1987940000,2.1903371000,2.1987940000,2729600
2019-12-19 11:00:00,2.1987940000,2.1987940000,2.1903371000,2.1903371000,1681300
2019-12-19 11:15:00,2.1987940000,2.1987940000,2.1903371000,2.1987940000,1361400
2019-12-19 11:30:00,2.1987940000,2.1987940000,2.1903371000,2.1903371000,1277800
2019-12-19 13:15:00,2.1903371000,2.1987940000,2.1818802000,2.1818802000,994800
2019-12-19 13:30:00,2.1818802000,2.1903371000,2.1818802000,2.1903371000,587400
2019-12-19 13:45:00,2.1903371000,2.1903371000,2.1818802000,2.1818802000,550000
2019-12-19 14:00:00,2.1903371000,2.1903371000,2.1818802000,2.1818802000,472300
2019-12-19 14:15:00,2.1903371000,2.1987940000,2.1818802000,2.1903371000,886209
2019-12-19 14:30:00,2.1903371000,2.1987940000,2.1903371000,2.1987940000,885710
2019-12-19 14:45:00,2.1987940000,2.1987940000,2.1903371000,2.1987940000,623600
2019-12-19 15:00:00,2.1987940000,2.1987940000,2.1903371000,2.1903371000,1454790
2019-12-20 09:45:00,2.1903371000,2.2072509000,2.1818802000,2.1987940000,2504325
2019-12-20 10:00:00,2.2072509000,2.2072509000,2.1903371000,2.1987940000,1383300
2019-12-20 10:15:00,2.1987940000,2.1987940000,2.1818802000,2.1818802000,1845900
2019-12-20 10:30:00,2.1903371000,2.1903371000,2.1734233000,2.1903371000,1188900
2019-12-20 10:45:00,2.1903371000,2.1903371000,2.1818802000,2.1818802000,1475600
2019-12-20 11:00:00,2.1818802000,2.1903371000,2.1818802000,2.1903371000,600100
2019-12-20 11:15:00,2.1903371000,2.1903371000,2.1818802000,2.1903371000,1582800
2019-12-20 11:30:00,2.1903371000,2.1903371000,2.1818802000,2.1903371000,652700
2019-12-20 13:15:00,2.1818802000,2.1903371000,2.1734233000,2.1818802000,792017
2019-12-20 13:30:00,2.1818802000,2.1818802000,2.1734233000,2.1818802000,539000
2019-12-20 13:45:00,2.1818802000,2.1818802000,2.1734233000,2.1734233000,500400
2019-12-20 14:00:00,2.1734233000,2.1818802000,2.1734233000,2.1734233000,738900
2019-12-20 14:15:00,2.1818802000,2.1818802000,2.1734233000,2.1734233000,454100
2019-12-20 14:30:00,2.1734233000,2.1818802000,2.1734233000,2.1818802000,632200
2019-12-20 14:45:00,2.1818802000,2.1818802000,2.1649664000,2.1734233000,887400
2019-12-20 15:00:00,2.1649664000,2.1734233000,2.1565095000,2.1734233000,2009600
2019-12-23 09:45:00,2.1734233000,2.1734233000,2.1565095000,2.1649664000,2369600
2019-12-23 10:00:00,2.1649664000,2.1649664000,2.1480526000,2.1565095000,2119801
2019-12-23 10:15:00,2.1565095000,2.1734233000,2.1565095000,2.1734233000,750801
2019-12-23 10:30:00,2.1734233000,2.1734233000,2.1565095000,2.1649664000,695600
2019-12-23 10:45:00,2.1649664000,2.1734233000,2.1565095000,2.1649664000,516600
2019-12-23 11:00:00,2.1649664000,2.1649664000,2.1480526000,2.1480526000,1254899
2019-12-23 11:15:00,2.1565095000,2.1565095000,2.1395957000,2.1480526000,1871699
2019-12-23 11:30:00,2.1480526000,2.1565095000,2.1395957000,2.1480526000,302800
2019-12-23 13:15:00,2.1395957000,2.1565095000,2.1395957000,2.1395957000,403600
2019-12-23 13:30:00,2.1395957000,2.1480526000,2.1395957000,2.1480526000,458300
2019-12-23 13:45:00,2.1480526000,2.1480526000,2.1395957000,2.1395957000,461800
2019-12-23 14:00:00,2.1395957000,2.1480526000,2.1395957000,2.1480526000,886700
2019-12-23 14:15:00,2.1395957000,2.1480526000,2.1311388000,2.1395957000,992200
2019-12-23 14:30:00,2.1395957000,2.1395957000,2.1226819000,2.1311388000,1928368
2019-12-23 14:45:00,2.1311388000,2.1395957000,2.1226819000,2.1226819000,1172732
2019-12-23 15:00:00,2.1226819000,2.1311388000,2.1226819000,2.1226819000,2442808
2019-12-24 09:45:00,2.1311388000,2.1311388000,2.1142250000,2.1226819000,1175400
2019-12-24 10:00:00,2.1226819000,2.1311388000,2.1142250000,2.1311388000,567400
2019-12-24 10:15:00,2.1311388000,2.1311388000,2.1142250000,2.1226819000,1115800
2019-12-24 10:30:00,2.1226819000,2.1311388000,2.1142250000,2.1226819000,618200
2019-12-24 10:45:00,2.1226819000,2.1311388000,2.1226819000,2.1311388000,258700
2019-12-24 11:00:00,2.1311388000,2.1311388000,2.1226819000,2.1311388000,313400
2019-12-24 11:15:00,2.1311388000,2.1311388000,2.1226819000,2.1311388000,188800
2019-12-24 11:30:00,2.1311388000,2.1311388000,2.1226819000,2.1226819000,340100
2019-12-24 13:15:00,2.1311388000,2.1311388000,2.1226819000,2.1226819000,556584
2019-12-24 13:30:00,2.1226819000,2.1311388000,2.1226819000,2.1226819000,322000
2019-12-24 13:45:00,2.1226819000,2.1395957000,2.1226819000,2.1311388000,2146410
2019-12-24 14:00:00,2.1311388000,2.1480526000,2.1311388000,2.1311388000,989000
2019-12-24 14:15:00,2.1311388000,2.1480526000,2.1311388000,2.1395957000,1321600
2019-12-24 14:30:00,2.1395957000,2.1480526000,2.1311388000,2.1395957000,918800
2019-12-24 14:45:00,2.1395957000,2.1480526000,2.1395957000,2.1480526000,588300
2019-12-24 15:00:00,2.1480526000,2.1480526000,2.1311388000,2.1311388000,1153300
2019-12-25 09:45:00,2.1311388000,2.1395957000,2.1311388000,2.1311388000,772400
2019-12-25 10:00:00,2.1311388000,2.1395957000,2.1311388000,2.1311388000,729500
2019-12-25 10:15:00,2.1311388000,2.1395957000,2.1226819000,2.1311388000,990700
2019-12-25 10:30:00,2.1311388000,2.1311388000,2.1226819000,2.1226819000,456300
2019-12-25 10:45:00,2.1226819000,2.1311388000,2.1226819000,2.1311388000,531800
2019-12-25 11:00:00,2.1311388000,2.1311388000,2.1226819000,2.1311388000,568700
2019-12-25 11:15:00,2.1311388000,2.1395957000,2.1226819000,2.1311388000,622800
2019-12-25 11:30:00,2.1311388000,2.1311388000,2.1226819000,2.1311388000,407500
2019-12-25 13:15:00,2.1226819000,2.1311388000,2.1226819000,2.1311388000,1194900
2019-12-25 13:30:00,2.1226819000,2.1311388000,2.1226819000,2.1226819000,555600
2019-12-25 13:45:00,2.1311388000,2.1311388000,2.1226819000,2.1311388000,683200
2019-12-25 14:00:00,2.1311388000,2.1311388000,2.1142250000,2.1142250000,1093300
2019-12-25 14:15:00,2.1142250000,2.1311388000,2.1142250000,2.1142250000,1079500
2019-12-25 14:30:00,2.1142250000,2.1226819000,2.1142250000,2.1226819000,813900
2019-12-25 14:45:00,2.1226819000,2.1226819000,2.1142250000,2.1142250000,352800
2019-12-25 15:00:00,2.1142250000,2.1311388000,2.1142250000,2.1311388000,939000
2019-12-26 09:45:00,2.1142250000,2.1311388000,2.1142250000,2.1226819000,531200
2019-12-26 10:00:00,2.1311388000,2.1311388000,2.1226819000,2.1226819000,428700
2019-12-26 10:15:00,2.1226819000,2.1311388000,2.1226819000,2.1311388000,317200
2019-12-26 10:30:00,2.1311388000,2.1395957000,2.1226819000,2.1311388000,794896
2019-12-26 10:45:00,2.1311388000,2.1311388000,2.1226819000,2.1226819000,906700
2019-12-26 11:00:00,2.1311388000,2.1311388000,2.1226819000,2.1311388000,1949300
2019-12-26 11:15:00,2.1311388000,2.1395957000,2.1311388000,2.1311388000,659442
2019-12-26 11:30:00,2.1311388000,2.1395957000,2.1311388000,2.1395957000,903400
2019-12-26 13:15:00,2.1311388000,2.1395957000,2.1226819000,2.1395957000,397101
2019-12-26 13:30:00,2.1311388000,2.1395957000,2.1311388000,2.1395957000,466700
2019-12-26 13:45:00,2.1395957000,2.1395957000,2.1311388000,2.1395957000,665200
2019-12-26 14:00:00,2.1395957000,2.1395957000,2.1311388000,2.1311388000,476400
2019-12-26 14:15:00,2.1311388000,2.1480526000,2.1311388000,2.1480526000,1960084
2019-12-26 14:30:00,2.1395957000,2.1480526000,2.1395957000,2.1480526000,475500
2019-12-26 14:45:00,2.1480526000,2.1565095000,2.1395957000,2.1565095000,2128200
2019-12-26 15:00:00,2.1565095000,2.1565095000,2.1395957000,2.1480526000,1205700
2019-12-27 09:45:00,2.1395957000,2.1565095000,2.1395957000,2.1565095000,1570801
2019-12-27 10:00:00,2.1480526000,2.1565095000,2.1480526000,2.1480526000,1691000
2019-12-27 10:15:00,2.1565095000,2.1565095000,2.1395957000,2.1565095000,1628700
2019-12-27 10:30:00,2.1565095000,2.1565095000,2.1480526000,2.1480526000,395900
2019-12-27 10:45:00,2.1480526000,2.1649664000,2.1480526000,2.1649664000,2472168
2019-12-27 11:00:00,2.1649664000,2.1649664000,2.1565095000,2.1649664000,473080
2019-12-27 11:15:00,2.1565095000,2.1649664000,2.1480526000,2.1565095000,1707031
2019-12-27 11:30:00,2.1565095000,2.1649664000,2.1565095000,2.1649664000,227000
2019-12-27 13:15:00,2.1649664000,2.1734233000,2.1649664000,2.1649664000,2463810
2019-12-27 13:30:00,2.1649664000,2.1734233000,2.1565095000,2.1649664000,1867501
2019-12-27 13:45:00,2.1734233000,2.1734233000,2.1649664000,2.1734233000,1198700
2019-12-27 14:00:00,2.1649664000,2.1734233000,2.1565095000,2.1649664000,1614900
2019-12-27 14:15:00,2.1649664000,2.1734233000,2.1565095000,2.1649664000,807200
2019-12-27 14:30:00,2.1649664000,2.1649664000,2.1565095000,2.1565095000,956800
2019-12-27 14:45:00,2.1649664000,2.1649664000,2.1480526000,2.1565095000,1034400
2019-12-27 15:00:00,2.1565095000,2.1565095000,2.1480526000,2.1480526000,881961
2019-12-30 09:45:00,2.1480526000,2.1480526000,2.1311388000,2.1395957000,2590439
2019-12-30 10:00:00,2.1480526000,2.1480526000,2.1395957000,2.1480526000,471600
2019-12-30 10:15:00,2.1480526000,2.1480526000,2.1395957000,2.1480526000,367800
2019-12-30 10:30:00,2.1480526000,2.1480526000,2.1395957000,2.1395957000,251900
2019-12-30 10:45:00,2.1480526000,2.1565095000,2.1395957000,2.1565095000,1088883
2019-12-30 11:00:00,2.1565095000,2.1565095000,2.1395957000,2.1565095000,1284601
2019-12-30 11:15:00,2.1565095000,2.1734233000,2.1480526000,2.1734233000,2470600
2019-12-30 11:30:00,2.1734233000,2.1818802000,2.1649664000,2.1734233000,2918400
2019-12-30 13:15:00,2.1649664000,2.1818802000,2.1649664000,2.1818802000,1262200
2019-12-30 13:30:00,2.1818802000,2.1818802000,2.1649664000,2.1734233000,1704200
2019-12-30 13:45:00,2.1734233000,2.1818802000,2.1649664000,2.1734233000,353900
2019-12-30 14:00:00,2.1734233000,2.1818802000,2.1734233000,2.1818802000,778800
2019-12-30 14:15:00,2.1818802000,2.1818802000,2.1734233000,2.1818802000,915200
2019-12-30 14:30:00,2.1818802000,2.1818802000,2.1734233000,2.1818802000,1271500
2019-12-30 14:45:00,2.1818802000,2.1818802000,2.1734233000,2.1818802000,1109600
2019-12-30 15:00:00,2.1818802000,2.1818802000,2.1649664000,2.1734233000,1711539
2019-12-31 09:45:00,2.1734233000,2.1903371000,2.1734233000,2.1818802000,2264337
2019-12-31 10:00:00,2.1734233000,2.1818802000,2.1734233000,2.1818802000,440200
2019-12-31 10:15:00,2.1818802000,2.1818802000,2.1734233000,2.1818802000,500300
2019-12-31 10:30:00,2.1818802000,2.1903371000,2.1734233000,2.1818802000,1688300
2019-12-31 10:45:00,2.1818802000,2.1903371000,2.1649664000,2.1734233000,1084063
2019-12-31 11:00:00,2.1734233000,2.1818802000,2.1649664000,2.1734233000,349900
2019-12-31 11:15:00,2.1734233000,2.1734233000,2.1649664000,2.1734233000,457200
2019-12-31 11:30:00,2.1734233000,2.1818802000,2.1649664000,2.1818802000,1663492
2019-12-31 13:15:00,2.1734233000,2.1818802000,2.1734233000,2.1818802000,400117
2019-12-31 13:30:00,2.1818802000,2.1818802000,2.1734233000,2.1818802000,629600
2019-12-31 13:45:00,2.1734233000,2.1818802000,2.1734233000,2.1818802000,467800
2019-12-31 14:00:00,2.1734233000,2.1903371000,2.1734233000,2.1818802000,1259293
2019-12-31 14:15:00,2.1903371000,2.1903371000,2.1818802000,2.1818802000,577700
2019-12-31 14:30:00,2.1818802000,2.1903371000,2.1818802000,2.1903371000,624300
2019-12-31 14:45:00,2.1903371000,2.1903371000,2.1818802000,2.1818802000,1967600
2019-12-31 15:00:00,2.1818802000,2.1903371000,2.1734233000,2.1903371000,1460300
2020-01-02 09:45:00,2.1987940000,2.2241647000,2.1903371000,2.2072509000,7019209
2020-01-02 10:00:00,2.2072509000,2.2157078000,2.1987940000,2.2072509000,1343693
2020-01-02 10:15:00,2.2072509000,2.2157078000,2.2072509000,2.2157078000,1715600
2020-01-02 10:30:00,2.2157078000,2.2157078000,2.1987940000,2.2157078000,1009400
2020-01-02 10:45:00,2.2157078000,2.2157078000,2.1987940000,2.2157078000,2580300
2020-01-02 11:00:00,2.2157078000,2.2157078000,2.2072509000,2.2157078000,756600
2020-01-02 11:15:00,2.2157078000,2.2157078000,2.2072509000,2.2072509000,1176800
2020-01-02 11:30:00,2.2157078000,2.2157078000,2.2072509000,2.2072509000,1287600
2020-01-02 13:15:00,2.2157078000,2.2241647000,2.2072509000,2.2072509000,1491002
2020-01-02 13:30:00,2.2072509000,2.2157078000,2.2072509000,2.2072509000,616600
2020-01-02 13:45:00,2.2072509000,2.2157078000,2.2072509000,2.2072509000,542400
2020-01-02 14:00:00,2.2072509000,2.2157078000,2.2072509000,2.2157078000,769100
2020-01-02 14:15:00,2.2157078000,2.2157078000,2.2072509000,2.2157078000,2118801
2020-01-02 14:30:00,2.2157078000,2.2579923000,2.2157078000,2.2326216000,12066726
2020-01-02 14:45:00,2.2326216000,2.2326216000,2.2241647000,2.2241647000,1642100
2020-01-02 15:00:00,2.2326216000,2.2326216000,2.2157078000,2.2241647000,2035168
2020-01-03 09:45:00,2.2241647000,2.2241647000,2.1987940000,2.2157078000,4824600
2020-01-03 10:00:00,2.2072509000,2.2157078000,2.1987940000,2.1987940000,2630600
2020-01-03 10:15:00,2.1987940000,2.2157078000,2.1987940000,2.2072509000,1531000
2020-01-03 10:30:00,2.2072509000,2.2157078000,2.1987940000,2.2072509000,1942800
2020-01-03 10:45:00,2.2157078000,2.2157078000,2.2072509000,2.2072509000,1550200
2020-01-03 11:00:00,2.2072509000,2.2157078000,2.1987940000,2.2072509000,1785600
2020-01-03 11:15:00,2.2072509000,2.2072509000,2.1987940000,2.2072509000,447800
2020-01-03 11:30:00,2.2072509000,2.2157078000,2.1987940000,2.2072509000,1159500
2020-01-03 13:15:00,2.1987940000,2.2072509000,2.1987940000,2.1987940000,1219410
2020-01-03 13:30:00,2.1987940000,2.2072509000,2.1987940000,2.2072509000,706900
2020-01-03 13:45:00,2.2072509000,2.2157078000,2.1987940000,2.2072509000,2014400
2020-01-03 14:00:00,2.2072509000,2.2072509000,2.1987940000,2.2072509000,802100
2020-01-03 14:15:00,2.2072509000,2.2157078000,2.1987940000,2.2157078000,757370
2020-01-03 14:30:00,2.2157078000,2.2157078000,2.1987940000,2.2072509000,1059630
2020-01-03 14:45:00,2.2072509000,2.2157078000,2.1987940000,2.2072509000,1770400
2020-01-03 15:00:00,2.2072509000,2.2072509000,2.1903371000,2.1987940000,3113290
2020-01-06 09:45:00,2.1987940000,2.1987940000,2.1818802000,2.1903371000,2550570
2020-01-06 10:00:00,2.1987940000,2.2072509000,2.1903371000,2.1903371000,1573500
2020-01-06 10:15:00,2.1903371000,2.2072509000,2.1903371000,2.2072509000,1536300
2020-01-06 10:30:00,2.2072509000,2.2072509000,2.1987940000,2.2072509000,678600
2020-01-06 10:45:00,2.2072509000,2.2072509000,2.1987940000,2.1987940000,1936200
2020-01-06 11:00:00,2.1987940000,2.2072509000,2.1987940000,2.2072509000,1360300
2020-01-06 11:15:00,2.2072509000,2.2072509000,2.1903371000,2.1987940000,2149800
2020-01-06 11:30:00,2.1987940000,2.2072509000,2.1903371000,2.2072509000,1426310
2020-01-06 13:15:00,2.2072509000,2.2157078000,2.1987940000,2.1987940000,2118300
2020-01-06 13:30:00,2.1987940000,2.2157078000,2.1987940000,2.2072509000,1223900
2020-01-06 13:45:00,2.2072509000,2.2072509000,2.1903371000,2.1987940000,2625500
2020-01-06 14:00:00,2.1903371000,2.1987940000,2.1903371000,2.1987940000,753400
2020-01-06 14:15:00,2.1987940000,2.1987940000,2.1734233000,2.1818802000,3114900
2020-01-06 14:30:00,2.1818802000,2.1818802000,2.1649664000,2.1818802000,1695528
2020-01-06 14:45:00,2.1818802000,2.1818802000,2.1734233000,2.1734233000,619700
2020-01-06 15:00:00,2.1734233000,2.1903371000,2.1734233000,2.1903371000,1877600
2020-01-07 09:45:00,2.1903371000,2.2072509000,2.1818802000,2.1987940000,2841944
2020-01-07 10:00:00,2.1987940000,2.2072509000,2.1903371000,2.1903371000,1189770
2020-01-07 10:15:00,2.1987940000,2.1987940000,2.1903371000,2.1903371000,974800
2020-01-07 10:30:00,2.1903371000,2.1987940000,2.1903371000,2.1903371000,1301650
2020-01-07 10:45:00,2.1903371000,2.1987940000,2.1903371000,2.1903371000,1539800
2020-01-07 11:00:00,2.1987940000,2.1987940000,2.1818802000,2.1903371000,1457100
2020-01-07 11:15:00,2.1903371000,2.1987940000,2.1903371000,2.1987940000,366928
2020-01-07 11:30:00,2.1987940000,2.1987940000,2.1903371000,2.1987940000,694500
2020-01-07 13:15:00,2.1987940000,2.1987940000,2.1903371000,2.1903371000,400700
2020-01-07 13:30:00,2.1903371000,2.1987940000,2.1903371000,2.1903371000,329200
2020-01-07 13:45:00,2.1903371000,2.1987940000,2.1903371000,2.1987940000,361500
2020-01-07 14:00:00,2.1987940000,2.1987940000,2.1903371000,2.1903371000,826600
2020-01-07 14:15:00,2.1903371000,2.2072509000,2.1903371000,2.1987940000,2444200
2020-01-07 14:30:00,2.1987940000,2.1987940000,2.1903371000,2.1987940000,1297300
2020-01-07 14:45:00,2.1987940000,2.2072509000,2.1903371000,2.1987940000,2146800
2020-01-07 15:00:00,2.1987940000,2.2072509000,2.1987940000,2.1987940000,1188800
2020-01-08 09:45:00,2.1987940000,2.1987940000,2.1818802000,2.1818802000,2948071
2020-01-08 10:00:00,2.1903371000,2.1903371000,2.1734233000,2.1818802000,2577693
2020-01-08 10:15:00,2.1734233000,2.1903371000,2.1734233000,2.1818802000,1355300
2020-01-08 10:30:00,2.1903371000,2.1903371000,2.1734233000,2.1734233000,1026370
2020-01-08 10:45:00,2.1734233000,2.1818802000,2.1734233000,2.1818802000,608800
2020-01-08 11:00:00,2.1734233000,2.1818802000,2.1734233000,2.1818802000,1207900
2020-01-08 11:15:00,2.1818802000,2.1903371000,2.1734233000,2.1903371000,984700
2020-01-08 11:30:00,2.1903371000,2.1903371000,2.1734233000,2.1903371000,429200
2020-01-08 13:15:00,2.1903371000,2.1903371000,2.1734233000,2.1818802000,700000
2020-01-08 13:30:00,2.1818802000,2.1818802000,2.1649664000,2.1734233000,1693637
2020-01-08 13:45:00,2.1734233000,2.1734233000,2.1565095000,2.1649664000,2053000
2020-01-08 14:00:00,2.1649664000,2.1649664000,2.1480526000,2.1480526000,2049000
2020-01-08 14:15:00,2.1480526000,2.1649664000,2.1480526000,2.1565095000,1587769
2020-01-08 14:30:00,2.1565095000,2.1565095000,2.1480526000,2.1480526000,1275400
2020-01-08 14:45:00,2.1565095000,2.1649664000,2.1480526000,2.1565095000,1335550
2020-01-08 15:00:00,2.1565095000,2.1649664000,2.1480526000,2.1480526000,1828700
2020-01-09 09:45:00,2.1649664000,2.1734233000,2.1565095000,2.1649664000,1230313
2020-01-09 10:00:00,2.1649664000,2.1734233000,2.1649664000,2.1734233000,1405000
2020-01-09 10:15:00,2.1649664000,2.1734233000,2.1649664000,2.1734233000,2699900
2020-01-09 10:30:00,2.1649664000,2.1734233000,2.1565095000,2.1734233000,1051770
2020-01-09 10:45:00,2.1734233000,2.1734233000,2.1565095000,2.1649664000,1160900
2020-01-09 11:00:00,2.1649664000,2.1734233000,2.1565095000,2.1649664000,455700
2020-01-09 11:15:00,2.1649664000,2.1734233000,2.1565095000,2.1649664000,551500
2020-01-09 11:30:00,2.1649664000,2.1734233000,2.1565095000,2.1649664000,294300
2020-01-09 13:15:00,2.1649664000,2.1734233000,2.1565095000,2.1734233000,465900
2020-01-09 13:30:00,2.1734233000,2.1734233000,2.1649664000,2.1734233000,262700
2020-01-09 13:45:00,2.1734233000,2.1734233000,2.1649664000,2.1734233000,269900
2020-01-09 14:00:00,2.1734233000,2.1734233000,2.1649664000,2.1734233000,307300
2020-01-09 14:15:00,2.1734233000,2.1734233000,2.1649664000,2.1649664000,1717900
2020-01-09 14:30:00,2.1734233000,2.1734233000,2.1565095000,2.1649664000,1161600
2020-01-09 14:45:00,2.1734233000,2.1734233000,2.1649664000,2.1734233000,735000
2020-01-09 15:00:00,2.1734233000,2.1734233000,2.1649664000,2.1734233000,1518300
2020-01-10 09:45:00,2.1649664000,2.1818802000,2.1649664000,2.1734233000,3164800
2020-01-10 10:00:00,2.1649664000,2.1818802000,2.1649664000,2.1734233000,794000
2020-01-10 10:15:00,2.1649664000,2.1734233000,2.1649664000,2.1649664000,1220500
2020-01-10 10:30:00,2.1649664000,2.1734233000,2.1649664000,2.1734233000,1589900
2020-01-10 10:45:00,2.1649664000,2.1734233000,2.1565095000,2.1734233000,680900
2020-01-10 11:00:00,2.1649664000,2.1649664000,2.1565095000,2.1649664000,777500
2020-01-10 11:15:00,2.1649664000,2.1649664000,2.1565095000,2.1649664000,290200
2020-01-10 11:30:00,2.1649664000,2.1649664000,2.1565095000,2.1565095000,553600
2020-01-10 13:15:00,2.1649664000,2.1649664000,2.1565095000,2.1649664000,368200
2020-01-10 13:30:00,2.1565095000,2.1649664000,2.1565095000,2.1649664000,284500
2020-01-10 13:45:00,2.1649664000,2.1649664000,2.1565095000,2.1649664000,156000
2020-01-10 14:00:00,2.1649664000,2.1649664000,2.1565095000,2.1565095000,559200
2020-01-10 14:15:00,2.1565095000,2.1649664000,2.1565095000,2.1649664000,701700
2020-01-10 14:30:00,2.1649664000,2.1734233000,2.1565095000,2.1649664000,1024510
2020-01-10 14:45:00,2.1649664000,2.1734233000,2.1649664000,2.1734233000,648400
2020-01-10 15:00:00,2.1734233000,2.1734233000,2.1565095000,2.1649664000,1451616
2020-01-13 09:45:00,2.1649664000,2.1649664000,2.1480526000,2.1565095000,1198100
2020-01-13 10:00:00,2.1565095000,2.1649664000,2.1480526000,2.1649664000,1306347
2020-01-13 10:15:00,2.1649664000,2.1649664000,2.1480526000,2.1565095000,1406153
2020-01-13 10:30:00,2.1565095000,2.1649664000,2.1480526000,2.1649664000,647728
2020-01-13 10:45:00,2.1649664000,2.1649664000,2.1565095000,2.1565095000,270900
2020-01-13 11:00:00,2.1649664000,2.1649664000,2.1565095000,2.1649664000,300900
2020-01-13 11:15:00,2.1649664000,2.1734233000,2.1649664000,2.1734233000,1581000
2020-01-13 11:30:00,2.1734233000,2.1734233000,2.1649664000,2.1734233000,266800
2020-01-13 13:15:00,2.1649664000,2.1734233000,2.1649664000,2.1734233000,439201
2020-01-13 13:30:00,2.1734233000,2.1734233000,2.1565095000,2.1649664000,1098599
2020-01-13 13:45:00,2.1565095000,2.1649664000,2.1565095000,2.1649664000,162000
2020-01-13 14:00:00,2.1649664000,2.1649664000,2.1565095000,2.1649664000,393900
2020-01-13 14:15:00,2.1649664000,2.1734233000,2.1565095000,2.1734233000,401601
2020-01-13 14:30:00,2.1734233000,2.1734233000,2.1649664000,2.1649664000,350800
2020-01-13 14:45:00,2.1734233000,2.1734233000,2.1649664000,2.1734233000,722700
2020-01-13 15:00:00,2.1734233000,2.1818802000,2.1649664000,2.1734233000,3621549
2020-01-14 09:45:00,2.1734233000,2.1903371000,2.1734233000,2.1818802000,2216302
2020-01-14 10:00:00,2.1818802000,2.1987940000,2.1818802000,2.1903371000,4880400
2020-01-14 10:15:00,2.1903371000,2.1987940000,2.1818802000,2.1903371000,1429100
2020-01-14 10:30:00,2.1903371000,2.1987940000,2.1818802000,2.1903371000,829600
2020-01-14 10:45:00,2.1903371000,2.1903371000,2.1818802000,2.1903371000,416600
2020-01-14 11:00:00,2.1903371000,2.1903371000,2.1818802000,2.1903371000,1125200
2020-01-14 11:15:00,2.1903371000,2.1903371000,2.1818802000,2.1818802000,429000
2020-01-14 11:30:00,2.1818802000,2.1903371000,2.1734233000,2.1734233000,1506700
2020-01-14 13:15:00,2.1818802000,2.1818802000,2.1734233000,2.1818802000,690200
2020-01-14 13:30:00,2.1818802000,2.1818802000,2.1734233000,2.1818802000,353600
2020-01-14 13:45:00,2.1818802000,2.1818802000,2.1734233000,2.1818802000,1653900
2020-01-14 14:00:00,2.1734233000,2.1987940000,2.1734233000,2.1818802000,6998300
2020-01-14 14:15:00,2.1903371000,2.1903371000,2.1818802000,2.1903371000,484100
2020-01-14 14:30:00,2.1903371000,2.1903371000,2.1734233000,2.1818802000,1857300
2020-01-14 14:45:00,2.1818802000,2.1903371000,2.1734233000,2.1903371000,1365500
2020-01-14 15:00:00,2.1818802000,2.1903371000,2.1734233000,2.1818802000,2110619
2020-01-15 09:45:00,2.1818802000,2.1818802000,2.1649664000,2.1649664000,2679400
2020-01-15 10:00:00,2.1649664000,2.1734233000,2.1565095000,2.1565095000,2774300
2020-01-15 10:15:00,2.1565095000,2.1649664000,2.1480526000,2.1480526000,3176100
2020-01-15 10:30:00,2.1480526000,2.1565095000,2.1480526000,2.1565095000,878700
2020-01-15 10:45:00,2.1480526000,2.1565095000,2.1480526000,2.1565095000,1039200
2020-01-15 11:00:00,2.1565095000,2.1565095000,2.1480526000,2.1480526000,627900
2020-01-15 11:15:00,2.1480526000,2.1565095000,2.1480526000,2.1480526000,851200
2020-01-15 11:30:00,2.1480526000,2.1565095000,2.1395957000,2.1480526000,1402100
2020-01-15 13:15:00,2.1480526000,2.1480526000,2.1395957000,2.1395957000,454300
2020-01-15 13:30:00,2.1395957000,2.1480526000,2.1395957000,2.1480526000,269100
2020-01-15 13:45:00,2.1480526000,2.1480526000,2.1395957000,2.1395957000,344700
2020-01-15 14:00:00,2.1395957000,2.1480526000,2.1395957000,2.1480526000,1611400
2020-01-15 14:15:00,2.1480526000,2.1480526000,2.1395957000,2.1480526000,1569700
2020-01-15 14:30:00,2.1565095000,2.1565095000,2.1480526000,2.1480526000,831400
2020-01-15 14:45:00,2.1565095000,2.1565095000,2.1395957000,2.1395957000,1215500
2020-01-15 15:00:00,2.1395957000,2.1565095000,2.1395957000,2.1395957000,2109582
2020-01-16 09:45:00,2.1565095000,2.1565095000,2.1311388000,2.1395957000,3732300
2020-01-16 10:00:00,2.1480526000,2.1480526000,2.1395957000,2.1480526000,1085300
2020-01-16 10:15:00,2.1480526000,2.1480526000,2.1395957000,2.1395957000,809800
2020-01-16 10:30:00,2.1395957000,2.1480526000,2.1311388000,2.1395957000,1689800
2020-01-16 10:45:00,2.1395957000,2.1395957000,2.1226819000,2.1311388000,4469200
2020-01-16 11:00:00,2.1311388000,2.1395957000,2.1226819000,2.1311388000,2118100
2020-01-16 11:15:00,2.1311388000,2.1311388000,2.1226819000,2.1311388000,880600
2020-01-16 11:30:00,2.1311388000,2.1311388000,2.1226819000,2.1311388000,912400
2020-01-16 13:15:00,2.1226819000,2.1311388000,2.1226819000,2.1311388000,811800
2020-01-16 13:30:00,2.1311388000,2.1311388000,2.1226819000,2.1226819000,438100
2020-01-16 13:45:00,2.1226819000,2.1311388000,2.1226819000,2.1311388000,470500
2020-01-16 14:00:00,2.1311388000,2.1311388000,2.1226819000,2.1226819000,1407200
2020-01-16 14:15:00,2.1226819000,2.1311388000,2.1142250000,2.1226819000,1039300
2020-01-16 14:30:00,2.1226819000,2.1311388000,2.1142250000,2.1142250000,1189200
2020-01-16 14:45:00,2.1142250000,2.1226819000,2.1142250000,2.1226819000,1198500
2020-01-16 15:00:00,2.1226819000,2.1226819000,2.1142250000,2.1226819000,1297101
2020-01-17 09:45:00,2.1226819000,2.1311388000,2.1142250000,2.1226819000,1439800
2020-01-17 10:00:00,2.1226819000,2.1311388000,2.1142250000,2.1142250000,1331301
2020-01-17 10:15:00,2.1226819000,2.1311388000,2.1142250000,2.1226819000,1981700
2020-01-17 10:30:00,2.1226819000,2.1311388000,2.1142250000,2.1226819000,1083000
2020-01-17 10:45:00,2.1226819000,2.1226819000,2.1142250000,2.1142250000,362500
2020-01-17 11:00:00,2.1142250000,2.1226819000,2.1142250000,2.1142250000,193900
2020-01-17 11:15:00,2.1142250000,2.1226819000,2.1142250000,2.1142250000,651700
2020-01-17 11:30:00,2.1142250000,2.1226819000,2.1142250000,2.1142250000,1200200
2020-01-17 13:15:00,2.1142250000,2.1142250000,2.1057681000,2.1142250000,1314099
2020-01-17 13:30:00,2.1142250000,2.1142250000,2.0973112000,2.1057681000,1970000
2020-01-17 13:45:00,2.1057681000,2.1057681000,2.0973112000,2.1057681000,749800
2020-01-17 14:00:00,2.0973112000,2.1057681000,2.0973112000,2.1057681000,296300
2020-01-17 14:15:00,2.1057681000,2.1057681000,2.0973112000,2.1057681000,528800
2020-01-17 14:30:00,2.0973112000,2.1142250000,2.0973112000,2.1057681000,2084000
2020-01-17 14:45:00,2.1057681000,2.1142250000,2.1057681000,2.1057681000,447932
2020-01-17 15:00:00,2.1142250000,2.1142250000,2.0973112000,2.1057681000,2030723
2020-01-20 09:45:00,2.1057681000,2.1142250000,2.0888543000,2.0888543000,1887200
2020-01-20 10:00:00,2.0973112000,2.0973112000,2.0803974000,2.0888543000,1450700
2020-01-20 10:15:00,2.0973112000,2.0973112000,2.0888543000,2.0973112000,641800
2020-01-20 10:30:00,2.0973112000,2.0973112000,2.0888543000,2.0973112000,540120
2020-01-20 10:45:00,2.0973112000,2.0973112000,2.0888543000,2.0973112000,661300
2020-01-20 11:00:00,2.0888543000,2.0973112000,2.0888543000,2.0888543000,444600
2020-01-20 11:15:00,2.0888543000,2.1057681000,2.0888543000,2.0973112000,1297520
2020-01-20 11:30:00,2.0973112000,2.1057681000,2.0888543000,2.0973112000,669500
2020-01-20 13:15:00,2.0973112000,2.1057681000,2.0973112000,2.0973112000,964000
2020-01-20 13:30:00,2.0973112000,2.1057681000,2.0888543000,2.0973112000,2152200
2020-01-20 13:45:00,2.0888543000,2.0973112000,2.0888543000,2.0973112000,941800
2020-01-20 14:00:00,2.0973112000,2.0973112000,2.0888543000,2.0888543000,634600
2020-01-20 14:15:00,2.0888543000,2.0973112000,2.0888543000,2.0973112000,607000
2020-01-20 14:30:00,2.0973112000,2.0973112000,2.0888543000,2.0973112000,1076500
2020-01-20 14:45:00,2.0973112000,2.0973112000,2.0888543000,2.0973112000,1083900
2020-01-20 15:00:00,2.0973112000,2.1057681000,2.0888543000,2.0973112000,1702500
2020-01-21 09:45:00,2.0973112000,2.1057681000,2.0803974000,2.0888543000,3667500
2020-01-21 10:00:00,2.0888543000,2.0888543000,2.0803974000,2.0803974000,1722400
2020-01-21 10:15:00,2.0888543000,2.0888543000,2.0803974000,2.0803974000,1182779
2020-01-21 10:30:00,2.0803974000,2.0888543000,2.0719405000,2.0719405000,3113021
2020-01-21 10:45:00,2.0719405000,2.0803974000,2.0719405000,2.0803974000,2309649
2020-01-21 11:00:00,2.0803974000,2.0803974000,2.0634836000,2.0719405000,2673301
2020-01-21 11:15:00,2.0719405000,2.0803974000,2.0634836000,2.0719405000,667400
2020-01-21 11:30:00,2.0803974000,2.0803974000,2.0719405000,2.0803974000,520800
2020-01-21 13:15:00,2.0719405000,2.0803974000,2.0719405000,2.0719405000,1191800
2020-01-21 13:30:00,2.0719405000,2.0803974000,2.0719405000,2.0719405000,593100
2020-01-21 13:45:00,2.0803974000,2.0803974000,2.0719405000,2.0719405000,660000
2020-01-21 14:00:00,2.0719405000,2.0803974000,2.0719405000,2.0719405000,955891
2020-01-21 14:15:00,2.0719405000,2.0803974000,2.0719405000,2.0719405000,1184752
2020-01-21 14:30:00,2.0719405000,2.0803974000,2.0719405000,2.0803974000,422300
2020-01-21 14:45:00,2.0719405000,2.0803974000,2.0719405000,2.0719405000,791500
2020-01-21 15:00:00,2.0803974000,2.0803974000,2.0634836000,2.0719405000,2317800
2020-01-22 09:45:00,2.0719405000,2.0719405000,2.0550267000,2.0550267000,1993600
2020-01-22 10:00:00,2.0550267000,2.0634836000,2.0465698000,2.0634836000,2919600
2020-01-22 10:15:00,2.0634836000,2.0719405000,2.0550267000,2.0719405000,1158700
2020-01-22 10:30:00,2.0634836000,2.0719405000,2.0634836000,2.0719405000,573800
2020-01-22 10:45:00,2.0719405000,2.0803974000,2.0634836000,2.0803974000,917300
2020-01-22 11:00:00,2.0803974000,2.0803974000,2.0719405000,2.0803974000,1079300
2020-01-22 11:15:00,2.0803974000,2.0803974000,2.0719405000,2.0719405000,354300
2020-01-22 11:30:00,2.0719405000,2.0888543000,2.0719405000,2.0803974000,942300
2020-01-22 13:15:00,2.0803974000,2.0888543000,2.0803974000,2.0803974000,427907
2020-01-22 13:30:00,2.0888543000,2.0888543000,2.0803974000,2.0803974000,480400
2020-01-22 13:45:00,2.0803974000,2.0973112000,2.0803974000,2.0973112000,748700
2020-01-22 14:00:00,2.0888543000,2.1057681000,2.0888543000,2.1057681000,1056175
2020-01-22 14:15:00,2.1057681000,2.1057681000,2.0888543000,2.1057681000,1325625
2020-01-22 14:30:00,2.1057681000,2.1057681000,2.0973112000,2.0973112000,829200
2020-01-22 14:45:00,2.1057681000,2.1057681000,2.0973112000,2.1057681000,1433600
2020-01-22 15:00:00,2.1057681000,2.1057681000,2.0973112000,2.0973112000,1119100
2020-01-23 09:45:00,2.0888543000,2.0973112000,2.0803974000,2.0803974000,1837700
2020-01-23 10:00:00,2.0803974000,2.0973112000,2.0803974000,2.0888543000,1057843
2020-01-23 10:15:00,2.0888543000,2.0973112000,2.0803974000,2.0803974000,868900
2020-01-23 10:30:00,2.0803974000,2.0888543000,2.0719405000,2.0719405000,1263457
2020-01-23 10:45:00,2.0719405000,2.0803974000,2.0550267000,2.0634836000,1917200
2020-01-23 11:00:00,2.0550267000,2.0719405000,2.0550267000,2.0719405000,1153510
2020-01-23 11:15:00,2.0634836000,2.0719405000,2.0634836000,2.0634836000,661100
2020-01-23 11:30:00,2.0719405000,2.0719405000,2.0550267000,2.0550267000,1269990
2020-01-23 13:15:00,2.0634836000,2.0634836000,2.0550267000,2.0550267000,2150000
2020-01-23 13:30:00,2.0634836000,2.0634836000,2.0550267000,2.0550267000,1178200
2020-01-23 13:45:00,2.0550267000,2.0634836000,2.0465698000,2.0550267000,1871100
2020-01-23 14:00:00,2.0550267000,2.0634836000,2.0550267000,2.0550267000,473600
2020-01-23 14:15:00,2.0550267000,2.0634836000,2.0465698000,2.0550267000,997800
2020-01-23 14:30:00,2.0550267000,2.0634836000,2.0465698000,2.0465698000,982800
2020-01-23 14:45:00,2.0550267000,2.0550267000,2.0465698000,2.0465698000,1958410
2020-01-23 15:00:00,2.0550267000,2.0634836000,2.0465698000,2.0550267000,1736934
2020-02-03 09:45:00,1.8520611000,1.8520611000,1.8520611000,1.8520611000,3624900
2020-02-03 10:00:00,1.8520611000,1.8520611000,1.8520611000,1.8520611000,1507500
2020-02-03 10:15:00,1.8520611000,1.8520611000,1.8520611000,1.8520611000,613100
2020-02-03 10:30:00,1.8520611000,1.8520611000,1.8520611000,1.8520611000,369800
2020-02-03 10:45:00,1.8520611000,1.8520611000,1.8520611000,1.8520611000,238100
2020-02-03 11:00:00,1.8520611000,1.8520611000,1.8520611000,1.8520611000,220900
2020-02-03 11:15:00,1.8520611000,1.8520611000,1.8520611000,1.8520611000,154900
2020-02-03 11:30:00,1.8520611000,1.8520611000,1.8520611000,1.8520611000,45800
2020-02-03 13:15:00,1.8520611000,1.8520611000,1.8520611000,1.8520611000,282600
2020-02-03 13:30:00,1.8520611000,1.8520611000,1.8520611000,1.8520611000,215500
2020-02-03 13:45:00,1.8520611000,1.8520611000,1.8520611000,1.8520611000,101000
2020-02-03 14:00:00,1.8520611000,1.8520611000,1.8520611000,1.8520611000,89500
2020-02-03 14:15:00,1.8520611000,1.8520611000,1.8520611000,1.8520611000,64900
2020-02-03 14:30:00,1.8520611000,1.8520611000,1.8520611000,1.8520611000,35700
2020-02-03 14:45:00,1.8520611000,1.8520611000,1.8520611000,1.8520611000,41700
2020-02-03 15:00:00,1.8520611000,1.8520611000,1.8520611000,1.8520611000,60000
2020-02-04 09:45:00,1.6660093000,1.8097766000,1.6660093000,1.7759490000,12873463
2020-02-04 10:00:00,1.7759490000,1.7928628000,1.7590352000,1.7928628000,4274951
2020-02-04 10:15:00,1.7928628000,1.7928628000,1.7759490000,1.7759490000,1861800
2020-02-04 10:30:00,1.7759490000,1.8013197000,1.7759490000,1.7928628000,1601700
2020-02-04 10:45:00,1.8013197000,1.8013197000,1.7759490000,1.7844059000,1815594
2020-02-04 11:00:00,1.7844059000,1.7844059000,1.7674921000,1.7759490000,2346200
2020-02-04 11:15:00,1.7759490000,1.7759490000,1.7590352000,1.7674921000,2428700
2020-02-04 11:30:00,1.7674921000,1.7844059000,1.7590352000,1.7844059000,990187
2020-02-04 13:15:00,1.7844059000,1.7844059000,1.7674921000,1.7844059000,2045900
2020-02-04 13:30:00,1.7844059000,1.7844059000,1.7674921000,1.7759490000,1317311
2020-02-04 13:45:00,1.7759490000,1.7844059000,1.7674921000,1.7844059000,687689
2020-02-04 14:00:00,1.7844059000,1.7928628000,1.7759490000,1.7928628000,1264200
2020-02-04 14:15:00,1.7928628000,1.7928628000,1.7844059000,1.7928628000,1148500
2020-02-04 14:30:00,1.7928628000,1.7928628000,1.7759490000,1.7844059000,1183000
2020-02-04 14:45:00,1.7844059000,1.7844059000,1.7759490000,1.7844059000,1122860
2020-02-04 15:00:00,1.7844059000,1.7928628000,1.7759490000,1.7844059000,1991500
2020-02-05 09:45:00,1.7759490000,1.8097766000,1.7674921000,1.8097766000,3332480
2020-02-05 10:00:00,1.8013197000,1.8266904000,1.8013197000,1.8266904000,1604300
2020-02-05 10:15:00,1.8266904000,1.8351473000,1.8182335000,1.8266904000,1440900
2020-02-05 10:30:00,1.8182335000,1.8351473000,1.8182335000,1.8351473000,1499800
2020-02-05 10:45:00,1.8266904000,1.8520611000,1.8266904000,1.8520611000,1798500
2020-02-05 11:00:00,1.8520611000,1.8520611000,1.8266904000,1.8266904000,1222900
2020-02-05 11:15:00,1.8266904000,1.8351473000,1.8266904000,1.8351473000,487900
2020-02-05 11:30:00,1.8266904000,1.8351473000,1.8266904000,1.8351473000,587100
2020-02-05 13:15:00,1.8351473000,1.8436042000,1.8266904000,1.8351473000,1126400
2020-02-05 13:30:00,1.8266904000,1.8351473000,1.8266904000,1.8266904000,664500
2020-02-05 13:45:00,1.8266904000,1.8351473000,1.8182335000,1.8266904000,1036300
2020-02-05 14:00:00,1.8182335000,1.8266904000,1.8182335000,1.8182335000,464500
2020-02-05 14:15:00,1.8182335000,1.8266904000,1.8182335000,1.8266904000,956200
2020-02-05 14:30:00,1.8182335000,1.8266904000,1.8097766000,1.8182335000,1433200
2020-02-05 14:45:00,1.8182335000,1.8266904000,1.8097766000,1.8182335000,1139901
2020-02-05 15:00:00,1.8182335000,1.8351473000,1.8097766000,1.8182335000,2564367
2020-02-06 09:45:00,1.8182335000,1.8266904000,1.7928628000,1.8097766000,3015700
2020-02-06 10:00:00,1.8097766000,1.8182335000,1.8013197000,1.8097766000,1209700
2020-02-06 10:15:00,1.8097766000,1.8182335000,1.8097766000,1.8097766000,823800
2020-02-06 10:30:00,1.8097766000,1.8182335000,1.8013197000,1.8097766000,917400
2020-02-06 10:45:00,1.8097766000,1.8182335000,1.8013197000,1.8097766000,1181002
2020-02-06 11:00:00,1.8097766000,1.8097766000,1.8013197000,1.8097766000,507201
2020-02-06 11:15:00,1.8097766000,1.8182335000,1.8013197000,1.8097766000,1702100
2020-02-06 11:30:00,1.8097766000,1.8182335000,1.8097766000,1.8182335000,1474401
2020-02-06 13:15:00,1.8182335000,1.8266904000,1.8097766000,1.8266904000,1361401
2020-02-06 13:30:00,1.8266904000,1.8266904000,1.8097766000,1.8182335000,977499
2020-02-06 13:45:00,1.8182335000,1.8266904000,1.8097766000,1.8182335000,780301
2020-02-06 14:00:00,1.8182335000,1.8266904000,1.8182335000,1.8182335000,987300
2020-02-06 14:15:00,1.8182335000,1.8351473000,1.8182335000,1.8266904000,1283800
2020-02-06 14:30:00,1.8266904000,1.8351473000,1.8182335000,1.8182335000,1164201
2020-02-06 14:45:00,1.8182335000,1.8266904000,1.8182335000,1.8182335000,654000
2020-02-06 15:00:00,1.8182335000,1.8351473000,1.8182335000,1.8266904000,1085000
2020-02-07 09:45:00,1.8266904000,1.8266904000,1.8013197000,1.8182335000,3661600
2020-02-07 10:00:00,1.8097766000,1.8182335000,1.8013197000,1.8013197000,1287500
2020-02-07 10:15:00,1.8013197000,1.8182335000,1.8013197000,1.8097766000,2170210
2020-02-07 10:30:00,1.8097766000,1.8351473000,1.8097766000,1.8266904000,2781200
2020-02-07 10:45:00,1.8182335000,1.8266904000,1.8097766000,1.8182335000,843101
2020-02-07 11:00:00,1.8182335000,1.8182335000,1.8013197000,1.8097766000,1729499
2020-02-07 11:15:00,1.8097766000,1.8182335000,1.8013197000,1.8182335000,1497801
2020-02-07 11:30:00,1.8182335000,1.8182335000,1.8097766000,1.8097766000,349100
2020-02-07 13:15:00,1.8097766000,1.8182335000,1.8013197000,1.8097766000,945699
2020-02-07 13:30:00,1.8097766000,1.8097766000,1.8013197000,1.8097766000,1493400
2020-02-07 13:45:00,1.8097766000,1.8182335000,1.8013197000,1.8182335000,917402
2020-02-07 14:00:00,1.8097766000,1.8182335000,1.8097766000,1.8097766000,442000
2020-02-07 14:15:00,1.8097766000,1.8182335000,1.8097766000,1.8097766000,495200
2020-02-07 14:30:00,1.8097766000,1.8266904000,1.8097766000,1.8182335000,2135328
2020-02-07 14:45:00,1.8182335000,1.8266904000,1.8097766000,1.8097766000,485801
2020-02-07 15:00:00,1.8097766000,1.8266904000,1.8097766000,1.8266904000,1915500
2020-02-10 09:45:00,1.8097766000,1.8182335000,1.8013197000,1.8182335000,2579001
2020-02-10 10:00:00,1.8182335000,1.8266904000,1.8097766000,1.8182335000,1824587
2020-02-10 10:15:00,1.8266904000,1.8266904000,1.8097766000,1.8182335000,1529200
2020-02-10 10:30:00,1.8266904000,1.8351473000,1.8182335000,1.8351473000,2367300
2020-02-10 10:45:00,1.8351473000,1.8436042000,1.8266904000,1.8436042000,1094200
2020-02-10 11:00:00,1.8436042000,1.8436042000,1.8266904000,1.8266904000,893400
2020-02-10 11:15:00,1.8351473000,1.8436042000,1.8266904000,1.8436042000,1154115
2020-02-10 11:30:00,1.8436042000,1.8436042000,1.8266904000,1.8266904000,972900
2020-02-10 13:15:00,1.8266904000,1.8351473000,1.8266904000,1.8266904000,493900
2020-02-10 13:30:00,1.8351473000,1.8351473000,1.8266904000,1.8351473000,479800
2020-02-10 13:45:00,1.8351473000,1.8351473000,1.8266904000,1.8351473000,655900
2020-02-10 14:00:00,1.8351473000,1.8436042000,1.8266904000,1.8351473000,704600
2020-02-10 14:15:00,1.8351473000,1.8436042000,1.8351473000,1.8351473000,566700
2020-02-10 14:30:00,1.8351473000,1.8436042000,1.8351473000,1.8436042000,697000
2020-02-10 14:45:00,1.8436042000,1.8436042000,1.8266904000,1.8436042000,1060967
2020-02-10 15:00:00,1.8351473000,1.8520611000,1.8351473000,1.8436042000,2919300
2020-02-11 09:45:00,1.8351473000,1.8605180000,1.8351473000,1.8520611000,2955700
2020-02-11 10:00:00,1.8520611000,1.8605180000,1.8520611000,1.8520611000,2354180
2020-02-11 10:15:00,1.8520611000,1.8858887000,1.8520611000,1.8689749000,4547000
2020-02-11 10:30:00,1.8689749000,1.8689749000,1.8520611000,1.8605180000,2467800
2020-02-11 10:45:00,1.8605180000,1.8605180000,1.8520611000,1.8605180000,1022500
2020-02-11 11:00:00,1.8605180000,1.8605180000,1.8351473000,1.8351473000,3417520
2020-02-11 11:15:00,1.8351473000,1.8520611000,1.8351473000,1.8520611000,1262700
2020-02-11 11:30:00,1.8520611000,1.8520611000,1.8436042000,1.8520611000,1109301
2020-02-11 13:15:00,1.8520611000,1.8605180000,1.8436042000,1.8520611000,460780
2020-02-11 13:30:00,1.8520611000,1.8605180000,1.8520611000,1.8520611000,411100
2020-02-11 13:45:00,1.8520611000,1.8605180000,1.8520611000,1.8605180000,446300
2020-02-11 14:00:00,1.8605180000,1.8605180000,1.8520611000,1.8520611000,538100
2020-02-11 14:15:00,1.8520611000,1.8605180000,1.8520611000,1.8605180000,727100
2020-02-11 14:30:00,1.8520611000,1.8605180000,1.8520611000,1.8520611000,798600
2020-02-11 14:45:00,1.8520611000,1.8605180000,1.8436042000,1.8436042000,1905900
2020-02-11 15:00:00,1.8436042000,1.8605180000,1.8436042000,1.8520611000,720400
2020-02-12 09:45:00,1.8436042000,1.8520611000,1.8351473000,1.8436042000,1656500
2020-02-12 10:00:00,1.8436042000,1.8520611000,1.8351473000,1.8351473000,1506605
2020-02-12 10:15:00,1.8351473000,1.8520611000,1.8351473000,1.8436042000,1216000
2020-02-12 10:30:00,1.8520611000,1.8520611000,1.8436042000,1.8436042000,421000
2020-02-12 10:45:00,1.8436042000,1.8520611000,1.8436042000,1.8520611000,347100
2020-02-12 11:00:00,1.8520611000,1.8520611000,1.8351473000,1.8351473000,1044500
2020-02-12 11:15:00,1.8351473000,1.8520611000,1.8351473000,1.8436042000,272900
2020-02-12 11:30:00,1.8436042000,1.8605180000,1.8436042000,1.8520611000,1586201
2020-02-12 13:15:00,1.8605180000,1.8605180000,1.8520611000,1.8605180000,828700
2020-02-12 13:30:00,1.8605180000,1.8605180000,1.8520611000,1.8520611000,527600
2020-02-12 13:45:00,1.8520611000,1.8689749000,1.8520611000,1.8689749000,1662600
2020-02-12 14:00:00,1.8689749000,1.8689749000,1.8520611000,1.8520611000,685700
2020-02-12 14:15:00,1.8520611000,1.8605180000,1.8520611000,1.8605180000,691800
2020-02-12 14:30:00,1.8520611000,1.8689749000,1.8520611000,1.8605180000,1307200
2020-02-12 14:45:00,1.8605180000,1.8689749000,1.8520611000,1.8689749000,919800
2020-02-12 15:00:00,1.8689749000,1.8689749000,1.8605180000,1.8689749000,1227200
2020-02-13 09:45:00,1.8605180000,1.8858887000,1.8520611000,1.8774318000,3164400
2020-02-13 10:00:00,1.8774318000,1.8858887000,1.8605180000,1.8689749000,1115600
2020-02-13 10:15:00,1.8689749000,1.8689749000,1.8520611000,1.8520611000,2405600
2020-02-13 10:30:00,1.8520611000,1.8605180000,1.8520611000,1.8520611000,665100
2020-02-13 10:45:00,1.8520611000,1.8605180000,1.8520611000,1.8605180000,673300
2020-02-13 11:00:00,1.8605180000,1.8689749000,1.8520611000,1.8520611000,731400
2020-02-13 11:15:00,1.8520611000,1.8605180000,1.8520611000,1.8605180000,489301
2020-02-13 11:30:00,1.8605180000,1.8605180000,1.8436042000,1.8436042000,1037600
2020-02-13 13:15:00,1.8520611000,1.8520611000,1.8436042000,1.8436042000,1062900
2020-02-13 13:30:00,1.8436042000,1.8520611000,1.8436042000,1.8520611000,560100
2020-02-13 13:45:00,1.8520611000,1.8520611000,1.8436042000,1.8436042000,512600
2020-02-13 14:00:00,1.8436042000,1.8520611000,1.8436042000,1.8436042000,333300
2020-02-13 14:15:00,1.8520611000,1.8520611000,1.8436042000,1.8436042000,503200
2020-02-13 14:30:00,1.8520611000,1.8520611000,1.8436042000,1.8520611000,676664
2020-02-13 14:45:00,1.8520611000,1.8520611000,1.8436042000,1.8520611000,428400
2020-02-13 15:00:00,1.8520611000,1.8520611000,1.8436042000,1.8436042000,1141500
2020-02-14 09:45:00,1.8436042000,1.8520611000,1.8266904000,1.8436042000,1522000
2020-02-14 10:00:00,1.8436042000,1.8520611000,1.8351473000,1.8436042000,969301
2020-02-14 10:15:00,1.8436042000,1.8436042000,1.8351473000,1.8436042000,513300
2020-02-14 10:30:00,1.8351473000,1.8520611000,1.8351473000,1.8436042000,943600
2020-02-14 10:45:00,1.8436042000,1.8520611000,1.8436042000,1.8520611000,830101
2020-02-14 11:00:00,1.8520611000,1.8520611000,1.8436042000,1.8520611000,620200
2020-02-14 11:15:00,1.8520611000,1.8605180000,1.8520611000,1.8605180000,1805500
2020-02-14 11:30:00,1.8605180000,1.8689749000,1.8520611000,1.8605180000,1501874
2020-02-14 13:15:00,1.8605180000,1.8605180000,1.8520611000,1.8520611000,336800
2020-02-14 13:30:00,1.8520611000,1.8605180000,1.8436042000,1.8436042000,1105800
2020-02-14 13:45:00,1.8436042000,1.8520611000,1.8436042000,1.8436042000,315100
2020-02-14 14:00:00,1.8436042000,1.8520611000,1.8436042000,1.8436042000,460500
2020-02-14 14:15:00,1.8436042000,1.8520611000,1.8436042000,1.8436042000,374400
2020-02-14 14:30:00,1.8436042000,1.8520611000,1.8436042000,1.8436042000,719500
2020-02-14 14:45:00,1.8520611000,1.8520611000,1.8436042000,1.8436042000,325100
2020-02-14 15:00:00,1.8436042000,1.8520611000,1.8436042000,1.8520611000,812824
2020-02-17 09:45:00,1.8605180000,1.9112594000,1.8520611000,1.9028025000,9585305
2020-02-17 10:00:00,1.9028025000,1.9112594000,1.8943456000,1.9112594000,4356500
2020-02-17 10:15:00,1.9112594000,1.9197163000,1.8943456000,1.8943456000,3597081
2020-02-17 10:30:00,1.8943456000,1.9281732000,1.8943456000,1.9281732000,4029600
2020-02-17 10:45:00,1.9281732000,1.9366301000,1.9197163000,1.9366301000,2223800
2020-02-17 11:00:00,1.9366301000,1.9535439000,1.9281732000,1.9535439000,3635100
2020-02-17 11:15:00,1.9535439000,1.9620008000,1.9366301000,1.9366301000,2104500
2020-02-17 11:30:00,1.9366301000,1.9450870000,1.9366301000,1.9450870000,633700
2020-02-17 13:15:00,1.9450870000,1.9620008000,1.9450870000,1.9535439000,2623700
2020-02-17 13:30:00,1.9620008000,1.9620008000,1.9450870000,1.9535439000,1248500
2020-02-17 13:45:00,1.9535439000,1.9535439000,1.9450870000,1.9450870000,580500
2020-02-17 14:00:00,1.9450870000,1.9535439000,1.9450870000,1.9450870000,731000
2020-02-17 14:15:00,1.9535439000,1.9535439000,1.9366301000,1.9535439000,2005400
2020-02-17 14:30:00,1.9535439000,1.9535439000,1.9366301000,1.9366301000,2753610
2020-02-17 14:45:00,1.9450870000,1.9535439000,1.9366301000,1.9450870000,2198500
2020-02-17 15:00:00,1.9450870000,1.9620008000,1.9450870000,1.9535439000,2634437
2020-02-18 09:45:00,1.9366301000,1.9450870000,1.9281732000,1.9281732000,6962600
2020-02-18 10:00:00,1.9281732000,1.9366301000,1.9281732000,1.9366301000,2710200
2020-02-18 10:15:00,1.9366301000,1.9450870000,1.9281732000,1.9366301000,3704500
2020-02-18 10:30:00,1.9366301000,1.9450870000,1.9281732000,1.9281732000,1745810
2020-02-18 10:45:00,1.9366301000,1.9366301000,1.9281732000,1.9366301000,1998302
2020-02-18 11:00:00,1.9281732000,1.9366301000,1.9197163000,1.9197163000,3215498
2020-02-18 11:15:00,1.9281732000,1.9281732000,1.9112594000,1.9197163000,1955200
2020-02-18 11:30:00,1.9281732000,1.9281732000,1.9197163000,1.9281732000,1176700
2020-02-18 13:15:00,1.9281732000,1.9281732000,1.9112594000,1.9197163000,2175900
2020-02-18 13:30:00,1.9197163000,1.9281732000,1.9112594000,1.9112594000,1968800
2020-02-18 13:45:00,1.9112594000,1.9281732000,1.9112594000,1.9197163000,2629600
2020-02-18 14:00:00,1.9197163000,1.9281732000,1.9112594000,1.9197163000,2274400
2020-02-18 14:15:00,1.9197163000,1.9281732000,1.9112594000,1.9281732000,1099300
2020-02-18 14:30:00,1.9281732000,1.9281732000,1.9112594000,1.9197163000,1568700
2020-02-18 14:45:00,1.9197163000,1.9281732000,1.9112594000,1.9197163000,2875300
2020-02-18 15:00:00,1.9197163000,1.9281732000,1.9197163000,1.9197163000,2633100
2020-02-19 09:45:00,1.9197163000,1.9281732000,1.9112594000,1.9281732000,1987401
2020-02-19 10:00:00,1.9197163000,1.9366301000,1.9197163000,1.9281732000,2427700
2020-02-19 10:15:00,1.9281732000,1.9281732000,1.9112594000,1.9197163000,2217700
2020-02-19 10:30:00,1.9197163000,1.9281732000,1.9112594000,1.9112594000,1957600
2020-02-19 10:45:00,1.9197163000,1.9281732000,1.9112594000,1.9112594000,1907200
2020-02-19 11:00:00,1.9112594000,1.9197163000,1.9112594000,1.9197163000,1155900
2020-02-19 11:15:00,1.9197163000,1.9197163000,1.9112594000,1.9112594000,1234800
2020-02-19 11:30:00,1.9197163000,1.9197163000,1.9028025000,1.9197163000,3167700
2020-02-19 13:15:00,1.9197163000,1.9281732000,1.9112594000,1.9281732000,2056200
2020-02-19 13:30:00,1.9197163000,1.9281732000,1.9112594000,1.9197163000,625200
2020-02-19 13:45:00,1.9112594000,1.9197163000,1.9112594000,1.9112594000,671300
2020-02-19 14:00:00,1.9112594000,1.9197163000,1.9112594000,1.9112594000,907700
2020-02-19 14:15:00,1.9112594000,1.9197163000,1.9112594000,1.9197163000,1666300
2020-02-19 14:30:00,1.9197163000,1.9197163000,1.9028025000,1.9112594000,1474300
2020-02-19 14:45:00,1.9112594000,1.9197163000,1.9028025000,1.9197163000,2045800
2020-02-19 15:00:00,1.9197163000,1.9197163000,1.9112594000,1.9197163000,1911700
2020-02-20 09:45:00,1.9197163000,1.9281732000,1.9112594000,1.9281732000,2480340
2020-02-20 10:00:00,1.9281732000,1.9281732000,1.9112594000,1.9112594000,2586200
2020-02-20 10:15:00,1.9112594000,1.9197163000,1.9028025000,1.9112594000,1979300
2020-02-20 10:30:00,1.9112594000,1.9112594000,1.9028025000,1.9028025000,1527000
2020-02-20 10:45:00,1.9028025000,1.9112594000,1.8943456000,1.9028025000,2238700
2020-02-20 11:00:00,1.8943456000,1.9112594000,1.8943456000,1.9028025000,1921100
2020-02-20 11:15:00,1.9028025000,1.9112594000,1.8943456000,1.9028025000,1438600
2020-02-20 11:30:00,1.9028025000,1.9112594000,1.9028025000,1.9028025000,572300
2020-02-20 13:15:00,1.9028025000,1.9197163000,1.9028025000,1.9197163000,2254501
2020-02-20 13:30:00,1.9112594000,1.9281732000,1.9112594000,1.9197163000,2919100
2020-02-20 13:45:00,1.9197163000,1.9281732000,1.9197163000,1.9281732000,1217300
2020-02-20 14:00:00,1.9281732000,1.9281732000,1.9197163000,1.9281732000,3021700
2020-02-20 14:15:00,1.9197163000,1.9281732000,1.9197163000,1.9281732000,2389000
2020-02-20 14:30:00,1.9281732000,1.9281732000,1.9197163000,1.9281732000,1367400
2020-02-20 14:45:00,1.9281732000,1.9450870000,1.9197163000,1.9450870000,4841900
2020-02-20 15:00:00,1.9366301000,1.9450870000,1.9281732000,1.9366301000,4152194
2020-02-21 09:45:00,1.9281732000,1.9366301000,1.9197163000,1.9281732000,2327101
2020-02-21 10:00:00,1.9281732000,1.9366301000,1.9281732000,1.9281732000,3907800
2020-02-21 10:15:00,1.9281732000,1.9366301000,1.9197163000,1.9281732000,2226100
2020-02-21 10:30:00,1.9281732000,1.9366301000,1.9197163000,1.9281732000,1061100
2020-02-21 10:45:00,1.9281732000,1.9366301000,1.9197163000,1.9281732000,2755300
2020-02-21 11:00:00,1.9281732000,1.9366301000,1.9281732000,1.9281732000,1571500
2020-02-21 11:15:00,1.9281732000,1.9366301000,1.9281732000,1.9366301000,865300
2020-02-21 11:30:00,1.9366301000,1.9450870000,1.9281732000,1.9366301000,2432799
2020-02-21 13:15:00,1.9366301000,1.9450870000,1.9366301000,1.9366301000,2593301
2020-02-21 13:30:00,1.9366301000,1.9450870000,1.9366301000,1.9450870000,1319000
2020-02-21 13:45:00,1.9450870000,1.9789146000,1.9366301000,1.9789146000,11098887
2020-02-21 14:00:00,1.9789146000,1.9789146000,1.9450870000,1.9535439000,3420201
2020-02-21 14:15:00,1.9535439000,1.9620008000,1.9450870000,1.9620008000,2142500
2020-02-21 14:30:00,1.9620008000,1.9620008000,1.9450870000,1.9535439000,3595300
2020-02-21 14:45:00,1.9535439000,1.9873715000,1.9535439000,1.9704577000,7396100
2020-02-21 15:00:00,1.9789146000,1.9789146000,1.9620008000,1.9704577000,3847600
2020-02-24 09:45:00,1.9620008000,1.9704577000,1.9281732000,1.9366301000,8322100
2020-02-24 10:00:00,1.9366301000,1.9450870000,1.9281732000,1.9366301000,3704900
2020-02-24 10:15:00,1.9366301000,1.9366301000,1.9197163000,1.9281732000,4095800
2020-02-24 10:30:00,1.9197163000,1.9281732000,1.9028025000,1.9112594000,6671885
2020-02-24 10:45:00,1.9112594000,1.9197163000,1.9028025000,1.9112594000,2503100
2020-02-24 11:00:00,1.9112594000,1.9197163000,1.9028025000,1.9112594000,1411200
2020-02-24 11:15:00,1.9112594000,1.9197163000,1.9028025000,1.9197163000,2174800
2020-02-24 11:30:00,1.9197163000,1.9197163000,1.9112594000,1.9112594000,1070492
2020-02-24 13:15:00,1.9112594000,1.9197163000,1.8858887000,1.8943456000,18278989
2020-02-24 13:30:00,1.8943456000,1.9112594000,1.8858887000,1.9028025000,2984700
2020-02-24 13:45:00,1.9028025000,1.9112594000,1.8943456000,1.9028025000,1845610
2020-02-24 14:00:00,1.9028025000,1.9112594000,1.8943456000,1.9028025000,1355300
2020-02-24 14:15:00,1.9028025000,1.9112594000,1.9028025000,1.9028025000,2095400
2020-02-24 14:30:00,1.9028025000,1.9112594000,1.8943456000,1.9112594000,1530600
2020-02-24 14:45:00,1.9112594000,1.9112594000,1.9028025000,1.9028025000,3385377
2020-02-24 15:00:00,1.9112594000,1.9112594000,1.9028025000,1.9028025000,3024902
2020-02-25 09:45:00,1.8689749000,1.8774318000,1.8520611000,1.8689749000,7048000
2020-02-25 10:00:00,1.8689749000,1.8774318000,1.8436042000,1.8520611000,6960400
2020-02-25 10:15:00,1.8605180000,1.8605180000,1.8436042000,1.8605180000,3779045
2020-02-25 10:30:00,1.8605180000,1.8605180000,1.8436042000,1.8520611000,2550454
2020-02-25 10:45:00,1.8520611000,1.8520611000,1.8436042000,1.8436042000,2104220
2020-02-25 11:00:00,1.8436042000,1.8520611000,1.8266904000,1.8351473000,6802081
2020-02-25 11:15:00,1.8266904000,1.8436042000,1.8097766000,1.8182335000,7092698
2020-02-25 11:30:00,1.8182335000,1.8266904000,1.8097766000,1.8266904000,3311700
2020-02-25 13:15:00,1.8266904000,1.8351473000,1.8182335000,1.8266904000,2731400
2020-02-25 13:30:00,1.8351473000,1.8436042000,1.8266904000,1.8351473000,1901500
2020-02-25 13:45:00,1.8266904000,1.8436042000,1.8266904000,1.8436042000,1769301
2020-02-25 14:00:00,1.8436042000,1.8436042000,1.8351473000,1.8436042000,1782800
2020-02-25 14:15:00,1.8436042000,1.8520611000,1.8351473000,1.8436042000,2391301
2020-02-25 14:30:00,1.8436042000,1.8520611000,1.8436042000,1.8436042000,1740600
2020-02-25 14:45:00,1.8436042000,1.8605180000,1.8436042000,1.8436042000,3675700
2020-02-25 15:00:00,1.8520611000,1.8605180000,1.8436042000,1.8605180000,2269000
2020-02-26 09:45:00,1.8351473000,1.8436042000,1.8182335000,1.8351473000,5995800
2020-02-26 10:00:00,1.8351473000,1.8689749000,1.8266904000,1.8520611000,5896800
2020-02-26 10:15:00,1.8605180000,1.9028025000,1.8436042000,1.9028025000,7569682
2020-02-26 10:30:00,1.9028025000,1.9112594000,1.8689749000,1.8774318000,7278400
2020-02-26 10:45:00,1.8774318000,1.8858887000,1.8774318000,1.8858887000,2482800
2020-02-26 11:00:00,1.8774318000,1.8858887000,1.8689749000,1.8774318000,2033000
2020-02-26 11:15:00,1.8689749000,1.8858887000,1.8689749000,1.8858887000,1562900
2020-02-26 11:30:00,1.8858887000,1.8943456000,1.8774318000,1.8943456000,2181000
2020-02-26 13:15:00,1.8943456000,1.9028025000,1.8943456000,1.9028025000,2886419
2020-02-26 13:30:00,1.8943456000,1.9028025000,1.8943456000,1.8943456000,2328400
2020-02-26 13:45:00,1.8943456000,1.9028025000,1.8858887000,1.8858887000,1778781
2020-02-26 14:00:00,1.8858887000,1.9028025000,1.8858887000,1.8858887000,3500819
2020-02-26 14:15:00,1.8858887000,1.8943456000,1.8858887000,1.8858887000,1797900
2020-02-26 14:30:00,1.8858887000,1.8858887000,1.8774318000,1.8858887000,2170700
2020-02-26 14:45:00,1.8858887000,1.8858887000,1.8774318000,1.8774318000,1927900
2020-02-26 15:00:00,1.8774318000,1.8858887000,1.8689749000,1.8774318000,1798600
2020-02-27 09:45:00,1.8689749000,1.9028025000,1.8689749000,1.8943456000,7279724
2020-02-27 10:00:00,1.8943456000,1.9028025000,1.8774318000,1.8774318000,4728516
2020-02-27 10:15:00,1.8774318000,1.8858887000,1.8774318000,1.8774318000,3267800
2020-02-27 10:30:00,1.8858887000,1.8943456000,1.8774318000,1.8858887000,2369250
2020-02-27 10:45:00,1.8858887000,1.8943456000,1.8858887000,1.8858887000,1504400
2020-02-27 11:00:00,1.8943456000,1.8943456000,1.8774318000,1.8858887000,2734950
2020-02-27 11:15:00,1.8858887000,1.8858887000,1.8774318000,1.8858887000,1334300
2020-02-27 11:30:00,1.8774318000,1.8943456000,1.8774318000,1.8943456000,1756650
2020-02-27 13:15:00,1.8858887000,1.8943456000,1.8774318000,1.8774318000,1737350
2020-02-27 13:30:00,1.8774318000,1.8858887000,1.8689749000,1.8689749000,2200700
2020-02-27 13:45:00,1.8689749000,1.8774318000,1.8689749000,1.8689749000,893000
2020-02-27 14:00:00,1.8689749000,1.8774318000,1.8689749000,1.8774318000,1311701
2020-02-27 14:15:00,1.8774318000,1.8774318000,1.8605180000,1.8689749000,2037299
2020-02-27 14:30:00,1.8605180000,1.8689749000,1.8605180000,1.8689749000,712600
2020-02-27 14:45:00,1.8605180000,1.8689749000,1.8520611000,1.8689749000,2665800
2020-02-27 15:00:00,1.8689749000,1.8689749000,1.8605180000,1.8605180000,1609000
2020-02-28 09:45:00,1.8266904000,1.8351473000,1.8182335000,1.8266904000,8783150
2020-02-28 10:00:00,1.8266904000,1.8351473000,1.8013197000,1.8182335000,7579420
2020-02-28 10:15:00,1.8182335000,1.8182335000,1.8013197000,1.8097766000,4223401
2020-02-28 10:30:00,1.8013197000,1.8097766000,1.7844059000,1.7844059000,8780029
2020-02-28 10:45:00,1.7844059000,1.7928628000,1.7759490000,1.7928628000,3301400
2020-02-28 11:00:00,1.7844059000,1.7928628000,1.7844059000,1.7844059000,1957500
2020-02-28 11:15:00,1.7928628000,1.7928628000,1.7759490000,1.7759490000,3811100
2020-02-28 11:30:00,1.7844059000,1.7928628000,1.7759490000,1.7759490000,1725706
2020-02-28 13:15:00,1.7759490000,1.7928628000,1.7759490000,1.7844059000,2904600
2020-02-28 13:30:00,1.7844059000,1.7928628000,1.7844059000,1.7928628000,1022400
2020-02-28 13:45:00,1.7928628000,1.8013197000,1.7844059000,1.8013197000,1953721
2020-02-28 14:00:00,1.8013197000,1.8013197000,1.7928628000,1.7928628000,909400
2020-02-28 14:15:00,1.7928628000,1.8013197000,1.7928628000,1.8013197000,1052301
2020-02-28 14:30:00,1.8013197000,1.8013197000,1.7844059000,1.7844059000,1620099
2020-02-28 14:45:00,1.7928628000,1.7928628000,1.7759490000,1.7928628000,2187700
2020-02-28 15:00:00,1.7928628000,1.7928628000,1.7759490000,1.7844059000,2800400
2020-03-02 09:45:00,1.7844059000,1.8182335000,1.7844059000,1.8097766000,7714801
2020-03-02 10:00:00,1.8097766000,1.8182335000,1.8013197000,1.8182335000,1885600
2020-03-02 10:15:00,1.8097766000,1.8182335000,1.8013197000,1.8097766000,3294800
2020-03-02 10:30:00,1.8097766000,1.8351473000,1.8097766000,1.8266904000,5599600
2020-03-02 10:45:00,1.8266904000,1.8605180000,1.8266904000,1.8520611000,8192592
2020-03-02 11:00:00,1.8520611000,1.8520611000,1.8351473000,1.8436042000,2528100
2020-03-02 11:15:00,1.8436042000,1.8520611000,1.8351473000,1.8436042000,3833300
2020-03-02 11:30:00,1.8520611000,1.8605180000,1.8436042000,1.8520611000,1641000
2020-03-02 13:15:00,1.8605180000,1.8605180000,1.8436042000,1.8520611000,1779500
2020-03-02 13:30:00,1.8520611000,1.8605180000,1.8436042000,1.8520611000,2473300
2020-03-02 13:45:00,1.8520611000,1.8605180000,1.8436042000,1.8520611000,1199644
2020-03-02 14:00:00,1.8436042000,1.8520611000,1.8436042000,1.8520611000,1589821
2020-03-02 14:15:00,1.8520611000,1.8605180000,1.8436042000,1.8520611000,2651100
2020-03-02 14:30:00,1.8520611000,1.8605180000,1.8436042000,1.8436042000,1593600
2020-03-02 14:45:00,1.8520611000,1.8520611000,1.8436042000,1.8436042000,1211700
2020-03-02 15:00:00,1.8436042000,1.8605180000,1.8436042000,1.8605180000,3634700
2020-03-03 09:45:00,1.8774318000,1.8858887000,1.8520611000,1.8605180000,7801800
2020-03-03 10:00:00,1.8605180000,1.8689749000,1.8520611000,1.8520611000,2956200
2020-03-03 10:15:00,1.8605180000,1.9366301000,1.8520611000,1.9197163000,15250200
2020-03-03 10:30:00,1.9197163000,1.9281732000,1.8943456000,1.9028025000,15543400
2020-03-03 10:45:00,1.9028025000,1.9281732000,1.9028025000,1.9281732000,6530725
2020-03-03 11:00:00,1.9281732000,1.9281732000,1.9028025000,1.9112594000,3995000
2020-03-03 11:15:00,1.9112594000,1.9112594000,1.8943456000,1.8943456000,2240935
2020-03-03 11:30:00,1.8943456000,1.9028025000,1.8943456000,1.9028025000,1517600
2020-03-03 13:15:00,1.9028025000,1.9028025000,1.8858887000,1.8858887000,2473410
2020-03-03 13:30:00,1.8858887000,1.8943456000,1.8774318000,1.8858887000,3649800
2020-03-03 13:45:00,1.8858887000,1.8858887000,1.8774318000,1.8774318000,1464800
2020-03-03 14:00:00,1.8858887000,1.8858887000,1.8689749000,1.8689749000,2018974
2020-03-03 14:15:00,1.8689749000,1.8774318000,1.8520611000,1.8689749000,3398399
2020-03-03 14:30:00,1.8689749000,1.8774318000,1.8520611000,1.8774318000,2983544
2020-03-03 14:45:00,1.8774318000,1.8774318000,1.8605180000,1.8774318000,2640301
2020-03-03 15:00:00,1.8774318000,1.8858887000,1.8689749000,1.8774318000,2162687
2020-03-04 09:45:00,1.8605180000,1.8858887000,1.8520611000,1.8689749000,8861000
2020-03-04 10:00:00,1.8689749000,1.8774318000,1.8605180000,1.8605180000,3363000
2020-03-04 10:15:00,1.8605180000,1.8689749000,1.8520611000,1.8605180000,2761599
2020-03-04 10:30:00,1.8605180000,1.8689749000,1.8605180000,1.8689749000,1633400
2020-03-04 10:45:00,1.8689749000,1.8689749000,1.8605180000,1.8689749000,941100
2020-03-04 11:00:00,1.8689749000,1.8689749000,1.8605180000,1.8689749000,1933000
2020-03-04 11:15:00,1.8605180000,1.8774318000,1.8520611000,1.8689749000,4738301
2020-03-04 11:30:00,1.8689749000,1.8774318000,1.8689749000,1.8774318000,1186100
2020-03-04 13:15:00,1.8774318000,1.8774318000,1.8605180000,1.8605180000,2103900
2020-03-04 13:30:00,1.8689749000,1.8689749000,1.8520611000,1.8520611000,1756600
2020-03-04 13:45:00,1.8520611000,1.8689749000,1.8520611000,1.8520611000,3154700
2020-03-04 14:00:00,1.8520611000,1.8689749000,1.8520611000,1.8605180000,2326300
2020-03-04 14:15:00,1.8605180000,1.8689749000,1.8520611000,1.8605180000,1824200
2020-03-04 14:30:00,1.8689749000,1.8774318000,1.8605180000,1.8689749000,3682790
2020-03-04 14:45:00,1.8689749000,1.8943456000,1.8689749000,1.8858887000,4958300
2020-03-04 15:00:00,1.8774318000,1.8858887000,1.8774318000,1.8858887000,4007755
2020-03-05 09:45:00,1.8943456000,1.9112594000,1.8943456000,1.8943456000,8099300
2020-03-05 10:00:00,1.8943456000,1.8943456000,1.8774318000,1.8858887000,5340960
2020-03-05 10:15:00,1.8858887000,1.9112594000,1.8858887000,1.8943456000,6792200
2020-03-05 10:30:00,1.8943456000,1.9028025000,1.8858887000,1.8943456000,2833700
2020-03-05 10:45:00,1.8943456000,1.9112594000,1.8943456000,1.9028025000,4111300
2020-03-05 11:00:00,1.9028025000,1.9112594000,1.8943456000,1.9112594000,3911000
2020-03-05 11:15:00,1.9028025000,1.9112594000,1.8858887000,1.8858887000,4390900
2020-03-05 11:30:00,1.8858887000,1.9112594000,1.8858887000,1.9112594000,9876500
2020-03-05 13:15:00,1.9112594000,1.9197163000,1.9112594000,1.9197163000,5841710
2020-03-05 13:30:00,1.9197163000,1.9197163000,1.9028025000,1.9112594000,3662800
2020-03-05 13:45:00,1.9112594000,1.9197163000,1.9028025000,1.9112594000,5030900
2020-03-05 14:00:00,1.9112594000,1.9197163000,1.9028025000,1.9028025000,1598600
2020-03-05 14:15:00,1.9112594000,1.9112594000,1.9028025000,1.9112594000,1913400
2020-03-05 14:30:00,1.9112594000,1.9197163000,1.9028025000,1.9112594000,3259901
2020-03-05 14:45:00,1.9197163000,1.9197163000,1.9112594000,1.9197163000,1991400
2020-03-05 15:00:00,1.9197163000,1.9197163000,1.9112594000,1.9197163000,5743300
2020-03-06 09:45:00,1.9028025000,1.9197163000,1.8943456000,1.9028025000,12617500
2020-03-06 10:00:00,1.9028025000,1.9028025000,1.8858887000,1.8858887000,4717400
2020-03-06 10:15:00,1.8858887000,1.8943456000,1.8689749000,1.8689749000,8500900
2020-03-06 10:30:00,1.8689749000,1.8858887000,1.8689749000,1.8858887000,3278600
2020-03-06 10:45:00,1.8858887000,1.8858887000,1.8689749000,1.8774318000,5383500
2020-03-06 11:00:00,1.8774318000,1.8858887000,1.8774318000,1.8858887000,2366200
2020-03-06 11:15:00,1.8858887000,1.8858887000,1.8689749000,1.8689749000,1919500
2020-03-06 11:30:00,1.8774318000,1.8858887000,1.8689749000,1.8774318000,1723700
2020-03-06 13:15:00,1.8858887000,1.8858887000,1.8774318000,1.8774318000,2506300
2020-03-06 13:30:00,1.8774318000,1.8943456000,1.8774318000,1.8943456000,1873800
2020-03-06 13:45:00,1.8943456000,1.8943456000,1.8774318000,1.8858887000,1552600
2020-03-06 14:00:00,1.8774318000,1.8858887000,1.8774318000,1.8858887000,1495900
2020-03-06 14:15:00,1.8858887000,1.8943456000,1.8774318000,1.8858887000,3545400
2020-03-06 14:30:00,1.8858887000,1.8858887000,1.8774318000,1.8858887000,1317824
2020-03-06 14:45:00,1.8774318000,1.8943456000,1.8774318000,1.8858887000,2261500
2020-03-06 15:00:00,1.8858887000,1.8858887000,1.8689749000,1.8858887000,5338301
2020-03-09 09:45:00,1.9112594000,1.9620008000,1.9028025000,1.9112594000,39558425
2020-03-09 10:00:00,1.9197163000,1.9197163000,1.9028025000,1.9112594000,8662600
2020-03-09 10:15:00,1.9112594000,1.9112594000,1.8943456000,1.8943456000,5769800
2020-03-09 10:30:00,1.8943456000,1.9112594000,1.8774318000,1.9028025000,7956367
2020-03-09 10:45:00,1.9028025000,1.9112594000,1.8858887000,1.8943456000,2830800
2020-03-09 11:00:00,1.8943456000,1.8943456000,1.8858887000,1.8858887000,1117200
2020-03-09 11:15:00,1.8943456000,1.8943456000,1.8774318000,1.8858887000,3547400
2020-03-09 11:30:00,1.8774318000,1.8943456000,1.8774318000,1.8858887000,2762001
2020-03-09 13:15:00,1.8943456000,1.9112594000,1.8858887000,1.9028025000,6705900
2020-03-09 13:30:00,1.9028025000,1.9028025000,1.8858887000,1.8858887000,2444800
2020-03-09 13:45:00,1.8943456000,1.9028025000,1.8858887000,1.9028025000,3543800
2020-03-09 14:00:00,1.9028025000,1.9028025000,1.8943456000,1.8943456000,1766500
2020-03-09 14:15:00,1.9028025000,1.9112594000,1.8943456000,1.9028025000,3456849
2020-03-09 14:30:00,1.9028025000,1.9112594000,1.8943456000,1.8943456000,2143251
2020-03-09 14:45:00,1.8943456000,1.9028025000,1.8858887000,1.8943456000,3020800
2020-03-09 15:00:00,1.9028025000,1.9028025000,1.8858887000,1.8943456000,4435900
2020-03-10 09:45:00,1.8520611000,1.8858887000,1.8182335000,1.8689749000,17972501
2020-03-10 10:00:00,1.8689749000,1.8689749000,1.8520611000,1.8520611000,4320200
2020-03-10 10:15:00,1.8520611000,1.8605180000,1.8351473000,1.8436042000,6709117
2020-03-10 10:30:00,1.8351473000,1.8436042000,1.8097766000,1.8097766000,8149282
2020-03-10 10:45:00,1.8182335000,1.8266904000,1.8097766000,1.8097766000,8080300
2020-03-10 11:00:00,1.8097766000,1.8266904000,1.8013197000,1.8182335000,3900663
2020-03-10 11:15:00,1.8182335000,1.8266904000,1.8182335000,1.8266904000,1662600
2020-03-10 11:30:00,1.8266904000,1.8436042000,1.8182335000,1.8436042000,4706011
2020-03-10 13:15:00,1.8351473000,1.8605180000,1.8351473000,1.8605180000,9878300
2020-03-10 13:30:00,1.8605180000,1.8689749000,1.8520611000,1.8605180000,5297700
2020-03-10 13:45:00,1.8605180000,1.8689749000,1.8520611000,1.8605180000,3174300
2020-03-10 14:00:00,1.8605180000,1.8689749000,1.8436042000,1.8520611000,3788000
2020-03-10 14:15:00,1.8520611000,1.8605180000,1.8520611000,1.8605180000,3603600
2020-03-10 14:30:00,1.8520611000,1.8605180000,1.8436042000,1.8605180000,2309101
2020-03-10 14:45:00,1.8605180000,1.8689749000,1.8520611000,1.8689749000,3181056
2020-03-10 15:00:00,1.8689749000,1.8689749000,1.8605180000,1.8689749000,4539200
2020-03-11 09:45:00,1.8774318000,1.9620008000,1.8689749000,1.9450870000,50017230
2020-03-11 10:00:00,1.9450870000,1.9535439000,1.9281732000,1.9366301000,17968300
2020-03-11 10:15:00,1.9366301000,1.9366301000,1.9197163000,1.9197163000,8438500
2020-03-11 10:30:00,1.9197163000,1.9366301000,1.9197163000,1.9366301000,5049603
2020-03-11 10:45:00,1.9366301000,1.9366301000,1.9197163000,1.9366301000,4781800
2020-03-11 11:00:00,1.9366301000,1.9366301000,1.9197163000,1.9281732000,4760098
2020-03-11 11:15:00,1.9281732000,1.9281732000,1.9197163000,1.9281732000,2325800
2020-03-11 11:30:00,1.9197163000,1.9366301000,1.9197163000,1.9366301000,3411001
2020-03-11 13:15:00,1.9366301000,1.9366301000,1.9197163000,1.9197163000,4729100
2020-03-11 13:30:00,1.9197163000,1.9281732000,1.9028025000,1.9112594000,6269099
2020-03-11 13:45:00,1.9112594000,1.9197163000,1.9028025000,1.9112594000,2451900
2020-03-11 14:00:00,1.9112594000,1.9112594000,1.8943456000,1.9028025000,2893118
2020-03-11 14:15:00,1.9112594000,1.9112594000,1.8943456000,1.9028025000,2296500
2020-03-11 14:30:00,1.9028025000,1.9112594000,1.8943456000,1.9112594000,2368400
2020-03-11 14:45:00,1.9112594000,1.9197163000,1.9028025000,1.9112594000,5789979
2020-03-11 15:00:00,1.9112594000,1.9197163000,1.9028025000,1.9197163000,4728500
2020-03-12 09:45:00,1.8858887000,1.8858887000,1.8520611000,1.8605180000,18618800
2020-03-12 10:00:00,1.8605180000,1.8689749000,1.8436042000,1.8605180000,14483532
2020-03-12 10:15:00,1.8605180000,1.8605180000,1.8436042000,1.8436042000,8406200
2020-03-12 10:30:00,1.8436042000,1.8520611000,1.8351473000,1.8436042000,6787300
2020-03-12 10:45:00,1.8436042000,1.8689749000,1.8436042000,1.8605180000,4513200
2020-03-12 11:00:00,1.8605180000,1.8689749000,1.8520611000,1.8520611000,3189300
2020-03-12 11:15:00,1.8436042000,1.8605180000,1.8436042000,1.8520611000,3234200
2020-03-12 11:30:00,1.8436042000,1.8605180000,1.8436042000,1.8520611000,4320800
2020-03-12 13:15:00,1.8689749000,1.9112594000,1.8520611000,1.9112594000,13231301
2020-03-12 13:30:00,1.9112594000,1.9112594000,1.8774318000,1.8774318000,4959099
2020-03-12 13:45:00,1.8774318000,1.8858887000,1.8605180000,1.8689749000,4412256
2020-03-12 14:00:00,1.8689749000,1.8774318000,1.8605180000,1.8774318000,2123900
2020-03-12 14:15:00,1.8774318000,1.8774318000,1.8520611000,1.8520611000,3393000
2020-03-12 14:30:00,1.8605180000,1.8689749000,1.8520611000,1.8605180000,2425400
2020-03-12 14:45:00,1.8605180000,1.8774318000,1.8520611000,1.8605180000,4739300
2020-03-12 15:00:00,1.8689749000,1.8689749000,1.8520611000,1.8605180000,3991000
2020-03-13 09:45:00,1.7759490000,1.8013197000,1.7421214000,1.7844059000,22035600
2020-03-13 10:00:00,1.7759490000,1.7928628000,1.7674921000,1.7928628000,7576600
2020-03-13 10:15:00,1.7928628000,1.7928628000,1.7759490000,1.7844059000,5937900
2020-03-13 10:30:00,1.7928628000,1.7928628000,1.7844059000,1.7844059000,2417000
2020-03-13 10:45:00,1.7928628000,1.8013197000,1.7844059000,1.7844059000,4609721
2020-03-13 11:00:00,1.7844059000,1.7928628000,1.7759490000,1.7844059000,5051579
2020-03-13 11:15:00,1.7844059000,1.7928628000,1.7674921000,1.7759490000,5247800
2020-03-13 11:30:00,1.7674921000,1.7759490000,1.7590352000,1.7590352000,4585900
2020-03-13 13:15:00,1.7674921000,1.8097766000,1.7590352000,1.8013197000,9806400
2020-03-13 13:30:00,1.8013197000,1.8182335000,1.7928628000,1.8097766000,5330504
2020-03-13 13:45:00,1.8097766000,1.8097766000,1.7928628000,1.7928628000,3583000
2020-03-13 14:00:00,1.7928628000,1.8013197000,1.7928628000,1.7928628000,1701400
2020-03-13 14:15:00,1.7928628000,1.8013197000,1.7844059000,1.7928628000,3575900
2020-03-13 14:30:00,1.7928628000,1.8013197000,1.7844059000,1.7928628000,2892900
2020-03-13 14:45:00,1.7928628000,1.8013197000,1.7844059000,1.7928628000,3047500
2020-03-13 15:00:00,1.7928628000,1.8013197000,1.7844059000,1.7928628000,5116154
2020-03-16 09:45:00,1.8097766000,1.8182335000,1.7844059000,1.7844059000,11508920
2020-03-16 10:00:00,1.7844059000,1.8097766000,1.7759490000,1.7928628000,9258800
2020-03-16 10:15:00,1.8013197000,1.8013197000,1.7928628000,1.7928628000,2772000
2020-03-16 10:30:00,1.7928628000,1.8013197000,1.7844059000,1.7928628000,2027000
2020-03-16 10:45:00,1.7928628000,1.8013197000,1.7844059000,1.7928628000,1672718
2020-03-16 11:00:00,1.7928628000,1.8013197000,1.7928628000,1.8013197000,1140900
2020-03-16 11:15:00,1.7928628000,1.8013197000,1.7928628000,1.8013197000,2150912
2020-03-16 11:30:00,1.7928628000,1.8013197000,1.7928628000,1.7928628000,1586900
2020-03-16 13:15:00,1.8013197000,1.8013197000,1.7759490000,1.7928628000,3558588
2020-03-16 13:30:00,1.7844059000,1.7928628000,1.7759490000,1.7759490000,2401300
2020-03-16 13:45:00,1.7759490000,1.7844059000,1.7505783000,1.7590352000,5796800
2020-03-16 14:00:00,1.7590352000,1.7674921000,1.7505783000,1.7590352000,3772900
2020-03-16 14:15:00,1.7590352000,1.7590352000,1.7421214000,1.7590352000,4790400
2020-03-16 14:30:00,1.7505783000,1.7590352000,1.7421214000,1.7590352000,2236000
2020-03-16 14:45:00,1.7590352000,1.7590352000,1.7167507000,1.7252076000,9322600
2020-03-16 15:00:00,1.7252076000,1.7421214000,1.7167507000,1.7252076000,7267600
2020-03-17 09:45:00,1.7336645000,1.7590352000,1.7082938000,1.7336645000,14155600
2020-03-17 10:00:00,1.7336645000,1.7336645000,1.7082938000,1.7082938000,6412200
2020-03-17 10:15:00,1.7082938000,1.7167507000,1.6913800000,1.6998369000,5173500
2020-03-17 10:30:00,1.6998369000,1.7082938000,1.6829231000,1.7082938000,8117204
2020-03-17 10:45:00,1.7082938000,1.7252076000,1.6998369000,1.7167507000,3030900
2020-03-17 11:00:00,1.7167507000,1.7252076000,1.7082938000,1.7167507000,2890800
2020-03-17 11:15:00,1.7167507000,1.7252076000,1.7082938000,1.7082938000,2422400
2020-03-17 11:30:00,1.7082938000,1.7252076000,1.7082938000,1.7167507000,882800
2020-03-17 13:15:00,1.7252076000,1.7336645000,1.7167507000,1.7167507000,3396700
2020-03-17 13:30:00,1.7167507000,1.7252076000,1.7167507000,1.7252076000,1293711
2020-03-17 13:45:00,1.7167507000,1.7167507000,1.7082938000,1.7082938000,1957000
2020-03-17 14:00:00,1.7082938000,1.7167507000,1.7082938000,1.7082938000,980700
2020-03-17 14:15:00,1.7082938000,1.7252076000,1.6998369000,1.7167507000,2131000
2020-03-17 14:30:00,1.7167507000,1.7252076000,1.7082938000,1.7252076000,1331200
2020-03-17 14:45:00,1.7252076000,1.7252076000,1.7082938000,1.7167507000,2219000
2020-03-17 15:00:00,1.7167507000,1.7336645000,1.7167507000,1.7252076000,3442062
2020-03-18 09:45:00,1.7336645000,1.7421214000,1.7252076000,1.7336645000,7515600
2020-03-18 10:00:00,1.7336645000,1.7421214000,1.7252076000,1.7252076000,3236300
2020-03-18 10:15:00,1.7336645000,1.7336645000,1.7167507000,1.7252076000,3865200
2020-03-18 10:30:00,1.7167507000,1.7252076000,1.7082938000,1.7082938000,3115700
2020-03-18 10:45:00,1.7082938000,1.7590352000,1.7082938000,1.7421214000,13959977
2020-03-18 11:00:00,1.7336645000,1.7505783000,1.7336645000,1.7421214000,2484100
2020-03-18 11:15:00,1.7421214000,1.7421214000,1.7336645000,1.7336645000,1150300
2020-03-18 11:30:00,1.7336645000,1.7421214000,1.7336645000,1.7421214000,2494088
2020-03-18 13:15:00,1.7336645000,1.7421214000,1.7167507000,1.7252076000,3227552
2020-03-18 13:30:00,1.7252076000,1.7252076000,1.7082938000,1.7167507000,2287360
2020-03-18 13:45:00,1.7082938000,1.7252076000,1.7082938000,1.7252076000,2127200
2020-03-18 14:00:00,1.7167507000,1.7252076000,1.7082938000,1.7167507000,1680200
2020-03-18 14:15:00,1.7167507000,1.7252076000,1.7082938000,1.7167507000,1545000
2020-03-18 14:30:00,1.7167507000,1.7167507000,1.7082938000,1.7167507000,2478212
2020-03-18 14:45:00,1.7167507000,1.7167507000,1.6998369000,1.7082938000,2375600
2020-03-18 15:00:00,1.7082938000,1.7082938000,1.6913800000,1.6998369000,5596400
2020-03-19 09:45:00,1.6829231000,1.7167507000,1.6829231000,1.6998369000,8494427
2020-03-19 10:00:00,1.6913800000,1.6998369000,1.6744662000,1.6913800000,5665400
2020-03-19 10:15:00,1.6913800000,1.6913800000,1.6744662000,1.6913800000,6393482
2020-03-19 10:30:00,1.6913800000,1.6998369000,1.6829231000,1.6913800000,1814500
2020-03-19 10:45:00,1.6913800000,1.6913800000,1.6744662000,1.6829231000,4063600
2020-03-19 11:00:00,1.6829231000,1.6913800000,1.6744662000,1.6744662000,2689800
2020-03-19 11:15:00,1.6829231000,1.6829231000,1.6575524000,1.6660093000,6782418
2020-03-19 11:30:00,1.6744662000,1.6829231000,1.6660093000,1.6829231000,1860600
2020-03-19 13:15:00,1.6829231000,1.6829231000,1.6660093000,1.6744662000,2734701
2020-03-19 13:30:00,1.6744662000,1.6829231000,1.6660093000,1.6829231000,2418400
2020-03-19 13:45:00,1.6829231000,1.6913800000,1.6744662000,1.6913800000,2420301
2020-03-19 14:00:00,1.6913800000,1.6998369000,1.6829231000,1.6913800000,3121400
2020-03-19 14:15:00,1.6913800000,1.6998369000,1.6829231000,1.6913800000,1320100
2020-03-19 14:30:00,1.6913800000,1.6998369000,1.6829231000,1.6913800000,2541800
2020-03-19 14:45:00,1.6913800000,1.6998369000,1.6829231000,1.6913800000,1801109
2020-03-19 15:00:00,1.6913800000,1.6998369000,1.6829231000,1.6913800000,2537538
2020-03-20 09:45:00,1.7082938000,1.7082938000,1.6913800000,1.6998369000,5212000
2020-03-20 10:00:00,1.6913800000,1.7082938000,1.6913800000,1.7082938000,3184300
2020-03-20 10:15:00,1.7082938000,1.7082938000,1.6998369000,1.7082938000,2269101
2020-03-20 10:30:00,1.7082938000,1.7082938000,1.6998369000,1.6998369000,1098600
2020-03-20 10:45:00,1.6998369000,1.7082938000,1.6913800000,1.6998369000,1339501
2020-03-20 11:00:00,1.6998369000,1.6998369000,1.6913800000,1.6998369000,609700
2020-03-20 11:15:00,1.6998369000,1.6998369000,1.6913800000,1.6998369000,764100
2020-03-20 11:30:00,1.6998369000,1.6998369000,1.6829231000,1.6998369000,3127100
2020-03-20 13:15:00,1.6998369000,1.7082938000,1.6913800000,1.6998369000,2965100
2020-03-20 13:30:00,1.6998369000,1.6998369000,1.6913800000,1.6913800000,720400
2020-03-20 13:45:00,1.6913800000,1.6998369000,1.6913800000,1.6913800000,1468200
2020-03-20 14:00:00,1.6998369000,1.6998369000,1.6829231000,1.6998369000,3836200
2020-03-20 14:15:00,1.6998369000,1.6998369000,1.6913800000,1.6998369000,602300
2020-03-20 14:30:00,1.6998369000,1.7082938000,1.6913800000,1.7082938000,2370500
2020-03-20 14:45:00,1.7082938000,1.7082938000,1.6998369000,1.6998369000,2000100
2020-03-20 15:00:00,1.6998369000,1.7082938000,1.6998369000,1.6998369000,4856900
2020-03-23 09:45:00,1.6829231000,1.6829231000,1.6660093000,1.6744662000,8555000
2020-03-23 10:00:00,1.6744662000,1.6829231000,1.6744662000,1.6829231000,1746900
2020-03-23 10:15:00,1.6829231000,1.6829231000,1.6575524000,1.6660093000,7693400
2020-03-23 10:30:00,1.6660093000,1.6660093000,1.6575524000,1.6660093000,4659700
2020-03-23 10:45:00,1.6660093000,1.6660093000,1.6575524000,1.6660093000,2451900
2020-03-23 11:00:00,1.6660093000,1.6744662000,1.6575524000,1.6660093000,2123904
2020-03-23 11:15:00,1.6660093000,1.6744662000,1.6660093000,1.6744662000,945000
2020-03-23 11:30:00,1.6744662000,1.6829231000,1.6660093000,1.6829231000,1349375
2020-03-23 13:15:00,1.6829231000,1.6829231000,1.6660093000,1.6660093000,1901200
2020-03-23 13:30:00,1.6744662000,1.6744662000,1.6660093000,1.6660093000,840800
2020-03-23 13:45:00,1.6660093000,1.6744662000,1.6660093000,1.6660093000,482800
2020-03-23 14:00:00,1.6660093000,1.6744662000,1.6660093000,1.6660093000,1094400
2020-03-23 14:15:00,1.6660093000,1.6744662000,1.6660093000,1.6744662000,2230300
2020-03-23 14:30:00,1.6660093000,1.6744662000,1.6660093000,1.6660093000,918900
2020-03-23 14:45:00,1.6660093000,1.6744662000,1.6575524000,1.6660093000,3118425
2020-03-23 15:00:00,1.6660093000,1.6660093000,1.6575524000,1.6575524000,3463580
2020-03-24 09:45:00,1.6829231000,1.6829231000,1.6660093000,1.6829231000,4765396
2020-03-24 10:00:00,1.6829231000,1.6829231000,1.6744662000,1.6744662000,1847600
2020-03-24 10:15:00,1.6744662000,1.6913800000,1.6744662000,1.6829231000,3711600
2020-03-24 10:30:00,1.6829231000,1.6829231000,1.6744662000,1.6829231000,1310000
2020-03-24 10:45:00,1.6829231000,1.6829231000,1.6744662000,1.6744662000,802100
2020-03-24 11:00:00,1.6744662000,1.6829231000,1.6744662000,1.6829231000,1009700
2020-03-24 11:15:00,1.6829231000,1.6829231000,1.6744662000,1.6829231000,707100
2020-03-24 11:30:00,1.6829231000,1.6829231000,1.6744662000,1.6829231000,702700
2020-03-24 13:15:00,1.6744662000,1.6829231000,1.6744662000,1.6829231000,814600
2020-03-24 13:30:00,1.6829231000,1.6829231000,1.6660093000,1.6744662000,1987100
2020-03-24 13:45:00,1.6744662000,1.6744662000,1.6575524000,1.6660093000,4183700
2020-03-24 14:00:00,1.6660093000,1.6829231000,1.6575524000,1.6829231000,4585975
2020-03-24 14:15:00,1.6829231000,1.6829231000,1.6660093000,1.6829231000,2234500
2020-03-24 14:30:00,1.6829231000,1.6829231000,1.6660093000,1.6744662000,2880200
2020-03-24 14:45:00,1.6744662000,1.6829231000,1.6744662000,1.6829231000,810400
2020-03-24 15:00:00,1.6829231000,1.6829231000,1.6744662000,1.6744662000,2562304
2020-03-25 09:45:00,1.6998369000,1.7082938000,1.6913800000,1.6998369000,7798489
2020-03-25 10:00:00,1.7082938000,1.7082938000,1.6913800000,1.6913800000,2919925
2020-03-25 10:15:00,1.6913800000,1.6998369000,1.6913800000,1.6913800000,1274300
2020-03-25 10:30:00,1.6913800000,1.6998369000,1.6913800000,1.6913800000,1692600
2020-03-25 10:45:00,1.6913800000,1.6998369000,1.6913800000,1.6913800000,891100
2020-03-25 11:00:00,1.6998369000,1.6998369000,1.6829231000,1.6913800000,3766186
2020-03-25 11:15:00,1.6913800000,1.6913800000,1.6829231000,1.6829231000,3142800
2020-03-25 11:30:00,1.6913800000,1.6913800000,1.6829231000,1.6829231000,1192519
2020-03-25 13:15:00,1.6913800000,1.6998369000,1.6829231000,1.6913800000,5382918
2020-03-25 13:30:00,1.6829231000,1.6998369000,1.6829231000,1.6913800000,1668800
2020-03-25 13:45:00,1.6998369000,1.6998369000,1.6829231000,1.6913800000,1341300
2020-03-25 14:00:00,1.6913800000,1.7167507000,1.6913800000,1.7082938000,7228800
2020-03-25 14:15:00,1.7082938000,1.7167507000,1.6998369000,1.7082938000,2235338
2020-03-25 14:30:00,1.7167507000,1.7167507000,1.6998369000,1.7167507000,2270700
2020-03-25 14:45:00,1.7167507000,1.7167507000,1.6998369000,1.7167507000,2130300
2020-03-25 15:00:00,1.7082938000,1.7167507000,1.6998369000,1.7082938000,2961101
2020-03-26 09:45:00,1.6998369000,1.7082938000,1.6829231000,1.6913800000,7064600
2020-03-26 10:00:00,1.6998369000,1.7082938000,1.6913800000,1.6913800000,2767400
2020-03-26 10:15:00,1.6913800000,1.7082938000,1.6913800000,1.7082938000,2055200
2020-03-26 10:30:00,1.7082938000,1.7082938000,1.6998369000,1.7082938000,758000
2020-03-26 10:45:00,1.6998369000,1.7082938000,1.6998369000,1.6998369000,638400
2020-03-26 11:00:00,1.6998369000,1.7082938000,1.6913800000,1.6913800000,1321300
2020-03-26 11:15:00,1.6998369000,1.6998369000,1.6913800000,1.6913800000,1112600
2020-03-26 11:30:00,1.6913800000,1.6998369000,1.6913800000,1.6913800000,718600
2020-03-26 13:15:00,1.6913800000,1.6998369000,1.6913800000,1.6998369000,4431497
2020-03-26 13:30:00,1.6913800000,1.6998369000,1.6913800000,1.6998369000,769400
2020-03-26 13:45:00,1.6998369000,1.6998369000,1.6829231000,1.6913800000,1914803
2020-03-26 14:00:00,1.6913800000,1.6913800000,1.6829231000,1.6913800000,1001500
2020-03-26 14:15:00,1.6913800000,1.6913800000,1.6829231000,1.6913800000,644900
2020-03-26 14:30:00,1.6913800000,1.6913800000,1.6829231000,1.6913800000,833900
2020-03-26 14:45:00,1.6913800000,1.6913800000,1.6829231000,1.6829231000,1150501
2020-03-26 15:00:00,1.6913800000,1.6913800000,1.6829231000,1.6829231000,1979400
2020-03-27 09:45:00,1.6913800000,1.6998369000,1.6913800000,1.6913800000,3119900
2020-03-27 10:00:00,1.6998369000,1.6998369000,1.6829231000,1.6998369000,4688297
2020-03-27 10:15:00,1.6998369000,1.6998369000,1.6829231000,1.6913800000,2315403
2020-03-27 10:30:00,1.6913800000,1.6998369000,1.6829231000,1.6998369000,1169400
2020-03-27 10:45:00,1.6998369000,1.6998369000,1.6913800000,1.6998369000,1650300
2020-03-27 11:00:00,1.6998369000,1.7082938000,1.6913800000,1.6998369000,2264810
2020-03-27 11:15:00,1.6998369000,1.7082938000,1.6913800000,1.7082938000,437700
2020-03-27 11:30:00,1.7082938000,1.7082938000,1.6998369000,1.6998369000,1627900
2020-03-27 13:15:00,1.6998369000,1.7082938000,1.6998369000,1.7082938000,1961200
2020-03-27 13:30:00,1.6998369000,1.7082938000,1.6913800000,1.6913800000,1573300
2020-03-27 13:45:00,1.6913800000,1.6998369000,1.6913800000,1.6998369000,340100
2020-03-27 14:00:00,1.6998369000,1.6998369000,1.6913800000,1.6913800000,205219
2020-03-27 14:15:00,1.6913800000,1.6998369000,1.6913800000,1.6913800000,613400
2020-03-27 14:30:00,1.6913800000,1.6998369000,1.6913800000,1.6913800000,502200
2020-03-27 14:45:00,1.6913800000,1.6998369000,1.6913800000,1.6913800000,1634600
2020-03-27 15:00:00,1.6913800000,1.6998369000,1.6829231000,1.6913800000,4659797
2020-03-30 09:45:00,1.6829231000,1.6913800000,1.6575524000,1.6660093000,8487400
2020-03-30 10:00:00,1.6660093000,1.6744662000,1.6575524000,1.6744662000,2333613
2020-03-30 10:15:00,1.6744662000,1.6744662000,1.6660093000,1.6660093000,1413900
2020-03-30 10:30:00,1.6660093000,1.6744662000,1.6660093000,1.6744662000,1130400
2020-03-30 10:45:00,1.6744662000,1.6744662000,1.6660093000,1.6744662000,939900
2020-03-30 11:00:00,1.6744662000,1.6744662000,1.6660093000,1.6660093000,491000
2020-03-30 11:15:00,1.6660093000,1.6744662000,1.6660093000,1.6660093000,602200
2020-03-30 11:30:00,1.6660093000,1.6744662000,1.6660093000,1.6660093000,1061400
2020-03-30 13:15:00,1.6660093000,1.6829231000,1.6660093000,1.6829231000,2902500
2020-03-30 13:30:00,1.6829231000,1.6829231000,1.6744662000,1.6829231000,1059216
2020-03-30 13:45:00,1.6829231000,1.6829231000,1.6744662000,1.6829231000,594400
2020-03-30 14:00:00,1.6829231000,1.6913800000,1.6744662000,1.6829231000,1117189
2020-03-30 14:15:00,1.6913800000,1.6913800000,1.6829231000,1.6829231000,462700
2020-03-30 14:30:00,1.6913800000,1.6913800000,1.6829231000,1.6829231000,1214900
2020-03-30 14:45:00,1.6829231000,1.6829231000,1.6744662000,1.6829231000,813912
2020-03-30 15:00:00,1.6829231000,1.6913800000,1.6744662000,1.6829231000,1827100
2020-03-31 09:45:00,1.6998369000,1.6998369000,1.6913800000,1.6998369000,2047300
2020-03-31 10:00:00,1.6913800000,1.6998369000,1.6913800000,1.6913800000,869700
2020-03-31 10:15:00,1.6913800000,1.6998369000,1.6913800000,1.6998369000,934000
2020-03-31 10:30:00,1.6998369000,1.7082938000,1.6829231000,1.7082938000,6909972
2020-03-31 10:45:00,1.7082938000,1.7082938000,1.6913800000,1.6998369000,2290000
2020-03-31 11:00:00,1.6998369000,1.7252076000,1.6998369000,1.7167507000,7698454
2020-03-31 11:15:00,1.7167507000,1.7167507000,1.7082938000,1.7082938000,2625900
2020-03-31 11:30:00,1.7082938000,1.7167507000,1.6998369000,1.7082938000,1593900
2020-03-31 13:15:00,1.7082938000,1.7252076000,1.6998369000,1.7252076000,4543700
2020-03-31 13:30:00,1.7252076000,1.7252076000,1.7082938000,1.7167507000,1699700
2020-03-31 13:45:00,1.7167507000,1.7167507000,1.7082938000,1.7082938000,771600
2020-03-31 14:00:00,1.7167507000,1.7167507000,1.7082938000,1.7082938000,788800
2020-03-31 14:15:00,1.7082938000,1.7167507000,1.6998369000,1.7082938000,2063600
2020-03-31 14:30:00,1.7082938000,1.7167507000,1.6998369000,1.7082938000,1039400
2020-03-31 14:45:00,1.7167507000,1.7167507000,1.7082938000,1.7167507000,2263700
2020-03-31 15:00:00,1.7167507000,1.7167507000,1.7082938000,1.7167507000,4452904
2020-04-01 09:45:00,1.7082938000,1.7082938000,1.6998369000,1.7082938000,4009200
2020-04-01 10:00:00,1.7082938000,1.7082938000,1.6913800000,1.7082938000,2567800
2020-04-01 10:15:00,1.6998369000,1.7082938000,1.6998369000,1.7082938000,1212900
2020-04-01 10:30:00,1.6998369000,1.7082938000,1.6913800000,1.6913800000,1611700
2020-04-01 10:45:00,1.6913800000,1.7082938000,1.6913800000,1.6998369000,2011600
2020-04-01 11:00:00,1.6998369000,1.7082938000,1.6998369000,1.7082938000,1331200
2020-04-01 11:15:00,1.7082938000,1.7082938000,1.6998369000,1.7082938000,750100
2020-04-01 11:30:00,1.7082938000,1.7082938000,1.6913800000,1.6998369000,3096800
2020-04-01 13:15:00,1.6913800000,1.6998369000,1.6913800000,1.6998369000,1292301
2020-04-01 13:30:00,1.6998369000,1.6998369000,1.6913800000,1.6998369000,1253800
2020-04-01 13:45:00,1.6998369000,1.6998369000,1.6913800000,1.6913800000,695200
2020-04-01 14:00:00,1.6998369000,1.6998369000,1.6913800000,1.6913800000,2185300
2020-04-01 14:15:00,1.6998369000,1.6998369000,1.6829231000,1.6829231000,2364099
2020-04-01 14:30:00,1.6829231000,1.6913800000,1.6829231000,1.6829231000,777720
2020-04-01 14:45:00,1.6913800000,1.6913800000,1.6829231000,1.6829231000,2011700
2020-04-01 15:00:00,1.6913800000,1.6913800000,1.6744662000,1.6913800000,5200535
2020-04-02 09:45:00,1.6829231000,1.6913800000,1.6744662000,1.6829231000,3487900
2020-04-02 10:00:00,1.6829231000,1.6913800000,1.6829231000,1.6913800000,1002200
2020-04-02 10:15:00,1.6913800000,1.6913800000,1.6829231000,1.6913800000,1670200
2020-04-02 10:30:00,1.6913800000,1.6913800000,1.6829231000,1.6913800000,317080
2020-04-02 10:45:00,1.6913800000,1.6913800000,1.6829231000,1.6913800000,1240500
2020-04-02 11:00:00,1.6913800000,1.6913800000,1.6829231000,1.6913800000,650900
2020-04-02 11:15:00,1.6913800000,1.6913800000,1.6829231000,1.6829231000,490000
2020-04-02 11:30:00,1.6829231000,1.6913800000,1.6829231000,1.6829231000,859400
2020-04-02 13:15:00,1.6829231000,1.6913800000,1.6829231000,1.6913800000,265500
2020-04-02 13:30:00,1.6913800000,1.6913800000,1.6829231000,1.6913800000,614700
2020-04-02 13:45:00,1.6913800000,1.6998369000,1.6829231000,1.6998369000,2357900
2020-04-02 14:00:00,1.6998369000,1.6998369000,1.6913800000,1.6913800000,545100
2020-04-02 14:15:00,1.6913800000,1.6998369000,1.6913800000,1.6913800000,2293300
2020-04-02 14:30:00,1.6913800000,1.7082938000,1.6913800000,1.7082938000,2373704
2020-04-02 14:45:00,1.7082938000,1.7082938000,1.6998369000,1.7082938000,935745
2020-04-02 15:00:00,1.7082938000,1.7167507000,1.6998369000,1.7167507000,5282213
2020-04-03 09:45:00,1.7082938000,1.7167507000,1.6913800000,1.6998369000,4306900
2020-04-03 10:00:00,1.6998369000,1.7082938000,1.6913800000,1.6998369000,1772032
2020-04-03 10:15:00,1.6998369000,1.7082938000,1.6913800000,1.6998369000,1594600
2020-04-03 10:30:00,1.6998369000,1.6998369000,1.6913800000,1.6913800000,917400
2020-04-03 10:45:00,1.6998369000,1.6998369000,1.6913800000,1.6998369000,526900
2020-04-03 11:00:00,1.6998369000,1.6998369000,1.6913800000,1.6998369000,509300
2020-04-03 11:15:00,1.6998369000,1.6998369000,1.6913800000,1.6913800000,242500
2020-04-03 11:30:00,1.6913800000,1.6998369000,1.6829231000,1.6913800000,3088200
2020-04-03 13:15:00,1.6913800000,1.6913800000,1.6829231000,1.6913800000,479700
2020-04-03 13:30:00,1.6913800000,1.6913800000,1.6829231000,1.6829231000,519500
2020-04-03 13:45:00,1.6829231000,1.6998369000,1.6829231000,1.6913800000,4576704
2020-04-03 14:00:00,1.6913800000,1.6998369000,1.6913800000,1.6998369000,1903100
2020-04-03 14:15:00,1.6998369000,1.6998369000,1.6829231000,1.6913800000,2136200
2020-04-03 14:30:00,1.6913800000,1.6998369000,1.6829231000,1.6998369000,1123100
2020-04-03 14:45:00,1.6913800000,1.6998369000,1.6913800000,1.6998369000,444600
2020-04-03 15:00:00,1.6998369000,1.6998369000,1.6913800000,1.6913800000,1327900
2020-04-07 09:45:00,1.6998369000,1.7167507000,1.6998369000,1.6998369000,3933800
2020-04-07 10:00:00,1.6998369000,1.7167507000,1.6998369000,1.7082938000,3348400
2020-04-07 10:15:00,1.7082938000,1.7167507000,1.6998369000,1.7082938000,1446800
2020-04-07 10:30:00,1.7082938000,1.7082938000,1.6998369000,1.7082938000,688100
2020-04-07 10:45:00,1.7082938000,1.7082938000,1.6998369000,1.7082938000,871300
2020-04-07 11:00:00,1.7082938000,1.7082938000,1.6998369000,1.6998369000,849600
2020-04-07 11:15:00,1.6998369000,1.7167507000,1.6998369000,1.7167507000,4961900
2020-04-07 11:30:00,1.7167507000,1.7167507000,1.6998369000,1.7082938000,1983300
2020-04-07 13:15:00,1.7082938000,1.7167507000,1.6998369000,1.7082938000,1478800
2020-04-07 13:30:00,1.7082938000,1.7252076000,1.7082938000,1.7167507000,8078383
2020-04-07 13:45:00,1.7167507000,1.7167507000,1.7082938000,1.7167507000,269400
2020-04-07 14:00:00,1.7167507000,1.7167507000,1.7082938000,1.7082938000,515100
2020-04-07 14:15:00,1.7082938000,1.7167507000,1.7082938000,1.7167507000,854100
2020-04-07 14:30:00,1.7167507000,1.7252076000,1.7082938000,1.7167507000,3175704
2020-04-07 14:45:00,1.7167507000,1.7167507000,1.7082938000,1.7167507000,550400
2020-04-07 15:00:00,1.7167507000,1.7167507000,1.7082938000,1.7167507000,1441200
2020-04-08 09:45:00,1.7082938000,1.7082938000,1.6998369000,1.7082938000,3464500
2020-04-08 10:00:00,1.7082938000,1.7082938000,1.6998369000,1.6998369000,2127300
2020-04-08 10:15:00,1.6998369000,1.7082938000,1.6998369000,1.6998369000,1964000
2020-04-08 10:30:00,1.6998369000,1.7082938000,1.6998369000,1.6998369000,1227100
2020-04-08 10:45:00,1.6998369000,1.7082938000,1.6998369000,1.6998369000,1573900
2020-04-08 11:00:00,1.6998369000,1.7082938000,1.6998369000,1.6998369000,2063700
2020-04-08 11:15:00,1.6998369000,1.7082938000,1.6998369000,1.6998369000,478201
2020-04-08 11:30:00,1.6998369000,1.7082938000,1.6998369000,1.7082938000,703300
2020-04-08 13:15:00,1.7082938000,1.7167507000,1.7082938000,1.7167507000,3529800
2020-04-08 13:30:00,1.7167507000,1.7252076000,1.7082938000,1.7252076000,2711900
2020-04-08 13:45:00,1.7252076000,1.7421214000,1.7167507000,1.7336645000,11395500
2020-04-08 14:00:00,1.7336645000,1.7336645000,1.7252076000,1.7252076000,1140200
2020-04-08 14:15:00,1.7252076000,1.7336645000,1.7167507000,1.7167507000,2101300
2020-04-08 14:30:00,1.7167507000,1.7252076000,1.7167507000,1.7167507000,635700
2020-04-08 14:45:00,1.7167507000,1.7252076000,1.7167507000,1.7167507000,884210
2020-04-08 15:00:00,1.7167507000,1.7252076000,1.7167507000,1.7252076000,1734501
2020-04-09 09:45:00,1.7252076000,1.7336645000,1.7167507000,1.7167507000,3361401
2020-04-09 10:00:00,1.7167507000,1.7252076000,1.7167507000,1.7252076000,1488046
2020-04-09 10:15:00,1.7252076000,1.7252076000,1.7167507000,1.7252076000,1362106
2020-04-09 10:30:00,1.7167507000,1.7252076000,1.7167507000,1.7252076000,1106801
2020-04-09 10:45:00,1.7252076000,1.7252076000,1.7167507000,1.7167507000,896300
2020-04-09 11:00:00,1.7252076000,1.7252076000,1.7082938000,1.7252076000,4121701
2020-04-09 11:15:00,1.7167507000,1.7252076000,1.7082938000,1.7167507000,912100
2020-04-09 11:30:00,1.7082938000,1.7167507000,1.7082938000,1.7082938000,418700
2020-04-09 13:15:00,1.7082938000,1.7252076000,1.7082938000,1.7167507000,1883511
2020-04-09 13:30:00,1.7167507000,1.7252076000,1.7082938000,1.7167507000,1119989
2020-04-09 13:45:00,1.7167507000,1.7252076000,1.7082938000,1.7167507000,1172600
2020-04-09 14:00:00,1.7167507000,1.7252076000,1.7082938000,1.7167507000,622900
2020-04-09 14:15:00,1.7167507000,1.7252076000,1.7082938000,1.7167507000,1318000
2020-04-09 14:30:00,1.7167507000,1.7252076000,1.7167507000,1.7167507000,386483
2020-04-09 14:45:00,1.7167507000,1.7252076000,1.7082938000,1.7167507000,1015300
2020-04-09 15:00:00,1.7167507000,1.7167507000,1.7082938000,1.7167507000,1769805
2020-04-10 09:45:00,1.7167507000,1.7252076000,1.7082938000,1.7082938000,957700
2020-04-10 10:00:00,1.7082938000,1.7167507000,1.7082938000,1.7167507000,669800
2020-04-10 10:15:00,1.7167507000,1.7167507000,1.7082938000,1.7167507000,684170
2020-04-10 10:30:00,1.7167507000,1.7167507000,1.7082938000,1.7082938000,445700
2020-04-10 10:45:00,1.7082938000,1.7167507000,1.6998369000,1.6998369000,2599530
2020-04-10 11:00:00,1.6998369000,1.7082938000,1.6998369000,1.6998369000,607700
2020-04-10 11:15:00,1.6998369000,1.7082938000,1.6998369000,1.7082938000,677300
2020-04-10 11:30:00,1.7082938000,1.7082938000,1.6998369000,1.6998369000,1073700
2020-04-10 13:15:00,1.7082938000,1.7082938000,1.6998369000,1.6998369000,1264800
2020-04-10 13:30:00,1.6998369000,1.7082938000,1.6998369000,1.7082938000,846600
2020-04-10 13:45:00,1.6998369000,1.7082938000,1.6913800000,1.6913800000,2426800
2020-04-10 14:00:00,1.6913800000,1.6998369000,1.6913800000,1.6998369000,810600
2020-04-10 14:15:00,1.6998369000,1.6998369000,1.6913800000,1.6998369000,1208101
2020-04-10 14:30:00,1.6998369000,1.6998369000,1.6913800000,1.6913800000,396000
2020-04-10 14:45:00,1.6913800000,1.7082938000,1.6913800000,1.6998369000,1893800
2020-04-10 15:00:00,1.7082938000,1.7082938000,1.6913800000,1.6998369000,2923300
2020-04-13 09:45:00,1.6913800000,1.6998369000,1.6829231000,1.6913800000,2484600
2020-04-13 10:00:00,1.6913800000,1.6998369000,1.6829231000,1.6913800000,887300
2020-04-13 10:15:00,1.6913800000,1.6998369000,1.6829231000,1.6913800000,913400
2020-04-13 10:30:00,1.6913800000,1.6998369000,1.6913800000,1.6913800000,547400
2020-04-13 10:45:00,1.6913800000,1.6998369000,1.6913800000,1.6998369000,430400
2020-04-13 11:00:00,1.6998369000,1.6998369000,1.6913800000,1.6998369000,826200
2020-04-13 11:15:00,1.6998369000,1.6998369000,1.6913800000,1.6998369000,260000
2020-04-13 11:30:00,1.6998369000,1.6998369000,1.6913800000,1.6913800000,1754000
2020-04-13 13:15:00,1.6913800000,1.6998369000,1.6913800000,1.6998369000,648200
2020-04-13 13:30:00,1.6998369000,1.6998369000,1.6913800000,1.6998369000,1359200
2020-04-13 13:45:00,1.6998369000,1.6998369000,1.6913800000,1.6998369000,361800
2020-04-13 14:00:00,1.6998369000,1.6998369000,1.6913800000,1.6913800000,546100
2020-04-13 14:15:00,1.6913800000,1.6998369000,1.6913800000,1.6998369000,419700
2020-04-13 14:30:00,1.6998369000,1.6998369000,1.6913800000,1.6998369000,276300
2020-04-13 14:45:00,1.6998369000,1.6998369000,1.6913800000,1.6913800000,659600
2020-04-13 15:00:00,1.6913800000,1.6998369000,1.6913800000,1.6913800000,1723400
2020-04-14 09:45:00,1.6998369000,1.7082938000,1.6913800000,1.6998369000,2009400
2020-04-14 10:00:00,1.6913800000,1.6998369000,1.6913800000,1.6998369000,721200
2020-04-14 10:15:00,1.6913800000,1.6998369000,1.6913800000,1.6998369000,686300
2020-04-14 10:30:00,1.6998369000,1.6998369000,1.6913800000,1.6998369000,408800
2020-04-14 10:45:00,1.6998369000,1.6998369000,1.6913800000,1.6998369000,306600
2020-04-14 11:00:00,1.6913800000,1.6998369000,1.6913800000,1.6998369000,191400
2020-04-14 11:15:00,1.6998369000,1.6998369000,1.6913800000,1.6998369000,225300
2020-04-14 11:30:00,1.6998369000,1.6998369000,1.6913800000,1.6998369000,183400
2020-04-14 13:15:00,1.6998369000,1.6998369000,1.6913800000,1.6998369000,1053800
2020-04-14 13:30:00,1.6913800000,1.6998369000,1.6913800000,1.6913800000,355300
2020-04-14 13:45:00,1.6998369000,1.6998369000,1.6913800000,1.6913800000,776000
2020-04-14 14:00:00,1.6998369000,1.6998369000,1.6913800000,1.6998369000,3042400
2020-04-14 14:15:00,1.6998369000,1.7082938000,1.6998369000,1.6998369000,795200
2020-04-14 14:30:00,1.6998369000,1.7082938000,1.6998369000,1.7082938000,655800
2020-04-14 14:45:00,1.7082938000,1.7082938000,1.6913800000,1.6998369000,2668500
2020-04-14 15:00:00,1.6998369000,1.7082938000,1.6998369000,1.7082938000,2343200
2020-04-15 09:45:00,1.7082938000,1.7082938000,1.6998369000,1.7082938000,1702111
2020-04-15 10:00:00,1.7082938000,1.7082938000,1.6998369000,1.7082938000,841200
2020-04-15 10:15:00,1.7082938000,1.7082938000,1.6913800000,1.6998369000,2095195
2020-04-15 10:30:00,1.6998369000,1.7082938000,1.6913800000,1.6998369000,1065855
2020-04-15 10:45:00,1.6998369000,1.7082938000,1.6913800000,1.6998369000,975702
2020-04-15 11:00:00,1.6998369000,1.6998369000,1.6913800000,1.6998369000,769900
2020-04-15 11:15:00,1.6998369000,1.7082938000,1.6913800000,1.6913800000,784907
2020-04-15 11:30:00,1.6913800000,1.7082938000,1.6913800000,1.6913800000,342400
2020-04-15 13:15:00,1.6998369000,1.6998369000,1.6913800000,1.6913800000,845700
2020-04-15 13:30:00,1.6998369000,1.6998369000,1.6913800000,1.6998369000,721800
2020-04-15 13:45:00,1.6998369000,1.6998369000,1.6913800000,1.6913800000,511800
2020-04-15 14:00:00,1.6998369000,1.6998369000,1.6913800000,1.6998369000,433100
2020-04-15 14:15:00,1.6998369000,1.6998369000,1.6913800000,1.6998369000,548900
2020-04-15 14:30:00,1.6913800000,1.6998369000,1.6913800000,1.6913800000,487702
2020-04-15 14:45:00,1.6913800000,1.6998369000,1.6913800000,1.6913800000,1158101
2020-04-15 15:00:00,1.6913800000,1.6998369000,1.6913800000,1.6913800000,1234350
2020-04-16 09:45:00,1.6913800000,1.6998369000,1.6829231000,1.6913800000,2398300
2020-04-16 10:00:00,1.6913800000,1.6998369000,1.6829231000,1.6913800000,1457000
2020-04-16 10:15:00,1.6913800000,1.6998369000,1.6829231000,1.6829231000,1143300
2020-04-16 10:30:00,1.6829231000,1.6998369000,1.6829231000,1.6998369000,1199801
2020-04-16 10:45:00,1.6998369000,1.6998369000,1.6913800000,1.6913800000,1075500
2020-04-16 11:00:00,1.6998369000,1.6998369000,1.6913800000,1.6913800000,705200
2020-04-16 11:15:00,1.6913800000,1.6998369000,1.6913800000,1.6998369000,889400
2020-04-16 11:30:00,1.6998369000,1.6998369000,1.6913800000,1.6998369000,1209000
2020-04-16 13:15:00,1.6913800000,1.6998369000,1.6913800000,1.6913800000,1150400
2020-04-16 13:30:00,1.6913800000,1.6998369000,1.6913800000,1.6913800000,493600
2020-04-16 13:45:00,1.6913800000,1.6998369000,1.6913800000,1.6998369000,545800
2020-04-16 14:00:00,1.6998369000,1.7082938000,1.6913800000,1.7082938000,1967535
2020-04-16 14:15:00,1.7082938000,1.7082938000,1.6913800000,1.6998369000,694200
2020-04-16 14:30:00,1.6998369000,1.6998369000,1.6913800000,1.6913800000,579100
2020-04-16 14:45:00,1.6998369000,1.6998369000,1.6913800000,1.6998369000,933000
2020-04-16 15:00:00,1.6913800000,1.6998369000,1.6913800000,1.6998369000,1088800
2020-04-17 09:45:00,1.6998369000,1.7082938000,1.6913800000,1.6998369000,2781480
2020-04-17 10:00:00,1.6998369000,1.7167507000,1.6998369000,1.7082938000,4631501
2020-04-17 10:15:00,1.7082938000,1.7167507000,1.6998369000,1.7082938000,1496600
2020-04-17 10:30:00,1.7082938000,1.7082938000,1.6998369000,1.6998369000,2318900
2020-04-17 10:45:00,1.6998369000,1.7082938000,1.6998369000,1.7082938000,919000
2020-04-17 11:00:00,1.6998369000,1.7082938000,1.6913800000,1.6998369000,707100
2020-04-17 11:15:00,1.6998369000,1.6998369000,1.6913800000,1.6998369000,318400
2020-04-17 11:30:00,1.6998369000,1.6998369000,1.6913800000,1.6913800000,665201
2020-04-17 13:15:00,1.6913800000,1.6998369000,1.6913800000,1.6998369000,1044601
2020-04-17 13:30:00,1.6998369000,1.6998369000,1.6913800000,1.6913800000,271800
2020-04-17 13:45:00,1.6913800000,1.7082938000,1.6913800000,1.6998369000,1373035
2020-04-17 14:00:00,1.6998369000,1.7082938000,1.6913800000,1.6998369000,804965
2020-04-17 14:15:00,1.6998369000,1.6998369000,1.6913800000,1.6913800000,965000
2020-04-17 14:30:00,1.6913800000,1.6998369000,1.6913800000,1.6913800000,1406700
2020-04-17 14:45:00,1.6998369000,1.6998369000,1.6913800000,1.6998369000,1805921
2020-04-17 15:00:00,1.6998369000,1.6998369000,1.6913800000,1.6998369000,1705600
2020-04-20 09:45:00,1.6998369000,1.7082938000,1.6913800000,1.6913800000,2874000
2020-04-20 10:00:00,1.6913800000,1.6998369000,1.6913800000,1.6998369000,827900
2020-04-20 10:15:00,1.6913800000,1.6998369000,1.6829231000,1.6913800000,5909200
2020-04-20 10:30:00,1.6913800000,1.6998369000,1.6913800000,1.6913800000,1258000
2020-04-20 10:45:00,1.6913800000,1.6998369000,1.6913800000,1.6913800000,391600
2020-04-20 11:00:00,1.6913800000,1.6998369000,1.6913800000,1.6998369000,1123400
2020-04-20 11:15:00,1.6913800000,1.6998369000,1.6913800000,1.6913800000,315700
2020-04-20 11:30:00,1.6913800000,1.6998369000,1.6913800000,1.6913800000,257900
2020-04-20 13:15:00,1.6998369000,1.6998369000,1.6829231000,1.6913800000,2201700
2020-04-20 13:30:00,1.6913800000,1.6913800000,1.6829231000,1.6913800000,681500
2020-04-20 13:45:00,1.6913800000,1.6913800000,1.6829231000,1.6829231000,608000
2020-04-20 14:00:00,1.6829231000,1.6913800000,1.6829231000,1.6829231000,865300
2020-04-20 14:15:00,1.6829231000,1.6913800000,1.6829231000,1.6829231000,1951200
2020-04-20 14:30:00,1.6913800000,1.6913800000,1.6829231000,1.6829231000,805800
2020-04-20 14:45:00,1.6913800000,1.6913800000,1.6829231000,1.6829231000,870700
2020-04-20 15:00:00,1.6829231000,1.6998369000,1.6829231000,1.6913800000,2346482
2020-04-21 09:45:00,1.6913800000,1.7082938000,1.6829231000,1.6913800000,10859500
2020-04-21 10:00:00,1.6913800000,1.6998369000,1.6829231000,1.6913800000,3380200
2020-04-21 10:15:00,1.6913800000,1.6913800000,1.6829231000,1.6829231000,919500
2020-04-21 10:30:00,1.6829231000,1.6913800000,1.6829231000,1.6829231000,760200
2020-04-21 10:45:00,1.6829231000,1.6913800000,1.6829231000,1.6829231000,542896
2020-04-21 11:00:00,1.6913800000,1.6913800000,1.6829231000,1.6913800000,772600
2020-04-21 11:15:00,1.6829231000,1.6913800000,1.6829231000,1.6829231000,1033300
2020-04-21 11:30:00,1.6829231000,1.6913800000,1.6829231000,1.6829231000,1300500
2020-04-21 13:15:00,1.6913800000,1.6913800000,1.6829231000,1.6913800000,1415300
2020-04-21 13:30:00,1.6913800000,1.6913800000,1.6829231000,1.6913800000,827501
2020-04-21 13:45:00,1.6913800000,1.6913800000,1.6829231000,1.6913800000,869800
2020-04-21 14:00:00,1.6829231000,1.6913800000,1.6829231000,1.6829231000,1549000
2020-04-21 14:15:00,1.6913800000,1.6913800000,1.6829231000,1.6829231000,1176500
2020-04-21 14:30:00,1.6913800000,1.6913800000,1.6829231000,1.6913800000,1033300
2020-04-21 14:45:00,1.6913800000,1.6913800000,1.6829231000,1.6829231000,2196400
2020-04-21 15:00:00,1.6829231000,1.6913800000,1.6829231000,1.6913800000,1444340
2020-04-22 09:45:00,1.6829231000,1.6913800000,1.6744662000,1.6829231000,4822500
2020-04-22 10:00:00,1.6829231000,1.6829231000,1.6744662000,1.6829231000,1440700
2020-04-22 10:15:00,1.6744662000,1.6829231000,1.6744662000,1.6829231000,1708000
2020-04-22 10:30:00,1.6829231000,1.6829231000,1.6744662000,1.6744662000,2212600
2020-04-22 10:45:00,1.6744662000,1.6829231000,1.6660093000,1.6744662000,7059800
2020-04-22 11:00:00,1.6744662000,1.6829231000,1.6660093000,1.6744662000,1789100
2020-04-22 11:15:00,1.6744662000,1.6829231000,1.6660093000,1.6660093000,1380800
2020-04-22 11:30:00,1.6660093000,1.6744662000,1.6660093000,1.6744662000,684300
2020-04-22 13:15:00,1.6744662000,1.6744662000,1.6660093000,1.6660093000,3203700
2020-04-22 13:30:00,1.6660093000,1.6829231000,1.6660093000,1.6829231000,2088200
2020-04-22 13:45:00,1.6829231000,1.6829231000,1.6744662000,1.6744662000,1033500
2020-04-22 14:00:00,1.6744662000,1.6829231000,1.6744662000,1.6744662000,323001
2020-04-22 14:15:00,1.6744662000,1.6829231000,1.6744662000,1.6744662000,308500
2020-04-22 14:30:00,1.6744662000,1.6829231000,1.6744662000,1.6829231000,699000
2020-04-22 14:45:00,1.6829231000,1.6829231000,1.6744662000,1.6744662000,1021400
2020-04-22 15:00:00,1.6744662000,1.6829231000,1.6744662000,1.6829231000,2354800
2020-04-23 09:45:00,1.6829231000,1.6829231000,1.6660093000,1.6744662000,4220200
2020-04-23 10:00:00,1.6744662000,1.6744662000,1.6660093000,1.6660093000,2729801
2020-04-23 10:15:00,1.6660093000,1.6744662000,1.6575524000,1.6660093000,5945900
2020-04-23 10:30:00,1.6660093000,1.6829231000,1.6575524000,1.6829231000,10090554
2020-04-23 10:45:00,1.6829231000,1.7167507000,1.6829231000,1.6913800000,21106983
2020-04-23 11:00:00,1.6913800000,1.6998369000,1.6913800000,1.6998369000,985800
2020-04-23 11:15:00,1.6998369000,1.6998369000,1.6913800000,1.6913800000,894700
2020-04-23 11:30:00,1.6913800000,1.6998369000,1.6913800000,1.6913800000,935600
2020-04-23 13:15:00,1.6913800000,1.6998369000,1.6913800000,1.6913800000,996700
2020-04-23 13:30:00,1.6998369000,1.6998369000,1.6913800000,1.6913800000,3074300
2020-04-23 13:45:00,1.6913800000,1.7082938000,1.6913800000,1.6998369000,3477313
2020-04-23 14:00:00,1.6998369000,1.7082938000,1.6913800000,1.6998369000,1300801
2020-04-23 14:15:00,1.6998369000,1.7082938000,1.6913800000,1.6998369000,1446400
2020-04-23 14:30:00,1.6998369000,1.6998369000,1.6913800000,1.6998369000,439700
2020-04-23 14:45:00,1.6998369000,1.6998369000,1.6913800000,1.6998369000,1318900
2020-04-23 15:00:00,1.6998369000,1.6998369000,1.6913800000,1.6998369000,2088600
2020-04-24 09:45:00,1.6829231000,1.6829231000,1.6660093000,1.6660093000,15012300
2020-04-24 10:00:00,1.6660093000,1.6744662000,1.6660093000,1.6660093000,2938947
2020-04-24 10:15:00,1.6660093000,1.6744662000,1.6575524000,1.6660093000,5116353
2020-04-24 10:30:00,1.6660093000,1.6744662000,1.6575524000,1.6660093000,2614900
2020-04-24 10:45:00,1.6660093000,1.6744662000,1.6575524000,1.6744662000,1735000
2020-04-24 11:00:00,1.6744662000,1.6744662000,1.6660093000,1.6660093000,1266430
2020-04-24 11:15:00,1.6660093000,1.6744662000,1.6575524000,1.6660093000,768000
2020-04-24 11:30:00,1.6660093000,1.6744662000,1.6660093000,1.6660093000,440900
2020-04-24 13:15:00,1.6660093000,1.6744662000,1.6575524000,1.6660093000,1554900
2020-04-24 13:30:00,1.6660093000,1.6744662000,1.6660093000,1.6744662000,682500
2020-04-24 13:45:00,1.6744662000,1.6744662000,1.6575524000,1.6660093000,1516200
2020-04-24 14:00:00,1.6660093000,1.6660093000,1.6575524000,1.6660093000,740500
2020-04-24 14:15:00,1.6660093000,1.6660093000,1.6575524000,1.6660093000,1079200
2020-04-24 14:30:00,1.6660093000,1.6660093000,1.6575524000,1.6575524000,1599800
2020-04-24 14:45:00,1.6575524000,1.6660093000,1.6575524000,1.6660093000,1862900
2020-04-24 15:00:00,1.6660093000,1.6660093000,1.6575524000,1.6575524000,1948000
2020-04-27 09:45:00,1.6575524000,1.6660093000,1.6490955000,1.6575524000,4956100
2020-04-27 10:00:00,1.6575524000,1.6660093000,1.6490955000,1.6660093000,2469300
2020-04-27 10:15:00,1.6575524000,1.6660093000,1.6575524000,1.6660093000,908401
2020-04-27 10:30:00,1.6660093000,1.6660093000,1.6575524000,1.6575524000,1519800
2020-04-27 10:45:00,1.6575524000,1.6660093000,1.6575524000,1.6660093000,1261700
2020-04-27 11:00:00,1.6660093000,1.6660093000,1.6575524000,1.6575524000,716500
2020-04-27 11:15:00,1.6660093000,1.6829231000,1.6575524000,1.6744662000,10169939
2020-04-27 11:30:00,1.6744662000,1.6744662000,1.6660093000,1.6744662000,521600
2020-04-27 13:15:00,1.6744662000,1.6913800000,1.6660093000,1.6829231000,9408200
2020-04-27 13:30:00,1.6829231000,1.6829231000,1.6744662000,1.6829231000,1184800
2020-04-27 13:45:00,1.6829231000,1.6829231000,1.6744662000,1.6829231000,821950
2020-04-27 14:00:00,1.6829231000,1.6829231000,1.6660093000,1.6744662000,1387500
2020-04-27 14:15:00,1.6744662000,1.6744662000,1.6660093000,1.6660093000,426300
2020-04-27 14:30:00,1.6660093000,1.6744662000,1.6660093000,1.6744662000,539800
2020-04-27 14:45:00,1.6660093000,1.6744662000,1.6660093000,1.6660093000,1612400
2020-04-27 15:00:00,1.6660093000,1.6744662000,1.6575524000,1.6660093000,2127050
2020-04-28 09:45:00,1.6660093000,1.6660093000,1.6490955000,1.6575524000,4363592
2020-04-28 10:00:00,1.6575524000,1.6575524000,1.6068110000,1.6068110000,12197908
2020-04-28 10:15:00,1.6068110000,1.6321817000,1.6068110000,1.6237248000,4915730
2020-04-28 10:30:00,1.6237248000,1.6321817000,1.6152679000,1.6237248000,2746000
2020-04-28 10:45:00,1.6237248000,1.6321817000,1.6152679000,1.6237248000,1561000
2020-04-28 11:00:00,1.6237248000,1.6321817000,1.6237248000,1.6237248000,1002300
2020-04-28 11:15:00,1.6321817000,1.6321817000,1.6237248000,1.6321817000,2018718
2020-04-28 11:30:00,1.6321817000,1.6406386000,1.6237248000,1.6406386000,1186100
2020-04-28 13:15:00,1.6406386000,1.6406386000,1.6237248000,1.6321817000,1369900
2020-04-28 13:30:00,1.6321817000,1.6321817000,1.6237248000,1.6321817000,1091800
2020-04-28 13:45:00,1.6321817000,1.6321817000,1.6237248000,1.6321817000,634300
2020-04-28 14:00:00,1.6321817000,1.6321817000,1.6237248000,1.6321817000,876700
2020-04-28 14:15:00,1.6321817000,1.6321817000,1.6237248000,1.6237248000,963700
2020-04-28 14:30:00,1.6237248000,1.6321817000,1.6237248000,1.6237248000,776800
2020-04-28 14:45:00,1.6237248000,1.6321817000,1.6152679000,1.6152679000,1911882
2020-04-28 15:00:00,1.6152679000,1.6237248000,1.6152679000,1.6152679000,1856300
2020-04-29 09:45:00,1.6152679000,1.6321817000,1.6152679000,1.6321817000,2339700
2020-04-29 10:00:00,1.6321817000,1.6321817000,1.6152679000,1.6237248000,1825800
2020-04-29 10:15:00,1.6237248000,1.6237248000,1.6068110000,1.6152679000,3792400
2020-04-29 10:30:00,1.6152679000,1.6237248000,1.6068110000,1.6152679000,3203600
2020-04-29 10:45:00,1.6152679000,1.6237248000,1.6152679000,1.6237248000,823600
2020-04-29 11:00:00,1.6237248000,1.6237248000,1.6068110000,1.6152679000,2546800
2020-04-29 11:15:00,1.6152679000,1.6237248000,1.6152679000,1.6152679000,556600
2020-04-29 11:30:00,1.6152679000,1.6237248000,1.6068110000,1.6152679000,1087300
2020-04-29 13:15:00,1.6152679000,1.6152679000,1.6068110000,1.6152679000,551500
2020-04-29 13:30:00,1.6152679000,1.6152679000,1.6068110000,1.6152679000,271901
2020-04-29 13:45:00,1.6152679000,1.6152679000,1.6068110000,1.6152679000,751100
2020-04-29 14:00:00,1.6152679000,1.6152679000,1.6068110000,1.6068110000,1045700
2020-04-29 14:15:00,1.6152679000,1.6237248000,1.6068110000,1.6152679000,2972800
2020-04-29 14:30:00,1.6152679000,1.6237248000,1.6152679000,1.6152679000,614900
2020-04-29 14:45:00,1.6152679000,1.6237248000,1.6068110000,1.6152679000,2298500
2020-04-29 15:00:00,1.6068110000,1.6152679000,1.5983541000,1.6068110000,7184700
2020-04-30 09:45:00,1.6068110000,1.6237248000,1.6068110000,1.6237248000,2940300
2020-04-30 10:00:00,1.6237248000,1.6321817000,1.6152679000,1.6321817000,2455000
2020-04-30 10:15:00,1.6321817000,1.6321817000,1.6237248000,1.6237248000,2704800
2020-04-30 10:30:00,1.6237248000,1.6321817000,1.6152679000,1.6321817000,1638700
2020-04-30 10:45:00,1.6321817000,1.6321817000,1.6237248000,1.6237248000,1725492
2020-04-30 11:00:00,1.6237248000,1.6321817000,1.6237248000,1.6237248000,661300
2020-04-30 11:15:00,1.6237248000,1.6321817000,1.6237248000,1.6321817000,396900
2020-04-30 11:30:00,1.6321817000,1.6321817000,1.6237248000,1.6321817000,691500
2020-04-30 13:15:00,1.6321817000,1.6321817000,1.6237248000,1.6321817000,1238100
2020-04-30 13:30:00,1.6321817000,1.6321817000,1.6237248000,1.6321817000,498800
2020-04-30 13:45:00,1.6321817000,1.6321817000,1.6237248000,1.6321817000,468600
2020-04-30 14:00:00,1.6237248000,1.6321817000,1.6237248000,1.6321817000,1101100
2020-04-30 14:15:00,1.6321817000,1.6321817000,1.6237248000,1.6321817000,481600
2020-04-30 14:30:00,1.6321817000,1.6321817000,1.6237248000,1.6321817000,1495000
2020-04-30 14:45:00,1.6321817000,1.6321817000,1.6237248000,1.6321817000,1375600
2020-04-30 15:00:00,1.6321817000,1.6321817000,1.6237248000,1.6321817000,1919100
2020-05-06 09:45:00,1.6152679000,1.6237248000,1.6068110000,1.6152679000,6338200
2020-05-06 10:00:00,1.6152679000,1.6152679000,1.6068110000,1.6152679000,1501700
2020-05-06 10:15:00,1.6152679000,1.6237248000,1.6068110000,1.6237248000,1581700
2020-05-06 10:30:00,1.6237248000,1.6237248000,1.6152679000,1.6237248000,1152100
2020-05-06 10:45:00,1.6237248000,1.6237248000,1.6152679000,1.6152679000,1242500
2020-05-06 11:00:00,1.6152679000,1.6237248000,1.6152679000,1.6152679000,1292700
2020-05-06 11:15:00,1.6152679000,1.6237248000,1.6152679000,1.6152679000,1149400
2020-05-06 11:30:00,1.6237248000,1.6237248000,1.6152679000,1.6152679000,696400
2020-05-06 13:15:00,1.6152679000,1.6237248000,1.6152679000,1.6237248000,1120100
2020-05-06 13:30:00,1.6237248000,1.6237248000,1.6152679000,1.6237248000,1177200
2020-05-06 13:45:00,1.6237248000,1.6237248000,1.6152679000,1.6152679000,343900
2020-05-06 14:00:00,1.6152679000,1.6237248000,1.6152679000,1.6237248000,608700
2020-05-06 14:15:00,1.6237248000,1.6237248000,1.6152679000,1.6237248000,731600
2020-05-06 14:30:00,1.6237248000,1.6321817000,1.6152679000,1.6237248000,3166365
2020-05-06 14:45:00,1.6237248000,1.6321817000,1.6237248000,1.6321817000,1111500
2020-05-06 15:00:00,1.6321817000,1.6321817000,1.6237248000,1.6321817000,2764500
2020-05-07 09:45:00,1.6237248000,1.6237248000,1.6152679000,1.6237248000,3061300
2020-05-07 10:00:00,1.6237248000,1.6237248000,1.6152679000,1.6152679000,1643100
2020-05-07 10:15:00,1.6237248000,1.6237248000,1.6152679000,1.6152679000,881400
2020-05-07 10:30:00,1.6152679000,1.6237248000,1.6152679000,1.6237248000,1025000
2020-05-07 10:45:00,1.6152679000,1.6237248000,1.6152679000,1.6237248000,1020500
2020-05-07 11:00:00,1.6237248000,1.6575524000,1.6152679000,1.6490955000,13531529
2020-05-07 11:15:00,1.6490955000,1.6575524000,1.6406386000,1.6406386000,6243300
2020-05-07 11:30:00,1.6406386000,1.6490955000,1.6321817000,1.6406386000,3464600
2020-05-07 13:15:00,1.6406386000,1.6406386000,1.6237248000,1.6321817000,2272400
2020-05-07 13:30:00,1.6237248000,1.6321817000,1.6237248000,1.6321817000,2019200
2020-05-07 13:45:00,1.6321817000,1.6406386000,1.6237248000,1.6321817000,2513100
2020-05-07 14:00:00,1.6321817000,1.6406386000,1.6321817000,1.6406386000,959100
2020-05-07 14:15:00,1.6406386000,1.6406386000,1.6321817000,1.6321817000,1212500
2020-05-07 14:30:00,1.6321817000,1.6406386000,1.6321817000,1.6321817000,1247600
2020-05-07 14:45:00,1.6321817000,1.6406386000,1.6321817000,1.6406386000,982600
2020-05-07 15:00:00,1.6321817000,1.6406386000,1.6321817000,1.6321817000,2105534
2020-05-08 09:45:00,1.6321817000,1.6406386000,1.6237248000,1.6237248000,3142700
2020-05-08 10:00:00,1.6237248000,1.6406386000,1.6237248000,1.6321817000,1845234
2020-05-08 10:15:00,1.6321817000,1.6406386000,1.6237248000,1.6237248000,2460366
2020-05-08 10:30:00,1.6237248000,1.6321817000,1.6237248000,1.6237248000,977701
2020-05-08 10:45:00,1.6321817000,1.6321817000,1.6237248000,1.6237248000,892100
2020-05-08 11:00:00,1.6321817000,1.6321817000,1.6237248000,1.6321817000,894800
2020-05-08 11:15:00,1.6321817000,1.6321817000,1.6237248000,1.6237248000,889829
2020-05-08 11:30:00,1.6237248000,1.6406386000,1.6237248000,1.6406386000,3156884
2020-05-08 13:15:00,1.6406386000,1.6406386000,1.6321817000,1.6406386000,922100
2020-05-08 13:30:00,1.6406386000,1.6406386000,1.6321817000,1.6321817000,1332500
2020-05-08 13:45:00,1.6321817000,1.6406386000,1.6321817000,1.6321817000,1625800
2020-05-08 14:00:00,1.6406386000,1.6406386000,1.6321817000,1.6406386000,807100
2020-05-08 14:15:00,1.6321817000,1.6406386000,1.6321817000,1.6406386000,745200
2020-05-08 14:30:00,1.6406386000,1.6406386000,1.6321817000,1.6321817000,746700
2020-05-08 14:45:00,1.6321817000,1.6406386000,1.6321817000,1.6321817000,692700
2020-05-08 15:00:00,1.6406386000,1.6406386000,1.6321817000,1.6406386000,2351200
2020-05-11 09:45:00,1.6321817000,1.6575524000,1.6321817000,1.6490955000,6640650
2020-05-11 10:00:00,1.6575524000,1.6575524000,1.6406386000,1.6406386000,2129800
2020-05-11 10:15:00,1.6406386000,1.6490955000,1.6406386000,1.6490955000,837000
2020-05-11 10:30:00,1.6490955000,1.6490955000,1.6406386000,1.6406386000,1310200
2020-05-11 10:45:00,1.6406386000,1.6490955000,1.6321817000,1.6406386000,3418100
2020-05-11 11:00:00,1.6406386000,1.6406386000,1.6321817000,1.6321817000,557100
2020-05-11 11:15:00,1.6321817000,1.6406386000,1.6321817000,1.6406386000,578300
2020-05-11 11:30:00,1.6406386000,1.6406386000,1.6321817000,1.6321817000,561600
2020-05-11 13:15:00,1.6406386000,1.6406386000,1.6321817000,1.6321817000,664800
2020-05-11 13:30:00,1.6406386000,1.6406386000,1.6321817000,1.6321817000,465200
2020-05-11 13:45:00,1.6406386000,1.6406386000,1.6321817000,1.6406386000,566400
2020-05-11 14:00:00,1.6406386000,1.6406386000,1.6321817000,1.6321817000,593300
2020-05-11 14:15:00,1.6321817000,1.6406386000,1.6321817000,1.6406386000,399000
2020-05-11 14:30:00,1.6406386000,1.6406386000,1.6321817000,1.6406386000,615700
2020-05-11 14:45:00,1.6406386000,1.6406386000,1.6321817000,1.6406386000,1659500
2020-05-11 15:00:00,1.6406386000,1.6406386000,1.6321817000,1.6321817000,1592410
2020-05-12 09:45:00,1.6321817000,1.6321817000,1.6237248000,1.6237248000,1851900
2020-05-12 10:00:00,1.6237248000,1.6321817000,1.6152679000,1.6152679000,3743701
2020-05-12 10:15:00,1.6237248000,1.6321817000,1.6152679000,1.6237248000,1487400
2020-05-12 10:30:00,1.6237248000,1.6321817000,1.6237248000,1.6237248000,771800
2020-05-12 10:45:00,1.6237248000,1.6321817000,1.6152679000,1.6237248000,875000
2020-05-12 11:00:00,1.6237248000,1.6321817000,1.6152679000,1.6237248000,1090900
2020-05-12 11:15:00,1.6237248000,1.6237248000,1.6152679000,1.6237248000,373300
2020-05-12 11:30:00,1.6237248000,1.6237248000,1.6152679000,1.6237248000,1002700
2020-05-12 13:15:00,1.6152679000,1.6237248000,1.6152679000,1.6237248000,1422900
2020-05-12 13:30:00,1.6237248000,1.6237248000,1.6152679000,1.6237248000,842300
2020-05-12 13:45:00,1.6237248000,1.6237248000,1.6152679000,1.6152679000,527300
2020-05-12 14:00:00,1.6152679000,1.6237248000,1.6152679000,1.6237248000,950700
2020-05-12 14:15:00,1.6237248000,1.6237248000,1.6152679000,1.6237248000,796000
2020-05-12 14:30:00,1.6152679000,1.6237248000,1.6152679000,1.6152679000,515000
2020-05-12 14:45:00,1.6152679000,1.6237248000,1.6152679000,1.6152679000,1217400
2020-05-12 15:00:00,1.6152679000,1.6237248000,1.6152679000,1.6152679000,2252000
2020-05-13 09:45:00,1.6068110000,1.6152679000,1.5983541000,1.6068110000,5853131
2020-05-13 10:00:00,1.6068110000,1.6152679000,1.5983541000,1.6068110000,3297721
2020-05-13 10:15:00,1.6068110000,1.6152679000,1.5983541000,1.6068110000,790100
2020-05-13 10:30:00,1.6068110000,1.6152679000,1.5983541000,1.5983541000,1264500
2020-05-13 10:45:00,1.5983541000,1.6068110000,1.5983541000,1.6068110000,727200
2020-05-13 11:00:00,1.6068110000,1.6068110000,1.5983541000,1.6068110000,1154800
2020-05-13 11:15:00,1.6068110000,1.6068110000,1.5983541000,1.6068110000,488600
2020-05-13 11:30:00,1.6068110000,1.6068110000,1.5983541000,1.6068110000,1181500
2020-05-13 13:15:00,1.6068110000,1.6068110000,1.5983541000,1.6068110000,1995416
2020-05-13 13:30:00,1.6068110000,1.6152679000,1.5983541000,1.6068110000,1885101
2020-05-13 13:45:00,1.6152679000,1.6152679000,1.6068110000,1.6068110000,563200
2020-05-13 14:00:00,1.6068110000,1.6152679000,1.6068110000,1.6152679000,299000
2020-05-13 14:15:00,1.6152679000,1.6152679000,1.6068110000,1.6152679000,560300
2020-05-13 14:30:00,1.6068110000,1.6152679000,1.6068110000,1.6152679000,335200
2020-05-13 14:45:00,1.6152679000,1.6152679000,1.6068110000,1.6068110000,538937
2020-05-13 15:00:00,1.6068110000,1.6152679000,1.6068110000,1.6152679000,1812400
2020-05-14 09:45:00,1.5983541000,1.6068110000,1.5983541000,1.5983541000,1851801
2020-05-14 10:00:00,1.5983541000,1.6068110000,1.5983541000,1.6068110000,2521000
2020-05-14 10:15:00,1.6068110000,1.6068110000,1.5898972000,1.5898972000,4004399
2020-05-14 10:30:00,1.5898972000,1.5983541000,1.5898972000,1.5983541000,1158700
2020-05-14 10:45:00,1.5983541000,1.5983541000,1.5898972000,1.5983541000,816200
2020-05-14 11:00:00,1.5983541000,1.5983541000,1.5898972000,1.5983541000,888516
2020-05-14 11:15:00,1.5983541000,1.6068110000,1.5898972000,1.6068110000,2286026
2020-05-14 11:30:00,1.6068110000,1.6068110000,1.5898972000,1.5983541000,2059800
2020-05-14 13:15:00,1.5983541000,1.5983541000,1.5898972000,1.5983541000,1026100
2020-05-14 13:30:00,1.5983541000,1.5983541000,1.5898972000,1.5898972000,503200
2020-05-14 13:45:00,1.5898972000,1.5983541000,1.5898972000,1.5983541000,1473800
2020-05-14 14:00:00,1.5983541000,1.5983541000,1.5898972000,1.5983541000,684000
2020-05-14 14:15:00,1.5983541000,1.5983541000,1.5898972000,1.5983541000,1034700
2020-05-14 14:30:00,1.5898972000,1.5983541000,1.5898972000,1.5898972000,669000
2020-05-14 14:45:00,1.5983541000,1.5983541000,1.5898972000,1.5983541000,868800
2020-05-14 15:00:00,1.5983541000,1.5983541000,1.5898972000,1.5898972000,3292151
2020-05-15 09:45:00,1.5983541000,1.6152679000,1.5898972000,1.6068110000,8941100
2020-05-15 10:00:00,1.6068110000,1.6068110000,1.5983541000,1.5983541000,764500
2020-05-15 10:15:00,1.5983541000,1.6068110000,1.5983541000,1.6068110000,684900
2020-05-15 10:30:00,1.6068110000,1.6068110000,1.5983541000,1.6068110000,3772400
2020-05-15 10:45:00,1.6068110000,1.6068110000,1.5983541000,1.6068110000,672900
2020-05-15 11:00:00,1.6068110000,1.6068110000,1.5983541000,1.6068110000,262800
2020-05-15 11:15:00,1.6068110000,1.6068110000,1.5983541000,1.6068110000,394300
2020-05-15 11:30:00,1.6068110000,1.6068110000,1.5983541000,1.5983541000,575500
2020-05-15 13:15:00,1.6068110000,1.6068110000,1.5983541000,1.6068110000,1231600
2020-05-15 13:30:00,1.6068110000,1.6152679000,1.5983541000,1.6068110000,1116742
2020-05-15 13:45:00,1.6068110000,1.6152679000,1.5983541000,1.5983541000,896200
2020-05-15 14:00:00,1.5983541000,1.6068110000,1.5983541000,1.5983541000,344600
2020-05-15 14:15:00,1.5983541000,1.6068110000,1.5983541000,1.6068110000,1228500
2020-05-15 14:30:00,1.6068110000,1.6068110000,1.5983541000,1.6068110000,437300
2020-05-15 14:45:00,1.6068110000,1.6068110000,1.5983541000,1.6068110000,799300
2020-05-15 15:00:00,1.6068110000,1.6068110000,1.5983541000,1.5983541000,1150400
2020-05-18 09:45:00,1.6068110000,1.6068110000,1.5898972000,1.5898972000,3891200
2020-05-18 10:00:00,1.5983541000,1.6068110000,1.5898972000,1.6068110000,1946000
2020-05-18 10:15:00,1.6068110000,1.6068110000,1.5983541000,1.6068110000,762200
2020-05-18 10:30:00,1.6068110000,1.6068110000,1.5983541000,1.6068110000,1651400
2020-05-18 10:45:00,1.6068110000,1.6152679000,1.5983541000,1.6152679000,1658339
2020-05-18 11:00:00,1.6152679000,1.6152679000,1.6068110000,1.6152679000,401200
2020-05-18 11:15:00,1.6068110000,1.6152679000,1.6068110000,1.6152679000,371800
2020-05-18 11:30:00,1.6152679000,1.6152679000,1.6068110000,1.6152679000,151600
2020-05-18 13:15:00,1.6068110000,1.6152679000,1.6068110000,1.6152679000,349597
2020-05-18 13:30:00,1.6152679000,1.6152679000,1.6068110000,1.6152679000,405000
2020-05-18 13:45:00,1.6152679000,1.6152679000,1.6068110000,1.6152679000,304300
2020-05-18 14:00:00,1.6152679000,1.6152679000,1.6068110000,1.6068110000,570210
2020-05-18 14:15:00,1.6068110000,1.6152679000,1.6068110000,1.6068110000,470700
2020-05-18 14:30:00,1.6068110000,1.6152679000,1.5983541000,1.6068110000,1434600
2020-05-18 14:45:00,1.6068110000,1.6068110000,1.5983541000,1.5983541000,1017810
2020-05-18 15:00:00,1.5983541000,1.6068110000,1.5983541000,1.6068110000,1171940
2020-05-19 09:45:00,1.6152679000,1.6152679000,1.6068110000,1.6152679000,1244101
2020-05-19 10:00:00,1.6152679000,1.6152679000,1.6068110000,1.6068110000,902001
2020-05-19 10:15:00,1.6068110000,1.6152679000,1.6068110000,1.6068110000,776900
2020-05-19 10:30:00,1.6068110000,1.6152679000,1.6068110000,1.6152679000,883062
2020-05-19 10:45:00,1.6152679000,1.6152679000,1.6068110000,1.6068110000,400600
2020-05-19 11:00:00,1.6068110000,1.6152679000,1.6068110000,1.6152679000,421300
2020-05-19 11:15:00,1.6152679000,1.6152679000,1.6068110000,1.6068110000,408600
2020-05-19 11:30:00,1.6068110000,1.6152679000,1.6068110000,1.6152679000,377800
2020-05-19 13:15:00,1.6068110000,1.6152679000,1.6068110000,1.6068110000,488300
2020-05-19 13:30:00,1.6068110000,1.6152679000,1.6068110000,1.6068110000,307500
2020-05-19 13:45:00,1.6068110000,1.6152679000,1.6068110000,1.6152679000,750400
2020-05-19 14:00:00,1.6152679000,1.6152679000,1.6068110000,1.6152679000,269000
2020-05-19 14:15:00,1.6068110000,1.6152679000,1.6068110000,1.6068110000,371200
2020-05-19 14:30:00,1.6068110000,1.6152679000,1.6068110000,1.6152679000,1109800
2020-05-19 14:45:00,1.6152679000,1.6152679000,1.6068110000,1.6152679000,942800
2020-05-19 15:00:00,1.6152679000,1.6152679000,1.6068110000,1.6068110000,1915642
2020-05-20 09:45:00,1.6068110000,1.6152679000,1.5983541000,1.6068110000,2255026
2020-05-20 10:00:00,1.6152679000,1.6152679000,1.5983541000,1.6068110000,1165400
2020-05-20 10:15:00,1.6068110000,1.6068110000,1.5983541000,1.5983541000,685300
2020-05-20 10:30:00,1.5983541000,1.6068110000,1.5983541000,1.5983541000,266200
2020-05-20 10:45:00,1.5983541000,1.6068110000,1.5983541000,1.5983541000,602900
2020-05-20 11:00:00,1.6068110000,1.6068110000,1.5983541000,1.5983541000,294816
2020-05-20 11:15:00,1.5983541000,1.6068110000,1.5983541000,1.5983541000,618001
2020-05-20 11:30:00,1.5983541000,1.6068110000,1.5898972000,1.5983541000,3373983
2020-05-20 13:15:00,1.5898972000,1.5983541000,1.5898972000,1.5898972000,1148900
2020-05-20 13:30:00,1.5898972000,1.5983541000,1.5898972000,1.5983541000,915300
2020-05-20 13:45:00,1.5983541000,1.5983541000,1.5898972000,1.5983541000,1243400
2020-05-20 14:00:00,1.5983541000,1.5983541000,1.5898972000,1.5983541000,453800
2020-05-20 14:15:00,1.5898972000,1.5983541000,1.5898972000,1.5983541000,1215300
2020-05-20 14:30:00,1.5983541000,1.5983541000,1.5898972000,1.5983541000,785600
2020-05-20 14:45:00,1.5983541000,1.5983541000,1.5898972000,1.5983541000,366200
2020-05-20 15:00:00,1.5983541000,1.5983541000,1.5898972000,1.5983541000,2162300
2020-05-21 09:45:00,1.5983541000,1.6068110000,1.5898972000,1.5983541000,2055300
2020-05-21 10:00:00,1.5983541000,1.6068110000,1.5898972000,1.5983541000,887500
2020-05-21 10:15:00,1.5983541000,1.5983541000,1.5898972000,1.5983541000,1401500
2020-05-21 10:30:00,1.5898972000,1.5983541000,1.5898972000,1.5898972000,917210
2020-05-21 10:45:00,1.5898972000,1.5983541000,1.5898972000,1.5898972000,760500
2020-05-21 11:00:00,1.5898972000,1.5983541000,1.5898972000,1.5898972000,470700
2020-05-21 11:15:00,1.5898972000,1.5983541000,1.5898972000,1.5983541000,676100
2020-05-21 11:30:00,1.5983541000,1.5983541000,1.5898972000,1.5898972000,457100
2020-05-21 13:15:00,1.5983541000,1.5983541000,1.5898972000,1.5983541000,1027200
2020-05-21 13:30:00,1.5983541000,1.5983541000,1.5898972000,1.5898972000,1083200
2020-05-21 13:45:00,1.5898972000,1.5983541000,1.5814403000,1.5898972000,2237000
2020-05-21 14:00:00,1.5814403000,1.5898972000,1.5814403000,1.5898972000,849064
2020-05-21 14:15:00,1.5814403000,1.5898972000,1.5729834000,1.5814403000,2683036
2020-05-21 14:30:00,1.5814403000,1.5898972000,1.5729834000,1.5814403000,3026000
2020-05-21 14:45:00,1.5814403000,1.5814403000,1.5729834000,1.5814403000,1587364
2020-05-21 15:00:00,1.5814403000,1.5898972000,1.5729834000,1.5814403000,1258827
2020-05-22 09:45:00,1.5814403000,1.5898972000,1.5729834000,1.5729834000,1593700
2020-05-22 10:00:00,1.5729834000,1.5814403000,1.5729834000,1.5814403000,1055021
2020-05-22 10:15:00,1.5814403000,1.5814403000,1.5729834000,1.5814403000,561000
2020-05-22 10:30:00,1.5814403000,1.5814403000,1.5645265000,1.5645265000,2140679
2020-05-22 10:45:00,1.5645265000,1.5729834000,1.5645265000,1.5729834000,853521
2020-05-22 11:00:00,1.5645265000,1.5729834000,1.5645265000,1.5729834000,529256
2020-05-22 11:15:00,1.5729834000,1.5729834000,1.5645265000,1.5729834000,685500
2020-05-22 11:30:00,1.5729834000,1.5729834000,1.5645265000,1.5645265000,686300
2020-05-22 13:15:00,1.5729834000,1.5729834000,1.5476127000,1.5560696000,5161223
2020-05-22 13:30:00,1.5560696000,1.5645265000,1.5476127000,1.5560696000,1618800
2020-05-22 13:45:00,1.5560696000,1.5560696000,1.5476127000,1.5560696000,1860945
2020-05-22 14:00:00,1.5560696000,1.5560696000,1.5476127000,1.5560696000,991400
2020-05-22 14:15:00,1.5560696000,1.5645265000,1.5476127000,1.5560696000,1078626
2020-05-22 14:30:00,1.5645265000,1.5645265000,1.5560696000,1.5560696000,602700
2020-05-22 14:45:00,1.5560696000,1.5645265000,1.5476127000,1.5560696000,2264105
2020-05-22 15:00:00,1.5560696000,1.5560696000,1.5476127000,1.5560696000,1578797
2020-05-25 09:45:00,1.5476127000,1.5560696000,1.5391558000,1.5476127000,3268701
2020-05-25 10:00:00,1.5391558000,1.5560696000,1.5391558000,1.5476127000,2586900
2020-05-25 10:15:00,1.5476127000,1.5560696000,1.5476127000,1.5560696000,911400
2020-05-25 10:30:00,1.5560696000,1.5560696000,1.5476127000,1.5476127000,573300
2020-05-25 10:45:00,1.5560696000,1.5560696000,1.5476127000,1.5476127000,650100
2020-05-25 11:00:00,1.5476127000,1.5560696000,1.5476127000,1.5476127000,1146800
2020-05-25 11:15:00,1.5476127000,1.5560696000,1.5476127000,1.5476127000,270900
2020-05-25 11:30:00,1.5476127000,1.5560696000,1.5476127000,1.5476127000,538000
2020-05-25 13:15:00,1.5560696000,1.5560696000,1.5476127000,1.5476127000,641500
2020-05-25 13:30:00,1.5560696000,1.5560696000,1.5476127000,1.5476127000,630900
2020-05-25 13:45:00,1.5476127000,1.5560696000,1.5476127000,1.5560696000,576100
2020-05-25 14:00:00,1.5560696000,1.5560696000,1.5476127000,1.5476127000,562800
2020-05-25 14:15:00,1.5476127000,1.5560696000,1.5476127000,1.5560696000,922100
2020-05-25 14:30:00,1.5560696000,1.5560696000,1.5476127000,1.5476127000,709000
2020-05-25 14:45:00,1.5560696000,1.5560696000,1.5476127000,1.5476127000,1590700
2020-05-25 15:00:00,1.5476127000,1.5560696000,1.5476127000,1.5476127000,1237717
2020-05-26 09:45:00,1.5476127000,1.5560696000,1.5476127000,1.5560696000,2080900
2020-05-26 10:00:00,1.5560696000,1.5645265000,1.5560696000,1.5645265000,1111601
2020-05-26 10:15:00,1.5645265000,1.5645265000,1.5560696000,1.5645265000,462000
2020-05-26 10:30:00,1.5645265000,1.5645265000,1.5560696000,1.5645265000,479000
2020-05-26 10:45:00,1.5645265000,1.5645265000,1.5560696000,1.5560696000,518800
2020-05-26 11:00:00,1.5645265000,1.5645265000,1.5560696000,1.5645265000,1836200
2020-05-26 11:15:00,1.5560696000,1.5645265000,1.5560696000,1.5560696000,530500
2020-05-26 11:30:00,1.5645265000,1.5645265000,1.5560696000,1.5560696000,394700
2020-05-26 13:15:00,1.5645265000,1.5645265000,1.5560696000,1.5645265000,851800
2020-05-26 13:30:00,1.5645265000,1.5645265000,1.5560696000,1.5560696000,785000
2020-05-26 13:45:00,1.5645265000,1.5645265000,1.5560696000,1.5645265000,1610579
2020-05-26 14:00:00,1.5645265000,1.5645265000,1.5560696000,1.5560696000,619700
2020-05-26 14:15:00,1.5560696000,1.5645265000,1.5560696000,1.5560696000,1393700
2020-05-26 14:30:00,1.5645265000,1.5645265000,1.5560696000,1.5645265000,424100
2020-05-26 14:45:00,1.5645265000,1.5729834000,1.5560696000,1.5729834000,7139191
2020-05-26 15:00:00,1.5729834000,1.5729834000,1.5645265000,1.5645265000,1621200
2020-05-27 09:45:00,1.5645265000,1.5729834000,1.5560696000,1.5645265000,1587300
2020-05-27 10:00:00,1.5645265000,1.5645265000,1.5560696000,1.5645265000,1759700
2020-05-27 10:15:00,1.5560696000,1.5645265000,1.5476127000,1.5560696000,1834200
2020-05-27 10:30:00,1.5560696000,1.5645265000,1.5476127000,1.5560696000,891801
2020-05-27 10:45:00,1.5560696000,1.5560696000,1.5476127000,1.5476127000,668400
2020-05-27 11:00:00,1.5476127000,1.5560696000,1.5476127000,1.5560696000,462700
2020-05-27 11:15:00,1.5560696000,1.5560696000,1.5476127000,1.5560696000,395300
2020-05-27 11:30:00,1.5560696000,1.5560696000,1.5476127000,1.5560696000,216500
2020-05-27 13:15:00,1.5560696000,1.5560696000,1.5476127000,1.5560696000,992500
2020-05-27 13:30:00,1.5560696000,1.5560696000,1.5476127000,1.5560696000,416200
2020-05-27 13:45:00,1.5560696000,1.5560696000,1.5476127000,1.5560696000,272800
2020-05-27 14:00:00,1.5560696000,1.5560696000,1.5476127000,1.5560696000,376200
2020-05-27 14:15:00,1.5560696000,1.5560696000,1.5476127000,1.5560696000,333736
2020-05-27 14:30:00,1.5476127000,1.5645265000,1.5476127000,1.5560696000,2723100
2020-05-27 14:45:00,1.5560696000,1.5645265000,1.5560696000,1.5645265000,765800
2020-05-27 15:00:00,1.5645265000,1.5645265000,1.5560696000,1.5560696000,823000
2020-05-28 09:45:00,1.5560696000,1.5729834000,1.5476127000,1.5729834000,4995000
2020-05-28 10:00:00,1.5729834000,1.5729834000,1.5645265000,1.5729834000,1554700
2020-05-28 10:15:00,1.5729834000,1.5729834000,1.5645265000,1.5729834000,347900
2020-05-28 10:30:00,1.5645265000,1.5729834000,1.5645265000,1.5729834000,973800
2020-05-28 10:45:00,1.5729834000,1.5729834000,1.5560696000,1.5645265000,1738400
2020-05-28 11:00:00,1.5645265000,1.5645265000,1.5560696000,1.5560696000,352200
2020-05-28 11:15:00,1.5645265000,1.5645265000,1.5560696000,1.5560696000,214600
2020-05-28 11:30:00,1.5560696000,1.5645265000,1.5560696000,1.5645265000,509601
2020-05-28 13:15:00,1.5645265000,1.5645265000,1.5560696000,1.5560696000,401600
2020-05-28 13:30:00,1.5560696000,1.5645265000,1.5560696000,1.5645265000,1153200
2020-05-28 13:45:00,1.5645265000,1.5645265000,1.5560696000,1.5645265000,180100
2020-05-28 14:00:00,1.5645265000,1.5645265000,1.5560696000,1.5645265000,309900
2020-05-28 14:15:00,1.5645265000,1.5645265000,1.5560696000,1.5645265000,206800
2020-05-28 14:30:00,1.5645265000,1.5645265000,1.5560696000,1.5645265000,606800
2020-05-28 14:45:00,1.5645265000,1.5645265000,1.5560696000,1.5645265000,405700
2020-05-28 15:00:00,1.5645265000,1.5645265000,1.5560696000,1.5645265000,1283300
2020-05-29 09:45:00,1.5560696000,1.5729834000,1.5560696000,1.5645265000,2981800
2020-05-29 10:00:00,1.5645265000,1.5729834000,1.5560696000,1.5645265000,2206537
2020-05-29 10:15:00,1.5645265000,1.5729834000,1.5645265000,1.5645265000,1527900
2020-05-29 10:30:00,1.5729834000,1.5729834000,1.5645265000,1.5729834000,607500
2020-05-29 10:45:00,1.5645265000,1.5729834000,1.5645265000,1.5645265000,978200
2020-05-29 11:00:00,1.5645265000,1.5729834000,1.5560696000,1.5560696000,1074300
2020-05-29 11:15:00,1.5645265000,1.5645265000,1.5560696000,1.5560696000,1048100
2020-05-29 11:30:00,1.5560696000,1.5645265000,1.5560696000,1.5645265000,757310
2020-05-29 13:15:00,1.5645265000,1.5645265000,1.5560696000,1.5560696000,1971400
2020-05-29 13:30:00,1.5560696000,1.5645265000,1.5560696000,1.5645265000,592800
2020-05-29 13:45:00,1.5560696000,1.5645265000,1.5560696000,1.5560696000,1000969
2020-05-29 14:00:00,1.5560696000,1.5645265000,1.5560696000,1.5645265000,579200
2020-05-29 14:15:00,1.5560696000,1.5645265000,1.5560696000,1.5645265000,699100
2020-05-29 14:30:00,1.5560696000,1.5645265000,1.5560696000,1.5645265000,1704801
2020-05-29 14:45:00,1.5645265000,1.5645265000,1.5560696000,1.5645265000,1740401
2020-05-29 15:00:00,1.5560696000,1.5645265000,1.5560696000,1.5645265000,2125200
2020-06-01 09:45:00,1.5645265000,1.5814403000,1.5560696000,1.5814403000,5403300
2020-06-01 10:00:00,1.5729834000,1.5814403000,1.5645265000,1.5814403000,2701300
2020-06-01 10:15:00,1.5814403000,1.5898972000,1.5729834000,1.5814403000,4112990
2020-06-01 10:30:00,1.5814403000,1.5898972000,1.5729834000,1.5814403000,1126700
2020-06-01 10:45:00,1.5814403000,1.5814403000,1.5729834000,1.5814403000,852600
2020-06-01 11:00:00,1.5814403000,1.5814403000,1.5729834000,1.5814403000,1542500
2020-06-01 11:15:00,1.5814403000,1.5898972000,1.5814403000,1.5814403000,2064481
2020-06-01 11:30:00,1.5898972000,1.5898972000,1.5814403000,1.5898972000,814500
2020-06-01 13:15:00,1.5898972000,1.5898972000,1.5814403000,1.5814403000,1209400
2020-06-01 13:30:00,1.5814403000,1.5898972000,1.5814403000,1.5814403000,757500
2020-06-01 13:45:00,1.5814403000,1.5898972000,1.5814403000,1.5814403000,1100800
2020-06-01 14:00:00,1.5898972000,1.5898972000,1.5814403000,1.5814403000,1029440
2020-06-01 14:15:00,1.5814403000,1.5898972000,1.5814403000,1.5898972000,1279300
2020-06-01 14:30:00,1.5814403000,1.5898972000,1.5814403000,1.5814403000,1340500
2020-06-01 14:45:00,1.5814403000,1.5898972000,1.5814403000,1.5898972000,692500
2020-06-01 15:00:00,1.5898972000,1.5898972000,1.5814403000,1.5898972000,1978700
2020-06-02 09:45:00,1.5898972000,1.6068110000,1.5814403000,1.5983541000,6198314
2020-06-02 10:00:00,1.5983541000,1.6068110000,1.5898972000,1.6068110000,2646644
2020-06-02 10:15:00,1.6068110000,1.6068110000,1.5983541000,1.5983541000,1673914
2020-06-02 10:30:00,1.5983541000,1.6068110000,1.5983541000,1.5983541000,1352598
2020-06-02 10:45:00,1.5983541000,1.6068110000,1.5983541000,1.6068110000,545800
2020-06-02 11:00:00,1.5983541000,1.6068110000,1.5983541000,1.5983541000,1162000
2020-06-02 11:15:00,1.5983541000,1.6068110000,1.5983541000,1.5983541000,305000
2020-06-02 11:30:00,1.5983541000,1.6068110000,1.5983541000,1.6068110000,762300
2020-06-02 13:15:00,1.6068110000,1.6068110000,1.5983541000,1.6068110000,452490
2020-06-02 13:30:00,1.6068110000,1.6068110000,1.5983541000,1.6068110000,372300
2020-06-02 13:45:00,1.6068110000,1.6068110000,1.5983541000,1.5983541000,561800
2020-06-02 14:00:00,1.5983541000,1.6068110000,1.5983541000,1.5983541000,352266
2020-06-02 14:15:00,1.6068110000,1.6152679000,1.5983541000,1.6152679000,4286297
2020-06-02 14:30:00,1.6152679000,1.6152679000,1.6068110000,1.6068110000,1014600
2020-06-02 14:45:00,1.6152679000,1.6152679000,1.6068110000,1.6068110000,649400
2020-06-02 15:00:00,1.6068110000,1.6152679000,1.6068110000,1.6152679000,2653600
2020-06-03 09:45:00,1.6152679000,1.6237248000,1.6068110000,1.6152679000,2984000
2020-06-03 10:00:00,1.6152679000,1.6237248000,1.6068110000,1.6152679000,1691800
2020-06-03 10:15:00,1.6068110000,1.6152679000,1.5983541000,1.6152679000,2324400
2020-06-03 10:30:00,1.6068110000,1.6152679000,1.6068110000,1.6068110000,522400
2020-06-03 10:45:00,1.6068110000,1.6152679000,1.5983541000,1.6068110000,863700
2020-06-03 11:00:00,1.6068110000,1.6152679000,1.6068110000,1.6152679000,434700
2020-06-03 11:15:00,1.6068110000,1.6152679000,1.6068110000,1.6068110000,336400
2020-06-03 11:30:00,1.6068110000,1.6152679000,1.5983541000,1.6068110000,354100
2020-06-03 13:15:00,1.6068110000,1.6152679000,1.6068110000,1.6068110000,644697
2020-06-03 13:30:00,1.6068110000,1.6152679000,1.6068110000,1.6068110000,354600
2020-06-03 13:45:00,1.6068110000,1.6152679000,1.6068110000,1.6068110000,678600
2020-06-03 14:00:00,1.6068110000,1.6152679000,1.5983541000,1.6068110000,1211000
2020-06-03 14:15:00,1.6068110000,1.6152679000,1.5983541000,1.6068110000,652400
2020-06-03 14:30:00,1.6068110000,1.6152679000,1.5983541000,1.5983541000,635600
2020-06-03 14:45:00,1.6068110000,1.6068110000,1.5983541000,1.5983541000,471000
2020-06-03 15:00:00,1.6068110000,1.6068110000,1.5983541000,1.5983541000,2280100
2020-06-04 09:45:00,1.6068110000,1.6152679000,1.5898972000,1.5898972000,3952000
2020-06-04 10:00:00,1.5983541000,1.6068110000,1.5898972000,1.5983541000,1089600
2020-06-04 10:15:00,1.5983541000,1.6068110000,1.5898972000,1.5983541000,1427400
2020-06-04 10:30:00,1.5983541000,1.6068110000,1.5898972000,1.5983541000,642500
2020-06-04 10:45:00,1.5983541000,1.6068110000,1.5898972000,1.6068110000,1142301
2020-06-04 11:00:00,1.5983541000,1.6068110000,1.5983541000,1.6068110000,638400
2020-06-04 11:15:00,1.5983541000,1.6237248000,1.5983541000,1.6068110000,9446897
2020-06-04 11:30:00,1.6068110000,1.6237248000,1.6068110000,1.6237248000,2817399
2020-06-04 13:15:00,1.6237248000,1.6321817000,1.6152679000,1.6321817000,3555800
2020-06-04 13:30:00,1.6321817000,1.6321817000,1.6237248000,1.6321817000,765200
2020-06-04 13:45:00,1.6321817000,1.6321817000,1.6152679000,1.6237248000,1449800
2020-06-04 14:00:00,1.6237248000,1.6237248000,1.6152679000,1.6237248000,379000
2020-06-04 14:15:00,1.6237248000,1.6237248000,1.6152679000,1.6152679000,383501
2020-06-04 14:30:00,1.6152679000,1.6237248000,1.6152679000,1.6152679000,359100
2020-06-04 14:45:00,1.6152679000,1.6237248000,1.6152679000,1.6152679000,463700
2020-06-04 15:00:00,1.6152679000,1.6237248000,1.6152679000,1.6237248000,2919700
2020-06-05 09:45:00,1.6237248000,1.6237248000,1.5983541000,1.5983541000,7008900
2020-06-05 10:00:00,1.6068110000,1.6068110000,1.5898972000,1.6068110000,3855998
2020-06-05 10:15:00,1.6068110000,1.6068110000,1.5983541000,1.6068110000,951100
2020-06-05 10:30:00,1.6068110000,1.6152679000,1.5983541000,1.6068110000,2070101
2020-06-05 10:45:00,1.6068110000,1.6152679000,1.6068110000,1.6068110000,510400
2020-06-05 11:00:00,1.6068110000,1.6152679000,1.6068110000,1.6152679000,614100
2020-06-05 11:15:00,1.6152679000,1.6152679000,1.6068110000,1.6068110000,531300
2020-06-05 11:30:00,1.6068110000,1.6068110000,1.5983541000,1.6068110000,1373907
2020-06-05 13:15:00,1.6068110000,1.6068110000,1.5983541000,1.5983541000,347400
2020-06-05 13:30:00,1.5983541000,1.6068110000,1.5983541000,1.6068110000,636400
2020-06-05 13:45:00,1.6068110000,1.6068110000,1.5983541000,1.6068110000,500700
2020-06-05 14:00:00,1.6068110000,1.6068110000,1.5983541000,1.6068110000,543300
2020-06-05 14:15:00,1.6068110000,1.6152679000,1.5983541000,1.6068110000,1002610
2020-06-05 14:30:00,1.6068110000,1.6152679000,1.6068110000,1.6068110000,415800
2020-06-05 14:45:00,1.6068110000,1.6152679000,1.6068110000,1.6068110000,1078100
2020-06-05 15:00:00,1.6068110000,1.6152679000,1.6068110000,1.6068110000,879600
2020-06-08 09:45:00,1.6152679000,1.6237248000,1.6068110000,1.6152679000,3361500
2020-06-08 10:00:00,1.6152679000,1.6237248000,1.6152679000,1.6152679000,1569700
2020-06-08 10:15:00,1.6152679000,1.6237248000,1.6152679000,1.6152679000,3130407
2020-06-08 10:30:00,1.6237248000,1.6321817000,1.6152679000,1.6152679000,2770200
2020-06-08 10:45:00,1.6152679000,1.6237248000,1.6152679000,1.6237248000,934900
2020-06-08 11:00:00,1.6237248000,1.6321817000,1.6152679000,1.6237248000,1149210
2020-06-08 11:15:00,1.6237248000,1.6321817000,1.6152679000,1.6237248000,1472400
2020-06-08 11:30:00,1.6237248000,1.6321817000,1.6237248000,1.6321817000,497500
2020-06-08 13:15:00,1.6321817000,1.6321817000,1.6237248000,1.6321817000,1708200
2020-06-08 13:30:00,1.6321817000,1.6321817000,1.6152679000,1.6237248000,1014892
2020-06-08 13:45:00,1.6237248000,1.6237248000,1.6152679000,1.6237248000,478400
2020-06-08 14:00:00,1.6152679000,1.6237248000,1.6152679000,1.6152679000,396000
2020-06-08 14:15:00,1.6237248000,1.6237248000,1.6152679000,1.6237248000,513500
2020-06-08 14:30:00,1.6237248000,1.6237248000,1.6152679000,1.6152679000,769100
2020-06-08 14:45:00,1.6152679000,1.6237248000,1.6152679000,1.6152679000,522100
2020-06-08 15:00:00,1.6237248000,1.6237248000,1.6152679000,1.6237248000,1141900
2020-06-09 09:45:00,1.6237248000,1.6321817000,1.6152679000,1.6237248000,1780500
2020-06-09 10:00:00,1.6237248000,1.6237248000,1.6152679000,1.6237248000,691100
2020-06-09 10:15:00,1.6237248000,1.6237248000,1.6152679000,1.6237248000,664901
2020-06-09 10:30:00,1.6152679000,1.6237248000,1.6152679000,1.6152679000,719500
2020-06-09 10:45:00,1.6152679000,1.6237248000,1.6152679000,1.6152679000,835700
2020-06-09 11:00:00,1.6152679000,1.6490955000,1.6152679000,1.6406386000,10830002
2020-06-09 11:15:00,1.6406386000,1.6406386000,1.6321817000,1.6321817000,359300
2020-06-09 11:30:00,1.6321817000,1.6406386000,1.6237248000,1.6321817000,2812200
2020-06-09 13:15:00,1.6321817000,1.6406386000,1.6237248000,1.6237248000,2419300
2020-06-09 13:30:00,1.6237248000,1.6406386000,1.6237248000,1.6321817000,1485400
2020-06-09 13:45:00,1.6321817000,1.6406386000,1.6237248000,1.6237248000,500400
2020-06-09 14:00:00,1.6321817000,1.6406386000,1.6237248000,1.6321817000,1189200
2020-06-09 14:15:00,1.6321817000,1.6406386000,1.6321817000,1.6321817000,1181000
2020-06-09 14:30:00,1.6321817000,1.6406386000,1.6237248000,1.6237248000,635600
2020-06-09 14:45:00,1.6237248000,1.6321817000,1.6237248000,1.6237248000,752400
2020-06-09 15:00:00,1.6237248000,1.6321817000,1.6237248000,1.6237248000,1367900
2020-06-10 09:45:00,1.6237248000,1.6321817000,1.6068110000,1.6068110000,4990300
2020-06-10 10:00:00,1.6068110000,1.6152679000,1.6068110000,1.6068110000,957436
2020-06-10 10:15:00,1.6068110000,1.6152679000,1.6068110000,1.6152679000,984900
2020-06-10 10:30:00,1.6152679000,1.6152679000,1.6068110000,1.6152679000,570300
2020-06-10 10:45:00,1.6152679000,1.6152679000,1.5983541000,1.5983541000,3256664
2020-06-10 11:00:00,1.5983541000,1.6068110000,1.5983541000,1.5983541000,685600
2020-06-10 11:15:00,1.5983541000,1.6068110000,1.5983541000,1.6068110000,1844600
2020-06-10 11:30:00,1.6068110000,1.6152679000,1.6068110000,1.6152679000,647100
2020-06-10 13:15:00,1.6068110000,1.6152679000,1.6068110000,1.6152679000,600301
2020-06-10 13:30:00,1.6152679000,1.6152679000,1.6068110000,1.6068110000,313300
2020-06-10 13:45:00,1.6068110000,1.6152679000,1.6068110000,1.6152679000,471500
2020-06-10 14:00:00,1.6152679000,1.6152679000,1.6068110000,1.6152679000,356600
2020-06-10 14:15:00,1.6068110000,1.6152679000,1.5983541000,1.6068110000,1318473
2020-06-10 14:30:00,1.6068110000,1.6152679000,1.5983541000,1.6152679000,605100
2020-06-10 14:45:00,1.6068110000,1.6152679000,1.5983541000,1.6068110000,934900
2020-06-10 15:00:00,1.6068110000,1.6152679000,1.5983541000,1.5983541000,1665632
2020-06-11 09:45:00,1.6068110000,1.6068110000,1.5983541000,1.6068110000,1043900
2020-06-11 10:00:00,1.6068110000,1.6068110000,1.5983541000,1.6068110000,792300
2020-06-11 10:15:00,1.6068110000,1.6152679000,1.5983541000,1.6068110000,2446200
2020-06-11 10:30:00,1.6068110000,1.6152679000,1.5983541000,1.5983541000,789800
2020-06-11 10:45:00,1.6068110000,1.6068110000,1.5983541000,1.5983541000,329200
2020-06-11 11:00:00,1.6068110000,1.6068110000,1.5983541000,1.6068110000,452600
2020-06-11 11:15:00,1.6068110000,1.6152679000,1.5983541000,1.6152679000,1335500
2020-06-11 11:30:00,1.6152679000,1.6152679000,1.6068110000,1.6152679000,539000
2020-06-11 13:15:00,1.6152679000,1.6152679000,1.5983541000,1.6068110000,1552100
2020-06-11 13:30:00,1.6068110000,1.6068110000,1.5983541000,1.5983541000,198300
2020-06-11 13:45:00,1.5983541000,1.6068110000,1.5983541000,1.5983541000,1146400
2020-06-11 14:00:00,1.6068110000,1.6068110000,1.5983541000,1.6068110000,459900
2020-06-11 14:15:00,1.6068110000,1.6068110000,1.5898972000,1.5983541000,2505200
2020-06-11 14:30:00,1.5898972000,1.6068110000,1.5898972000,1.5983541000,1342200
2020-06-11 14:45:00,1.6068110000,1.6068110000,1.5983541000,1.6068110000,626000
2020-06-11 15:00:00,1.5983541000,1.6068110000,1.5983541000,1.5983541000,1136388
2020-06-12 09:45:00,1.5814403000,1.5983541000,1.5814403000,1.5898972000,4630400
2020-06-12 10:00:00,1.5898972000,1.5983541000,1.5814403000,1.5983541000,1530301
2020-06-12 10:15:00,1.5898972000,1.5983541000,1.5814403000,1.5898972000,807799
2020-06-12 10:30:00,1.5983541000,1.5983541000,1.5814403000,1.5898972000,865300
2020-06-12 10:45:00,1.5898972000,1.5983541000,1.5814403000,1.5898972000,723700
2020-06-12 11:00:00,1.5898972000,1.5983541000,1.5898972000,1.5898972000,425000
2020-06-12 11:15:00,1.5983541000,1.5983541000,1.5898972000,1.5898972000,694700
2020-06-12 11:30:00,1.5983541000,1.5983541000,1.5898972000,1.5983541000,588100
2020-06-12 13:15:00,1.5983541000,1.6068110000,1.5983541000,1.6068110000,1629101
2020-06-12 13:30:00,1.6068110000,1.6068110000,1.5983541000,1.6068110000,634900
2020-06-12 13:45:00,1.5983541000,1.6068110000,1.5983541000,1.6068110000,529200
2020-06-12 14:00:00,1.6068110000,1.6068110000,1.5983541000,1.6068110000,459800
2020-06-12 14:15:00,1.6068110000,1.6152679000,1.5983541000,1.6152679000,2418100
2020-06-12 14:30:00,1.6152679000,1.6152679000,1.6068110000,1.6152679000,1517300
2020-06-12 14:45:00,1.6152679000,1.6152679000,1.6068110000,1.6152679000,1930000
2020-06-12 15:00:00,1.6152679000,1.6152679000,1.6068110000,1.6152679000,1147700
2020-06-15 09:45:00,1.6068110000,1.6152679000,1.5983541000,1.5983541000,2884100
2020-06-15 10:00:00,1.5983541000,1.6068110000,1.5983541000,1.6068110000,858700
2020-06-15 10:15:00,1.5983541000,1.6068110000,1.5983541000,1.5983541000,654201
2020-06-15 10:30:00,1.6068110000,1.6152679000,1.5983541000,1.6068110000,2184400
2020-06-15 10:45:00,1.6068110000,1.6152679000,1.5983541000,1.5983541000,1267900
2020-06-15 11:00:00,1.5983541000,1.6152679000,1.5983541000,1.5983541000,750300
2020-06-15 11:15:00,1.6068110000,1.6152679000,1.5983541000,1.6068110000,626400
2020-06-15 11:30:00,1.6068110000,1.6152679000,1.6068110000,1.6068110000,895600
2020-06-15 13:15:00,1.6068110000,1.6152679000,1.5983541000,1.6068110000,1638400
2020-06-15 13:30:00,1.5983541000,1.6068110000,1.5983541000,1.5983541000,305100
2020-06-15 13:45:00,1.5983541000,1.6068110000,1.5983541000,1.5983541000,253000
2020-06-15 14:00:00,1.5983541000,1.6068110000,1.5983541000,1.5983541000,392800
2020-06-15 14:15:00,1.5983541000,1.6068110000,1.5983541000,1.5983541000,667900
2020-06-15 14:30:00,1.6068110000,1.6068110000,1.5983541000,1.5983541000,520163
2020-06-15 14:45:00,1.5983541000,1.6068110000,1.5983541000,1.6068110000,402200
2020-06-15 15:00:00,1.5983541000,1.6068110000,1.5983541000,1.5983541000,1460700
2020-06-16 09:45:00,1.6068110000,1.6068110000,1.5983541000,1.6068110000,5257800
2020-06-16 10:00:00,1.5983541000,1.6068110000,1.5983541000,1.6068110000,930800
2020-06-16 10:15:00,1.6068110000,1.6068110000,1.5983541000,1.6068110000,502100
2020-06-16 10:30:00,1.6068110000,1.6068110000,1.5983541000,1.6068110000,169000
2020-06-16 10:45:00,1.6068110000,1.6068110000,1.5983541000,1.6068110000,426800
2020-06-16 11:00:00,1.6068110000,1.6152679000,1.5983541000,1.6068110000,2954700
2020-06-16 11:15:00,1.6068110000,1.6152679000,1.5983541000,1.6068110000,475500
2020-06-16 11:30:00,1.6068110000,1.6152679000,1.5983541000,1.6068110000,233900
2020-06-16 13:15:00,1.6068110000,1.6152679000,1.5983541000,1.6068110000,912500
2020-06-16 13:30:00,1.6068110000,1.6068110000,1.5983541000,1.6068110000,543409
2020-06-16 13:45:00,1.6068110000,1.6068110000,1.5983541000,1.6068110000,436900
2020-06-16 14:00:00,1.6068110000,1.6068110000,1.5983541000,1.6068110000,312900
2020-06-16 14:15:00,1.6068110000,1.6068110000,1.5983541000,1.6068110000,892500
2020-06-16 14:30:00,1.6068110000,1.6068110000,1.5983541000,1.6068110000,627100
2020-06-16 14:45:00,1.6068110000,1.6068110000,1.5983541000,1.5983541000,462000
2020-06-16 15:00:00,1.5983541000,1.6068110000,1.5983541000,1.6068110000,2996900
2020-06-17 09:45:00,1.6068110000,1.6152679000,1.5983541000,1.5983541000,2285000
2020-06-17 10:00:00,1.6068110000,1.6152679000,1.5983541000,1.6068110000,2014709
2020-06-17 10:15:00,1.6068110000,1.6068110000,1.5983541000,1.5983541000,7008600
2020-06-17 10:30:00,1.6068110000,1.6068110000,1.5898972000,1.5983541000,2074800
2020-06-17 10:45:00,1.5983541000,1.5983541000,1.5898972000,1.5983541000,733200
2020-06-17 11:00:00,1.5898972000,1.5983541000,1.5898972000,1.5898972000,708200
2020-06-17 11:15:00,1.5983541000,1.6068110000,1.5898972000,1.5983541000,520800
2020-06-17 11:30:00,1.5983541000,1.6068110000,1.5983541000,1.5983541000,307200
2020-06-17 13:15:00,1.6068110000,1.6068110000,1.5983541000,1.5983541000,366800
2020-06-17 13:30:00,1.5983541000,1.6068110000,1.5983541000,1.5983541000,438600
2020-06-17 13:45:00,1.5983541000,1.6068110000,1.5983541000,1.5983541000,592600
2020-06-17 14:00:00,1.5983541000,1.6068110000,1.5898972000,1.5983541000,1066300
2020-06-17 14:15:00,1.5983541000,1.6068110000,1.5898972000,1.5983541000,1052700
2020-06-17 14:30:00,1.5983541000,1.6068110000,1.5983541000,1.5983541000,460600
2020-06-17 14:45:00,1.5983541000,1.6068110000,1.5898972000,1.5898972000,1232100
2020-06-17 15:00:00,1.5983541000,1.6068110000,1.5898972000,1.5983541000,552500
2020-06-18 09:45:00,1.6068110000,1.6068110000,1.5983541000,1.6068110000,2188300
2020-06-18 10:00:00,1.5983541000,1.6068110000,1.5983541000,1.6068110000,993400
2020-06-18 10:15:00,1.6068110000,1.6237248000,1.5983541000,1.6152679000,12021522
2020-06-18 10:30:00,1.6152679000,1.6321817000,1.6152679000,1.6237248000,6249200
2020-06-18 10:45:00,1.6237248000,1.6237248000,1.6152679000,1.6237248000,1059200
2020-06-18 11:00:00,1.6237248000,1.6237248000,1.6152679000,1.6237248000,565100
2020-06-18 11:15:00,1.6152679000,1.6237248000,1.6152679000,1.6237248000,718400
2020-06-18 11:30:00,1.6152679000,1.6237248000,1.6152679000,1.6237248000,1018500
2020-06-18 13:15:00,1.6237248000,1.6237248000,1.6152679000,1.6237248000,1991200
2020-06-18 13:30:00,1.6237248000,1.6237248000,1.6152679000,1.6237248000,451822
2020-06-18 13:45:00,1.6152679000,1.6237248000,1.6152679000,1.6237248000,243400
2020-06-18 14:00:00,1.6237248000,1.6237248000,1.6152679000,1.6237248000,279900
2020-06-18 14:15:00,1.6237248000,1.6237248000,1.6152679000,1.6237248000,237601
2020-06-18 14:30:00,1.6237248000,1.6237248000,1.6152679000,1.6152679000,295100
2020-06-18 14:45:00,1.6152679000,1.6237248000,1.6152679000,1.6237248000,1029101
2020-06-18 15:00:00,1.6237248000,1.6237248000,1.6152679000,1.6152679000,2509966
2020-06-19 09:45:00,1.6152679000,1.6406386000,1.6152679000,1.6321817000,9948224
2020-06-19 10:00:00,1.6321817000,1.6321817000,1.6237248000,1.6321817000,1536700
2020-06-19 10:15:00,1.6237248000,1.6321817000,1.6237248000,1.6321817000,1594300
2020-06-19 10:30:00,1.6237248000,1.6321817000,1.6237248000,1.6321817000,1659300
2020-06-19 10:45:00,1.6321817000,1.6321817000,1.6237248000,1.6321817000,508600
2020-06-19 11:00:00,1.6321817000,1.6321817000,1.6237248000,1.6237248000,572200
2020-06-19 11:15:00,1.6321817000,1.6321817000,1.6237248000,1.6237248000,437700
2020-06-19 11:30:00,1.6321817000,1.6321817000,1.6237248000,1.6321817000,892000
2020-06-19 13:15:00,1.6237248000,1.6321817000,1.6237248000,1.6321817000,315000
2020-06-19 13:30:00,1.6321817000,1.6321817000,1.6237248000,1.6237248000,283800
2020-06-19 13:45:00,1.6321817000,1.6321817000,1.6237248000,1.6321817000,376400
2020-06-19 14:00:00,1.6321817000,1.6321817000,1.6237248000,1.6237248000,475076
2020-06-19 14:15:00,1.6321817000,1.6321817000,1.6237248000,1.6321817000,542900
2020-06-19 14:30:00,1.6321817000,1.6321817000,1.6237248000,1.6237248000,687000
2020-06-19 14:45:00,1.6237248000,1.6321817000,1.6237248000,1.6237248000,3136278
2020-06-19 15:00:00,1.6321817000,1.6321817000,1.6152679000,1.6152679000,5209812
2020-06-22 09:45:00,1.6152679000,1.6237248000,1.6068110000,1.6237248000,3767901
2020-06-22 10:00:00,1.6237248000,1.6237248000,1.6152679000,1.6237248000,1292900
2020-06-22 10:15:00,1.6152679000,1.6237248000,1.6152679000,1.6237248000,496600
2020-06-22 10:30:00,1.6237248000,1.6237248000,1.6152679000,1.6237248000,782100
2020-06-22 10:45:00,1.6152679000,1.6237248000,1.6152679000,1.6237248000,520200
2020-06-22 11:00:00,1.6237248000,1.6237248000,1.6152679000,1.6237248000,699400
2020-06-22 11:15:00,1.6152679000,1.6237248000,1.6152679000,1.6237248000,476200
2020-06-22 11:30:00,1.6237248000,1.6237248000,1.6152679000,1.6237248000,446600
2020-06-22 13:15:00,1.6152679000,1.6237248000,1.6152679000,1.6152679000,1023400
2020-06-22 13:30:00,1.6152679000,1.6237248000,1.6152679000,1.6152679000,287600
2020-06-22 13:45:00,1.6152679000,1.6237248000,1.6068110000,1.6152679000,2589300
2020-06-22 14:00:00,1.6152679000,1.6152679000,1.6068110000,1.6152679000,608400
2020-06-22 14:15:00,1.6152679000,1.6152679000,1.6068110000,1.6152679000,841200
2020-06-22 14:30:00,1.6152679000,1.6152679000,1.6068110000,1.6068110000,694654
2020-06-22 14:45:00,1.6068110000,1.6152679000,1.6068110000,1.6068110000,1404000
2020-06-22 15:00:00,1.6068110000,1.6152679000,1.6068110000,1.6068110000,2123000
2020-06-23 09:45:00,1.6068110000,1.6152679000,1.5898972000,1.5898972000,5242400
2020-06-23 10:00:00,1.5983541000,1.5983541000,1.5729834000,1.5814403000,9051400
2020-06-23 10:15:00,1.5729834000,1.5898972000,1.5729834000,1.5814403000,6330300
2020-06-23 10:30:00,1.5814403000,1.5898972000,1.5729834000,1.5898972000,5308300
2020-06-23 10:45:00,1.5898972000,1.5898972000,1.5814403000,1.5814403000,1005400
2020-06-23 11:00:00,1.5814403000,1.5898972000,1.5814403000,1.5814403000,307401
2020-06-23 11:15:00,1.5814403000,1.5898972000,1.5814403000,1.5814403000,369400
2020-06-23 11:30:00,1.5898972000,1.5898972000,1.5814403000,1.5898972000,291400
2020-06-23 13:15:00,1.5898972000,1.5898972000,1.5814403000,1.5898972000,526902
2020-06-23 13:30:00,1.5898972000,1.5898972000,1.5729834000,1.5814403000,3659897
2020-06-23 13:45:00,1.5814403000,1.5814403000,1.5729834000,1.5729834000,810200
2020-06-23 14:00:00,1.5729834000,1.5898972000,1.5729834000,1.5814403000,1267900
2020-06-23 14:15:00,1.5814403000,1.5814403000,1.5729834000,1.5814403000,955100
2020-06-23 14:30:00,1.5729834000,1.5898972000,1.5729834000,1.5814403000,854900
2020-06-23 14:45:00,1.5814403000,1.5898972000,1.5729834000,1.5814403000,1260000
2020-06-23 15:00:00,1.5814403000,1.5814403000,1.5729834000,1.5814403000,1087795
2020-06-24 09:45:00,1.5814403000,1.5898972000,1.5729834000,1.5814403000,1538597
2020-06-24 10:00:00,1.5814403000,1.5898972000,1.5729834000,1.5814403000,2504700
2020-06-24 10:15:00,1.5814403000,1.5814403000,1.5729834000,1.5729834000,455800
2020-06-24 10:30:00,1.5729834000,1.5814403000,1.5729834000,1.5729834000,427302
2020-06-24 10:45:00,1.5729834000,1.5814403000,1.5729834000,1.5814403000,588836
2020-06-24 11:00:00,1.5814403000,1.5814403000,1.5729834000,1.5729834000,299800
2020-06-24 11:15:00,1.5729834000,1.5814403000,1.5729834000,1.5729834000,331702
2020-06-24 11:30:00,1.5729834000,1.5814403000,1.5729834000,1.5729834000,256700
2020-06-24 13:15:00,1.5729834000,1.5814403000,1.5729834000,1.5814403000,995400
2020-06-24 13:30:00,1.5814403000,1.5814403000,1.5729834000,1.5729834000,362400
2020-06-24 13:45:00,1.5729834000,1.5814403000,1.5729834000,1.5729834000,330421
2020-06-24 14:00:00,1.5729834000,1.5814403000,1.5729834000,1.5729834000,638400
2020-06-24 14:15:00,1.5729834000,1.5814403000,1.5729834000,1.5729834000,557100
2020-06-24 14:30:00,1.5729834000,1.5814403000,1.5729834000,1.5814403000,2371000
2020-06-24 14:45:00,1.5729834000,1.5814403000,1.5729834000,1.5729834000,721900
2020-06-24 15:00:00,1.5729834000,1.5814403000,1.5729834000,1.5729834000,1215600
2020-06-29 09:45:00,1.5729834000,1.5729834000,1.5560696000,1.5645265000,3227200
2020-06-29 10:00:00,1.5560696000,1.5729834000,1.5560696000,1.5729834000,2081236
2020-06-29 10:15:00,1.5729834000,1.5729834000,1.5560696000,1.5645265000,1289164
2020-06-29 10:30:00,1.5645265000,1.5729834000,1.5645265000,1.5645265000,741100
2020-06-29 10:45:00,1.5645265000,1.5729834000,1.5560696000,1.5645265000,1329801
2020-06-29 11:00:00,1.5645265000,1.5729834000,1.5560696000,1.5645265000,668600
2020-06-29 11:15:00,1.5645265000,1.5645265000,1.5560696000,1.5560696000,450400
2020-06-29 11:30:00,1.5560696000,1.5645265000,1.5560696000,1.5560696000,493100
2020-06-29 13:15:00,1.5560696000,1.5645265000,1.5560696000,1.5645265000,724900
2020-06-29 13:30:00,1.5645265000,1.5645265000,1.5476127000,1.5476127000,5029699
2020-06-29 13:45:00,1.5476127000,1.5560696000,1.5476127000,1.5476127000,2018532
2020-06-29 14:00:00,1.5476127000,1.5560696000,1.5476127000,1.5476127000,1371200
2020-06-29 14:15:00,1.5476127000,1.5560696000,1.5476127000,1.5476127000,1726200
2020-06-29 14:30:00,1.5476127000,1.5476127000,1.5306989000,1.5391558000,5688311
2020-06-29 14:45:00,1.5391558000,1.5476127000,1.5391558000,1.5391558000,464000
2020-06-29 15:00:00,1.5476127000,1.5476127000,1.5391558000,1.5391558000,2270000
2020-06-30 09:45:00,1.5476127000,1.5560696000,1.5391558000,1.5560696000,5535900
2020-06-30 10:00:00,1.5476127000,1.5560696000,1.5476127000,1.5476127000,3059700
2020-06-30 10:15:00,1.5476127000,1.5560696000,1.5476127000,1.5560696000,2450872
2020-06-30 10:30:00,1.5560696000,1.5560696000,1.5476127000,1.5476127000,619200
2020-06-30 10:45:00,1.5476127000,1.5560696000,1.5476127000,1.5560696000,597300
2020-06-30 11:00:00,1.5560696000,1.5560696000,1.5476127000,1.5476127000,484088
2020-06-30 11:15:00,1.5560696000,1.5560696000,1.5476127000,1.5560696000,573044
2020-06-30 11:30:00,1.5560696000,1.5560696000,1.5476127000,1.5560696000,277400
2020-06-30 13:15:00,1.5476127000,1.5560696000,1.5476127000,1.5560696000,489500
2020-06-30 13:30:00,1.5560696000,1.5560696000,1.5476127000,1.5560696000,790400
2020-06-30 13:45:00,1.5476127000,1.5560696000,1.5476127000,1.5476127000,1032800
2020-06-30 14:00:00,1.5560696000,1.5560696000,1.5476127000,1.5476127000,907000
2020-06-30 14:15:00,1.5476127000,1.5645265000,1.5476127000,1.5560696000,1592500
2020-06-30 14:30:00,1.5560696000,1.5645265000,1.5476127000,1.5560696000,539000
2020-06-30 14:45:00,1.5560696000,1.5645265000,1.5560696000,1.5560696000,470200
2020-06-30 15:00:00,1.5560696000,1.5645265000,1.5560696000,1.5560696000,1841302
2020-07-01 09:45:00,1.5560696000,1.5645265000,1.5476127000,1.5560696000,1422400
2020-07-01 10:00:00,1.5560696000,1.5560696000,1.5476127000,1.5476127000,924100
2020-07-01 10:15:00,1.5476127000,1.5560696000,1.5476127000,1.5560696000,2169300
2020-07-01 10:30:00,1.5560696000,1.5560696000,1.5476127000,1.5560696000,897300
2020-07-01 10:45:00,1.5560696000,1.5560696000,1.5476127000,1.5476127000,560809
2020-07-01 11:00:00,1.5476127000,1.5645265000,1.5476127000,1.5560696000,1759800
2020-07-01 11:15:00,1.5560696000,1.5645265000,1.5560696000,1.5560696000,351600
2020-07-01 11:30:00,1.5560696000,1.5645265000,1.5560696000,1.5645265000,354300
2020-07-01 13:15:00,1.5645265000,1.5645265000,1.5560696000,1.5645265000,1544800
2020-07-01 13:30:00,1.5560696000,1.5645265000,1.5560696000,1.5645265000,1418000
2020-07-01 13:45:00,1.5645265000,1.5645265000,1.5560696000,1.5645265000,1097200
2020-07-01 14:00:00,1.5645265000,1.5645265000,1.5560696000,1.5645265000,587700
2020-07-01 14:15:00,1.5560696000,1.5645265000,1.5560696000,1.5560696000,1361600
2020-07-01 14:30:00,1.5645265000,1.5645265000,1.5560696000,1.5645265000,1644900
2020-07-01 14:45:00,1.5645265000,1.5729834000,1.5560696000,1.5645265000,1244100
2020-07-01 15:00:00,1.5729834000,1.5729834000,1.5645265000,1.5729834000,938200
2020-07-02 09:45:00,1.5645265000,1.5814403000,1.5560696000,1.5729834000,5881100
2020-07-02 10:00:00,1.5729834000,1.5983541000,1.5729834000,1.5983541000,7645300
2020-07-02 10:15:00,1.5983541000,1.5983541000,1.5898972000,1.5898972000,2309300
2020-07-02 10:30:00,1.5898972000,1.5983541000,1.5814403000,1.5898972000,1243400
2020-07-02 10:45:00,1.5898972000,1.5983541000,1.5814403000,1.5898972000,2713200
2020-07-02 11:00:00,1.5983541000,1.5983541000,1.5814403000,1.5898972000,1278500
2020-07-02 11:15:00,1.5898972000,1.5983541000,1.5898972000,1.5983541000,637201
2020-07-02 11:30:00,1.5983541000,1.5983541000,1.5898972000,1.5898972000,952500
2020-07-02 13:15:00,1.5898972000,1.5983541000,1.5898972000,1.5898972000,2167100
2020-07-02 13:30:00,1.5983541000,1.6068110000,1.5898972000,1.5983541000,4730996
2020-07-02 13:45:00,1.5983541000,1.6068110000,1.5983541000,1.5983541000,825100
2020-07-02 14:00:00,1.5983541000,1.6068110000,1.5983541000,1.5983541000,819400
2020-07-02 14:15:00,1.5983541000,1.6152679000,1.5983541000,1.6068110000,4741600
2020-07-02 14:30:00,1.6068110000,1.6237248000,1.6068110000,1.6152679000,3577689
2020-07-02 14:45:00,1.6152679000,1.6237248000,1.6152679000,1.6152679000,2843701
2020-07-02 15:00:00,1.6237248000,1.6237248000,1.6068110000,1.6152679000,5340810
2020-07-03 09:45:00,1.6237248000,1.6660093000,1.6152679000,1.6490955000,17001982
2020-07-03 10:00:00,1.6575524000,1.7082938000,1.6406386000,1.7082938000,18360407
2020-07-03 10:15:00,1.7082938000,1.7082938000,1.6829231000,1.6998369000,11133700
2020-07-03 10:30:00,1.6913800000,1.6998369000,1.6829231000,1.6913800000,7471800
2020-07-03 10:45:00,1.6913800000,1.7167507000,1.6913800000,1.7167507000,11707869
2020-07-03 11:00:00,1.7167507000,1.7252076000,1.6913800000,1.6998369000,7318300
2020-07-03 11:15:00,1.6998369000,1.6998369000,1.6913800000,1.6913800000,3497300
2020-07-03 11:30:00,1.6829231000,1.6998369000,1.6744662000,1.6913800000,4114100
2020-07-03 13:15:00,1.6913800000,1.6913800000,1.6829231000,1.6829231000,1745200
2020-07-03 13:30:00,1.6829231000,1.6913800000,1.6829231000,1.6829231000,1013100
2020-07-03 13:45:00,1.6913800000,1.6913800000,1.6829231000,1.6913800000,1099800
2020-07-03 14:00:00,1.6829231000,1.6913800000,1.6829231000,1.6913800000,2942800
2020-07-03 14:15:00,1.6829231000,1.6913800000,1.6744662000,1.6829231000,1698000
2020-07-03 14:30:00,1.6829231000,1.6913800000,1.6744662000,1.6913800000,3564001
2020-07-03 14:45:00,1.6913800000,1.6998369000,1.6829231000,1.6998369000,3253156
2020-07-03 15:00:00,1.6913800000,1.7082938000,1.6913800000,1.6998369000,3652186
2020-07-06 09:45:00,1.7336645000,1.7928628000,1.7336645000,1.7844059000,31658142
2020-07-06 10:00:00,1.7844059000,1.8182335000,1.7844059000,1.7844059000,13709200
2020-07-06 10:15:00,1.7844059000,1.7928628000,1.7674921000,1.7759490000,11297162
2020-07-06 10:30:00,1.7759490000,1.7844059000,1.7674921000,1.7674921000,6319800
2020-07-06 10:45:00,1.7759490000,1.7759490000,1.7590352000,1.7759490000,5451099
2020-07-06 11:00:00,1.7759490000,1.7844059000,1.7674921000,1.7844059000,4152704
2020-07-06 11:15:00,1.7844059000,1.7928628000,1.7674921000,1.7928628000,4241590
2020-07-06 11:30:00,1.7928628000,1.7928628000,1.7844059000,1.7928628000,3136050
2020-07-06 13:15:00,1.7928628000,1.8182335000,1.7928628000,1.8097766000,6520251
2020-07-06 13:30:00,1.8097766000,1.8182335000,1.7928628000,1.8013197000,5706459
2020-07-06 13:45:00,1.8013197000,1.8097766000,1.7928628000,1.8097766000,4344700
2020-07-06 14:00:00,1.8097766000,1.8182335000,1.8013197000,1.8097766000,4475900
2020-07-06 14:15:00,1.8097766000,1.8182335000,1.8013197000,1.8097766000,2649800
2020-07-06 14:30:00,1.8182335000,1.8182335000,1.8013197000,1.8097766000,3612600
2020-07-06 14:45:00,1.8097766000,1.8182335000,1.8013197000,1.8097766000,4540001
2020-07-06 15:00:00,1.8182335000,1.8436042000,1.8097766000,1.8266904000,10873212
2020-07-07 09:45:00,1.9028025000,1.9197163000,1.8097766000,1.8182335000,34704966
2020-07-07 10:00:00,1.8097766000,1.8689749000,1.8013197000,1.8520611000,17171509
2020-07-07 10:15:00,1.8520611000,1.8689749000,1.8436042000,1.8436042000,9613900
2020-07-07 10:30:00,1.8436042000,1.8520611000,1.8266904000,1.8351473000,4447300
2020-07-07 10:45:00,1.8266904000,1.8436042000,1.8266904000,1.8351473000,4586403
2020-07-07 11:00:00,1.8436042000,1.8436042000,1.8266904000,1.8351473000,2738500
2020-07-07 11:15:00,1.8351473000,1.8605180000,1.8351473000,1.8520611000,4686201
2020-07-07 11:30:00,1.8605180000,1.8605180000,1.8436042000,1.8520611000,1427200
2020-07-07 13:15:00,1.8520611000,1.8605180000,1.8436042000,1.8520611000,3838524
2020-07-07 13:30:00,1.8520611000,1.8605180000,1.8436042000,1.8520611000,4060300
2020-07-07 13:45:00,1.8520611000,1.8605180000,1.8436042000,1.8436042000,2771181
2020-07-07 14:00:00,1.8520611000,1.8520611000,1.8351473000,1.8351473000,2972094
2020-07-07 14:15:00,1.8436042000,1.8436042000,1.8182335000,1.8351473000,5242900
2020-07-07 14:30:00,1.8351473000,1.8351473000,1.8182335000,1.8266904000,4637701
2020-07-07 14:45:00,1.8266904000,1.8351473000,1.8266904000,1.8266904000,3216939
2020-07-07 15:00:00,1.8266904000,1.8351473000,1.8013197000,1.8013197000,8692481
2020-07-08 09:45:00,1.8013197000,1.8351473000,1.7928628000,1.8266904000,11602600
2020-07-08 10:00:00,1.8266904000,1.8266904000,1.8013197000,1.8013197000,7449500
2020-07-08 10:15:00,1.8097766000,1.8182335000,1.7928628000,1.8097766000,4778710
2020-07-08 10:30:00,1.8097766000,1.8182335000,1.8013197000,1.8013197000,2994229
2020-07-08 10:45:00,1.8097766000,1.8351473000,1.8013197000,1.8351473000,7648609
2020-07-08 11:00:00,1.8351473000,1.8520611000,1.8266904000,1.8351473000,7837872
2020-07-08 11:15:00,1.8351473000,1.8520611000,1.8351473000,1.8436042000,3313890
2020-07-08 11:30:00,1.8436042000,1.8520611000,1.8351473000,1.8436042000,4121500
2020-07-08 13:15:00,1.8436042000,1.8520611000,1.8351473000,1.8436042000,1800400
2020-07-08 13:30:00,1.8436042000,1.8520611000,1.8351473000,1.8351473000,5774995
2020-07-08 13:45:00,1.8351473000,1.8436042000,1.8351473000,1.8436042000,972600
2020-07-08 14:00:00,1.8436042000,1.8520611000,1.8351473000,1.8351473000,3009900
2020-07-08 14:15:00,1.8351473000,1.8520611000,1.8351473000,1.8436042000,2003701
2020-07-08 14:30:00,1.8436042000,1.8520611000,1.8351473000,1.8436042000,3199700
2020-07-08 14:45:00,1.8436042000,1.8605180000,1.8436042000,1.8520611000,7163494
2020-07-08 15:00:00,1.8520611000,1.8605180000,1.8436042000,1.8520611000,8104354
2020-07-09 09:45:00,1.8520611000,1.8943456000,1.8351473000,1.8858887000,17167037
2020-07-09 10:00:00,1.8858887000,1.9112594000,1.8774318000,1.9028025000,10441150
2020-07-09 10:15:00,1.9028025000,1.9028025000,1.8858887000,1.8943456000,4754200
2020-07-09 10:30:00,1.8943456000,1.8943456000,1.8689749000,1.8774318000,6009119
2020-07-09 10:45:00,1.8774318000,1.8858887000,1.8689749000,1.8774318000,3614531
2020-07-09 11:00:00,1.8858887000,1.8858887000,1.8689749000,1.8858887000,1478500
2020-07-09 11:15:00,1.8858887000,1.8858887000,1.8774318000,1.8858887000,1773900
2020-07-09 11:30:00,1.8858887000,1.8858887000,1.8689749000,1.8774318000,2746700
2020-07-09 13:15:00,1.8774318000,1.8943456000,1.8774318000,1.8858887000,4235635
2020-07-09 13:30:00,1.8858887000,1.9112594000,1.8858887000,1.8943456000,4590600
2020-07-09 13:45:00,1.9028025000,1.9028025000,1.8943456000,1.8943456000,1297510
2020-07-09 14:00:00,1.9028025000,1.9028025000,1.8858887000,1.8858887000,2601890
2020-07-09 14:15:00,1.8858887000,1.9028025000,1.8858887000,1.9028025000,2805466
2020-07-09 14:30:00,1.9028025000,1.9028025000,1.8858887000,1.8858887000,2189734
2020-07-09 14:45:00,1.8858887000,1.9028025000,1.8774318000,1.8858887000,5460361
2020-07-09 15:00:00,1.8858887000,1.9112594000,1.8858887000,1.9028025000,7911600
2020-07-10 09:45:00,1.8943456000,1.8943456000,1.8689749000,1.8689749000,9146800
2020-07-10 10:00:00,1.8774318000,1.8943456000,1.8689749000,1.8858887000,5432202
2020-07-10 10:15:00,1.8943456000,1.9028025000,1.8858887000,1.8943456000,3765100
2020-07-10 10:30:00,1.9028025000,1.9028025000,1.8774318000,1.8774318000,3137395
2020-07-10 10:45:00,1.8858887000,1.8858887000,1.8605180000,1.8605180000,7392204
2020-07-10 11:00:00,1.8605180000,1.8774318000,1.8605180000,1.8689749000,2856097
2020-07-10 11:15:00,1.8774318000,1.8774318000,1.8520611000,1.8689749000,11380800
2020-07-10 11:30:00,1.8689749000,1.8774318000,1.8605180000,1.8689749000,1666400
2020-07-10 13:15:00,1.8689749000,1.8689749000,1.8520611000,1.8605180000,4316710
2020-07-10 13:30:00,1.8689749000,1.8689749000,1.8520611000,1.8605180000,3504700
2020-07-10 13:45:00,1.8605180000,1.8605180000,1.8436042000,1.8520611000,5867600
2020-07-10 14:00:00,1.8520611000,1.8605180000,1.8436042000,1.8520611000,1585401
2020-07-10 14:15:00,1.8520611000,1.8605180000,1.8520611000,1.8605180000,1726700
2020-07-10 14:30:00,1.8520611000,1.8605180000,1.8436042000,1.8436042000,3386100
2020-07-10 14:45:00,1.8436042000,1.8520611000,1.8182335000,1.8182335000,13562000
2020-07-10 15:00:00,1.8266904000,1.8436042000,1.8182335000,1.8266904000,4238491
2020-07-13 09:45:00,1.8266904000,1.8605180000,1.8266904000,1.8266904000,13991301
2020-07-13 10:00:00,1.8266904000,1.8520611000,1.8266904000,1.8351473000,5509800
2020-07-13 10:15:00,1.8436042000,1.8520611000,1.8266904000,1.8436042000,4635000
2020-07-13 10:30:00,1.8520611000,1.8605180000,1.8436042000,1.8520611000,3024101
2020-07-13 10:45:00,1.8520611000,1.8605180000,1.8520611000,1.8520611000,1901300
2020-07-13 11:00:00,1.8520611000,1.8605180000,1.8436042000,1.8520611000,3095100
2020-07-13 11:15:00,1.8520611000,1.8605180000,1.8520611000,1.8605180000,1760900
2020-07-13 11:30:00,1.8605180000,1.8774318000,1.8520611000,1.8774318000,3922500
2020-07-13 13:15:00,1.8774318000,1.8943456000,1.8689749000,1.8858887000,8289700
2020-07-13 13:30:00,1.8858887000,1.8858887000,1.8774318000,1.8774318000,1665500
2020-07-13 13:45:00,1.8774318000,1.8943456000,1.8774318000,1.8858887000,3076200
2020-07-13 14:00:00,1.8858887000,1.8943456000,1.8774318000,1.8774318000,2499400
2020-07-13 14:15:00,1.8774318000,1.8858887000,1.8774318000,1.8774318000,1691900
2020-07-13 14:30:00,1.8774318000,1.8774318000,1.8605180000,1.8605180000,3154800
2020-07-13 14:45:00,1.8689749000,1.8774318000,1.8605180000,1.8774318000,2317710
2020-07-13 15:00:00,1.8689749000,1.8774318000,1.8689749000,1.8689749000,4869200
2020-07-14 09:45:00,1.8689749000,1.8943456000,1.8605180000,1.8774318000,10196300
2020-07-14 10:00:00,1.8774318000,1.8858887000,1.8689749000,1.8858887000,6155800
2020-07-14 10:15:00,1.8774318000,1.8858887000,1.8605180000,1.8605180000,5781401
2020-07-14 10:30:00,1.8605180000,1.8689749000,1.8520611000,1.8605180000,5405706
2020-07-14 10:45:00,1.8605180000,1.8689749000,1.8520611000,1.8520611000,4066194
2020-07-14 11:00:00,1.8605180000,1.8605180000,1.8520611000,1.8520611000,2211301
2020-07-14 11:15:00,1.8520611000,1.8774318000,1.8520611000,1.8605180000,6390803
2020-07-14 11:30:00,1.8605180000,1.8689749000,1.8520611000,1.8605180000,2693503
2020-07-14 13:15:00,1.8605180000,1.8605180000,1.8436042000,1.8436042000,4634900
2020-07-14 13:30:00,1.8436042000,1.8520611000,1.8351473000,1.8351473000,4423299
2020-07-14 13:45:00,1.8351473000,1.8436042000,1.8351473000,1.8351473000,2075401
2020-07-14 14:00:00,1.8351473000,1.8436042000,1.8266904000,1.8436042000,4577616
2020-07-14 14:15:00,1.8351473000,1.8520611000,1.8351473000,1.8436042000,1458200
2020-07-14 14:30:00,1.8436042000,1.8605180000,1.8436042000,1.8520611000,2274561
2020-07-14 14:45:00,1.8520611000,1.8605180000,1.8520611000,1.8605180000,1128600
2020-07-14 15:00:00,1.8605180000,1.8689749000,1.8520611000,1.8605180000,4528411
2020-07-15 09:45:00,1.8774318000,1.8858887000,1.8436042000,1.8520611000,8188587
2020-07-15 10:00:00,1.8520611000,1.8605180000,1.8436042000,1.8605180000,4514815
2020-07-15 10:15:00,1.8605180000,1.8605180000,1.8436042000,1.8436042000,3357359
2020-07-15 10:30:00,1.8436042000,1.8520611000,1.8351473000,1.8436042000,2985408
2020-07-15 10:45:00,1.8436042000,1.8436042000,1.8266904000,1.8266904000,4661831
2020-07-15 11:00:00,1.8351473000,1.8436042000,1.8266904000,1.8351473000,2344293
2020-07-15 11:15:00,1.8351473000,1.8436042000,1.8266904000,1.8266904000,2791500
2020-07-15 11:30:00,1.8351473000,1.8351473000,1.8097766000,1.8266904000,6591716
2020-07-15 13:15:00,1.8266904000,1.8351473000,1.8182335000,1.8266904000,3105400
2020-07-15 13:30:00,1.8266904000,1.8351473000,1.8266904000,1.8266904000,1862800
2020-07-15 13:45:00,1.8351473000,1.8351473000,1.8266904000,1.8266904000,1704604
2020-07-15 14:00:00,1.8266904000,1.8520611000,1.8266904000,1.8520611000,4018038
2020-07-15 14:15:00,1.8520611000,1.8520611000,1.8351473000,1.8436042000,1688974
2020-07-15 14:30:00,1.8436042000,1.8436042000,1.8266904000,1.8266904000,1658250
2020-07-15 14:45:00,1.8351473000,1.8351473000,1.8266904000,1.8266904000,2187449
2020-07-15 15:00:00,1.8266904000,1.8266904000,1.8097766000,1.8097766000,6094865
2020-07-16 09:45:00,1.8182335000,1.8351473000,1.8097766000,1.8266904000,6044734
2020-07-16 10:00:00,1.8266904000,1.8351473000,1.8182335000,1.8351473000,3703900
2020-07-16 10:15:00,1.8351473000,1.8351473000,1.8097766000,1.8182335000,3893600
2020-07-16 10:30:00,1.8097766000,1.8182335000,1.8013197000,1.8182335000,4067100
2020-07-16 10:45:00,1.8097766000,1.8182335000,1.8013197000,1.8182335000,2873300
2020-07-16 11:00:00,1.8182335000,1.8182335000,1.8097766000,1.8097766000,1144000
2020-07-16 11:15:00,1.8097766000,1.8182335000,1.8013197000,1.8013197000,1608700
2020-07-16 11:30:00,1.8013197000,1.8097766000,1.7928628000,1.8013197000,1604042
2020-07-16 13:15:00,1.8013197000,1.8097766000,1.7928628000,1.8097766000,2923668
2020-07-16 13:30:00,1.8013197000,1.8097766000,1.7844059000,1.7844059000,3542590
2020-07-16 13:45:00,1.7844059000,1.7928628000,1.7759490000,1.7928628000,5673165
2020-07-16 14:00:00,1.7844059000,1.7928628000,1.7674921000,1.7844059000,3249300
2020-07-16 14:15:00,1.7759490000,1.7844059000,1.7505783000,1.7674921000,6109500
2020-07-16 14:30:00,1.7674921000,1.7759490000,1.7421214000,1.7590352000,5072900
2020-07-16 14:45:00,1.7590352000,1.7590352000,1.7252076000,1.7421214000,6335500
2020-07-16 15:00:00,1.7505783000,1.7590352000,1.7252076000,1.7505783000,4787563
2020-07-17 09:45:00,1.7421214000,1.7674921000,1.7421214000,1.7590352000,9473611
2020-07-17 10:00:00,1.7590352000,1.7590352000,1.7252076000,1.7421214000,6598789
2020-07-17 10:15:00,1.7336645000,1.7505783000,1.7252076000,1.7421214000,4367300
2020-07-17 10:30:00,1.7421214000,1.7505783000,1.7336645000,1.7421214000,2137285
2020-07-17 10:45:00,1.7505783000,1.7674921000,1.7421214000,1.7590352000,3664300
2020-07-17 11:00:00,1.7590352000,1.7590352000,1.7421214000,1.7505783000,1746000
2020-07-17 11:15:00,1.7505783000,1.7505783000,1.7336645000,1.7336645000,1829647
2020-07-17 11:30:00,1.7421214000,1.7421214000,1.7167507000,1.7252076000,4182500
2020-07-17 13:15:00,1.7252076000,1.7336645000,1.7167507000,1.7252076000,2564141
2020-07-17 13:30:00,1.7252076000,1.7336645000,1.7167507000,1.7167507000,2223757
2020-07-17 13:45:00,1.7167507000,1.7252076000,1.7082938000,1.7167507000,1654100
2020-07-17 14:00:00,1.7167507000,1.7252076000,1.7082938000,1.7252076000,1936400
2020-07-17 14:15:00,1.7252076000,1.7336645000,1.7167507000,1.7252076000,2431200
2020-07-17 14:30:00,1.7336645000,1.7336645000,1.7252076000,1.7252076000,806400
2020-07-17 14:45:00,1.7252076000,1.7336645000,1.7252076000,1.7252076000,1781200
2020-07-17 15:00:00,1.7252076000,1.7336645000,1.7167507000,1.7252076000,1991480
2020-07-20 09:45:00,1.7336645000,1.7590352000,1.7252076000,1.7421214000,6861900
2020-07-20 10:00:00,1.7336645000,1.7505783000,1.7336645000,1.7336645000,5693200
2020-07-20 10:15:00,1.7421214000,1.7421214000,1.7336645000,1.7421214000,2238900
2020-07-20 10:30:00,1.7336645000,1.7590352000,1.7336645000,1.7590352000,8084500
2020-07-20 10:45:00,1.7505783000,1.7759490000,1.7505783000,1.7759490000,5418263
2020-07-20 11:00:00,1.7759490000,1.7759490000,1.7590352000,1.7674921000,2682602
2020-07-20 11:15:00,1.7759490000,1.7844059000,1.7674921000,1.7759490000,2955600
2020-07-20 11:30:00,1.7759490000,1.7844059000,1.7674921000,1.7759490000,2040100
2020-07-20 13:15:00,1.7759490000,1.7928628000,1.7674921000,1.7759490000,5690400
2020-07-20 13:30:00,1.7759490000,1.8013197000,1.7759490000,1.7844059000,3466900
2020-07-20 13:45:00,1.7844059000,1.8013197000,1.7759490000,1.8013197000,2960031
2020-07-20 14:00:00,1.8013197000,1.8097766000,1.7844059000,1.7844059000,2771101
2020-07-20 14:15:00,1.7844059000,1.8013197000,1.7844059000,1.8013197000,2707100
2020-07-20 14:30:00,1.7928628000,1.8013197000,1.7928628000,1.7928628000,1424700
2020-07-20 14:45:00,1.8013197000,1.8182335000,1.8013197000,1.8097766000,6807800
2020-07-20 15:00:00,1.8097766000,1.8182335000,1.8013197000,1.8182335000,4871831
2020-07-21 09:45:00,1.8266904000,1.8520611000,1.8097766000,1.8097766000,12200601
2020-07-21 10:00:00,1.8182335000,1.8266904000,1.8013197000,1.8097766000,4792200
2020-07-21 10:15:00,1.8097766000,1.8182335000,1.8097766000,1.8097766000,2259100
2020-07-21 10:30:00,1.8182335000,1.8182335000,1.8013197000,1.8097766000,2320100
2020-07-21 10:45:00,1.8097766000,1.8097766000,1.7928628000,1.8013197000,3532643
2020-07-21 11:00:00,1.8013197000,1.8097766000,1.7928628000,1.8013197000,1491400
2020-07-21 11:15:00,1.8013197000,1.8097766000,1.7928628000,1.8097766000,2040700
2020-07-21 11:30:00,1.8097766000,1.8182335000,1.8013197000,1.8013197000,1565900
2020-07-21 13:15:00,1.8097766000,1.8182335000,1.8013197000,1.8097766000,1506700
2020-07-21 13:30:00,1.8097766000,1.8097766000,1.7928628000,1.8013197000,4320000
2020-07-21 13:45:00,1.8013197000,1.8013197000,1.7928628000,1.7928628000,1584800
2020-07-21 14:00:00,1.8013197000,1.8097766000,1.7928628000,1.8097766000,932000
2020-07-21 14:15:00,1.8013197000,1.8097766000,1.7928628000,1.8013197000,1953892
2020-07-21 14:30:00,1.8013197000,1.8013197000,1.7928628000,1.8013197000,953063
2020-07-21 14:45:00,1.8013197000,1.8097766000,1.7928628000,1.8013197000,2134600
2020-07-21 15:00:00,1.8013197000,1.8097766000,1.7928628000,1.8013197000,2241457
2020-07-22 09:45:00,1.8097766000,1.8097766000,1.7844059000,1.7928628000,4931700
2020-07-22 10:00:00,1.7928628000,1.8013197000,1.7844059000,1.7928628000,1860000
2020-07-22 10:15:00,1.8013197000,1.8097766000,1.7928628000,1.8097766000,3078063
2020-07-22 10:30:00,1.8013197000,1.8182335000,1.8013197000,1.8182335000,2012600
2020-07-22 10:45:00,1.8182335000,1.8182335000,1.8013197000,1.8097766000,3249033
2020-07-22 11:00:00,1.8097766000,1.8351473000,1.8097766000,1.8266904000,6603900
2020-07-22 11:15:00,1.8266904000,1.8266904000,1.8097766000,1.8182335000,5201800
2020-07-22 11:30:00,1.8182335000,1.8266904000,1.8097766000,1.8097766000,1447460
2020-07-22 13:15:00,1.8266904000,1.8266904000,1.8097766000,1.8097766000,3155102
2020-07-22 13:30:00,1.8097766000,1.8182335000,1.8013197000,1.8097766000,1453898
2020-07-22 13:45:00,1.8097766000,1.8097766000,1.8013197000,1.8097766000,757402
2020-07-22 14:00:00,1.8013197000,1.8097766000,1.8013197000,1.8097766000,653400
2020-07-22 14:15:00,1.8013197000,1.8097766000,1.7928628000,1.8013197000,3150320
2020-07-22 14:30:00,1.8013197000,1.8097766000,1.7928628000,1.8013197000,1501892
2020-07-22 14:45:00,1.8013197000,1.8097766000,1.7928628000,1.7928628000,2484800
2020-07-22 15:00:00,1.7928628000,1.8013197000,1.7928628000,1.7928628000,3708354
2020-07-23 09:45:00,1.7844059000,1.7928628000,1.7759490000,1.7928628000,4592200
2020-07-23 10:00:00,1.7928628000,1.7928628000,1.7759490000,1.7844059000,2362501
2020-07-23 10:15:00,1.7844059000,1.7844059000,1.7590352000,1.7590352000,5260099
2020-07-23 10:30:00,1.7590352000,1.7674921000,1.7421214000,1.7674921000,7346210
2020-07-23 10:45:00,1.7674921000,1.7674921000,1.7421214000,1.7505783000,2891900
2020-07-23 11:00:00,1.7505783000,1.7590352000,1.7336645000,1.7421214000,6430101
2020-07-23 11:15:00,1.7421214000,1.7590352000,1.7336645000,1.7590352000,2191400
2020-07-23 11:30:00,1.7590352000,1.7674921000,1.7505783000,1.7674921000,1293801
2020-07-23 13:15:00,1.7590352000,1.7844059000,1.7590352000,1.7759490000,5743001
2020-07-23 13:30:00,1.7759490000,1.7844059000,1.7674921000,1.7759490000,1097200
2020-07-23 13:45:00,1.7759490000,1.7844059000,1.7674921000,1.7674921000,571600
2020-07-23 14:00:00,1.7674921000,1.7844059000,1.7674921000,1.7759490000,1057594
2020-07-23 14:15:00,1.7844059000,1.7844059000,1.7759490000,1.7759490000,1242000
2020-07-23 14:30:00,1.7759490000,1.7928628000,1.7759490000,1.7844059000,1427000
2020-07-23 14:45:00,1.7928628000,1.7928628000,1.7759490000,1.7759490000,2306500
2020-07-23 15:00:00,1.7759490000,1.7844059000,1.7759490000,1.7759490000,1785700
2020-07-24 09:45:00,1.7759490000,1.7928628000,1.7590352000,1.7759490000,6751500
2020-07-24 10:00:00,1.7759490000,1.7844059000,1.7674921000,1.7844059000,4840200
2020-07-24 10:15:00,1.7759490000,1.7844059000,1.7674921000,1.7759490000,1446000
2020-07-24 10:30:00,1.7759490000,1.7844059000,1.7590352000,1.7590352000,2210500
2020-07-24 10:45:00,1.7674921000,1.7674921000,1.7590352000,1.7674921000,2196000
2020-07-24 11:00:00,1.7674921000,1.7674921000,1.7590352000,1.7590352000,1555501
2020-07-24 11:15:00,1.7590352000,1.7674921000,1.7590352000,1.7590352000,2982899
2020-07-24 11:30:00,1.7590352000,1.7674921000,1.7505783000,1.7505783000,2029800
2020-07-24 13:15:00,1.7590352000,1.7590352000,1.7421214000,1.7421214000,4572900
2020-07-24 13:30:00,1.7421214000,1.7590352000,1.7421214000,1.7590352000,2109200
2020-07-24 13:45:00,1.7505783000,1.7590352000,1.7421214000,1.7505783000,1379600
2020-07-24 14:00:00,1.7505783000,1.7505783000,1.7421214000,1.7505783000,1709900
2020-07-24 14:15:00,1.7505783000,1.7505783000,1.7336645000,1.7336645000,6267900
2020-07-24 14:30:00,1.7336645000,1.7505783000,1.7336645000,1.7421214000,2280200
2020-07-24 14:45:00,1.7505783000,1.7590352000,1.7421214000,1.7421214000,1700200
2020-07-24 15:00:00,1.7421214000,1.7505783000,1.7336645000,1.7336645000,3038300
2020-07-27 09:45:00,1.7421214000,1.7505783000,1.6998369000,1.7167507000,8396900
2020-07-27 10:00:00,1.7082938000,1.7336645000,1.7082938000,1.7252076000,3179259
2020-07-27 10:15:00,1.7252076000,1.7421214000,1.7167507000,1.7421214000,1970800
2020-07-27 10:30:00,1.7421214000,1.7421214000,1.7167507000,1.7167507000,2185600
2020-07-27 10:45:00,1.7167507000,1.7336645000,1.7167507000,1.7252076000,815400
2020-07-27 11:00:00,1.7252076000,1.7336645000,1.7252076000,1.7252076000,1009931
2020-07-27 11:15:00,1.7252076000,1.7336645000,1.7252076000,1.7252076000,741100
2020-07-27 11:30:00,1.7252076000,1.7336645000,1.7167507000,1.7167507000,1764269
2020-07-27 13:15:00,1.7167507000,1.7252076000,1.7167507000,1.7252076000,577700
2020-07-27 13:30:00,1.7167507000,1.7252076000,1.7167507000,1.7252076000,1178572
2020-07-27 13:45:00,1.7252076000,1.7336645000,1.7252076000,1.7252076000,535700
2020-07-27 14:00:00,1.7252076000,1.7336645000,1.7252076000,1.7336645000,309900
2020-07-27 14:15:00,1.7336645000,1.7336645000,1.7167507000,1.7252076000,1813428
2020-07-27 14:30:00,1.7252076000,1.7336645000,1.7167507000,1.7252076000,1647200
2020-07-27 14:45:00,1.7252076000,1.7252076000,1.7167507000,1.7167507000,807821
2020-07-27 15:00:00,1.7167507000,1.7336645000,1.7167507000,1.7252076000,2532662
2020-07-28 09:45:00,1.7424600800,1.7510861200,1.7338340400,1.7510861200,3311752
2020-07-28 10:00:00,1.7424600800,1.7510861200,1.7338340400,1.7510861200,2627300
2020-07-28 10:15:00,1.7510861200,1.7510861200,1.7338340400,1.7424600800,2183200
2020-07-28 10:30:00,1.7338340400,1.7597121600,1.7338340400,1.7597121600,4121272
2020-07-28 10:45:00,1.7597121600,1.7597121600,1.7510861200,1.7510861200,1257901
2020-07-28 11:00:00,1.7510861200,1.7597121600,1.7424600800,1.7510861200,1180000
2020-07-28 11:15:00,1.7510861200,1.7510861200,1.7424600800,1.7510861200,617701
2020-07-28 11:30:00,1.7510861200,1.7510861200,1.7424600800,1.7510861200,879600
2020-07-28 13:15:00,1.7510861200,1.7510861200,1.7424600800,1.7510861200,522600
2020-07-28 13:30:00,1.7510861200,1.7510861200,1.7338340400,1.7338340400,2143598
2020-07-28 13:45:00,1.7338340400,1.7424600800,1.7338340400,1.7338340400,758800
2020-07-28 14:00:00,1.7338340400,1.7424600800,1.7338340400,1.7338340400,552900
2020-07-28 14:15:00,1.7338340400,1.7424600800,1.7338340400,1.7424600800,608800
2020-07-28 14:30:00,1.7424600800,1.7424600800,1.7338340400,1.7424600800,715500
2020-07-28 14:45:00,1.7424600800,1.7424600800,1.7338340400,1.7338340400,701600
2020-07-28 15:00:00,1.7424600800,1.7424600800,1.7338340400,1.7424600800,1747398
2020-07-29 09:45:00,1.7338340400,1.7424600800,1.7165819600,1.7252080000,3180844
2020-07-29 10:00:00,1.7252080000,1.7424600800,1.7165819600,1.7424600800,3264900
2020-07-29 10:15:00,1.7424600800,1.7510861200,1.7338340400,1.7510861200,1999531
2020-07-29 10:30:00,1.7510861200,1.7597121600,1.7424600800,1.7597121600,2646400
2020-07-29 10:45:00,1.7510861200,1.7683382000,1.7510861200,1.7510861200,1673600
2020-07-29 11:00:00,1.7510861200,1.7683382000,1.7510861200,1.7597121600,1628100
2020-07-29 11:15:00,1.7510861200,1.7769642400,1.7510861200,1.7683382000,3247400
2020-07-29 11:30:00,1.7769642400,1.7769642400,1.7597121600,1.7683382000,1201101
2020-07-29 13:15:00,1.7597121600,1.7683382000,1.7597121600,1.7683382000,1115000
2020-07-29 13:30:00,1.7683382000,1.7683382000,1.7597121600,1.7683382000,488500
2020-07-29 13:45:00,1.7597121600,1.7683382000,1.7597121600,1.7683382000,367300
2020-07-29 14:00:00,1.7683382000,1.7683382000,1.7597121600,1.7683382000,468500
2020-07-29 14:15:00,1.7597121600,1.7683382000,1.7597121600,1.7683382000,1664200
2020-07-29 14:30:00,1.7683382000,1.7769642400,1.7597121600,1.7683382000,1028900
2020-07-29 14:45:00,1.7683382000,1.7769642400,1.7683382000,1.7683382000,1772900
2020-07-29 15:00:00,1.7683382000,1.7769642400,1.7683382000,1.7769642400,2753100
2020-07-30 09:45:00,1.7769642400,1.8028423600,1.7683382000,1.7855902800,4944400
2020-07-30 10:00:00,1.7942163200,1.7942163200,1.7597121600,1.7597121600,7942354
2020-07-30 10:15:00,1.7597121600,1.7769642400,1.7597121600,1.7683382000,4584300
2020-07-30 10:30:00,1.7683382000,1.7769642400,1.7597121600,1.7683382000,2367500
2020-07-30 10:45:00,1.7683382000,1.7769642400,1.7597121600,1.7683382000,1378800
2020-07-30 11:00:00,1.7683382000,1.7769642400,1.7597121600,1.7597121600,1135300
2020-07-30 11:15:00,1.7597121600,1.7683382000,1.7597121600,1.7683382000,440301
2020-07-30 11:30:00,1.7597121600,1.7683382000,1.7597121600,1.7597121600,407100
2020-07-30 13:15:00,1.7683382000,1.7769642400,1.7597121600,1.7597121600,1709000
2020-07-30 13:30:00,1.7597121600,1.7683382000,1.7597121600,1.7597121600,827600
2020-07-30 13:45:00,1.7597121600,1.7769642400,1.7597121600,1.7683382000,1431200
2020-07-30 14:00:00,1.7683382000,1.7769642400,1.7597121600,1.7769642400,520400
2020-07-30 14:15:00,1.7769642400,1.7769642400,1.7597121600,1.7597121600,1192000
2020-07-30 14:30:00,1.7597121600,1.7683382000,1.7597121600,1.7683382000,482100
2020-07-30 14:45:00,1.7683382000,1.7683382000,1.7510861200,1.7597121600,2362699
2020-07-30 15:00:00,1.7597121600,1.7683382000,1.7510861200,1.7597121600,1992098
2020-07-31 09:45:00,1.7510861200,1.7855902800,1.7424600800,1.7683382000,6214701
2020-07-31 10:00:00,1.7769642400,1.7855902800,1.7683382000,1.7855902800,2832900
2020-07-31 10:15:00,1.7855902800,1.7855902800,1.7769642400,1.7855902800,1933598
2020-07-31 10:30:00,1.7769642400,1.7855902800,1.7683382000,1.7683382000,2811900
2020-07-31 10:45:00,1.7683382000,1.7769642400,1.7597121600,1.7683382000,2027951
2020-07-31 11:00:00,1.7683382000,1.7683382000,1.7510861200,1.7510861200,3273000
2020-07-31 11:15:00,1.7510861200,1.7597121600,1.7510861200,1.7597121600,2285731
2020-07-31 11:30:00,1.7510861200,1.7597121600,1.7510861200,1.7510861200,431400
2020-07-31 13:15:00,1.7510861200,1.7597121600,1.7424600800,1.7510861200,5758400
2020-07-31 13:30:00,1.7510861200,1.7597121600,1.7424600800,1.7510861200,2293500
2020-07-31 13:45:00,1.7510861200,1.7597121600,1.7424600800,1.7597121600,1250700
2020-07-31 14:00:00,1.7597121600,1.7597121600,1.7510861200,1.7597121600,481400
2020-07-31 14:15:00,1.7597121600,1.7597121600,1.7510861200,1.7597121600,723400
2020-07-31 14:30:00,1.7597121600,1.7683382000,1.7510861200,1.7683382000,1159700
2020-07-31 14:45:00,1.7683382000,1.7683382000,1.7597121600,1.7597121600,846300
2020-07-31 15:00:00,1.7597121600,1.7683382000,1.7597121600,1.7683382000,2136269
2020-08-03 09:45:00,1.7683382000,1.8804767200,1.7683382000,1.8373465200,25901501
2020-08-03 10:00:00,1.8373465200,1.8459725600,1.8200944400,1.8287204800,6131401
2020-08-03 10:15:00,1.8373465200,1.8373465200,1.8200944400,1.8373465200,3720600
2020-08-03 10:30:00,1.8373465200,1.8459725600,1.8287204800,1.8373465200,2317700
2020-08-03 10:45:00,1.8287204800,1.8545986000,1.8287204800,1.8459725600,3774700
2020-08-03 11:00:00,1.8459725600,1.8545986000,1.8373465200,1.8373465200,1327000
2020-08-03 11:15:00,1.8459725600,1.8545986000,1.8459725600,1.8545986000,3428900
2020-08-03 11:30:00,1.8545986000,1.8632246400,1.8373465200,1.8459725600,7164900
2020-08-03 13:15:00,1.8459725600,1.8632246400,1.8459725600,1.8632246400,5592300
2020-08-03 13:30:00,1.8632246400,1.8632246400,1.8545986000,1.8545986000,2510061
2020-08-03 13:45:00,1.8632246400,1.8632246400,1.8459725600,1.8545986000,3687801
2020-08-03 14:00:00,1.8545986000,1.8545986000,1.8459725600,1.8545986000,1276400
2020-08-03 14:15:00,1.8545986000,1.8545986000,1.8459725600,1.8459725600,1488300
2020-08-03 14:30:00,1.8545986000,1.8545986000,1.8459725600,1.8459725600,2039200
2020-08-03 14:45:00,1.8459725600,1.8632246400,1.8459725600,1.8545986000,3849612
2020-08-03 15:00:00,1.8545986000,1.8632246400,1.8459725600,1.8632246400,6265032
2020-08-04 09:45:00,1.8632246400,1.8804767200,1.8373465200,1.8373465200,10801300
2020-08-04 10:00:00,1.8373465200,1.8545986000,1.8373465200,1.8373465200,4453802
2020-08-04 10:15:00,1.8373465200,1.8459725600,1.8287204800,1.8373465200,4548198
2020-08-04 10:30:00,1.8373465200,1.8459725600,1.8287204800,1.8373465200,2253101
2020-08-04 10:45:00,1.8373465200,1.8459725600,1.8373465200,1.8373465200,1271300
2020-08-04 11:00:00,1.8373465200,1.8545986000,1.8373465200,1.8459725600,5164900
2020-08-04 11:15:00,1.8545986000,1.8545986000,1.8459725600,1.8545986000,1946800
2020-08-04 11:30:00,1.8545986000,1.8632246400,1.8373465200,1.8632246400,5493200
2020-08-04 13:15:00,1.8632246400,1.8632246400,1.8545986000,1.8545986000,3291200
2020-08-04 13:30:00,1.8545986000,1.8632246400,1.8459725600,1.8545986000,1561801
2020-08-04 13:45:00,1.8545986000,1.8977288000,1.8545986000,1.8804767200,14210400
2020-08-04 14:00:00,1.8804767200,1.8891027600,1.8718506800,1.8718506800,3908500
2020-08-04 14:15:00,1.8718506800,1.8804767200,1.8632246400,1.8718506800,2178900
2020-08-04 14:30:00,1.8718506800,1.8804767200,1.8632246400,1.8632246400,2142400
2020-08-04 14:45:00,1.8632246400,1.8718506800,1.8632246400,1.8718506800,904700
2020-08-04 15:00:00,1.8718506800,1.8718506800,1.8545986000,1.8632246400,3561400
2020-08-05 09:45:00,1.8632246400,1.8718506800,1.8545986000,1.8545986000,6896600
2020-08-05 10:00:00,1.8545986000,1.8632246400,1.8287204800,1.8373465200,7041410
2020-08-05 10:15:00,1.8373465200,1.8545986000,1.8373465200,1.8459725600,3073200
2020-08-05 10:30:00,1.8459725600,1.8545986000,1.8459725600,1.8545986000,839300
2020-08-05 10:45:00,1.8545986000,1.8632246400,1.8459725600,1.8459725600,1603800
2020-08-05 11:00:00,1.8459725600,1.8545986000,1.8459725600,1.8545986000,545028
2020-08-05 11:15:00,1.8545986000,1.8632246400,1.8459725600,1.8545986000,1418700
2020-08-05 11:30:00,1.8545986000,1.8632246400,1.8459725600,1.8545986000,1087236
2020-08-05 13:15:00,1.8545986000,1.8632246400,1.8545986000,1.8632246400,2163100
2020-08-05 13:30:00,1.8632246400,1.8632246400,1.8545986000,1.8632246400,1731100
2020-08-05 13:45:00,1.8545986000,1.8632246400,1.8459725600,1.8459725600,2859300
2020-08-05 14:00:00,1.8459725600,1.8632246400,1.8459725600,1.8459725600,1119300
2020-08-05 14:15:00,1.8545986000,1.8632246400,1.8459725600,1.8632246400,2597600
2020-08-05 14:30:00,1.8632246400,1.8632246400,1.8459725600,1.8545986000,2222201
2020-08-05 14:45:00,1.8545986000,1.8632246400,1.8459725600,1.8545986000,2070200
2020-08-05 15:00:00,1.8545986000,1.8632246400,1.8459725600,1.8545986000,2758200
2020-08-06 09:45:00,1.8459725600,1.8718506800,1.8459725600,1.8459725600,5874300
2020-08-06 10:00:00,1.8545986000,1.8632246400,1.8459725600,1.8545986000,2703002
2020-08-06 10:15:00,1.8545986000,1.8545986000,1.8373465200,1.8373465200,4410298
2020-08-06 10:30:00,1.8373465200,1.8459725600,1.8373465200,1.8373465200,692900
2020-08-06 10:45:00,1.8373465200,1.8459725600,1.8287204800,1.8287204800,2714700
2020-08-06 11:00:00,1.8287204800,1.8373465200,1.8200944400,1.8200944400,5159400
2020-08-06 11:15:00,1.8200944400,1.8373465200,1.8200944400,1.8287204800,2255900
2020-08-06 11:30:00,1.8287204800,1.8373465200,1.8287204800,1.8287204800,737700
2020-08-06 13:15:00,1.8287204800,1.8373465200,1.8287204800,1.8287204800,1176700
2020-08-06 13:30:00,1.8287204800,1.8373465200,1.8287204800,1.8373465200,712300
2020-08-06 13:45:00,1.8287204800,1.8373465200,1.8200944400,1.8200944400,1694800
2020-08-06 14:00:00,1.8287204800,1.8373465200,1.8200944400,1.8287204800,1891200
2020-08-06 14:15:00,1.8287204800,1.8373465200,1.8200944400,1.8287204800,674000
2020-08-06 14:30:00,1.8287204800,1.8459725600,1.8287204800,1.8459725600,1571400
2020-08-06 14:45:00,1.8459725600,1.8459725600,1.8373465200,1.8459725600,798901
2020-08-06 15:00:00,1.8459725600,1.8459725600,1.8287204800,1.8373465200,3930400
2020-08-07 09:45:00,1.8287204800,1.8373465200,1.8200944400,1.8200944400,2950300
2020-08-07 10:00:00,1.8200944400,1.8287204800,1.8114684000,1.8287204800,3426800
2020-08-07 10:15:00,1.8200944400,1.8287204800,1.8114684000,1.8200944400,1705000
2020-08-07 10:30:00,1.8200944400,1.8200944400,1.8114684000,1.8200944400,1794800
2020-08-07 10:45:00,1.8200944400,1.8200944400,1.8028423600,1.8114684000,3256091
2020-08-07 11:00:00,1.8114684000,1.8200944400,1.8028423600,1.8114684000,1371100
2020-08-07 11:15:00,1.8114684000,1.8287204800,1.8114684000,1.8114684000,2368100
2020-08-07 11:30:00,1.8200944400,1.8200944400,1.8028423600,1.8114684000,2145300
2020-08-07 13:15:00,1.8114684000,1.8114684000,1.7942163200,1.8028423600,4263100
2020-08-07 13:30:00,1.8028423600,1.8114684000,1.7942163200,1.8028423600,3010400
2020-08-07 13:45:00,1.8028423600,1.8200944400,1.8028423600,1.8200944400,866200
2020-08-07 14:00:00,1.8200944400,1.8287204800,1.8114684000,1.8200944400,1955000
2020-08-07 14:15:00,1.8114684000,1.8200944400,1.8114684000,1.8200944400,1777400
2020-08-07 14:30:00,1.8200944400,1.8287204800,1.8114684000,1.8200944400,2029600
2020-08-07 14:45:00,1.8200944400,1.8287204800,1.8114684000,1.8114684000,1767618
2020-08-07 15:00:00,1.8114684000,1.8200944400,1.8114684000,1.8200944400,1882900
2020-08-10 09:45:00,1.8114684000,1.8373465200,1.8028423600,1.8287204800,4117200
2020-08-10 10:00:00,1.8287204800,1.8373465200,1.8114684000,1.8287204800,4150300
2020-08-10 10:15:00,1.8287204800,1.8459725600,1.8200944400,1.8459725600,3576052
2020-08-10 10:30:00,1.8459725600,1.8545986000,1.8373465200,1.8459725600,4633965
2020-08-10 10:45:00,1.8459725600,1.8545986000,1.8459725600,1.8459725600,2601300
2020-08-10 11:00:00,1.8459725600,1.8545986000,1.8373465200,1.8459725600,2164200
2020-08-10 11:15:00,1.8459725600,1.8718506800,1.8459725600,1.8632246400,8969492
2020-08-10 11:30:00,1.8718506800,1.8804767200,1.8632246400,1.8804767200,5752194
2020-08-10 13:15:00,1.8718506800,1.8804767200,1.8718506800,1.8718506800,4309400
2020-08-10 13:30:00,1.8718506800,1.8804767200,1.8718506800,1.8718506800,5497182
2020-08-10 13:45:00,1.8718506800,1.8804767200,1.8718506800,1.8804767200,1277100
2020-08-10 14:00:00,1.8718506800,1.8804767200,1.8718506800,1.8804767200,1112300
2020-08-10 14:15:00,1.8804767200,1.8804767200,1.8632246400,1.8632246400,3976900
2020-08-10 14:30:00,1.8632246400,1.8804767200,1.8632246400,1.8718506800,2756800
2020-08-10 14:45:00,1.8718506800,1.8804767200,1.8632246400,1.8632246400,2378792
2020-08-10 15:00:00,1.8632246400,1.8718506800,1.8632246400,1.8718506800,4055600
2020-08-11 09:45:00,1.8804767200,1.9581110800,1.8804767200,1.9236069200,31234887
2020-08-11 10:00:00,1.9236069200,1.9322329600,1.9063548400,1.9149808800,8788002
2020-08-11 10:15:00,1.9149808800,1.9408590000,1.9063548400,1.9322329600,9546500
2020-08-11 10:30:00,1.9322329600,1.9322329600,1.9236069200,1.9236069200,3989900
2020-08-11 10:45:00,1.9236069200,1.9322329600,1.9149808800,1.9236069200,4768100
2020-08-11 11:00:00,1.9236069200,1.9322329600,1.9236069200,1.9322329600,1611100
2020-08-11 11:15:00,1.9236069200,1.9322329600,1.9236069200,1.9236069200,1538500
2020-08-11 11:30:00,1.9236069200,1.9322329600,1.9063548400,1.9149808800,2840500
2020-08-11 13:15:00,1.9149808800,1.9149808800,1.9063548400,1.9149808800,1725600
2020-08-11 13:30:00,1.9149808800,1.9236069200,1.9063548400,1.9149808800,3363000
2020-08-11 13:45:00,1.9063548400,1.9149808800,1.9063548400,1.9063548400,1134000
2020-08-11 14:00:00,1.9063548400,1.9149808800,1.9063548400,1.9063548400,2067300
2020-08-11 14:15:00,1.9149808800,1.9149808800,1.8891027600,1.8891027600,6162800
2020-08-11 14:30:00,1.8891027600,1.8977288000,1.8718506800,1.8891027600,4399200
2020-08-11 14:45:00,1.8891027600,1.8891027600,1.8632246400,1.8632246400,3929900
2020-08-11 15:00:00,1.8718506800,1.8718506800,1.8459725600,1.8545986000,6209069
2020-08-12 09:45:00,1.8373465200,1.8891027600,1.8287204800,1.8804767200,15746600
2020-08-12 10:00:00,1.8804767200,1.8977288000,1.8718506800,1.8718506800,7225500
2020-08-12 10:15:00,1.8718506800,1.8804767200,1.8545986000,1.8632246400,3268100
2020-08-12 10:30:00,1.8632246400,1.8632246400,1.8459725600,1.8632246400,3055400
2020-08-12 10:45:00,1.8545986000,1.8718506800,1.8545986000,1.8632246400,2837700
2020-08-12 11:00:00,1.8632246400,1.8718506800,1.8632246400,1.8632246400,1212100
2020-08-12 11:15:00,1.8632246400,1.8718506800,1.8545986000,1.8545986000,2234200
2020-08-12 11:30:00,1.8632246400,1.8632246400,1.8459725600,1.8545986000,1661500
2020-08-12 13:15:00,1.8459725600,1.8545986000,1.8373465200,1.8459725600,2426600
2020-08-12 13:30:00,1.8459725600,1.8545986000,1.8373465200,1.8459725600,2004100
2020-08-12 13:45:00,1.8459725600,1.8632246400,1.8373465200,1.8545986000,4744300
2020-08-12 14:00:00,1.8545986000,1.8632246400,1.8545986000,1.8632246400,4172917
2020-08-12 14:15:00,1.8545986000,1.8718506800,1.8545986000,1.8718506800,1945800
2020-08-12 14:30:00,1.8718506800,1.8804767200,1.8632246400,1.8718506800,2926900
2020-08-12 14:45:00,1.8718506800,1.8977288000,1.8718506800,1.8891027600,7179340
2020-08-12 15:00:00,1.8891027600,1.8891027600,1.8804767200,1.8891027600,4092800
2020-08-13 09:45:00,1.8891027600,1.8977288000,1.8632246400,1.8804767200,8492269
2020-08-13 10:00:00,1.8718506800,1.8891027600,1.8718506800,1.8718506800,3598641
2020-08-13 10:15:00,1.8718506800,1.8891027600,1.8718506800,1.8804767200,2197800
2020-08-13 10:30:00,1.8804767200,1.9149808800,1.8804767200,1.9063548400,6487200
2020-08-13 10:45:00,1.9063548400,1.9063548400,1.8977288000,1.8977288000,1725500
2020-08-13 11:00:00,1.9063548400,1.9149808800,1.8977288000,1.9063548400,2785800
2020-08-13 11:15:00,1.9063548400,1.9149808800,1.8891027600,1.8891027600,4982700
2020-08-13 11:30:00,1.8891027600,1.8977288000,1.8804767200,1.8804767200,3284900
2020-08-13 13:15:00,1.8804767200,1.8891027600,1.8718506800,1.8804767200,2629700
2020-08-13 13:30:00,1.8804767200,1.8891027600,1.8804767200,1.8804767200,595900
2020-08-13 13:45:00,1.8891027600,1.8977288000,1.8804767200,1.8891027600,1778600
2020-08-13 14:00:00,1.8891027600,1.8891027600,1.8804767200,1.8804767200,1445500
2020-08-13 14:15:00,1.8804767200,1.8891027600,1.8804767200,1.8804767200,1141600
2020-08-13 14:30:00,1.8804767200,1.8891027600,1.8718506800,1.8804767200,2362250
2020-08-13 14:45:00,1.8804767200,1.8804767200,1.8718506800,1.8718506800,1547400
2020-08-13 15:00:00,1.8718506800,1.8804767200,1.8718506800,1.8804767200,5238010
2020-08-14 09:45:00,1.8804767200,1.8804767200,1.8545986000,1.8632246400,6446606
2020-08-14 10:00:00,1.8632246400,1.8804767200,1.8545986000,1.8632246400,3912200
2020-08-14 10:15:00,1.8632246400,1.8632246400,1.8373465200,1.8545986000,11181400
2020-08-14 10:30:00,1.8545986000,1.8632246400,1.8459725600,1.8459725600,3211100
2020-08-14 10:45:00,1.8545986000,1.8545986000,1.8373465200,1.8459725600,3826700
2020-08-14 11:00:00,1.8459725600,1.8459725600,1.8373465200,1.8373465200,1094100
2020-08-14 11:15:00,1.8373465200,1.8459725600,1.8287204800,1.8373465200,6745624
2020-08-14 11:30:00,1.8373465200,1.8459725600,1.8287204800,1.8373465200,2065700
2020-08-14 13:15:00,1.8373465200,1.8459725600,1.8287204800,1.8459725600,2085201
2020-08-14 13:30:00,1.8459725600,1.8545986000,1.8373465200,1.8459725600,2920700
2020-08-14 13:45:00,1.8459725600,1.8545986000,1.8459725600,1.8545986000,1893300
2020-08-14 14:00:00,1.8459725600,1.8545986000,1.8373465200,1.8459725600,1585800
2020-08-14 14:15:00,1.8459725600,1.8545986000,1.8373465200,1.8459725600,1812800
2020-08-14 14:30:00,1.8459725600,1.8545986000,1.8459725600,1.8459725600,1318200
2020-08-14 14:45:00,1.8545986000,1.8632246400,1.8545986000,1.8545986000,3718537
2020-08-14 15:00:00,1.8545986000,1.8718506800,1.8545986000,1.8718506800,5698500
2020-08-17 09:45:00,1.8632246400,1.8891027600,1.8545986000,1.8718506800,8987200
2020-08-17 10:00:00,1.8718506800,1.9063548400,1.8718506800,1.8977288000,9041900
2020-08-17 10:15:00,1.8977288000,1.9063548400,1.8891027600,1.8891027600,4556600
2020-08-17 10:30:00,1.8977288000,1.9063548400,1.8891027600,1.8977288000,4258700
2020-08-17 10:45:00,1.8977288000,1.9063548400,1.8977288000,1.9063548400,1480100
2020-08-17 11:00:00,1.9063548400,1.9236069200,1.8977288000,1.9236069200,6922700
2020-08-17 11:15:00,1.9149808800,1.9236069200,1.9063548400,1.9063548400,3997621
2020-08-17 11:30:00,1.9149808800,1.9149808800,1.9063548400,1.9149808800,2260800
2020-08-17 13:15:00,1.9063548400,1.9149808800,1.9063548400,1.9149808800,2533600
2020-08-17 13:30:00,1.9149808800,1.9149808800,1.9063548400,1.9063548400,4582700
2020-08-17 13:45:00,1.9063548400,1.9149808800,1.8977288000,1.9063548400,2245600
2020-08-17 14:00:00,1.8977288000,1.9063548400,1.8977288000,1.9063548400,1075900
2020-08-17 14:15:00,1.9063548400,1.9063548400,1.8891027600,1.8977288000,5525500
2020-08-17 14:30:00,1.8977288000,1.9063548400,1.8891027600,1.8977288000,2265601
2020-08-17 14:45:00,1.8977288000,1.9063548400,1.8891027600,1.8977288000,3267000
2020-08-17 15:00:00,1.8977288000,1.9063548400,1.8977288000,1.8977288000,2306203
2020-08-18 09:45:00,1.9063548400,1.9149808800,1.8891027600,1.9063548400,7869560
2020-08-18 10:00:00,1.8977288000,1.9063548400,1.8891027600,1.8891027600,3907855
2020-08-18 10:15:00,1.8977288000,1.9063548400,1.8804767200,1.8977288000,6884067
2020-08-18 10:30:00,1.8977288000,1.9063548400,1.8891027600,1.8977288000,2395601
2020-08-18 10:45:00,1.9063548400,1.9063548400,1.8891027600,1.8891027600,2573089
2020-08-18 11:00:00,1.8977288000,1.9063548400,1.8891027600,1.8891027600,2938500
2020-08-18 11:15:00,1.8891027600,1.9063548400,1.8891027600,1.8977288000,1324400
2020-08-18 11:30:00,1.8977288000,1.9149808800,1.8977288000,1.9149808800,5133129
2020-08-18 13:15:00,1.9149808800,1.9149808800,1.9063548400,1.9063548400,1871128
2020-08-18 13:30:00,1.9063548400,1.9149808800,1.9063548400,1.9063548400,938247
2020-08-18 13:45:00,1.9063548400,1.9149808800,1.8977288000,1.9149808800,4309931
2020-08-18 14:00:00,1.9063548400,1.9149808800,1.8977288000,1.9063548400,1472223
2020-08-18 14:15:00,1.8977288000,1.9149808800,1.8977288000,1.9149808800,1843816
2020-08-18 14:30:00,1.9149808800,1.9149808800,1.8977288000,1.8977288000,1323074
2020-08-18 14:45:00,1.8977288000,1.9063548400,1.8977288000,1.8977288000,906504
2020-08-18 15:00:00,1.9063548400,1.9063548400,1.8977288000,1.8977288000,4095836
2020-08-19 09:45:00,1.9149808800,1.9408590000,1.8977288000,1.9063548400,11131600
2020-08-19 10:00:00,1.8977288000,1.9149808800,1.8977288000,1.9063548400,2398401
2020-08-19 10:15:00,1.8977288000,1.9149808800,1.8977288000,1.9149808800,2770101
2020-08-19 10:30:00,1.9149808800,1.9236069200,1.9063548400,1.9149808800,1501200
2020-08-19 10:45:00,1.9149808800,1.9149808800,1.9063548400,1.9149808800,666900
2020-08-19 11:00:00,1.9149808800,1.9149808800,1.9063548400,1.9149808800,1226800
2020-08-19 11:15:00,1.9063548400,1.9149808800,1.9063548400,1.9063548400,1685400
2020-08-19 11:30:00,1.9063548400,1.9149808800,1.9063548400,1.9149808800,726900
2020-08-19 13:15:00,1.9063548400,1.9149808800,1.9063548400,1.9063548400,1669700
2020-08-19 13:30:00,1.9063548400,1.9149808800,1.9063548400,1.9149808800,773700
2020-08-19 13:45:00,1.9063548400,1.9322329600,1.9063548400,1.9149808800,9002150
2020-08-19 14:00:00,1.9236069200,1.9236069200,1.9063548400,1.9149808800,1993100
2020-08-19 14:15:00,1.9063548400,1.9149808800,1.8977288000,1.9063548400,4256100
2020-08-19 14:30:00,1.9063548400,1.9149808800,1.8977288000,1.9063548400,3448300
2020-08-19 14:45:00,1.9063548400,1.9063548400,1.8891027600,1.8891027600,5960700
2020-08-19 15:00:00,1.8891027600,1.8977288000,1.8891027600,1.8891027600,4142404
2020-08-20 09:45:00,1.8804767200,1.8804767200,1.8632246400,1.8718506800,7979961
2020-08-20 10:00:00,1.8718506800,1.8804767200,1.8632246400,1.8718506800,4877300
2020-08-20 10:15:00,1.8718506800,1.8804767200,1.8632246400,1.8718506800,4943650
2020-08-20 10:30:00,1.8718506800,1.8804767200,1.8632246400,1.8632246400,4803400
2020-08-20 10:45:00,1.8632246400,1.8804767200,1.8632246400,1.8632246400,1460300
2020-08-20 11:00:00,1.8718506800,1.8718506800,1.8632246400,1.8718506800,790100
2020-08-20 11:15:00,1.8718506800,1.8804767200,1.8632246400,1.8632246400,2427400
2020-08-20 11:30:00,1.8632246400,1.8804767200,1.8632246400,1.8718506800,917100
2020-08-20 13:15:00,1.8804767200,1.8804767200,1.8632246400,1.8718506800,1238500
2020-08-20 13:30:00,1.8718506800,1.8718506800,1.8632246400,1.8632246400,684410
2020-08-20 13:45:00,1.8632246400,1.8718506800,1.8545986000,1.8632246400,3611134
2020-08-20 14:00:00,1.8632246400,1.8632246400,1.8545986000,1.8632246400,1094400
2020-08-20 14:15:00,1.8632246400,1.8632246400,1.8459725600,1.8545986000,3604445
2020-08-20 14:30:00,1.8459725600,1.8632246400,1.8459725600,1.8632246400,3032900
2020-08-20 14:45:00,1.8545986000,1.8545986000,1.8373465200,1.8459725600,4522500
2020-08-20 15:00:00,1.8459725600,1.8545986000,1.8373465200,1.8545986000,2914172
2020-08-21 09:45:00,1.8545986000,1.8804767200,1.8545986000,1.8804767200,5202000
2020-08-21 10:00:00,1.8718506800,1.8718506800,1.8632246400,1.8632246400,2314100
2020-08-21 10:15:00,1.8718506800,1.8718506800,1.8545986000,1.8545986000,2658000
2020-08-21 10:30:00,1.8632246400,1.8632246400,1.8545986000,1.8632246400,796800
2020-08-21 10:45:00,1.8632246400,1.8632246400,1.8545986000,1.8632246400,768300
2020-08-21 11:00:00,1.8632246400,1.8718506800,1.8545986000,1.8718506800,2348000
2020-08-21 11:15:00,1.8632246400,1.8718506800,1.8632246400,1.8718506800,538100
2020-08-21 11:30:00,1.8718506800,1.8718506800,1.8632246400,1.8632246400,549800
2020-08-21 13:15:00,1.8718506800,1.8718506800,1.8632246400,1.8718506800,785000
2020-08-21 13:30:00,1.8718506800,1.8718506800,1.8545986000,1.8632246400,2582700
2020-08-21 13:45:00,1.8632246400,1.8632246400,1.8459725600,1.8545986000,3090500
2020-08-21 14:00:00,1.8545986000,1.8545986000,1.8459725600,1.8545986000,1028100
2020-08-21 14:15:00,1.8545986000,1.8545986000,1.8459725600,1.8545986000,706600
2020-08-21 14:30:00,1.8545986000,1.8545986000,1.8459725600,1.8459725600,812100
2020-08-21 14:45:00,1.8545986000,1.8545986000,1.8373465200,1.8545986000,5939100
2020-08-21 15:00:00,1.8545986000,1.8632246400,1.8459725600,1.8545986000,3245414
2020-08-24 09:45:00,1.8632246400,1.8718506800,1.8459725600,1.8545986000,4022810
2020-08-24 10:00:00,1.8545986000,1.8632246400,1.8459725600,1.8545986000,2818200
2020-08-24 10:15:00,1.8545986000,1.8632246400,1.8545986000,1.8632246400,1297026
2020-08-24 10:30:00,1.8632246400,1.8632246400,1.8545986000,1.8545986000,1184200
2020-08-24 10:45:00,1.8545986000,1.8632246400,1.8459725600,1.8545986000,2720300
2020-08-24 11:00:00,1.8545986000,1.8632246400,1.8459725600,1.8545986000,1577700
2020-08-24 11:15:00,1.8545986000,1.8545986000,1.8459725600,1.8459725600,1318600
2020-08-24 11:30:00,1.8459725600,1.8632246400,1.8459725600,1.8545986000,1246500
2020-08-24 13:15:00,1.8545986000,1.8632246400,1.8459725600,1.8459725600,918900
2020-08-24 13:30:00,1.8545986000,1.8545986000,1.8459725600,1.8459725600,464667
2020-08-24 13:45:00,1.8459725600,1.8545986000,1.8459725600,1.8459725600,1331400
2020-08-24 14:00:00,1.8459725600,1.8632246400,1.8459725600,1.8545986000,2518900
2020-08-24 14:15:00,1.8545986000,1.8632246400,1.8459725600,1.8459725600,1102700
2020-08-24 14:30:00,1.8459725600,1.8545986000,1.8459725600,1.8545986000,938000
2020-08-24 14:45:00,1.8545986000,1.8545986000,1.8459725600,1.8459725600,1311243
2020-08-24 15:00:00,1.8545986000,1.8545986000,1.8459725600,1.8459725600,2115000
2020-08-25 09:45:00,1.8545986000,1.8632246400,1.8545986000,1.8545986000,2655800
2020-08-25 10:00:00,1.8545986000,1.8632246400,1.8545986000,1.8632246400,1340600
2020-08-25 10:15:00,1.8632246400,1.8632246400,1.8459725600,1.8545986000,2020900
2020-08-25 10:30:00,1.8545986000,1.8545986000,1.8459725600,1.8459725600,1257900
2020-08-25 10:45:00,1.8459725600,1.8545986000,1.8373465200,1.8459725600,3130900
2020-08-25 11:00:00,1.8459725600,1.8459725600,1.8373465200,1.8459725600,1525500
2020-08-25 11:15:00,1.8459725600,1.8459725600,1.8373465200,1.8373465200,1494000
2020-08-25 11:30:00,1.8373465200,1.8459725600,1.8287204800,1.8287204800,2665700
2020-08-25 13:15:00,1.8287204800,1.8373465200,1.8287204800,1.8373465200,1303900
2020-08-25 13:30:00,1.8373465200,1.8373465200,1.8287204800,1.8287204800,1455700
2020-08-25 13:45:00,1.8287204800,1.8373465200,1.8287204800,1.8287204800,682700
2020-08-25 14:00:00,1.8287204800,1.8373465200,1.8200944400,1.8287204800,2607500
2020-08-25 14:15:00,1.8287204800,1.8373465200,1.8200944400,1.8287204800,987600
2020-08-25 14:30:00,1.8287204800,1.8373465200,1.8287204800,1.8287204800,824000
2020-08-25 14:45:00,1.8287204800,1.8373465200,1.8200944400,1.8287204800,1439000
2020-08-25 15:00:00,1.8200944400,1.8373465200,1.8200944400,1.8287204800,2467700
2020-08-26 09:45:00,1.8373465200,1.8373465200,1.8114684000,1.8114684000,4012600
2020-08-26 10:00:00,1.8200944400,1.8287204800,1.8114684000,1.8287204800,1431132
2020-08-26 10:15:00,1.8200944400,1.8287204800,1.8114684000,1.8200944400,1720462
2020-08-26 10:30:00,1.8200944400,1.8287204800,1.8114684000,1.8200944400,980900
2020-08-26 10:45:00,1.8200944400,1.8287204800,1.8200944400,1.8287204800,741600
2020-08-26 11:00:00,1.8200944400,1.8287204800,1.8114684000,1.8114684000,1294600
2020-08-26 11:15:00,1.8200944400,1.8200944400,1.8114684000,1.8200944400,2246700
2020-08-26 11:30:00,1.8114684000,1.8200944400,1.8028423600,1.8114684000,1952600
2020-08-26 13:15:00,1.8114684000,1.8114684000,1.8028423600,1.8114684000,1738200
2020-08-26 13:30:00,1.8114684000,1.8114684000,1.8028423600,1.8114684000,1517100
2020-08-26 13:45:00,1.8114684000,1.8114684000,1.7942163200,1.8028423600,1998300
2020-08-26 14:00:00,1.8028423600,1.8114684000,1.7942163200,1.8028423600,1362100
2020-08-26 14:15:00,1.8028423600,1.8028423600,1.7855902800,1.7942163200,4114500
2020-08-26 14:30:00,1.7942163200,1.8028423600,1.7855902800,1.7942163200,2176400
2020-08-26 14:45:00,1.7942163200,1.8028423600,1.7942163200,1.8028423600,1531001
2020-08-26 15:00:00,1.8028423600,1.8028423600,1.7942163200,1.8028423600,1811000
2020-08-27 09:45:00,1.8028423600,1.8114684000,1.7855902800,1.8028423600,4277436
2020-08-27 10:00:00,1.8028423600,1.8028423600,1.7942163200,1.8028423600,1724500
2020-08-27 10:15:00,1.7942163200,1.8028423600,1.7855902800,1.8028423600,2003590
2020-08-27 10:30:00,1.8028423600,1.8028423600,1.7942163200,1.7942163200,668800
2020-08-27 10:45:00,1.7942163200,1.8028423600,1.7942163200,1.8028423600,944800
2020-08-27 11:00:00,1.8028423600,1.8200944400,1.7942163200,1.8200944400,3560900
2020-08-27 11:15:00,1.8200944400,1.8200944400,1.8028423600,1.8028423600,840100
2020-08-27 11:30:00,1.8028423600,1.8114684000,1.8028423600,1.8114684000,635100
2020-08-27 13:15:00,1.8114684000,1.8114684000,1.8028423600,1.8028423600,995600
2020-08-27 13:30:00,1.8028423600,1.8200944400,1.8028423600,1.8028423600,1704300
2020-08-27 13:45:00,1.8114684000,1.8200944400,1.8028423600,1.8028423600,1091300
2020-08-27 14:00:00,1.8028423600,1.8114684000,1.8028423600,1.8114684000,329001
2020-08-27 14:15:00,1.8028423600,1.8114684000,1.8028423600,1.8028423600,317800
2020-08-27 14:30:00,1.8028423600,1.8114684000,1.8028423600,1.8028423600,920600
2020-08-27 14:45:00,1.8028423600,1.8114684000,1.8028423600,1.8114684000,524300
2020-08-27 15:00:00,1.8114684000,1.8114684000,1.8028423600,1.8114684000,2687700
2020-08-28 09:45:00,1.8028423600,1.8114684000,1.7942163200,1.8028423600,2244100
2020-08-28 10:00:00,1.8028423600,1.8114684000,1.8028423600,1.8114684000,1059000
2020-08-28 10:15:00,1.8028423600,1.8114684000,1.7942163200,1.8028423600,2550400
2020-08-28 10:30:00,1.7942163200,1.8028423600,1.7942163200,1.7942163200,2488026
2020-08-28 10:45:00,1.7942163200,1.8028423600,1.7855902800,1.7942163200,2204774
2020-08-28 11:00:00,1.7942163200,1.8028423600,1.7942163200,1.7942163200,613000
2020-08-28 11:15:00,1.7942163200,1.8114684000,1.7942163200,1.8114684000,1854176
2020-08-28 11:30:00,1.8028423600,1.8114684000,1.8028423600,1.8028423600,587400
2020-08-28 13:15:00,1.8114684000,1.8114684000,1.8028423600,1.8028423600,904200
2020-08-28 13:30:00,1.8028423600,1.8114684000,1.8028423600,1.8114684000,344572
2020-08-28 13:45:00,1.8028423600,1.8114684000,1.8028423600,1.8028423600,443600
2020-08-28 14:00:00,1.8028423600,1.8287204800,1.8028423600,1.8287204800,4597881
2020-08-28 14:15:00,1.8287204800,1.8287204800,1.8114684000,1.8287204800,2432100
2020-08-28 14:30:00,1.8287204800,1.8287204800,1.8200944400,1.8200944400,1324800
2020-08-28 14:45:00,1.8287204800,1.8373465200,1.8200944400,1.8373465200,2747400
2020-08-28 15:00:00,1.8373465200,1.8373465200,1.8287204800,1.8287204800,2955900
2020-08-31 09:45:00,1.8373465200,1.8545986000,1.8373465200,1.8459725600,4849400
2020-08-31 10:00:00,1.8459725600,1.8545986000,1.8373465200,1.8459725600,4312200
2020-08-31 10:15:00,1.8545986000,1.8545986000,1.8373465200,1.8459725600,1203000
2020-08-31 10:30:00,1.8459725600,1.8459725600,1.8373465200,1.8373465200,887700
2020-08-31 10:45:00,1.8373465200,1.8459725600,1.8373465200,1.8373465200,1446200
2020-08-31 11:00:00,1.8459725600,1.8459725600,1.8373465200,1.8373465200,702200
2020-08-31 11:15:00,1.8459725600,1.8459725600,1.8373465200,1.8373465200,599600
2020-08-31 11:30:00,1.8459725600,1.8459725600,1.8373465200,1.8373465200,823600
2020-08-31 13:15:00,1.8373465200,1.8459725600,1.8287204800,1.8287204800,1478800
2020-08-31 13:30:00,1.8287204800,1.8373465200,1.8287204800,1.8287204800,950300
2020-08-31 13:45:00,1.8287204800,1.8373465200,1.8287204800,1.8287204800,808400
2020-08-31 14:00:00,1.8373465200,1.8373465200,1.8287204800,1.8287204800,2549100
2020-08-31 14:15:00,1.8287204800,1.8373465200,1.8287204800,1.8287204800,1074430
2020-08-31 14:30:00,1.8287204800,1.8287204800,1.8200944400,1.8287204800,2432970
2020-08-31 14:45:00,1.8200944400,1.8287204800,1.8200944400,1.8200944400,2346310
2020-08-31 15:00:00,1.8200944400,1.8287204800,1.8114684000,1.8287204800,3325000
2020-09-01 09:45:00,1.8200944400,1.8287204800,1.8114684000,1.8200944400,3721819
2020-09-01 10:00:00,1.8200944400,1.8287204800,1.8200944400,1.8200944400,1647700
2020-09-01 10:15:00,1.8287204800,1.8287204800,1.8114684000,1.8287204800,1396444
2020-09-01 10:30:00,1.8200944400,1.8287204800,1.8114684000,1.8200944400,1035300
2020-09-01 10:45:00,1.8200944400,1.8287204800,1.8114684000,1.8287204800,1251500
2020-09-01 11:00:00,1.8287204800,1.8459725600,1.8200944400,1.8373465200,3222200
2020-09-01 11:15:00,1.8373465200,1.8459725600,1.8373465200,1.8459725600,1014700
2020-09-01 11:30:00,1.8373465200,1.8459725600,1.8287204800,1.8373465200,1395002
2020-09-01 13:15:00,1.8373465200,1.8373465200,1.8287204800,1.8373465200,611100
2020-09-01 13:30:00,1.8373465200,1.8373465200,1.8287204800,1.8373465200,302800
2020-09-01 13:45:00,1.8373465200,1.8373465200,1.8287204800,1.8373465200,241000
2020-09-01 14:00:00,1.8287204800,1.8373465200,1.8287204800,1.8373465200,330500
2020-09-01 14:15:00,1.8373465200,1.8373465200,1.8287204800,1.8373465200,679200
2020-09-01 14:30:00,1.8287204800,1.8373465200,1.8287204800,1.8287204800,671100
2020-09-01 14:45:00,1.8373465200,1.8373465200,1.8200944400,1.8287204800,1086400
2020-09-01 15:00:00,1.8287204800,1.8373465200,1.8200944400,1.8373465200,3013000
2020-09-02 09:45:00,1.8287204800,1.8373465200,1.8200944400,1.8287204800,2310200
2020-09-02 10:00:00,1.8287204800,1.8459725600,1.8287204800,1.8459725600,3646816
2020-09-02 10:15:00,1.8459725600,1.8459725600,1.8200944400,1.8287204800,2360900
2020-09-02 10:30:00,1.8287204800,1.8287204800,1.8200944400,1.8200944400,2028600
2020-09-02 10:45:00,1.8200944400,1.8287204800,1.8200944400,1.8200944400,1449600
2020-09-02 11:00:00,1.8200944400,1.8287204800,1.8114684000,1.8200944400,3036300
2020-09-02 11:15:00,1.8114684000,1.8200944400,1.8114684000,1.8114684000,2149400
2020-09-02 11:30:00,1.8114684000,1.8287204800,1.8114684000,1.8200944400,1504300
2020-09-02 13:15:00,1.8200944400,1.8287204800,1.8114684000,1.8287204800,1824603
2020-09-02 13:30:00,1.8287204800,1.8287204800,1.8200944400,1.8200944400,586200
2020-09-02 13:45:00,1.8200944400,1.8287204800,1.8200944400,1.8287204800,945500
2020-09-02 14:00:00,1.8287204800,1.8287204800,1.8200944400,1.8200944400,791800
2020-09-02 14:15:00,1.8200944400,1.8373465200,1.8200944400,1.8287204800,2021242
2020-09-02 14:30:00,1.8287204800,1.8373465200,1.8200944400,1.8200944400,1811000
2020-09-02 14:45:00,1.8200944400,1.8287204800,1.8200944400,1.8200944400,981000
2020-09-02 15:00:00,1.8200944400,1.8287204800,1.8200944400,1.8200944400,1578600
2020-09-03 09:45:00,1.8287204800,1.8287204800,1.8114684000,1.8200944400,3296300
2020-09-03 10:00:00,1.8200944400,1.8287204800,1.8200944400,1.8200944400,587810
2020-09-03 10:15:00,1.8287204800,1.8373465200,1.8200944400,1.8287204800,3602000
2020-09-03 10:30:00,1.8287204800,1.8287204800,1.8114684000,1.8287204800,1707900
2020-09-03 10:45:00,1.8287204800,1.8287204800,1.8200944400,1.8287204800,397300
2020-09-03 11:00:00,1.8200944400,1.8287204800,1.8200944400,1.8200944400,565600
2020-09-03 11:15:00,1.8200944400,1.8287204800,1.8114684000,1.8200944400,1813000
2020-09-03 11:30:00,1.8200944400,1.8373465200,1.8114684000,1.8287204800,3096900
2020-09-03 13:15:00,1.8287204800,1.8287204800,1.8200944400,1.8200944400,725508
2020-09-03 13:30:00,1.8200944400,1.8287204800,1.8200944400,1.8287204800,1410300
2020-09-03 13:45:00,1.8287204800,1.8373465200,1.8200944400,1.8200944400,1110100
2020-09-03 14:00:00,1.8200944400,1.8287204800,1.8200944400,1.8287204800,671800
2020-09-03 14:15:00,1.8287204800,1.8287204800,1.8200944400,1.8200944400,803700
2020-09-03 14:30:00,1.8200944400,1.8287204800,1.8114684000,1.8200944400,1160000
2020-09-03 14:45:00,1.8200944400,1.8287204800,1.8114684000,1.8200944400,653600
2020-09-03 15:00:00,1.8200944400,1.8287204800,1.8114684000,1.8287204800,1799200
2020-09-04 09:45:00,1.8114684000,1.8114684000,1.7855902800,1.8028423600,12420194
2020-09-04 10:00:00,1.8028423600,1.8114684000,1.7942163200,1.8028423600,2081200
2020-09-04 10:15:00,1.8028423600,1.8114684000,1.8028423600,1.8114684000,894000
2020-09-04 10:30:00,1.8114684000,1.8114684000,1.8028423600,1.8028423600,414200
2020-09-04 10:45:00,1.8028423600,1.8114684000,1.8028423600,1.8114684000,1855400
2020-09-04 11:00:00,1.8114684000,1.8114684000,1.8028423600,1.8028423600,479300
2020-09-04 11:15:00,1.8028423600,1.8114684000,1.7942163200,1.8028423600,889600
2020-09-04 11:30:00,1.8028423600,1.8114684000,1.7942163200,1.8114684000,729961
2020-09-04 13:15:00,1.8028423600,1.8114684000,1.8028423600,1.8114684000,379400
2020-09-04 13:30:00,1.8114684000,1.8114684000,1.8028423600,1.8114684000,370900
2020-09-04 13:45:00,1.8114684000,1.8114684000,1.8028423600,1.8028423600,344600
2020-09-04 14:00:00,1.8028423600,1.8114684000,1.8028423600,1.8114684000,432100
2020-09-04 14:15:00,1.8028423600,1.8114684000,1.8028423600,1.8114684000,1119000
2020-09-04 14:30:00,1.8114684000,1.8114684000,1.8028423600,1.8028423600,852000
2020-09-04 14:45:00,1.8028423600,1.8200944400,1.8028423600,1.8114684000,1492000
2020-09-04 15:00:00,1.8200944400,1.8200944400,1.8114684000,1.8114684000,1750200
2020-09-07 09:45:00,1.8114684000,1.8545986000,1.8028423600,1.8373465200,9047200
2020-09-07 10:00:00,1.8373465200,1.8373465200,1.8200944400,1.8200944400,2596200
2020-09-07 10:15:00,1.8287204800,1.8287204800,1.8200944400,1.8200944400,1445900
2020-09-07 10:30:00,1.8200944400,1.8287204800,1.8200944400,1.8287204800,972300
2020-09-07 10:45:00,1.8200944400,1.8287204800,1.8114684000,1.8200944400,2293100
2020-09-07 11:00:00,1.8200944400,1.8287204800,1.8114684000,1.8114684000,1480325
2020-09-07 11:15:00,1.8114684000,1.8287204800,1.8114684000,1.8287204800,776000
2020-09-07 11:30:00,1.8287204800,1.8287204800,1.8114684000,1.8200944400,789900
2020-09-07 13:15:00,1.8200944400,1.8200944400,1.8114684000,1.8200944400,568300
2020-09-07 13:30:00,1.8200944400,1.8200944400,1.8114684000,1.8114684000,964401
2020-09-07 13:45:00,1.8200944400,1.8200944400,1.8114684000,1.8200944400,806700
2020-09-07 14:00:00,1.8200944400,1.8200944400,1.8114684000,1.8114684000,581300
2020-09-07 14:15:00,1.8114684000,1.8200944400,1.8114684000,1.8114684000,1547300
2020-09-07 14:30:00,1.8114684000,1.8200944400,1.8028423600,1.8028423600,5127674
2020-09-07 14:45:00,1.8028423600,1.8200944400,1.8028423600,1.8114684000,1381800
2020-09-07 15:00:00,1.8114684000,1.8114684000,1.8028423600,1.8028423600,2265336
2020-09-08 09:45:00,1.8028423600,1.8200944400,1.8028423600,1.8114684000,2607200
2020-09-08 10:00:00,1.8028423600,1.8200944400,1.8028423600,1.8114684000,3245500
2020-09-08 10:15:00,1.8200944400,1.8287204800,1.8114684000,1.8287204800,2357767
2020-09-08 10:30:00,1.8287204800,1.8287204800,1.8200944400,1.8287204800,3097210
2020-09-08 10:45:00,1.8287204800,1.8459725600,1.8200944400,1.8373465200,6400500
2020-09-08 11:00:00,1.8373465200,1.8804767200,1.8373465200,1.8718506800,15662108
2020-09-08 11:15:00,1.8718506800,1.8718506800,1.8459725600,1.8545986000,7543795
2020-09-08 11:30:00,1.8545986000,1.8632246400,1.8459725600,1.8545986000,3275100
2020-09-08 13:15:00,1.8545986000,1.8718506800,1.8459725600,1.8632246400,3832339
2020-09-08 13:30:00,1.8632246400,1.8718506800,1.8545986000,1.8718506800,1993200
2020-09-08 13:45:00,1.8718506800,1.8718506800,1.8632246400,1.8632246400,2692300
2020-09-08 14:00:00,1.8718506800,1.8804767200,1.8632246400,1.8804767200,5008400
2020-09-08 14:15:00,1.8804767200,1.8804767200,1.8718506800,1.8718506800,2283600
2020-09-08 14:30:00,1.8718506800,1.8804767200,1.8632246400,1.8718506800,3762300
2020-09-08 14:45:00,1.8718506800,1.8804767200,1.8718506800,1.8718506800,2120635
2020-09-08 15:00:00,1.8718506800,1.8804767200,1.8718506800,1.8804767200,8576437
2020-09-09 09:45:00,1.8632246400,2.0184933600,1.8632246400,1.9839892000,53390726
2020-09-09 10:00:00,1.9753631600,1.9926152400,1.9494850400,1.9926152400,20023600
2020-09-09 10:15:00,1.9839892000,1.9926152400,1.9667371200,1.9753631600,11192200
2020-09-09 10:30:00,1.9753631600,1.9839892000,1.9667371200,1.9753631600,8843508
2020-09-09 10:45:00,1.9753631600,1.9839892000,1.9581110800,1.9667371200,10265800
2020-09-09 11:00:00,1.9753631600,2.0702496000,1.9667371200,2.0702496000,53291098
2020-09-09 11:15:00,2.0702496000,2.0702496000,2.0702496000,2.0702496000,6116673
2020-09-09 11:30:00,2.0702496000,2.0702496000,2.0702496000,2.0702496000,4778690
2020-09-09 13:15:00,2.0702496000,2.0702496000,2.0357454400,2.0616235600,36527962
2020-09-09 13:30:00,2.0702496000,2.0702496000,2.0529975200,2.0702496000,18752524
2020-09-09 13:45:00,2.0616235600,2.0702496000,2.0529975200,2.0616235600,12704700
2020-09-09 14:00:00,2.0616235600,2.0702496000,2.0529975200,2.0616235600,9028649
2020-09-09 14:15:00,2.0616235600,2.0702496000,2.0616235600,2.0702496000,19735691
2020-09-09 14:30:00,2.0702496000,2.0702496000,2.0616235600,2.0702496000,8424195
2020-09-09 14:45:00,2.0702496000,2.0702496000,2.0702496000,2.0702496000,4220544
2020-09-09 15:00:00,2.0702496000,2.0702496000,2.0702496000,2.0702496000,4092608
2020-09-10 09:45:00,2.0702496000,2.0875016800,1.9667371200,1.9926152400,69835141
2020-09-10 10:00:00,2.0012412800,2.0098673200,1.9322329600,1.9667371200,36447181
2020-09-10 10:15:00,1.9667371200,2.0271194000,1.9581110800,1.9926152400,16037973
2020-09-10 10:30:00,1.9926152400,2.0184933600,1.9753631600,2.0012412800,15136728
2020-09-10 10:45:00,2.0012412800,2.0098673200,1.9839892000,1.9926152400,3959051
2020-09-10 11:00:00,1.9839892000,2.0012412800,1.9753631600,1.9839892000,7512300
2020-09-10 11:15:00,1.9839892000,2.0012412800,1.9581110800,1.9753631600,9609486
2020-09-10 11:30:00,1.9753631600,2.0012412800,1.9667371200,1.9839892000,9504413
2020-09-10 13:15:00,1.9839892000,2.0098673200,1.9753631600,2.0098673200,11266376
2020-09-10 13:30:00,2.0098673200,2.0184933600,1.9926152400,2.0098673200,6721092
2020-09-10 13:45:00,2.0012412800,2.0184933600,1.9839892000,1.9926152400,5570900
2020-09-10 14:00:00,2.0012412800,2.0098673200,1.9839892000,1.9839892000,4294350
2020-09-10 14:15:00,1.9926152400,2.0012412800,1.9753631600,1.9839892000,5653000
2020-09-10 14:30:00,1.9753631600,1.9926152400,1.9667371200,1.9753631600,6538500
2020-09-10 14:45:00,1.9753631600,1.9926152400,1.9581110800,1.9839892000,10284800
2020-09-10 15:00:00,1.9839892000,1.9926152400,1.9667371200,1.9926152400,14258872
2020-09-11 09:45:00,1.9926152400,2.0271194000,1.9236069200,1.9753631600,28747215
2020-09-11 10:00:00,1.9753631600,1.9926152400,1.9581110800,1.9753631600,8395726
2020-09-11 10:15:00,1.9753631600,1.9926152400,1.9667371200,1.9753631600,6572513
2020-09-11 10:30:00,1.9667371200,1.9839892000,1.9581110800,1.9581110800,4047100
2020-09-11 10:45:00,1.9667371200,1.9753631600,1.9408590000,1.9581110800,7096500
2020-09-11 11:00:00,1.9494850400,1.9494850400,1.9322329600,1.9494850400,5512600
2020-09-11 11:15:00,1.9494850400,1.9581110800,1.9408590000,1.9581110800,2738100
2020-09-11 11:30:00,1.9494850400,1.9581110800,1.9408590000,1.9494850400,2006000
2020-09-11 13:15:00,1.9494850400,1.9581110800,1.9408590000,1.9494850400,3704800
2020-09-11 13:30:00,1.9494850400,1.9494850400,1.9236069200,1.9236069200,8498700
2020-09-11 13:45:00,1.9236069200,1.9408590000,1.9236069200,1.9236069200,5461400
2020-09-11 14:00:00,1.9236069200,1.9408590000,1.9149808800,1.9149808800,7524500
2020-09-11 14:15:00,1.9149808800,1.9322329600,1.9063548400,1.9236069200,9283638
2020-09-11 14:30:00,1.9322329600,1.9494850400,1.9236069200,1.9494850400,4491136
2020-09-11 14:45:00,1.9494850400,1.9494850400,1.9322329600,1.9408590000,5132002
2020-09-11 15:00:00,1.9408590000,1.9581110800,1.9236069200,1.9494850400,11596479
2020-09-14 09:45:00,1.9581110800,1.9753631600,1.9408590000,1.9667371200,11858291
2020-09-14 10:00:00,1.9667371200,2.0012412800,1.9408590000,1.9926152400,16818156
2020-09-14 10:15:00,1.9926152400,2.0012412800,1.9581110800,1.9667371200,11727200
2020-09-14 10:30:00,1.9667371200,1.9839892000,1.9581110800,1.9753631600,4299500
2020-09-14 10:45:00,1.9753631600,1.9753631600,1.9494850400,1.9494850400,5003900
2020-09-14 11:00:00,1.9581110800,1.9581110800,1.9494850400,1.9581110800,3091200
2020-09-14 11:15:00,1.9494850400,1.9581110800,1.9408590000,1.9408590000,4700300
2020-09-14 11:30:00,1.9408590000,1.9581110800,1.9408590000,1.9494850400,2035800
2020-09-14 13:15:00,1.9408590000,1.9494850400,1.9322329600,1.9322329600,4887992
2020-09-14 13:30:00,1.9322329600,1.9408590000,1.9236069200,1.9322329600,3714407
2020-09-14 13:45:00,1.9236069200,1.9322329600,1.9149808800,1.9322329600,4405301
2020-09-14 14:00:00,1.9236069200,1.9322329600,1.9149808800,1.9149808800,2673800
2020-09-14 14:15:00,1.9149808800,1.9236069200,1.9149808800,1.9236069200,3131500
2020-09-14 14:30:00,1.9149808800,1.9322329600,1.9149808800,1.9149808800,3387100
2020-09-14 14:45:00,1.9236069200,1.9236069200,1.9149808800,1.9149808800,5380600
2020-09-14 15:00:00,1.9149808800,1.9408590000,1.9149808800,1.9408590000,7867900
2020-09-15 09:45:00,1.9322329600,1.9322329600,1.8977288000,1.9063548400,10698300
2020-09-15 10:00:00,1.9149808800,1.9236069200,1.9063548400,1.9063548400,5754300
2020-09-15 10:15:00,1.9149808800,1.9236069200,1.9063548400,1.9236069200,3859700
2020-09-15 10:30:00,1.9236069200,1.9236069200,1.9063548400,1.9149808800,2393601
2020-09-15 10:45:00,1.9063548400,1.9149808800,1.9063548400,1.9149808800,1741900
2020-09-15 11:00:00,1.9149808800,1.9149808800,1.9063548400,1.9063548400,1141500
2020-09-15 11:15:00,1.9063548400,1.9149808800,1.9063548400,1.9063548400,2575000
2020-09-15 11:30:00,1.9063548400,1.9149808800,1.8977288000,1.9063548400,2159700
2020-09-15 13:15:00,1.9063548400,1.9408590000,1.9063548400,1.9322329600,7427100
2020-09-15 13:30:00,1.9322329600,1.9322329600,1.9149808800,1.9236069200,2137800
2020-09-15 13:45:00,1.9236069200,1.9322329600,1.9149808800,1.9149808800,2337900
2020-09-15 14:00:00,1.9149808800,1.9236069200,1.9063548400,1.9149808800,2240100
2020-09-15 14:15:00,1.9149808800,1.9236069200,1.9063548400,1.9149808800,2704600
2020-09-15 14:30:00,1.9149808800,1.9236069200,1.9149808800,1.9149808800,1420200
2020-09-15 14:45:00,1.9149808800,1.9581110800,1.9149808800,1.9408590000,12216638
2020-09-15 15:00:00,1.9408590000,1.9581110800,1.9322329600,1.9494850400,7989300
2020-09-16 09:45:00,1.9322329600,1.9581110800,1.9236069200,1.9236069200,9568100
2020-09-16 10:00:00,1.9236069200,1.9322329600,1.9149808800,1.9236069200,5833738
2020-09-16 10:15:00,1.9236069200,1.9581110800,1.9236069200,1.9494850400,6399600
2020-09-16 10:30:00,1.9494850400,1.9581110800,1.9408590000,1.9494850400,3861300
2020-09-16 10:45:00,1.9494850400,1.9581110800,1.9408590000,1.9494850400,3189700
2020-09-16 11:00:00,1.9494850400,1.9581110800,1.9322329600,1.9408590000,3857100
2020-09-16 11:15:00,1.9322329600,1.9408590000,1.9322329600,1.9322329600,1565300
2020-09-16 11:30:00,1.9322329600,1.9408590000,1.9236069200,1.9322329600,1366500
2020-09-16 13:15:00,1.9322329600,1.9322329600,1.9149808800,1.9236069200,3637600
2020-09-16 13:30:00,1.9322329600,1.9322329600,1.9149808800,1.9149808800,1722600
2020-09-16 13:45:00,1.9236069200,1.9322329600,1.9149808800,1.9149808800,1622700
2020-09-16 14:00:00,1.9149808800,1.9236069200,1.9149808800,1.9236069200,1156400
2020-09-16 14:15:00,1.9149808800,1.9236069200,1.9063548400,1.9063548400,6641762
2020-09-16 14:30:00,1.9063548400,1.9149808800,1.8977288000,1.9149808800,4037100
2020-09-16 14:45:00,1.9149808800,1.9149808800,1.9063548400,1.9149808800,2148600
2020-09-16 15:00:00,1.9149808800,1.9236069200,1.9063548400,1.9149808800,4316900
2020-09-17 09:45:00,1.9063548400,1.9063548400,1.8891027600,1.8977288000,6164162
2020-09-17 10:00:00,1.8977288000,1.9063548400,1.8891027600,1.8891027600,3570800
2020-09-17 10:15:00,1.8891027600,1.8977288000,1.8891027600,1.8977288000,3240200
2020-09-17 10:30:00,1.8891027600,1.8977288000,1.8891027600,1.8891027600,1883400
2020-09-17 10:45:00,1.8891027600,1.8977288000,1.8891027600,1.8891027600,1807600
2020-09-17 11:00:00,1.8891027600,1.8977288000,1.8804767200,1.8891027600,3453900
2020-09-17 11:15:00,1.8891027600,1.8977288000,1.8804767200,1.8891027600,1785500
2020-09-17 11:30:00,1.8891027600,1.8977288000,1.8804767200,1.8804767200,1950100
2020-09-17 13:15:00,1.8891027600,1.8891027600,1.8804767200,1.8804767200,1713100
2020-09-17 13:30:00,1.8891027600,1.8891027600,1.8804767200,1.8891027600,1337900
2020-09-17 13:45:00,1.8891027600,1.8977288000,1.8804767200,1.8977288000,2055500
2020-09-17 14:00:00,1.8977288000,1.9063548400,1.8891027600,1.9063548400,2651200
2020-09-17 14:15:00,1.9063548400,1.9149808800,1.8977288000,1.9149808800,3662711
2020-09-17 14:30:00,1.9149808800,1.9149808800,1.8977288000,1.9063548400,1606490
2020-09-17 14:45:00,1.9063548400,1.9063548400,1.8977288000,1.8977288000,1141500
2020-09-17 15:00:00,1.8977288000,1.9063548400,1.8891027600,1.8977288000,3187870
2020-09-18 09:45:00,1.8891027600,1.9063548400,1.8891027600,1.8977288000,2940906
2020-09-18 10:00:00,1.8977288000,1.9063548400,1.8891027600,1.8891027600,2232600
2020-09-18 10:15:00,1.8891027600,1.8977288000,1.8891027600,1.8891027600,1126400
2020-09-18 10:30:00,1.8891027600,1.8977288000,1.8891027600,1.8891027600,1580100
2020-09-18 10:45:00,1.8891027600,1.8977288000,1.8804767200,1.8804767200,5855400
2020-09-18 11:00:00,1.8804767200,1.8891027600,1.8804767200,1.8804767200,922300
2020-09-18 11:15:00,1.8804767200,1.8891027600,1.8718506800,1.8804767200,2225200
2020-09-18 11:30:00,1.8804767200,1.8977288000,1.8804767200,1.8891027600,2198129
2020-09-18 13:15:00,1.8977288000,1.9063548400,1.8891027600,1.8977288000,2480370
2020-09-18 13:30:00,1.9063548400,1.9149808800,1.8977288000,1.9149808800,3547500
2020-09-18 13:45:00,1.9063548400,1.9149808800,1.8977288000,1.9063548400,2300700
2020-09-18 14:00:00,1.9063548400,1.9149808800,1.8977288000,1.9149808800,2926300
2020-09-18 14:15:00,1.9149808800,1.9236069200,1.9063548400,1.9149808800,3683200
2020-09-18 14:30:00,1.9236069200,1.9322329600,1.9149808800,1.9236069200,4392700
2020-09-18 14:45:00,1.9322329600,1.9322329600,1.9236069200,1.9322329600,3694500
2020-09-18 15:00:00,1.9322329600,1.9408590000,1.9236069200,1.9322329600,7222900
2020-09-21 09:45:00,1.9236069200,1.9581110800,1.9236069200,1.9236069200,8774810
2020-09-21 10:00:00,1.9236069200,1.9322329600,1.9149808800,1.9236069200,3581390
2020-09-21 10:15:00,1.9149808800,1.9236069200,1.9063548400,1.9063548400,4553600
2020-09-21 10:30:00,1.9149808800,1.9149808800,1.9063548400,1.9149808800,1917300
2020-09-21 10:45:00,1.9149808800,1.9149808800,1.9063548400,1.9149808800,1126800
2020-09-21 11:00:00,1.9149808800,1.9149808800,1.9063548400,1.9063548400,3445551
2020-09-21 11:15:00,1.9063548400,1.9063548400,1.8977288000,1.8977288000,1974549
2020-09-21 11:30:00,1.8977288000,1.9063548400,1.8977288000,1.8977288000,1366320
2020-09-21 13:15:00,1.8977288000,1.9149808800,1.8977288000,1.9063548400,1393800
2020-09-21 13:30:00,1.9149808800,1.9149808800,1.8977288000,1.8977288000,1313650
2020-09-21 13:45:00,1.9063548400,1.9063548400,1.8977288000,1.8977288000,809600
2020-09-21 14:00:00,1.9063548400,1.9149808800,1.8977288000,1.9063548400,1702300
2020-09-21 14:15:00,1.9063548400,1.9063548400,1.8977288000,1.9063548400,1891600
2020-09-21 14:30:00,1.9063548400,1.9149808800,1.8977288000,1.8977288000,1616500
2020-09-21 14:45:00,1.8977288000,1.9063548400,1.8891027600,1.9063548400,6804430
2020-09-21 15:00:00,1.9063548400,1.9063548400,1.8891027600,1.9063548400,2464121
2020-09-22 09:45:00,1.8891027600,1.8977288000,1.8632246400,1.8718506800,9527200
2020-09-22 10:00:00,1.8718506800,1.8804767200,1.8632246400,1.8718506800,5172100
2020-09-22 10:15:00,1.8718506800,1.8804767200,1.8718506800,1.8804767200,1870700
2020-09-22 10:30:00,1.8804767200,1.8804767200,1.8632246400,1.8718506800,2911600
2020-09-22 10:45:00,1.8718506800,1.8804767200,1.8632246400,1.8718506800,2364100
2020-09-22 11:00:00,1.8718506800,1.8804767200,1.8632246400,1.8718506800,1493900
2020-09-22 11:15:00,1.8718506800,1.8804767200,1.8718506800,1.8718506800,746100
2020-09-22 11:30:00,1.8804767200,1.8891027600,1.8718506800,1.8804767200,2366380
2020-09-22 13:15:00,1.8804767200,1.8804767200,1.8718506800,1.8718506800,1139500
2020-09-22 13:30:00,1.8718506800,1.8891027600,1.8718506800,1.8804767200,1749200
2020-09-22 13:45:00,1.8718506800,1.8804767200,1.8718506800,1.8718506800,1556789
2020-09-22 14:00:00,1.8718506800,1.8804767200,1.8632246400,1.8718506800,1247900
2020-09-22 14:15:00,1.8632246400,1.8718506800,1.8632246400,1.8632246400,2306100
2020-09-22 14:30:00,1.8632246400,1.8718506800,1.8545986000,1.8632246400,6802400
2020-09-22 14:45:00,1.8632246400,1.8632246400,1.8459725600,1.8545986000,6629400
2020-09-22 15:00:00,1.8545986000,1.8632246400,1.8459725600,1.8459725600,3959000
2020-09-23 09:45:00,1.8459725600,1.8632246400,1.8459725600,1.8545986000,3842800
2020-09-23 10:00:00,1.8459725600,1.8718506800,1.8459725600,1.8545986000,3944976
2020-09-23 10:15:00,1.8545986000,1.8632246400,1.8545986000,1.8632246400,1644700
2020-09-23 10:30:00,1.8545986000,1.8632246400,1.8545986000,1.8545986000,1670600
2020-09-23 10:45:00,1.8545986000,1.8632246400,1.8459725600,1.8545986000,1569200
2020-09-23 11:00:00,1.8545986000,1.8632246400,1.8459725600,1.8545986000,1025300
2020-09-23 11:15:00,1.8545986000,1.8545986000,1.8459725600,1.8459725600,1121800
2020-09-23 11:30:00,1.8459725600,1.8545986000,1.8459725600,1.8545986000,978200
2020-09-23 13:15:00,1.8459725600,1.8545986000,1.8459725600,1.8545986000,1132101
2020-09-23 13:30:00,1.8545986000,1.8632246400,1.8459725600,1.8545986000,1897000
2020-09-23 13:45:00,1.8545986000,1.8632246400,1.8459725600,1.8545986000,937200
2020-09-23 14:00:00,1.8545986000,1.8632246400,1.8459725600,1.8632246400,1131100
2020-09-23 14:15:00,1.8545986000,1.8632246400,1.8459725600,1.8545986000,1616700
2020-09-23 14:30:00,1.8545986000,1.8545986000,1.8459725600,1.8545986000,1549300
2020-09-23 14:45:00,1.8459725600,1.8545986000,1.8459725600,1.8545986000,2293600
2020-09-23 15:00:00,1.8545986000,1.8545986000,1.8459725600,1.8545986000,3874823
2020-09-24 09:45:00,1.8373465200,1.8459725600,1.8200944400,1.8200944400,4932400
2020-09-24 10:00:00,1.8200944400,1.8287204800,1.8114684000,1.8200944400,7430700
2020-09-24 10:15:00,1.8114684000,1.8200944400,1.8114684000,1.8114684000,4037300
2020-09-24 10:30:00,1.8114684000,1.8287204800,1.8114684000,1.8200944400,2170977
2020-09-24 10:45:00,1.8200944400,1.8287204800,1.8200944400,1.8200944400,2008500
2020-09-24 11:00:00,1.8200944400,1.8200944400,1.8028423600,1.8028423600,3861200
2020-09-24 11:15:00,1.8028423600,1.8200944400,1.8028423600,1.8200944400,2206200
2020-09-24 11:30:00,1.8200944400,1.8200944400,1.8028423600,1.8028423600,2454300
2020-09-24 13:15:00,1.8114684000,1.8114684000,1.8028423600,1.8114684000,1178731
2020-09-24 13:30:00,1.8114684000,1.8114684000,1.8028423600,1.8028423600,1134800
2020-09-24 13:45:00,1.8114684000,1.8114684000,1.8028423600,1.8114684000,992200
2020-09-24 14:00:00,1.8114684000,1.8200944400,1.8028423600,1.8200944400,1132000
2020-09-24 14:15:00,1.8200944400,1.8200944400,1.8114684000,1.8200944400,1467900
2020-09-24 14:30:00,1.8200944400,1.8200944400,1.8028423600,1.8114684000,1859200
2020-09-24 14:45:00,1.8114684000,1.8200944400,1.8028423600,1.8114684000,2579910
2020-09-24 15:00:00,1.8114684000,1.8114684000,1.8028423600,1.8114684000,2383300
2020-09-25 09:45:00,1.8200944400,1.8200944400,1.8028423600,1.8028423600,3973900
2020-09-25 10:00:00,1.8028423600,1.8028423600,1.7942163200,1.7942163200,3575100
2020-09-25 10:15:00,1.8028423600,1.8028423600,1.7855902800,1.8028423600,2561300
2020-09-25 10:30:00,1.8028423600,1.8114684000,1.7942163200,1.8028423600,1989520
2020-09-25 10:45:00,1.8028423600,1.8114684000,1.7942163200,1.7942163200,880700
2020-09-25 11:00:00,1.7942163200,1.8028423600,1.7942163200,1.7942163200,799100
2020-09-25 11:15:00,1.7942163200,1.8028423600,1.7942163200,1.8028423600,1165300
2020-09-25 11:30:00,1.8028423600,1.8028423600,1.7855902800,1.7942163200,1366700
2020-09-25 13:15:00,1.7855902800,1.7942163200,1.7855902800,1.7942163200,738100
2020-09-25 13:30:00,1.7942163200,1.7942163200,1.7855902800,1.7942163200,931000
2020-09-25 13:45:00,1.7942163200,1.7942163200,1.7855902800,1.7855902800,981100
2020-09-25 14:00:00,1.7855902800,1.7942163200,1.7769642400,1.7942163200,1755400
2020-09-25 14:15:00,1.7942163200,1.7942163200,1.7855902800,1.7942163200,678400
2020-09-25 14:30:00,1.7855902800,1.7942163200,1.7855902800,1.7942163200,2553500
2020-09-25 14:45:00,1.7942163200,1.7942163200,1.7855902800,1.7855902800,1351000
2020-09-25 15:00:00,1.7855902800,1.7942163200,1.7855902800,1.7942163200,2690800
2020-09-28 09:45:00,1.7942163200,1.8028423600,1.7855902800,1.7942163200,2511800
2020-09-28 10:00:00,1.7942163200,1.8028423600,1.7855902800,1.7942163200,1737300
2020-09-28 10:15:00,1.7942163200,1.7942163200,1.7855902800,1.7855902800,1526000
2020-09-28 10:30:00,1.7855902800,1.7942163200,1.7769642400,1.7769642400,2355500
2020-09-28 10:45:00,1.7769642400,1.7855902800,1.7769642400,1.7769642400,807700
2020-09-28 11:00:00,1.7769642400,1.7855902800,1.7769642400,1.7769642400,703500
2020-09-28 11:15:00,1.7769642400,1.7855902800,1.7769642400,1.7769642400,571900
2020-09-28 11:30:00,1.7769642400,1.7855902800,1.7683382000,1.7769642400,2299300
2020-09-28 13:15:00,1.7769642400,1.7769642400,1.7683382000,1.7683382000,693800
2020-09-28 13:30:00,1.7683382000,1.7855902800,1.7683382000,1.7855902800,1766436
2020-09-28 13:45:00,1.7769642400,1.7855902800,1.7769642400,1.7769642400,891800
2020-09-28 14:00:00,1.7769642400,1.7855902800,1.7683382000,1.7683382000,1042400
2020-09-28 14:15:00,1.7683382000,1.7769642400,1.7683382000,1.7683382000,1813000
2020-09-28 14:30:00,1.7683382000,1.7769642400,1.7683382000,1.7769642400,620400
2020-09-28 14:45:00,1.7769642400,1.7769642400,1.7683382000,1.7769642400,650200
2020-09-28 15:00:00,1.7769642400,1.7769642400,1.7683382000,1.7683382000,2067800
2020-09-29 09:45:00,1.7769642400,1.7855902800,1.7683382000,1.7769642400,3266400
2020-09-29 10:00:00,1.7769642400,1.8114684000,1.7769642400,1.8028423600,6159200
2020-09-29 10:15:00,1.8114684000,1.8200944400,1.7942163200,1.8200944400,3492393
2020-09-29 10:30:00,1.8200944400,1.8200944400,1.8028423600,1.8200944400,4787500
2020-09-29 10:45:00,1.8200944400,1.8200944400,1.8028423600,1.8114684000,1715700
2020-09-29 11:00:00,1.8114684000,1.8114684000,1.8028423600,1.8114684000,409300
2020-09-29 11:15:00,1.8114684000,1.8114684000,1.8028423600,1.8114684000,256501
2020-09-29 11:30:00,1.8028423600,1.8114684000,1.8028423600,1.8114684000,215800
2020-09-29 13:15:00,1.8114684000,1.8114684000,1.8028423600,1.8028423600,647700
2020-09-29 13:30:00,1.8028423600,1.8114684000,1.7942163200,1.7942163200,1361100
2020-09-29 13:45:00,1.7942163200,1.8028423600,1.7942163200,1.7942163200,404200
2020-09-29 14:00:00,1.7942163200,1.8028423600,1.7942163200,1.8028423600,1081100
2020-09-29 14:15:00,1.8028423600,1.8028423600,1.7942163200,1.7942163200,639900
2020-09-29 14:30:00,1.8028423600,1.8028423600,1.7942163200,1.7942163200,930700
2020-09-29 14:45:00,1.7942163200,1.8028423600,1.7942163200,1.7942163200,812100
2020-09-29 15:00:00,1.8028423600,1.8028423600,1.7942163200,1.8028423600,1815200
2020-09-30 09:45:00,1.7942163200,1.8028423600,1.7855902800,1.8028423600,2189500
2020-09-30 10:00:00,1.8028423600,1.8028423600,1.7942163200,1.8028423600,571200
2020-09-30 10:15:00,1.7942163200,1.8028423600,1.7942163200,1.8028423600,1180000
2020-09-30 10:30:00,1.7942163200,1.8114684000,1.7942163200,1.8028423600,944400
2020-09-30 10:45:00,1.8028423600,1.8114684000,1.7942163200,1.8028423600,428400
2020-09-30 11:00:00,1.8028423600,1.8028423600,1.7942163200,1.7942163200,403100
2020-09-30 11:15:00,1.7942163200,1.8028423600,1.7942163200,1.7942163200,212500
2020-09-30 11:30:00,1.7942163200,1.8028423600,1.7942163200,1.7942163200,280500
2020-09-30 13:15:00,1.8028423600,1.8028423600,1.7942163200,1.7942163200,672300
2020-09-30 13:30:00,1.7942163200,1.7942163200,1.7855902800,1.7855902800,2399500
2020-09-30 13:45:00,1.7855902800,1.7942163200,1.7769642400,1.7942163200,2381400
2020-09-30 14:00:00,1.7942163200,1.7942163200,1.7769642400,1.7942163200,1787700
2020-09-30 14:15:00,1.7942163200,1.7942163200,1.7769642400,1.7769642400,1431600
2020-09-30 14:30:00,1.7769642400,1.7942163200,1.7769642400,1.7942163200,1501300
2020-09-30 14:45:00,1.7942163200,1.7942163200,1.7855902800,1.7942163200,402200
2020-09-30 15:00:00,1.7942163200,1.7942163200,1.7855902800,1.7942163200,2665181
2020-10-09 09:45:00,1.8200944400,1.8459725600,1.8200944400,1.8373465200,8250500
2020-10-09 10:00:00,1.8373465200,1.8459725600,1.8287204800,1.8373465200,3803200
2020-10-09 10:15:00,1.8373465200,1.8459725600,1.8287204800,1.8373465200,2238510
2020-10-09 10:30:00,1.8373465200,1.8545986000,1.8287204800,1.8459725600,5761689
2020-10-09 10:45:00,1.8459725600,1.8545986000,1.8373465200,1.8373465200,1372910
2020-10-09 11:00:00,1.8373465200,1.8459725600,1.8373465200,1.8373465200,1020513
2020-10-09 11:15:00,1.8373465200,1.8459725600,1.8373465200,1.8373465200,2161700
2020-10-09 11:30:00,1.8373465200,1.8459725600,1.8373465200,1.8373465200,721400
2020-10-09 13:15:00,1.8373465200,1.8459725600,1.8373465200,1.8373465200,1021700
2020-10-09 13:30:00,1.8373465200,1.8459725600,1.8373465200,1.8373465200,869901
2020-10-09 13:45:00,1.8373465200,1.8459725600,1.8373465200,1.8373465200,502800
2020-10-09 14:00:00,1.8373465200,1.8459725600,1.8373465200,1.8373465200,482500
2020-10-09 14:15:00,1.8373465200,1.8459725600,1.8287204800,1.8287204800,940376
2020-10-09 14:30:00,1.8287204800,1.8373465200,1.8287204800,1.8287204800,725700
2020-10-09 14:45:00,1.8287204800,1.8373465200,1.8287204800,1.8287204800,504601
2020-10-09 15:00:00,1.8287204800,1.8373465200,1.8287204800,1.8373465200,1906920
2020-10-12 09:45:00,1.8459725600,1.8545986000,1.8373465200,1.8459725600,4054900
2020-10-12 10:00:00,1.8459725600,1.8632246400,1.8459725600,1.8632246400,5525710
2020-10-12 10:15:00,1.8632246400,1.8718506800,1.8545986000,1.8545986000,3664901
2020-10-12 10:30:00,1.8545986000,1.8718506800,1.8545986000,1.8632246400,1709300
2020-10-12 10:45:00,1.8632246400,1.8718506800,1.8545986000,1.8632246400,3073300
2020-10-12 11:00:00,1.8632246400,1.8632246400,1.8545986000,1.8632246400,1421400
2020-10-12 11:15:00,1.8632246400,1.8718506800,1.8632246400,1.8632246400,1193300
2020-10-12 11:30:00,1.8632246400,1.8718506800,1.8632246400,1.8718506800,2123100
2020-10-12 13:15:00,1.8632246400,1.8804767200,1.8632246400,1.8718506800,2965324
2020-10-12 13:30:00,1.8718506800,1.8804767200,1.8718506800,1.8718506800,1760300
2020-10-12 13:45:00,1.8718506800,1.8804767200,1.8632246400,1.8632246400,3798108
2020-10-12 14:00:00,1.8632246400,1.8977288000,1.8632246400,1.8804767200,9192500
2020-10-12 14:15:00,1.8804767200,1.8891027600,1.8718506800,1.8718506800,1659800
2020-10-12 14:30:00,1.8718506800,1.8891027600,1.8718506800,1.8718506800,1514400
2020-10-12 14:45:00,1.8804767200,1.8804767200,1.8718506800,1.8804767200,956700
2020-10-12 15:00:00,1.8804767200,1.8891027600,1.8718506800,1.8718506800,5223889
2020-10-13 09:45:00,1.8718506800,1.8804767200,1.8545986000,1.8632246400,4017927
2020-10-13 10:00:00,1.8632246400,1.8632246400,1.8459725600,1.8545986000,4160500
2020-10-13 10:15:00,1.8459725600,1.8545986000,1.8459725600,1.8459725600,1741400
2020-10-13 10:30:00,1.8459725600,1.8545986000,1.8459725600,1.8459725600,1006000
2020-10-13 10:45:00,1.8459725600,1.8545986000,1.8459725600,1.8545986000,2424600
2020-10-13 11:00:00,1.8459725600,1.8545986000,1.8373465200,1.8373465200,1239800
2020-10-13 11:15:00,1.8373465200,1.8545986000,1.8373465200,1.8545986000,2462308
2020-10-13 11:30:00,1.8545986000,1.8545986000,1.8459725600,1.8459725600,808600
2020-10-13 13:15:00,1.8459725600,1.8545986000,1.8373465200,1.8459725600,1648748
2020-10-13 13:30:00,1.8459725600,1.8545986000,1.8459725600,1.8459725600,490700
2020-10-13 13:45:00,1.8459725600,1.8545986000,1.8459725600,1.8459725600,515500
2020-10-13 14:00:00,1.8459725600,1.8545986000,1.8459725600,1.8459725600,925200
2020-10-13 14:15:00,1.8459725600,1.8545986000,1.8459725600,1.8459725600,364200
2020-10-13 14:30:00,1.8459725600,1.8545986000,1.8459725600,1.8459725600,1275700
2020-10-13 14:45:00,1.8545986000,1.8545986000,1.8459725600,1.8459725600,2617700
2020-10-13 15:00:00,1.8459725600,1.8545986000,1.8373465200,1.8459725600,2025900
2020-10-14 09:45:00,1.8373465200,1.8545986000,1.8287204800,1.8373465200,4065800
2020-10-14 10:00:00,1.8373465200,1.8459725600,1.8287204800,1.8373465200,1486201
2020-10-14 10:15:00,1.8373465200,1.8373465200,1.8287204800,1.8373465200,1044200
2020-10-14 10:30:00,1.8373465200,1.8373465200,1.8287204800,1.8287204800,673818
2020-10-14 10:45:00,1.8287204800,1.8373465200,1.8287204800,1.8287204800,786001
2020-10-14 11:00:00,1.8287204800,1.8373465200,1.8287204800,1.8373465200,1377000
2020-10-14 11:15:00,1.8373465200,1.8459725600,1.8287204800,1.8287204800,1411901
2020-10-14 11:30:00,1.8287204800,1.8459725600,1.8287204800,1.8287204800,1508200
2020-10-14 13:15:00,1.8287204800,1.8373465200,1.8287204800,1.8373465200,472400
2020-10-14 13:30:00,1.8373465200,1.8373465200,1.8287204800,1.8373465200,798500
2020-10-14 13:45:00,1.8287204800,1.8373465200,1.8287204800,1.8373465200,607800
2020-10-14 14:00:00,1.8373465200,1.8373465200,1.8200944400,1.8287204800,1405580
2020-10-14 14:15:00,1.8287204800,1.8373465200,1.8200944400,1.8373465200,629320
2020-10-14 14:30:00,1.8287204800,1.8373465200,1.8200944400,1.8287204800,914900
2020-10-14 14:45:00,1.8287204800,1.8373465200,1.8200944400,1.8287204800,2820000
2020-10-14 15:00:00,1.8287204800,1.8373465200,1.8287204800,1.8373465200,1549600
2020-10-15 09:45:00,1.8287204800,1.8373465200,1.8200944400,1.8200944400,2039600
2020-10-15 10:00:00,1.8287204800,1.8287204800,1.8200944400,1.8200944400,882721
2020-10-15 10:15:00,1.8287204800,1.8373465200,1.8200944400,1.8373465200,2553000
2020-10-15 10:30:00,1.8373465200,1.8459725600,1.8287204800,1.8287204800,1806800
2020-10-15 10:45:00,1.8287204800,1.8373465200,1.8287204800,1.8287204800,295100
2020-10-15 11:00:00,1.8287204800,1.8373465200,1.8200944400,1.8200944400,2211400
2020-10-15 11:15:00,1.8200944400,1.8373465200,1.8200944400,1.8287204800,602700
2020-10-15 11:30:00,1.8287204800,1.8459725600,1.8287204800,1.8459725600,3629495
2020-10-15 13:15:00,1.8459725600,1.8459725600,1.8373465200,1.8373465200,465900
2020-10-15 13:30:00,1.8373465200,1.8459725600,1.8287204800,1.8373465200,1261300
2020-10-15 13:45:00,1.8373465200,1.8459725600,1.8287204800,1.8373465200,446100
2020-10-15 14:00:00,1.8373465200,1.8459725600,1.8287204800,1.8373465200,953401
2020-10-15 14:15:00,1.8373465200,1.8459725600,1.8287204800,1.8287204800,486800
2020-10-15 14:30:00,1.8287204800,1.8373465200,1.8287204800,1.8287204800,288900
2020-10-15 14:45:00,1.8287204800,1.8373465200,1.8287204800,1.8287204800,778700
2020-10-15 15:00:00,1.8287204800,1.8373465200,1.8287204800,1.8287204800,2526699
2020-10-16 09:45:00,1.8287204800,1.8373465200,1.8200944400,1.8373465200,1743600
2020-10-16 10:00:00,1.8373465200,1.8373465200,1.8200944400,1.8287204800,1677100
2020-10-16 10:15:00,1.8287204800,1.8373465200,1.8287204800,1.8287204800,585300
2020-10-16 10:30:00,1.8287204800,1.8373465200,1.8287204800,1.8373465200,1720600
2020-10-16 10:45:00,1.8373465200,1.8373465200,1.8287204800,1.8373465200,601700
2020-10-16 11:00:00,1.8373465200,1.8459725600,1.8287204800,1.8373465200,3096000
2020-10-16 11:15:00,1.8373465200,1.8459725600,1.8373465200,1.8373465200,345300
2020-10-16 11:30:00,1.8373465200,1.8459725600,1.8287204800,1.8287204800,746400
2020-10-16 13:15:00,1.8287204800,1.8373465200,1.8287204800,1.8373465200,413900
2020-10-16 13:30:00,1.8373465200,1.8373465200,1.8287204800,1.8373465200,324189
2020-10-16 13:45:00,1.8373465200,1.8373465200,1.8287204800,1.8287204800,1025400
2020-10-16 14:00:00,1.8287204800,1.8373465200,1.8287204800,1.8373465200,925600
2020-10-16 14:15:00,1.8373465200,1.8373465200,1.8287204800,1.8287204800,748000
2020-10-16 14:30:00,1.8373465200,1.8373465200,1.8287204800,1.8287204800,551500
2020-10-16 14:45:00,1.8287204800,1.8373465200,1.8287204800,1.8373465200,402600
2020-10-16 15:00:00,1.8373465200,1.8373465200,1.8287204800,1.8287204800,1311300
2020-10-19 09:45:00,1.8373465200,1.8632246400,1.8373465200,1.8632246400,5303061
2020-10-19 10:00:00,1.8632246400,1.8632246400,1.8545986000,1.8545986000,1636700
2020-10-19 10:15:00,1.8545986000,1.8632246400,1.8459725600,1.8459725600,2429589
2020-10-19 10:30:00,1.8459725600,1.8545986000,1.8373465200,1.8459725600,1753111
2020-10-19 10:45:00,1.8459725600,1.8459725600,1.8373465200,1.8459725600,1692800
2020-10-19 11:00:00,1.8373465200,1.8459725600,1.8373465200,1.8459725600,534200
2020-10-19 11:15:00,1.8373465200,1.8459725600,1.8373465200,1.8459725600,1138500
2020-10-19 11:30:00,1.8373465200,1.8459725600,1.8287204800,1.8287204800,2633300
2020-10-19 13:15:00,1.8287204800,1.8373465200,1.8287204800,1.8287204800,773900
2020-10-19 13:30:00,1.8287204800,1.8373465200,1.8287204800,1.8287204800,767000
2020-10-19 13:45:00,1.8287204800,1.8373465200,1.8287204800,1.8287204800,1773000
2020-10-19 14:00:00,1.8287204800,1.8373465200,1.8287204800,1.8287204800,660900
2020-10-19 14:15:00,1.8287204800,1.8373465200,1.8287204800,1.8287204800,560200
2020-10-19 14:30:00,1.8287204800,1.8287204800,1.8200944400,1.8287204800,1221900
2020-10-19 14:45:00,1.8287204800,1.8287204800,1.8200944400,1.8287204800,1014379
2020-10-19 15:00:00,1.8287204800,1.8287204800,1.8200944400,1.8200944400,1072700
2020-10-20 09:45:00,1.8200944400,1.8287204800,1.8114684000,1.8200944400,1620310
2020-10-20 10:00:00,1.8200944400,1.8287204800,1.8114684000,1.8114684000,1561300
2020-10-20 10:15:00,1.8114684000,1.8200944400,1.8114684000,1.8114684000,548900
2020-10-20 10:30:00,1.8114684000,1.8200944400,1.8114684000,1.8200944400,1105600
2020-10-20 10:45:00,1.8200944400,1.8287204800,1.8114684000,1.8287204800,465700
2020-10-20 11:00:00,1.8287204800,1.8287204800,1.8114684000,1.8200944400,515200
2020-10-20 11:15:00,1.8200944400,1.8200944400,1.8114684000,1.8114684000,433100
2020-10-20 11:30:00,1.8114684000,1.8287204800,1.8114684000,1.8287204800,949300
2020-10-20 13:15:00,1.8287204800,1.8287204800,1.8200944400,1.8287204800,303400
2020-10-20 13:30:00,1.8287204800,1.8287204800,1.8200944400,1.8200944400,696100
2020-10-20 13:45:00,1.8200944400,1.8287204800,1.8200944400,1.8200944400,480300
2020-10-20 14:00:00,1.8200944400,1.8287204800,1.8200944400,1.8200944400,623600
2020-10-20 14:15:00,1.8287204800,1.8287204800,1.8200944400,1.8200944400,340500
2020-10-20 14:30:00,1.8200944400,1.8287204800,1.8200944400,1.8200944400,407400
2020-10-20 14:45:00,1.8287204800,1.8287204800,1.8200944400,1.8287204800,647600
2020-10-20 15:00:00,1.8287204800,1.8373465200,1.8200944400,1.8287204800,3252322
2020-10-21 09:45:00,1.8287204800,1.8287204800,1.8114684000,1.8200944400,2240000
2020-10-21 10:00:00,1.8114684000,1.8200944400,1.8114684000,1.8200944400,1074240
2020-10-21 10:15:00,1.8200944400,1.8287204800,1.8114684000,1.8200944400,889900
2020-10-21 10:30:00,1.8114684000,1.8200944400,1.8114684000,1.8200944400,1456800
2020-10-21 10:45:00,1.8114684000,1.8200944400,1.8114684000,1.8114684000,1010700
2020-10-21 11:00:00,1.8114684000,1.8200944400,1.8114684000,1.8114684000,636300
2020-10-21 11:15:00,1.8114684000,1.8114684000,1.8028423600,1.8114684000,1620780
2020-10-21 11:30:00,1.8114684000,1.8114684000,1.8028423600,1.8028423600,544500
2020-10-21 13:15:00,1.8114684000,1.8114684000,1.8028423600,1.8114684000,1879800
2020-10-21 13:30:00,1.8114684000,1.8114684000,1.8028423600,1.8114684000,737900
2020-10-21 13:45:00,1.8114684000,1.8114684000,1.8028423600,1.8028423600,1701700
2020-10-21 14:00:00,1.8028423600,1.8114684000,1.8028423600,1.8028423600,330900
2020-10-21 14:15:00,1.8114684000,1.8200944400,1.8028423600,1.8114684000,1975231
2020-10-21 14:30:00,1.8114684000,1.8200944400,1.8114684000,1.8200944400,598700
2020-10-21 14:45:00,1.8200944400,1.8200944400,1.8114684000,1.8114684000,354800
2020-10-21 15:00:00,1.8114684000,1.8200944400,1.8114684000,1.8114684000,1084200
2020-10-22 09:45:00,1.8287204800,1.9149808800,1.8287204800,1.8804767200,31342616
2020-10-22 10:00:00,1.8804767200,1.8804767200,1.8632246400,1.8718506800,7657183
2020-10-22 10:15:00,1.8718506800,1.8718506800,1.8459725600,1.8632246400,5421000
2020-10-22 10:30:00,1.8718506800,1.8718506800,1.8459725600,1.8545986000,4066700
2020-10-22 10:45:00,1.8545986000,1.8632246400,1.8459725600,1.8632246400,3674600
2020-10-22 11:00:00,1.8545986000,1.8632246400,1.8459725600,1.8545986000,3118200
2020-10-22 11:15:00,1.8459725600,1.8632246400,1.8459725600,1.8545986000,1709400
2020-10-22 11:30:00,1.8545986000,1.8632246400,1.8459725600,1.8545986000,958400
2020-10-22 13:15:00,1.8632246400,1.8632246400,1.8545986000,1.8632246400,904300
2020-10-22 13:30:00,1.8632246400,1.8632246400,1.8545986000,1.8632246400,911600
2020-10-22 13:45:00,1.8632246400,1.8718506800,1.8545986000,1.8632246400,5172005
2020-10-22 14:00:00,1.8632246400,1.8718506800,1.8545986000,1.8632246400,1655000
2020-10-22 14:15:00,1.8632246400,1.8632246400,1.8545986000,1.8632246400,593200
2020-10-22 14:30:00,1.8632246400,1.8632246400,1.8545986000,1.8632246400,876900
2020-10-22 14:45:00,1.8632246400,1.8632246400,1.8545986000,1.8632246400,1428500
2020-10-22 15:00:00,1.8632246400,1.8718506800,1.8545986000,1.8718506800,2216101
2020-10-23 09:45:00,1.8545986000,1.8891027600,1.8459725600,1.8804767200,10540315
2020-10-23 10:00:00,1.8804767200,1.8891027600,1.8632246400,1.8632246400,4081900
2020-10-23 10:15:00,1.8632246400,1.8718506800,1.8545986000,1.8632246400,1660100
2020-10-23 10:30:00,1.8632246400,1.8718506800,1.8632246400,1.8632246400,2594900
2020-10-23 10:45:00,1.8632246400,1.8718506800,1.8545986000,1.8632246400,1595800
2020-10-23 11:00:00,1.8632246400,1.8718506800,1.8545986000,1.8632246400,858400
2020-10-23 11:15:00,1.8632246400,1.8718506800,1.8545986000,1.8718506800,1468700
2020-10-23 11:30:00,1.8718506800,1.8718506800,1.8632246400,1.8632246400,675200
2020-10-23 13:15:00,1.8632246400,1.8977288000,1.8632246400,1.8891027600,10185400
2020-10-23 13:30:00,1.8891027600,1.8977288000,1.8804767200,1.8804767200,4732800
2020-10-23 13:45:00,1.8804767200,1.8891027600,1.8718506800,1.8804767200,4299800
2020-10-23 14:00:00,1.8804767200,1.8891027600,1.8718506800,1.8804767200,2232900
2020-10-23 14:15:00,1.8804767200,1.8804767200,1.8718506800,1.8804767200,1541400
2020-10-23 14:30:00,1.8804767200,1.8891027600,1.8718506800,1.8804767200,1816600
2020-10-23 14:45:00,1.8804767200,1.9149808800,1.8804767200,1.9149808800,17883225
2020-10-23 15:00:00,1.9149808800,1.9149808800,1.9063548400,1.9149808800,12487300
2020-10-26 09:45:00,1.9149808800,1.9839892000,1.9063548400,1.9581110800,29471637
2020-10-26 10:00:00,1.9581110800,1.9581110800,1.9236069200,1.9408590000,11663300
2020-10-26 10:15:00,1.9322329600,1.9408590000,1.9149808800,1.9236069200,8759000
2020-10-26 10:30:00,1.9236069200,1.9322329600,1.9149808800,1.9236069200,2603900
2020-10-26 10:45:00,1.9236069200,1.9322329600,1.9149808800,1.9236069200,1784900
2020-10-26 11:00:00,1.9236069200,1.9236069200,1.9149808800,1.9236069200,1311400
2020-10-26 11:15:00,1.9236069200,1.9236069200,1.9149808800,1.9236069200,1677700
2020-10-26 11:30:00,1.9236069200,1.9236069200,1.8977288000,1.8977288000,4790599
2020-10-26 13:15:00,1.8977288000,1.9063548400,1.8977288000,1.8977288000,1682601
2020-10-26 13:30:00,1.8977288000,1.9063548400,1.8804767200,1.8891027600,3196299
2020-10-26 13:45:00,1.8891027600,1.8977288000,1.8804767200,1.8891027600,1825300
2020-10-26 14:00:00,1.8891027600,1.8977288000,1.8891027600,1.8891027600,808500
2020-10-26 14:15:00,1.8977288000,1.8977288000,1.8891027600,1.8891027600,1214900
2020-10-26 14:30:00,1.8977288000,1.8977288000,1.8891027600,1.8977288000,1067900
2020-10-26 14:45:00,1.8977288000,1.9063548400,1.8891027600,1.9063548400,2273000
2020-10-26 15:00:00,1.8977288000,1.9063548400,1.8891027600,1.8977288000,3281500
2020-10-27 09:45:00,1.8718506800,1.8804767200,1.8459725600,1.8545986000,14442800
2020-10-27 10:00:00,1.8545986000,1.8632246400,1.8200944400,1.8287204800,14857423
2020-10-27 10:15:00,1.8287204800,1.8459725600,1.8287204800,1.8373465200,3372400
2020-10-27 10:30:00,1.8287204800,1.8373465200,1.8287204800,1.8287204800,2973000
2020-10-27 10:45:00,1.8287204800,1.8373465200,1.8287204800,1.8287204800,1606700
2020-10-27 11:00:00,1.8287204800,1.8373465200,1.8287204800,1.8287204800,1693000
2020-10-27 11:15:00,1.8287204800,1.8373465200,1.8287204800,1.8373465200,1194900
2020-10-27 11:30:00,1.8373465200,1.8373465200,1.8200944400,1.8287204800,2816577
2020-10-27 13:15:00,1.8287204800,1.8373465200,1.8200944400,1.8373465200,2688065
2020-10-27 13:30:00,1.8373465200,1.8373465200,1.8287204800,1.8373465200,756301
2020-10-27 13:45:00,1.8373465200,1.8459725600,1.8287204800,1.8373465200,1457900
2020-10-27 14:00:00,1.8373465200,1.8459725600,1.8373465200,1.8459725600,828600
2020-10-27 14:15:00,1.8373465200,1.8459725600,1.8373465200,1.8459725600,541800
2020-10-27 14:30:00,1.8459725600,1.8459725600,1.8373465200,1.8459725600,755400
2020-10-27 14:45:00,1.8459725600,1.8459725600,1.8373465200,1.8373465200,1584300
2020-10-27 15:00:00,1.8373465200,1.8459725600,1.8287204800,1.8373465200,3115700
2020-10-28 09:45:00,1.8287204800,1.8373465200,1.8200944400,1.8287204800,3932100
2020-10-28 10:00:00,1.8287204800,1.8287204800,1.8114684000,1.8200944400,3472400
2020-10-28 10:15:00,1.8200944400,1.8287204800,1.8114684000,1.8200944400,2555700
2020-10-28 10:30:00,1.8200944400,1.8287204800,1.8114684000,1.8114684000,1850400
2020-10-28 10:45:00,1.8114684000,1.8287204800,1.8114684000,1.8200944400,1479200
2020-10-28 11:00:00,1.8114684000,1.8287204800,1.8114684000,1.8287204800,780300
2020-10-28 11:15:00,1.8287204800,1.8287204800,1.8200944400,1.8287204800,999500
2020-10-28 11:30:00,1.8287204800,1.8373465200,1.8200944400,1.8287204800,1165800
2020-10-28 13:15:00,1.8287204800,1.8373465200,1.8287204800,1.8373465200,3049600
2020-10-28 13:30:00,1.8373465200,1.8373465200,1.8287204800,1.8373465200,980600
2020-10-28 13:45:00,1.8373465200,1.8459725600,1.8287204800,1.8373465200,1345300
2020-10-28 14:00:00,1.8373465200,1.8459725600,1.8287204800,1.8373465200,1240900
2020-10-28 14:15:00,1.8373465200,1.8373465200,1.8287204800,1.8373465200,1174100
2020-10-28 14:30:00,1.8373465200,1.8632246400,1.8287204800,1.8459725600,8605300
2020-10-28 14:45:00,1.8459725600,1.8545986000,1.8373465200,1.8459725600,1763200
2020-10-28 15:00:00,1.8459725600,1.8545986000,1.8373465200,1.8545986000,2013100
2020-10-29 09:45:00,1.8287204800,1.8373465200,1.8114684000,1.8287204800,6553636
2020-10-29 10:00:00,1.8287204800,1.8373465200,1.8287204800,1.8287204800,2021800
2020-10-29 10:15:00,1.8373465200,1.8373465200,1.8200944400,1.8287204800,2402600
2020-10-29 10:30:00,1.8287204800,1.8373465200,1.8287204800,1.8287204800,965800
2020-10-29 10:45:00,1.8287204800,1.8373465200,1.8200944400,1.8287204800,1937700
2020-10-29 11:00:00,1.8287204800,1.8373465200,1.8200944400,1.8373465200,1349700
2020-10-29 11:15:00,1.8373465200,1.8545986000,1.8373465200,1.8459725600,2642100
2020-10-29 11:30:00,1.8459725600,1.8545986000,1.8373465200,1.8545986000,1568641
2020-10-29 13:15:00,1.8545986000,1.8545986000,1.8373465200,1.8459725600,1966535
2020-10-29 13:30:00,1.8459725600,1.8459725600,1.8373465200,1.8373465200,520200
2020-10-29 13:45:00,1.8373465200,1.8459725600,1.8373465200,1.8373465200,1007200
2020-10-29 14:00:00,1.8373465200,1.8459725600,1.8373465200,1.8459725600,901800
2020-10-29 14:15:00,1.8459725600,1.8459725600,1.8373465200,1.8373465200,1959400
2020-10-29 14:30:00,1.8373465200,1.8459725600,1.8373465200,1.8459725600,795200
2020-10-29 14:45:00,1.8459725600,1.8459725600,1.8373465200,1.8459725600,919800
2020-10-29 15:00:00,1.8459725600,1.8459725600,1.8373465200,1.8459725600,3031282
2020-10-30 09:45:00,1.8545986000,1.8545986000,1.8287204800,1.8373465200,4067000
2020-10-30 10:00:00,1.8373465200,1.8459725600,1.8287204800,1.8373465200,2786800
2020-10-30 10:15:00,1.8459725600,1.8459725600,1.8287204800,1.8373465200,1929000
2020-10-30 10:30:00,1.8373465200,1.8373465200,1.8287204800,1.8373465200,839400
2020-10-30 10:45:00,1.8373465200,1.8373465200,1.8287204800,1.8287204800,1176401
2020-10-30 11:00:00,1.8287204800,1.8373465200,1.8200944400,1.8200944400,2973199
2020-10-30 11:15:00,1.8287204800,1.8287204800,1.8200944400,1.8287204800,1396300
2020-10-30 11:30:00,1.8287204800,1.8287204800,1.8200944400,1.8200944400,1677100
2020-10-30 13:15:00,1.8200944400,1.8287204800,1.8200944400,1.8200944400,2069200
2020-10-30 13:30:00,1.8200944400,1.8287204800,1.8114684000,1.8114684000,3018800
2020-10-30 13:45:00,1.8114684000,1.8200944400,1.8114684000,1.8200944400,1932799
2020-10-30 14:00:00,1.8200944400,1.8200944400,1.8114684000,1.8114684000,2784800
2020-10-30 14:15:00,1.8114684000,1.8114684000,1.7942163200,1.8028423600,4726201
2020-10-30 14:30:00,1.8028423600,1.8114684000,1.7942163200,1.8028423600,2404900
2020-10-30 14:45:00,1.8028423600,1.8114684000,1.7942163200,1.8114684000,1860900
2020-10-30 15:00:00,1.8114684000,1.8114684000,1.8028423600,1.8028423600,1797685
2020-11-02 09:45:00,1.8200944400,1.8545986000,1.8114684000,1.8373465200,10977500
2020-11-02 10:00:00,1.8373465200,1.8459725600,1.8287204800,1.8459725600,4128179
2020-11-02 10:15:00,1.8459725600,1.8459725600,1.8287204800,1.8373465200,3850700
2020-11-02 10:30:00,1.8373465200,1.8459725600,1.8287204800,1.8459725600,3655200
2020-11-02 10:45:00,1.8459725600,1.8459725600,1.8373465200,1.8459725600,1598400
2020-11-02 11:00:00,1.8459725600,1.8459725600,1.8373465200,1.8373465200,3022700
2020-11-02 11:15:00,1.8373465200,1.8459725600,1.8287204800,1.8459725600,4105546
2020-11-02 11:30:00,1.8459725600,1.8545986000,1.8373465200,1.8459725600,3397010
2020-11-02 13:15:00,1.8545986000,1.8804767200,1.8459725600,1.8804767200,13026100
2020-11-02 13:30:00,1.8718506800,1.8804767200,1.8632246400,1.8632246400,6469600
2020-11-02 13:45:00,1.8632246400,1.8977288000,1.8632246400,1.8977288000,8496924
2020-11-02 14:00:00,1.8891027600,1.9063548400,1.8891027600,1.8977288000,7430010
2020-11-02 14:15:00,1.8891027600,1.8977288000,1.8804767200,1.8977288000,4956066
2020-11-02 14:30:00,1.8977288000,1.9236069200,1.8891027600,1.9149808800,12798153
2020-11-02 14:45:00,1.9149808800,1.9839892000,1.9149808800,1.9839892000,57993057
2020-11-02 15:00:00,1.9839892000,1.9839892000,1.9753631600,1.9839892000,14184801
2020-11-03 09:45:00,1.9839892000,1.9839892000,1.9322329600,1.9494850400,34728900
2020-11-03 10:00:00,1.9494850400,1.9581110800,1.9149808800,1.9149808800,19327300
2020-11-03 10:15:00,1.9149808800,1.9494850400,1.9149808800,1.9408590000,8318301
2020-11-03 10:30:00,1.9408590000,1.9494850400,1.9322329600,1.9408590000,3276787
2020-11-03 10:45:00,1.9322329600,1.9581110800,1.9322329600,1.9581110800,4420200
2020-11-03 11:00:00,1.9581110800,1.9667371200,1.9494850400,1.9494850400,4239000
2020-11-03 11:15:00,1.9494850400,1.9753631600,1.9408590000,1.9753631600,11390385
2020-11-03 11:30:00,1.9753631600,2.0012412800,1.9667371200,1.9753631600,12049348
2020-11-03 13:15:00,1.9753631600,1.9753631600,1.9408590000,1.9494850400,5517800
2020-11-03 13:30:00,1.9408590000,1.9581110800,1.9408590000,1.9494850400,4737800
2020-11-03 13:45:00,1.9494850400,1.9581110800,1.9408590000,1.9494850400,2409300
2020-11-03 14:00:00,1.9494850400,1.9494850400,1.9408590000,1.9408590000,2226600
2020-11-03 14:15:00,1.9494850400,1.9581110800,1.9408590000,1.9494850400,1967000
2020-11-03 14:30:00,1.9494850400,1.9581110800,1.9408590000,1.9494850400,3795900
2020-11-03 14:45:00,1.9494850400,1.9581110800,1.9408590000,1.9581110800,3527583
2020-11-03 15:00:00,1.9581110800,1.9667371200,1.9408590000,1.9494850400,10415100
2020-11-04 09:45:00,1.9408590000,1.9926152400,1.9322329600,1.9581110800,19300794
2020-11-04 10:00:00,1.9581110800,1.9667371200,1.9408590000,1.9494850400,7605200
2020-11-04 10:15:00,1.9408590000,1.9494850400,1.9236069200,1.9322329600,5360000
2020-11-04 10:30:00,1.9322329600,1.9408590000,1.9236069200,1.9236069200,3615700
2020-11-04 10:45:00,1.9236069200,1.9322329600,1.9149808800,1.9236069200,5311000
2020-11-04 11:00:00,1.9236069200,1.9322329600,1.9149808800,1.9236069200,3045200
2020-11-04 11:15:00,1.9236069200,1.9494850400,1.9236069200,1.9408590000,3343900
2020-11-04 11:30:00,1.9408590000,1.9408590000,1.9322329600,1.9322329600,972800
2020-11-04 13:15:00,1.9408590000,1.9408590000,1.9236069200,1.9236069200,3037600
2020-11-04 13:30:00,1.9236069200,1.9408590000,1.9236069200,1.9408590000,2216000
2020-11-04 13:45:00,1.9408590000,1.9408590000,1.9236069200,1.9408590000,1199200
2020-11-04 14:00:00,1.9408590000,1.9408590000,1.9322329600,1.9408590000,1076100
2020-11-04 14:15:00,1.9408590000,1.9753631600,1.9322329600,1.9581110800,11743662
2020-11-04 14:30:00,1.9494850400,1.9753631600,1.9408590000,1.9753631600,10302570
2020-11-04 14:45:00,1.9667371200,1.9839892000,1.9581110800,1.9839892000,10964760
2020-11-04 15:00:00,1.9753631600,1.9839892000,1.9581110800,1.9667371200,7033555
2020-11-05 09:45:00,1.9581110800,2.0012412800,1.9408590000,1.9839892000,26379475
2020-11-05 10:00:00,1.9839892000,2.0012412800,1.9667371200,1.9667371200,19291600
2020-11-05 10:15:00,1.9667371200,1.9839892000,1.9581110800,1.9667371200,10168160
2020-11-05 10:30:00,1.9667371200,1.9753631600,1.9494850400,1.9753631600,10865200
2020-11-05 10:45:00,1.9753631600,1.9753631600,1.9581110800,1.9753631600,2965100
2020-11-05 11:00:00,1.9753631600,1.9753631600,1.9581110800,1.9667371200,2856400
2020-11-05 11:15:00,1.9667371200,1.9667371200,1.9581110800,1.9581110800,1477200
2020-11-05 11:30:00,1.9581110800,1.9839892000,1.9581110800,1.9839892000,4687100
2020-11-05 13:15:00,1.9839892000,1.9926152400,1.9667371200,1.9753631600,4357825
2020-11-05 13:30:00,1.9753631600,1.9926152400,1.9753631600,1.9753631600,4534600
2020-11-05 13:45:00,1.9753631600,2.0529975200,1.9667371200,2.0443714800,23380571
2020-11-05 14:00:00,2.0443714800,2.0529975200,2.0271194000,2.0271194000,13028200
2020-11-05 14:15:00,2.0271194000,2.0357454400,2.0098673200,2.0184933600,6828500
2020-11-05 14:30:00,2.0098673200,2.0271194000,2.0098673200,2.0184933600,2955100
2020-11-05 14:45:00,2.0184933600,2.0271194000,2.0098673200,2.0271194000,5643700
2020-11-05 15:00:00,2.0271194000,2.0271194000,2.0098673200,2.0184933600,5704000
2020-11-06 09:45:00,2.0098673200,2.0098673200,1.9753631600,1.9753631600,21607200
2020-11-06 10:00:00,1.9839892000,2.0184933600,1.9753631600,2.0012412800,9550300
2020-11-06 10:15:00,2.0098673200,2.0357454400,2.0012412800,2.0184933600,10149470
2020-11-06 10:30:00,2.0184933600,2.0357454400,2.0184933600,2.0271194000,7577475
2020-11-06 10:45:00,2.0357454400,2.2168922800,2.0357454400,2.1996402000,63492391
2020-11-06 11:00:00,2.1823881200,2.2168922800,2.1651360400,2.2168922800,60872383
2020-11-06 11:15:00,2.2168922800,2.2168922800,2.2168922800,2.2168922800,7682692
2020-11-06 11:30:00,2.2168922800,2.2168922800,2.2168922800,2.2168922800,10697819
2020-11-06 13:15:00,2.2168922800,2.2168922800,2.2168922800,2.2168922800,13480750
2020-11-06 13:30:00,2.2168922800,2.2168922800,2.2168922800,2.2168922800,3867800
2020-11-06 13:45:00,2.2168922800,2.2168922800,2.2168922800,2.2168922800,2589900
2020-11-06 14:00:00,2.2168922800,2.2168922800,2.2168922800,2.2168922800,2518700
2020-11-06 14:15:00,2.2168922800,2.2168922800,2.2168922800,2.2168922800,2244201
2020-11-06 14:30:00,2.2168922800,2.2168922800,2.1996402000,2.2168922800,78274583
2020-11-06 14:45:00,2.2168922800,2.2168922800,2.2168922800,2.2168922800,14382192
2020-11-06 15:00:00,2.2168922800,2.2168922800,2.2082662400,2.2168922800,16967456
2020-11-09 09:45:00,2.2945266400,2.4411693200,2.2600224800,2.4411693200,209761383
2020-11-09 10:00:00,2.4411693200,2.4411693200,2.4411693200,2.4411693200,3004876
2020-11-09 10:15:00,2.4411693200,2.4411693200,2.4411693200,2.4411693200,1328300
2020-11-09 10:30:00,2.4411693200,2.4411693200,2.4411693200,2.4411693200,781300
2020-11-09 10:45:00,2.4411693200,2.4411693200,2.4411693200,2.4411693200,1862352
2020-11-09 11:00:00,2.4411693200,2.4411693200,2.4411693200,2.4411693200,679700
2020-11-09 11:15:00,2.4411693200,2.4411693200,2.4411693200,2.4411693200,651600
2020-11-09 11:30:00,2.4411693200,2.4411693200,2.4411693200,2.4411693200,634100
2020-11-09 13:15:00,2.4411693200,2.4411693200,2.4411693200,2.4411693200,1123200
2020-11-09 13:30:00,2.4411693200,2.4411693200,2.4411693200,2.4411693200,247600
2020-11-09 13:45:00,2.4411693200,2.4411693200,2.4411693200,2.4411693200,589300
2020-11-09 14:00:00,2.4411693200,2.4411693200,2.4411693200,2.4411693200,190000
2020-11-09 14:15:00,2.4411693200,2.4411693200,2.4411693200,2.4411693200,381900
2020-11-09 14:30:00,2.4411693200,2.4411693200,2.4411693200,2.4411693200,221582
2020-11-09 14:45:00,2.4411693200,2.4411693200,2.4411693200,2.4411693200,353700
2020-11-09 15:00:00,2.4411693200,2.4411693200,2.4411693200,2.4411693200,806943
2020-11-10 09:45:00,2.6826984400,2.6826984400,2.6826984400,2.6826984400,56432250
2020-11-10 10:00:00,2.6826984400,2.6826984400,2.6826984400,2.6826984400,5949400
2020-11-10 10:15:00,2.6826984400,2.6826984400,2.6309422000,2.6826984400,226129710
2020-11-10 10:30:00,2.6826984400,2.6826984400,2.6826984400,2.6826984400,5585504
2020-11-10 10:45:00,2.6826984400,2.6826984400,2.6826984400,2.6826984400,3170912
2020-11-10 11:00:00,2.6826984400,2.6826984400,2.6826984400,2.6826984400,2120816
2020-11-10 11:15:00,2.6826984400,2.6826984400,2.6826984400,2.6826984400,1636896
2020-11-10 11:30:00,2.6826984400,2.6826984400,2.6826984400,2.6826984400,1334208
2020-11-10 13:15:00,2.6826984400,2.6826984400,2.6826984400,2.6826984400,2791488
2020-11-10 13:30:00,2.6826984400,2.6826984400,2.6826984400,2.6826984400,925408
2020-11-10 13:45:00,2.6826984400,2.6826984400,2.6826984400,2.6826984400,2856096
2020-11-10 14:00:00,2.6826984400,2.6826984400,2.6826984400,2.6826984400,2337408
2020-11-10 14:15:00,2.6826984400,2.6826984400,2.6826984400,2.6826984400,1960288
2020-11-10 14:30:00,2.6826984400,2.6826984400,2.6826984400,2.6826984400,3511600
2020-11-10 14:45:00,2.6826984400,2.6826984400,2.6826984400,2.6826984400,1729408
2020-11-10 15:00:00,2.6826984400,2.6826984400,2.6826984400,2.6826984400,1838784
2020-11-11 09:45:00,2.6913244800,2.7430807200,2.5791859600,2.6481942800,243791218
2020-11-11 10:00:00,2.6481942800,2.7085765600,2.6050640800,2.6740724000,77881822
2020-11-11 10:15:00,2.6740724000,2.7603328000,2.6568203200,2.7344546800,69167552
2020-11-11 10:30:00,2.7344546800,2.7517067600,2.6913244800,2.7430807200,31216384
2020-11-11 10:45:00,2.7517067600,2.7948369600,2.7085765600,2.7085765600,49490544
2020-11-11 11:00:00,2.7085765600,2.7085765600,2.6395682400,2.6568203200,23832000
2020-11-11 11:15:00,2.6568203200,2.6654463600,2.5533078400,2.5619338800,43260016
2020-11-11 11:30:00,2.5705599200,2.5878120000,2.5274297200,2.5705599200,23688752
2020-11-11 13:15:00,2.5705599200,2.5791859600,2.5274297200,2.5705599200,17459776
2020-11-11 13:30:00,2.5619338800,2.6395682400,2.5619338800,2.5878120000,20975120
2020-11-11 13:45:00,2.5878120000,2.5878120000,2.5274297200,2.5619338800,12097168
2020-11-11 14:00:00,2.5619338800,2.5878120000,2.5360557600,2.5533078400,12512672
2020-11-11 14:15:00,2.5446818000,2.5619338800,2.4842995200,2.5015516000,26255856
2020-11-11 14:30:00,2.4929255600,2.5533078400,2.4584214000,2.5274297200,22386672
2020-11-11 14:45:00,2.5274297200,2.5274297200,2.4756734800,2.5015516000,17618400
2020-11-11 15:00:00,2.5015516000,2.5101776400,2.4842995200,2.5015516000,30217712
2020-11-12 09:45:00,2.4497953600,2.5188036800,2.2513964400,2.2859006000,219430803
2020-11-12 10:00:00,2.2859006000,2.3117787200,2.2600224800,2.2945266400,49718397
2020-11-12 10:15:00,2.2945266400,2.3635349600,2.2945266400,2.3031526800,30242160
2020-11-12 10:30:00,2.3031526800,2.3117787200,2.2686485200,2.2772745600,19082240
2020-11-12 10:45:00,2.2686485200,2.3117787200,2.2600224800,2.2686485200,22646096
2020-11-12 11:00:00,2.2600224800,2.3290308000,2.2600224800,2.3290308000,16757168
2020-11-12 11:15:00,2.3204047600,2.3376568400,2.3031526800,2.3031526800,15726032
2020-11-12 11:30:00,2.3031526800,2.3204047600,2.2859006000,2.2859006000,8948096
2020-11-12 13:15:00,2.3031526800,2.3549089200,2.2945266400,2.3462828800,16348000
2020-11-12 13:30:00,2.3462828800,2.3807870400,2.3290308000,2.3462828800,21625424
2020-11-12 13:45:00,2.3462828800,2.3635349600,2.3376568400,2.3376568400,5940800
2020-11-12 14:00:00,2.3462828800,2.3635349600,2.3376568400,2.3549089200,7414608
2020-11-12 14:15:00,2.3549089200,2.3635349600,2.3117787200,2.3204047600,10616208
2020-11-12 14:30:00,2.3204047600,2.3290308000,2.2945266400,2.3031526800,9023040
2020-11-12 14:45:00,2.2945266400,2.3117787200,2.2859006000,2.3031526800,15296448
2020-11-12 15:00:00,2.3031526800,2.3204047600,2.2945266400,2.3031526800,22532592
2020-11-13 09:45:00,2.2600224800,2.3462828800,2.2427704000,2.3290308000,80947398
2020-11-13 10:00:00,2.3204047600,2.3549089200,2.2859006000,2.2945266400,44477428
2020-11-13 10:15:00,2.2945266400,2.3462828800,2.2772745600,2.3462828800,30395129
2020-11-13 10:30:00,2.3462828800,2.3462828800,2.3204047600,2.3462828800,22402100
2020-11-13 10:45:00,2.3376568400,2.4670474400,2.3376568400,2.4152912000,69674314
2020-11-13 11:00:00,2.4152912000,2.4152912000,2.3721610000,2.3980391200,13678100
2020-11-13 11:15:00,2.3980391200,2.3980391200,2.3721610000,2.3894130800,7183707
2020-11-13 11:30:00,2.3894130800,2.3980391200,2.3807870400,2.3980391200,5781744
2020-11-13 13:15:00,2.4066651600,2.4066651600,2.3549089200,2.3807870400,12456656
2020-11-13 13:30:00,2.3894130800,2.3980391200,2.3549089200,2.3549089200,9787792
2020-11-13 13:45:00,2.3635349600,2.3635349600,2.3290308000,2.3549089200,12057584
2020-11-13 14:00:00,2.3462828800,2.3635349600,2.3376568400,2.3635349600,6087136
2020-11-13 14:15:00,2.3635349600,2.3635349600,2.3462828800,2.3549089200,7290512
2020-11-13 14:30:00,2.3635349600,2.3894130800,2.3549089200,2.3807870400,8325936
2020-11-13 14:45:00,2.3721610000,2.3807870400,2.3549089200,2.3721610000,9772160
2020-11-13 15:00:00,2.3721610000,2.3721610000,2.3462828800,2.3549089200,20245248
2020-11-16 09:45:00,2.4411693200,2.5533078400,2.3807870400,2.3980391200,122309097
2020-11-16 10:00:00,2.3980391200,2.4239172400,2.3721610000,2.3980391200,32469830
2020-11-16 10:15:00,2.3894130800,2.3980391200,2.3462828800,2.3721610000,22380571
2020-11-16 10:30:00,2.3635349600,2.4152912000,2.3635349600,2.3807870400,13451946
2020-11-16 10:45:00,2.3721610000,2.3807870400,2.3549089200,2.3549089200,15884854
2020-11-16 11:00:00,2.3549089200,2.3721610000,2.3376568400,2.3721610000,14324813
2020-11-16 11:15:00,2.3721610000,2.3980391200,2.3635349600,2.3894130800,7216900
2020-11-16 11:30:00,2.3894130800,2.3980391200,2.3635349600,2.3980391200,6681900
2020-11-16 13:15:00,2.3980391200,2.4066651600,2.3807870400,2.3980391200,10968066
2020-11-16 13:30:00,2.3980391200,2.3980391200,2.3721610000,2.3894130800,4662201
2020-11-16 13:45:00,2.3894130800,2.4066651600,2.3721610000,2.4066651600,8040847
2020-11-16 14:00:00,2.4066651600,2.4670474400,2.3980391200,2.4411693200,19469151
2020-11-16 14:15:00,2.4411693200,2.4411693200,2.4066651600,2.4411693200,10851984
2020-11-16 14:30:00,2.4411693200,2.4411693200,2.4239172400,2.4325432800,6050096
2020-11-16 14:45:00,2.4239172400,2.4325432800,2.4066651600,2.4239172400,9941360
2020-11-16 15:00:00,2.4152912000,2.4411693200,2.4152912000,2.4239172400,17001360
2020-11-17 09:45:00,2.3807870400,2.4497953600,2.3462828800,2.4325432800,53993888
2020-11-17 10:00:00,2.4411693200,2.4670474400,2.3894130800,2.3980391200,31640682
2020-11-17 10:15:00,2.3894130800,2.4929255600,2.3894130800,2.4842995200,40173485
2020-11-17 10:30:00,2.4929255600,2.5619338800,2.4842995200,2.5360557600,57926421
2020-11-17 10:45:00,2.5360557600,2.5446818000,2.4929255600,2.5188036800,21974400
2020-11-17 11:00:00,2.5188036800,2.5360557600,2.5101776400,2.5188036800,13079436
2020-11-17 11:15:00,2.5188036800,2.6654463600,2.5188036800,2.6654463600,69419704
2020-11-17 11:30:00,2.6654463600,2.6654463600,2.6654463600,2.6654463600,6053120
2020-11-17 13:15:00,2.6654463600,2.6654463600,2.6654463600,2.6654463600,3879488
2020-11-17 13:30:00,2.6654463600,2.6654463600,2.6654463600,2.6654463600,1149200
2020-11-17 13:45:00,2.6654463600,2.6654463600,2.6654463600,2.6654463600,1196000
2020-11-17 14:00:00,2.6654463600,2.6654463600,2.6654463600,2.6654463600,936208
2020-11-17 14:15:00,2.6654463600,2.6654463600,2.6654463600,2.6654463600,1217600
2020-11-17 14:30:00,2.6654463600,2.6654463600,2.6654463600,2.6654463600,3684592
2020-11-17 14:45:00,2.6654463600,2.6654463600,2.6654463600,2.6654463600,1261712
2020-11-17 15:00:00,2.6654463600,2.6654463600,2.6654463600,2.6654463600,2126192
2020-11-18 09:45:00,2.7603328000,2.7862109200,2.6050640800,2.6740724000,160153789
2020-11-18 10:00:00,2.6740724000,2.7430807200,2.6740724000,2.6999505200,51243557
2020-11-18 10:15:00,2.6913244800,2.8293411200,2.6826984400,2.7603328000,57619438
2020-11-18 10:30:00,2.7603328000,2.7603328000,2.6999505200,2.7085765600,23671776
2020-11-18 10:45:00,2.7172026000,2.7862109200,2.6999505200,2.7517067600,16114288
2020-11-18 11:00:00,2.7430807200,2.7603328000,2.7085765600,2.7085765600,9311312
2020-11-18 11:15:00,2.7085765600,2.7430807200,2.7085765600,2.7344546800,7791088
2020-11-18 11:30:00,2.7430807200,2.8034630000,2.7344546800,2.7948369600,17537904
2020-11-18 13:15:00,2.8034630000,2.8207150800,2.7689588400,2.7689588400,18281904
2020-11-18 13:30:00,2.7689588400,2.7862109200,2.7430807200,2.7862109200,8818736
2020-11-18 13:45:00,2.7862109200,2.7948369600,2.7603328000,2.7689588400,7286080
2020-11-18 14:00:00,2.7689588400,2.7862109200,2.7430807200,2.7517067600,15375104
2020-11-18 14:15:00,2.7430807200,2.7517067600,2.6654463600,2.6826984400,25213840
2020-11-18 14:30:00,2.6826984400,2.7172026000,2.6740724000,2.6999505200,10259408
2020-11-18 14:45:00,2.6999505200,2.7085765600,2.6740724000,2.6913244800,15225200
2020-11-18 15:00:00,2.6913244800,2.6913244800,2.6481942800,2.6913244800,45558704
2020-11-19 09:45:00,2.6654463600,2.7258286400,2.5964380400,2.5964380400,82806978
2020-11-19 10:00:00,2.5964380400,2.6223161600,2.5360557600,2.5360557600,55244631
2020-11-19 10:15:00,2.5446818000,2.6050640800,2.5446818000,2.5791859600,25200983
2020-11-19 10:30:00,2.5705599200,2.5964380400,2.5705599200,2.5791859600,10501600
2020-11-19 10:45:00,2.5878120000,2.5964380400,2.5705599200,2.5791859600,8871929
2020-11-19 11:00:00,2.5791859600,2.5878120000,2.5705599200,2.5791859600,8912508
2020-11-19 11:15:00,2.5791859600,2.6223161600,2.5705599200,2.6223161600,8875301
2020-11-19 11:30:00,2.6136901200,2.6223161600,2.5878120000,2.6136901200,6044200
2020-11-19 13:15:00,2.6136901200,2.6223161600,2.5878120000,2.5878120000,5922500
2020-11-19 13:30:00,2.5964380400,2.6050640800,2.5619338800,2.5705599200,8784175
2020-11-19 13:45:00,2.5791859600,2.6223161600,2.5705599200,2.5878120000,8588900
2020-11-19 14:00:00,2.5964380400,2.5964380400,2.5619338800,2.5964380400,8801400
2020-11-19 14:15:00,2.5964380400,2.5964380400,2.5446818000,2.5619338800,15631917
2020-11-19 14:30:00,2.5705599200,2.5964380400,2.5533078400,2.5705599200,7143104
2020-11-19 14:45:00,2.5791859600,2.5964380400,2.5619338800,2.5964380400,11185906
2020-11-19 15:00:00,2.5878120000,2.6050640800,2.5619338800,2.5705599200,23615920
2020-11-20 09:45:00,2.5705599200,2.6136901200,2.5015516000,2.6050640800,42726300
2020-11-20 10:00:00,2.6050640800,2.6223161600,2.5360557600,2.5619338800,24262401
2020-11-20 10:15:00,2.5619338800,2.6136901200,2.5533078400,2.6136901200,22168200
2020-11-20 10:30:00,2.6223161600,2.6913244800,2.5964380400,2.6740724000,50662594
2020-11-20 10:45:00,2.6740724000,2.7085765600,2.6568203200,2.6568203200,38283739
2020-11-20 11:00:00,2.6568203200,2.7172026000,2.6395682400,2.6999505200,20452788
2020-11-20 11:15:00,2.6999505200,2.8207150800,2.6999505200,2.8120890400,68541969
2020-11-20 11:30:00,2.8034630000,2.8120890400,2.7344546800,2.7517067600,17382505
2020-11-20 13:15:00,2.7430807200,2.7689588400,2.7258286400,2.7258286400,10069888
2020-11-20 13:30:00,2.7258286400,2.7689588400,2.7258286400,2.7517067600,11758816
2020-11-20 13:45:00,2.7603328000,2.7775848800,2.7344546800,2.7689588400,8982096
2020-11-20 14:00:00,2.7689588400,2.7689588400,2.7430807200,2.7430807200,9173296
2020-11-20 14:15:00,2.7430807200,2.8034630000,2.7430807200,2.7689588400,15882288
2020-11-20 14:30:00,2.7689588400,2.7862109200,2.7517067600,2.7603328000,7357680
2020-11-20 14:45:00,2.7603328000,2.7689588400,2.7344546800,2.7517067600,10694912
2020-11-20 15:00:00,2.7430807200,2.7517067600,2.7172026000,2.7172026000,25112864
2020-11-23 09:45:00,2.7172026000,2.9156015200,2.6826984400,2.8552192400,121402153
2020-11-23 10:00:00,2.8638452800,2.8983494400,2.8034630000,2.8034630000,44535176
2020-11-23 10:15:00,2.8034630000,2.8293411200,2.7517067600,2.7775848800,37983916
2020-11-23 10:30:00,2.7775848800,2.7948369600,2.6999505200,2.7172026000,34525588
2020-11-23 10:45:00,2.7172026000,2.7862109200,2.7172026000,2.7689588400,16307671
2020-11-23 11:00:00,2.7689588400,2.8034630000,2.7603328000,2.7948369600,8026011
2020-11-23 11:15:00,2.8034630000,2.8034630000,2.7430807200,2.7603328000,9437037
2020-11-23 11:30:00,2.7603328000,2.8034630000,2.7603328000,2.8034630000,6706400
2020-11-23 13:15:00,2.7948369600,2.8465932000,2.7862109200,2.8120890400,13758064
2020-11-23 13:30:00,2.8207150800,2.8207150800,2.7603328000,2.7862109200,11072304
2020-11-23 13:45:00,2.7862109200,2.8293411200,2.7775848800,2.8207150800,11765104
2020-11-23 14:00:00,2.8207150800,2.8293411200,2.7775848800,2.7862109200,5744496
2020-11-23 14:15:00,2.7862109200,2.7862109200,2.7517067600,2.7689588400,9914160
2020-11-23 14:30:00,2.7689588400,2.7689588400,2.7344546800,2.7430807200,10415232
2020-11-23 14:45:00,2.7430807200,2.7517067600,2.7258286400,2.7344546800,15347808
2020-11-23 15:00:00,2.7258286400,2.7517067600,2.7172026000,2.7430807200,21142784
2020-11-24 09:45:00,2.6999505200,2.7258286400,2.6654463600,2.6740724000,60267425
2020-11-24 10:00:00,2.6740724000,2.8465932000,2.6740724000,2.7948369600,51106979
2020-11-24 10:15:00,2.7948369600,2.8293411200,2.7689588400,2.7862109200,27109700
2020-11-24 10:30:00,2.7775848800,2.7775848800,2.7344546800,2.7344546800,12980231
2020-11-24 10:45:00,2.7344546800,2.7517067600,2.7258286400,2.7258286400,6352669
2020-11-24 11:00:00,2.7344546800,2.7430807200,2.7085765600,2.7172026000,9022747
2020-11-24 11:15:00,2.7172026000,2.7430807200,2.6913244800,2.7430807200,15173200
2020-11-24 11:30:00,2.7344546800,2.7430807200,2.6999505200,2.7172026000,6076100
2020-11-24 13:15:00,2.7258286400,2.7258286400,2.6913244800,2.7085765600,8739200
2020-11-24 13:30:00,2.7085765600,2.7085765600,2.6826984400,2.6913244800,7741464
2020-11-24 13:45:00,2.6913244800,2.7085765600,2.6826984400,2.6999505200,4752800
2020-11-24 14:00:00,2.6913244800,2.6999505200,2.6826984400,2.6826984400,9450600
2020-11-24 14:15:00,2.6913244800,2.6913244800,2.6740724000,2.6740724000,9217300
2020-11-24 14:30:00,2.6740724000,2.6913244800,2.6654463600,2.6826984400,8967423
2020-11-24 14:45:00,2.6826984400,2.7258286400,2.6740724000,2.7172026000,8716600
2020-11-24 15:00:00,2.7258286400,2.7603328000,2.7172026000,2.7517067600,19035064
2020-11-25 09:45:00,2.7344546800,2.7862109200,2.6654463600,2.6999505200,43119507
2020-11-25 10:00:00,2.6913244800,2.6913244800,2.6395682400,2.6481942800,34109728
2020-11-25 10:15:00,2.6395682400,2.6654463600,2.6395682400,2.6568203200,15366826
2020-11-25 10:30:00,2.6654463600,2.6654463600,2.6223161600,2.6309422000,21725920
2020-11-25 10:45:00,2.6309422000,2.6568203200,2.6223161600,2.6309422000,9318500
2020-11-25 11:00:00,2.6309422000,2.6395682400,2.6223161600,2.6395682400,7848516
2020-11-25 11:15:00,2.6395682400,2.6395682400,2.6050640800,2.6136901200,14730017
2020-11-25 11:30:00,2.6136901200,2.6223161600,2.5878120000,2.5964380400,16408177
2020-11-25 13:15:00,2.5964380400,2.6309422000,2.5878120000,2.6223161600,7756338
2020-11-25 13:30:00,2.6223161600,2.6309422000,2.6050640800,2.6136901200,5706591
2020-11-25 13:45:00,2.6136901200,2.6223161600,2.5964380400,2.5964380400,7898120
2020-11-25 14:00:00,2.5964380400,2.6136901200,2.5964380400,2.6050640800,6633325
2020-11-25 14:15:00,2.6050640800,2.6395682400,2.5964380400,2.6136901200,8099985
2020-11-25 14:30:00,2.6136901200,2.6309422000,2.6050640800,2.6136901200,6016050
2020-11-25 14:45:00,2.6136901200,2.6223161600,2.5964380400,2.6050640800,9212401
2020-11-25 15:00:00,2.5964380400,2.6050640800,2.5878120000,2.5878120000,16603125
2020-11-26 09:45:00,2.5964380400,2.6136901200,2.5274297200,2.5360557600,25467531
2020-11-26 10:00:00,2.5360557600,2.5619338800,2.5188036800,2.5360557600,17879364
2020-11-26 10:15:00,2.5360557600,2.5446818000,2.5101776400,2.5274297200,16134773
2020-11-26 10:30:00,2.5274297200,2.5360557600,2.5015516000,2.5015516000,12921777
2020-11-26 10:45:00,2.5015516000,2.5274297200,2.5015516000,2.5188036800,7738130
2020-11-26 11:00:00,2.5188036800,2.6395682400,2.5188036800,2.6136901200,22100175
2020-11-26 11:15:00,2.6136901200,2.6740724000,2.5964380400,2.6395682400,33609900
2020-11-26 11:30:00,2.6395682400,2.7085765600,2.6223161600,2.6913244800,24934652
2020-11-26 13:15:00,2.6913244800,2.6999505200,2.6568203200,2.6568203200,8046724
2020-11-26 13:30:00,2.6568203200,2.6654463600,2.6568203200,2.6654463600,2638800
2020-11-26 13:45:00,2.6654463600,2.6654463600,2.6223161600,2.6223161600,6084776
2020-11-26 14:00:00,2.6223161600,2.6654463600,2.6223161600,2.6568203200,5852514
2020-11-26 14:15:00,2.6481942800,2.6568203200,2.6395682400,2.6395682400,2695053
2020-11-26 14:30:00,2.6481942800,2.6999505200,2.6309422000,2.6826984400,14590782
2020-11-26 14:45:00,2.6826984400,2.6826984400,2.6568203200,2.6740724000,9273300
2020-11-26 15:00:00,2.6740724000,2.7172026000,2.6654463600,2.7085765600,36018328
2020-11-27 09:45:00,2.6740724000,2.6999505200,2.6395682400,2.6568203200,28095100
2020-11-27 10:00:00,2.6568203200,2.6568203200,2.6309422000,2.6395682400,13755000
2020-11-27 10:15:00,2.6309422000,2.6481942800,2.6050640800,2.6395682400,11669785
2020-11-27 10:30:00,2.6395682400,2.6395682400,2.6050640800,2.6223161600,8484315
2020-11-27 10:45:00,2.6309422000,2.6309422000,2.6136901200,2.6223161600,5285700
2020-11-27 11:00:00,2.6223161600,2.6223161600,2.6050640800,2.6136901200,5187600
2020-11-27 11:15:00,2.6136901200,2.6309422000,2.6050640800,2.6050640800,4996600
2020-11-27 11:30:00,2.6136901200,2.6136901200,2.5791859600,2.5878120000,16185635
2020-11-27 13:15:00,2.5878120000,2.6136901200,2.5878120000,2.6136901200,2635400
2020-11-27 13:30:00,2.6050640800,2.6223161600,2.6050640800,2.6223161600,2282480
2020-11-27 13:45:00,2.6223161600,2.6223161600,2.5964380400,2.6050640800,2296000
2020-11-27 14:00:00,2.6050640800,2.6395682400,2.6050640800,2.6395682400,2694580
2020-11-27 14:15:00,2.6395682400,2.6481942800,2.6223161600,2.6309422000,3351900
2020-11-27 14:30:00,2.6309422000,2.6740724000,2.6223161600,2.6654463600,8542392
2020-11-27 14:45:00,2.6568203200,2.6999505200,2.6568203200,2.6654463600,11996700
2020-11-27 15:00:00,2.6740724000,2.6740724000,2.6395682400,2.6395682400,9617500
2020-11-30 09:45:00,2.6395682400,2.6568203200,2.5964380400,2.6223161600,15246736
2020-11-30 10:00:00,2.6309422000,2.7085765600,2.6223161600,2.6740724000,18580305
2020-11-30 10:15:00,2.6740724000,2.7344546800,2.6740724000,2.6826984400,21657085
2020-11-30 10:30:00,2.6913244800,2.6999505200,2.6481942800,2.6654463600,8782900
2020-11-30 10:45:00,2.6740724000,2.6826984400,2.6568203200,2.6568203200,3803588
2020-11-30 11:00:00,2.6654463600,2.6654463600,2.6309422000,2.6481942800,4709412
2020-11-30 11:15:00,2.6481942800,2.6568203200,2.6395682400,2.6568203200,4002380
2020-11-30 11:30:00,2.6568203200,2.6654463600,2.6481942800,2.6568203200,2164509
2020-11-30 13:15:00,2.6481942800,2.6568203200,2.6309422000,2.6309422000,5325691
2020-11-30 13:30:00,2.6309422000,2.6568203200,2.6309422000,2.6395682400,3981731
2020-11-30 13:45:00,2.6481942800,2.6740724000,2.6395682400,2.6568203200,5547200
2020-11-30 14:00:00,2.6568203200,2.6654463600,2.6481942800,2.6481942800,2529700
2020-11-30 14:15:00,2.6481942800,2.6654463600,2.6395682400,2.6568203200,3321900
2020-11-30 14:30:00,2.6568203200,2.6654463600,2.6309422000,2.6309422000,5749400
2020-11-30 14:45:00,2.6395682400,2.6395682400,2.6050640800,2.6223161600,11799289
2020-11-30 15:00:00,2.6136901200,2.6223161600,2.5619338800,2.5619338800,34631255
2020-12-01 09:45:00,2.5619338800,2.5878120000,2.5274297200,2.5446818000,20098200
2020-12-01 10:00:00,2.5446818000,2.5533078400,2.5188036800,2.5274297200,12195107
2020-12-01 10:15:00,2.5360557600,2.5360557600,2.5101776400,2.5188036800,13177475
2020-12-01 10:30:00,2.5274297200,2.5619338800,2.5188036800,2.5533078400,7691653
2020-12-01 10:45:00,2.5533078400,2.5705599200,2.5446818000,2.5705599200,3918000
2020-12-01 11:00:00,2.5705599200,2.5705599200,2.5533078400,2.5619338800,6167500
2020-12-01 11:15:00,2.5533078400,2.5705599200,2.5274297200,2.5446818000,19941872
2020-12-01 11:30:00,2.5533078400,2.5964380400,2.5446818000,2.5878120000,12425130
2020-12-01 13:15:00,2.5964380400,2.5964380400,2.5705599200,2.5791859600,4704815
2020-12-01 13:30:00,2.5791859600,2.5791859600,2.5533078400,2.5705599200,4222300
2020-12-01 13:45:00,2.5705599200,2.5964380400,2.5619338800,2.5791859600,7502900
2020-12-01 14:00:00,2.5791859600,2.5878120000,2.5705599200,2.5791859600,3322400
2020-12-01 14:15:00,2.5791859600,2.5791859600,2.5619338800,2.5705599200,3648600
2020-12-01 14:30:00,2.5791859600,2.5791859600,2.5619338800,2.5619338800,3896800
2020-12-01 14:45:00,2.5705599200,2.5791859600,2.5533078400,2.5705599200,8255606
2020-12-01 15:00:00,2.5619338800,2.5705599200,2.5533078400,2.5619338800,10376727
2020-12-02 09:45:00,2.5446818000,2.5705599200,2.5274297200,2.5274297200,17346701
2020-12-02 10:00:00,2.5360557600,2.5533078400,2.5274297200,2.5446818000,7381642
2020-12-02 10:15:00,2.5446818000,2.6050640800,2.5446818000,2.5705599200,16598400
2020-12-02 10:30:00,2.5791859600,2.6568203200,2.5705599200,2.6481942800,31739713
2020-12-02 10:45:00,2.6481942800,2.6826984400,2.6395682400,2.6568203200,24265963
2020-12-02 11:00:00,2.6481942800,2.6568203200,2.6136901200,2.6136901200,8206008
2020-12-02 11:15:00,2.6136901200,2.6309422000,2.6050640800,2.6223161600,8219400
2020-12-02 11:30:00,2.6223161600,2.6309422000,2.6050640800,2.6136901200,3942931
2020-12-02 13:15:00,2.6223161600,2.6223161600,2.5964380400,2.6136901200,3291270
2020-12-02 13:30:00,2.6136901200,2.6136901200,2.5878120000,2.5964380400,3728990
2020-12-02 13:45:00,2.5964380400,2.5964380400,2.5791859600,2.5878120000,4294800
2020-12-02 14:00:00,2.5878120000,2.5964380400,2.5878120000,2.5964380400,1551653
2020-12-02 14:15:00,2.5964380400,2.6050640800,2.5878120000,2.5964380400,2476900
2020-12-02 14:30:00,2.5964380400,2.6136901200,2.5964380400,2.6050640800,1670900
2020-12-02 14:45:00,2.6050640800,2.6136901200,2.5878120000,2.6050640800,4198028
2020-12-02 15:00:00,2.6050640800,2.6050640800,2.5791859600,2.5878120000,14991427
2020-12-03 09:45:00,2.5705599200,2.5878120000,2.5274297200,2.5878120000,22896395
2020-12-03 10:00:00,2.5878120000,2.5964380400,2.5274297200,2.5360557600,10807827
2020-12-03 10:15:00,2.5360557600,2.5533078400,2.5274297200,2.5446818000,8741207
2020-12-03 10:30:00,2.5360557600,2.5533078400,2.5360557600,2.5446818000,3970800
2020-12-03 10:45:00,2.5360557600,2.5446818000,2.5274297200,2.5360557600,4446547
2020-12-03 11:00:00,2.5360557600,2.5446818000,2.5188036800,2.5188036800,8634099
2020-12-03 11:15:00,2.5274297200,2.5360557600,2.5188036800,2.5274297200,4095030
2020-12-03 11:30:00,2.5360557600,2.5533078400,2.5274297200,2.5533078400,2455468
2020-12-03 13:15:00,2.5533078400,2.5533078400,2.5360557600,2.5533078400,2022301
2020-12-03 13:30:00,2.5533078400,2.5533078400,2.5360557600,2.5360557600,2910900
2020-12-03 13:45:00,2.5360557600,2.5360557600,2.5188036800,2.5274297200,6727901
2020-12-03 14:00:00,2.5360557600,2.5360557600,2.5188036800,2.5274297200,3152400
2020-12-03 14:15:00,2.5274297200,2.5360557600,2.5188036800,2.5274297200,4809332
2020-12-03 14:30:00,2.5274297200,2.5360557600,2.5274297200,2.5274297200,3565000
2020-12-03 14:45:00,2.5274297200,2.5533078400,2.5274297200,2.5360557600,5090156
2020-12-03 15:00:00,2.5360557600,2.5446818000,2.5188036800,2.5274297200,8496838
2020-12-04 09:45:00,2.5360557600,2.5619338800,2.5274297200,2.5360557600,12040300
2020-12-04 10:00:00,2.5446818000,2.5791859600,2.5274297200,2.5619338800,13259904
2020-12-04 10:15:00,2.5619338800,2.5619338800,2.5446818000,2.5446818000,3392790
2020-12-04 10:30:00,2.5533078400,2.5533078400,2.5360557600,2.5533078400,3215323
2020-12-04 10:45:00,2.5446818000,2.5533078400,2.5446818000,2.5446818000,2644612
2020-12-04 11:00:00,2.5533078400,2.5705599200,2.5446818000,2.5619338800,3748248
2020-12-04 11:15:00,2.5619338800,2.5705599200,2.5533078400,2.5705599200,3901606
2020-12-04 11:30:00,2.5705599200,2.6568203200,2.5705599200,2.6395682400,53381806
2020-12-04 13:15:00,2.6395682400,2.6568203200,2.6136901200,2.6223161600,14100973
2020-12-04 13:30:00,2.6136901200,2.6223161600,2.5964380400,2.6050640800,5624300
2020-12-04 13:45:00,2.6050640800,2.6136901200,2.5964380400,2.6136901200,3342458
2020-12-04 14:00:00,2.6136901200,2.6136901200,2.5964380400,2.6050640800,2780742
2020-12-04 14:15:00,2.6050640800,2.6136901200,2.5964380400,2.6050640800,4730801
2020-12-04 14:30:00,2.6050640800,2.6136901200,2.6050640800,2.6050640800,3381699
2020-12-04 14:45:00,2.6050640800,2.6309422000,2.6050640800,2.6136901200,7070600
2020-12-04 15:00:00,2.6136901200,2.6309422000,2.6136901200,2.6223161600,10751300
2020-12-07 09:45:00,2.6481942800,2.6654463600,2.5964380400,2.5964380400,18179600
2020-12-07 10:00:00,2.5964380400,2.6050640800,2.5705599200,2.5878120000,17403643
2020-12-07 10:15:00,2.5964380400,2.5964380400,2.5705599200,2.5705599200,7981157
2020-12-07 10:30:00,2.5705599200,2.5964380400,2.5705599200,2.5878120000,5046000
2020-12-07 10:45:00,2.5878120000,2.5878120000,2.5705599200,2.5791859600,6188400
2020-12-07 11:00:00,2.5791859600,2.5878120000,2.5619338800,2.5619338800,6174700
2020-12-07 11:15:00,2.5705599200,2.5705599200,2.5533078400,2.5533078400,5556500
2020-12-07 11:30:00,2.5619338800,2.5705599200,2.5533078400,2.5705599200,2303830
2020-12-07 13:15:00,2.5619338800,2.5791859600,2.5619338800,2.5705599200,2153200
2020-12-07 13:30:00,2.5705599200,2.5791859600,2.5533078400,2.5619338800,6907200
2020-12-07 13:45:00,2.5619338800,2.5791859600,2.5619338800,2.5705599200,5094600
2020-12-07 14:00:00,2.5705599200,2.5878120000,2.5705599200,2.5878120000,2499480
2020-12-07 14:15:00,2.5878120000,2.6136901200,2.5878120000,2.5878120000,4395600
2020-12-07 14:30:00,2.5964380400,2.6050640800,2.5878120000,2.5964380400,2831100
2020-12-07 14:45:00,2.6050640800,2.6050640800,2.5791859600,2.5878120000,4485700
2020-12-07 15:00:00,2.5878120000,2.5878120000,2.5705599200,2.5705599200,4667700
2020-12-08 09:45:00,2.5446818000,2.5878120000,2.5446818000,2.5533078400,8447673
2020-12-08 10:00:00,2.5533078400,2.5791859600,2.5446818000,2.5619338800,7068399
2020-12-08 10:15:00,2.5619338800,2.5705599200,2.5446818000,2.5446818000,6030600
2020-12-08 10:30:00,2.5533078400,2.5619338800,2.5446818000,2.5619338800,2741600
2020-12-08 10:45:00,2.5619338800,2.5619338800,2.5446818000,2.5533078400,1990100
2020-12-08 11:00:00,2.5446818000,2.5533078400,2.5446818000,2.5446818000,2775800
2020-12-08 11:15:00,2.5446818000,2.5533078400,2.5274297200,2.5360557600,5815427
2020-12-08 11:30:00,2.5360557600,2.5360557600,2.5274297200,2.5274297200,6365900
2020-12-08 13:15:00,2.5274297200,2.5705599200,2.5188036800,2.5619338800,4558601
2020-12-08 13:30:00,2.5619338800,2.5878120000,2.5619338800,2.5791859600,6299600
2020-12-08 13:45:00,2.5878120000,2.5878120000,2.5705599200,2.5791859600,3249476
2020-12-08 14:00:00,2.5705599200,2.5878120000,2.5705599200,2.5791859600,2370900
2020-12-08 14:15:00,2.5705599200,2.5878120000,2.5705599200,2.5791859600,3299500
2020-12-08 14:30:00,2.5791859600,2.5878120000,2.5705599200,2.5791859600,1824000
2020-12-08 14:45:00,2.5705599200,2.5791859600,2.5705599200,2.5791859600,2214600
2020-12-08 15:00:00,2.5791859600,2.5878120000,2.5705599200,2.5705599200,7111407
2020-12-09 09:45:00,2.5705599200,2.6050640800,2.5533078400,2.5878120000,9646600
2020-12-09 10:00:00,2.5964380400,2.5964380400,2.5619338800,2.5619338800,6106000
2020-12-09 10:15:00,2.5619338800,2.5705599200,2.5446818000,2.5533078400,5935600
2020-12-09 10:30:00,2.5533078400,2.5705599200,2.5446818000,2.5705599200,1972400
2020-12-09 10:45:00,2.5705599200,2.5705599200,2.5533078400,2.5705599200,1890800
2020-12-09 11:00:00,2.5705599200,2.5705599200,2.5533078400,2.5533078400,1811100
2020-12-09 11:15:00,2.5533078400,2.5619338800,2.5533078400,2.5533078400,1083400
2020-12-09 11:30:00,2.5533078400,2.5619338800,2.5533078400,2.5533078400,2143752
2020-12-09 13:15:00,2.5533078400,2.5533078400,2.5446818000,2.5446818000,1989300
2020-12-09 13:30:00,2.5533078400,2.5533078400,2.5360557600,2.5360557600,3718948
2020-12-09 13:45:00,2.5360557600,2.5446818000,2.5274297200,2.5360557600,4611261
2020-12-09 14:00:00,2.5360557600,2.5446818000,2.5274297200,2.5360557600,3152319
2020-12-09 14:15:00,2.5360557600,2.5446818000,2.5274297200,2.5360557600,3482100
2020-12-09 14:30:00,2.5360557600,2.5446818000,2.5360557600,2.5446818000,2011005
2020-12-09 14:45:00,2.5446818000,2.5446818000,2.5188036800,2.5274297200,7536695
2020-12-09 15:00:00,2.5274297200,2.5274297200,2.5015516000,2.5015516000,13461280
2020-12-10 09:45:00,2.4842995200,2.5015516000,2.4239172400,2.4497953600,19023844
2020-12-10 10:00:00,2.4497953600,2.4929255600,2.4497953600,2.4584214000,8994000
2020-12-10 10:15:00,2.4584214000,2.5188036800,2.4497953600,2.5015516000,9590119
2020-12-10 10:30:00,2.5015516000,2.5101776400,2.4842995200,2.4929255600,4032200
2020-12-10 10:45:00,2.4842995200,2.4929255600,2.4756734800,2.4929255600,2163900
2020-12-10 11:00:00,2.4929255600,2.4929255600,2.4670474400,2.4842995200,2497300
2020-12-10 11:15:00,2.4842995200,2.4929255600,2.4756734800,2.4842995200,1825600
2020-12-10 11:30:00,2.4842995200,2.4929255600,2.4670474400,2.4929255600,3678900
2020-12-10 13:15:00,2.4929255600,2.5015516000,2.4842995200,2.4929255600,1902276
2020-12-10 13:30:00,2.4929255600,2.5015516000,2.4842995200,2.4842995200,2056200
2020-12-10 13:45:00,2.4929255600,2.4929255600,2.4670474400,2.4756734800,3160924
2020-12-10 14:00:00,2.4756734800,2.4842995200,2.4670474400,2.4670474400,1910200
2020-12-10 14:15:00,2.4670474400,2.4756734800,2.4497953600,2.4584214000,5138800
2020-12-10 14:30:00,2.4584214000,2.4756734800,2.4584214000,2.4670474400,2668797
2020-12-10 14:45:00,2.4670474400,2.4756734800,2.4584214000,2.4670474400,3768300
2020-12-10 15:00:00,2.4670474400,2.4670474400,2.4584214000,2.4670474400,6356830
2020-12-11 09:45:00,2.4584214000,2.4929255600,2.4325432800,2.4411693200,12135500
2020-12-11 10:00:00,2.4411693200,2.4584214000,2.4239172400,2.4325432800,9042200
2020-12-11 10:15:00,2.4239172400,2.4325432800,2.3807870400,2.3894130800,12353000
2020-12-11 10:30:00,2.3894130800,2.4152912000,2.3807870400,2.3980391200,7647778
2020-12-11 10:45:00,2.4066651600,2.4066651600,2.3721610000,2.3980391200,9857922
2020-12-11 11:00:00,2.3980391200,2.3980391200,2.3549089200,2.3635349600,8848500
2020-12-11 11:15:00,2.3549089200,2.4066651600,2.3549089200,2.3721610000,6015551
2020-12-11 11:30:00,2.3721610000,2.3807870400,2.3549089200,2.3721610000,3361900
2020-12-11 13:15:00,2.3721610000,2.3980391200,2.3635349600,2.3807870400,3813400
2020-12-11 13:30:00,2.3807870400,2.3894130800,2.3549089200,2.3549089200,6271800
2020-12-11 13:45:00,2.3549089200,2.3721610000,2.3462828800,2.3549089200,5842000
2020-12-11 14:00:00,2.3549089200,2.3635349600,2.3462828800,2.3462828800,3465300
2020-12-11 14:15:00,2.3549089200,2.3635349600,2.3462828800,2.3549089200,4036900
2020-12-11 14:30:00,2.3549089200,2.3635349600,2.3462828800,2.3635349600,3826200
2020-12-11 14:45:00,2.3635349600,2.3894130800,2.3549089200,2.3807870400,5282100
2020-12-11 15:00:00,2.3807870400,2.3807870400,2.3635349600,2.3635349600,5256560
2020-12-14 09:45:00,2.3721610000,2.4152912000,2.3549089200,2.3894130800,11143077
2020-12-14 10:00:00,2.3894130800,2.4066651600,2.3549089200,2.3721610000,6106699
2020-12-14 10:15:00,2.3721610000,2.3894130800,2.3635349600,2.3721610000,3565400
2020-12-14 10:30:00,2.3721610000,2.3807870400,2.3635349600,2.3807870400,3450750
2020-12-14 10:45:00,2.3807870400,2.3807870400,2.3635349600,2.3721610000,2240900
2020-12-14 11:00:00,2.3721610000,2.3894130800,2.3721610000,2.3894130800,2413404
2020-12-14 11:15:00,2.3894130800,2.3894130800,2.3721610000,2.3807870400,1947300
2020-12-14 11:30:00,2.3894130800,2.3894130800,2.3807870400,2.3894130800,1341300
2020-12-14 13:15:00,2.3894130800,2.3894130800,2.3721610000,2.3807870400,2408800
2020-12-14 13:30:00,2.3807870400,2.3894130800,2.3721610000,2.3807870400,2026500
2020-12-14 13:45:00,2.3807870400,2.3894130800,2.3721610000,2.3807870400,2543200
2020-12-14 14:00:00,2.3807870400,2.3894130800,2.3721610000,2.3807870400,3659900
2020-12-14 14:15:00,2.3721610000,2.3894130800,2.3721610000,2.3894130800,1560500
2020-12-14 14:30:00,2.3807870400,2.3894130800,2.3807870400,2.3807870400,1747960
2020-12-14 14:45:00,2.3807870400,2.3980391200,2.3807870400,2.3894130800,4707900
2020-12-14 15:00:00,2.3894130800,2.4066651600,2.3807870400,2.4066651600,7678200
2020-12-15 09:45:00,2.3894130800,2.3980391200,2.3721610000,2.3807870400,5365700
2020-12-15 10:00:00,2.3807870400,2.4411693200,2.3721610000,2.4325432800,13717534
2020-12-15 10:15:00,2.4239172400,2.4239172400,2.3894130800,2.4066651600,5275866
2020-12-15 10:30:00,2.4066651600,2.4066651600,2.3894130800,2.4066651600,2104781
2020-12-15 10:45:00,2.3980391200,2.4152912000,2.3980391200,2.4066651600,2253730
2020-12-15 11:00:00,2.4152912000,2.4152912000,2.3980391200,2.3980391200,1741470
2020-12-15 11:15:00,2.4066651600,2.4066651600,2.3980391200,2.4066651600,1303100
2020-12-15 11:30:00,2.4066651600,2.4152912000,2.3980391200,2.4152912000,1728700
2020-12-15 13:15:00,2.4066651600,2.4239172400,2.4066651600,2.4152912000,2522434
2020-12-15 13:30:00,2.4152912000,2.4152912000,2.4066651600,2.4152912000,1216067
2020-12-15 13:45:00,2.4152912000,2.4239172400,2.4066651600,2.4066651600,1954700
2020-12-15 14:00:00,2.4066651600,2.4152912000,2.4066651600,2.4152912000,2484100
2020-12-15 14:15:00,2.4152912000,2.4411693200,2.4152912000,2.4325432800,7730647
2020-12-15 14:30:00,2.4325432800,2.4411693200,2.4239172400,2.4239172400,3848000
2020-12-15 14:45:00,2.4239172400,2.4411693200,2.4239172400,2.4325432800,2666300
2020-12-15 15:00:00,2.4411693200,2.4411693200,2.4239172400,2.4325432800,3344874
2020-12-16 09:45:00,2.4239172400,2.4325432800,2.3980391200,2.4066651600,5248500
2020-12-16 10:00:00,2.3980391200,2.4497953600,2.3980391200,2.3980391200,6431000
2020-12-16 10:15:00,2.3980391200,2.4152912000,2.3980391200,2.3980391200,2587181
2020-12-16 10:30:00,2.3980391200,2.4066651600,2.3894130800,2.3980391200,3302459
2020-12-16 10:45:00,2.3894130800,2.4152912000,2.3894130800,2.4066651600,1739500
2020-12-16 11:00:00,2.4066651600,2.4239172400,2.4066651600,2.4066651600,1701800
2020-12-16 11:15:00,2.4066651600,2.4239172400,2.4066651600,2.4152912000,1006000
2020-12-16 11:30:00,2.4152912000,2.4239172400,2.4066651600,2.4066651600,668000
2020-12-16 13:15:00,2.4152912000,2.4152912000,2.3980391200,2.3980391200,1549600
2020-12-16 13:30:00,2.3980391200,2.4152912000,2.3894130800,2.3980391200,1884600
2020-12-16 13:45:00,2.4066651600,2.4066651600,2.3894130800,2.3980391200,1496300
2020-12-16 14:00:00,2.3980391200,2.4066651600,2.3894130800,2.3894130800,1259700
2020-12-16 14:15:00,2.3980391200,2.4066651600,2.3894130800,2.4066651600,1593100
2020-12-16 14:30:00,2.4066651600,2.4066651600,2.3807870400,2.3894130800,3134600
2020-12-16 14:45:00,2.3894130800,2.3980391200,2.3807870400,2.3807870400,4390200
2020-12-16 15:00:00,2.3807870400,2.3980391200,2.3807870400,2.3894130800,3768703
2020-12-17 09:45:00,2.4066651600,2.4239172400,2.3635349600,2.4239172400,6949600
2020-12-17 10:00:00,2.4239172400,2.5360557600,2.4152912000,2.5188036800,52086999
2020-12-17 10:15:00,2.5188036800,2.5188036800,2.4756734800,2.4842995200,12964879
2020-12-17 10:30:00,2.4842995200,2.5101776400,2.4756734800,2.5101776400,8897521
2020-12-17 10:45:00,2.5101776400,2.5274297200,2.4929255600,2.5015516000,8737900
2020-12-17 11:00:00,2.5015516000,2.5533078400,2.5015516000,2.5360557600,24336826
2020-12-17 11:15:00,2.5360557600,2.5446818000,2.5188036800,2.5360557600,8104900
2020-12-17 11:30:00,2.5360557600,2.5360557600,2.5188036800,2.5188036800,3089000
2020-12-17 13:15:00,2.5274297200,2.5360557600,2.5101776400,2.5360557600,4386900
2020-12-17 13:30:00,2.5360557600,2.5360557600,2.5101776400,2.5188036800,3028700
2020-12-17 13:45:00,2.5101776400,2.5274297200,2.5101776400,2.5274297200,3038947
2020-12-17 14:00:00,2.5274297200,2.5274297200,2.5101776400,2.5188036800,1918753
2020-12-17 14:15:00,2.5188036800,2.5188036800,2.5015516000,2.5101776400,1764500
2020-12-17 14:30:00,2.5101776400,2.5188036800,2.5015516000,2.5188036800,2040800
2020-12-17 14:45:00,2.5101776400,2.5188036800,2.5015516000,2.5101776400,4972000
2020-12-17 15:00:00,2.5101776400,2.5274297200,2.5015516000,2.5188036800,6798330
2020-12-18 09:45:00,2.5015516000,2.5101776400,2.4584214000,2.4842995200,20056827
2020-12-18 10:00:00,2.4842995200,2.4842995200,2.4584214000,2.4584214000,10856600
2020-12-18 10:15:00,2.4670474400,2.4670474400,2.4497953600,2.4497953600,10171500
2020-12-18 10:30:00,2.4497953600,2.4756734800,2.4497953600,2.4670474400,4537653
2020-12-18 10:45:00,2.4670474400,2.4670474400,2.4497953600,2.4670474400,4041989
2020-12-18 11:00:00,2.4670474400,2.4756734800,2.4584214000,2.4584214000,2221200
2020-12-18 11:15:00,2.4670474400,2.4670474400,2.4497953600,2.4584214000,4598400
2020-12-18 11:30:00,2.4584214000,2.4584214000,2.4411693200,2.4411693200,4441800
2020-12-18 13:15:00,2.4497953600,2.4584214000,2.4411693200,2.4497953600,4630000
2020-12-18 13:30:00,2.4411693200,2.4584214000,2.4325432800,2.4411693200,5258700
2020-12-18 13:45:00,2.4411693200,2.4497953600,2.4325432800,2.4497953600,2708000
2020-12-18 14:00:00,2.4497953600,2.4497953600,2.4325432800,2.4497953600,2440102
2020-12-18 14:15:00,2.4497953600,2.4584214000,2.4411693200,2.4497953600,3263319
2020-12-18 14:30:00,2.4497953600,2.4670474400,2.4497953600,2.4584214000,2676000
2020-12-18 14:45:00,2.4584214000,2.4670474400,2.4411693200,2.4497953600,3389600
2020-12-18 15:00:00,2.4584214000,2.4584214000,2.4411693200,2.4411693200,7247742
2020-12-21 09:45:00,2.4239172400,2.4670474400,2.4152912000,2.4325432800,12773700
2020-12-21 10:00:00,2.4325432800,2.4756734800,2.4325432800,2.4497953600,6458800
2020-12-21 10:15:00,2.4497953600,2.4584214000,2.4411693200,2.4497953600,3766285
2020-12-21 10:30:00,2.4497953600,2.4584214000,2.4411693200,2.4497953600,2544600
2020-12-21 10:45:00,2.4584214000,2.4670474400,2.4497953600,2.4584214000,3325400
2020-12-21 11:00:00,2.4584214000,2.4584214000,2.4411693200,2.4497953600,2808600
2020-12-21 11:15:00,2.4497953600,2.4497953600,2.4325432800,2.4325432800,4364700
2020-12-21 11:30:00,2.4325432800,2.4411693200,2.4325432800,2.4325432800,2394400
2020-12-21 13:15:00,2.4325432800,2.4756734800,2.4325432800,2.4584214000,6609011
2020-12-21 13:30:00,2.4584214000,2.4584214000,2.4411693200,2.4497953600,2295700
2020-12-21 13:45:00,2.4584214000,2.4584214000,2.4411693200,2.4497953600,1950500
2020-12-21 14:00:00,2.4497953600,2.4584214000,2.4411693200,2.4497953600,1305700
2020-12-21 14:15:00,2.4497953600,2.4497953600,2.4325432800,2.4411693200,3374889
2020-12-21 14:30:00,2.4411693200,2.5360557600,2.4411693200,2.5188036800,33522422
2020-12-21 14:45:00,2.5101776400,2.5188036800,2.5015516000,2.5015516000,5694800
2020-12-21 15:00:00,2.5015516000,2.5101776400,2.4929255600,2.5015516000,5457160
2020-12-22 09:45:00,2.4756734800,2.4929255600,2.4497953600,2.4584214000,12706200
2020-12-22 10:00:00,2.4584214000,2.4584214000,2.4325432800,2.4411693200,9514200
2020-12-22 10:15:00,2.4497953600,2.4497953600,2.4325432800,2.4325432800,3737401
2020-12-22 10:30:00,2.4411693200,2.4411693200,2.4325432800,2.4411693200,2996001
2020-12-22 10:45:00,2.4325432800,2.4497953600,2.4325432800,2.4411693200,2709700
2020-12-22 11:00:00,2.4411693200,2.4584214000,2.4325432800,2.4497953600,2135301
2020-12-22 11:15:00,2.4497953600,2.4670474400,2.4497953600,2.4497953600,2812900
2020-12-22 11:30:00,2.4497953600,2.4584214000,2.4497953600,2.4497953600,1337900
2020-12-22 13:15:00,2.4497953600,2.4584214000,2.4325432800,2.4411693200,3839100
2020-12-22 13:30:00,2.4325432800,2.4411693200,2.4239172400,2.4325432800,5768098
2020-12-22 13:45:00,2.4239172400,2.4411693200,2.4239172400,2.4325432800,2298200
2020-12-22 14:00:00,2.4325432800,2.4411693200,2.4239172400,2.4325432800,2712200
2020-12-22 14:15:00,2.4325432800,2.4325432800,2.4152912000,2.4239172400,6993829
2020-12-22 14:30:00,2.4239172400,2.4239172400,2.4066651600,2.4152912000,8662371
2020-12-22 14:45:00,2.4152912000,2.4152912000,2.3980391200,2.3980391200,3782697
2020-12-22 15:00:00,2.3980391200,2.4066651600,2.3894130800,2.3894130800,8748910
2020-12-23 09:45:00,2.3721610000,2.4239172400,2.3721610000,2.4152912000,8371800
2020-12-23 10:00:00,2.4152912000,2.4239172400,2.3980391200,2.4152912000,7896800
2020-12-23 10:15:00,2.4152912000,2.4239172400,2.3980391200,2.4066651600,3828200
2020-12-23 10:30:00,2.4066651600,2.4239172400,2.4066651600,2.4152912000,2559900
2020-12-23 10:45:00,2.4066651600,2.4325432800,2.4066651600,2.4152912000,3534578
2020-12-23 11:00:00,2.4152912000,2.4239172400,2.4066651600,2.4066651600,2368200
2020-12-23 11:15:00,2.4066651600,2.4239172400,2.3980391200,2.4152912000,2387916
2020-12-23 11:30:00,2.4152912000,2.4584214000,2.4066651600,2.4152912000,13588800
2020-12-23 13:15:00,2.4152912000,2.4325432800,2.4152912000,2.4239172400,3404139
2020-12-23 13:30:00,2.4239172400,2.4325432800,2.4066651600,2.4152912000,2459400
2020-12-23 13:45:00,2.4152912000,2.4239172400,2.3980391200,2.3980391200,3155600
2020-12-23 14:00:00,2.4066651600,2.4152912000,2.3980391200,2.3980391200,2297900
2020-12-23 14:15:00,2.3980391200,2.4152912000,2.3980391200,2.3980391200,1241700
2020-12-23 14:30:00,2.3980391200,2.4152912000,2.3980391200,2.4152912000,2114400
2020-12-23 14:45:00,2.4066651600,2.4152912000,2.3980391200,2.3980391200,1916400
2020-12-23 15:00:00,2.3980391200,2.4066651600,2.3894130800,2.3894130800,4926875
2020-12-24 09:45:00,2.3980391200,2.4842995200,2.3721610000,2.4670474400,17189400
2020-12-24 10:00:00,2.4756734800,2.4842995200,2.4584214000,2.4756734800,19005284
2020-12-24 10:15:00,2.4756734800,2.5015516000,2.4670474400,2.4929255600,19699071
2020-12-24 10:30:00,2.4929255600,2.5015516000,2.4756734800,2.4929255600,8986431
2020-12-24 10:45:00,2.4929255600,2.4929255600,2.4670474400,2.4670474400,5137769
2020-12-24 11:00:00,2.4670474400,2.4929255600,2.4584214000,2.4929255600,8596600
2020-12-24 11:15:00,2.4929255600,2.5015516000,2.4756734800,2.4756734800,7476925
2020-12-24 11:30:00,2.4756734800,2.4929255600,2.4756734800,2.4929255600,2932200
2020-12-24 13:15:00,2.4842995200,2.4929255600,2.4670474400,2.4756734800,4007000
2020-12-24 13:30:00,2.4756734800,2.4756734800,2.4670474400,2.4756734800,1763864
2020-12-24 13:45:00,2.4756734800,2.4756734800,2.4584214000,2.4584214000,2523536
2020-12-24 14:00:00,2.4584214000,2.4670474400,2.4497953600,2.4497953600,2423200
2020-12-24 14:15:00,2.4497953600,2.4584214000,2.4497953600,2.4584214000,3054000
2020-12-24 14:30:00,2.4584214000,2.4670474400,2.4497953600,2.4584214000,1357600
2020-12-24 14:45:00,2.4584214000,2.4670474400,2.4497953600,2.4584214000,2639269
2020-12-24 15:00:00,2.4584214000,2.4584214000,2.4497953600,2.4584214000,4540400
2020-12-25 09:45:00,2.4239172400,2.4497953600,2.3980391200,2.4497953600,14408832
2020-12-25 10:00:00,2.4497953600,2.4929255600,2.4411693200,2.4842995200,10680700
2020-12-25 10:15:00,2.4756734800,2.4929255600,2.4670474400,2.4756734800,5531680
2020-12-25 10:30:00,2.4756734800,2.5705599200,2.4670474400,2.5705599200,26565744
2020-12-25 10:45:00,2.5619338800,2.6223161600,2.5533078400,2.6223161600,34861423
2020-12-25 11:00:00,2.6223161600,2.6568203200,2.6136901200,2.6309422000,20144089
2020-12-25 11:15:00,2.6309422000,2.6309422000,2.6050640800,2.6223161600,7888600
2020-12-25 11:30:00,2.6223161600,2.6309422000,2.6136901200,2.6309422000,5938300
2020-12-25 13:15:00,2.6309422000,2.6395682400,2.6136901200,2.6223161600,9158700
2020-12-25 13:30:00,2.6136901200,2.6223161600,2.5878120000,2.5878120000,6195100
2020-12-25 13:45:00,2.5878120000,2.5964380400,2.5446818000,2.5533078400,18127700
2020-12-25 14:00:00,2.5533078400,2.5705599200,2.5274297200,2.5446818000,12155500
2020-12-25 14:15:00,2.5533078400,2.5878120000,2.5360557600,2.5705599200,6999800
2020-12-25 14:30:00,2.5705599200,2.5791859600,2.5533078400,2.5705599200,6446600
2020-12-25 14:45:00,2.5705599200,2.5878120000,2.5360557600,2.5446818000,8879600
2020-12-25 15:00:00,2.5446818000,2.5878120000,2.5446818000,2.5878120000,14776900
2020-12-28 09:45:00,2.5619338800,2.6654463600,2.5533078400,2.6481942800,43682055
2020-12-28 10:00:00,2.6481942800,2.6999505200,2.6481942800,2.6740724000,33004667
2020-12-28 10:15:00,2.6740724000,2.6999505200,2.6568203200,2.6913244800,19136017
2020-12-28 10:30:00,2.6999505200,2.6999505200,2.6568203200,2.6740724000,13299369
2020-12-28 10:45:00,2.6826984400,2.6913244800,2.6568203200,2.6654463600,8543662
2020-12-28 11:00:00,2.6654463600,2.6654463600,2.6395682400,2.6481942800,11358500
2020-12-28 11:15:00,2.6395682400,2.6568203200,2.6395682400,2.6481942800,4152100
2020-12-28 11:30:00,2.6481942800,2.6568203200,2.6395682400,2.6568203200,3400600
2020-12-28 13:15:00,2.6568203200,2.6740724000,2.6481942800,2.6654463600,7362888
2020-12-28 13:30:00,2.6654463600,2.6913244800,2.6568203200,2.6654463600,8979217
2020-12-28 13:45:00,2.6568203200,2.6654463600,2.6309422000,2.6481942800,7348812
2020-12-28 14:00:00,2.6395682400,2.6481942800,2.6223161600,2.6309422000,6155300
2020-12-28 14:15:00,2.6309422000,2.6395682400,2.6136901200,2.6136901200,5243300
2020-12-28 14:30:00,2.6136901200,2.6223161600,2.6050640800,2.6136901200,6474700
2020-12-28 14:45:00,2.6223161600,2.6395682400,2.6050640800,2.6395682400,6720500
2020-12-28 15:00:00,2.6309422000,2.6481942800,2.6309422000,2.6481942800,8736602
2020-12-29 09:45:00,2.6481942800,2.6654463600,2.5791859600,2.6050640800,24745358
2020-12-29 10:00:00,2.6050640800,2.6309422000,2.5619338800,2.5791859600,17054631
2020-12-29 10:15:00,2.5791859600,2.5791859600,2.5360557600,2.5619338800,18276394
2020-12-29 10:30:00,2.5619338800,2.5878120000,2.5533078400,2.5705599200,6429166
2020-12-29 10:45:00,2.5791859600,2.5791859600,2.5619338800,2.5791859600,4518093
2020-12-29 11:00:00,2.5791859600,2.5878120000,2.5533078400,2.5791859600,6172700
2020-12-29 11:15:00,2.5878120000,2.5878120000,2.5533078400,2.5533078400,7013500
2020-12-29 11:30:00,2.5446818000,2.5619338800,2.5360557600,2.5446818000,11023182
2020-12-29 13:15:00,2.5446818000,2.5533078400,2.5188036800,2.5360557600,6336800
2020-12-29 13:30:00,2.5360557600,2.6309422000,2.5188036800,2.6223161600,13187533
2020-12-29 13:45:00,2.6223161600,2.6654463600,2.5791859600,2.6309422000,28658048
2020-12-29 14:00:00,2.6309422000,2.6395682400,2.6050640800,2.6136901200,5283860
2020-12-29 14:15:00,2.6223161600,2.6309422000,2.6050640800,2.6309422000,4984683
2020-12-29 14:30:00,2.6309422000,2.6309422000,2.6136901200,2.6136901200,3533801
2020-12-29 14:45:00,2.6136901200,2.6223161600,2.5705599200,2.5878120000,7425907
2020-12-29 15:00:00,2.5878120000,2.6395682400,2.5878120000,2.6223161600,17497789
2020-12-30 09:45:00,2.5705599200,2.6654463600,2.5446818000,2.6481942800,31863095
2020-12-30 10:00:00,2.6481942800,2.6826984400,2.6050640800,2.6050640800,19003948
2020-12-30 10:15:00,2.6050640800,2.6223161600,2.5878120000,2.6050640800,11045000
2020-12-30 10:30:00,2.5964380400,2.6223161600,2.5964380400,2.6136901200,3706541
2020-12-30 10:45:00,2.6223161600,2.6223161600,2.5964380400,2.5964380400,5594700
2020-12-30 11:00:00,2.5964380400,2.6050640800,2.5878120000,2.6050640800,5794932
2020-12-30 11:15:00,2.6050640800,2.6050640800,2.5878120000,2.5964380400,3859100
2020-12-30 11:30:00,2.5964380400,2.6050640800,2.5878120000,2.6050640800,2988700
2020-12-30 13:15:00,2.6050640800,2.6050640800,2.5791859600,2.5791859600,7121778
2020-12-30 13:30:00,2.5791859600,2.5878120000,2.5705599200,2.5705599200,4571500
2020-12-30 13:45:00,2.5705599200,2.5878120000,2.5705599200,2.5791859600,3435500
2020-12-30 14:00:00,2.5791859600,2.5791859600,2.5705599200,2.5791859600,2535012
2020-12-30 14:15:00,2.5791859600,2.6050640800,2.5705599200,2.5964380400,4362388
2020-12-30 14:30:00,2.5878120000,2.5964380400,2.5791859600,2.5878120000,3061600
2020-12-30 14:45:00,2.5791859600,2.5878120000,2.5791859600,2.5791859600,3562500
2020-12-30 15:00:00,2.5791859600,2.5878120000,2.5705599200,2.5791859600,7674100
2020-12-31 09:45:00,2.6136901200,2.6395682400,2.5878120000,2.6050640800,23413100
2020-12-31 10:00:00,2.6050640800,2.6136901200,2.5619338800,2.5619338800,13603100
2020-12-31 10:15:00,2.5619338800,2.5791859600,2.5619338800,2.5705599200,7487859
2020-12-31 10:30:00,2.5705599200,2.5878120000,2.5619338800,2.5705599200,4645310
2020-12-31 10:45:00,2.5705599200,2.5705599200,2.5619338800,2.5705599200,3775201
2020-12-31 11:00:00,2.5705599200,2.5878120000,2.5619338800,2.5705599200,3618100
2020-12-31 11:15:00,2.5705599200,2.5791859600,2.5446818000,2.5533078400,7039133
2020-12-31 11:30:00,2.5533078400,2.5619338800,2.5533078400,2.5533078400,3236000
2020-12-31 13:15:00,2.5533078400,2.6136901200,2.5533078400,2.6136901200,8063282
2020-12-31 13:30:00,2.6050640800,2.6136901200,2.5705599200,2.5791859600,6407448
2020-12-31 13:45:00,2.5791859600,2.5878120000,2.5705599200,2.5791859600,4218810
2020-12-31 14:00:00,2.5878120000,2.5964380400,2.5705599200,2.5878120000,5856200
2020-12-31 14:15:00,2.5878120000,2.6050640800,2.5533078400,2.5533078400,11617390
2020-12-31 14:30:00,2.5619338800,2.5705599200,2.5533078400,2.5619338800,5615500
2020-12-31 14:45:00,2.5619338800,2.5791859600,2.5619338800,2.5705599200,3755700
2020-12-31 15:00:00,2.5705599200,2.5791859600,2.5533078400,2.5619338800,6926414
2021-01-04 09:45:00,2.5705599200,2.6136901200,2.5705599200,2.5964380400,22234160
2021-01-04 10:00:00,2.6050640800,2.6395682400,2.5964380400,2.5964380400,25771824
2021-01-04 10:15:00,2.5964380400,2.6136901200,2.5791859600,2.6050640800,9018300
2021-01-04 10:30:00,2.6050640800,2.6309422000,2.5791859600,2.6136901200,13869235
2021-01-04 10:45:00,2.6223161600,2.6913244800,2.6050640800,2.6913244800,37654546
2021-01-04 11:00:00,2.6913244800,2.7344546800,2.6654463600,2.7085765600,41443371
2021-01-04 11:15:00,2.7172026000,2.7258286400,2.6999505200,2.7085765600,12309700
2021-01-04 11:30:00,2.7085765600,2.7258286400,2.6999505200,2.7172026000,10699700
2021-01-04 13:15:00,2.7172026000,2.7517067600,2.6913244800,2.6913244800,22595800
2021-01-04 13:30:00,2.6999505200,2.6999505200,2.6654463600,2.6913244800,14125500
2021-01-04 13:45:00,2.6826984400,2.6999505200,2.6740724000,2.6999505200,4115900
2021-01-04 14:00:00,2.6999505200,2.7085765600,2.6913244800,2.6999505200,3241800
2021-01-04 14:15:00,2.6913244800,2.7172026000,2.6913244800,2.6999505200,6505700
2021-01-04 14:30:00,2.6999505200,2.7085765600,2.6826984400,2.6913244800,9219610
2021-01-04 14:45:00,2.6826984400,2.6913244800,2.6654463600,2.6654463600,14838011
2021-01-04 15:00:00,2.6654463600,2.6999505200,2.6654463600,2.6826984400,30657435
2021-01-05 09:45:00,2.6740724000,2.6999505200,2.6568203200,2.6913244800,33714681
2021-01-05 10:00:00,2.6826984400,2.6913244800,2.6309422000,2.6395682400,24318747
2021-01-05 10:15:00,2.6481942800,2.6654463600,2.6309422000,2.6309422000,14281100
2021-01-05 10:30:00,2.6395682400,2.6395682400,2.6136901200,2.6223161600,10881585
2021-01-05 10:45:00,2.6223161600,2.6481942800,2.6136901200,2.6223161600,8125849
2021-01-05 11:00:00,2.6223161600,2.6740724000,2.6223161600,2.6481942800,11775435
2021-01-05 11:15:00,2.6654463600,2.6654463600,2.6309422000,2.6395682400,5170500
2021-01-05 11:30:00,2.6309422000,2.6395682400,2.6136901200,2.6309422000,5550600
2021-01-05 13:15:00,2.6309422000,2.6395682400,2.6223161600,2.6309422000,3572300
2021-01-05 13:30:00,2.6309422000,2.6395682400,2.6223161600,2.6223161600,5268100
2021-01-05 13:45:00,2.6223161600,2.6395682400,2.6223161600,2.6395682400,5387400
2021-01-05 14:00:00,2.6395682400,2.6395682400,2.6223161600,2.6309422000,5808200
2021-01-05 14:15:00,2.6309422000,2.6309422000,2.6136901200,2.6223161600,6031900
2021-01-05 14:30:00,2.6223161600,2.6223161600,2.5964380400,2.6050640800,11123315
2021-01-05 14:45:00,2.6136901200,2.6223161600,2.6050640800,2.6136901200,6914200
2021-01-05 15:00:00,2.6136901200,2.6309422000,2.6050640800,2.6223161600,10880520
2021-01-06 09:45:00,2.6481942800,2.6481942800,2.5533078400,2.5705599200,31080185
2021-01-06 10:00:00,2.5705599200,2.5705599200,2.5360557600,2.5360557600,21499997
2021-01-06 10:15:00,2.5446818000,2.5619338800,2.5360557600,2.5533078400,9007095
2021-01-06 10:30:00,2.5533078400,2.5705599200,2.5446818000,2.5705599200,6245823
2021-01-06 10:45:00,2.5705599200,2.5705599200,2.5446818000,2.5446818000,5005718
2021-01-06 11:00:00,2.5533078400,2.5533078400,2.5360557600,2.5360557600,5755864
2021-01-06 11:15:00,2.5446818000,2.5705599200,2.5360557600,2.5533078400,3922200
2021-01-06 11:30:00,2.5619338800,2.5791859600,2.5533078400,2.5791859600,4369582
2021-01-06 13:15:00,2.5791859600,2.5791859600,2.5533078400,2.5705599200,2199300
2021-01-06 13:30:00,2.5705599200,2.5705599200,2.5446818000,2.5619338800,3349400
2021-01-06 13:45:00,2.5619338800,2.5619338800,2.5446818000,2.5446818000,4920186
2021-01-06 14:00:00,2.5533078400,2.5705599200,2.5446818000,2.5619338800,4016000
2021-01-06 14:15:00,2.5619338800,2.5619338800,2.5360557600,2.5446818000,4864214
2021-01-06 14:30:00,2.5446818000,2.5533078400,2.5360557600,2.5446818000,2911700
2021-01-06 14:45:00,2.5446818000,2.5533078400,2.5360557600,2.5446818000,5101710
2021-01-06 15:00:00,2.5446818000,2.5619338800,2.5446818000,2.5533078400,8887602
2021-01-07 09:45:00,2.5964380400,2.8120890400,2.5619338800,2.8120890400,102896592
2021-01-07 10:00:00,2.8120890400,2.8120890400,2.8120890400,2.8120890400,15524358
2021-01-07 10:15:00,2.8120890400,2.8120890400,2.8120890400,2.8120890400,20496695
2021-01-07 10:30:00,2.8120890400,2.8120890400,2.8120890400,2.8120890400,3045414
2021-01-07 10:45:00,2.8120890400,2.8120890400,2.8120890400,2.8120890400,7462781
2021-01-07 11:00:00,2.8120890400,2.8120890400,2.8120890400,2.8120890400,1514740
2021-01-07 11:15:00,2.8120890400,2.8120890400,2.8120890400,2.8120890400,1461900
2021-01-07 11:30:00,2.8120890400,2.8120890400,2.8120890400,2.8120890400,5296200
2021-01-07 13:15:00,2.8120890400,2.8120890400,2.8120890400,2.8120890400,1946198
2021-01-07 13:30:00,2.8120890400,2.8120890400,2.8120890400,2.8120890400,1986101
2021-01-07 13:45:00,2.8120890400,2.8120890400,2.7862109200,2.8120890400,61165138
2021-01-07 14:00:00,2.8120890400,2.8120890400,2.8120890400,2.8120890400,16225431
2021-01-07 14:15:00,2.8120890400,2.8120890400,2.8034630000,2.8120890400,24442069
2021-01-07 14:30:00,2.8120890400,2.8120890400,2.8120890400,2.8120890400,2336202
2021-01-07 14:45:00,2.8120890400,2.8120890400,2.8120890400,2.8120890400,1815300
2021-01-07 15:00:00,2.8120890400,2.8120890400,2.8120890400,2.8120890400,1597297
2021-01-08 09:45:00,2.8120890400,2.8293411200,2.7258286400,2.7775848800,101583300
2021-01-08 10:00:00,2.7775848800,2.8293411200,2.7603328000,2.7862109200,36152681
2021-01-08 10:15:00,2.7862109200,2.7862109200,2.6999505200,2.7172026000,38388159
2021-01-08 10:30:00,2.7172026000,2.7344546800,2.6913244800,2.7258286400,18866400
2021-01-08 10:45:00,2.7172026000,2.7344546800,2.7085765600,2.7258286400,15081800
2021-01-08 11:00:00,2.7344546800,2.7517067600,2.7258286400,2.7430807200,9926429
2021-01-08 11:15:00,2.7344546800,2.7517067600,2.7258286400,2.7258286400,5391200
2021-01-08 11:30:00,2.7344546800,2.7344546800,2.7085765600,2.7085765600,8438500
2021-01-08 13:15:00,2.7172026000,2.7862109200,2.7085765600,2.7603328000,15674401
2021-01-08 13:30:00,2.7689588400,2.8207150800,2.7689588400,2.8034630000,23006090
2021-01-08 13:45:00,2.7948369600,2.8120890400,2.7430807200,2.7430807200,11359088
2021-01-08 14:00:00,2.7430807200,2.7603328000,2.7344546800,2.7430807200,6659808
2021-01-08 14:15:00,2.7430807200,2.7517067600,2.7258286400,2.7344546800,7217696
2021-01-08 14:30:00,2.7430807200,2.7689588400,2.7344546800,2.7517067600,7599168
2021-01-08 14:45:00,2.7517067600,2.7775848800,2.7517067600,2.7689588400,13132112
2021-01-08 15:00:00,2.7775848800,2.7862109200,2.7517067600,2.7689588400,15411344
2021-01-11 09:45:00,2.7689588400,2.8638452800,2.7344546800,2.7775848800,54841310
2021-01-11 10:00:00,2.7775848800,2.7948369600,2.7517067600,2.7862109200,20638567
2021-01-11 10:15:00,2.7775848800,2.8207150800,2.7775848800,2.7862109200,17746990
2021-01-11 10:30:00,2.7862109200,2.7948369600,2.7689588400,2.7862109200,9997200
2021-01-11 10:45:00,2.7862109200,2.7948369600,2.7689588400,2.7948369600,8427900
2021-01-11 11:00:00,2.7862109200,2.8207150800,2.7775848800,2.7948369600,15420700
2021-01-11 11:15:00,2.7948369600,2.8034630000,2.7775848800,2.7775848800,9508012
2021-01-11 11:30:00,2.7775848800,2.7948369600,2.7517067600,2.7517067600,10200487
2021-01-11 13:15:00,2.7517067600,2.7775848800,2.7430807200,2.7603328000,7374600
2021-01-11 13:30:00,2.7517067600,2.7603328000,2.7258286400,2.7344546800,8600200
2021-01-11 13:45:00,2.7430807200,2.7430807200,2.6999505200,2.7085765600,15038600
2021-01-11 14:00:00,2.6999505200,2.7085765600,2.6740724000,2.6740724000,15143900
2021-01-11 14:15:00,2.6740724000,2.6826984400,2.6395682400,2.6568203200,18186501
2021-01-11 14:30:00,2.6568203200,2.6740724000,2.6395682400,2.6481942800,8735800
2021-01-11 14:45:00,2.6568203200,2.6654463600,2.6395682400,2.6568203200,10433000
2021-01-11 15:00:00,2.6568203200,2.6740724000,2.6395682400,2.6568203200,12288400
2021-01-12 09:45:00,2.7430807200,2.8897234000,2.7344546800,2.7603328000,78477344
2021-01-12 10:00:00,2.7689588400,2.8034630000,2.7603328000,2.7689588400,12773100
2021-01-12 10:15:00,2.7775848800,2.7775848800,2.7172026000,2.7258286400,12195550
2021-01-12 10:30:00,2.7258286400,2.7603328000,2.7258286400,2.7430807200,6044108
2021-01-12 10:45:00,2.7517067600,2.7603328000,2.7430807200,2.7517067600,3903800
2021-01-12 11:00:00,2.7517067600,2.7862109200,2.7344546800,2.7775848800,7265801
2021-01-12 11:15:00,2.7775848800,2.8034630000,2.7603328000,2.7948369600,15280625
2021-01-12 11:30:00,2.7948369600,2.8034630000,2.7603328000,2.7775848800,6358575
2021-01-12 13:15:00,2.7775848800,2.7862109200,2.7603328000,2.7689588400,4742400
2021-01-12 13:30:00,2.7689588400,2.7775848800,2.7517067600,2.7517067600,5232700
2021-01-12 13:45:00,2.7517067600,2.7603328000,2.7085765600,2.7172026000,17498300
2021-01-12 14:00:00,2.7258286400,2.7430807200,2.6913244800,2.6999505200,14644350
2021-01-12 14:15:00,2.6999505200,2.7430807200,2.6999505200,2.6999505200,9647300
2021-01-12 14:30:00,2.7085765600,2.7172026000,2.6740724000,2.6913244800,16789285
2021-01-12 14:45:00,2.6999505200,2.7172026000,2.6913244800,2.6999505200,14533600
2021-01-12 15:00:00,2.6999505200,2.7172026000,2.6913244800,2.6999505200,23050150
2021-01-13 09:45:00,2.7344546800,2.8293411200,2.7172026000,2.7862109200,55881300
2021-01-13 10:00:00,2.7775848800,2.9673577600,2.7689588400,2.9673577600,110053376
2021-01-13 10:15:00,2.9673577600,2.9673577600,2.9156015200,2.9328536000,76728542
2021-01-13 10:30:00,2.9328536000,2.9673577600,2.8983494400,2.9501056800,47771902
2021-01-13 10:45:00,2.9501056800,2.9673577600,2.9328536000,2.9673577600,51343024
2021-01-13 11:00:00,2.9673577600,2.9673577600,2.9501056800,2.9673577600,30814176
2021-01-13 11:15:00,2.9673577600,2.9673577600,2.9673577600,2.9673577600,6070912
2021-01-13 11:30:00,2.9673577600,2.9673577600,2.9673577600,2.9673577600,2755200
2021-01-13 13:15:00,2.9673577600,2.9673577600,2.9673577600,2.9673577600,3716688
2021-01-13 13:30:00,2.9673577600,2.9673577600,2.9673577600,2.9673577600,2769904
2021-01-13 13:45:00,2.9673577600,2.9673577600,2.9673577600,2.9673577600,3463200
2021-01-13 14:00:00,2.9673577600,2.9673577600,2.9673577600,2.9673577600,1753104
2021-01-13 14:15:00,2.9673577600,2.9673577600,2.9673577600,2.9673577600,765296
2021-01-13 14:30:00,2.9673577600,2.9673577600,2.9673577600,2.9673577600,1923696
2021-01-13 14:45:00,2.9673577600,2.9673577600,2.9673577600,2.9673577600,1056608
2021-01-13 15:00:00,2.9673577600,2.9673577600,2.9673577600,2.9673577600,1212608
2021-01-28 09:45:00,2.9069754800,2.9069754800,2.6740724000,2.7172026000,154458424
2021-01-28 10:00:00,2.7172026000,2.7344546800,2.6740724000,2.6913244800,51641700
2021-01-28 10:15:00,2.6826984400,2.6826984400,2.6740724000,2.6740724000,29004319
2021-01-28 10:30:00,2.6740724000,2.6740724000,2.6740724000,2.6740724000,3784200
2021-01-28 10:45:00,2.6740724000,2.6740724000,2.6740724000,2.6740724000,1543800
2021-01-28 11:00:00,2.6740724000,2.6740724000,2.6740724000,2.6740724000,967000
2021-01-28 11:15:00,2.6740724000,2.6740724000,2.6740724000,2.6740724000,1788000
2021-01-28 11:30:00,2.6740724000,2.6740724000,2.6740724000,2.6740724000,816900
2021-01-28 13:15:00,2.6740724000,2.6740724000,2.6740724000,2.6740724000,2017800
2021-01-28 13:30:00,2.6740724000,2.6740724000,2.6740724000,2.6740724000,912800
2021-01-28 13:45:00,2.6740724000,2.6740724000,2.6740724000,2.6740724000,494300
2021-01-28 14:00:00,2.6740724000,2.6740724000,2.6740724000,2.6740724000,488000
2021-01-28 14:15:00,2.6740724000,2.6740724000,2.6740724000,2.6740724000,457000
2021-01-28 14:30:00,2.6740724000,2.6740724000,2.6740724000,2.6740724000,619900
2021-01-28 14:45:00,2.6740724000,2.6740724000,2.6740724000,2.6740724000,807400
2021-01-28 15:00:00,2.6740724000,2.6740724000,2.6740724000,2.6740724000,1842300
2021-01-29 09:45:00,2.5446818000,2.5791859600,2.4066651600,2.4756734800,86380424
2021-01-29 10:00:00,2.4670474400,2.4929255600,2.4066651600,2.4066651600,39038223
2021-01-29 10:15:00,2.4152912000,2.4584214000,2.4152912000,2.4411693200,22891054
2021-01-29 10:30:00,2.4411693200,2.4670474400,2.4325432800,2.4325432800,9754313
2021-01-29 10:45:00,2.4325432800,2.4411693200,2.4066651600,2.4066651600,25259600
2021-01-29 11:00:00,2.4152912000,2.4325432800,2.4066651600,2.4152912000,9260500
2021-01-29 11:15:00,2.4152912000,2.4239172400,2.4066651600,2.4152912000,7705158
2021-01-29 11:30:00,2.4152912000,2.4152912000,2.4066651600,2.4066651600,11628200
2021-01-29 13:15:00,2.4066651600,2.4066651600,2.4066651600,2.4066651600,2584700
2021-01-29 13:30:00,2.4066651600,2.4066651600,2.4066651600,2.4066651600,1213400
2021-01-29 13:45:00,2.4066651600,2.4066651600,2.4066651600,2.4066651600,760400
2021-01-29 14:00:00,2.4066651600,2.4066651600,2.4066651600,2.4066651600,688200
2021-01-29 14:15:00,2.4066651600,2.4066651600,2.4066651600,2.4066651600,1093800
2021-01-29 14:30:00,2.4066651600,2.4066651600,2.4066651600,2.4066651600,488800
2021-01-29 14:45:00,2.4066651600,2.4066651600,2.4066651600,2.4066651600,987600
2021-01-29 15:00:00,2.4066651600,2.4066651600,2.4066651600,2.4066651600,5721300
2021-02-01 09:45:00,2.3204047600,2.3462828800,2.2513964400,2.3117787200,38616200
2021-02-01 10:00:00,2.3117787200,2.3290308000,2.2600224800,2.2600224800,17432900
2021-02-01 10:15:00,2.2600224800,2.2945266400,2.2600224800,2.2945266400,19468021
2021-02-01 10:30:00,2.2945266400,2.3031526800,2.2772745600,2.2772745600,7150901
2021-02-01 10:45:00,2.2772745600,2.2859006000,2.2686485200,2.2772745600,7833616
2021-02-01 11:00:00,2.2772745600,2.2859006000,2.2427704000,2.2600224800,9522484
2021-02-01 11:15:00,2.2600224800,2.2686485200,2.2427704000,2.2513964400,8252700
2021-02-01 11:30:00,2.2513964400,2.2686485200,2.2427704000,2.2600224800,6798449
2021-02-01 13:15:00,2.2686485200,2.2859006000,2.2600224800,2.2859006000,4877401
2021-02-01 13:30:00,2.2772745600,2.2945266400,2.2686485200,2.2859006000,7272700
2021-02-01 13:45:00,2.2859006000,2.3117787200,2.2859006000,2.2945266400,6097500
2021-02-01 14:00:00,2.2945266400,2.3290308000,2.2772745600,2.3290308000,10113619
2021-02-01 14:15:00,2.3290308000,2.3980391200,2.3031526800,2.3894130800,15065481
2021-02-01 14:30:00,2.3807870400,2.4066651600,2.3462828800,2.3635349600,10534700
2021-02-01 14:45:00,2.3635349600,2.3635349600,2.3462828800,2.3635349600,4488725
2021-02-01 15:00:00,2.3549089200,2.3807870400,2.3549089200,2.3549089200,11320900
2021-02-02 09:45:00,2.3462828800,2.3549089200,2.3031526800,2.3117787200,14766000
2021-02-02 10:00:00,2.3204047600,2.3721610000,2.3031526800,2.3549089200,12386500
2021-02-02 10:15:00,2.3549089200,2.3549089200,2.3117787200,2.3204047600,6917200
2021-02-02 10:30:00,2.3117787200,2.3204047600,2.3031526800,2.3117787200,7821801
2021-02-02 10:45:00,2.3117787200,2.3117787200,2.2686485200,2.2859006000,10960400
2021-02-02 11:00:00,2.2859006000,2.3031526800,2.2772745600,2.2945266400,5348710
2021-02-02 11:15:00,2.2945266400,2.3031526800,2.2686485200,2.2772745600,5347600
2021-02-02 11:30:00,2.2686485200,2.2772745600,2.2686485200,2.2772745600,4662800
2021-02-02 13:15:00,2.2772745600,2.2859006000,2.2686485200,2.2859006000,3381116
2021-02-02 13:30:00,2.2859006000,2.3117787200,2.2772745600,2.2859006000,3855740
2021-02-02 13:45:00,2.2859006000,2.2945266400,2.2859006000,2.2859006000,2376900
2021-02-02 14:00:00,2.2945266400,2.3031526800,2.2772745600,2.2859006000,4342250
2021-02-02 14:15:00,2.2859006000,2.2945266400,2.2772745600,2.2859006000,4472800
2021-02-02 14:30:00,2.2859006000,2.2945266400,2.2772745600,2.2859006000,6329600
2021-02-02 14:45:00,2.2859006000,2.2859006000,2.2686485200,2.2772745600,6297200
2021-02-02 15:00:00,2.2772745600,2.2859006000,2.2686485200,2.2859006000,8485110
2021-02-03 09:45:00,2.2859006000,2.2859006000,2.1996402000,2.2168922800,23398477
2021-02-03 10:00:00,2.2255183200,2.2255183200,2.1737620800,2.1910141600,21913933
2021-02-03 10:15:00,2.1910141600,2.2341443600,2.1910141600,2.2168922800,8208811
2021-02-03 10:30:00,2.2168922800,2.2255183200,2.1996402000,2.2168922800,5823600
2021-02-03 10:45:00,2.2168922800,2.2255183200,2.1823881200,2.1823881200,5950500
2021-02-03 11:00:00,2.1823881200,2.1996402000,2.1823881200,2.1823881200,5801600
2021-02-03 11:15:00,2.1910141600,2.1996402000,2.1910141600,2.1910141600,2114200
2021-02-03 11:30:00,2.1910141600,2.2082662400,2.1910141600,2.2082662400,2200400
2021-02-03 13:15:00,2.1996402000,2.2082662400,2.1996402000,2.1996402000,2044281
2021-02-03 13:30:00,2.2082662400,2.2082662400,2.1823881200,2.1823881200,5205100
2021-02-03 13:45:00,2.1823881200,2.1910141600,2.1737620800,2.1910141600,6115088
2021-02-03 14:00:00,2.1910141600,2.2255183200,2.1910141600,2.1910141600,8042500
2021-02-03 14:15:00,2.1910141600,2.2082662400,2.1910141600,2.2082662400,2593010
2021-02-03 14:30:00,2.2082662400,2.2341443600,2.1996402000,2.2255183200,6110200
2021-02-03 14:45:00,2.2255183200,2.2255183200,2.1910141600,2.1996402000,4450290
2021-02-03 15:00:00,2.1996402000,2.1996402000,2.1823881200,2.1910141600,6976959
2021-02-04 09:45:00,2.1996402000,2.2082662400,2.1478839600,2.1565100000,15542318
2021-02-04 10:00:00,2.1565100000,2.1651360400,2.1047537600,2.1306318800,20369665
2021-02-04 10:15:00,2.1306318800,2.1392579200,2.0961277200,2.0961277200,16253628
2021-02-04 10:30:00,2.1047537600,2.1220058400,2.0702496000,2.0961277200,21180300
2021-02-04 10:45:00,2.0961277200,2.1047537600,2.0357454400,2.0529975200,18545800
2021-02-04 11:00:00,2.0529975200,2.0702496000,2.0443714800,2.0443714800,8639600
2021-02-04 11:15:00,2.0443714800,2.0702496000,2.0357454400,2.0616235600,7099602
2021-02-04 11:30:00,2.0702496000,2.0702496000,2.0357454400,2.0529975200,4878500
2021-02-04 13:15:00,2.0529975200,2.0529975200,2.0357454400,2.0357454400,5443600
2021-02-04 13:30:00,2.0443714800,2.0443714800,2.0184933600,2.0184933600,9276000
2021-02-04 13:45:00,2.0271194000,2.0529975200,2.0098673200,2.0443714800,5006500
2021-02-04 14:00:00,2.0443714800,2.0702496000,2.0357454400,2.0616235600,4037400
2021-02-04 14:15:00,2.0529975200,2.0702496000,2.0443714800,2.0616235600,3684401
2021-02-04 14:30:00,2.0616235600,2.0702496000,2.0529975200,2.0702496000,2627700
2021-02-04 14:45:00,2.0702496000,2.0788756400,2.0443714800,2.0529975200,6937400
2021-02-04 15:00:00,2.0616235600,2.0616235600,2.0443714800,2.0616235600,7711700
2021-02-05 09:45:00,2.0702496000,2.1910141600,2.0616235600,2.1478839600,44637311
2021-02-05 10:00:00,2.1478839600,2.1478839600,2.1047537600,2.1133798000,13975000
2021-02-05 10:15:00,2.1133798000,2.1220058400,2.0961277200,2.1047537600,7789612
2021-02-05 10:30:00,2.1047537600,2.1133798000,2.0875016800,2.0961277200,3704900
2021-02-05 10:45:00,2.0875016800,2.1047537600,2.0875016800,2.0961277200,3499600
2021-02-05 11:00:00,2.0875016800,2.0961277200,2.0616235600,2.0961277200,7740880
2021-02-05 11:15:00,2.0961277200,2.0961277200,2.0616235600,2.0702496000,3740400
2021-02-05 11:30:00,2.0702496000,2.0788756400,2.0616235600,2.0702496000,3355600
2021-02-05 13:15:00,2.0616235600,2.0702496000,2.0529975200,2.0702496000,4698374
2021-02-05 13:30:00,2.0702496000,2.0875016800,2.0616235600,2.0788756400,3068482
2021-02-05 13:45:00,2.0788756400,2.0961277200,2.0702496000,2.0961277200,2626400
2021-02-05 14:00:00,2.0961277200,2.0961277200,2.0788756400,2.0788756400,1386700
2021-02-05 14:15:00,2.0875016800,2.0961277200,2.0788756400,2.0875016800,1732700
2021-02-05 14:30:00,2.0875016800,2.0875016800,2.0702496000,2.0788756400,3782400
2021-02-05 14:45:00,2.0702496000,2.0788756400,2.0529975200,2.0702496000,4135031
2021-02-05 15:00:00,2.0702496000,2.0788756400,2.0529975200,2.0529975200,6906600
2021-02-08 09:45:00,2.0875016800,2.1133798000,2.0443714800,2.0443714800,14705910
2021-02-08 10:00:00,2.0443714800,2.0702496000,2.0357454400,2.0443714800,6781885
2021-02-08 10:15:00,2.0529975200,2.0616235600,2.0443714800,2.0616235600,3759900
2021-02-08 10:30:00,2.0529975200,2.0788756400,2.0529975200,2.0788756400,3172398
2021-02-08 10:45:00,2.0788756400,2.0961277200,2.0702496000,2.0875016800,3661900
2021-02-08 11:00:00,2.0875016800,2.1047537600,2.0788756400,2.0875016800,5745434
2021-02-08 11:15:00,2.0875016800,2.0961277200,2.0702496000,2.0788756400,7956500
2021-02-08 11:30:00,2.0702496000,2.0788756400,2.0616235600,2.0702496000,7478100
2021-02-08 13:15:00,2.0702496000,2.0788756400,2.0443714800,2.0529975200,9000000
2021-02-08 13:30:00,2.0529975200,2.0616235600,2.0529975200,2.0529975200,4235600
2021-02-08 13:45:00,2.0529975200,2.0616235600,2.0443714800,2.0443714800,2834500
2021-02-08 14:00:00,2.0529975200,2.0529975200,2.0443714800,2.0443714800,1752800
2021-02-08 14:15:00,2.0443714800,2.0616235600,2.0443714800,2.0529975200,4342900
2021-02-08 14:30:00,2.0529975200,2.0616235600,2.0443714800,2.0529975200,2866400
2021-02-08 14:45:00,2.0529975200,2.0616235600,2.0443714800,2.0529975200,3972055
2021-02-08 15:00:00,2.0529975200,2.0616235600,2.0443714800,2.0529975200,6147700
2021-02-09 09:45:00,2.0098673200,2.0443714800,1.9753631600,2.0357454400,18651288
2021-02-09 10:00:00,2.0443714800,2.0875016800,2.0357454400,2.0702496000,8693915
2021-02-09 10:15:00,2.0702496000,2.0875016800,2.0529975200,2.0616235600,7006700
2021-02-09 10:30:00,2.0616235600,2.0702496000,2.0529975200,2.0616235600,3204200
2021-02-09 10:45:00,2.0616235600,2.1133798000,2.0529975200,2.0961277200,14428380
2021-02-09 11:00:00,2.0961277200,2.1047537600,2.0788756400,2.0875016800,4871755
2021-02-09 11:15:00,2.0875016800,2.1133798000,2.0788756400,2.1047537600,6535500
2021-02-09 11:30:00,2.1047537600,2.1133798000,2.0875016800,2.0961277200,3194000
2021-02-09 13:15:00,2.1047537600,2.1047537600,2.0875016800,2.0961277200,2983700
2021-02-09 13:30:00,2.0961277200,2.1220058400,2.0961277200,2.1133798000,7197657
2021-02-09 13:45:00,2.1133798000,2.1306318800,2.1047537600,2.1133798000,7128600
2021-02-09 14:00:00,2.1133798000,2.1306318800,2.1047537600,2.1220058400,4287300
2021-02-09 14:15:00,2.1306318800,2.1392579200,2.1220058400,2.1220058400,3572447
2021-02-09 14:30:00,2.1220058400,2.1478839600,2.1220058400,2.1306318800,5433400
2021-02-09 14:45:00,2.1306318800,2.1392579200,2.1133798000,2.1220058400,3452900
2021-02-09 15:00:00,2.1133798000,2.1220058400,2.1133798000,2.1133798000,5661900
2021-02-10 09:45:00,2.1220058400,2.1651360400,2.0875016800,2.1478839600,18304830
2021-02-10 10:00:00,2.1478839600,2.1478839600,2.1133798000,2.1133798000,6814473
2021-02-10 10:15:00,2.1220058400,2.1220058400,2.0961277200,2.0961277200,4742261
2021-02-10 10:30:00,2.0961277200,2.1133798000,2.0961277200,2.1047537600,2551600
2021-02-10 10:45:00,2.1047537600,2.1306318800,2.1047537600,2.1047537600,4233525
2021-02-10 11:00:00,2.1047537600,2.1133798000,2.0961277200,2.1047537600,2933785
2021-02-10 11:15:00,2.1047537600,2.1047537600,2.0961277200,2.0961277200,2044200
2021-02-10 11:30:00,2.0961277200,2.1133798000,2.0875016800,2.1047537600,4172300
2021-02-10 13:15:00,2.0961277200,2.1047537600,2.0875016800,2.0961277200,5190500
2021-02-10 13:30:00,2.0961277200,2.0961277200,2.0788756400,2.0875016800,2943100
2021-02-10 13:45:00,2.0788756400,2.1220058400,2.0788756400,2.1133798000,6230601
2021-02-10 14:00:00,2.1047537600,2.1306318800,2.1047537600,2.1220058400,2957215
2021-02-10 14:15:00,2.1306318800,2.1478839600,2.1133798000,2.1392579200,11481300
2021-02-10 14:30:00,2.1392579200,2.1651360400,2.1392579200,2.1651360400,12332610
2021-02-10 14:45:00,2.1651360400,2.1737620800,2.1478839600,2.1565100000,6205407
2021-02-10 15:00:00,2.1478839600,2.1565100000,2.1392579200,2.1478839600,6339789
2021-02-18 09:45:00,2.2168922800,2.2772745600,2.1910141600,2.2600224800,43644304
2021-02-18 10:00:00,2.2600224800,2.3204047600,2.2427704000,2.2945266400,33632900
2021-02-18 10:15:00,2.3031526800,2.3204047600,2.2772745600,2.2945266400,15553411
2021-02-18 10:30:00,2.2945266400,2.2945266400,2.2427704000,2.2600224800,8272000
2021-02-18 10:45:00,2.2600224800,2.2859006000,2.2600224800,2.2772745600,4086700
2021-02-18 11:00:00,2.2772745600,2.2859006000,2.2686485200,2.2772745600,3043000
2021-02-18 11:15:00,2.2859006000,2.2859006000,2.2772745600,2.2859006000,2348100
2021-02-18 11:30:00,2.2772745600,2.2859006000,2.2513964400,2.2600224800,2516100
2021-02-18 13:15:00,2.2513964400,2.2686485200,2.2427704000,2.2686485200,4891200
2021-02-18 13:30:00,2.2686485200,2.2772745600,2.2600224800,2.2772745600,1593389
2021-02-18 13:45:00,2.2686485200,2.2772745600,2.2686485200,2.2686485200,1209901
2021-02-18 14:00:00,2.2686485200,2.2772745600,2.2513964400,2.2600224800,2873200
2021-02-18 14:15:00,2.2600224800,2.2686485200,2.2513964400,2.2513964400,2446400
2021-02-18 14:30:00,2.2513964400,2.2600224800,2.2513964400,2.2513964400,3046800
2021-02-18 14:45:00,2.2513964400,2.2600224800,2.2513964400,2.2600224800,2272606
2021-02-18 15:00:00,2.2600224800,2.2686485200,2.2513964400,2.2600224800,7202400
2021-02-19 09:45:00,2.2600224800,2.2686485200,2.2168922800,2.2168922800,16782606
2021-02-19 10:00:00,2.2168922800,2.2600224800,2.2082662400,2.2513964400,13859094
2021-02-19 10:15:00,2.2513964400,2.2600224800,2.2255183200,2.2341443600,7113006
2021-02-19 10:30:00,2.2427704000,2.2513964400,2.2255183200,2.2341443600,9393300
2021-02-19 10:45:00,2.2341443600,2.2341443600,2.2255183200,2.2341443600,3808800
2021-02-19 11:00:00,2.2341443600,2.2341443600,2.2168922800,2.2168922800,3750313
2021-02-19 11:15:00,2.2255183200,2.2427704000,2.2168922800,2.2341443600,2073000
2021-02-19 11:30:00,2.2341443600,2.2427704000,2.2255183200,2.2341443600,3156100
2021-02-19 13:15:00,2.2341443600,2.2513964400,2.2341443600,2.2513964400,2773100
2021-02-19 13:30:00,2.2427704000,2.2600224800,2.2427704000,2.2513964400,4183600
2021-02-19 13:45:00,2.2513964400,2.2686485200,2.2427704000,2.2600224800,5256500
2021-02-19 14:00:00,2.2600224800,2.2772745600,2.2600224800,2.2686485200,5676300
2021-02-19 14:15:00,2.2686485200,2.2772745600,2.2600224800,2.2686485200,3804400
2021-02-19 14:30:00,2.2686485200,2.2772745600,2.2600224800,2.2686485200,6297800
2021-02-19 14:45:00,2.2686485200,2.2772745600,2.2600224800,2.2686485200,5611234
2021-02-19 15:00:00,2.2600224800,2.2772745600,2.2600224800,2.2772745600,6732111
2021-02-22 09:45:00,2.2859006000,2.3117787200,2.2686485200,2.2945266400,23216500
2021-02-22 10:00:00,2.3031526800,2.3376568400,2.2945266400,2.3290308000,14856400
2021-02-22 10:15:00,2.3290308000,2.3894130800,2.3290308000,2.3635349600,15916334
2021-02-22 10:30:00,2.3721610000,2.3721610000,2.3462828800,2.3462828800,7209866
2021-02-22 10:45:00,2.3462828800,2.3549089200,2.3290308000,2.3376568400,6261300
2021-02-22 11:00:00,2.3290308000,2.3462828800,2.3290308000,2.3376568400,4278210
2021-02-22 11:15:00,2.3376568400,2.3549089200,2.3376568400,2.3462828800,1807900
2021-02-22 11:30:00,2.3462828800,2.3721610000,2.3462828800,2.3635349600,4046834
2021-02-22 13:15:00,2.3721610000,2.3894130800,2.3635349600,2.3721610000,8086709
2021-02-22 13:30:00,2.3721610000,2.3721610000,2.3549089200,2.3635349600,4593800
2021-02-22 13:45:00,2.3635349600,2.3721610000,2.3549089200,2.3549089200,3495000
2021-02-22 14:00:00,2.3549089200,2.3635349600,2.3376568400,2.3462828800,5839600
2021-02-22 14:15:00,2.3462828800,2.3549089200,2.3117787200,2.3117787200,11549912
2021-02-22 14:30:00,2.3204047600,2.3204047600,2.3031526800,2.3117787200,4441600
2021-02-22 14:45:00,2.3031526800,2.3376568400,2.2945266400,2.3204047600,7199100
2021-02-22 15:00:00,2.3204047600,2.3290308000,2.3031526800,2.3031526800,6685580
2021-02-23 09:45:00,2.2859006000,2.3117787200,2.2686485200,2.2859006000,14375109
2021-02-23 10:00:00,2.2859006000,2.3204047600,2.2772745600,2.3117787200,9027280
2021-02-23 10:15:00,2.3117787200,2.3376568400,2.3031526800,2.3031526800,6812020
2021-02-23 10:30:00,2.3117787200,2.3117787200,2.2945266400,2.3117787200,2684100
2021-02-23 10:45:00,2.3117787200,2.3204047600,2.3031526800,2.3117787200,2708200
2021-02-23 11:00:00,2.3117787200,2.3204047600,2.3031526800,2.3204047600,2362101
2021-02-23 11:15:00,2.3204047600,2.3462828800,2.3117787200,2.3204047600,6656421
2021-02-23 11:30:00,2.3290308000,2.3290308000,2.3204047600,2.3204047600,1537000
2021-02-23 13:15:00,2.3204047600,2.3204047600,2.3117787200,2.3204047600,1609150
2021-02-23 13:30:00,2.3117787200,2.3204047600,2.3031526800,2.3117787200,2930000
2021-02-23 13:45:00,2.3117787200,2.3117787200,2.2945266400,2.2945266400,4069050
2021-02-23 14:00:00,2.2945266400,2.3031526800,2.2945266400,2.2945266400,2141300
2021-02-23 14:15:00,2.3031526800,2.3031526800,2.2859006000,2.2859006000,3402500
2021-02-23 14:30:00,2.2859006000,2.2945266400,2.2600224800,2.2772745600,8933700
2021-02-23 14:45:00,2.2686485200,2.2772745600,2.2513964400,2.2513964400,9411000
2021-02-23 15:00:00,2.2513964400,2.2600224800,2.2427704000,2.2600224800,12062277
2021-02-24 09:45:00,2.2600224800,2.3117787200,2.2513964400,2.2945266400,14868700
2021-02-24 10:00:00,2.2945266400,2.3204047600,2.2945266400,2.3031526800,6933701
2021-02-24 10:15:00,2.3031526800,2.3462828800,2.2945266400,2.3117787200,13091700
2021-02-24 10:30:00,2.3117787200,2.3894130800,2.3117787200,2.3635349600,28786343
2021-02-24 10:45:00,2.3549089200,2.3635349600,2.3376568400,2.3376568400,7431900
2021-02-24 11:00:00,2.3462828800,2.3462828800,2.3290308000,2.3376568400,5701600
2021-02-24 11:15:00,2.3376568400,2.3462828800,2.3117787200,2.3117787200,5037200
2021-02-24 11:30:00,2.3117787200,2.3290308000,2.3031526800,2.3117787200,4839400
2021-02-24 13:15:00,2.3117787200,2.3204047600,2.2945266400,2.3031526800,4860800
2021-02-24 13:30:00,2.2945266400,2.3204047600,2.2945266400,2.3204047600,4686115
2021-02-24 13:45:00,2.3204047600,2.3204047600,2.3031526800,2.3117787200,2035700
2021-02-24 14:00:00,2.3117787200,2.3117787200,2.2945266400,2.3031526800,3185078
2021-02-24 14:15:00,2.3031526800,2.3117787200,2.2859006000,2.2859006000,5806722
2021-02-24 14:30:00,2.2859006000,2.3117787200,2.2772745600,2.3031526800,6376478
2021-02-24 14:45:00,2.3031526800,2.3204047600,2.2945266400,2.3204047600,5056400
2021-02-24 15:00:00,2.3204047600,2.3290308000,2.3117787200,2.3290308000,6232416
2021-02-25 09:45:00,2.3462828800,2.3635349600,2.2945266400,2.3117787200,22189597
2021-02-25 10:00:00,2.3117787200,2.3204047600,2.2772745600,2.2945266400,12302296
2021-02-25 10:15:00,2.2945266400,2.3117787200,2.2859006000,2.3117787200,5709491
2021-02-25 10:30:00,2.3117787200,2.3290308000,2.2945266400,2.2945266400,3614900
2021-02-25 10:45:00,2.3031526800,2.3117787200,2.2945266400,2.2945266400,3085700
2021-02-25 11:00:00,2.2945266400,2.3290308000,2.2945266400,2.3204047600,5345200
2021-02-25 11:15:00,2.3204047600,2.3290308000,2.3031526800,2.3117787200,3286806
2021-02-25 11:30:00,2.3031526800,2.3204047600,2.2945266400,2.3204047600,2591300
2021-02-25 13:15:00,2.3117787200,2.3204047600,2.3031526800,2.3117787200,1785300
2021-02-25 13:30:00,2.3031526800,2.3117787200,2.2945266400,2.3117787200,2864612
2021-02-25 13:45:00,2.3117787200,2.3117787200,2.3031526800,2.3031526800,1604400
2021-02-25 14:00:00,2.3031526800,2.3117787200,2.3031526800,2.3031526800,1207200
2021-02-25 14:15:00,2.3031526800,2.3031526800,2.2859006000,2.2945266400,6457588
2021-02-25 14:30:00,2.2945266400,2.3117787200,2.2859006000,2.3031526800,2607548
2021-02-25 14:45:00,2.3031526800,2.3031526800,2.2859006000,2.2945266400,2616388
2021-02-25 15:00:00,2.2945266400,2.3117787200,2.2859006000,2.3031526800,5090976
2021-02-26 09:45:00,2.2600224800,2.2686485200,2.2341443600,2.2513964400,17692206
2021-02-26 10:00:00,2.2513964400,2.2513964400,2.2341443600,2.2341443600,6553443
2021-02-26 10:15:00,2.2427704000,2.2600224800,2.2341443600,2.2513964400,3271526
2021-02-26 10:30:00,2.2513964400,2.2686485200,2.2427704000,2.2600224800,4598000
2021-02-26 10:45:00,2.2600224800,2.2686485200,2.2513964400,2.2600224800,3223626
2021-02-26 11:00:00,2.2600224800,2.2686485200,2.2513964400,2.2600224800,2120900
2021-02-26 11:15:00,2.2600224800,2.2686485200,2.2427704000,2.2600224800,2636300
2021-02-26 11:30:00,2.2600224800,2.2600224800,2.2513964400,2.2600224800,669100
2021-02-26 13:15:00,2.2600224800,2.2686485200,2.2427704000,2.2513964400,2147800
2021-02-26 13:30:00,2.2513964400,2.2600224800,2.2427704000,2.2513964400,1239900
2021-02-26 13:45:00,2.2513964400,2.2513964400,2.2427704000,2.2427704000,1952998
2021-02-26 14:00:00,2.2427704000,2.2513964400,2.2341443600,2.2427704000,4549702
2021-02-26 14:15:00,2.2427704000,2.2600224800,2.2341443600,2.2427704000,1819800
2021-02-26 14:30:00,2.2427704000,2.2513964400,2.2427704000,2.2427704000,1587200
2021-02-26 14:45:00,2.2513964400,2.2513964400,2.2427704000,2.2513964400,2391601
2021-02-26 15:00:00,2.2513964400,2.2513964400,2.2341443600,2.2341443600,6926683
2021-03-01 09:45:00,2.2427704000,2.2772745600,2.2341443600,2.2513964400,8295200
2021-03-01 10:00:00,2.2600224800,2.2686485200,2.2427704000,2.2686485200,4753700
2021-03-01 10:15:00,2.2686485200,2.2686485200,2.2600224800,2.2686485200,1665473
2021-03-01 10:30:00,2.2686485200,2.2686485200,2.2513964400,2.2600224800,2857727
2021-03-01 10:45:00,2.2600224800,2.2859006000,2.2513964400,2.2772745600,6542800
2021-03-01 11:00:00,2.2686485200,2.2772745600,2.2600224800,2.2686485200,2538606
2021-03-01 11:15:00,2.2600224800,2.2686485200,2.2513964400,2.2600224800,2680000
2021-03-01 11:30:00,2.2600224800,2.2686485200,2.2513964400,2.2600224800,795400
2021-03-01 13:15:00,2.2600224800,2.2600224800,2.2513964400,2.2513964400,1665000
2021-03-01 13:30:00,2.2513964400,2.2686485200,2.2513964400,2.2513964400,2416500
2021-03-01 13:45:00,2.2513964400,2.2600224800,2.2513964400,2.2513964400,2535100
2021-03-01 14:00:00,2.2513964400,2.2600224800,2.2513964400,2.2513964400,1343000
2021-03-01 14:15:00,2.2513964400,2.2686485200,2.2513964400,2.2600224800,3588796
2021-03-01 14:30:00,2.2686485200,2.2772745600,2.2600224800,2.2686485200,3365200
2021-03-01 14:45:00,2.2686485200,2.2772745600,2.2600224800,2.2600224800,2456200
2021-03-01 15:00:00,2.2600224800,2.2772745600,2.2600224800,2.2686485200,3752200
2021-03-02 09:45:00,2.2945266400,2.2945266400,2.2341443600,2.2341443600,10134700
2021-03-02 10:00:00,2.2341443600,2.2600224800,2.2255183200,2.2341443600,10475026
2021-03-02 10:15:00,2.2341443600,2.2341443600,2.1996402000,2.1996402000,12886517
2021-03-02 10:30:00,2.1996402000,2.2082662400,2.1737620800,2.1737620800,16852802
2021-03-02 10:45:00,2.1737620800,2.1910141600,2.1651360400,2.1737620800,9685731
2021-03-02 11:00:00,2.1823881200,2.1823881200,2.1651360400,2.1651360400,4803600
2021-03-02 11:15:00,2.1737620800,2.1823881200,2.1651360400,2.1737620800,5544069
2021-03-02 11:30:00,2.1737620800,2.1823881200,2.1651360400,2.1737620800,2808695
2021-03-02 13:15:00,2.1737620800,2.1823881200,2.1651360400,2.1737620800,3555500
2021-03-02 13:30:00,2.1737620800,2.1737620800,2.1565100000,2.1565100000,3614100
2021-03-02 13:45:00,2.1565100000,2.1737620800,2.1565100000,2.1651360400,3057100
2021-03-02 14:00:00,2.1737620800,2.1737620800,2.1565100000,2.1651360400,2210100
2021-03-02 14:15:00,2.1651360400,2.1651360400,2.1478839600,2.1565100000,9664900
2021-03-02 14:30:00,2.1565100000,2.1651360400,2.1478839600,2.1565100000,6131000
2021-03-02 14:45:00,2.1565100000,2.1651360400,2.1478839600,2.1651360400,2653380
2021-03-02 15:00:00,2.1651360400,2.1737620800,2.1565100000,2.1565100000,4786800
2021-03-03 09:45:00,2.1737620800,2.1910141600,2.1565100000,2.1823881200,8897300
2021-03-03 10:00:00,2.1737620800,2.1910141600,2.1651360400,2.1737620800,5915759
2021-03-03 10:15:00,2.1651360400,2.1737620800,2.1565100000,2.1651360400,4434941
2021-03-03 10:30:00,2.1651360400,2.1737620800,2.1565100000,2.1651360400,2771500
2021-03-03 10:45:00,2.1651360400,2.1823881200,2.1565100000,2.1737620800,5743600
2021-03-03 11:00:00,2.1737620800,2.1910141600,2.1737620800,2.1823881200,3641500
2021-03-03 11:15:00,2.1737620800,2.1823881200,2.1737620800,2.1823881200,1911100
2021-03-03 11:30:00,2.1823881200,2.1910141600,2.1737620800,2.1823881200,2993200
2021-03-03 13:15:00,2.1823881200,2.2082662400,2.1823881200,2.1910141600,8743700
2021-03-03 13:30:00,2.1910141600,2.1996402000,2.1823881200,2.1996402000,3832200
2021-03-03 13:45:00,2.1823881200,2.1996402000,2.1823881200,2.1996402000,3562800
2021-03-03 14:00:00,2.1910141600,2.1996402000,2.1910141600,2.1996402000,2522800
2021-03-03 14:15:00,2.1910141600,2.2082662400,2.1910141600,2.1996402000,6075301
2021-03-03 14:30:00,2.1996402000,2.2082662400,2.1910141600,2.1996402000,4765700
2021-03-03 14:45:00,2.1996402000,2.2168922800,2.1996402000,2.2168922800,5590562
2021-03-03 15:00:00,2.2168922800,2.2168922800,2.1996402000,2.2082662400,5650135
2021-03-04 09:45:00,2.2082662400,2.2341443600,2.1910141600,2.2255183200,11943900
2021-03-04 10:00:00,2.2255183200,2.2341443600,2.2082662400,2.2082662400,3709700
2021-03-04 10:15:00,2.2082662400,2.2168922800,2.1910141600,2.1996402000,4908700
2021-03-04 10:30:00,2.1996402000,2.2427704000,2.1910141600,2.2255183200,12362415
2021-03-04 10:45:00,2.2255183200,2.2255183200,2.2082662400,2.2255183200,3228400
2021-03-04 11:00:00,2.2255183200,2.2255183200,2.2082662400,2.2168922800,2069300
2021-03-04 11:15:00,2.2168922800,2.2168922800,2.1996402000,2.2082662400,4206900
2021-03-04 11:30:00,2.2082662400,2.2168922800,2.1996402000,2.2082662400,1417700
2021-03-04 13:15:00,2.2082662400,2.2168922800,2.1996402000,2.2082662400,2038800
2021-03-04 13:30:00,2.2082662400,2.2168922800,2.1910141600,2.1910141600,2564000
2021-03-04 13:45:00,2.1996402000,2.1996402000,2.1823881200,2.1996402000,3337200
2021-03-04 14:00:00,2.1996402000,2.1996402000,2.1910141600,2.1996402000,1938200
2021-03-04 14:15:00,2.1996402000,2.1996402000,2.1823881200,2.1996402000,2461400
2021-03-04 14:30:00,2.1996402000,2.2082662400,2.1910141600,2.1996402000,2646500
2021-03-04 14:45:00,2.1996402000,2.2082662400,2.1823881200,2.1910141600,4101042
2021-03-04 15:00:00,2.1910141600,2.2082662400,2.1910141600,2.1996402000,3934700
2021-03-05 09:45:00,2.1823881200,2.1910141600,2.1565100000,2.1823881200,9574700
2021-03-05 10:00:00,2.1823881200,2.1910141600,2.1651360400,2.1651360400,5865000
2021-03-05 10:15:00,2.1651360400,2.2082662400,2.1651360400,2.1996402000,9074200
2021-03-05 10:30:00,2.1996402000,2.2427704000,2.1910141600,2.1996402000,11667100
2021-03-05 10:45:00,2.2082662400,2.2168922800,2.1910141600,2.1996402000,5425800
2021-03-05 11:00:00,2.1996402000,2.2255183200,2.1996402000,2.2255183200,3733171
2021-03-05 11:15:00,2.2255183200,2.2686485200,2.2255183200,2.2427704000,18051954
2021-03-05 11:30:00,2.2513964400,2.2513964400,2.2341443600,2.2427704000,2438400
2021-03-05 13:15:00,2.2427704000,2.2513964400,2.2255183200,2.2341443600,4723949
2021-03-05 13:30:00,2.2341443600,2.2427704000,2.2255183200,2.2341443600,1552500
2021-03-05 13:45:00,2.2341443600,2.2427704000,2.2341443600,2.2341443600,1566300
2021-03-05 14:00:00,2.2341443600,2.2427704000,2.2341443600,2.2427704000,1408300
2021-03-05 14:15:00,2.2427704000,2.2513964400,2.2341443600,2.2427704000,4029300
2021-03-05 14:30:00,2.2427704000,2.2513964400,2.2341443600,2.2341443600,1529900
2021-03-05 14:45:00,2.2341443600,2.2427704000,2.2341443600,2.2341443600,2301800
2021-03-05 15:00:00,2.2341443600,2.2427704000,2.2255183200,2.2341443600,5606243
2021-03-08 09:45:00,2.2427704000,2.2686485200,2.2255183200,2.2427704000,13871467
2021-03-08 10:00:00,2.2427704000,2.2600224800,2.2341443600,2.2341443600,7624200
2021-03-08 10:15:00,2.2341443600,2.2427704000,2.2082662400,2.2082662400,10923900
2021-03-08 10:30:00,2.2082662400,2.2168922800,2.1996402000,2.2168922800,8586978
2021-03-08 10:45:00,2.2168922800,2.2168922800,2.1996402000,2.1996402000,3901700
2021-03-08 11:00:00,2.1996402000,2.2082662400,2.1737620800,2.1910141600,11100301
2021-03-08 11:15:00,2.1996402000,2.1996402000,2.1910141600,2.1910141600,1721898
2021-03-08 11:30:00,2.1910141600,2.1996402000,2.1823881200,2.1996402000,2867702
2021-03-08 13:15:00,2.1910141600,2.2082662400,2.1823881200,2.1910141600,4978187
2021-03-08 13:30:00,2.1910141600,2.2082662400,2.1910141600,2.1910141600,3463700
2021-03-08 13:45:00,2.1996402000,2.2255183200,2.1910141600,2.2168922800,2820000
2021-03-08 14:00:00,2.2082662400,2.2255183200,2.2082662400,2.2168922800,2162000
2021-03-08 14:15:00,2.2168922800,2.2341443600,2.2082662400,2.2168922800,2800200
2021-03-08 14:30:00,2.2168922800,2.2341443600,2.2168922800,2.2168922800,2806700
2021-03-08 14:45:00,2.2255183200,2.2255183200,2.1996402000,2.2082662400,4034301
2021-03-08 15:00:00,2.2082662400,2.2255183200,2.1996402000,2.2168922800,4234538
2021-03-09 09:45:00,2.2168922800,2.2945266400,2.1996402000,2.2600224800,36357796
2021-03-09 10:00:00,2.2600224800,2.2859006000,2.2255183200,2.2341443600,18639900
2021-03-09 10:15:00,2.2341443600,2.3204047600,2.2255183200,2.3204047600,34833221
2021-03-09 10:30:00,2.3204047600,2.3807870400,2.3117787200,2.3462828800,35220597
2021-03-09 10:45:00,2.3376568400,2.3462828800,2.3117787200,2.3290308000,7410700
2021-03-09 11:00:00,2.3204047600,2.3462828800,2.3117787200,2.3462828800,5070000
2021-03-09 11:15:00,2.3462828800,2.3462828800,2.3204047600,2.3290308000,4919704
2021-03-09 11:30:00,2.3290308000,2.3376568400,2.3117787200,2.3290308000,3251615
2021-03-09 13:15:00,2.3290308000,2.3376568400,2.3204047600,2.3204047600,3712201
2021-03-09 13:30:00,2.3204047600,2.3290308000,2.3031526800,2.3117787200,4348199
2021-03-09 13:45:00,2.3117787200,2.3204047600,2.3031526800,2.3117787200,3871465
2021-03-09 14:00:00,2.3117787200,2.3204047600,2.3031526800,2.3204047600,3199300
2021-03-09 14:15:00,2.3117787200,2.3204047600,2.3031526800,2.3031526800,3023600
2021-03-09 14:30:00,2.3031526800,2.3117787200,2.2859006000,2.2945266400,3580635
2021-03-09 14:45:00,2.2859006000,2.3031526800,2.2772745600,2.2859006000,5940200
2021-03-09 15:00:00,2.2772745600,2.2945266400,2.2772745600,2.2859006000,6397057
2021-03-10 09:45:00,2.2427704000,2.2945266400,2.2082662400,2.2600224800,28651990
2021-03-10 10:00:00,2.2600224800,2.2945266400,2.2513964400,2.2513964400,8959873
2021-03-10 10:15:00,2.2600224800,2.2686485200,2.2513964400,2.2686485200,4089900
2021-03-10 10:30:00,2.2600224800,2.2600224800,2.2341443600,2.2341443600,6126800
2021-03-10 10:45:00,2.2341443600,2.2427704000,2.2168922800,2.2341443600,4798701
2021-03-10 11:00:00,2.2341443600,2.2427704000,2.2168922800,2.2341443600,4500000
2021-03-10 11:15:00,2.2341443600,2.2341443600,2.2168922800,2.2255183200,5513900
2021-03-10 11:30:00,2.2255183200,2.2255183200,2.2168922800,2.2168922800,3119600
2021-03-10 13:15:00,2.2255183200,2.2255183200,2.2082662400,2.2168922800,4273507
2021-03-10 13:30:00,2.2255183200,2.2255183200,2.1996402000,2.1996402000,6456203
2021-03-10 13:45:00,2.1996402000,2.2168922800,2.1996402000,2.1996402000,2685500
2021-03-10 14:00:00,2.2082662400,2.2168922800,2.1996402000,2.2082662400,3347800
2021-03-10 14:15:00,2.2082662400,2.2255183200,2.1996402000,2.2082662400,2283500
2021-03-10 14:30:00,2.2082662400,2.2168922800,2.1996402000,2.2082662400,3892200
2021-03-10 14:45:00,2.2082662400,2.2168922800,2.1996402000,2.1996402000,4580100
2021-03-10 15:00:00,2.1996402000,2.2168922800,2.1910141600,2.2082662400,7361836
2021-03-11 09:45:00,2.2082662400,2.2341443600,2.1910141600,2.2168922800,9112000
2021-03-11 10:00:00,2.2082662400,2.2600224800,2.2082662400,2.2341443600,10267900
2021-03-11 10:15:00,2.2341443600,2.2600224800,2.2341443600,2.2427704000,8343900
2021-03-11 10:30:00,2.2427704000,2.2686485200,2.2341443600,2.2600224800,8705300
2021-03-11 10:45:00,2.2513964400,2.2772745600,2.2513964400,2.2600224800,8274900
2021-03-11 11:00:00,2.2600224800,2.2600224800,2.2427704000,2.2513964400,2514900
2021-03-11 11:15:00,2.2513964400,2.2600224800,2.2427704000,2.2427704000,3492200
2021-03-11 11:30:00,2.2427704000,2.2686485200,2.2427704000,2.2513964400,4896654
2021-03-11 13:15:00,2.2600224800,2.2772745600,2.2600224800,2.2772745600,4975100
2021-03-11 13:30:00,2.2686485200,2.3031526800,2.2686485200,2.2859006000,16733862
2021-03-11 13:45:00,2.2859006000,2.2945266400,2.2772745600,2.2772745600,2975200
2021-03-11 14:00:00,2.2859006000,2.2859006000,2.2686485200,2.2772745600,2237100
2021-03-11 14:15:00,2.2772745600,2.2859006000,2.2600224800,2.2600224800,3936200
2021-03-11 14:30:00,2.2600224800,2.2686485200,2.2513964400,2.2600224800,3529300
2021-03-11 14:45:00,2.2600224800,2.2686485200,2.2600224800,2.2686485200,3380463
2021-03-11 15:00:00,2.2686485200,2.2859006000,2.2600224800,2.2772745600,8409147
2021-03-12 09:45:00,2.2600224800,2.2772745600,2.2427704000,2.2427704000,11021596
2021-03-12 10:00:00,2.2427704000,2.2945266400,2.2341443600,2.2859006000,12040900
2021-03-12 10:15:00,2.2859006000,2.2859006000,2.2600224800,2.2686485200,5291816
2021-03-12 10:30:00,2.2772745600,2.2945266400,2.2686485200,2.2772745600,6767600
2021-03-12 10:45:00,2.2772745600,2.3117787200,2.2772745600,2.3117787200,12533900
2021-03-12 11:00:00,2.3117787200,2.3117787200,2.2859006000,2.2945266400,3264700
2021-03-12 11:15:00,2.2945266400,2.3031526800,2.2859006000,2.2945266400,2851600
2021-03-12 11:30:00,2.2945266400,2.2945266400,2.2859006000,2.2859006000,2281015
2021-03-12 13:15:00,2.2859006000,2.3031526800,2.2772745600,2.2859006000,4198985
2021-03-12 13:30:00,2.2859006000,2.2945266400,2.2772745600,2.2859006000,2060200
2021-03-12 13:45:00,2.2772745600,2.2945266400,2.2686485200,2.2686485200,3816700
2021-03-12 14:00:00,2.2772745600,2.2772745600,2.2686485200,2.2772745600,1961300
2021-03-12 14:15:00,2.2772745600,2.2859006000,2.2686485200,2.2686485200,2368600
2021-03-12 14:30:00,2.2686485200,2.2859006000,2.2686485200,2.2686485200,2496600
2021-03-12 14:45:00,2.2686485200,2.2772745600,2.2600224800,2.2772745600,3520400
2021-03-12 15:00:00,2.2772745600,2.2859006000,2.2686485200,2.2772745600,8743039
2021-03-15 09:45:00,2.2772745600,2.3204047600,2.2600224800,2.3117787200,12549300
2021-03-15 10:00:00,2.3031526800,2.3117787200,2.2945266400,2.3031526800,4262496
2021-03-15 10:15:00,2.3031526800,2.3204047600,2.2945266400,2.3117787200,8499800
2021-03-15 10:30:00,2.3117787200,2.3462828800,2.3031526800,2.3376568400,14021600
2021-03-15 10:45:00,2.3376568400,2.3376568400,2.3204047600,2.3290308000,4743700
2021-03-15 11:00:00,2.3290308000,2.3635349600,2.3290308000,2.3635349600,13407954
2021-03-15 11:15:00,2.3635349600,2.3894130800,2.3462828800,2.3462828800,23777205
2021-03-15 11:30:00,2.3462828800,2.3635349600,2.3376568400,2.3462828800,5873714
2021-03-15 13:15:00,2.3462828800,2.3462828800,2.3117787200,2.3204047600,6658233
2021-03-15 13:30:00,2.3204047600,2.3290308000,2.3117787200,2.3290308000,1128100
2021-03-15 13:45:00,2.3290308000,2.3290308000,2.3117787200,2.3204047600,2205000
2021-03-15 14:00:00,2.3204047600,2.3290308000,2.3117787200,2.3204047600,2842300
2021-03-15 14:15:00,2.3204047600,2.3290308000,2.3031526800,2.3031526800,3500400
2021-03-15 14:30:00,2.3117787200,2.3117787200,2.2945266400,2.3117787200,5829900
2021-03-15 14:45:00,2.3117787200,2.3204047600,2.3031526800,2.3204047600,3447916
2021-03-15 15:00:00,2.3204047600,2.3290308000,2.3117787200,2.3204047600,6913400
2021-03-16 09:45:00,2.3117787200,2.3290308000,2.2945266400,2.3117787200,9980400
2021-03-16 10:00:00,2.3204047600,2.3462828800,2.3117787200,2.3290308000,6015700
2021-03-16 10:15:00,2.3376568400,2.3376568400,2.3117787200,2.3290308000,4050300
2021-03-16 10:30:00,2.3204047600,2.3290308000,2.3117787200,2.3204047600,3364600
2021-03-16 10:45:00,2.3117787200,2.3204047600,2.2945266400,2.3031526800,5192200
2021-03-16 11:00:00,2.2945266400,2.3204047600,2.2945266400,2.3204047600,2824100
2021-03-16 11:15:00,2.3204047600,2.3462828800,2.3117787200,2.3290308000,8098600
2021-03-16 11:30:00,2.3290308000,2.3290308000,2.3117787200,2.3204047600,1354900
2021-03-16 13:15:00,2.3290308000,2.3290308000,2.3117787200,2.3117787200,2293400
2021-03-16 13:30:00,2.3117787200,2.3204047600,2.3031526800,2.3117787200,4117200
2021-03-16 13:45:00,2.3117787200,2.3204047600,2.3117787200,2.3117787200,1991500
2021-03-16 14:00:00,2.3117787200,2.3290308000,2.3117787200,2.3204047600,2282571
2021-03-16 14:15:00,2.3204047600,2.3290308000,2.3117787200,2.3117787200,1866629
2021-03-16 14:30:00,2.3117787200,2.3204047600,2.3031526800,2.3031526800,3416753
2021-03-16 14:45:00,2.3117787200,2.3204047600,2.3031526800,2.3031526800,3892996
2021-03-16 15:00:00,2.3117787200,2.3204047600,2.3031526800,2.3204047600,7407200
2021-03-17 09:45:00,2.3204047600,2.3290308000,2.2859006000,2.3117787200,9690271
2021-03-17 10:00:00,2.3117787200,2.3635349600,2.3031526800,2.3635349600,19215303
2021-03-17 10:15:00,2.3635349600,2.4066651600,2.3635349600,2.3894130800,29020536
2021-03-17 10:30:00,2.3980391200,2.4325432800,2.3894130800,2.4152912000,25208924
2021-03-17 10:45:00,2.4066651600,2.4670474400,2.4066651600,2.4497953600,22204333
2021-03-17 11:00:00,2.4497953600,2.4497953600,2.3980391200,2.4152912000,7990500
2021-03-17 11:15:00,2.4152912000,2.4152912000,2.3894130800,2.3980391200,5670300
2021-03-17 11:30:00,2.3980391200,2.4325432800,2.3980391200,2.4239172400,5716000
2021-03-17 13:15:00,2.4239172400,2.4325432800,2.4066651600,2.4152912000,4356500
2021-03-17 13:30:00,2.4152912000,2.4152912000,2.3980391200,2.4066651600,3891748
2021-03-17 13:45:00,2.3980391200,2.4152912000,2.3980391200,2.4152912000,3057000
2021-03-17 14:00:00,2.4066651600,2.4239172400,2.4066651600,2.4152912000,3835000
2021-03-17 14:15:00,2.4066651600,2.4152912000,2.3980391200,2.4066651600,2991500
2021-03-17 14:30:00,2.3980391200,2.4152912000,2.3980391200,2.4066651600,2786200
2021-03-17 14:45:00,2.4066651600,2.4152912000,2.3894130800,2.3980391200,4534800
2021-03-17 15:00:00,2.3980391200,2.3980391200,2.3721610000,2.3894130800,11488900
2021-03-18 09:45:00,2.3807870400,2.4066651600,2.3549089200,2.3721610000,18809900
2021-03-18 10:00:00,2.3721610000,2.3807870400,2.3462828800,2.3549089200,12114900
2021-03-18 10:15:00,2.3549089200,2.3721610000,2.3462828800,2.3549089200,4909700
2021-03-18 10:30:00,2.3462828800,2.3635349600,2.3376568400,2.3549089200,6400932
2021-03-18 10:45:00,2.3549089200,2.3721610000,2.3462828800,2.3721610000,2386200
2021-03-18 11:00:00,2.3721610000,2.3721610000,2.3549089200,2.3721610000,2294700
2021-03-18 11:15:00,2.3721610000,2.3807870400,2.3635349600,2.3635349600,2743300
2021-03-18 11:30:00,2.3635349600,2.3721610000,2.3635349600,2.3635349600,1093500
2021-03-18 13:15:00,2.3635349600,2.3635349600,2.3462828800,2.3462828800,4951500
2021-03-18 13:30:00,2.3462828800,2.3635349600,2.3462828800,2.3635349600,1711500
2021-03-18 13:45:00,2.3635349600,2.3635349600,2.3549089200,2.3549089200,1488600
2021-03-18 14:00:00,2.3549089200,2.3635349600,2.3462828800,2.3462828800,2839760
2021-03-18 14:15:00,2.3462828800,2.3549089200,2.3462828800,2.3549089200,3823700
2021-03-18 14:30:00,2.3549089200,2.3635349600,2.3462828800,2.3635349600,1722601
2021-03-18 14:45:00,2.3635349600,2.3635349600,2.3549089200,2.3635349600,4238400
2021-03-18 15:00:00,2.3635349600,2.3721610000,2.3549089200,2.3721610000,6118278
2021-03-19 09:45:00,2.3462828800,2.3807870400,2.3290308000,2.3549089200,12015398
2021-03-19 10:00:00,2.3549089200,2.3635349600,2.3376568400,2.3462828800,4685802
2021-03-19 10:15:00,2.3462828800,2.3549089200,2.3204047600,2.3204047600,8417400
2021-03-19 10:30:00,2.3204047600,2.3549089200,2.3204047600,2.3462828800,4106400
2021-03-19 10:45:00,2.3462828800,2.3549089200,2.3376568400,2.3462828800,1699000
2021-03-19 11:00:00,2.3462828800,2.3549089200,2.3376568400,2.3462828800,1662800
2021-03-19 11:15:00,2.3462828800,2.3549089200,2.3290308000,2.3376568400,3432200
2021-03-19 11:30:00,2.3376568400,2.3376568400,2.3290308000,2.3376568400,2504159
2021-03-19 13:15:00,2.3290308000,2.3376568400,2.3117787200,2.3204047600,6443035
2021-03-19 13:30:00,2.3204047600,2.3204047600,2.3031526800,2.3031526800,6004865
2021-03-19 13:45:00,2.3031526800,2.3204047600,2.3031526800,2.3117787200,3135200
2021-03-19 14:00:00,2.3204047600,2.3204047600,2.3031526800,2.3117787200,3193194
2021-03-19 14:15:00,2.3117787200,2.3204047600,2.3031526800,2.3117787200,2141306
2021-03-19 14:30:00,2.3117787200,2.3204047600,2.2945266400,2.3117787200,6161400
2021-03-19 14:45:00,2.3117787200,2.3204047600,2.3031526800,2.3117787200,2295100
2021-03-19 15:00:00,2.3117787200,2.3204047600,2.3031526800,2.3204047600,4369368
2021-03-22 09:45:00,2.3117787200,2.3635349600,2.3117787200,2.3462828800,11948100
2021-03-22 10:00:00,2.3462828800,2.3807870400,2.3376568400,2.3721610000,11118900
2021-03-22 10:15:00,2.3807870400,2.3807870400,2.3549089200,2.3721610000,4371849
2021-03-22 10:30:00,2.3721610000,2.3721610000,2.3462828800,2.3549089200,3678351
2021-03-22 10:45:00,2.3635349600,2.3635349600,2.3376568400,2.3462828800,2871201
2021-03-22 11:00:00,2.3549089200,2.3549089200,2.3376568400,2.3549089200,1341500
2021-03-22 11:15:00,2.3549089200,2.3549089200,2.3462828800,2.3462828800,1353099
2021-03-22 11:30:00,2.3462828800,2.3549089200,2.3462828800,2.3462828800,1436400
2021-03-22 13:15:00,2.3549089200,2.3549089200,2.3462828800,2.3462828800,2931300
2021-03-22 13:30:00,2.3462828800,2.3635349600,2.3376568400,2.3376568400,3218811
2021-03-22 13:45:00,2.3462828800,2.3549089200,2.3376568400,2.3549089200,2061200
2021-03-22 14:00:00,2.3549089200,2.3549089200,2.3376568400,2.3462828800,1716300
2021-03-22 14:15:00,2.3462828800,2.3549089200,2.3376568400,2.3462828800,2340100
2021-03-22 14:30:00,2.3376568400,2.3549089200,2.3376568400,2.3462828800,2240800
2021-03-22 14:45:00,2.3462828800,2.3549089200,2.3376568400,2.3462828800,2251600
2021-03-22 15:00:00,2.3376568400,2.3549089200,2.3376568400,2.3549089200,3695100
2021-03-23 09:45:00,2.3635349600,2.3635349600,2.3290308000,2.3290308000,8051800
2021-03-23 10:00:00,2.3376568400,2.3376568400,2.3117787200,2.3204047600,6526700
2021-03-23 10:15:00,2.3204047600,2.3290308000,2.2945266400,2.2945266400,5923900
2021-03-23 10:30:00,2.2945266400,2.3117787200,2.2945266400,2.3031526800,5476051
2021-03-23 10:45:00,2.3031526800,2.3117787200,2.2945266400,2.3117787200,2713696
2021-03-23 11:00:00,2.3117787200,2.3117787200,2.2945266400,2.2945266400,2292300
2021-03-23 11:15:00,2.2945266400,2.3031526800,2.2945266400,2.2945266400,2126110
2021-03-23 11:30:00,2.2945266400,2.3031526800,2.2772745600,2.2945266400,5941139
2021-03-23 13:15:00,2.2945266400,2.2945266400,2.2772745600,2.2945266400,2863500
2021-03-23 13:30:00,2.2945266400,2.3031526800,2.2859006000,2.3031526800,1299600
2021-03-23 13:45:00,2.3031526800,2.3031526800,2.2859006000,2.3031526800,1499400
2021-03-23 14:00:00,2.2945266400,2.3031526800,2.2859006000,2.2945266400,2076500
2021-03-23 14:15:00,2.2945266400,2.3031526800,2.2772745600,2.2772745600,3355400
2021-03-23 14:30:00,2.2772745600,2.2945266400,2.2772745600,2.2859006000,3973100
2021-03-23 14:45:00,2.2859006000,2.3031526800,2.2859006000,2.2945266400,2028400
2021-03-23 15:00:00,2.2945266400,2.3031526800,2.2859006000,2.2945266400,3627217
2021-03-24 09:45:00,2.2859006000,2.2945266400,2.2513964400,2.2600224800,9740300
2021-03-24 10:00:00,2.2600224800,2.2686485200,2.2255183200,2.2255183200,11442500
2021-03-24 10:15:00,2.2341443600,2.2427704000,2.2082662400,2.2255183200,9616600
2021-03-24 10:30:00,2.2168922800,2.2341443600,2.2168922800,2.2255183200,3794500
2021-03-24 10:45:00,2.2168922800,2.2341443600,2.2168922800,2.2341443600,3118908
2021-03-24 11:00:00,2.2341443600,2.2341443600,2.2168922800,2.2168922800,2237547
2021-03-24 11:15:00,2.2255183200,2.2255183200,2.2082662400,2.2168922800,3419095
2021-03-24 11:30:00,2.2255183200,2.2255183200,2.1996402000,2.2168922800,4707300
2021-03-24 13:15:00,2.2082662400,2.2168922800,2.2082662400,2.2082662400,2007600
2021-03-24 13:30:00,2.2168922800,2.2255183200,2.2082662400,2.2168922800,2263200
2021-03-24 13:45:00,2.2168922800,2.2341443600,2.2168922800,2.2341443600,2539900
2021-03-24 14:00:00,2.2341443600,2.2427704000,2.2255183200,2.2427704000,2692465
2021-03-24 14:15:00,2.2427704000,2.2513964400,2.2341443600,2.2513964400,1724160
2021-03-24 14:30:00,2.2513964400,2.2513964400,2.2341443600,2.2513964400,1085000
2021-03-24 14:45:00,2.2513964400,2.2600224800,2.2341443600,2.2427704000,3131315
2021-03-24 15:00:00,2.2427704000,2.2513964400,2.2341443600,2.2427704000,2675052
2021-03-25 09:45:00,2.2341443600,2.2686485200,2.2168922800,2.2513964400,6811590
2021-03-25 10:00:00,2.2513964400,2.2600224800,2.2341443600,2.2427704000,4496100
2021-03-25 10:15:00,2.2513964400,2.2686485200,2.2427704000,2.2686485200,3949700
2021-03-25 10:30:00,2.2686485200,2.2686485200,2.2513964400,2.2600224800,2802200
2021-03-25 10:45:00,2.2600224800,2.2686485200,2.2513964400,2.2600224800,1055400
2021-03-25 11:00:00,2.2600224800,2.2772745600,2.2513964400,2.2772745600,3614320
2021-03-25 11:15:00,2.2772745600,2.2772745600,2.2600224800,2.2600224800,2012600
2021-03-25 11:30:00,2.2600224800,2.2772745600,2.2600224800,2.2686485200,1385700
2021-03-25 13:15:00,2.2686485200,2.2772745600,2.2686485200,2.2772745600,1379210
2021-03-25 13:30:00,2.2772745600,2.2772745600,2.2686485200,2.2772745600,1227500
2021-03-25 13:45:00,2.2772745600,2.2772745600,2.2686485200,2.2686485200,3313000
2021-03-25 14:00:00,2.2686485200,2.2772745600,2.2686485200,2.2686485200,2431575
2021-03-25 14:15:00,2.2686485200,2.2772745600,2.2600224800,2.2686485200,1493300
2021-03-25 14:30:00,2.2686485200,2.2945266400,2.2686485200,2.2945266400,5320800
2021-03-25 14:45:00,2.2945266400,2.2945266400,2.2772745600,2.2859006000,3074400
2021-03-25 15:00:00,2.2859006000,2.2945266400,2.2859006000,2.2859006000,3742549
2021-03-26 09:45:00,2.3204047600,2.3290308000,2.2945266400,2.3117787200,9497695
2021-03-26 10:00:00,2.3031526800,2.3462828800,2.3031526800,2.3376568400,9674909
2021-03-26 10:15:00,2.3376568400,2.3376568400,2.3290308000,2.3376568400,2158000
2021-03-26 10:30:00,2.3290308000,2.3376568400,2.3117787200,2.3204047600,3154500
2021-03-26 10:45:00,2.3204047600,2.3204047600,2.3117787200,2.3117787200,1242400
2021-03-26 11:00:00,2.3117787200,2.3376568400,2.3117787200,2.3290308000,3502200
2021-03-26 11:15:00,2.3290308000,2.3376568400,2.3204047600,2.3204047600,3290600
2021-03-26 11:30:00,2.3290308000,2.3290308000,2.3204047600,2.3204047600,1314700
2021-03-26 13:15:00,2.3204047600,2.3376568400,2.3204047600,2.3204047600,1586600
2021-03-26 13:30:00,2.3204047600,2.3290308000,2.3204047600,2.3204047600,1233400
2021-03-26 13:45:00,2.3204047600,2.3290308000,2.3117787200,2.3204047600,2080100
2021-03-26 14:00:00,2.3204047600,2.3204047600,2.3117787200,2.3117787200,1189800
2021-03-26 14:15:00,2.3117787200,2.3290308000,2.3117787200,2.3117787200,3563500
2021-03-26 14:30:00,2.3117787200,2.3204047600,2.3117787200,2.3117787200,884400
2021-03-26 14:45:00,2.3204047600,2.3204047600,2.3117787200,2.3117787200,1672700
2021-03-26 15:00:00,2.3117787200,2.3290308000,2.3117787200,2.3204047600,4140217
2021-03-29 09:45:00,2.3462828800,2.3635349600,2.2859006000,2.3117787200,12561800
2021-03-29 10:00:00,2.3117787200,2.3117787200,2.2945266400,2.3117787200,4445800
2021-03-29 10:15:00,2.3117787200,2.3290308000,2.2945266400,2.3204047600,3185649
2021-03-29 10:30:00,2.3204047600,2.3376568400,2.3204047600,2.3376568400,3509500
2021-03-29 10:45:00,2.3376568400,2.3376568400,2.3204047600,2.3204047600,1907700
2021-03-29 11:00:00,2.3290308000,2.3290308000,2.3117787200,2.3204047600,1300900
2021-03-29 11:15:00,2.3204047600,2.3376568400,2.3204047600,2.3204047600,3107400
2021-03-29 11:30:00,2.3204047600,2.3290308000,2.3204047600,2.3290308000,1086600
2021-03-29 13:15:00,2.3290308000,2.3290308000,2.3204047600,2.3204047600,1332200
2021-03-29 13:30:00,2.3204047600,2.3290308000,2.3117787200,2.3290308000,1577001
2021-03-29 13:45:00,2.3290308000,2.3376568400,2.3204047600,2.3290308000,1814465
2021-03-29 14:00:00,2.3290308000,2.3549089200,2.3290308000,2.3549089200,8817807
2021-03-29 14:15:00,2.3549089200,2.3894130800,2.3462828800,2.3635349600,20216196
2021-03-29 14:30:00,2.3635349600,2.3894130800,2.3635349600,2.3894130800,10559095
2021-03-29 14:45:00,2.3980391200,2.3980391200,2.3807870400,2.3807870400,6672094
2021-03-29 15:00:00,2.3807870400,2.3894130800,2.3721610000,2.3807870400,9051526
2021-03-30 09:45:00,2.3721610000,2.4325432800,2.3635349600,2.3807870400,17685529
2021-03-30 10:00:00,2.3807870400,2.3807870400,2.3462828800,2.3635349600,6365071
2021-03-30 10:15:00,2.3549089200,2.3635349600,2.3462828800,2.3462828800,2857900
2021-03-30 10:30:00,2.3462828800,2.3807870400,2.3376568400,2.3807870400,6244589
2021-03-30 10:45:00,2.3807870400,2.3980391200,2.3721610000,2.3807870400,5187793
2021-03-30 11:00:00,2.3807870400,2.3894130800,2.3635349600,2.3635349600,2709407
2021-03-30 11:15:00,2.3635349600,2.3721610000,2.3635349600,2.3635349600,1015300
2021-03-30 11:30:00,2.3635349600,2.3980391200,2.3635349600,2.3894130800,5720500
2021-03-30 13:15:00,2.3980391200,2.4239172400,2.3980391200,2.4152912000,17175900
2021-03-30 13:30:00,2.4066651600,2.4152912000,2.3894130800,2.3980391200,3807700
2021-03-30 13:45:00,2.3980391200,2.3980391200,2.3894130800,2.3894130800,2039000
2021-03-30 14:00:00,2.3894130800,2.3980391200,2.3894130800,2.3980391200,1247000
2021-03-30 14:15:00,2.3980391200,2.4066651600,2.3807870400,2.3980391200,7139701
2021-03-30 14:30:00,2.4066651600,2.4842995200,2.3980391200,2.4584214000,38887401
2021-03-30 14:45:00,2.4584214000,2.4670474400,2.4325432800,2.4411693200,14626216
2021-03-30 15:00:00,2.4411693200,2.4670474400,2.4325432800,2.4670474400,19327711
2021-03-31 09:45:00,2.4152912000,2.4152912000,2.3376568400,2.3462828800,47612836
2021-03-31 10:00:00,2.3462828800,2.3635349600,2.3290308000,2.3462828800,14140500
2021-03-31 10:15:00,2.3462828800,2.3807870400,2.3462828800,2.3635349600,11062700
2021-03-31 10:30:00,2.3635349600,2.3894130800,2.3549089200,2.3894130800,8113300
2021-03-31 10:45:00,2.3894130800,2.3894130800,2.3462828800,2.3721610000,11358700
2021-03-31 11:00:00,2.3721610000,2.3721610000,2.3376568400,2.3462828800,5767970
2021-03-31 11:15:00,2.3462828800,2.3549089200,2.3290308000,2.3549089200,6896260
2021-03-31 11:30:00,2.3462828800,2.3549089200,2.3462828800,2.3549089200,2749600
2021-03-31 13:15:00,2.3549089200,2.3549089200,2.3462828800,2.3462828800,3201500
2021-03-31 13:30:00,2.3549089200,2.3721610000,2.3462828800,2.3635349600,4563734
2021-03-31 13:45:00,2.3635349600,2.3721610000,2.3549089200,2.3635349600,3739900
2021-03-31 14:00:00,2.3635349600,2.3721610000,2.3376568400,2.3549089200,7147400
2021-03-31 14:15:00,2.3549089200,2.3549089200,2.3462828800,2.3462828800,3653200
2021-03-31 14:30:00,2.3462828800,2.4152912000,2.3462828800,2.4066651600,21896659
2021-03-31 14:45:00,2.4066651600,2.4325432800,2.3980391200,2.4066651600,14213165
2021-03-31 15:00:00,2.3980391200,2.4066651600,2.3807870400,2.3894130800,8585658
2021-04-01 09:45:00,2.3549089200,2.3721610000,2.3376568400,2.3462828800,12102800
2021-04-01 10:00:00,2.3462828800,2.3549089200,2.3376568400,2.3376568400,8382800
2021-04-01 10:15:00,2.3376568400,2.3549089200,2.3376568400,2.3462828800,4310010
2021-04-01 10:30:00,2.3462828800,2.3549089200,2.3290308000,2.3376568400,7493890
2021-04-01 10:45:00,2.3376568400,2.3462828800,2.3290308000,2.3290308000,4153300
2021-04-01 11:00:00,2.3290308000,2.3376568400,2.3204047600,2.3290308000,5058000
2021-04-01 11:15:00,2.3290308000,2.3462828800,2.3204047600,2.3376568400,3307137
2021-04-01 11:30:00,2.3376568400,2.3462828800,2.3290308000,2.3376568400,2772633
2021-04-01 13:15:00,2.3462828800,2.3635349600,2.3290308000,2.3549089200,6452500
2021-04-01 13:30:00,2.3549089200,2.3807870400,2.3549089200,2.3549089200,5609300
2021-04-01 13:45:00,2.3549089200,2.3635349600,2.3462828800,2.3549089200,1544700
2021-04-01 14:00:00,2.3549089200,2.3635349600,2.3462828800,2.3549089200,1445000
2021-04-01 14:15:00,2.3462828800,2.3635349600,2.3376568400,2.3549089200,5137000
2021-04-01 14:30:00,2.3549089200,2.3635349600,2.3462828800,2.3549089200,3380000
2021-04-01 14:45:00,2.3549089200,2.3721610000,2.3549089200,2.3549089200,5523300
2021-04-01 15:00:00,2.3549089200,2.3635349600,2.3462828800,2.3635349600,6181500
2021-04-02 09:45:00,2.3376568400,2.3549089200,2.3290308000,2.3462828800,7221000
2021-04-02 10:00:00,2.3462828800,2.3549089200,2.3290308000,2.3376568400,4777800
2021-04-02 10:15:00,2.3290308000,2.3376568400,2.3204047600,2.3204047600,4643700
2021-04-02 10:30:00,2.3204047600,2.3290308000,2.3204047600,2.3204047600,4380900
2021-04-02 10:45:00,2.3204047600,2.3376568400,2.3204047600,2.3290308000,2685766
2021-04-02 11:00:00,2.3290308000,2.3290308000,2.3117787200,2.3117787200,6728834
2021-04-02 11:15:00,2.3204047600,2.3204047600,2.3031526800,2.3031526800,5458400
2021-04-02 11:30:00,2.3117787200,2.3204047600,2.3031526800,2.3117787200,1971700
2021-04-02 13:15:00,2.3204047600,2.3376568400,2.3117787200,2.3376568400,2939469
2021-04-02 13:30:00,2.3376568400,2.3376568400,2.3204047600,2.3204047600,1388009
2021-04-02 13:45:00,2.3204047600,2.3290308000,2.3204047600,2.3204047600,1461473
2021-04-02 14:00:00,2.3204047600,2.3376568400,2.3204047600,2.3290308000,1938769
2021-04-02 14:15:00,2.3290308000,2.3376568400,2.3290308000,2.3290308000,2422200
2021-04-02 14:30:00,2.3290308000,2.3462828800,2.3290308000,2.3376568400,3969901
2021-04-02 14:45:00,2.3376568400,2.3462828800,2.3290308000,2.3290308000,1890700
2021-04-02 15:00:00,2.3376568400,2.3462828800,2.3290308000,2.3290308000,6134700
2021-04-06 09:45:00,2.3376568400,2.3549089200,2.3376568400,2.3462828800,6829459
2021-04-06 10:00:00,2.3462828800,2.3549089200,2.3290308000,2.3290308000,4648500
2021-04-06 10:15:00,2.3290308000,2.3462828800,2.3204047600,2.3462828800,7803554
2021-04-06 10:30:00,2.3462828800,2.3462828800,2.3290308000,2.3376568400,8584100
2021-04-06 10:45:00,2.3376568400,2.3462828800,2.3290308000,2.3376568400,2518100
2021-04-06 11:00:00,2.3376568400,2.3462828800,2.3290308000,2.3290308000,2754700
2021-04-06 11:15:00,2.3290308000,2.3376568400,2.3290308000,2.3290308000,1646700
2021-04-06 11:30:00,2.3290308000,2.3376568400,2.3204047600,2.3204047600,2833300
2021-04-06 13:15:00,2.3290308000,2.3290308000,2.3204047600,2.3204047600,2102700
2021-04-06 13:30:00,2.3204047600,2.3290308000,2.3117787200,2.3204047600,3308800
2021-04-06 13:45:00,2.3117787200,2.3290308000,2.3117787200,2.3117787200,2160101
2021-04-06 14:00:00,2.3117787200,2.3290308000,2.3117787200,2.3117787200,2260300
2021-04-06 14:15:00,2.3117787200,2.3204047600,2.3117787200,2.3204047600,2445700
2021-04-06 14:30:00,2.3117787200,2.3290308000,2.3117787200,2.3204047600,2759900
2021-04-06 14:45:00,2.3204047600,2.3290308000,2.3117787200,2.3204047600,1228300
2021-04-06 15:00:00,2.3204047600,2.3290308000,2.3117787200,2.3204047600,3803800
2021-04-07 09:45:00,2.5533078400,2.5533078400,2.5533078400,2.5533078400,45612080
2021-04-07 10:00:00,2.5533078400,2.5533078400,2.5533078400,2.5533078400,6166101
2021-04-07 10:15:00,2.5533078400,2.5533078400,2.5533078400,2.5533078400,3974900
2021-04-07 10:30:00,2.5533078400,2.5533078400,2.5533078400,2.5533078400,1793069
2021-04-07 10:45:00,2.5533078400,2.5533078400,2.5533078400,2.5533078400,2197401
2021-04-07 11:00:00,2.5533078400,2.5533078400,2.5533078400,2.5533078400,1123400
2021-04-07 11:15:00,2.5533078400,2.5533078400,2.5533078400,2.5533078400,884800
2021-04-07 11:30:00,2.5533078400,2.5533078400,2.5533078400,2.5533078400,409600
2021-04-07 13:15:00,2.5533078400,2.5533078400,2.5533078400,2.5533078400,824900
2021-04-07 13:30:00,2.5533078400,2.5533078400,2.5533078400,2.5533078400,238200
2021-04-07 13:45:00,2.5533078400,2.5533078400,2.5533078400,2.5533078400,559700
2021-04-07 14:00:00,2.5533078400,2.5533078400,2.5533078400,2.5533078400,360600
2021-04-07 14:15:00,2.5533078400,2.5533078400,2.5533078400,2.5533078400,460000
2021-04-07 14:30:00,2.5533078400,2.5533078400,2.5533078400,2.5533078400,267600
2021-04-07 14:45:00,2.5533078400,2.5533078400,2.5533078400,2.5533078400,832000
2021-04-07 15:00:00,2.5533078400,2.5533078400,2.5533078400,2.5533078400,1197800
2021-04-08 09:45:00,2.5791859600,2.6568203200,2.5101776400,2.5101776400,134164440
2021-04-08 10:00:00,2.5188036800,2.5274297200,2.4670474400,2.5015516000,28809400
2021-04-08 10:15:00,2.5101776400,2.5188036800,2.4842995200,2.5015516000,10847552
2021-04-08 10:30:00,2.5101776400,2.5101776400,2.4929255600,2.5015516000,6650299
2021-04-08 10:45:00,2.5101776400,2.5188036800,2.5015516000,2.5188036800,3569400
2021-04-08 11:00:00,2.5188036800,2.5188036800,2.5101776400,2.5188036800,4157333
2021-04-08 11:15:00,2.5188036800,2.5274297200,2.5101776400,2.5188036800,2698500
2021-04-08 11:30:00,2.5188036800,2.5446818000,2.5101776400,2.5360557600,4822115
2021-04-08 13:15:00,2.5360557600,2.5446818000,2.5188036800,2.5188036800,3808700
2021-04-08 13:30:00,2.5188036800,2.5188036800,2.5101776400,2.5188036800,2524578
2021-04-08 13:45:00,2.5188036800,2.5188036800,2.5015516000,2.5101776400,3064900
2021-04-08 14:00:00,2.5101776400,2.5101776400,2.4929255600,2.5015516000,4088600
2021-04-08 14:15:00,2.5015516000,2.5015516000,2.4842995200,2.5015516000,6081601
2021-04-08 14:30:00,2.5015516000,2.5015516000,2.4842995200,2.4842995200,5747000
2021-04-08 14:45:00,2.4842995200,2.4929255600,2.4584214000,2.4670474400,15520600
2021-04-08 15:00:00,2.4670474400,2.4756734800,2.4497953600,2.4670474400,12236000
2021-04-09 09:45:00,2.4152912000,2.5015516000,2.4152912000,2.4411693200,27436626
2021-04-09 10:00:00,2.4497953600,2.5274297200,2.4325432800,2.5188036800,22360200
2021-04-09 10:15:00,2.5274297200,2.6223161600,2.5015516000,2.5964380400,55634968
2021-04-09 10:30:00,2.5964380400,2.6136901200,2.5533078400,2.5705599200,21285316
2021-04-09 10:45:00,2.5619338800,2.5705599200,2.5446818000,2.5619338800,8288900
2021-04-09 11:00:00,2.5705599200,2.5705599200,2.5533078400,2.5533078400,4189501
2021-04-09 11:15:00,2.5533078400,2.5619338800,2.5360557600,2.5446818000,5502100
2021-04-09 11:30:00,2.5533078400,2.5533078400,2.5360557600,2.5360557600,3327600
2021-04-09 13:15:00,2.5446818000,2.5533078400,2.5360557600,2.5360557600,3312200
2021-04-09 13:30:00,2.5360557600,2.5446818000,2.5274297200,2.5360557600,2408700
2021-04-09 13:45:00,2.5274297200,2.5360557600,2.5101776400,2.5188036800,4381600
2021-04-09 14:00:00,2.5188036800,2.5188036800,2.5015516000,2.5015516000,3761202
2021-04-09 14:15:00,2.5101776400,2.5274297200,2.5015516000,2.5274297200,4164733
2021-04-09 14:30:00,2.5188036800,2.5360557600,2.5188036800,2.5360557600,2173100
2021-04-09 14:45:00,2.5360557600,2.5360557600,2.5101776400,2.5188036800,3906600
2021-04-09 15:00:00,2.5188036800,2.5360557600,2.5188036800,2.5360557600,9269440
2021-04-12 09:45:00,2.5015516000,2.5101776400,2.4670474400,2.4842995200,21841456
2021-04-12 10:00:00,2.4842995200,2.4929255600,2.4411693200,2.4411693200,22173700
2021-04-12 10:15:00,2.4411693200,2.4670474400,2.4411693200,2.4411693200,10781200
2021-04-12 10:30:00,2.4411693200,2.4584214000,2.4411693200,2.4411693200,8380457
2021-04-12 10:45:00,2.4497953600,2.4584214000,2.4325432800,2.4497953600,5287900
2021-04-12 11:00:00,2.4497953600,2.4584214000,2.4411693200,2.4497953600,3528300
2021-04-12 11:15:00,2.4497953600,2.4584214000,2.4411693200,2.4497953600,2116400
2021-04-12 11:30:00,2.4497953600,2.4756734800,2.4497953600,2.4670474400,3077968
2021-04-12 13:15:00,2.4670474400,2.4842995200,2.4584214000,2.4584214000,2704500
2021-04-12 13:30:00,2.4584214000,2.4842995200,2.4584214000,2.4584214000,2774200
2021-04-12 13:45:00,2.4584214000,2.4670474400,2.4497953600,2.4497953600,3246700
2021-04-12 14:00:00,2.4497953600,2.4584214000,2.4497953600,2.4584214000,2269400
2021-04-12 14:15:00,2.4497953600,2.4584214000,2.4411693200,2.4497953600,4082700
2021-04-12 14:30:00,2.4497953600,2.4584214000,2.4411693200,2.4584214000,2585500
2021-04-12 14:45:00,2.4497953600,2.4584214000,2.4411693200,2.4497953600,3624300
2021-04-12 15:00:00,2.4497953600,2.4670474400,2.4411693200,2.4584214000,7349137
2021-04-13 09:45:00,2.4411693200,2.4584214000,2.3980391200,2.3980391200,14992700
2021-04-13 10:00:00,2.3980391200,2.4152912000,2.3980391200,2.4066651600,8019600
2021-04-13 10:15:00,2.4066651600,2.4325432800,2.4066651600,2.4066651600,4380801
2021-04-13 10:30:00,2.4066651600,2.4411693200,2.4066651600,2.4411693200,3495500
2021-04-13 10:45:00,2.4325432800,2.4842995200,2.4325432800,2.4670474400,12092702
2021-04-13 11:00:00,2.4670474400,2.5533078400,2.4497953600,2.5101776400,23305827
2021-04-13 11:15:00,2.5188036800,2.5188036800,2.4929255600,2.5015516000,6745400
2021-04-13 11:30:00,2.5015516000,2.5015516000,2.4842995200,2.4842995200,2096700
2021-04-13 13:15:00,2.4929255600,2.4929255600,2.4756734800,2.4842995200,2681800
2021-04-13 13:30:00,2.4756734800,2.4842995200,2.4670474400,2.4756734800,2536900
2021-04-13 13:45:00,2.4756734800,2.4842995200,2.4670474400,2.4842995200,1894170
2021-04-13 14:00:00,2.4842995200,2.4842995200,2.4670474400,2.4842995200,1986030
2021-04-13 14:15:00,2.4842995200,2.4842995200,2.4584214000,2.4584214000,3045900
2021-04-13 14:30:00,2.4584214000,2.4670474400,2.4411693200,2.4584214000,4822300
2021-04-13 14:45:00,2.4584214000,2.4670474400,2.4411693200,2.4584214000,6191269
2021-04-13 15:00:00,2.4670474400,2.4670474400,2.4411693200,2.4497953600,8553830
2021-04-14 09:45:00,2.4239172400,2.4842995200,2.4239172400,2.4842995200,12421304
2021-04-14 10:00:00,2.4756734800,2.4929255600,2.4670474400,2.4756734800,7694802
2021-04-14 10:15:00,2.4670474400,2.4756734800,2.4497953600,2.4584214000,3687868
2021-04-14 10:30:00,2.4584214000,2.4756734800,2.4497953600,2.4584214000,3870368
2021-04-14 10:45:00,2.4584214000,2.4670474400,2.4584214000,2.4670474400,1397097
2021-04-14 11:00:00,2.4670474400,2.5101776400,2.4497953600,2.4842995200,10046874
2021-04-14 11:15:00,2.4929255600,2.5188036800,2.4670474400,2.5101776400,8959658
2021-04-14 11:30:00,2.5101776400,2.5446818000,2.5101776400,2.5188036800,15811300
2021-04-14 13:15:00,2.5188036800,2.5188036800,2.5015516000,2.5015516000,2814200
2021-04-14 13:30:00,2.5101776400,2.5101776400,2.4929255600,2.4929255600,1759700
2021-04-14 13:45:00,2.4929255600,2.5101776400,2.4929255600,2.5101776400,1793200
2021-04-14 14:00:00,2.5015516000,2.5360557600,2.5015516000,2.5101776400,7737949
2021-04-14 14:15:00,2.5101776400,2.5446818000,2.5101776400,2.5360557600,9657810
2021-04-14 14:30:00,2.5446818000,2.6136901200,2.5360557600,2.5705599200,29847656
2021-04-14 14:45:00,2.5705599200,2.5705599200,2.5446818000,2.5533078400,6466400
2021-04-14 15:00:00,2.5446818000,2.5705599200,2.5446818000,2.5705599200,14169700
2021-04-15 09:45:00,2.5360557600,2.5705599200,2.5101776400,2.5619338800,13471363
2021-04-15 10:00:00,2.5705599200,2.5705599200,2.5360557600,2.5533078400,6935716
2021-04-15 10:15:00,2.5446818000,2.5619338800,2.5446818000,2.5533078400,2811300
2021-04-15 10:30:00,2.5533078400,2.5533078400,2.5101776400,2.5101776400,9606784
2021-04-15 10:45:00,2.5188036800,2.5360557600,2.5188036800,2.5274297200,2935315
2021-04-15 11:00:00,2.5274297200,2.5274297200,2.5188036800,2.5188036800,1973800
2021-04-15 11:15:00,2.5188036800,2.5360557600,2.5188036800,2.5274297200,1212074
2021-04-15 11:30:00,2.5274297200,2.5360557600,2.5188036800,2.5274297200,1098100
2021-04-15 13:15:00,2.5274297200,2.5360557600,2.5188036800,2.5274297200,4091300
2021-04-15 13:30:00,2.5274297200,2.5360557600,2.5101776400,2.5360557600,4096100
2021-04-15 13:45:00,2.5360557600,2.5619338800,2.5274297200,2.5360557600,2680700
2021-04-15 14:00:00,2.5360557600,2.5533078400,2.5274297200,2.5360557600,2041900
2021-04-15 14:15:00,2.5360557600,2.5446818000,2.5188036800,2.5188036800,2307700
2021-04-15 14:30:00,2.5188036800,2.5446818000,2.5188036800,2.5360557600,3100431
2021-04-15 14:45:00,2.5360557600,2.5360557600,2.5274297200,2.5360557600,2469200
2021-04-15 15:00:00,2.5274297200,2.5446818000,2.5188036800,2.5274297200,6422000
2021-04-16 09:45:00,2.5360557600,2.5446818000,2.5188036800,2.5360557600,6278500
2021-04-16 10:00:00,2.5360557600,2.5446818000,2.5188036800,2.5274297200,4369325
2021-04-16 10:15:00,2.5274297200,2.5360557600,2.5188036800,2.5274297200,3510700
2021-04-16 10:30:00,2.5188036800,2.5274297200,2.5188036800,2.5188036800,2508788
2021-04-16 10:45:00,2.5188036800,2.5274297200,2.5101776400,2.5101776400,4425712
2021-04-16 11:00:00,2.5101776400,2.5360557600,2.5101776400,2.5360557600,3419789
2021-04-16 11:15:00,2.5360557600,2.5446818000,2.5274297200,2.5360557600,2555300
2021-04-16 11:30:00,2.5274297200,2.5446818000,2.5274297200,2.5446818000,1175969
2021-04-16 13:15:00,2.5446818000,2.5446818000,2.5274297200,2.5360557600,1446731
2021-04-16 13:30:00,2.5360557600,2.5360557600,2.5274297200,2.5274297200,2125800
2021-04-16 13:45:00,2.5360557600,2.5533078400,2.5274297200,2.5533078400,5092000
2021-04-16 14:00:00,2.5533078400,2.5705599200,2.5446818000,2.5619338800,8776829
2021-04-16 14:15:00,2.5619338800,2.5619338800,2.5446818000,2.5533078400,3438000
2021-04-16 14:30:00,2.5533078400,2.5533078400,2.5446818000,2.5533078400,2299700
2021-04-16 14:45:00,2.5533078400,2.5533078400,2.5446818000,2.5533078400,3652805
2021-04-16 15:00:00,2.5533078400,2.5533078400,2.5446818000,2.5446818000,5656244
2021-04-19 09:45:00,2.5360557600,2.5446818000,2.5188036800,2.5360557600,7890100
2021-04-19 10:00:00,2.5360557600,2.5446818000,2.5188036800,2.5274297200,6815700
2021-04-19 10:15:00,2.5360557600,2.5360557600,2.5188036800,2.5360557600,5067800
2021-04-19 10:30:00,2.5274297200,2.5360557600,2.5188036800,2.5274297200,3732600
2021-04-19 10:45:00,2.5360557600,2.5533078400,2.5274297200,2.5533078400,4011987
2021-04-19 11:00:00,2.5446818000,2.5533078400,2.5360557600,2.5446818000,2456600
2021-04-19 11:15:00,2.5360557600,2.5446818000,2.5360557600,2.5446818000,2175476
2021-04-19 11:30:00,2.5446818000,2.5446818000,2.5360557600,2.5446818000,2128023
2021-04-19 13:15:00,2.5360557600,2.5446818000,2.5274297200,2.5274297200,2365301
2021-04-19 13:30:00,2.5274297200,2.5446818000,2.5274297200,2.5274297200,3409481
2021-04-19 13:45:00,2.5274297200,2.5360557600,2.5274297200,2.5274297200,924700
2021-04-19 14:00:00,2.5274297200,2.5360557600,2.5274297200,2.5274297200,1408300
2021-04-19 14:15:00,2.5360557600,2.5360557600,2.5274297200,2.5274297200,1875300
2021-04-19 14:30:00,2.5360557600,2.5360557600,2.5274297200,2.5360557600,1868600
2021-04-19 14:45:00,2.5360557600,2.5446818000,2.5274297200,2.5274297200,3916800
2021-04-19 15:00:00,2.5360557600,2.5446818000,2.5274297200,2.5360557600,4849483
2021-04-20 09:45:00,2.5188036800,2.5619338800,2.4929255600,2.5360557600,11606300
2021-04-20 10:00:00,2.5446818000,2.5446818000,2.5188036800,2.5188036800,3682300
2021-04-20 10:15:00,2.5188036800,2.5274297200,2.5101776400,2.5188036800,2293200
2021-04-20 10:30:00,2.5188036800,2.5274297200,2.5101776400,2.5274297200,1730100
2021-04-20 10:45:00,2.5274297200,2.5274297200,2.5188036800,2.5188036800,1623800
2021-04-20 11:00:00,2.5188036800,2.5274297200,2.5101776400,2.5188036800,2075500
2021-04-20 11:15:00,2.5188036800,2.5274297200,2.5188036800,2.5188036800,1446400
2021-04-20 11:30:00,2.5188036800,2.5274297200,2.5101776400,2.5188036800,2053100
2021-04-20 13:15:00,2.5188036800,2.5188036800,2.5101776400,2.5101776400,1700600
2021-04-20 13:30:00,2.5188036800,2.5188036800,2.5015516000,2.5015516000,3254700
2021-04-20 13:45:00,2.5101776400,2.5101776400,2.4842995200,2.5015516000,8088200
2021-04-20 14:00:00,2.5015516000,2.5015516000,2.4842995200,2.4929255600,5401691
2021-04-20 14:15:00,2.4929255600,2.5015516000,2.4842995200,2.4842995200,3835500
2021-04-20 14:30:00,2.4842995200,2.4929255600,2.4842995200,2.4929255600,2711800
2021-04-20 14:45:00,2.4929255600,2.4929255600,2.4842995200,2.4842995200,3366353
2021-04-20 15:00:00,2.4842995200,2.4929255600,2.4756734800,2.4756734800,6475743
2021-04-21 09:45:00,2.4584214000,2.4670474400,2.4411693200,2.4411693200,7314000
2021-04-21 10:00:00,2.4497953600,2.4584214000,2.4325432800,2.4411693200,5178301
2021-04-21 10:15:00,2.4411693200,2.4584214000,2.4411693200,2.4497953600,2246300
2021-04-21 10:30:00,2.4497953600,2.4584214000,2.4411693200,2.4584214000,1649600
2021-04-21 10:45:00,2.4497953600,2.4584214000,2.4497953600,2.4497953600,1184000
2021-04-21 11:00:00,2.4497953600,2.4670474400,2.4497953600,2.4670474400,1824677
2021-04-21 11:15:00,2.4584214000,2.4670474400,2.4584214000,2.4584214000,563600
2021-04-21 11:30:00,2.4584214000,2.4670474400,2.4584214000,2.4584214000,801500
2021-04-21 13:15:00,2.4584214000,2.4670474400,2.4584214000,2.4670474400,1385000
2021-04-21 13:30:00,2.4584214000,2.4929255600,2.4584214000,2.4842995200,4086487
2021-04-21 13:45:00,2.4842995200,2.4929255600,2.4756734800,2.4842995200,2332900
2021-04-21 14:00:00,2.4756734800,2.4929255600,2.4756734800,2.4842995200,1539700
2021-04-21 14:15:00,2.4842995200,2.4929255600,2.4842995200,2.4929255600,806300
2021-04-21 14:30:00,2.4842995200,2.4929255600,2.4756734800,2.4842995200,1706600
2021-04-21 14:45:00,2.4756734800,2.4842995200,2.4756734800,2.4756734800,1472600
2021-04-21 15:00:00,2.4756734800,2.4842995200,2.4670474400,2.4756734800,3668920
2021-04-22 09:45:00,2.5015516000,2.5446818000,2.4929255600,2.5446818000,13904583
2021-04-22 10:00:00,2.5360557600,2.5446818000,2.5015516000,2.5101776400,4789600
2021-04-22 10:15:00,2.5015516000,2.5360557600,2.5015516000,2.5274297200,4780000
2021-04-22 10:30:00,2.5274297200,2.5360557600,2.5101776400,2.5274297200,2926500
2021-04-22 10:45:00,2.5274297200,2.5274297200,2.5188036800,2.5274297200,2134300
2021-04-22 11:00:00,2.5274297200,2.5274297200,2.5101776400,2.5188036800,1375700
2021-04-22 11:15:00,2.5188036800,2.5274297200,2.5101776400,2.5101776400,1400700
2021-04-22 11:30:00,2.5188036800,2.5360557600,2.5101776400,2.5188036800,5769500
2021-04-22 13:15:00,2.5188036800,2.5360557600,2.5101776400,2.5188036800,2689700
2021-04-22 13:30:00,2.5188036800,2.5188036800,2.5101776400,2.5101776400,1975100
2021-04-22 13:45:00,2.5101776400,2.5188036800,2.4929255600,2.4929255600,2765700
2021-04-22 14:00:00,2.4929255600,2.5015516000,2.4929255600,2.5015516000,1173700
2021-04-22 14:15:00,2.5015516000,2.5015516000,2.4670474400,2.4670474400,6101900
2021-04-22 14:30:00,2.4756734800,2.4929255600,2.4670474400,2.4929255600,2125500
2021-04-22 14:45:00,2.4929255600,2.4929255600,2.4756734800,2.4842995200,1270614
2021-04-22 15:00:00,2.4842995200,2.4929255600,2.4842995200,2.4842995200,2139890
2021-04-23 09:45:00,2.4670474400,2.4842995200,2.4497953600,2.4842995200,7447500
2021-04-23 10:00:00,2.4842995200,2.4929255600,2.4670474400,2.4670474400,3605001
2021-04-23 10:15:00,2.4670474400,2.4842995200,2.4670474400,2.4670474400,2163000
2021-04-23 10:30:00,2.4670474400,2.4756734800,2.4584214000,2.4584214000,4316166
2021-04-23 10:45:00,2.4670474400,2.4670474400,2.4411693200,2.4497953600,5477233
2021-04-23 11:00:00,2.4497953600,2.4497953600,2.4325432800,2.4411693200,6890570
2021-04-23 11:15:00,2.4325432800,2.4411693200,2.4325432800,2.4411693200,1775000
2021-04-23 11:30:00,2.4411693200,2.4497953600,2.4325432800,2.4411693200,2543942
2021-04-23 13:15:00,2.4411693200,2.4411693200,2.4239172400,2.4239172400,2550500
2021-04-23 13:30:00,2.4325432800,2.4325432800,2.4152912000,2.4325432800,3879100
2021-04-23 13:45:00,2.4239172400,2.4411693200,2.4239172400,2.4411693200,1964200
2021-04-23 14:00:00,2.4325432800,2.4411693200,2.4325432800,2.4411693200,1049800
2021-04-23 14:15:00,2.4325432800,2.4411693200,2.4325432800,2.4411693200,1409458
2021-04-23 14:30:00,2.4325432800,2.4497953600,2.4325432800,2.4411693200,1608000
2021-04-23 14:45:00,2.4411693200,2.4497953600,2.4411693200,2.4411693200,1945100
2021-04-23 15:00:00,2.4411693200,2.4497953600,2.4411693200,2.4411693200,2315500
2021-04-26 09:45:00,2.4411693200,2.4756734800,2.4411693200,2.4756734800,6632464
2021-04-26 10:00:00,2.4756734800,2.4842995200,2.4584214000,2.4756734800,5300600
2021-04-26 10:15:00,2.4756734800,2.4842995200,2.4584214000,2.4756734800,3119058
2021-04-26 10:30:00,2.4842995200,2.4842995200,2.4584214000,2.4584214000,3101817
2021-04-26 10:45:00,2.4584214000,2.4756734800,2.4584214000,2.4584214000,1415700
2021-04-26 11:00:00,2.4584214000,2.4756734800,2.4584214000,2.4670474400,1519400
2021-04-26 11:15:00,2.4670474400,2.4842995200,2.4670474400,2.4756734800,2758600
2021-04-26 11:30:00,2.4756734800,2.4756734800,2.4584214000,2.4670474400,2427100
2021-04-26 13:15:00,2.4756734800,2.4756734800,2.4584214000,2.4584214000,668600
2021-04-26 13:30:00,2.4670474400,2.4670474400,2.4584214000,2.4584214000,1077900
2021-04-26 13:45:00,2.4584214000,2.4670474400,2.4497953600,2.4497953600,1812800
2021-04-26 14:00:00,2.4497953600,2.4584214000,2.4411693200,2.4411693200,3008400
2021-04-26 14:15:00,2.4411693200,2.4670474400,2.4411693200,2.4497953600,2695670
2021-04-26 14:30:00,2.4584214000,2.4584214000,2.4497953600,2.4497953600,1625413
2021-04-26 14:45:00,2.4497953600,2.4670474400,2.4497953600,2.4584214000,2643858
2021-04-26 15:00:00,2.4584214000,2.4584214000,2.4411693200,2.4497953600,5352429
2021-04-27 09:45:00,2.4411693200,2.4670474400,2.4325432800,2.4411693200,5212000
2021-04-27 10:00:00,2.4411693200,2.4584214000,2.4411693200,2.4497953600,3179783
2021-04-27 10:15:00,2.4497953600,2.4842995200,2.4411693200,2.4756734800,7539600
2021-04-27 10:30:00,2.4756734800,2.4842995200,2.4670474400,2.4756734800,4012200
2021-04-27 10:45:00,2.4756734800,2.4756734800,2.4584214000,2.4670474400,3618400
2021-04-27 11:00:00,2.4670474400,2.4670474400,2.4584214000,2.4584214000,1480200
2021-04-27 11:15:00,2.4670474400,2.4756734800,2.4497953600,2.4756734800,4973500
2021-04-27 11:30:00,2.4756734800,2.4842995200,2.4584214000,2.4756734800,3788500
2021-04-27 13:15:00,2.4756734800,2.4756734800,2.4584214000,2.4584214000,2185600
2021-04-27 13:30:00,2.4584214000,2.4842995200,2.4497953600,2.4842995200,5809200
2021-04-27 13:45:00,2.4756734800,2.5446818000,2.4670474400,2.5360557600,23372789
2021-04-27 14:00:00,2.5360557600,2.5360557600,2.5101776400,2.5101776400,6405600
2021-04-27 14:15:00,2.5101776400,2.5274297200,2.5015516000,2.5188036800,4731174
2021-04-27 14:30:00,2.5274297200,2.5274297200,2.5101776400,2.5274297200,4570400
2021-04-27 14:45:00,2.5274297200,2.5446818000,2.5188036800,2.5360557600,13016564
2021-04-27 15:00:00,2.5274297200,2.5446818000,2.5274297200,2.5274297200,10907272
2021-04-28 09:45:00,2.5188036800,2.5360557600,2.5015516000,2.5101776400,11555670
2021-04-28 10:00:00,2.5101776400,2.5188036800,2.4842995200,2.4929255600,6042400
2021-04-28 10:15:00,2.4929255600,2.5015516000,2.4670474400,2.4756734800,8260600
2021-04-28 10:30:00,2.4756734800,2.5015516000,2.4670474400,2.4929255600,3736839
2021-04-28 10:45:00,2.4929255600,2.5101776400,2.4842995200,2.5015516000,3799900
2021-04-28 11:00:00,2.5101776400,2.5101776400,2.4842995200,2.4929255600,1936900
2021-04-28 11:15:00,2.4929255600,2.4929255600,2.4756734800,2.4756734800,1538300
2021-04-28 11:30:00,2.4756734800,2.4929255600,2.4756734800,2.4929255600,1324600
2021-04-28 13:15:00,2.5015516000,2.5015516000,2.4842995200,2.4842995200,1208400
2021-04-28 13:30:00,2.4842995200,2.4929255600,2.4756734800,2.4842995200,1133300
2021-04-28 13:45:00,2.4842995200,2.4842995200,2.4756734800,2.4756734800,1271800
2021-04-28 14:00:00,2.4756734800,2.4842995200,2.4756734800,2.4842995200,1466200
2021-04-28 14:15:00,2.4842995200,2.5015516000,2.4756734800,2.4929255600,2659400
2021-04-28 14:30:00,2.4929255600,2.5015516000,2.4842995200,2.4842995200,3319200
2021-04-28 14:45:00,2.4842995200,2.5188036800,2.4842995200,2.5101776400,5388567
2021-04-28 15:00:00,2.5101776400,2.5188036800,2.5015516000,2.5101776400,3481400
2021-04-29 09:45:00,2.5101776400,2.5360557600,2.4756734800,2.5101776400,6509500
2021-04-29 10:00:00,2.5101776400,2.5188036800,2.4842995200,2.4842995200,4548410
2021-04-29 10:15:00,2.4842995200,2.5015516000,2.4842995200,2.4929255600,2148500
2021-04-29 10:30:00,2.4929255600,2.5101776400,2.4842995200,2.5101776400,1688508
2021-04-29 10:45:00,2.5015516000,2.5101776400,2.4929255600,2.5015516000,1412030
2021-04-29 11:00:00,2.5015516000,2.5101776400,2.5015516000,2.5101776400,1342200
2021-04-29 11:15:00,2.5101776400,2.5188036800,2.5015516000,2.5188036800,1380300
2021-04-29 11:30:00,2.5188036800,2.5446818000,2.5101776400,2.5360557600,7566900
2021-04-29 13:15:00,2.5360557600,2.5964380400,2.5360557600,2.5878120000,27588881
2021-04-29 13:30:00,2.5878120000,2.5964380400,2.5619338800,2.5619338800,9219500
2021-04-29 13:45:00,2.5705599200,2.5791859600,2.5533078400,2.5619338800,4607400
2021-04-29 14:00:00,2.5533078400,2.5705599200,2.5533078400,2.5619338800,3838800
2021-04-29 14:15:00,2.5619338800,2.5705599200,2.5619338800,2.5619338800,2963133
2021-04-29 14:30:00,2.5619338800,2.5619338800,2.5533078400,2.5619338800,3339300
2021-04-29 14:45:00,2.5533078400,2.5705599200,2.5533078400,2.5619338800,5439300
2021-04-29 15:00:00,2.5619338800,2.5705599200,2.5533078400,2.5705599200,8858800
2021-04-30 09:45:00,2.5274297200,2.5360557600,2.4670474400,2.4756734800,29172492
2021-04-30 10:00:00,2.4842995200,2.5101776400,2.4670474400,2.5015516000,11278857
2021-04-30 10:15:00,2.5015516000,2.5015516000,2.4670474400,2.4842995200,10845747
2021-04-30 10:30:00,2.4842995200,2.4929255600,2.4756734800,2.4842995200,3198900
2021-04-30 10:45:00,2.4842995200,2.5015516000,2.4756734800,2.5015516000,2862000
2021-04-30 11:00:00,2.4929255600,2.5101776400,2.4929255600,2.5015516000,3782400
2021-04-30 11:15:00,2.5015516000,2.5188036800,2.4929255600,2.4929255600,4158700
2021-04-30 11:30:00,2.4929255600,2.5015516000,2.4842995200,2.4842995200,3744090
2021-04-30 13:15:00,2.4842995200,2.4929255600,2.4670474400,2.4670474400,8078600
2021-04-30 13:30:00,2.4756734800,2.4756734800,2.4584214000,2.4756734800,4408509
2021-04-30 13:45:00,2.4756734800,2.4756734800,2.4584214000,2.4670474400,4439585
2021-04-30 14:00:00,2.4670474400,2.4842995200,2.4670474400,2.4842995200,2485800
2021-04-30 14:15:00,2.4756734800,2.4842995200,2.4756734800,2.4756734800,1543300
2021-04-30 14:30:00,2.4756734800,2.4842995200,2.4670474400,2.4670474400,2908100
2021-04-30 14:45:00,2.4670474400,2.4756734800,2.4670474400,2.4756734800,4936460
2021-04-30 15:00:00,2.4756734800,2.4756734800,2.4584214000,2.4584214000,10129703
2021-05-06 09:45:00,2.5705599200,2.6309422000,2.5274297200,2.5619338800,49102104
2021-05-06 10:00:00,2.5619338800,2.6136901200,2.5533078400,2.5791859600,14837300
2021-05-06 10:15:00,2.5878120000,2.6223161600,2.5791859600,2.5878120000,21802300
2021-05-06 10:30:00,2.5878120000,2.5878120000,2.5705599200,2.5791859600,6915191
2021-05-06 10:45:00,2.5791859600,2.5878120000,2.5446818000,2.5533078400,7383604
2021-05-06 11:00:00,2.5533078400,2.5533078400,2.5360557600,2.5533078400,6728858
2021-05-06 11:15:00,2.5533078400,2.5533078400,2.5360557600,2.5446818000,5057800
2021-05-06 11:30:00,2.5446818000,2.5619338800,2.5360557600,2.5619338800,2830800
2021-05-06 13:15:00,2.5619338800,2.5705599200,2.5533078400,2.5533078400,3421600
2021-05-06 13:30:00,2.5619338800,2.5619338800,2.5446818000,2.5533078400,2435271
2021-05-06 13:45:00,2.5533078400,2.5533078400,2.5446818000,2.5446818000,1953700
2021-05-06 14:00:00,2.5446818000,2.5619338800,2.5446818000,2.5533078400,3361000
2021-05-06 14:15:00,2.5533078400,2.5619338800,2.5533078400,2.5619338800,2436700
2021-05-06 14:30:00,2.5619338800,2.5619338800,2.5446818000,2.5533078400,2712000
2021-05-06 14:45:00,2.5446818000,2.5533078400,2.5360557600,2.5446818000,3991705
2021-05-06 15:00:00,2.5533078400,2.5533078400,2.5360557600,2.5360557600,6363958
2021-05-07 09:45:00,2.5619338800,2.7862109200,2.5446818000,2.7603328000,89189316
2021-05-07 10:00:00,2.7689588400,2.7862109200,2.7172026000,2.7862109200,62168853
2021-05-07 10:15:00,2.7862109200,2.7862109200,2.7862109200,2.7862109200,11128500
2021-05-07 10:30:00,2.7862109200,2.7862109200,2.7862109200,2.7862109200,6200400
2021-05-07 10:45:00,2.7862109200,2.7862109200,2.7862109200,2.7862109200,3127750
2021-05-07 11:00:00,2.7862109200,2.7862109200,2.7862109200,2.7862109200,1746500
2021-05-07 11:15:00,2.7862109200,2.7862109200,2.7862109200,2.7862109200,1547700
2021-05-07 11:30:00,2.7862109200,2.7862109200,2.7862109200,2.7862109200,1874800
2021-05-07 13:15:00,2.7862109200,2.7862109200,2.7862109200,2.7862109200,3550801
2021-05-07 13:30:00,2.7862109200,2.7862109200,2.7862109200,2.7862109200,1407400
2021-05-07 13:45:00,2.7862109200,2.7862109200,2.7862109200,2.7862109200,1796101
2021-05-07 14:00:00,2.7862109200,2.7862109200,2.7862109200,2.7862109200,6613568
2021-05-07 14:15:00,2.7862109200,2.7862109200,2.7430807200,2.7603328000,59454500
2021-05-07 14:30:00,2.7603328000,2.7862109200,2.7344546800,2.7603328000,27224723
2021-05-07 14:45:00,2.7603328000,2.7689588400,2.7430807200,2.7517067600,13447392
2021-05-07 15:00:00,2.7430807200,2.7517067600,2.7258286400,2.7344546800,18262896
2021-05-10 09:45:00,2.7172026000,2.8034630000,2.6999505200,2.7344546800,76013102
2021-05-10 10:00:00,2.7344546800,2.8293411200,2.7344546800,2.7862109200,44388355
2021-05-10 10:15:00,2.7862109200,2.8638452800,2.7862109200,2.8120890400,28605921
2021-05-10 10:30:00,2.8207150800,2.8724713200,2.8120890400,2.8465932000,15200400
2021-05-10 10:45:00,2.8552192400,2.8810973600,2.8379671600,2.8379671600,12656212
2021-05-10 11:00:00,2.8293411200,2.8293411200,2.7948369600,2.8034630000,9114800
2021-05-10 11:15:00,2.7948369600,2.8379671600,2.7948369600,2.8207150800,8380744
2021-05-10 11:30:00,2.8120890400,2.8293411200,2.7775848800,2.7948369600,11079699
2021-05-10 13:15:00,2.8034630000,2.8207150800,2.7948369600,2.8034630000,8848667
2021-05-10 13:30:00,2.8034630000,2.8465932000,2.7948369600,2.8379671600,9207225
2021-05-10 13:45:00,2.8293411200,2.8379671600,2.8207150800,2.8379671600,3924500
2021-05-10 14:00:00,2.8379671600,2.8465932000,2.8120890400,2.8207150800,5920800
2021-05-10 14:15:00,2.8207150800,2.8293411200,2.8120890400,2.8120890400,3819600
2021-05-10 14:30:00,2.8120890400,2.8293411200,2.8034630000,2.8120890400,5223100
2021-05-10 14:45:00,2.8207150800,2.8379671600,2.8120890400,2.8379671600,7355700
2021-05-10 15:00:00,2.8293411200,2.8379671600,2.8207150800,2.8293411200,9021800
2021-05-11 09:45:00,2.7862109200,2.8465932000,2.7689588400,2.7775848800,30878384
2021-05-11 10:00:00,2.7775848800,2.8034630000,2.7689588400,2.7689588400,15552981
2021-05-11 10:15:00,2.7689588400,2.8120890400,2.7517067600,2.7517067600,15452301
2021-05-11 10:30:00,2.7517067600,2.7689588400,2.7258286400,2.7689588400,13716222
2021-05-11 10:45:00,2.7689588400,2.7948369600,2.7689588400,2.7862109200,6338600
2021-05-11 11:00:00,2.7862109200,2.8034630000,2.7775848800,2.7948369600,4427632
2021-05-11 11:15:00,2.7948369600,2.8293411200,2.7862109200,2.8120890400,7057900
2021-05-11 11:30:00,2.8120890400,2.8207150800,2.7948369600,2.8120890400,3582000
2021-05-11 13:15:00,2.7948369600,2.8207150800,2.7862109200,2.8207150800,4924601
2021-05-11 13:30:00,2.8207150800,2.8379671600,2.7948369600,2.8034630000,6127300
2021-05-11 13:45:00,2.8034630000,2.8207150800,2.7948369600,2.8120890400,3940600
2021-05-11 14:00:00,2.8120890400,2.8207150800,2.7862109200,2.7948369600,4925485
2021-05-11 14:15:00,2.7948369600,2.8120890400,2.7862109200,2.8120890400,6827445
2021-05-11 14:30:00,2.8034630000,2.8120890400,2.7862109200,2.7948369600,5389500
2021-05-11 14:45:00,2.7948369600,2.8034630000,2.7775848800,2.7862109200,8039918
2021-05-11 15:00:00,2.7862109200,2.8034630000,2.7862109200,2.7862109200,10535000
2021-05-12 09:45:00,2.7862109200,2.8638452800,2.7517067600,2.8379671600,28941903
2021-05-12 10:00:00,2.8379671600,2.8552192400,2.7948369600,2.8034630000,12134700
2021-05-12 10:15:00,2.7948369600,2.8120890400,2.7862109200,2.7948369600,4743800
2021-05-12 10:30:00,2.7948369600,2.8034630000,2.7775848800,2.7862109200,5468000
2021-05-12 10:45:00,2.7862109200,2.8034630000,2.7862109200,2.7948369600,4482969
2021-05-12 11:00:00,2.7948369600,2.7948369600,2.7775848800,2.7862109200,4405531
2021-05-12 11:15:00,2.7862109200,2.7862109200,2.7603328000,2.7689588400,4138200
2021-05-12 11:30:00,2.7689588400,2.7862109200,2.7603328000,2.7862109200,2031700
2021-05-12 13:15:00,2.7862109200,2.7862109200,2.7603328000,2.7689588400,4262800
2021-05-12 13:30:00,2.7689588400,2.7775848800,2.7517067600,2.7689588400,7678400
2021-05-12 13:45:00,2.7775848800,2.7948369600,2.7689588400,2.7862109200,3355800
2021-05-12 14:00:00,2.7862109200,2.8120890400,2.7775848800,2.8034630000,6112782
2021-05-12 14:15:00,2.8120890400,2.8120890400,2.7775848800,2.7862109200,4890100
2021-05-12 14:30:00,2.7862109200,2.8034630000,2.7862109200,2.8034630000,2273200
2021-05-12 14:45:00,2.8034630000,2.8034630000,2.7862109200,2.7948369600,6413800
2021-05-12 15:00:00,2.8034630000,2.8120890400,2.7948369600,2.8120890400,9219146
2021-05-13 09:45:00,2.7517067600,2.7517067600,2.7085765600,2.7430807200,23547620
2021-05-13 10:00:00,2.7517067600,2.7603328000,2.7258286400,2.7603328000,8553147
2021-05-13 10:15:00,2.7603328000,2.7775848800,2.7430807200,2.7603328000,4962433
2021-05-13 10:30:00,2.7603328000,2.7775848800,2.7344546800,2.7344546800,3731600
2021-05-13 10:45:00,2.7344546800,2.7689588400,2.7344546800,2.7689588400,4186700
2021-05-13 11:00:00,2.7603328000,2.7689588400,2.7430807200,2.7603328000,6478600
2021-05-13 11:15:00,2.7517067600,2.7689588400,2.7517067600,2.7517067600,3547100
2021-05-13 11:30:00,2.7517067600,2.7603328000,2.7344546800,2.7430807200,3670900
2021-05-13 13:15:00,2.7344546800,2.7430807200,2.6913244800,2.7258286400,12967025
2021-05-13 13:30:00,2.7258286400,2.7344546800,2.6826984400,2.6999505200,8620400
2021-05-13 13:45:00,2.6913244800,2.7430807200,2.6913244800,2.7430807200,6883900
2021-05-13 14:00:00,2.7430807200,2.7430807200,2.7172026000,2.7344546800,3214300
2021-05-13 14:15:00,2.7344546800,2.7517067600,2.7258286400,2.7258286400,3646300
2021-05-13 14:30:00,2.7258286400,2.7344546800,2.7172026000,2.7258286400,2072500
2021-05-13 14:45:00,2.7172026000,2.7258286400,2.6913244800,2.7172026000,7347854
2021-05-13 15:00:00,2.7172026000,2.7258286400,2.7085765600,2.7258286400,6974991
2021-05-14 09:45:00,2.7344546800,2.7689588400,2.7085765600,2.7085765600,10312333
2021-05-14 10:00:00,2.7085765600,2.7172026000,2.6913244800,2.7085765600,8245735
2021-05-14 10:15:00,2.7085765600,2.7085765600,2.6913244800,2.7085765600,3372200
2021-05-14 10:30:00,2.6999505200,2.6999505200,2.6654463600,2.6826984400,12889360
2021-05-14 10:45:00,2.6913244800,2.6999505200,2.6826984400,2.6913244800,2196200
2021-05-14 11:00:00,2.6999505200,2.7085765600,2.6913244800,2.6999505200,5277801
2021-05-14 11:15:00,2.6999505200,2.7085765600,2.6913244800,2.6999505200,3323100
2021-05-14 11:30:00,2.6999505200,2.7085765600,2.6826984400,2.6913244800,2725500
2021-05-14 13:15:00,2.6826984400,2.6913244800,2.6481942800,2.6481942800,20447300
2021-05-14 13:30:00,2.6481942800,2.6654463600,2.6481942800,2.6568203200,5513400
2021-05-14 13:45:00,2.6568203200,2.6654463600,2.6309422000,2.6395682400,8876200
2021-05-14 14:00:00,2.6395682400,2.6654463600,2.6309422000,2.6568203200,6166754
2021-05-14 14:15:00,2.6568203200,2.6654463600,2.6481942800,2.6481942800,4483000
2021-05-14 14:30:00,2.6481942800,2.6481942800,2.6309422000,2.6481942800,4747183
2021-05-14 14:45:00,2.6481942800,2.6568203200,2.6395682400,2.6568203200,4655692
2021-05-14 15:00:00,2.6481942800,2.6654463600,2.6481942800,2.6568203200,7298800
2021-05-17 09:45:00,2.6826984400,2.7258286400,2.6654463600,2.6826984400,22654900
2021-05-17 10:00:00,2.6913244800,2.6999505200,2.6654463600,2.6913244800,7705100
2021-05-17 10:15:00,2.6913244800,2.7172026000,2.6913244800,2.7172026000,7903900
2021-05-17 10:30:00,2.7172026000,2.7689588400,2.7085765600,2.7430807200,20506441
2021-05-17 10:45:00,2.7430807200,2.7517067600,2.7258286400,2.7430807200,5007300
2021-05-17 11:00:00,2.7430807200,2.7862109200,2.7344546800,2.7775848800,12371500
2021-05-17 11:15:00,2.7775848800,2.7775848800,2.7517067600,2.7603328000,6053400
2021-05-17 11:30:00,2.7603328000,2.7775848800,2.7517067600,2.7689588400,5218160
2021-05-17 13:15:00,2.7689588400,2.7775848800,2.7517067600,2.7689588400,8023685
2021-05-17 13:30:00,2.7689588400,2.7689588400,2.7430807200,2.7603328000,5022300
2021-05-17 13:45:00,2.7517067600,2.7603328000,2.7258286400,2.7258286400,3860100
2021-05-17 14:00:00,2.7258286400,2.7430807200,2.7258286400,2.7430807200,2841900
2021-05-17 14:15:00,2.7430807200,2.7603328000,2.7344546800,2.7517067600,3847900
2021-05-17 14:30:00,2.7603328000,2.7689588400,2.7517067600,2.7689588400,5215800
2021-05-17 14:45:00,2.7689588400,2.7775848800,2.7517067600,2.7603328000,8412300
2021-05-17 15:00:00,2.7603328000,2.7775848800,2.7517067600,2.7603328000,9728731
2021-05-18 09:45:00,2.7517067600,2.7603328000,2.7085765600,2.7172026000,17952219
2021-05-18 10:00:00,2.7172026000,2.7258286400,2.6568203200,2.6826984400,28912100
2021-05-18 10:15:00,2.6913244800,2.7085765600,2.6826984400,2.6999505200,5602200
2021-05-18 10:30:00,2.6999505200,2.7085765600,2.6913244800,2.6999505200,4138200
2021-05-18 10:45:00,2.7085765600,2.7172026000,2.6913244800,2.7085765600,2988400
2021-05-18 11:00:00,2.6999505200,2.7430807200,2.6999505200,2.7172026000,6121475
2021-05-18 11:15:00,2.7258286400,2.7344546800,2.7085765600,2.7258286400,2484024
2021-05-18 11:30:00,2.7258286400,2.7344546800,2.7258286400,2.7344546800,1382700
2021-05-18 13:15:00,2.7344546800,2.7430807200,2.7085765600,2.7172026000,3163000
2021-05-18 13:30:00,2.7172026000,2.7172026000,2.6999505200,2.7085765600,4603500
2021-05-18 13:45:00,2.7085765600,2.7172026000,2.7085765600,2.7085765600,2418700
2021-05-18 14:00:00,2.7085765600,2.7172026000,2.6999505200,2.6999505200,2616299
2021-05-18 14:15:00,2.6999505200,2.7085765600,2.6913244800,2.6999505200,3575801
2021-05-18 14:30:00,2.6999505200,2.7172026000,2.6913244800,2.6999505200,2984100
2021-05-18 14:45:00,2.6999505200,2.7172026000,2.6999505200,2.7172026000,3425982
2021-05-18 15:00:00,2.7085765600,2.7172026000,2.6999505200,2.7085765600,4752898
2021-05-19 09:45:00,2.6913244800,2.6913244800,2.6568203200,2.6740724000,9100200
2021-05-19 10:00:00,2.6740724000,2.6740724000,2.6309422000,2.6481942800,17895100
2021-05-19 10:15:00,2.6481942800,2.6481942800,2.6136901200,2.6395682400,17642259
2021-05-19 10:30:00,2.6395682400,2.6568203200,2.6309422000,2.6568203200,3427000
2021-05-19 10:45:00,2.6481942800,2.6568203200,2.6395682400,2.6395682400,3522200
2021-05-19 11:00:00,2.6395682400,2.6481942800,2.6309422000,2.6395682400,3488600
2021-05-19 11:15:00,2.6309422000,2.6481942800,2.6136901200,2.6223161600,10955730
2021-05-19 11:30:00,2.6136901200,2.6309422000,2.6136901200,2.6309422000,3985300
2021-05-19 13:15:00,2.6223161600,2.6395682400,2.6223161600,2.6309422000,2908500
2021-05-19 13:30:00,2.6309422000,2.6395682400,2.6223161600,2.6309422000,1477400
2021-05-19 13:45:00,2.6309422000,2.6309422000,2.6223161600,2.6309422000,1689600
2021-05-19 14:00:00,2.6309422000,2.6395682400,2.6223161600,2.6395682400,2984907
2021-05-19 14:15:00,2.6309422000,2.6395682400,2.6223161600,2.6309422000,1884893
2021-05-19 14:30:00,2.6309422000,2.6395682400,2.6223161600,2.6309422000,2059100
2021-05-19 14:45:00,2.6223161600,2.6481942800,2.6223161600,2.6395682400,9179200
2021-05-19 15:00:00,2.6395682400,2.6481942800,2.6223161600,2.6309422000,7314473
2021-05-20 09:45:00,2.6050640800,2.6136901200,2.5446818000,2.5533078400,23551028
2021-05-20 10:00:00,2.5446818000,2.5446818000,2.5188036800,2.5360557600,16424321
2021-05-20 10:15:00,2.5360557600,2.5360557600,2.5101776400,2.5101776400,13937628
2021-05-20 10:30:00,2.5188036800,2.5360557600,2.5101776400,2.5274297200,6961700
2021-05-20 10:45:00,2.5274297200,2.5360557600,2.5188036800,2.5274297200,5198300
2021-05-20 11:00:00,2.5274297200,2.5360557600,2.5188036800,2.5188036800,2888500
2021-05-20 11:15:00,2.5274297200,2.5360557600,2.5188036800,2.5274297200,1982360
2021-05-20 11:30:00,2.5274297200,2.5360557600,2.5274297200,2.5360557600,1799900
2021-05-20 13:15:00,2.5274297200,2.5360557600,2.5274297200,2.5274297200,2110000
2021-05-20 13:30:00,2.5274297200,2.5360557600,2.5274297200,2.5274297200,1663600
2021-05-20 13:45:00,2.5274297200,2.5446818000,2.5274297200,2.5274297200,2371100
2021-05-20 14:00:00,2.5360557600,2.5446818000,2.5274297200,2.5360557600,2175900
2021-05-20 14:15:00,2.5446818000,2.5533078400,2.5360557600,2.5446818000,2788207
2021-05-20 14:30:00,2.5446818000,2.5533078400,2.5360557600,2.5360557600,2466300
2021-05-20 14:45:00,2.5446818000,2.5446818000,2.5274297200,2.5274297200,4448400
2021-05-20 15:00:00,2.5274297200,2.5446818000,2.5274297200,2.5360557600,6487500
2021-05-21 09:45:00,2.5274297200,2.5619338800,2.5188036800,2.5446818000,9272700
2021-05-21 10:00:00,2.5446818000,2.5619338800,2.5446818000,2.5446818000,5824850
2021-05-21 10:15:00,2.5446818000,2.5533078400,2.5360557600,2.5446818000,4340950
2021-05-21 10:30:00,2.5533078400,2.5705599200,2.5360557600,2.5619338800,6762076
2021-05-21 10:45:00,2.5619338800,2.6050640800,2.5619338800,2.5791859600,13862300
2021-05-21 11:00:00,2.5791859600,2.5878120000,2.5619338800,2.5705599200,3403500
2021-05-21 11:15:00,2.5705599200,2.5791859600,2.5533078400,2.5533078400,2987700
2021-05-21 11:30:00,2.5533078400,2.5705599200,2.5533078400,2.5619338800,1256601
2021-05-21 13:15:00,2.5619338800,2.5878120000,2.5619338800,2.5791859600,3053023
2021-05-21 13:30:00,2.5791859600,2.6223161600,2.5705599200,2.6050640800,11288700
2021-05-21 13:45:00,2.6050640800,2.6395682400,2.5964380400,2.6309422000,13336723
2021-05-21 14:00:00,2.6395682400,2.6826984400,2.6223161600,2.6654463600,21899500
2021-05-21 14:15:00,2.6654463600,2.7172026000,2.6568203200,2.6913244800,16132300
2021-05-21 14:30:00,2.6913244800,2.6913244800,2.6654463600,2.6740724000,5929000
2021-05-21 14:45:00,2.6740724000,2.6740724000,2.6309422000,2.6481942800,10587200
2021-05-21 15:00:00,2.6395682400,2.6568203200,2.6395682400,2.6481942800,6221420
2021-05-24 09:45:00,2.6395682400,2.6481942800,2.5619338800,2.5878120000,22213440
2021-05-24 10:00:00,2.5964380400,2.6223161600,2.5878120000,2.5878120000,7381200
2021-05-24 10:15:00,2.5878120000,2.5964380400,2.5791859600,2.5878120000,7141700
2021-05-24 10:30:00,2.5878120000,2.6050640800,2.5878120000,2.5878120000,2579500
2021-05-24 10:45:00,2.5878120000,2.5964380400,2.5705599200,2.5705599200,5295623
2021-05-24 11:00:00,2.5791859600,2.5791859600,2.5705599200,2.5791859600,2539400
2021-05-24 11:15:00,2.5705599200,2.5878120000,2.5705599200,2.5791859600,2843433
2021-05-24 11:30:00,2.5791859600,2.5878120000,2.5791859600,2.5878120000,1484500
2021-05-24 13:15:00,2.5878120000,2.5878120000,2.5705599200,2.5791859600,3633700
2021-05-24 13:30:00,2.5791859600,2.5791859600,2.5619338800,2.5705599200,4519200
2021-05-24 13:45:00,2.5705599200,2.5791859600,2.5619338800,2.5705599200,3488200
2021-05-24 14:00:00,2.5619338800,2.5705599200,2.5533078400,2.5619338800,6039400
2021-05-24 14:15:00,2.5619338800,2.5705599200,2.5533078400,2.5619338800,3368200
2021-05-24 14:30:00,2.5619338800,2.5705599200,2.5533078400,2.5619338800,3635000
2021-05-24 14:45:00,2.5619338800,2.5705599200,2.5533078400,2.5619338800,4218145
2021-05-24 15:00:00,2.5619338800,2.5705599200,2.5533078400,2.5619338800,7249935
2021-05-25 09:45:00,2.5791859600,2.5791859600,2.5274297200,2.5446818000,7824600
2021-05-25 10:00:00,2.5446818000,2.5533078400,2.5188036800,2.5274297200,8696200
2021-05-25 10:15:00,2.5274297200,2.5619338800,2.5274297200,2.5619338800,6636620
2021-05-25 10:30:00,2.5619338800,2.5705599200,2.5533078400,2.5705599200,2164200
2021-05-25 10:45:00,2.5705599200,2.5791859600,2.5619338800,2.5619338800,3111800
2021-05-25 11:00:00,2.5619338800,2.5791859600,2.5619338800,2.5705599200,2983700
2021-05-25 11:15:00,2.5705599200,2.5791859600,2.5619338800,2.5619338800,2456000
2021-05-25 11:30:00,2.5619338800,2.5705599200,2.5619338800,2.5619338800,1445900
2021-05-25 13:15:00,2.5705599200,2.5705599200,2.5533078400,2.5619338800,2237900
2021-05-25 13:30:00,2.5619338800,2.5791859600,2.5619338800,2.5705599200,1916200
2021-05-25 13:45:00,2.5705599200,2.5878120000,2.5705599200,2.5705599200,2131502
2021-05-25 14:00:00,2.5705599200,2.5791859600,2.5619338800,2.5705599200,1931961
2021-05-25 14:15:00,2.5705599200,2.5791859600,2.5705599200,2.5705599200,1424400
2021-05-25 14:30:00,2.5791859600,2.5791859600,2.5705599200,2.5791859600,1304500
2021-05-25 14:45:00,2.5705599200,2.5791859600,2.5705599200,2.5705599200,2825500
2021-05-25 15:00:00,2.5705599200,2.5878120000,2.5705599200,2.5791859600,5081000
2021-05-26 09:45:00,2.5533078400,2.5705599200,2.5446818000,2.5705599200,8331942
2021-05-26 10:00:00,2.5619338800,2.5791859600,2.5619338800,2.5619338800,4620254
2021-05-26 10:15:00,2.5705599200,2.5964380400,2.5619338800,2.5878120000,6896086
2021-05-26 10:30:00,2.5878120000,2.6050640800,2.5791859600,2.5878120000,5375800
2021-05-26 10:45:00,2.5878120000,2.5878120000,2.5705599200,2.5791859600,2589200
2021-05-26 11:00:00,2.5791859600,2.5878120000,2.5705599200,2.5791859600,1494600
2021-05-26 11:15:00,2.5791859600,2.5791859600,2.5705599200,2.5705599200,1036500
2021-05-26 11:30:00,2.5705599200,2.5791859600,2.5619338800,2.5705599200,2680300
2021-05-26 13:15:00,2.5619338800,2.5705599200,2.5533078400,2.5705599200,2901800
2021-05-26 13:30:00,2.5619338800,2.5705599200,2.5533078400,2.5619338800,2235299
2021-05-26 13:45:00,2.5533078400,2.5619338800,2.5533078400,2.5533078400,1446200
2021-05-26 14:00:00,2.5619338800,2.5791859600,2.5533078400,2.5619338800,3764382
2021-05-26 14:15:00,2.5619338800,2.5791859600,2.5619338800,2.5705599200,2475300
2021-05-26 14:30:00,2.5705599200,2.5705599200,2.5619338800,2.5619338800,2013100
2021-05-26 14:45:00,2.5619338800,2.5705599200,2.5619338800,2.5705599200,1502000
2021-05-26 15:00:00,2.5705599200,2.5791859600,2.5619338800,2.5619338800,4948301
2021-05-27 09:45:00,2.5533078400,2.6050640800,2.5446818000,2.5878120000,9544623
2021-05-27 10:00:00,2.5878120000,2.5964380400,2.5705599200,2.5878120000,5047300
2021-05-27 10:15:00,2.5878120000,2.5878120000,2.5705599200,2.5878120000,3106577
2021-05-27 10:30:00,2.5878120000,2.5878120000,2.5705599200,2.5791859600,1524900
2021-05-27 10:45:00,2.5791859600,2.5791859600,2.5705599200,2.5791859600,1580118
2021-05-27 11:00:00,2.5791859600,2.5791859600,2.5619338800,2.5705599200,2917582
2021-05-27 11:15:00,2.5705599200,2.5705599200,2.5619338800,2.5619338800,2194701
2021-05-27 11:30:00,2.5705599200,2.5705599200,2.5619338800,2.5619338800,2031101
2021-05-27 13:15:00,2.5705599200,2.5705599200,2.5619338800,2.5619338800,1287100
2021-05-27 13:30:00,2.5619338800,2.5619338800,2.5533078400,2.5619338800,2485298
2021-05-27 13:45:00,2.5533078400,2.5705599200,2.5533078400,2.5705599200,2170000
2021-05-27 14:00:00,2.5619338800,2.5705599200,2.5533078400,2.5533078400,3141200
2021-05-27 14:15:00,2.5533078400,2.5619338800,2.5533078400,2.5619338800,3114100
2021-05-27 14:30:00,2.5619338800,2.5705599200,2.5446818000,2.5533078400,5433000
2021-05-27 14:45:00,2.5619338800,2.5619338800,2.5446818000,2.5619338800,3126002
2021-05-27 15:00:00,2.5533078400,2.5619338800,2.5533078400,2.5533078400,5581520
2021-05-28 09:45:00,2.5619338800,2.5878120000,2.5533078400,2.5791859600,11333900
2021-05-28 10:00:00,2.5791859600,2.5964380400,2.5705599200,2.5705599200,9134576
2021-05-28 10:15:00,2.5791859600,2.5791859600,2.5619338800,2.5705599200,3974400
2021-05-28 10:30:00,2.5705599200,2.5791859600,2.5619338800,2.5705599200,2118900
2021-05-28 10:45:00,2.5705599200,2.5705599200,2.5533078400,2.5619338800,3640400
2021-05-28 11:00:00,2.5619338800,2.5619338800,2.5533078400,2.5619338800,1669800
2021-05-28 11:15:00,2.5619338800,2.5619338800,2.5446818000,2.5533078400,3201600
2021-05-28 11:30:00,2.5446818000,2.5619338800,2.5446818000,2.5533078400,2284600
2021-05-28 13:15:00,2.5533078400,2.5619338800,2.5533078400,2.5533078400,1676400
2021-05-28 13:30:00,2.5533078400,2.5619338800,2.5533078400,2.5533078400,1069600
2021-05-28 13:45:00,2.5533078400,2.5619338800,2.5533078400,2.5533078400,1174000
2021-05-28 14:00:00,2.5619338800,2.5619338800,2.5446818000,2.5446818000,3781500
2021-05-28 14:15:00,2.5446818000,2.5791859600,2.5446818000,2.5791859600,5452786
2021-05-28 14:30:00,2.5705599200,2.5964380400,2.5705599200,2.5878120000,12600551
2021-05-28 14:45:00,2.5878120000,2.6481942800,2.5791859600,2.6050640800,26162570
2021-05-28 15:00:00,2.6136901200,2.6223161600,2.6050640800,2.6136901200,13392847
2021-05-31 09:45:00,2.5878120000,2.5964380400,2.5446818000,2.5533078400,16490399
2021-05-31 10:00:00,2.5533078400,2.5705599200,2.5446818000,2.5446818000,8681397
2021-05-31 10:15:00,2.5533078400,2.5705599200,2.5446818000,2.5619338800,4992200
2021-05-31 10:30:00,2.5705599200,2.5705599200,2.5533078400,2.5619338800,2403900
2021-05-31 10:45:00,2.5619338800,2.5619338800,2.5533078400,2.5533078400,1261000
2021-05-31 11:00:00,2.5533078400,2.5619338800,2.5533078400,2.5533078400,1237800
2021-05-31 11:15:00,2.5533078400,2.5619338800,2.5533078400,2.5533078400,2109700
2021-05-31 11:30:00,2.5533078400,2.5619338800,2.5446818000,2.5533078400,3031600
2021-05-31 13:15:00,2.5619338800,2.5619338800,2.5446818000,2.5533078400,2280200
2021-05-31 13:30:00,2.5446818000,2.5533078400,2.5446818000,2.5446818000,3671437
2021-05-31 13:45:00,2.5446818000,2.5533078400,2.5446818000,2.5446818000,2797700
2021-05-31 14:00:00,2.5446818000,2.5533078400,2.5446818000,2.5533078400,2855300
2021-05-31 14:15:00,2.5533078400,2.5533078400,2.5446818000,2.5446818000,1531900
2021-05-31 14:30:00,2.5533078400,2.5619338800,2.5446818000,2.5533078400,2580000
2021-05-31 14:45:00,2.5533078400,2.5619338800,2.5446818000,2.5533078400,3482000
2021-05-31 15:00:00,2.5533078400,2.5619338800,2.5446818000,2.5446818000,9828800
2021-06-01 09:45:00,2.5533078400,2.5705599200,2.5274297200,2.5533078400,6258600
2021-06-01 10:00:00,2.5533078400,2.5619338800,2.5446818000,2.5533078400,3142900
2021-06-01 10:15:00,2.5446818000,2.5619338800,2.5446818000,2.5619338800,3101176
2021-06-01 10:30:00,2.5619338800,2.5619338800,2.5446818000,2.5446818000,2816600
2021-06-01 10:45:00,2.5446818000,2.5533078400,2.5446818000,2.5446818000,2244800
2021-06-01 11:00:00,2.5446818000,2.5533078400,2.5446818000,2.5446818000,1170300
2021-06-01 11:15:00,2.5446818000,2.5533078400,2.5446818000,2.5446818000,652400
2021-06-01 11:30:00,2.5533078400,2.5533078400,2.5446818000,2.5446818000,1582700
2021-06-01 13:15:00,2.5446818000,2.5533078400,2.5446818000,2.5446818000,1220100
2021-06-01 13:30:00,2.5446818000,2.5791859600,2.5446818000,2.5619338800,9007838
2021-06-01 13:45:00,2.5619338800,2.5964380400,2.5619338800,2.5878120000,10377600
2021-06-01 14:00:00,2.5964380400,2.5964380400,2.5705599200,2.5878120000,6038400
2021-06-01 14:15:00,2.5791859600,2.5878120000,2.5791859600,2.5791859600,1756300
2021-06-01 14:30:00,2.5791859600,2.5878120000,2.5705599200,2.5791859600,2505800
2021-06-01 14:45:00,2.5791859600,2.5878120000,2.5705599200,2.5791859600,3558800
2021-06-01 15:00:00,2.5791859600,2.5878120000,2.5705599200,2.5705599200,4034646
2021-06-02 09:45:00,2.5705599200,2.5878120000,2.5533078400,2.5791859600,6438800
2021-06-02 10:00:00,2.5791859600,2.5878120000,2.5619338800,2.5619338800,5736000
2021-06-02 10:15:00,2.5619338800,2.6309422000,2.5619338800,2.6050640800,20791515
2021-06-02 10:30:00,2.6050640800,2.6136901200,2.5964380400,2.5964380400,2285288
2021-06-02 10:45:00,2.6050640800,2.6050640800,2.5791859600,2.5878120000,4901400
2021-06-02 11:00:00,2.5878120000,2.5878120000,2.5705599200,2.5705599200,2569000
2021-06-02 11:15:00,2.5705599200,2.5878120000,2.5705599200,2.5791859600,1188400
2021-06-02 11:30:00,2.5878120000,2.5878120000,2.5791859600,2.5791859600,742800
2021-06-02 13:15:00,2.5791859600,2.5878120000,2.5705599200,2.5791859600,1702000
2021-06-02 13:30:00,2.5791859600,2.5791859600,2.5705599200,2.5705599200,1066300
2021-06-02 13:45:00,2.5705599200,2.5791859600,2.5705599200,2.5791859600,1383200
2021-06-02 14:00:00,2.5791859600,2.5791859600,2.5705599200,2.5791859600,3046500
2021-06-02 14:15:00,2.5705599200,2.5791859600,2.5619338800,2.5619338800,1949600
2021-06-02 14:30:00,2.5619338800,2.5705599200,2.5619338800,2.5619338800,1560204
2021-06-02 14:45:00,2.5619338800,2.5705599200,2.5619338800,2.5619338800,1711000
2021-06-02 15:00:00,2.5619338800,2.5705599200,2.5619338800,2.5705599200,3553800
2021-06-03 09:45:00,2.5619338800,2.5705599200,2.5360557600,2.5446818000,9426300
2021-06-03 10:00:00,2.5446818000,2.5533078400,2.5360557600,2.5446818000,4807910
2021-06-03 10:15:00,2.5446818000,2.5533078400,2.5446818000,2.5533078400,2292850
2021-06-03 10:30:00,2.5533078400,2.5619338800,2.5446818000,2.5533078400,1923300
2021-06-03 10:45:00,2.5533078400,2.5533078400,2.5446818000,2.5533078400,1751700
2021-06-03 11:00:00,2.5533078400,2.5533078400,2.5446818000,2.5446818000,1663400
2021-06-03 11:15:00,2.5446818000,2.5533078400,2.5446818000,2.5533078400,2378800
2021-06-03 11:30:00,2.5533078400,2.5619338800,2.5446818000,2.5533078400,1347001
2021-06-03 13:15:00,2.5533078400,2.5619338800,2.5533078400,2.5533078400,1690608
2021-06-03 13:30:00,2.5619338800,2.5791859600,2.5533078400,2.5791859600,2995000
2021-06-03 13:45:00,2.5791859600,2.5878120000,2.5705599200,2.5705599200,3866004
2021-06-03 14:00:00,2.5705599200,2.5791859600,2.5619338800,2.5705599200,1570200
2021-06-03 14:15:00,2.5705599200,2.5705599200,2.5619338800,2.5705599200,1201000
2021-06-03 14:30:00,2.5705599200,2.5705599200,2.5533078400,2.5619338800,3140800
2021-06-03 14:45:00,2.5619338800,2.5619338800,2.5533078400,2.5619338800,2353400
2021-06-03 15:00:00,2.5533078400,2.5619338800,2.5446818000,2.5533078400,4228800
2021-06-04 09:45:00,2.5360557600,2.5533078400,2.5274297200,2.5533078400,8511405
2021-06-04 10:00:00,2.5446818000,2.5533078400,2.5360557600,2.5360557600,4018400
2021-06-04 10:15:00,2.5360557600,2.5446818000,2.5274297200,2.5274297200,2930100
2021-06-04 10:30:00,2.5274297200,2.5360557600,2.5274297200,2.5274297200,1921000
2021-06-04 10:45:00,2.5274297200,2.5446818000,2.5274297200,2.5446818000,1914300
2021-06-04 11:00:00,2.5446818000,2.5446818000,2.5360557600,2.5360557600,1058600
2021-06-04 11:15:00,2.5446818000,2.5446818000,2.5360557600,2.5360557600,1008500
2021-06-04 11:30:00,2.5446818000,2.5619338800,2.5274297200,2.5533078400,4749300
2021-06-04 13:15:00,2.5533078400,2.5533078400,2.5360557600,2.5446818000,1298800
2021-06-04 13:30:00,2.5446818000,2.5533078400,2.5360557600,2.5446818000,2084020
2021-06-04 13:45:00,2.5446818000,2.5533078400,2.5360557600,2.5446818000,1386080
2021-06-04 14:00:00,2.5446818000,2.5446818000,2.5360557600,2.5446818000,1571200
2021-06-04 14:15:00,2.5446818000,2.5446818000,2.5274297200,2.5360557600,3192401
2021-06-04 14:30:00,2.5360557600,2.5360557600,2.5188036800,2.5274297200,4756094
2021-06-04 14:45:00,2.5274297200,2.5274297200,2.5188036800,2.5188036800,3846500
2021-06-04 15:00:00,2.5274297200,2.5274297200,2.5188036800,2.5188036800,5211640
2021-06-07 09:45:00,2.5446818000,2.5705599200,2.5274297200,2.5705599200,8266700
2021-06-07 10:00:00,2.5705599200,2.5705599200,2.5533078400,2.5705599200,6414000
2021-06-07 10:15:00,2.5533078400,2.5791859600,2.5533078400,2.5791859600,9277358
2021-06-07 10:30:00,2.5705599200,2.5878120000,2.5705599200,2.5791859600,5409100
2021-06-07 10:45:00,2.5791859600,2.5791859600,2.5619338800,2.5705599200,3048400
2021-06-07 11:00:00,2.5705599200,2.5705599200,2.5533078400,2.5533078400,2389700
2021-06-07 11:15:00,2.5533078400,2.5705599200,2.5533078400,2.5705599200,654000
2021-06-07 11:30:00,2.5705599200,2.5705599200,2.5533078400,2.5533078400,1049900
2021-06-07 13:15:00,2.5533078400,2.5619338800,2.5533078400,2.5619338800,502300
2021-06-07 13:30:00,2.5533078400,2.5619338800,2.5533078400,2.5619338800,1425600
2021-06-07 13:45:00,2.5533078400,2.5619338800,2.5533078400,2.5533078400,550200
2021-06-07 14:00:00,2.5533078400,2.5619338800,2.5533078400,2.5619338800,1193700
2021-06-07 14:15:00,2.5619338800,2.5619338800,2.5533078400,2.5619338800,1186100
2021-06-07 14:30:00,2.5533078400,2.5619338800,2.5533078400,2.5533078400,1949500
2021-06-07 14:45:00,2.5533078400,2.5619338800,2.5533078400,2.5619338800,1174000
2021-06-07 15:00:00,2.5619338800,2.5619338800,2.5533078400,2.5533078400,3847900
2021-06-08 09:45:00,2.5705599200,2.5705599200,2.5446818000,2.5619338800,5253944
2021-06-08 10:00:00,2.5619338800,2.5619338800,2.5360557600,2.5446818000,4679156
2021-06-08 10:15:00,2.5446818000,2.5619338800,2.5446818000,2.5446818000,3286856
2021-06-08 10:30:00,2.5446818000,2.5533078400,2.5446818000,2.5533078400,919600
2021-06-08 10:45:00,2.5446818000,2.5533078400,2.5446818000,2.5533078400,1111600
2021-06-08 11:00:00,2.5446818000,2.5533078400,2.5360557600,2.5446818000,1834446
2021-06-08 11:15:00,2.5360557600,2.5533078400,2.5360557600,2.5446818000,2171454
2021-06-08 11:30:00,2.5446818000,2.5533078400,2.5360557600,2.5446818000,907701
2021-06-08 13:15:00,2.5446818000,2.5533078400,2.5446818000,2.5533078400,1358500
2021-06-08 13:30:00,2.5446818000,2.5619338800,2.5446818000,2.5446818000,3553700
2021-06-08 13:45:00,2.5446818000,2.5533078400,2.5360557600,2.5360557600,1638400
2021-06-08 14:00:00,2.5360557600,2.5533078400,2.5360557600,2.5446818000,925300
2021-06-08 14:15:00,2.5446818000,2.5446818000,2.5360557600,2.5446818000,610800
2021-06-08 14:30:00,2.5446818000,2.5446818000,2.5360557600,2.5360557600,891400
2021-06-08 14:45:00,2.5446818000,2.5446818000,2.5360557600,2.5446818000,1347700
2021-06-08 15:00:00,2.5446818000,2.5446818000,2.5360557600,2.5446818000,3292500
2021-06-09 09:45:00,2.5446818000,2.5533078400,2.5274297200,2.5360557600,4171200
2021-06-09 10:00:00,2.5360557600,2.5360557600,2.5188036800,2.5360557600,5500900
2021-06-09 10:15:00,2.5360557600,2.5533078400,2.5274297200,2.5446818000,3157442
2021-06-09 10:30:00,2.5446818000,2.5533078400,2.5360557600,2.5446818000,1868658
2021-06-09 10:45:00,2.5446818000,2.5533078400,2.5360557600,2.5360557600,1344442
2021-06-09 11:00:00,2.5360557600,2.5446818000,2.5360557600,2.5360557600,1308500
2021-06-09 11:15:00,2.5360557600,2.5533078400,2.5360557600,2.5446818000,1241400
2021-06-09 11:30:00,2.5446818000,2.5533078400,2.5360557600,2.5360557600,919300
2021-06-09 13:15:00,2.5360557600,2.5533078400,2.5360557600,2.5533078400,2354001
2021-06-09 13:30:00,2.5533078400,2.5619338800,2.5446818000,2.5533078400,3706000
2021-06-09 13:45:00,2.5533078400,2.5619338800,2.5446818000,2.5533078400,2781500
2021-06-09 14:00:00,2.5533078400,2.5619338800,2.5446818000,2.5533078400,1952000
2021-06-09 14:15:00,2.5533078400,2.5619338800,2.5446818000,2.5533078400,1629900
2021-06-09 14:30:00,2.5533078400,2.5533078400,2.5446818000,2.5446818000,462000
2021-06-09 14:45:00,2.5446818000,2.5619338800,2.5446818000,2.5533078400,4382007
2021-06-09 15:00:00,2.5533078400,2.5705599200,2.5533078400,2.5705599200,8262000
2021-06-10 09:45:00,2.5878120000,2.8120890400,2.5791859600,2.7430807200,67634091
2021-06-10 10:00:00,2.7344546800,2.7517067600,2.7085765600,2.7430807200,23824993
2021-06-10 10:15:00,2.7430807200,2.7430807200,2.7085765600,2.7344546800,10815491
2021-06-10 10:30:00,2.7344546800,2.7430807200,2.7258286400,2.7258286400,8739300
2021-06-10 10:45:00,2.7258286400,2.7517067600,2.7258286400,2.7344546800,9864100
2021-06-10 11:00:00,2.7344546800,2.7603328000,2.7258286400,2.7517067600,9092704
2021-06-10 11:15:00,2.7517067600,2.7517067600,2.7258286400,2.7258286400,4523900
2021-06-10 11:30:00,2.7258286400,2.7775848800,2.7258286400,2.7775848800,16851038
2021-06-10 13:15:00,2.7689588400,2.7862109200,2.7430807200,2.7517067600,9561100
2021-06-10 13:30:00,2.7517067600,2.7689588400,2.7430807200,2.7603328000,6436100
2021-06-10 13:45:00,2.7603328000,2.7603328000,2.7430807200,2.7517067600,4330146
2021-06-10 14:00:00,2.7603328000,2.7603328000,2.7430807200,2.7517067600,3643654
2021-06-10 14:15:00,2.7517067600,2.7517067600,2.7430807200,2.7430807200,3777946
2021-06-10 14:30:00,2.7430807200,2.7517067600,2.7430807200,2.7430807200,3496900
2021-06-10 14:45:00,2.7517067600,2.7517067600,2.7430807200,2.7430807200,5352902
2021-06-10 15:00:00,2.7430807200,2.7517067600,2.7258286400,2.7430807200,10678152
2021-06-11 09:45:00,2.7344546800,2.7517067600,2.6999505200,2.7085765600,32235742
2021-06-11 10:00:00,2.7085765600,2.7344546800,2.6913244800,2.6999505200,16209900
2021-06-11 10:15:00,2.7085765600,2.7172026000,2.6826984400,2.7085765600,10915489
2021-06-11 10:30:00,2.7172026000,2.7344546800,2.7085765600,2.7172026000,6063719
2021-06-11 10:45:00,2.7085765600,2.7172026000,2.6999505200,2.7172026000,3219700
2021-06-11 11:00:00,2.7085765600,2.7344546800,2.6999505200,2.7344546800,7829839
2021-06-11 11:15:00,2.7344546800,2.7430807200,2.7172026000,2.7258286400,4768700
2021-06-11 11:30:00,2.7172026000,2.7517067600,2.7172026000,2.7517067600,6442800
2021-06-11 13:15:00,2.7517067600,2.7603328000,2.7172026000,2.7172026000,5536600
2021-06-11 13:30:00,2.7172026000,2.7258286400,2.7085765600,2.7172026000,4456100
2021-06-11 13:45:00,2.7172026000,2.7172026000,2.7085765600,2.7085765600,1974586
2021-06-11 14:00:00,2.7172026000,2.7172026000,2.7085765600,2.7172026000,2143600
2021-06-11 14:15:00,2.7172026000,2.7258286400,2.7085765600,2.7172026000,5529200
2021-06-11 14:30:00,2.7172026000,2.7258286400,2.7085765600,2.7085765600,3292700
2021-06-11 14:45:00,2.7085765600,2.7085765600,2.6913244800,2.6999505200,6076600
2021-06-11 15:00:00,2.6913244800,2.7085765600,2.6913244800,2.7085765600,7092600
2021-06-15 09:45:00,2.6826984400,2.7862109200,2.6740724000,2.7430807200,23461855
2021-06-15 10:00:00,2.7430807200,2.7517067600,2.7172026000,2.7258286400,7600700
2021-06-15 10:15:00,2.7172026000,2.7344546800,2.7085765600,2.7258286400,6910700
2021-06-15 10:30:00,2.7172026000,2.7258286400,2.7085765600,2.7172026000,4327200
2021-06-15 10:45:00,2.7258286400,2.7258286400,2.7085765600,2.7172026000,2028700
2021-06-15 11:00:00,2.7172026000,2.7172026000,2.6913244800,2.6999505200,3676500
2021-06-15 11:15:00,2.6999505200,2.7085765600,2.6999505200,2.6999505200,3013100
2021-06-15 11:30:00,2.6999505200,2.7085765600,2.6913244800,2.6913244800,1862800
2021-06-15 13:15:00,2.6999505200,2.7172026000,2.6913244800,2.7085765600,2549500
2021-06-15 13:30:00,2.7085765600,2.7344546800,2.7085765600,2.7172026000,5178238
2021-06-15 13:45:00,2.7172026000,2.7430807200,2.7172026000,2.7258286400,6045100
2021-06-15 14:00:00,2.7258286400,2.7344546800,2.7172026000,2.7258286400,1960103
2021-06-15 14:15:00,2.7258286400,2.7258286400,2.7172026000,2.7258286400,1855005
2021-06-15 14:30:00,2.7258286400,2.7430807200,2.7172026000,2.7344546800,4133000
2021-06-15 14:45:00,2.7258286400,2.7344546800,2.7085765600,2.7172026000,6766393
2021-06-15 15:00:00,2.7172026000,2.7344546800,2.7085765600,2.7344546800,6068900
2021-06-16 09:45:00,2.6999505200,2.7258286400,2.6481942800,2.6654463600,18543400
2021-06-16 10:00:00,2.6654463600,2.6740724000,2.6481942800,2.6740724000,5925583
2021-06-16 10:15:00,2.6740724000,2.6826984400,2.6654463600,2.6740724000,3710362
2021-06-16 10:30:00,2.6740724000,2.6740724000,2.6395682400,2.6481942800,8552100
2021-06-16 10:45:00,2.6568203200,2.6568203200,2.6395682400,2.6568203200,4036211
2021-06-16 11:00:00,2.6568203200,2.6654463600,2.6481942800,2.6568203200,3289400
2021-06-16 11:15:00,2.6568203200,2.6568203200,2.6395682400,2.6481942800,2559289
2021-06-16 11:30:00,2.6481942800,2.6568203200,2.6395682400,2.6395682400,2229000
2021-06-16 13:15:00,2.6395682400,2.6568203200,2.6395682400,2.6568203200,4854808
2021-06-16 13:30:00,2.6568203200,2.6568203200,2.6481942800,2.6481942800,2210812
2021-06-16 13:45:00,2.6481942800,2.6568203200,2.6481942800,2.6481942800,3389000
2021-06-16 14:00:00,2.6481942800,2.6568203200,2.6395682400,2.6481942800,2303400
2021-06-16 14:15:00,2.6395682400,2.6481942800,2.6309422000,2.6395682400,4642600
2021-06-16 14:30:00,2.6395682400,2.6481942800,2.6309422000,2.6309422000,1858900
2021-06-16 14:45:00,2.6309422000,2.6395682400,2.6309422000,2.6395682400,2490876
2021-06-16 15:00:00,2.6395682400,2.6395682400,2.6050640800,2.6223161600,10858824
2021-06-17 09:45:00,2.6395682400,2.7258286400,2.6309422000,2.7085765600,20377798
2021-06-17 10:00:00,2.7085765600,2.7344546800,2.6999505200,2.7344546800,15665984
2021-06-17 10:15:00,2.7344546800,2.8034630000,2.7344546800,2.7689588400,38221213
2021-06-17 10:30:00,2.7775848800,2.7948369600,2.7603328000,2.7603328000,11507330
2021-06-17 10:45:00,2.7603328000,2.7948369600,2.7603328000,2.7862109200,10122410
2021-06-17 11:00:00,2.7775848800,2.7862109200,2.7603328000,2.7689588400,5668396
2021-06-17 11:15:00,2.7689588400,2.7862109200,2.7603328000,2.7775848800,5954200
2021-06-17 11:30:00,2.7775848800,2.7862109200,2.7430807200,2.7603328000,7281500
2021-06-17 13:15:00,2.7603328000,2.7775848800,2.7517067600,2.7603328000,6445701
2021-06-17 13:30:00,2.7517067600,2.7603328000,2.7344546800,2.7344546800,4836706
2021-06-17 13:45:00,2.7430807200,2.7517067600,2.7344546800,2.7517067600,5372000
2021-06-17 14:00:00,2.7517067600,2.7517067600,2.7344546800,2.7344546800,3046336
2021-06-17 14:15:00,2.7344546800,2.7517067600,2.7344546800,2.7517067600,4748377
2021-06-17 14:30:00,2.7517067600,2.7517067600,2.7344546800,2.7430807200,3806800
2021-06-17 14:45:00,2.7430807200,2.7517067600,2.7344546800,2.7344546800,2469500
2021-06-17 15:00:00,2.7430807200,2.7430807200,2.7344546800,2.7430807200,6703900
2021-06-18 09:45:00,2.7517067600,2.7603328000,2.7172026000,2.7258286400,19255368
2021-06-18 10:00:00,2.7258286400,2.7689588400,2.7258286400,2.7517067600,10471874
2021-06-18 10:15:00,2.7517067600,2.7775848800,2.7430807200,2.7603328000,11965706
2021-06-18 10:30:00,2.7603328000,2.7603328000,2.7258286400,2.7344546800,5905600
2021-06-18 10:45:00,2.7344546800,2.7430807200,2.7172026000,2.7258286400,6065201
2021-06-18 11:00:00,2.7258286400,2.7430807200,2.7172026000,2.7344546800,2793100
2021-06-18 11:15:00,2.7344546800,2.7430807200,2.7258286400,2.7430807200,1900900
2021-06-18 11:30:00,2.7430807200,2.7430807200,2.7172026000,2.7172026000,2765800
2021-06-18 13:15:00,2.7172026000,2.7344546800,2.7172026000,2.7258286400,1973598
2021-06-18 13:30:00,2.7258286400,2.7344546800,2.7172026000,2.7258286400,4814100
2021-06-18 13:45:00,2.7344546800,2.7430807200,2.7258286400,2.7430807200,2203500
2021-06-18 14:00:00,2.7344546800,2.7517067600,2.7344546800,2.7344546800,4614400
2021-06-18 14:15:00,2.7344546800,2.7517067600,2.7344546800,2.7517067600,2319200
2021-06-18 14:30:00,2.7430807200,2.7517067600,2.7430807200,2.7430807200,2925134
2021-06-18 14:45:00,2.7430807200,2.7603328000,2.7430807200,2.7517067600,7693000
2021-06-18 15:00:00,2.7517067600,2.7517067600,2.7344546800,2.7517067600,6390500
2021-06-21 09:45:00,2.7430807200,2.7430807200,2.6999505200,2.7344546800,13996400
2021-06-21 10:00:00,2.7258286400,2.7517067600,2.7172026000,2.7344546800,6496709
2021-06-21 10:15:00,2.7430807200,2.7430807200,2.7258286400,2.7430807200,3925500
2021-06-21 10:30:00,2.7430807200,2.7430807200,2.7172026000,2.7172026000,4211600
2021-06-21 10:45:00,2.7172026000,2.7344546800,2.7172026000,2.7258286400,3749500
2021-06-21 11:00:00,2.7258286400,2.7517067600,2.7258286400,2.7517067600,3865780
2021-06-21 11:15:00,2.7517067600,2.7517067600,2.7172026000,2.7258286400,3369200
2021-06-21 11:30:00,2.7258286400,2.7344546800,2.7172026000,2.7344546800,1505000
2021-06-21 13:15:00,2.7258286400,2.7344546800,2.7172026000,2.7258286400,2279900
2021-06-21 13:30:00,2.7172026000,2.7258286400,2.7172026000,2.7258286400,1299525
2021-06-21 13:45:00,2.7172026000,2.7258286400,2.7085765600,2.7172026000,3972275
2021-06-21 14:00:00,2.7172026000,2.7172026000,2.7085765600,2.7172026000,2991600
2021-06-21 14:15:00,2.7172026000,2.7258286400,2.7085765600,2.7172026000,2174369
2021-06-21 14:30:00,2.7172026000,2.7258286400,2.7085765600,2.7172026000,2511600
2021-06-21 14:45:00,2.7172026000,2.7258286400,2.7172026000,2.7172026000,4104300
2021-06-21 15:00:00,2.7172026000,2.7344546800,2.7172026000,2.7258286400,6010400
2021-06-22 09:45:00,2.7344546800,2.8638452800,2.7258286400,2.8465932000,31052396
2021-06-22 10:00:00,2.8552192400,2.9242275600,2.8293411200,2.8983494400,43764867
2021-06-22 10:15:00,2.9069754800,2.9501056800,2.8810973600,2.8897234000,24595047
2021-06-22 10:30:00,2.8897234000,2.8983494400,2.8552192400,2.8552192400,7878578
2021-06-22 10:45:00,2.8552192400,2.8810973600,2.8552192400,2.8810973600,7848100
2021-06-22 11:00:00,2.8724713200,2.8810973600,2.8552192400,2.8810973600,5387734
2021-06-22 11:15:00,2.8810973600,2.8897234000,2.8724713200,2.8810973600,3139933
2021-06-22 11:30:00,2.8810973600,2.8810973600,2.8552192400,2.8552192400,4096100
2021-06-22 13:15:00,2.8552192400,2.8724713200,2.8552192400,2.8638452800,3579236
2021-06-22 13:30:00,2.8638452800,2.8638452800,2.8465932000,2.8552192400,3104605
2021-06-22 13:45:00,2.8552192400,2.8638452800,2.8379671600,2.8379671600,5285091
2021-06-22 14:00:00,2.8465932000,2.8465932000,2.8293411200,2.8293411200,4244920
2021-06-22 14:15:00,2.8379671600,2.8552192400,2.8293411200,2.8465932000,4421589
2021-06-22 14:30:00,2.8379671600,2.8552192400,2.8379671600,2.8552192400,2593452
2021-06-22 14:45:00,2.8552192400,2.8552192400,2.8379671600,2.8379671600,6304276
2021-06-22 15:00:00,2.8465932000,2.8638452800,2.8379671600,2.8638452800,9099500
2021-06-23 09:45:00,2.8552192400,3.0622442000,2.8120890400,3.0536181600,56208672
2021-06-23 10:00:00,3.0622442000,3.1485046000,3.0449921200,3.1485046000,87113854
2021-06-23 10:15:00,3.1485046000,3.1485046000,3.1485046000,3.1485046000,9546007
2021-06-23 10:30:00,3.1485046000,3.1485046000,3.1485046000,3.1485046000,11311400
2021-06-23 10:45:00,3.1485046000,3.1485046000,3.1485046000,3.1485046000,3463200
2021-06-23 11:00:00,3.1485046000,3.1485046000,3.1485046000,3.1485046000,1993100
2021-06-23 11:15:00,3.1485046000,3.1485046000,3.1485046000,3.1485046000,1873151
2021-06-23 11:30:00,3.1485046000,3.1485046000,3.1485046000,3.1485046000,2482892
2021-06-23 13:15:00,3.1485046000,3.1485046000,3.1485046000,3.1485046000,5875731
2021-06-23 13:30:00,3.1485046000,3.1485046000,3.1485046000,3.1485046000,4729900
2021-06-23 13:45:00,3.1485046000,3.1485046000,3.1226264800,3.1485046000,50411869
2021-06-23 14:00:00,3.1485046000,3.1485046000,3.1398785600,3.1485046000,29324715
2021-06-23 14:15:00,3.1485046000,3.1485046000,3.1398785600,3.1485046000,6303445
2021-06-23 14:30:00,3.1485046000,3.1485046000,3.1398785600,3.1485046000,23506848
2021-06-23 14:45:00,3.1485046000,3.1485046000,3.1398785600,3.1485046000,21265504
2021-06-23 15:00:00,3.1485046000,3.1485046000,3.1485046000,3.1485046000,4791440
2021-06-24 09:45:00,3.1485046000,3.4072858000,3.0881223200,3.2865212400,181636555
2021-06-24 10:00:00,3.2778952000,3.3210254000,3.2175129200,3.2951472800,51333568
2021-06-24 10:15:00,3.2865212400,3.3641556000,3.2606431200,3.3296514400,37260837
2021-06-24 10:30:00,3.3296514400,3.3727816400,3.2951472800,3.3037733200,21260080
2021-06-24 10:45:00,3.3037733200,3.3123993600,3.2520170800,3.2606431200,19829904
2021-06-24 11:00:00,3.2520170800,3.2778952000,3.2520170800,3.2692691600,9677296
2021-06-24 11:15:00,3.2692691600,3.2865212400,3.2347650000,3.2433910400,9404096
2021-06-24 11:30:00,3.2433910400,3.2606431200,3.2261389600,3.2347650000,8662304
2021-06-24 13:15:00,3.2433910400,3.2433910400,3.2175129200,3.2261389600,9418704
2021-06-24 13:30:00,3.2261389600,3.2347650000,3.2175129200,3.2261389600,6065088
2021-06-24 13:45:00,3.2261389600,3.2778952000,3.2175129200,3.2433910400,8259312
2021-06-24 14:00:00,3.2433910400,3.2433910400,3.2261389600,3.2347650000,5107392
2021-06-24 14:15:00,3.2261389600,3.2347650000,3.1916348000,3.2175129200,10937568
2021-06-24 14:30:00,3.2088868800,3.2347650000,3.1916348000,3.2088868800,8261632
2021-06-24 14:45:00,3.2002608400,3.2261389600,3.1830087600,3.2002608400,15292352
2021-06-24 15:00:00,3.2088868800,3.2347650000,3.1916348000,3.2347650000,20807184
2021-06-25 09:45:00,3.2261389600,3.3641556000,3.2261389600,3.2606431200,85252662
2021-06-25 10:00:00,3.2520170800,3.3210254000,3.2433910400,3.2778952000,34502500
2021-06-25 10:15:00,3.2692691600,3.3210254000,3.2692691600,3.2865212400,20953200
2021-06-25 10:30:00,3.2951472800,3.2951472800,3.2002608400,3.2261389600,16545779
2021-06-25 10:45:00,3.2261389600,3.2347650000,3.1743827200,3.2175129200,24096825
2021-06-25 11:00:00,3.2175129200,3.2261389600,3.1830087600,3.1830087600,7813178
2021-06-25 11:15:00,3.1916348000,3.2088868800,3.1743827200,3.1916348000,7140517
2021-06-25 11:30:00,3.1916348000,3.2261389600,3.1916348000,3.2175129200,4322237
2021-06-25 13:15:00,3.2088868800,3.2347650000,3.2002608400,3.2088868800,6430800
2021-06-25 13:30:00,3.2175129200,3.2692691600,3.2088868800,3.2433910400,12293500
2021-06-25 13:45:00,3.2347650000,3.2433910400,3.2088868800,3.2088868800,5018700
2021-06-25 14:00:00,3.2175129200,3.2347650000,3.2088868800,3.2261389600,5769000
2021-06-25 14:15:00,3.2175129200,3.2347650000,3.2175129200,3.2347650000,6173900
2021-06-25 14:30:00,3.2261389600,3.2606431200,3.2175129200,3.2347650000,8567000
2021-06-25 14:45:00,3.2347650000,3.2433910400,3.2261389600,3.2261389600,6494900
2021-06-25 15:00:00,3.2261389600,3.2520170800,3.2175129200,3.2175129200,17630086
2021-06-28 09:45:00,3.2261389600,3.2606431200,3.1485046000,3.2002608400,38804480
2021-06-28 10:00:00,3.1916348000,3.2088868800,3.1657566800,3.1657566800,11282154
2021-06-28 10:15:00,3.1657566800,3.1916348000,3.1657566800,3.1830087600,8239500
2021-06-28 10:30:00,3.1916348000,3.2002608400,3.1743827200,3.1916348000,5613205
2021-06-28 10:45:00,3.1830087600,3.2002608400,3.1743827200,3.1916348000,5228300
2021-06-28 11:00:00,3.1916348000,3.1916348000,3.1743827200,3.1743827200,6021900
2021-06-28 11:15:00,3.1830087600,3.1830087600,3.1743827200,3.1743827200,3107095
2021-06-28 11:30:00,3.1743827200,3.1830087600,3.1657566800,3.1830087600,4333809
2021-06-28 13:15:00,3.1830087600,3.2088868800,3.1743827200,3.2002608400,6220506
2021-06-28 13:30:00,3.2002608400,3.2175129200,3.1916348000,3.2002608400,6820902
2021-06-28 13:45:00,3.2002608400,3.2347650000,3.1916348000,3.2002608400,9209400
2021-06-28 14:00:00,3.2002608400,3.2002608400,3.1743827200,3.1743827200,3989900
2021-06-28 14:15:00,3.1743827200,3.1916348000,3.1657566800,3.1830087600,4888011
2021-06-28 14:30:00,3.1916348000,3.2002608400,3.1830087600,3.1830087600,3989374
2021-06-28 14:45:00,3.1830087600,3.2088868800,3.1743827200,3.2002608400,5053526
2021-06-28 15:00:00,3.2002608400,3.2088868800,3.1916348000,3.2088868800,13754327
2021-06-29 09:45:00,3.1916348000,3.2002608400,3.0708702400,3.0967483600,31435131
2021-06-29 10:00:00,3.0967483600,3.1140004400,3.0794962800,3.0881223200,11139782
2021-06-29 10:15:00,3.0881223200,3.0967483600,3.0622442000,3.0794962800,14286832
2021-06-29 10:30:00,3.0794962800,3.1053744000,3.0708702400,3.0967483600,10431925
2021-06-29 10:45:00,3.0881223200,3.1485046000,3.0881223200,3.1226264800,9193522
2021-06-29 11:00:00,3.1226264800,3.1312525200,3.1053744000,3.1053744000,3291000
2021-06-29 11:15:00,3.1053744000,3.1398785600,3.1053744000,3.1312525200,4025601
2021-06-29 11:30:00,3.1226264800,3.2002608400,3.1226264800,3.1571306400,14130800
2021-06-29 13:15:00,3.1657566800,3.1657566800,3.1053744000,3.1140004400,6366900
2021-06-29 13:30:00,3.1140004400,3.1312525200,3.1053744000,3.1140004400,3926400
2021-06-29 13:45:00,3.1140004400,3.1312525200,3.1140004400,3.1226264800,2496000
2021-06-29 14:00:00,3.1140004400,3.1312525200,3.1140004400,3.1226264800,2134489
2021-06-29 14:15:00,3.1226264800,3.1398785600,3.1053744000,3.1312525200,3034900
2021-06-29 14:30:00,3.1398785600,3.1398785600,3.1226264800,3.1312525200,2138600
2021-06-29 14:45:00,3.1312525200,3.1398785600,3.1140004400,3.1312525200,3511600
2021-06-29 15:00:00,3.1226264800,3.1657566800,3.1226264800,3.1312525200,13378716
2021-06-30 09:45:00,3.1053744000,3.2692691600,3.1053744000,3.2692691600,34414086
2021-06-30 10:00:00,3.2692691600,3.3037733200,3.2175129200,3.2433910400,33875400
2021-06-30 10:15:00,3.2520170800,3.2778952000,3.2433910400,3.2520170800,12294466
2021-06-30 10:30:00,3.2520170800,3.2606431200,3.1916348000,3.2175129200,13084100
2021-06-30 10:45:00,3.2088868800,3.2175129200,3.1916348000,3.1916348000,6580600
2021-06-30 11:00:00,3.1916348000,3.2088868800,3.1830087600,3.2088868800,5155105
2021-06-30 11:15:00,3.2088868800,3.2088868800,3.1916348000,3.2002608400,2803395
2021-06-30 11:30:00,3.2002608400,3.2002608400,3.1916348000,3.2002608400,3086705
2021-06-30 13:15:00,3.1916348000,3.2261389600,3.1916348000,3.2175129200,5917905
2021-06-30 13:30:00,3.2175129200,3.2175129200,3.1916348000,3.2088868800,3561400
2021-06-30 13:45:00,3.2002608400,3.2520170800,3.2002608400,3.2347650000,7595600
2021-06-30 14:00:00,3.2347650000,3.2520170800,3.2261389600,3.2347650000,8356600
2021-06-30 14:15:00,3.2433910400,3.2606431200,3.2347650000,3.2347650000,7521300
2021-06-30 14:30:00,3.2347650000,3.2433910400,3.2175129200,3.2261389600,5984100
2021-06-30 14:45:00,3.2261389600,3.2347650000,3.2175129200,3.2347650000,5882022
2021-06-30 15:00:00,3.2261389600,3.2347650000,3.2175129200,3.2347650000,7971257
2021-07-01 09:45:00,3.2865212400,3.3123993600,3.2261389600,3.2347650000,26581839
2021-07-01 10:00:00,3.2261389600,3.2778952000,3.2002608400,3.2606431200,16931700
2021-07-01 10:15:00,3.2692691600,3.2778952000,3.2261389600,3.2347650000,8746001
2021-07-01 10:30:00,3.2261389600,3.2347650000,3.2175129200,3.2347650000,4405200
2021-07-01 10:45:00,3.2433910400,3.2433910400,3.2261389600,3.2261389600,4516000
2021-07-01 11:00:00,3.2347650000,3.2520170800,3.2175129200,3.2261389600,5265500
2021-07-01 11:15:00,3.2261389600,3.2261389600,3.2002608400,3.2175129200,3558600
2021-07-01 11:30:00,3.2175129200,3.2520170800,3.2088868800,3.2433910400,3750600
2021-07-01 13:15:00,3.2433910400,3.2433910400,3.2261389600,3.2433910400,2516900
2021-07-01 13:30:00,3.2347650000,3.2433910400,3.2175129200,3.2175129200,2015000
2021-07-01 13:45:00,3.2175129200,3.2175129200,3.1830087600,3.1916348000,7888800
2021-07-01 14:00:00,3.1916348000,3.2088868800,3.1830087600,3.2002608400,4185201
2021-07-01 14:15:00,3.2002608400,3.2002608400,3.1830087600,3.1830087600,2502884
2021-07-01 14:30:00,3.1830087600,3.1916348000,3.1571306400,3.1657566800,6960936
2021-07-01 14:45:00,3.1657566800,3.1830087600,3.1312525200,3.1485046000,10960341
2021-07-01 15:00:00,3.1485046000,3.1743827200,3.1398785600,3.1485046000,9348059
2021-07-02 09:45:00,3.1485046000,3.1830087600,3.1140004400,3.1226264800,14573793
2021-07-02 10:00:00,3.1140004400,3.1743827200,3.1140004400,3.1657566800,8601001
2021-07-02 10:15:00,3.1657566800,3.3641556000,3.1485046000,3.3641556000,52371257
2021-07-02 10:30:00,3.3641556000,3.3986597600,3.3210254000,3.3210254000,38455743
2021-07-02 10:45:00,3.3296514400,3.3296514400,3.2951472800,3.3037733200,12929430
2021-07-02 11:00:00,3.3037733200,3.3469035200,3.2951472800,3.3296514400,8494280
2021-07-02 11:15:00,3.3296514400,3.3814076800,3.3123993600,3.3641556000,19036772
2021-07-02 11:30:00,3.3641556000,3.4676680800,3.3641556000,3.4417899600,60106322
2021-07-02 13:15:00,3.4417899600,3.4417899600,3.3900337200,3.3900337200,14150200
2021-07-02 13:30:00,3.3900337200,3.4159118400,3.3555295600,3.3900337200,13330600
2021-07-02 13:45:00,3.3900337200,3.4504160000,3.3814076800,3.4504160000,12348600
2021-07-02 14:00:00,3.4504160000,3.4676680800,3.4504160000,3.4676680800,33432591
2021-07-02 14:15:00,3.4676680800,3.4676680800,3.4676680800,3.4676680800,6207800
2021-07-02 14:30:00,3.4676680800,3.4676680800,3.4417899600,3.4590420400,21322062
2021-07-02 14:45:00,3.4504160000,3.4676680800,3.4504160000,3.4676680800,24686232
2021-07-02 15:00:00,3.4676680800,3.4676680800,3.4676680800,3.4676680800,3469450
2021-07-05 09:45:00,3.4849201600,3.7782055200,3.4331639200,3.7264492800,146867148
2021-07-05 10:00:00,3.7350753200,3.7695794800,3.6919451200,3.7091972000,48245968
2021-07-05 10:15:00,3.7005711600,3.7178232400,3.6229368000,3.6919451200,40455050
2021-07-05 10:30:00,3.6919451200,3.7091972000,3.6574409600,3.6660670000,12162500
2021-07-05 10:45:00,3.6574409600,3.6833190800,3.5711805600,3.6401888800,27312600
2021-07-05 11:00:00,3.6315628400,3.7091972000,3.6229368000,3.7091972000,12157501
2021-07-05 11:15:00,3.7005711600,3.7005711600,3.6488149200,3.6574409600,9196900
2021-07-05 11:30:00,3.6574409600,3.6746930400,3.6229368000,3.6229368000,8663989
2021-07-05 13:15:00,3.6229368000,3.6315628400,3.5884326400,3.6056847200,10582757
2021-07-05 13:30:00,3.6056847200,3.6229368000,3.5970586800,3.6143107600,6421600
2021-07-05 13:45:00,3.6143107600,3.6143107600,3.5711805600,3.5884326400,13542200
2021-07-05 14:00:00,3.5970586800,3.6229368000,3.5884326400,3.6143107600,8242830
2021-07-05 14:15:00,3.6056847200,3.6746930400,3.6056847200,3.6746930400,12337800
2021-07-05 14:30:00,3.6833190800,3.7178232400,3.6574409600,3.6746930400,18315100
2021-07-05 14:45:00,3.6746930400,3.6746930400,3.6315628400,3.6488149200,9977959
2021-07-05 15:00:00,3.6488149200,3.6833190800,3.6488149200,3.6660670000,20696733
2021-07-06 09:45:00,3.6488149200,3.6574409600,3.5280503600,3.6056847200,66616219
2021-07-06 10:00:00,3.6056847200,3.6660670000,3.5884326400,3.5970586800,25157057
2021-07-06 10:15:00,3.5970586800,3.6315628400,3.5798066000,3.5798066000,16131585
2021-07-06 10:30:00,3.5798066000,3.6143107600,3.5798066000,3.5884326400,11175034
2021-07-06 10:45:00,3.5884326400,3.6488149200,3.5884326400,3.6229368000,9786700
2021-07-06 11:00:00,3.6229368000,3.6315628400,3.5884326400,3.5970586800,10328000
2021-07-06 11:15:00,3.5970586800,3.6229368000,3.5970586800,3.5970586800,5484401
2021-07-06 11:30:00,3.6056847200,3.6056847200,3.5625545200,3.5884326400,9740700
2021-07-06 13:15:00,3.5884326400,3.5884326400,3.5539284800,3.5625545200,8281301
2021-07-06 13:30:00,3.5625545200,3.5970586800,3.5453024400,3.5539284800,7901100
2021-07-06 13:45:00,3.5539284800,3.5625545200,3.5453024400,3.5453024400,8376600
2021-07-06 14:00:00,3.5453024400,3.5625545200,3.5366764000,3.5366764000,6754522
2021-07-06 14:15:00,3.5366764000,3.5453024400,3.4935462000,3.5107982800,20262900
2021-07-06 14:30:00,3.5107982800,3.5625545200,3.5021722400,3.5539284800,8477400
2021-07-06 14:45:00,3.5539284800,3.5884326400,3.5539284800,3.5625545200,8284700
2021-07-06 15:00:00,3.5625545200,3.6056847200,3.5625545200,3.5798066000,15968740
2021-07-07 09:45:00,3.5539284800,3.6143107600,3.5194243200,3.5970586800,29690000
2021-07-07 10:00:00,3.5970586800,3.6229368000,3.5539284800,3.5539284800,12892603
2021-07-07 10:15:00,3.5539284800,3.5625545200,3.5194243200,3.5280503600,11847565
2021-07-07 10:30:00,3.5280503600,3.5453024400,3.5194243200,3.5280503600,8640701
2021-07-07 10:45:00,3.5280503600,3.5625545200,3.5280503600,3.5453024400,5401160
2021-07-07 11:00:00,3.5539284800,3.6229368000,3.5453024400,3.5970586800,19498200
2021-07-07 11:15:00,3.5884326400,3.5970586800,3.5539284800,3.5625545200,7594938
2021-07-07 11:30:00,3.5625545200,3.5711805600,3.5539284800,3.5711805600,4893009
2021-07-07 13:15:00,3.5625545200,3.5884326400,3.5539284800,3.5625545200,7991728
2021-07-07 13:30:00,3.5711805600,3.5884326400,3.5539284800,3.5884326400,7205166
2021-07-07 13:45:00,3.5884326400,3.6056847200,3.5625545200,3.5970586800,7884034
2021-07-07 14:00:00,3.6056847200,3.6229368000,3.5711805600,3.5884326400,14657100
2021-07-07 14:15:00,3.5970586800,3.6229368000,3.5884326400,3.6229368000,9509068
2021-07-07 14:30:00,3.6229368000,3.6574409600,3.6143107600,3.6488149200,22726200
2021-07-07 14:45:00,3.6488149200,3.6833190800,3.6056847200,3.6056847200,22311443
2021-07-07 15:00:00,3.6056847200,3.6315628400,3.5970586800,3.6056847200,16737724
2021-07-08 09:45:00,3.6229368000,3.6229368000,3.4935462000,3.5711805600,45866451
2021-07-08 10:00:00,3.5711805600,3.5884326400,3.5107982800,3.5107982800,18691520
2021-07-08 10:15:00,3.5107982800,3.5194243200,3.4762941200,3.4849201600,26159080
2021-07-08 10:30:00,3.4849201600,3.4935462000,3.4590420400,3.4762941200,21077902
2021-07-08 10:45:00,3.4762941200,3.4849201600,3.4590420400,3.4762941200,9952901
2021-07-08 11:00:00,3.4676680800,3.5107982800,3.4676680800,3.5107982800,4862771
2021-07-08 11:15:00,3.5107982800,3.5107982800,3.4935462000,3.5021722400,3587200
2021-07-08 11:30:00,3.5021722400,3.5107982800,3.4849201600,3.4849201600,4419900
2021-07-08 13:15:00,3.4849201600,3.4935462000,3.4762941200,3.4762941200,4073501
2021-07-08 13:30:00,3.4762941200,3.4849201600,3.4590420400,3.4676680800,8096199
2021-07-08 13:45:00,3.4590420400,3.4676680800,3.4504160000,3.4590420400,9189700
2021-07-08 14:00:00,3.4590420400,3.4849201600,3.4590420400,3.4762941200,3202400
2021-07-08 14:15:00,3.4762941200,3.4849201600,3.4676680800,3.4762941200,2873800
2021-07-08 14:30:00,3.4849201600,3.4935462000,3.4676680800,3.4935462000,3209500
2021-07-08 14:45:00,3.4935462000,3.4935462000,3.4590420400,3.4676680800,8000800
2021-07-08 15:00:00,3.4676680800,3.4849201600,3.4590420400,3.4849201600,9797100
2021-07-09 09:45:00,3.4676680800,3.4676680800,3.3900337200,3.4159118400,28378454
2021-07-09 10:00:00,3.4072858000,3.4762941200,3.4072858000,3.4245378800,11272830
2021-07-09 10:15:00,3.4159118400,3.4245378800,3.3210254000,3.3382774800,29085060
2021-07-09 10:30:00,3.3382774800,3.3900337200,3.3296514400,3.3814076800,15739001
2021-07-09 10:45:00,3.3727816400,3.4417899600,3.3727816400,3.4072858000,9568502
2021-07-09 11:00:00,3.4072858000,3.4159118400,3.3814076800,3.3986597600,4505800
2021-07-09 11:15:00,3.4072858000,3.4072858000,3.3900337200,3.3900337200,8130900
2021-07-09 11:30:00,3.3900337200,3.4159118400,3.3900337200,3.4072858000,5352105
2021-07-09 13:15:00,3.4072858000,3.4159118400,3.3814076800,3.3900337200,5433200
2021-07-09 13:30:00,3.3900337200,3.4245378800,3.3814076800,3.4072858000,5490900
2021-07-09 13:45:00,3.4072858000,3.4504160000,3.4072858000,3.4504160000,7387500
2021-07-09 14:00:00,3.4417899600,3.4504160000,3.4159118400,3.4159118400,8662201
2021-07-09 14:15:00,3.4159118400,3.4245378800,3.4072858000,3.4159118400,4756967
2021-07-09 14:30:00,3.4159118400,3.4417899600,3.4159118400,3.4417899600,4538200
2021-07-09 14:45:00,3.4417899600,3.4417899600,3.4245378800,3.4245378800,6045793
2021-07-09 15:00:00,3.4245378800,3.4417899600,3.4072858000,3.4417899600,11327225
2021-07-12 09:45:00,3.4159118400,3.5107982800,3.4072858000,3.4676680800,22889200
2021-07-12 10:00:00,3.4676680800,3.4762941200,3.4245378800,3.4417899600,11486106
2021-07-12 10:15:00,3.4417899600,3.4676680800,3.4331639200,3.4417899600,11387900
2021-07-12 10:30:00,3.4417899600,3.4417899600,3.4159118400,3.4245378800,7259700
2021-07-12 10:45:00,3.4245378800,3.4331639200,3.3900337200,3.3986597600,12039700
2021-07-12 11:00:00,3.4072858000,3.4072858000,3.3986597600,3.4072858000,4424900
2021-07-12 11:15:00,3.4072858000,3.4159118400,3.3986597600,3.4072858000,3634873
2021-07-12 11:30:00,3.3986597600,3.4159118400,3.3986597600,3.3986597600,4166400
2021-07-12 13:15:00,3.3986597600,3.4072858000,3.3727816400,3.3814076800,9312642
2021-07-12 13:30:00,3.3814076800,3.3900337200,3.3469035200,3.3555295600,12578215
2021-07-12 13:45:00,3.3641556000,3.3814076800,3.3555295600,3.3641556000,5540400
2021-07-12 14:00:00,3.3641556000,3.3727816400,3.3555295600,3.3727816400,3586700
2021-07-12 14:15:00,3.3641556000,3.3727816400,3.3555295600,3.3727816400,4230000
2021-07-12 14:30:00,3.3727816400,3.3900337200,3.3641556000,3.3900337200,4685045
2021-07-12 14:45:00,3.3900337200,3.3986597600,3.3727816400,3.3900337200,6790701
2021-07-12 15:00:00,3.3900337200,3.3986597600,3.3814076800,3.3814076800,11400100
2021-07-13 09:45:00,3.3641556000,3.4072858000,3.3469035200,3.3986597600,10987401
2021-07-13 10:00:00,3.4072858000,3.4762941200,3.3986597600,3.4331639200,30347771
2021-07-13 10:15:00,3.4417899600,3.4935462000,3.4245378800,3.4849201600,19686919
2021-07-13 10:30:00,3.4849201600,3.4935462000,3.4504160000,3.4590420400,13610700
2021-07-13 10:45:00,3.4590420400,3.4676680800,3.4331639200,3.4417899600,6417900
2021-07-13 11:00:00,3.4417899600,3.4504160000,3.4245378800,3.4245378800,5459189
2021-07-13 11:15:00,3.4331639200,3.4331639200,3.3986597600,3.4072858000,6199300
2021-07-13 11:30:00,3.4072858000,3.4159118400,3.3986597600,3.4159118400,2144800
2021-07-13 13:15:00,3.4159118400,3.4159118400,3.3814076800,3.3986597600,4877600
2021-07-13 13:30:00,3.3986597600,3.3986597600,3.3814076800,3.3986597600,3932773
2021-07-13 13:45:00,3.3900337200,3.4072858000,3.3900337200,3.4072858000,2007600
2021-07-13 14:00:00,3.4072858000,3.4072858000,3.3986597600,3.4072858000,2297281
2021-07-13 14:15:00,3.4072858000,3.4072858000,3.3986597600,3.4072858000,2313200
2021-07-13 14:30:00,3.3986597600,3.4159118400,3.3986597600,3.4159118400,4434821
2021-07-13 14:45:00,3.4159118400,3.4159118400,3.3986597600,3.4072858000,4485000
2021-07-13 15:00:00,3.4072858000,3.4159118400,3.3986597600,3.3986597600,8872200
2021-07-14 09:45:00,3.3814076800,3.4072858000,3.3210254000,3.3296514400,24669300
2021-07-14 10:00:00,3.3296514400,3.3469035200,3.3037733200,3.3210254000,20407975
2021-07-14 10:15:00,3.3210254000,3.3210254000,3.2778952000,3.3037733200,16826200
2021-07-14 10:30:00,3.2951472800,3.3123993600,3.2778952000,3.3123993600,10198400
2021-07-14 10:45:00,3.3123993600,3.3469035200,3.2951472800,3.3469035200,6356400
2021-07-14 11:00:00,3.3469035200,3.3555295600,3.3210254000,3.3382774800,4163000
2021-07-14 11:15:00,3.3469035200,3.3814076800,3.3382774800,3.3641556000,6407001
2021-07-14 11:30:00,3.3555295600,3.3641556000,3.3469035200,3.3555295600,2799400
2021-07-14 13:15:00,3.3555295600,3.3727816400,3.3469035200,3.3555295600,2983890
2021-07-14 13:30:00,3.3555295600,3.3727816400,3.3555295600,3.3641556000,3179500
2021-07-14 13:45:00,3.3727816400,3.3727816400,3.3555295600,3.3641556000,2686100
2021-07-14 14:00:00,3.3727816400,3.3900337200,3.3555295600,3.3727816400,5458800
2021-07-14 14:15:00,3.3814076800,3.3814076800,3.3469035200,3.3555295600,3660150
2021-07-14 14:30:00,3.3555295600,3.3641556000,3.3469035200,3.3469035200,2290857
2021-07-14 14:45:00,3.3469035200,3.3727816400,3.3469035200,3.3641556000,4999116
2021-07-14 15:00:00,3.3641556000,3.3727816400,3.3555295600,3.3641556000,5951300
2021-07-15 09:45:00,3.3469035200,3.3555295600,3.2865212400,3.3037733200,14300600
2021-07-15 10:00:00,3.2951472800,3.3210254000,3.2433910400,3.2520170800,19753700
2021-07-15 10:15:00,3.2520170800,3.2520170800,3.1830087600,3.2175129200,29797200
2021-07-15 10:30:00,3.2175129200,3.2347650000,3.2002608400,3.2175129200,8292221
2021-07-15 10:45:00,3.2088868800,3.2175129200,3.2002608400,3.2175129200,5284178
2021-07-15 11:00:00,3.2088868800,3.2347650000,3.2088868800,3.2088868800,4962900
2021-07-15 11:15:00,3.2175129200,3.2261389600,3.1916348000,3.2002608400,6269492
2021-07-15 11:30:00,3.2002608400,3.2175129200,3.2002608400,3.2088868800,3209300
2021-07-15 13:15:00,3.2088868800,3.2261389600,3.2002608400,3.2261389600,3051400
2021-07-15 13:30:00,3.2261389600,3.2261389600,3.2088868800,3.2175129200,2206100
2021-07-15 13:45:00,3.2175129200,3.2347650000,3.2088868800,3.2347650000,2283700
2021-07-15 14:00:00,3.2347650000,3.2606431200,3.2261389600,3.2520170800,6517300
2021-07-15 14:15:00,3.2520170800,3.2778952000,3.2433910400,3.2692691600,4643500
2021-07-15 14:30:00,3.2692691600,3.2692691600,3.2520170800,3.2606431200,3033900
2021-07-15 14:45:00,3.2606431200,3.2692691600,3.2520170800,3.2692691600,4621998
2021-07-15 15:00:00,3.2692691600,3.2692691600,3.2520170800,3.2692691600,7530700
2021-07-16 09:45:00,3.2778952000,3.3382774800,3.2692691600,3.3037733200,14555372
2021-07-16 10:00:00,3.2951472800,3.3037733200,3.2692691600,3.2692691600,6157400
2021-07-16 10:15:00,3.2692691600,3.2951472800,3.2692691600,3.2778952000,5469600
2021-07-16 10:30:00,3.2692691600,3.2778952000,3.2433910400,3.2520170800,7199566
2021-07-16 10:45:00,3.2433910400,3.2692691600,3.2433910400,3.2606431200,2681200
2021-07-16 11:00:00,3.2606431200,3.3123993600,3.2606431200,3.2865212400,8439600
2021-07-16 11:15:00,3.2865212400,3.2865212400,3.2606431200,3.2692691600,3431700
2021-07-16 11:30:00,3.2692691600,3.2865212400,3.2692691600,3.2692691600,2133800
2021-07-16 13:15:00,3.2692691600,3.2778952000,3.2520170800,3.2606431200,4564575
2021-07-16 13:30:00,3.2606431200,3.2606431200,3.2520170800,3.2606431200,2599031
2021-07-16 13:45:00,3.2606431200,3.2606431200,3.2433910400,3.2520170800,4507594
2021-07-16 14:00:00,3.2520170800,3.2520170800,3.2261389600,3.2261389600,7351300
2021-07-16 14:15:00,3.2261389600,3.2347650000,3.2175129200,3.2347650000,3484400
2021-07-16 14:30:00,3.2261389600,3.2520170800,3.2175129200,3.2347650000,4738280
2021-07-16 14:45:00,3.2433910400,3.2433910400,3.2175129200,3.2261389600,4147800
2021-07-16 15:00:00,3.2261389600,3.2347650000,3.2175129200,3.2261389600,6009273
2021-07-19 09:45:00,3.2175129200,3.2433910400,3.1743827200,3.2175129200,16557466
2021-07-19 10:00:00,3.2175129200,3.2520170800,3.2088868800,3.2088868800,9032425
2021-07-19 10:15:00,3.2088868800,3.2261389600,3.1916348000,3.2261389600,4288553
2021-07-19 10:30:00,3.2175129200,3.2606431200,3.2088868800,3.2520170800,8255066
2021-07-19 10:45:00,3.2520170800,3.2778952000,3.2347650000,3.2692691600,8391471
2021-07-19 11:00:00,3.2692691600,3.3296514400,3.2433910400,3.2606431200,18259680
2021-07-19 11:15:00,3.2606431200,3.2692691600,3.2347650000,3.2520170800,6074300
2021-07-19 11:30:00,3.2520170800,3.2606431200,3.2347650000,3.2433910400,2578500
2021-07-19 13:15:00,3.2433910400,3.2520170800,3.2347650000,3.2520170800,3381300
2021-07-19 13:30:00,3.2520170800,3.2520170800,3.2175129200,3.2175129200,3724500
2021-07-19 13:45:00,3.2175129200,3.2261389600,3.2002608400,3.2088868800,3931439
2021-07-19 14:00:00,3.2088868800,3.2088868800,3.1916348000,3.2002608400,4944528
2021-07-19 14:15:00,3.2088868800,3.2606431200,3.2002608400,3.2433910400,6555921
2021-07-19 14:30:00,3.2520170800,3.2606431200,3.2347650000,3.2433910400,4549200
2021-07-19 14:45:00,3.2433910400,3.2433910400,3.2088868800,3.2175129200,5413200
2021-07-19 15:00:00,3.2175129200,3.2347650000,3.2088868800,3.2175129200,6256700
2021-07-20 09:45:00,3.2088868800,3.2347650000,3.1312525200,3.1571306400,17804002
2021-07-20 10:00:00,3.1657566800,3.1657566800,3.1312525200,3.1398785600,7043000
2021-07-20 10:15:00,3.1398785600,3.1485046000,3.1226264800,3.1312525200,11619420
2021-07-20 10:30:00,3.1312525200,3.1398785600,3.1140004400,3.1312525200,10635748
2021-07-20 10:45:00,3.1312525200,3.1398785600,3.0708702400,3.0881223200,15507371
2021-07-20 11:00:00,3.0794962800,3.1053744000,3.0794962800,3.0881223200,5090139
2021-07-20 11:15:00,3.0881223200,3.1226264800,3.0881223200,3.1226264800,6366367
2021-07-20 11:30:00,3.1226264800,3.1226264800,3.1140004400,3.1226264800,1932700
2021-07-20 13:15:00,3.1226264800,3.1485046000,3.1053744000,3.1312525200,5843176
2021-07-20 13:30:00,3.1312525200,3.1398785600,3.1226264800,3.1312525200,1453700
2021-07-20 13:45:00,3.1312525200,3.1398785600,3.1140004400,3.1226264800,2137900
2021-07-20 14:00:00,3.1312525200,3.1312525200,3.1140004400,3.1226264800,1946200
2021-07-20 14:15:00,3.1226264800,3.1312525200,3.1226264800,3.1312525200,1976897
2021-07-20 14:30:00,3.1312525200,3.1571306400,3.1226264800,3.1312525200,4447900
2021-07-20 14:45:00,3.1312525200,3.1485046000,3.1312525200,3.1398785600,3088573
2021-07-20 15:00:00,3.1485046000,3.1571306400,3.1398785600,3.1571306400,5642000
2021-07-21 09:45:00,3.1485046000,3.2261389600,3.1398785600,3.1830087600,14169119
2021-07-21 10:00:00,3.1830087600,3.1916348000,3.1485046000,3.1571306400,6352881
2021-07-21 10:15:00,3.1485046000,3.1743827200,3.1485046000,3.1657566800,3246200
2021-07-21 10:30:00,3.1657566800,3.1657566800,3.1398785600,3.1571306400,4837200
2021-07-21 10:45:00,3.1571306400,3.1571306400,3.1398785600,3.1485046000,2566700
2021-07-21 11:00:00,3.1485046000,3.1485046000,3.1312525200,3.1312525200,3371200
2021-07-21 11:15:00,3.1312525200,3.1398785600,3.1140004400,3.1226264800,5681412
2021-07-21 11:30:00,3.1312525200,3.1398785600,3.1140004400,3.1312525200,3288400
2021-07-21 13:15:00,3.1312525200,3.1485046000,3.1312525200,3.1312525200,2905880
2021-07-21 13:30:00,3.1312525200,3.1398785600,3.1226264800,3.1226264800,2599737
2021-07-21 13:45:00,3.1226264800,3.1398785600,3.1226264800,3.1398785600,2932500
2021-07-21 14:00:00,3.1398785600,3.1485046000,3.1312525200,3.1398785600,1743015
2021-07-21 14:15:00,3.1398785600,3.1657566800,3.1398785600,3.1571306400,2952596
2021-07-21 14:30:00,3.1571306400,3.1743827200,3.1571306400,3.1571306400,4558433
2021-07-21 14:45:00,3.1657566800,3.1657566800,3.1485046000,3.1571306400,4394968
2021-07-21 15:00:00,3.1571306400,3.1743827200,3.1571306400,3.1743827200,6314800
2021-07-22 09:45:00,3.1830087600,3.2175129200,3.1657566800,3.2002608400,13484500
2021-07-22 10:00:00,3.1916348000,3.3469035200,3.1830087600,3.3296514400,51421366
2021-07-22 10:15:00,3.3382774800,3.3641556000,3.3037733200,3.3123993600,26169558
2021-07-22 10:30:00,3.3037733200,3.3123993600,3.2865212400,3.2951472800,10161200
2021-07-22 10:45:00,3.3037733200,3.3037733200,3.2692691600,3.2692691600,12959900
2021-07-22 11:00:00,3.2778952000,3.2865212400,3.2692691600,3.2778952000,6695800
2021-07-22 11:15:00,3.2865212400,3.2865212400,3.2692691600,3.2865212400,3446500
2021-07-22 11:30:00,3.2865212400,3.2865212400,3.2778952000,3.2865212400,2349500
2021-07-22 13:15:00,3.2865212400,3.2951472800,3.2433910400,3.2520170800,7810200
2021-07-22 13:30:00,3.2520170800,3.2692691600,3.2433910400,3.2692691600,3469200
2021-07-22 13:45:00,3.2692691600,3.2692691600,3.2520170800,3.2606431200,3633789
2021-07-22 14:00:00,3.2692691600,3.2778952000,3.2606431200,3.2692691600,2352052
2021-07-22 14:15:00,3.2692691600,3.2865212400,3.2606431200,3.2865212400,4362000
2021-07-22 14:30:00,3.2865212400,3.2865212400,3.2606431200,3.2606431200,3477400
2021-07-22 14:45:00,3.2606431200,3.2865212400,3.2606431200,3.2778952000,5904992
2021-07-22 15:00:00,3.2778952000,3.2951472800,3.2692691600,3.2692691600,10180644
2021-07-23 09:45:00,3.2520170800,3.2606431200,3.1312525200,3.1485046000,34973942
2021-07-23 10:00:00,3.1485046000,3.1571306400,3.1140004400,3.1398785600,21417578
2021-07-23 10:15:00,3.1398785600,3.1571306400,3.1140004400,3.1398785600,13493573
2021-07-23 10:30:00,3.1398785600,3.1571306400,3.1312525200,3.1312525200,6113113
2021-07-23 10:45:00,3.1312525200,3.1398785600,3.1140004400,3.1312525200,7408700
2021-07-23 11:00:00,3.1226264800,3.1312525200,3.1140004400,3.1226264800,3692600
2021-07-23 11:15:00,3.1226264800,3.1312525200,3.1140004400,3.1226264800,5730800
2021-07-23 11:30:00,3.1226264800,3.1226264800,3.1053744000,3.1053744000,5394700
2021-07-23 13:15:00,3.1053744000,3.1140004400,3.0881223200,3.1053744000,9884542
2021-07-23 13:30:00,3.0967483600,3.1053744000,3.0794962800,3.0881223200,7308200
2021-07-23 13:45:00,3.0881223200,3.1140004400,3.0881223200,3.1053744000,3277265
2021-07-23 14:00:00,3.1053744000,3.1140004400,3.0967483600,3.1053744000,1928900
2021-07-23 14:15:00,3.1140004400,3.1140004400,3.0967483600,3.1053744000,2753600
2021-07-23 14:30:00,3.1053744000,3.1053744000,3.0881223200,3.0967483600,3863579
2021-07-23 14:45:00,3.0967483600,3.0967483600,3.0622442000,3.0794962800,13722250
2021-07-23 15:00:00,3.0708702400,3.0794962800,3.0622442000,3.0708702400,11203291
2021-07-26 09:45:00,3.0622442000,3.0881223200,2.9932358800,3.0794962800,15417601
2021-07-26 10:00:00,3.0794962800,3.0881223200,3.0363660800,3.0449921200,6029000
2021-07-26 10:15:00,3.0449921200,3.1053744000,3.0449921200,3.0708702400,7016013
2021-07-26 10:30:00,3.0708702400,3.0881223200,3.0622442000,3.0881223200,2987200
2021-07-26 10:45:00,3.0881223200,3.0881223200,3.0708702400,3.0794962800,2547223
2021-07-26 11:00:00,3.0794962800,3.0881223200,3.0622442000,3.0622442000,2398900
2021-07-26 11:15:00,3.0622442000,3.0622442000,3.0363660800,3.0363660800,3334200
2021-07-26 11:30:00,3.0363660800,3.0708702400,3.0363660800,3.0536181600,3866200
2021-07-26 13:15:00,3.0536181600,3.0622442000,3.0363660800,3.0363660800,1939900
2021-07-26 13:30:00,3.0363660800,3.0449921200,3.0018619200,3.0018619200,6567800
2021-07-26 13:45:00,3.0018619200,3.0277400400,2.9932358800,3.0191140000,7240500
2021-07-26 14:00:00,3.0191140000,3.0622442000,3.0191140000,3.0449921200,4194248
2021-07-26 14:15:00,3.0536181600,3.0622442000,3.0449921200,3.0449921200,1607200
2021-07-26 14:30:00,3.0449921200,3.0536181600,3.0277400400,3.0277400400,1440900
2021-07-26 14:45:00,3.0363660800,3.0449921200,3.0277400400,3.0449921200,1830700
2021-07-26 15:00:00,3.0449921200,3.0536181600,3.0277400400,3.0449921200,4963450
2021-07-27 09:45:00,3.0536181600,3.0794962800,3.0277400400,3.0363660800,8064400
2021-07-27 10:00:00,3.0363660800,3.0449921200,3.0191140000,3.0277400400,5553900
2021-07-27 10:15:00,3.0277400400,3.0449921200,3.0018619200,3.0018619200,6798700
2021-07-27 10:30:00,3.0018619200,3.0104879600,2.9501056800,2.9501056800,14582449
2021-07-27 10:45:00,2.9501056800,2.9932358800,2.9501056800,2.9932358800,6605202
2021-07-27 11:00:00,2.9846098400,3.0018619200,2.9759838000,2.9759838000,4411000
2021-07-27 11:15:00,2.9759838000,3.0018619200,2.9759838000,2.9846098400,3685212
2021-07-27 11:30:00,2.9846098400,2.9846098400,2.9673577600,2.9673577600,2259343
2021-07-27 13:15:00,2.9673577600,2.9759838000,2.9501056800,2.9587317200,5960100
2021-07-27 13:30:00,2.9587317200,2.9759838000,2.9328536000,2.9673577600,8083500
2021-07-27 13:45:00,2.9759838000,2.9846098400,2.9587317200,2.9759838000,3633852
2021-07-27 14:00:00,2.9759838000,2.9846098400,2.9587317200,2.9673577600,2349600
2021-07-27 14:15:00,2.9673577600,2.9759838000,2.9501056800,2.9587317200,3466500
2021-07-27 14:30:00,2.9587317200,2.9587317200,2.9328536000,2.9414796400,7401900
2021-07-27 14:45:00,2.9414796400,2.9414796400,2.8983494400,2.9242275600,11648400
2021-07-27 15:00:00,2.9242275600,2.9328536000,2.8897234000,2.9069754800,9452400
2021-07-28 09:45:00,2.9069744000,2.9596688000,2.8279328000,2.8367152000,24059174
2021-07-28 10:00:00,2.8367152000,2.8981920000,2.8191504000,2.8806272000,9525243
2021-07-28 10:15:00,2.8718448000,2.8981920000,2.8630624000,2.8981920000,3722107
2021-07-28 10:30:00,2.8981920000,2.9596688000,2.8981920000,2.9421040000,7348963
2021-07-28 10:45:00,2.9333216000,2.9508864000,2.9157568000,2.9333216000,3431200
2021-07-28 11:00:00,2.9333216000,2.9508864000,2.9245392000,2.9333216000,2260200
2021-07-28 11:15:00,2.9333216000,2.9333216000,2.9069744000,2.9157568000,2456200
2021-07-28 11:30:00,2.9245392000,2.9245392000,2.8981920000,2.9069744000,1214353
2021-07-28 13:15:00,2.9069744000,2.9157568000,2.8806272000,2.9157568000,1739747
2021-07-28 13:30:00,2.9157568000,2.9157568000,2.8806272000,2.8894096000,1624400
2021-07-28 13:45:00,2.8894096000,2.8981920000,2.8806272000,2.8894096000,1786700
2021-07-28 14:00:00,2.8894096000,2.9069744000,2.8806272000,2.8981920000,2013039
2021-07-28 14:15:00,2.9069744000,2.9421040000,2.9069744000,2.9245392000,3128800
2021-07-28 14:30:00,2.9245392000,2.9860160000,2.9245392000,2.9772336000,9084800
2021-07-28 14:45:00,2.9772336000,2.9860160000,2.9245392000,2.9333216000,4378200
2021-07-28 15:00:00,2.9333216000,2.9508864000,2.9245392000,2.9421040000,3770301
2021-07-29 09:45:00,2.9508864000,2.9947984000,2.9333216000,2.9421040000,11427851
2021-07-29 10:00:00,2.9508864000,2.9508864000,2.9157568000,2.9245392000,9099100
2021-07-29 10:15:00,2.9157568000,2.9421040000,2.9069744000,2.9245392000,5259707
2021-07-29 10:30:00,2.9245392000,2.9421040000,2.9157568000,2.9421040000,2284300
2021-07-29 10:45:00,2.9421040000,2.9421040000,2.9245392000,2.9245392000,2330700
2021-07-29 11:00:00,2.9245392000,2.9508864000,2.9157568000,2.9333216000,3201800
2021-07-29 11:15:00,2.9333216000,2.9596688000,2.9245392000,2.9421040000,3526300
2021-07-29 11:30:00,2.9421040000,2.9508864000,2.9245392000,2.9333216000,2481300
2021-07-29 13:15:00,2.9333216000,2.9421040000,2.9245392000,2.9333216000,2296110
2021-07-29 13:30:00,2.9421040000,2.9508864000,2.9245392000,2.9508864000,2219860
2021-07-29 13:45:00,2.9421040000,2.9508864000,2.9333216000,2.9421040000,2896300
2021-07-29 14:00:00,2.9421040000,2.9508864000,2.9333216000,2.9333216000,1875300
2021-07-29 14:15:00,2.9333216000,2.9421040000,2.9245392000,2.9333216000,3862640
2021-07-29 14:30:00,2.9245392000,2.9421040000,2.9245392000,2.9245392000,2400120
2021-07-29 14:45:00,2.9245392000,2.9333216000,2.9157568000,2.9245392000,4411800
2021-07-29 15:00:00,2.9245392000,2.9333216000,2.9157568000,2.9245392000,5271598
2021-07-30 09:45:00,2.9069744000,2.9333216000,2.8806272000,2.9157568000,6911761
2021-07-30 10:00:00,2.9157568000,2.9245392000,2.8894096000,2.8981920000,4003600
2021-07-30 10:15:00,2.8894096000,2.8981920000,2.8718448000,2.8806272000,5430301
2021-07-30 10:30:00,2.8806272000,2.9157568000,2.8630624000,2.8981920000,5490849
2021-07-30 10:45:00,2.8981920000,2.9245392000,2.8894096000,2.9157568000,2617800
2021-07-30 11:00:00,2.9157568000,2.9421040000,2.9157568000,2.9333216000,3642400
2021-07-30 11:15:00,2.9333216000,2.9333216000,2.9157568000,2.9157568000,1882200
2021-07-30 11:30:00,2.9157568000,2.9245392000,2.9069744000,2.9069744000,1428500
2021-07-30 13:15:00,2.9069744000,2.9157568000,2.8981920000,2.8981920000,1122700
2021-07-30 13:30:00,2.8981920000,2.9069744000,2.8894096000,2.8894096000,1055000
2021-07-30 13:45:00,2.8894096000,2.8981920000,2.8806272000,2.8894096000,2349600
2021-07-30 14:00:00,2.8894096000,2.8981920000,2.8806272000,2.8894096000,1730800
2021-07-30 14:15:00,2.8981920000,2.8981920000,2.8806272000,2.8981920000,1812000
2021-07-30 14:30:00,2.8981920000,2.8981920000,2.8718448000,2.8894096000,3219200
2021-07-30 14:45:00,2.8981920000,2.8981920000,2.8806272000,2.8894096000,2351300
2021-07-30 15:00:00,2.8894096000,2.8981920000,2.8806272000,2.8894096000,3869300
2021-08-02 09:45:00,2.9333216000,2.9860160000,2.9069744000,2.9684512000,19495400
2021-08-02 10:00:00,2.9596688000,2.9684512000,2.9333216000,2.9333216000,6805800
2021-08-02 10:15:00,2.9421040000,2.9421040000,2.9245392000,2.9421040000,4168454
2021-08-02 10:30:00,2.9421040000,2.9684512000,2.9333216000,2.9684512000,6054956
2021-08-02 10:45:00,2.9684512000,2.9947984000,2.9596688000,2.9684512000,10953602
2021-08-02 11:00:00,2.9772336000,3.0211456000,2.9684512000,3.0123632000,9122603
2021-08-02 11:15:00,3.0211456000,3.0387104000,2.9947984000,2.9947984000,10784605
2021-08-02 11:30:00,2.9947984000,3.0211456000,2.9947984000,3.0211456000,3364661
2021-08-02 13:15:00,3.0211456000,3.0387104000,3.0123632000,3.0211456000,5892100
2021-08-02 13:30:00,3.0211456000,3.0474928000,3.0035808000,3.0474928000,6618500
2021-08-02 13:45:00,3.0474928000,3.0474928000,3.0211456000,3.0299280000,3574200
2021-08-02 14:00:00,3.0299280000,3.0387104000,3.0211456000,3.0299280000,2181600
2021-08-02 14:15:00,3.0299280000,3.0387104000,3.0211456000,3.0299280000,3726500
2021-08-02 14:30:00,3.0299280000,3.0387104000,3.0211456000,3.0211456000,2846500
2021-08-02 14:45:00,3.0299280000,3.0299280000,3.0211456000,3.0211456000,3194500
2021-08-02 15:00:00,3.0299280000,3.0387104000,3.0211456000,3.0299280000,7615250
2021-08-03 09:45:00,2.9947984000,3.0211456000,2.9860160000,2.9860160000,11254000
2021-08-03 10:00:00,2.9947984000,2.9947984000,2.9684512000,2.9772336000,7217155
2021-08-03 10:15:00,2.9772336000,3.0299280000,2.9772336000,3.0035808000,9131926
2021-08-03 10:30:00,3.0123632000,3.0211456000,2.9947984000,3.0123632000,4508200
2021-08-03 10:45:00,3.0123632000,3.0738400000,3.0123632000,3.0650576000,8900322
2021-08-03 11:00:00,3.0650576000,3.0650576000,3.0299280000,3.0387104000,4319678
2021-08-03 11:15:00,3.0387104000,3.0474928000,3.0299280000,3.0387104000,2620900
2021-08-03 11:30:00,3.0474928000,3.0474928000,3.0211456000,3.0299280000,2457200
2021-08-03 13:15:00,3.0299280000,3.0562752000,3.0035808000,3.0562752000,5609000
2021-08-03 13:30:00,3.0562752000,3.0738400000,3.0299280000,3.0562752000,9923637
2021-08-03 13:45:00,3.0562752000,3.0562752000,3.0299280000,3.0474928000,3861200
2021-08-03 14:00:00,3.0474928000,3.1089696000,3.0474928000,3.1089696000,12640061
2021-08-03 14:15:00,3.1089696000,3.1792288000,3.1001872000,3.1265344000,24348803
2021-08-03 14:30:00,3.1265344000,3.1616640000,3.1089696000,3.1089696000,11822500
2021-08-03 14:45:00,3.1177520000,3.1616640000,3.1089696000,3.1265344000,9941200
2021-08-03 15:00:00,3.1265344000,3.1528816000,3.1177520000,3.1440992000,10104422
2021-08-04 09:45:00,3.2143584000,3.2494880000,3.1001872000,3.1967936000,42647265
2021-08-04 10:00:00,3.1967936000,3.2143584000,3.1353168000,3.1528816000,12800400
2021-08-04 10:15:00,3.1528816000,3.1528816000,3.1177520000,3.1265344000,8802400
2021-08-04 10:30:00,3.1265344000,3.1440992000,3.1177520000,3.1353168000,4162400
2021-08-04 10:45:00,3.1440992000,3.1440992000,3.1001872000,3.1001872000,6738300
2021-08-04 11:00:00,3.1001872000,3.1704464000,3.1001872000,3.1616640000,8267371
2021-08-04 11:15:00,3.1704464000,3.1792288000,3.1353168000,3.1353168000,5104706
2021-08-04 11:30:00,3.1353168000,3.1440992000,3.1353168000,3.1440992000,1280970
2021-08-04 13:15:00,3.1440992000,3.1616640000,3.1177520000,3.1177520000,4358130
2021-08-04 13:30:00,3.1089696000,3.1265344000,3.1089696000,3.1265344000,3181000
2021-08-04 13:45:00,3.1177520000,3.1353168000,3.1177520000,3.1177520000,2082000
2021-08-04 14:00:00,3.1177520000,3.1265344000,3.1177520000,3.1177520000,2024100
2021-08-04 14:15:00,3.1177520000,3.1265344000,3.1001872000,3.1089696000,4856200
2021-08-04 14:30:00,3.1089696000,3.1089696000,3.0826224000,3.1001872000,6687852
2021-08-04 14:45:00,3.1001872000,3.1177520000,3.0914048000,3.1177520000,2406001
2021-08-04 15:00:00,3.1265344000,3.1265344000,3.1089696000,3.1177520000,5271201
2021-08-05 09:45:00,3.0738400000,3.1440992000,3.0562752000,3.1265344000,16601410
2021-08-05 10:00:00,3.1265344000,3.1353168000,3.1001872000,3.1001872000,5989700
2021-08-05 10:15:00,3.1001872000,3.1265344000,3.1001872000,3.1001872000,3645300
2021-08-05 10:30:00,3.1001872000,3.1353168000,3.0826224000,3.1177520000,6544200
2021-08-05 10:45:00,3.1089696000,3.1177520000,3.0826224000,3.0826224000,4389400
2021-08-05 11:00:00,3.0826224000,3.0914048000,3.0650576000,3.0650576000,4376000
2021-08-05 11:15:00,3.0650576000,3.0826224000,3.0650576000,3.0738400000,2425800
2021-08-05 11:30:00,3.0738400000,3.0826224000,3.0738400000,3.0738400000,1874837
2021-08-05 13:15:00,3.0826224000,3.0826224000,3.0474928000,3.0562752000,4922700
2021-08-05 13:30:00,3.0562752000,3.0650576000,3.0387104000,3.0562752000,5350400
2021-08-05 13:45:00,3.0474928000,3.0474928000,3.0299280000,3.0387104000,5208200
2021-08-05 14:00:00,3.0299280000,3.0387104000,3.0035808000,3.0123632000,7348500
2021-08-05 14:15:00,3.0123632000,3.0299280000,3.0123632000,3.0211456000,2836185
2021-08-05 14:30:00,3.0211456000,3.0299280000,3.0123632000,3.0211456000,2230300
2021-08-05 14:45:00,3.0211456000,3.0387104000,3.0211456000,3.0387104000,2191600
2021-08-05 15:00:00,3.0387104000,3.0387104000,3.0299280000,3.0387104000,3333800
2021-08-06 09:45:00,3.0299280000,3.0650576000,3.0035808000,3.0650576000,10554789
2021-08-06 10:00:00,3.0650576000,3.0826224000,3.0562752000,3.0650576000,7621707
2021-08-06 10:15:00,3.0562752000,3.1177520000,3.0562752000,3.1001872000,9874221
2021-08-06 10:30:00,3.1001872000,3.1616640000,3.1001872000,3.1616640000,18273355
2021-08-06 10:45:00,3.1616640000,3.1967936000,3.1265344000,3.1353168000,9871793
2021-08-06 11:00:00,3.1353168000,3.1440992000,3.1089696000,3.1177520000,4050900
2021-08-06 11:15:00,3.1089696000,3.1265344000,3.1089696000,3.1177520000,2426100
2021-08-06 11:30:00,3.1177520000,3.1177520000,3.1001872000,3.1089696000,2191437
2021-08-06 13:15:00,3.1089696000,3.1089696000,3.0914048000,3.1001872000,2269100
2021-08-06 13:30:00,3.1001872000,3.1089696000,3.0914048000,3.0914048000,1848600
2021-08-06 13:45:00,3.0914048000,3.1001872000,3.0826224000,3.0914048000,2358100
2021-08-06 14:00:00,3.0914048000,3.1089696000,3.0826224000,3.0914048000,2109200
2021-08-06 14:15:00,3.0914048000,3.1001872000,3.0738400000,3.0826224000,3501669
2021-08-06 14:30:00,3.0826224000,3.0914048000,3.0738400000,3.0914048000,5420200
2021-08-06 14:45:00,3.0914048000,3.1089696000,3.0826224000,3.1001872000,3238100
2021-08-06 15:00:00,3.1001872000,3.1089696000,3.0914048000,3.1089696000,4544200
2021-08-09 09:45:00,3.1089696000,3.1528816000,3.0914048000,3.1177520000,10953600
2021-08-09 10:00:00,3.1265344000,3.1704464000,3.1265344000,3.1616640000,13937700
2021-08-09 10:15:00,3.1616640000,3.1616640000,3.1265344000,3.1353168000,4855100
2021-08-09 10:30:00,3.1353168000,3.1440992000,3.1177520000,3.1353168000,3700900
2021-08-09 10:45:00,3.1353168000,3.1353168000,3.1089696000,3.1177520000,3239900
2021-08-09 11:00:00,3.1177520000,3.1177520000,3.0914048000,3.1001872000,4709200
2021-08-09 11:15:00,3.1089696000,3.1177520000,3.1001872000,3.1177520000,2495000
2021-08-09 11:30:00,3.1177520000,3.1177520000,3.0914048000,3.0914048000,3294900
2021-08-09 13:15:00,3.1001872000,3.1001872000,3.0738400000,3.0826224000,3129000
2021-08-09 13:30:00,3.0826224000,3.0914048000,3.0738400000,3.0914048000,2409722
2021-08-09 13:45:00,3.0914048000,3.1001872000,3.0826224000,3.0914048000,1461000
2021-08-09 14:00:00,3.0914048000,3.1089696000,3.0914048000,3.1001872000,1892900
2021-08-09 14:15:00,3.1001872000,3.1089696000,3.0914048000,3.0914048000,1951500
2021-08-09 14:30:00,3.1001872000,3.1001872000,3.0914048000,3.1001872000,921100
2021-08-09 14:45:00,3.0914048000,3.1001872000,3.0826224000,3.0914048000,3122500
2021-08-09 15:00:00,3.0914048000,3.0914048000,3.0738400000,3.0826224000,8558421
2021-08-10 09:45:00,3.0738400000,3.0826224000,3.0299280000,3.0474928000,10253900
2021-08-10 10:00:00,3.0474928000,3.0738400000,3.0299280000,3.0387104000,8161487
2021-08-10 10:15:00,3.0387104000,3.0474928000,3.0299280000,3.0474928000,5547500
2021-08-10 10:30:00,3.0474928000,3.0562752000,3.0387104000,3.0474928000,2219000
2021-08-10 10:45:00,3.0562752000,3.0562752000,3.0387104000,3.0474928000,3200600
2021-08-10 11:00:00,3.0474928000,3.0914048000,3.0387104000,3.0650576000,4729120
2021-08-10 11:15:00,3.0650576000,3.0738400000,3.0474928000,3.0474928000,2696080
2021-08-10 11:30:00,3.0474928000,3.0562752000,3.0387104000,3.0387104000,1454800
2021-08-10 13:15:00,3.0474928000,3.0474928000,3.0299280000,3.0387104000,2886100
2021-08-10 13:30:00,3.0387104000,3.0474928000,3.0387104000,3.0474928000,1248300
2021-08-10 13:45:00,3.0387104000,3.0650576000,3.0387104000,3.0650576000,2315839
2021-08-10 14:00:00,3.0650576000,3.0650576000,3.0474928000,3.0562752000,1920939
2021-08-10 14:15:00,3.0562752000,3.0562752000,3.0387104000,3.0474928000,1680200
2021-08-10 14:30:00,3.0474928000,3.0474928000,3.0299280000,3.0299280000,3074100
2021-08-10 14:45:00,3.0387104000,3.0562752000,3.0299280000,3.0474928000,3507728
2021-08-10 15:00:00,3.0474928000,3.0562752000,3.0474928000,3.0474928000,3040539
2021-08-11 09:45:00,3.0738400000,3.1001872000,3.0650576000,3.0914048000,13307376
2021-08-11 10:00:00,3.0914048000,3.0914048000,3.0738400000,3.0914048000,4453700
2021-08-11 10:15:00,3.0826224000,3.1353168000,3.0826224000,3.1001872000,12887738
2021-08-11 10:30:00,3.1089696000,3.1089696000,3.0914048000,3.1089696000,3556000
2021-08-11 10:45:00,3.1089696000,3.1177520000,3.0914048000,3.1177520000,4309637
2021-08-11 11:00:00,3.1177520000,3.1353168000,3.1089696000,3.1177520000,9766855
2021-08-11 11:15:00,3.1265344000,3.1353168000,3.1177520000,3.1177520000,3757929
2021-08-11 11:30:00,3.1265344000,3.1265344000,3.1177520000,3.1177520000,1297200
2021-08-11 13:15:00,3.1177520000,3.1265344000,3.1089696000,3.1089696000,2792200
2021-08-11 13:30:00,3.1089696000,3.1177520000,3.1001872000,3.1089696000,1794900
2021-08-11 13:45:00,3.1001872000,3.1089696000,3.1001872000,3.1001872000,1475500
2021-08-11 14:00:00,3.1001872000,3.1089696000,3.0914048000,3.1001872000,1586200
2021-08-11 14:15:00,3.0914048000,3.1001872000,3.0826224000,3.0826224000,3255130
2021-08-11 14:30:00,3.0826224000,3.1001872000,3.0826224000,3.0914048000,3124700
2021-08-11 14:45:00,3.1001872000,3.1001872000,3.0826224000,3.0826224000,2343200
2021-08-11 15:00:00,3.0826224000,3.1001872000,3.0826224000,3.0914048000,4315245
2021-08-12 09:45:00,3.1177520000,3.1792288000,3.1089696000,3.1704464000,21669100
2021-08-12 10:00:00,3.1704464000,3.2055760000,3.1704464000,3.1704464000,19775573
2021-08-12 10:15:00,3.1792288000,3.2319232000,3.1704464000,3.2143584000,17473263
2021-08-12 10:30:00,3.2231408000,3.2670528000,3.2055760000,3.2582704000,20202069
2021-08-12 10:45:00,3.2494880000,3.3109648000,3.2407056000,3.2494880000,20342865
2021-08-12 11:00:00,3.2494880000,3.2670528000,3.2143584000,3.2407056000,9009220
2021-08-12 11:15:00,3.2407056000,3.2758352000,3.2407056000,3.2494880000,6719902
2021-08-12 11:30:00,3.2582704000,3.2582704000,3.2407056000,3.2407056000,2083534
2021-08-12 13:15:00,3.2494880000,3.2494880000,3.2231408000,3.2319232000,3576700
2021-08-12 13:30:00,3.2319232000,3.2319232000,3.2143584000,3.2319232000,3638300
2021-08-12 13:45:00,3.2319232000,3.2319232000,3.2055760000,3.2143584000,4217700
2021-08-12 14:00:00,3.2143584000,3.2143584000,3.1967936000,3.2055760000,3145100
2021-08-12 14:15:00,3.2055760000,3.2143584000,3.1967936000,3.2143584000,2584700
2021-08-12 14:30:00,3.2143584000,3.2231408000,3.1967936000,3.2055760000,4793800
2021-08-12 14:45:00,3.2055760000,3.2231408000,3.1967936000,3.2143584000,6987883
2021-08-12 15:00:00,3.2231408000,3.2319232000,3.2143584000,3.2143584000,9326100
2021-08-13 09:45:00,3.2319232000,3.3197472000,3.1967936000,3.3021824000,27581110
2021-08-13 10:00:00,3.3021824000,3.3109648000,3.2231408000,3.2494880000,14563500
2021-08-13 10:15:00,3.2494880000,3.2494880000,3.2143584000,3.2319232000,8524700
2021-08-13 10:30:00,3.2319232000,3.2407056000,3.2231408000,3.2319232000,5939037
2021-08-13 10:45:00,3.2319232000,3.2407056000,3.1967936000,3.1967936000,8314963
2021-08-13 11:00:00,3.1967936000,3.2055760000,3.1792288000,3.2055760000,4847400
2021-08-13 11:15:00,3.2055760000,3.2231408000,3.1967936000,3.2231408000,2779800
2021-08-13 11:30:00,3.2231408000,3.2231408000,3.1880112000,3.1967936000,3022900
2021-08-13 13:15:00,3.1880112000,3.1967936000,3.1704464000,3.1792288000,5952500
2021-08-13 13:30:00,3.1704464000,3.1792288000,3.1616640000,3.1616640000,5679200
2021-08-13 13:45:00,3.1704464000,3.1704464000,3.1440992000,3.1528816000,9176488
2021-08-13 14:00:00,3.1440992000,3.1528816000,3.1353168000,3.1353168000,6046900
2021-08-13 14:15:00,3.1440992000,3.1704464000,3.1440992000,3.1616640000,5789838
2021-08-13 14:30:00,3.1616640000,3.1792288000,3.1528816000,3.1704464000,4715400
2021-08-13 14:45:00,3.1704464000,3.1704464000,3.1616640000,3.1704464000,3543003
2021-08-13 15:00:00,3.1704464000,3.1880112000,3.1616640000,3.1704464000,8925340
2021-08-16 09:45:00,3.2143584000,3.2143584000,3.1353168000,3.1440992000,16610600
2021-08-16 10:00:00,3.1440992000,3.1440992000,3.1001872000,3.1001872000,14258263
2021-08-16 10:15:00,3.1001872000,3.1265344000,3.1001872000,3.1177520000,6427000
2021-08-16 10:30:00,3.1089696000,3.1177520000,3.0826224000,3.1089696000,7878024
2021-08-16 10:45:00,3.1001872000,3.1177520000,3.1001872000,3.1177520000,2345400
2021-08-16 11:00:00,3.1177520000,3.1353168000,3.1089696000,3.1177520000,2251200
2021-08-16 11:15:00,3.1177520000,3.1353168000,3.1177520000,3.1265344000,1790300
2021-08-16 11:30:00,3.1353168000,3.1353168000,3.1177520000,3.1265344000,1026500
2021-08-16 13:15:00,3.1265344000,3.1265344000,3.1089696000,3.1089696000,1693800
2021-08-16 13:30:00,3.1089696000,3.1177520000,3.1089696000,3.1177520000,1472500
2021-08-16 13:45:00,3.1177520000,3.1177520000,3.1001872000,3.1089696000,2149400
2021-08-16 14:00:00,3.1001872000,3.1177520000,3.1001872000,3.1089696000,1567200
2021-08-16 14:15:00,3.1177520000,3.1177520000,3.1001872000,3.1001872000,2247600
2021-08-16 14:30:00,3.1001872000,3.1089696000,3.0914048000,3.1001872000,4042900
2021-08-16 14:45:00,3.1001872000,3.1089696000,3.0914048000,3.1001872000,3456100
2021-08-16 15:00:00,3.0914048000,3.1089696000,3.0914048000,3.1001872000,6386125
2021-08-17 09:45:00,3.1177520000,3.1353168000,3.0738400000,3.1265344000,8373300
2021-08-17 10:00:00,3.1265344000,3.1265344000,3.1001872000,3.1089696000,4166400
2021-08-17 10:15:00,3.1177520000,3.1177520000,3.0826224000,3.0914048000,8438900
2021-08-17 10:30:00,3.0914048000,3.1089696000,3.0826224000,3.1089696000,3345300
2021-08-17 10:45:00,3.1089696000,3.1528816000,3.1089696000,3.1528816000,9099806
2021-08-17 11:00:00,3.1440992000,3.1616640000,3.1353168000,3.1353168000,5617900
2021-08-17 11:15:00,3.1353168000,3.1440992000,3.1265344000,3.1265344000,2258300
2021-08-17 11:30:00,3.1265344000,3.1353168000,3.1089696000,3.1265344000,2207200
2021-08-17 13:15:00,3.1177520000,3.1265344000,3.0914048000,3.0914048000,2748400
2021-08-17 13:30:00,3.1001872000,3.1001872000,3.0914048000,3.0914048000,2426500
2021-08-17 13:45:00,3.1001872000,3.1001872000,3.0738400000,3.0738400000,4874400
2021-08-17 14:00:00,3.0826224000,3.0914048000,3.0650576000,3.0650576000,6721900
2021-08-17 14:15:00,3.0738400000,3.0738400000,3.0387104000,3.0474928000,10125900
2021-08-17 14:30:00,3.0562752000,3.0562752000,3.0035808000,3.0123632000,11613605
2021-08-17 14:45:00,3.0123632000,3.0299280000,2.9684512000,2.9860160000,12624295
2021-08-17 15:00:00,2.9860160000,3.0035808000,2.9508864000,3.0035808000,11434733
2021-08-18 09:45:00,2.9860160000,3.0035808000,2.9508864000,2.9508864000,12765733
2021-08-18 10:00:00,2.9508864000,2.9684512000,2.9245392000,2.9596688000,10281789
2021-08-18 10:15:00,2.9596688000,2.9860160000,2.9596688000,2.9860160000,3474110
2021-08-18 10:30:00,2.9860160000,2.9860160000,2.9684512000,2.9772336000,1954400
2021-08-18 10:45:00,2.9860160000,3.0123632000,2.9772336000,3.0035808000,2887201
2021-08-18 11:00:00,3.0035808000,3.0035808000,2.9860160000,2.9947984000,1244400
2021-08-18 11:15:00,2.9947984000,2.9947984000,2.9772336000,2.9772336000,1666699
2021-08-18 11:30:00,2.9772336000,3.0035808000,2.9772336000,3.0035808000,2985301
2021-08-18 13:15:00,3.0035808000,3.0123632000,2.9860160000,3.0035808000,3356200
2021-08-18 13:30:00,3.0035808000,3.0299280000,2.9947984000,3.0299280000,4266400
2021-08-18 13:45:00,3.0299280000,3.0299280000,3.0035808000,3.0123632000,2179400
2021-08-18 14:00:00,3.0123632000,3.0123632000,2.9860160000,3.0035808000,2129904
2021-08-18 14:15:00,3.0035808000,3.0123632000,2.9947984000,3.0035808000,1883696
2021-08-18 14:30:00,3.0123632000,3.0123632000,2.9947984000,3.0035808000,1933101
2021-08-18 14:45:00,3.0123632000,3.0387104000,3.0035808000,3.0299280000,4623730
2021-08-18 15:00:00,3.0299280000,3.0387104000,3.0211456000,3.0299280000,6488565
2021-08-19 09:45:00,3.0474928000,3.0474928000,2.9772336000,2.9947984000,9394200
2021-08-19 10:00:00,2.9860160000,3.0299280000,2.9860160000,3.0123632000,4501092
2021-08-19 10:15:00,3.0123632000,3.0211456000,2.9772336000,2.9772336000,4742308
2021-08-19 10:30:00,2.9772336000,2.9860160000,2.9596688000,2.9772336000,6732200
2021-08-19 10:45:00,2.9684512000,2.9947984000,2.9684512000,2.9772336000,1774100
2021-08-19 11:00:00,2.9772336000,3.0035808000,2.9772336000,2.9860160000,2852300
2021-08-19 11:15:00,2.9860160000,2.9860160000,2.9684512000,2.9772336000,1725300
2021-08-19 11:30:00,2.9772336000,2.9860160000,2.9684512000,2.9860160000,2061300
2021-08-19 13:15:00,2.9772336000,2.9860160000,2.9684512000,2.9772336000,2078300
2021-08-19 13:30:00,2.9772336000,2.9947984000,2.9772336000,2.9947984000,1334773
2021-08-19 13:45:00,2.9860160000,3.0035808000,2.9860160000,2.9860160000,1585700
2021-08-19 14:00:00,2.9860160000,3.0035808000,2.9860160000,2.9860160000,1972400
2021-08-19 14:15:00,2.9860160000,3.0035808000,2.9860160000,2.9860160000,1884000
2021-08-19 14:30:00,2.9947984000,2.9947984000,2.9772336000,2.9947984000,1503400
2021-08-19 14:45:00,2.9947984000,2.9947984000,2.9772336000,2.9772336000,1857100
2021-08-19 15:00:00,2.9772336000,2.9860160000,2.9772336000,2.9860160000,3966680
2021-08-20 09:45:00,2.9596688000,2.9772336000,2.9245392000,2.9596688000,7840301
2021-08-20 10:00:00,2.9508864000,2.9596688000,2.9421040000,2.9508864000,4502610
2021-08-20 10:15:00,2.9421040000,2.9596688000,2.9421040000,2.9508864000,4287405
2021-08-20 10:30:00,2.9508864000,2.9596688000,2.9421040000,2.9421040000,1405200
2021-08-20 10:45:00,2.9421040000,2.9508864000,2.9333216000,2.9333216000,3476800
2021-08-20 11:00:00,2.9333216000,2.9421040000,2.9157568000,2.9245392000,5134700
2021-08-20 11:15:00,2.9245392000,2.9333216000,2.9069744000,2.9245392000,5355300
2021-08-20 11:30:00,2.9245392000,2.9333216000,2.9069744000,2.9157568000,5204800
2021-08-20 13:15:00,2.9157568000,2.9157568000,2.8981920000,2.9157568000,3897000
2021-08-20 13:30:00,2.9157568000,2.9157568000,2.8981920000,2.8981920000,2884417
2021-08-20 13:45:00,2.9069744000,2.9245392000,2.9069744000,2.9157568000,2191700
2021-08-20 14:00:00,2.9157568000,2.9157568000,2.8981920000,2.9157568000,2819338
2021-08-20 14:15:00,2.9157568000,2.9245392000,2.9069744000,2.9157568000,2285700
2021-08-20 14:30:00,2.9245392000,2.9508864000,2.9245392000,2.9333216000,3388065
2021-08-20 14:45:00,2.9421040000,2.9421040000,2.9245392000,2.9421040000,2458500
2021-08-20 15:00:00,2.9421040000,2.9508864000,2.9333216000,2.9508864000,3732000
2021-08-23 09:45:00,2.9508864000,2.9772336000,2.9245392000,2.9772336000,10822002
2021-08-23 10:00:00,2.9772336000,2.9772336000,2.9596688000,2.9596688000,3687900
2021-08-23 10:15:00,2.9684512000,2.9684512000,2.9508864000,2.9596688000,2943500
2021-08-23 10:30:00,2.9596688000,2.9684512000,2.9508864000,2.9684512000,1675777
2021-08-23 10:45:00,2.9684512000,2.9860160000,2.9596688000,2.9860160000,4399010
2021-08-23 11:00:00,2.9772336000,3.0035808000,2.9772336000,2.9860160000,8350600
2021-08-23 11:15:00,2.9947984000,3.0211456000,2.9860160000,3.0035808000,5528153
2021-08-23 11:30:00,3.0123632000,3.0123632000,2.9947984000,3.0035808000,2086100
2021-08-23 13:15:00,3.0035808000,3.0123632000,2.9947984000,3.0035808000,2746500
2021-08-23 13:30:00,3.0035808000,3.0123632000,3.0035808000,3.0035808000,1396201
2021-08-23 13:45:00,3.0035808000,3.0123632000,2.9947984000,3.0035808000,2424599
2021-08-23 14:00:00,3.0035808000,3.0035808000,2.9947984000,2.9947984000,1335700
2021-08-23 14:15:00,2.9947984000,3.0123632000,2.9860160000,3.0123632000,6258360
2021-08-23 14:30:00,3.0035808000,3.0211456000,3.0035808000,3.0211456000,2953901
2021-08-23 14:45:00,3.0123632000,3.0299280000,3.0123632000,3.0211456000,5182800
2021-08-23 15:00:00,3.0211456000,3.0299280000,3.0123632000,3.0211456000,4851508
2021-08-24 09:45:00,3.0562752000,3.1880112000,3.0387104000,3.1616640000,38953942
2021-08-24 10:00:00,3.1616640000,3.1792288000,3.1177520000,3.1177520000,14875500
2021-08-24 10:15:00,3.1265344000,3.1265344000,3.1001872000,3.1089696000,8147900
2021-08-24 10:30:00,3.1089696000,3.1177520000,3.0914048000,3.1001872000,5181200
2021-08-24 10:45:00,3.1001872000,3.1001872000,3.0826224000,3.0914048000,3424900
2021-08-24 11:00:00,3.0914048000,3.1001872000,3.0826224000,3.0826224000,3859300
2021-08-24 11:15:00,3.0826224000,3.1001872000,3.0826224000,3.0826224000,2007200
2021-08-24 11:30:00,3.0826224000,3.0914048000,3.0826224000,3.0914048000,1938768
2021-08-24 13:15:00,3.1001872000,3.1001872000,3.0914048000,3.1001872000,1736693
2021-08-24 13:30:00,3.1001872000,3.1089696000,3.0914048000,3.0914048000,1526600
2021-08-24 13:45:00,3.0914048000,3.1089696000,3.0914048000,3.1001872000,2323038
2021-08-24 14:00:00,3.1001872000,3.1089696000,3.0914048000,3.1001872000,1826800
2021-08-24 14:15:00,3.1001872000,3.1089696000,3.0826224000,3.0914048000,2498969
2021-08-24 14:30:00,3.0826224000,3.1001872000,3.0826224000,3.0826224000,1975200
2021-08-24 14:45:00,3.0914048000,3.0914048000,3.0826224000,3.0826224000,1857900
2021-08-24 15:00:00,3.0826224000,3.1001872000,3.0826224000,3.0914048000,5677603
2021-08-25 09:45:00,3.0826224000,3.1967936000,3.0826224000,3.1440992000,29255927
2021-08-25 10:00:00,3.1440992000,3.1440992000,3.0914048000,3.1089696000,11293200
2021-08-25 10:15:00,3.1177520000,3.1440992000,3.1001872000,3.1265344000,6558390
2021-08-25 10:30:00,3.1265344000,3.1265344000,3.1001872000,3.1089696000,3681201
2021-08-25 10:45:00,3.1089696000,3.1353168000,3.1089696000,3.1265344000,2867300
2021-08-25 11:00:00,3.1353168000,3.1353168000,3.1177520000,3.1265344000,1873700
2021-08-25 11:15:00,3.1265344000,3.1353168000,3.1177520000,3.1353168000,1796817
2021-08-25 11:30:00,3.1265344000,3.1704464000,3.1265344000,3.1616640000,8212100
2021-08-25 13:15:00,3.1528816000,3.1792288000,3.1528816000,3.1704464000,7751501
2021-08-25 13:30:00,3.1704464000,3.2055760000,3.1704464000,3.1880112000,18198798
2021-08-25 13:45:00,3.1967936000,3.2055760000,3.1792288000,3.1792288000,8251700
2021-08-25 14:00:00,3.1880112000,3.1880112000,3.1792288000,3.1792288000,3006200
2021-08-25 14:15:00,3.1792288000,3.1880112000,3.1792288000,3.1792288000,3177300
2021-08-25 14:30:00,3.1880112000,3.1880112000,3.1704464000,3.1792288000,4145200
2021-08-25 14:45:00,3.1880112000,3.1967936000,3.1792288000,3.1967936000,6573025
2021-08-25 15:00:00,3.1880112000,3.1967936000,3.1880112000,3.1880112000,7598060
2021-08-26 09:45:00,3.2231408000,3.3021824000,3.1880112000,3.2846176000,40601260
2021-08-26 10:00:00,3.2758352000,3.3812240000,3.2758352000,3.3460944000,41778162
2021-08-26 10:15:00,3.3460944000,3.3987888000,3.3373120000,3.3900064000,33210281
2021-08-26 10:30:00,3.3900064000,3.3900064000,3.3548768000,3.3548768000,13542700
2021-08-26 10:45:00,3.3548768000,3.4251360000,3.3548768000,3.4251360000,20866706
2021-08-26 11:00:00,3.4251360000,3.4251360000,3.3987888000,3.4075712000,11073605
2021-08-26 11:15:00,3.4075712000,3.4251360000,3.3987888000,3.3987888000,10345000
2021-08-26 11:30:00,3.3987888000,3.4163536000,3.3812240000,3.4075712000,9017070
2021-08-26 13:15:00,3.4075712000,3.4514832000,3.3987888000,3.4339184000,14201001
2021-08-26 13:30:00,3.4427008000,3.4602656000,3.4339184000,3.4427008000,8980600
2021-08-26 13:45:00,3.4339184000,3.4514832000,3.4251360000,3.4339184000,4820698
2021-08-26 14:00:00,3.4339184000,3.4514832000,3.4075712000,3.4075712000,6203800
2021-08-26 14:15:00,3.4075712000,3.4251360000,3.4075712000,3.4075712000,4439401
2021-08-26 14:30:00,3.4075712000,3.4251360000,3.3900064000,3.4163536000,7092322
2021-08-26 14:45:00,3.4163536000,3.4163536000,3.3724416000,3.3724416000,9508200
2021-08-26 15:00:00,3.3812240000,3.3987888000,3.3724416000,3.3987888000,13108740
2021-08-27 09:45:00,3.3636592000,3.4075712000,3.3197472000,3.3285296000,39639071
2021-08-27 10:00:00,3.3285296000,3.3285296000,3.2934000000,3.3021824000,18137742
2021-08-27 10:15:00,3.3021824000,3.3109648000,3.2670528000,3.2758352000,18738600
2021-08-27 10:30:00,3.2846176000,3.3109648000,3.2846176000,3.2846176000,12847735
2021-08-27 10:45:00,3.2846176000,3.3285296000,3.2846176000,3.3285296000,7152585
2021-08-27 11:00:00,3.3285296000,3.3548768000,3.3285296000,3.3373120000,4893700
2021-08-27 11:15:00,3.3373120000,3.3724416000,3.3285296000,3.3548768000,6233406
2021-08-27 11:30:00,3.3636592000,3.3900064000,3.3460944000,3.3812240000,5379816
2021-08-27 13:15:00,3.3812240000,3.3812240000,3.3460944000,3.3548768000,5027986
2021-08-27 13:30:00,3.3548768000,3.3636592000,3.3460944000,3.3636592000,3769700
2021-08-27 13:45:00,3.3636592000,3.3724416000,3.3460944000,3.3724416000,3216800
2021-08-27 14:00:00,3.3724416000,3.3987888000,3.3548768000,3.3636592000,5506400
2021-08-27 14:15:00,3.3724416000,3.3812240000,3.3636592000,3.3812240000,3201200
2021-08-27 14:30:00,3.3812240000,3.4251360000,3.3812240000,3.3900064000,10002840
2021-08-27 14:45:00,3.3812240000,3.3900064000,3.3724416000,3.3900064000,5055360
2021-08-27 15:00:00,3.3900064000,3.3987888000,3.3812240000,3.3987888000,7094700
2021-08-30 09:45:00,3.4075712000,3.4602656000,3.3460944000,3.3636592000,21183800
2021-08-30 10:00:00,3.3636592000,3.4251360000,3.3636592000,3.3900064000,12679400
2021-08-30 10:15:00,3.3987888000,3.3987888000,3.3548768000,3.3812240000,9067620
2021-08-30 10:30:00,3.3812240000,3.4163536000,3.3724416000,3.4075712000,6959965
2021-08-30 10:45:00,3.4075712000,3.4514832000,3.3987888000,3.4251360000,8971600
2021-08-30 11:00:00,3.4339184000,3.4514832000,3.4251360000,3.4514832000,6007400
2021-08-30 11:15:00,3.4514832000,3.4514832000,3.4163536000,3.4251360000,5636008
2021-08-30 11:30:00,3.4163536000,3.4251360000,3.3987888000,3.4251360000,2961100
2021-08-30 13:15:00,3.4251360000,3.4514832000,3.4251360000,3.4427008000,7350920
2021-08-30 13:30:00,3.4427008000,3.4427008000,3.4163536000,3.4251360000,4158300
2021-08-30 13:45:00,3.4339184000,3.4339184000,3.4075712000,3.4075712000,4784638
2021-08-30 14:00:00,3.4163536000,3.4163536000,3.3987888000,3.3987888000,5023900
2021-08-30 14:15:00,3.3987888000,3.4163536000,3.3900064000,3.4075712000,3648200
2021-08-30 14:30:00,3.4163536000,3.4251360000,3.3987888000,3.4163536000,4445300
2021-08-30 14:45:00,3.4251360000,3.4339184000,3.4163536000,3.4251360000,5572700
2021-08-30 15:00:00,3.4339184000,3.4514832000,3.4339184000,3.4339184000,14596348
2021-08-31 09:45:00,3.4251360000,3.4339184000,3.3197472000,3.3460944000,30063041
2021-08-31 10:00:00,3.3460944000,3.3812240000,3.3460944000,3.3460944000,9968120
2021-08-31 10:15:00,3.3548768000,3.3636592000,3.3197472000,3.3460944000,15540700
2021-08-31 10:30:00,3.3460944000,3.3548768000,3.3373120000,3.3548768000,4859047
2021-08-31 10:45:00,3.3548768000,3.3636592000,3.3373120000,3.3460944000,4840300
2021-08-31 11:00:00,3.3460944000,3.3548768000,3.3285296000,3.3285296000,6373100
2021-08-31 11:15:00,3.3285296000,3.3373120000,3.3109648000,3.3197472000,6550900
2021-08-31 11:30:00,3.3197472000,3.3285296000,3.2846176000,3.3021824000,11086900
2021-08-31 13:15:00,3.3021824000,3.3460944000,3.3021824000,3.3373120000,6389701
2021-08-31 13:30:00,3.3373120000,3.3548768000,3.3285296000,3.3285296000,4178400
2021-08-31 13:45:00,3.3285296000,3.3636592000,3.3285296000,3.3548768000,6011900
2021-08-31 14:00:00,3.3636592000,3.3987888000,3.3548768000,3.3987888000,5963300
2021-08-31 14:15:00,3.3987888000,3.3987888000,3.3724416000,3.3900064000,4481360
2021-08-31 14:30:00,3.3812240000,3.3900064000,3.3724416000,3.3724416000,3345700
2021-08-31 14:45:00,3.3812240000,3.3812240000,3.3724416000,3.3724416000,4748160
2021-08-31 15:00:00,3.3724416000,3.3812240000,3.3724416000,3.3812240000,6960200
2021-09-01 09:45:00,3.4251360000,3.5393072000,3.3987888000,3.4866128000,42004688
2021-09-01 10:00:00,3.4953952000,3.5217424000,3.4866128000,3.5041776000,15362410
2021-09-01 10:15:00,3.5041776000,3.5568720000,3.4427008000,3.4427008000,28235513
2021-09-01 10:30:00,3.4427008000,3.4602656000,3.4251360000,3.4602656000,11610836
2021-09-01 10:45:00,3.4602656000,3.4690480000,3.4075712000,3.4075712000,11194266
2021-09-01 11:00:00,3.4075712000,3.4339184000,3.3900064000,3.4251360000,5522100
2021-09-01 11:15:00,3.4251360000,3.4427008000,3.4163536000,3.4339184000,4190900
2021-09-01 11:30:00,3.4339184000,3.4339184000,3.3900064000,3.4075712000,7269262
2021-09-01 13:15:00,3.4075712000,3.4339184000,3.3987888000,3.4251360000,5140200
2021-09-01 13:30:00,3.4251360000,3.4251360000,3.4075712000,3.4075712000,4462300
2021-09-01 13:45:00,3.4075712000,3.4339184000,3.4075712000,3.4251360000,5468000
2021-09-01 14:00:00,3.4163536000,3.4427008000,3.4163536000,3.4339184000,3663900
2021-09-01 14:15:00,3.4339184000,3.4690480000,3.4339184000,3.4690480000,5447400
2021-09-01 14:30:00,3.4690480000,3.4778304000,3.4514832000,3.4602656000,5564201
2021-09-01 14:45:00,3.4602656000,3.4602656000,3.4427008000,3.4427008000,3917400
2021-09-01 15:00:00,3.4514832000,3.4514832000,3.4251360000,3.4427008000,6366120
2021-09-02 09:45:00,3.4427008000,3.4953952000,3.4163536000,3.4339184000,15378536
2021-09-02 10:00:00,3.4339184000,3.4690480000,3.4251360000,3.4514832000,9826700
2021-09-02 10:15:00,3.4514832000,3.4602656000,3.4163536000,3.4339184000,9994200
2021-09-02 10:30:00,3.4339184000,3.4427008000,3.4075712000,3.4251360000,8602900
2021-09-02 10:45:00,3.4251360000,3.4514832000,3.4163536000,3.4427008000,5822101
2021-09-02 11:00:00,3.4427008000,3.4778304000,3.4427008000,3.4514832000,6676200
2021-09-02 11:15:00,3.4514832000,3.4602656000,3.4427008000,3.4514832000,3255200
2021-09-02 11:30:00,3.4427008000,3.4602656000,3.4427008000,3.4514832000,2657354
2021-09-02 13:15:00,3.4514832000,3.4514832000,3.4339184000,3.4514832000,4579401
2021-09-02 13:30:00,3.4427008000,3.4514832000,3.4251360000,3.4339184000,3919700
2021-09-02 13:45:00,3.4339184000,3.4427008000,3.4251360000,3.4339184000,4217200
2021-09-02 14:00:00,3.4251360000,3.4427008000,3.4251360000,3.4339184000,3241900
2021-09-02 14:15:00,3.4339184000,3.4427008000,3.4251360000,3.4339184000,3718600
2021-09-02 14:30:00,3.4339184000,3.4427008000,3.4251360000,3.4427008000,3683400
2021-09-02 14:45:00,3.4427008000,3.4427008000,3.4339184000,3.4339184000,3978800
2021-09-02 15:00:00,3.4339184000,3.4427008000,3.4251360000,3.4427008000,7428590
2021-09-03 09:45:00,3.4251360000,3.5480896000,3.4075712000,3.5393072000,27765101
2021-09-03 10:00:00,3.5305248000,3.5744368000,3.5041776000,3.5656544000,22698907
2021-09-03 10:15:00,3.5656544000,3.6183488000,3.5656544000,3.5656544000,22142228
2021-09-03 10:30:00,3.5744368000,3.6007840000,3.5568720000,3.5568720000,9851800
2021-09-03 10:45:00,3.5568720000,3.5656544000,3.5129600000,3.5305248000,10606120
2021-09-03 11:00:00,3.5305248000,3.5568720000,3.5305248000,3.5393072000,4019100
2021-09-03 11:15:00,3.5393072000,3.5393072000,3.5041776000,3.5129600000,7391000
2021-09-03 11:30:00,3.5129600000,3.5393072000,3.5041776000,3.5305248000,3010401
2021-09-03 13:15:00,3.5305248000,3.5393072000,3.5217424000,3.5393072000,3410600
2021-09-03 13:30:00,3.5393072000,3.5480896000,3.5217424000,3.5305248000,2331000
2021-09-03 13:45:00,3.5305248000,3.5568720000,3.5217424000,3.5480896000,4831200
2021-09-03 14:00:00,3.5480896000,3.5656544000,3.5480896000,3.5568720000,3986200
2021-09-03 14:15:00,3.5568720000,3.5568720000,3.5217424000,3.5305248000,3281600
2021-09-03 14:30:00,3.5217424000,3.5393072000,3.5217424000,3.5305248000,3586800
2021-09-03 14:45:00,3.5217424000,3.5305248000,3.5129600000,3.5305248000,7212600
2021-09-03 15:00:00,3.5217424000,3.5568720000,3.5129600000,3.5568720000,11938001
2021-09-06 09:45:00,3.5568720000,3.5920016000,3.4953952000,3.5129600000,22510100
2021-09-06 10:00:00,3.5129600000,3.5129600000,3.4075712000,3.4427008000,25470800
2021-09-06 10:15:00,3.4427008000,3.4514832000,3.3900064000,3.3900064000,15727600
2021-09-06 10:30:00,3.3987888000,3.4339184000,3.3812240000,3.4251360000,11730000
2021-09-06 10:45:00,3.4163536000,3.4690480000,3.4163536000,3.4690480000,8162138
2021-09-06 11:00:00,3.4690480000,3.5656544000,3.4690480000,3.5656544000,15601600
2021-09-06 11:15:00,3.5656544000,3.5656544000,3.5041776000,3.5041776000,4859300
2021-09-06 11:30:00,3.5041776000,3.5480896000,3.5041776000,3.5480896000,2701700
2021-09-06 13:15:00,3.5480896000,3.5480896000,3.5305248000,3.5305248000,4441500
2021-09-06 13:30:00,3.5305248000,3.5305248000,3.5129600000,3.5217424000,2762000
2021-09-06 13:45:00,3.5217424000,3.5480896000,3.5129600000,3.5480896000,3606083
2021-09-06 14:00:00,3.5480896000,3.5480896000,3.5217424000,3.5305248000,3102300
2021-09-06 14:15:00,3.5305248000,3.5393072000,3.5217424000,3.5393072000,2890400
2021-09-06 14:30:00,3.5393072000,3.5393072000,3.5305248000,3.5305248000,2632500
2021-09-06 14:45:00,3.5393072000,3.5480896000,3.5217424000,3.5393072000,3653600
2021-09-06 15:00:00,3.5305248000,3.5393072000,3.5305248000,3.5305248000,5240811
2021-09-07 09:45:00,3.5129600000,3.7061728000,3.5041776000,3.6798256000,46449431
2021-09-07 10:00:00,3.6710432000,3.7500848000,3.6534784000,3.7237376000,35657810
2021-09-07 10:15:00,3.7237376000,3.7237376000,3.6622608000,3.6886080000,13866300
2021-09-07 10:30:00,3.6798256000,3.7676496000,3.6798256000,3.7676496000,17072518
2021-09-07 10:45:00,3.7676496000,3.8642560000,3.7413024000,3.8027792000,35344926
2021-09-07 11:00:00,3.8027792000,3.8115616000,3.7676496000,3.7764320000,7063770
2021-09-07 11:15:00,3.7764320000,3.8203440000,3.7764320000,3.7852144000,5819900
2021-09-07 11:30:00,3.7852144000,3.8027792000,3.7764320000,3.7939968000,3973397
2021-09-07 13:15:00,3.7852144000,3.7939968000,3.7325200000,3.7413024000,7513503
2021-09-07 13:30:00,3.7413024000,3.7588672000,3.7237376000,3.7325200000,7522100
2021-09-07 13:45:00,3.7325200000,3.7500848000,3.7325200000,3.7413024000,4297000
2021-09-07 14:00:00,3.7413024000,3.7500848000,3.7325200000,3.7413024000,2419546
2021-09-07 14:15:00,3.7413024000,3.7413024000,3.7237376000,3.7237376000,4501200
2021-09-07 14:30:00,3.7325200000,3.7413024000,3.7237376000,3.7325200000,3462911
2021-09-07 14:45:00,3.7413024000,3.7413024000,3.7237376000,3.7237376000,4753590
2021-09-07 15:00:00,3.7237376000,3.7325200000,3.7237376000,3.7237376000,10730508
2021-09-08 09:45:00,3.7149552000,3.8818208000,3.7061728000,3.8466912000,38711389
2021-09-08 10:00:00,3.8466912000,4.0047744000,3.8466912000,3.9520800000,50003824
2021-09-08 10:15:00,3.9608624000,3.9872096000,3.9081680000,3.9257328000,20010168
2021-09-08 10:30:00,3.9257328000,3.9345152000,3.8906032000,3.9169504000,10882710
2021-09-08 10:45:00,3.9081680000,3.9169504000,3.8466912000,3.9081680000,15066424
2021-09-08 11:00:00,3.9169504000,3.9784272000,3.9081680000,3.9520800000,13669501
2021-09-08 11:15:00,3.9608624000,3.9784272000,3.9081680000,3.9257328000,6177115
2021-09-08 11:30:00,3.9169504000,3.9784272000,3.9169504000,3.9696448000,9410829
2021-09-08 13:15:00,3.9784272000,3.9872096000,3.9345152000,3.9345152000,5425700
2021-09-08 13:30:00,3.9345152000,3.9608624000,3.8906032000,3.8993856000,7058200
2021-09-08 13:45:00,3.8993856000,3.9696448000,3.8993856000,3.9608624000,7340678
2021-09-08 14:00:00,3.9520800000,3.9696448000,3.9520800000,3.9608624000,5307550
2021-09-08 14:15:00,3.9608624000,3.9696448000,3.9432976000,3.9432976000,3260800
2021-09-08 14:30:00,3.9432976000,3.9520800000,3.9345152000,3.9432976000,3057101
2021-09-08 14:45:00,3.9520800000,3.9520800000,3.9257328000,3.9345152000,7484385
2021-09-08 15:00:00,3.9257328000,3.9520800000,3.9257328000,3.9432976000,9241378
2021-09-09 09:45:00,3.9169504000,3.9432976000,3.8554736000,3.8906032000,26500000
2021-09-09 10:00:00,3.8906032000,3.9872096000,3.8906032000,3.9872096000,16428059
2021-09-09 10:15:00,3.9872096000,3.9872096000,3.9345152000,3.9784272000,14128900
2021-09-09 10:30:00,3.9784272000,3.9784272000,3.9345152000,3.9432976000,7233400
2021-09-09 10:45:00,3.9432976000,3.9696448000,3.9345152000,3.9520800000,6140255
2021-09-09 11:00:00,3.9520800000,3.9608624000,3.9169504000,3.9169504000,5767799
2021-09-09 11:15:00,3.9169504000,3.9784272000,3.9169504000,3.9784272000,9086382
2021-09-09 11:30:00,3.9784272000,4.0135568000,3.9520800000,3.9696448000,15885400
2021-09-09 13:15:00,3.9608624000,3.9696448000,3.9081680000,3.9257328000,7806988
2021-09-09 13:30:00,3.9345152000,3.9345152000,3.8906032000,3.8993856000,6134817
2021-09-09 13:45:00,3.8993856000,3.8993856000,3.8642560000,3.8642560000,9721800
2021-09-09 14:00:00,3.8730384000,3.9169504000,3.8642560000,3.9081680000,4495700
2021-09-09 14:15:00,3.9169504000,3.9345152000,3.9081680000,3.9169504000,3934598
2021-09-09 14:30:00,3.9169504000,3.9257328000,3.8993856000,3.9169504000,5096900
2021-09-09 14:45:00,3.9169504000,3.9345152000,3.9081680000,3.9257328000,7140350
2021-09-09 15:00:00,3.9169504000,3.9345152000,3.9081680000,3.9257328000,8694000
2021-09-10 09:45:00,3.9345152000,4.0838160000,3.9257328000,4.0311216000,34912652
2021-09-10 10:00:00,4.0135568000,4.0750336000,3.9872096000,4.0662512000,22230700
2021-09-10 10:15:00,4.0662512000,4.1101632000,4.0486864000,4.0662512000,31546587
2021-09-10 10:30:00,4.0750336000,4.1189456000,4.0311216000,4.0399040000,21005762
2021-09-10 10:45:00,4.0399040000,4.0399040000,3.9872096000,4.0047744000,14192900
2021-09-10 11:00:00,4.0047744000,4.0135568000,3.9432976000,3.9872096000,13090360
2021-09-10 11:15:00,3.9872096000,4.0223392000,3.9696448000,3.9872096000,9443842
2021-09-10 11:30:00,3.9872096000,4.0311216000,3.9784272000,4.0135568000,4206100
2021-09-10 13:15:00,4.0135568000,4.0311216000,4.0135568000,4.0223392000,3642601
2021-09-10 13:30:00,4.0223392000,4.0311216000,4.0047744000,4.0311216000,3518900
2021-09-10 13:45:00,4.0223392000,4.0399040000,4.0223392000,4.0311216000,3114000
2021-09-10 14:00:00,4.0311216000,4.0311216000,3.9872096000,3.9872096000,5440000
2021-09-10 14:15:00,3.9872096000,4.0047744000,3.9784272000,3.9872096000,4971201
2021-09-10 14:30:00,3.9959920000,3.9959920000,3.9608624000,3.9696448000,5201399
2021-09-10 14:45:00,3.9696448000,4.0047744000,3.9696448000,3.9959920000,7180502
2021-09-10 15:00:00,3.9959920000,3.9959920000,3.9696448000,3.9784272000,9800300
2021-09-13 09:45:00,3.9257328000,4.1979872000,3.9081680000,4.1628576000,45972845
2021-09-13 10:00:00,4.1452928000,4.3033760000,4.1452928000,4.2331168000,53190104
2021-09-13 10:15:00,4.2331168000,4.3385056000,4.2331168000,4.3121584000,26968442
2021-09-13 10:30:00,4.3121584000,4.3736352000,4.3121584000,4.3736352000,74018945
2021-09-13 10:45:00,4.3736352000,4.3736352000,4.3736352000,4.3736352000,7946100
2021-09-13 11:00:00,4.3736352000,4.3736352000,4.3209408000,4.3385056000,19258979
2021-09-13 11:15:00,4.3385056000,4.3736352000,4.3385056000,4.3648528000,11437310
2021-09-13 11:30:00,4.3560704000,4.3736352000,4.3560704000,4.3736352000,7595900
2021-09-13 13:15:00,4.3736352000,4.3736352000,4.3648528000,4.3736352000,15716334
2021-09-13 13:30:00,4.3736352000,4.3736352000,4.3736352000,4.3736352000,1314601
2021-09-13 13:45:00,4.3736352000,4.3736352000,4.3736352000,4.3736352000,864700
2021-09-13 14:00:00,4.3736352000,4.3736352000,4.3472880000,4.3736352000,18582204
2021-09-13 14:15:00,4.3648528000,4.3736352000,4.3560704000,4.3648528000,7704000
2021-09-13 14:30:00,4.3648528000,4.3736352000,4.3648528000,4.3736352000,4978080
2021-09-13 14:45:00,4.3736352000,4.3736352000,4.3736352000,4.3736352000,1426096
2021-09-13 15:00:00,4.3736352000,4.3736352000,4.3736352000,4.3736352000,1069104
2021-09-14 09:45:00,4.3912000000,4.4790240000,4.2945936000,4.3209408000,88392380
2021-09-14 10:00:00,4.3121584000,4.3912000000,4.2858112000,4.3121584000,32356479
2021-09-14 10:15:00,4.3209408000,4.3912000000,4.2945936000,4.3648528000,27617012
2021-09-14 10:30:00,4.3736352000,4.4263296000,4.3736352000,4.3736352000,24402800
2021-09-14 10:45:00,4.3736352000,4.3824176000,4.3472880000,4.3824176000,8872900
2021-09-14 11:00:00,4.3824176000,4.4175472000,4.3736352000,4.3736352000,10023700
2021-09-14 11:15:00,4.3736352000,4.3912000000,4.3472880000,4.3648528000,7267000
2021-09-14 11:30:00,4.3648528000,4.3648528000,4.3472880000,4.3560704000,5081300
2021-09-14 13:15:00,4.3472880000,4.3560704000,4.3209408000,4.3297232000,8974610
2021-09-14 13:30:00,4.3297232000,4.3648528000,4.3209408000,4.3297232000,5804800
2021-09-14 13:45:00,4.3297232000,4.3385056000,4.3121584000,4.3297232000,9267387
2021-09-14 14:00:00,4.3297232000,4.3472880000,4.2945936000,4.2945936000,9569628
2021-09-14 14:15:00,4.3033760000,4.3209408000,4.2770288000,4.2858112000,14716521
2021-09-14 14:30:00,4.2770288000,4.3033760000,4.2506816000,4.2945936000,12989682
2021-09-14 14:45:00,4.2945936000,4.2945936000,4.2331168000,4.2506816000,11376057
2021-09-14 15:00:00,4.2418992000,4.2858112000,4.2331168000,4.2770288000,19471568
2021-09-15 09:45:00,4.2506816000,4.3824176000,4.1979872000,4.2858112000,36619690
2021-09-15 10:00:00,4.2858112000,4.3121584000,4.2155520000,4.2418992000,14457061
2021-09-15 10:15:00,4.2506816000,4.3121584000,4.2243344000,4.3033760000,12931015
2021-09-15 10:30:00,4.3121584000,4.3121584000,4.2331168000,4.3033760000,6566500
2021-09-15 10:45:00,4.2945936000,4.3560704000,4.2945936000,4.3209408000,9995000
2021-09-15 11:00:00,4.3209408000,4.3385056000,4.2945936000,4.3209408000,6856500
2021-09-15 11:15:00,4.3209408000,4.3472880000,4.2945936000,4.3209408000,5441900
2021-09-15 11:30:00,4.3209408000,4.3472880000,4.3121584000,4.3297232000,6139700
2021-09-15 13:15:00,4.3385056000,4.3385056000,4.2858112000,4.3033760000,4924500
2021-09-15 13:30:00,4.3033760000,4.3121584000,4.2506816000,4.2594640000,6701000
2021-09-15 13:45:00,4.2594640000,4.2770288000,4.2506816000,4.2594640000,3395500
2021-09-15 14:00:00,4.2594640000,4.2770288000,4.2506816000,4.2594640000,3734000
2021-09-15 14:15:00,4.2594640000,4.2682464000,4.2243344000,4.2331168000,6778900
2021-09-15 14:30:00,4.2331168000,4.2594640000,4.2155520000,4.2418992000,7430900
2021-09-15 14:45:00,4.2506816000,4.3033760000,4.2418992000,4.2858112000,8607600
2021-09-15 15:00:00,4.2770288000,4.3033760000,4.2770288000,4.3033760000,10495170
2021-09-16 09:45:00,4.3033760000,4.3824176000,4.2682464000,4.3736352000,24541967
2021-09-16 10:00:00,4.3736352000,4.4878064000,4.3472880000,4.3560704000,41537601
2021-09-16 10:15:00,4.3560704000,4.3648528000,4.3121584000,4.3209408000,11222100
2021-09-16 10:30:00,4.3121584000,4.3472880000,4.3033760000,4.3121584000,8848006
2021-09-16 10:45:00,4.3033760000,4.3033760000,4.2770288000,4.2945936000,7429800
2021-09-16 11:00:00,4.3033760000,4.3033760000,4.2243344000,4.2418992000,14105700
2021-09-16 11:15:00,4.2331168000,4.2770288000,4.2155520000,4.2243344000,8827000
2021-09-16 11:30:00,4.2155520000,4.2243344000,4.1804224000,4.1979872000,10315265
2021-09-16 13:15:00,4.2067696000,4.2067696000,4.1628576000,4.1892048000,11683520
2021-09-16 13:30:00,4.1892048000,4.2155520000,4.1628576000,4.1628576000,6167200
2021-09-16 13:45:00,4.1628576000,4.1979872000,4.1540752000,4.1628576000,7269500
2021-09-16 14:00:00,4.1628576000,4.1716400000,4.1277280000,4.1452928000,9888712
2021-09-16 14:15:00,4.1452928000,4.1716400000,4.1365104000,4.1540752000,8253753
2021-09-16 14:30:00,4.1452928000,4.2155520000,4.1452928000,4.1979872000,5697001
2021-09-16 14:45:00,4.1979872000,4.2155520000,4.1716400000,4.1804224000,7057600
2021-09-16 15:00:00,4.1804224000,4.1804224000,4.1452928000,4.1540752000,8517168
2021-09-17 09:45:00,4.1365104000,4.2331168000,4.1189456000,4.2243344000,18502085
2021-09-17 10:00:00,4.2243344000,4.2594640000,4.1804224000,4.2243344000,9488165
2021-09-17 10:15:00,4.2243344000,4.2858112000,4.2067696000,4.2506816000,15299546
2021-09-17 10:30:00,4.2506816000,4.2682464000,4.1804224000,4.1804224000,8428500
2021-09-17 10:45:00,4.1892048000,4.2155520000,4.1804224000,4.1804224000,4410515
2021-09-17 11:00:00,4.1892048000,4.1892048000,4.1540752000,4.1804224000,6077212
2021-09-17 11:15:00,4.1804224000,4.2155520000,4.1716400000,4.1716400000,2858600
2021-09-17 11:30:00,4.1716400000,4.1716400000,4.1101632000,4.1101632000,7362500
2021-09-17 13:15:00,4.1101632000,4.1101632000,4.0750336000,4.0750336000,11791401
2021-09-17 13:30:00,4.0750336000,4.1277280000,4.0662512000,4.1189456000,8811237
2021-09-17 13:45:00,4.1189456000,4.1452928000,4.1189456000,4.1452928000,3144441
2021-09-17 14:00:00,4.1365104000,4.1892048000,4.1365104000,4.1892048000,3710014
2021-09-17 14:15:00,4.1804224000,4.1979872000,4.1540752000,4.1716400000,3888800
2021-09-17 14:30:00,4.1716400000,4.1892048000,4.1628576000,4.1804224000,2576500
2021-09-17 14:45:00,4.1892048000,4.1892048000,4.1540752000,4.1628576000,3682100
2021-09-17 15:00:00,4.1628576000,4.1804224000,4.1540752000,4.1804224000,7362310
2021-09-22 09:45:00,4.1804224000,4.2418992000,4.1277280000,4.2418992000,25284401
2021-09-22 10:00:00,4.2418992000,4.4878064000,4.2418992000,4.4175472000,47311514
2021-09-22 10:15:00,4.4087648000,4.4175472000,4.3472880000,4.3736352000,21109700
2021-09-22 10:30:00,4.3648528000,4.3736352000,4.2945936000,4.3033760000,13093100
2021-09-22 10:45:00,4.3033760000,4.3033760000,4.2770288000,4.2945936000,7302300
2021-09-22 11:00:00,4.2945936000,4.3209408000,4.2770288000,4.3209408000,3832800
2021-09-22 11:15:00,4.3209408000,4.3209408000,4.2770288000,4.2858112000,3643100
2021-09-22 11:30:00,4.2770288000,4.2858112000,4.2682464000,4.2858112000,4516400
2021-09-22 13:15:00,4.2858112000,4.3297232000,4.2858112000,4.3209408000,6596200
2021-09-22 13:30:00,4.3209408000,4.3385056000,4.3121584000,4.3121584000,3222300
2021-09-22 13:45:00,4.3121584000,4.3385056000,4.3033760000,4.3297232000,3368801
2021-09-22 14:00:00,4.3385056000,4.3472880000,4.3297232000,4.3385056000,3660200
2021-09-22 14:15:00,4.3385056000,4.3648528000,4.3297232000,4.3648528000,4322200
2021-09-22 14:30:00,4.3648528000,4.3736352000,4.3385056000,4.3472880000,6209500
2021-09-22 14:45:00,4.3472880000,4.3472880000,4.3121584000,4.3472880000,7445499
2021-09-22 15:00:00,4.3385056000,4.3648528000,4.3297232000,4.3648528000,11217917
2021-09-23 09:45:00,4.3648528000,4.4614592000,4.2682464000,4.2858112000,36799304
2021-09-23 10:00:00,4.2858112000,4.4175472000,4.2770288000,4.3560704000,21391400
2021-09-23 10:15:00,4.3648528000,4.3824176000,4.2770288000,4.2858112000,13548800
2021-09-23 10:30:00,4.2858112000,4.3297232000,4.2682464000,4.3209408000,8277985
2021-09-23 10:45:00,4.3209408000,4.3472880000,4.2945936000,4.2945936000,5713300
2021-09-23 11:00:00,4.2945936000,4.3297232000,4.2945936000,4.3297232000,3627600
2021-09-23 11:15:00,4.3297232000,4.3297232000,4.3033760000,4.3209408000,3368600
2021-09-23 11:30:00,4.3121584000,4.3385056000,4.3033760000,4.3297232000,3145900
2021-09-23 13:15:00,4.3385056000,4.3385056000,4.2858112000,4.3033760000,5862000
2021-09-23 13:30:00,4.2945936000,4.3033760000,4.2858112000,4.2945936000,4920199
2021-09-23 13:45:00,4.2945936000,4.3033760000,4.2858112000,4.2945936000,3193900
2021-09-23 14:00:00,4.2858112000,4.3033760000,4.2858112000,4.2945936000,4280101
2021-09-23 14:15:00,4.2945936000,4.3033760000,4.2770288000,4.2858112000,7980500
2021-09-23 14:30:00,4.2770288000,4.2858112000,4.2682464000,4.2770288000,4799400
2021-09-23 14:45:00,4.2770288000,4.3033760000,4.2682464000,4.2682464000,13215900
2021-09-23 15:00:00,4.2770288000,4.2770288000,4.2594640000,4.2682464000,13697806
2021-09-27 09:45:00,4.2594640000,4.2594640000,3.8379088000,3.8379088000,44285396
2021-09-27 10:00:00,3.8379088000,3.8379088000,3.8379088000,3.8379088000,4841600
2021-09-27 10:15:00,3.8379088000,3.8379088000,3.8379088000,3.8379088000,3451000
2021-09-27 10:30:00,3.8379088000,3.8379088000,3.8379088000,3.8379088000,896500
2021-09-27 10:45:00,3.8379088000,3.8379088000,3.8379088000,3.8379088000,1114000
2021-09-27 11:00:00,3.8379088000,3.8379088000,3.8379088000,3.8379088000,533300
2021-09-27 11:15:00,3.8379088000,3.8379088000,3.8379088000,3.8379088000,543000
2021-09-27 11:30:00,3.8379088000,3.8379088000,3.8379088000,3.8379088000,467200
2021-09-27 13:15:00,3.8379088000,3.8379088000,3.8379088000,3.8379088000,497400
2021-09-27 13:30:00,3.8379088000,3.8379088000,3.8379088000,3.8379088000,340600
2021-09-27 13:45:00,3.8379088000,3.8379088000,3.8379088000,3.8379088000,389900
2021-09-27 14:00:00,3.8379088000,3.8379088000,3.8379088000,3.8379088000,379200
2021-09-27 14:15:00,3.8379088000,3.8379088000,3.8379088000,3.8379088000,252200
2021-09-27 14:30:00,3.8379088000,3.8379088000,3.8379088000,3.8379088000,309500
2021-09-27 14:45:00,3.8379088000,3.8379088000,3.8379088000,3.8379088000,301000
2021-09-27 15:00:00,3.8379088000,3.8379088000,3.8379088000,3.8379088000,597800
2021-09-28 09:45:00,3.5656544000,3.6271312000,3.4514832000,3.4602656000,78321673
2021-09-28 10:00:00,3.4690480000,3.5480896000,3.4602656000,3.4866128000,41794649
2021-09-28 10:15:00,3.4778304000,3.5041776000,3.4602656000,3.4602656000,20556155
2021-09-28 10:30:00,3.4602656000,3.4690480000,3.4514832000,3.4602656000,13197300
2021-09-28 10:45:00,3.4602656000,3.4690480000,3.4514832000,3.4602656000,8608776
2021-09-28 11:00:00,3.4602656000,3.4690480000,3.4514832000,3.4602656000,5653451
2021-09-28 11:15:00,3.4690480000,3.4690480000,3.4514832000,3.4602656000,6754300
2021-09-28 11:30:00,3.4602656000,3.4690480000,3.4514832000,3.4514832000,10974601
2021-09-28 13:15:00,3.4602656000,3.5568720000,3.4514832000,3.5393072000,14400302
2021-09-28 13:30:00,3.5393072000,3.5480896000,3.4953952000,3.5305248000,6230201
2021-09-28 13:45:00,3.5305248000,3.5480896000,3.5129600000,3.5393072000,6720199
2021-09-28 14:00:00,3.5480896000,3.6183488000,3.5305248000,3.6095664000,11369200
2021-09-28 14:15:00,3.6007840000,3.6007840000,3.5305248000,3.5393072000,7502331
2021-09-28 14:30:00,3.5393072000,3.5393072000,3.5129600000,3.5129600000,5504400
2021-09-28 14:45:00,3.5217424000,3.5217424000,3.4953952000,3.5129600000,7966305
2021-09-28 15:00:00,3.5129600000,3.5129600000,3.4953952000,3.5041776000,11682412
2021-09-29 09:45:00,3.4690480000,3.5480896000,3.4339184000,3.4953952000,23102600
2021-09-29 10:00:00,3.4953952000,3.5217424000,3.4690480000,3.4778304000,12949817
2021-09-29 10:15:00,3.4690480000,3.4866128000,3.4075712000,3.4075712000,15850997
2021-09-29 10:30:00,3.4163536000,3.4427008000,3.3987888000,3.4427008000,9479801
2021-09-29 10:45:00,3.4427008000,3.4427008000,3.3460944000,3.3548768000,14148216
2021-09-29 11:00:00,3.3548768000,3.3812240000,3.3285296000,3.3460944000,8385200
2021-09-29 11:15:00,3.3548768000,3.3812240000,3.3373120000,3.3812240000,7503200
2021-09-29 11:30:00,3.3724416000,3.3900064000,3.3460944000,3.3724416000,3678200
2021-09-29 13:15:00,3.3724416000,3.3812240000,3.3460944000,3.3636592000,5812500
2021-09-29 13:30:00,3.3636592000,3.3636592000,3.3460944000,3.3548768000,3340000
2021-09-29 13:45:00,3.3548768000,3.3812240000,3.3460944000,3.3812240000,4151000
2021-09-29 14:00:00,3.3812240000,3.3812240000,3.3636592000,3.3724416000,2813600
2021-09-29 14:15:00,3.3724416000,3.3724416000,3.3285296000,3.3373120000,7983100
2021-09-29 14:30:00,3.3373120000,3.3460944000,3.3197472000,3.3285296000,3749401
2021-09-29 14:45:00,3.3285296000,3.3548768000,3.3285296000,3.3373120000,7085592
2021-09-29 15:00:00,3.3460944000,3.3460944000,3.3285296000,3.3285296000,8397900
2021-09-30 09:45:00,3.3900064000,3.4690480000,3.3812240000,3.4514832000,26298930
2021-09-30 10:00:00,3.4602656000,3.5393072000,3.4602656000,3.4953952000,22321500
2021-09-30 10:15:00,3.5041776000,3.5305248000,3.4339184000,3.4427008000,13805300
2021-09-30 10:30:00,3.4427008000,3.4602656000,3.4339184000,3.4427008000,5558760
2021-09-30 10:45:00,3.4427008000,3.4602656000,3.4339184000,3.4514832000,3650710
2021-09-30 11:00:00,3.4602656000,3.4602656000,3.4075712000,3.4075712000,7055800
2021-09-30 11:15:00,3.4075712000,3.4339184000,3.3987888000,3.4075712000,3953090
2021-09-30 11:30:00,3.4075712000,3.4251360000,3.4075712000,3.4251360000,1801400
2021-09-30 13:15:00,3.4251360000,3.4251360000,3.3900064000,3.4163536000,5584300
2021-09-30 13:30:00,3.4163536000,3.4251360000,3.4075712000,3.4251360000,2573200
2021-09-30 13:45:00,3.4251360000,3.4427008000,3.4163536000,3.4339184000,3629100
2021-09-30 14:00:00,3.4339184000,3.4339184000,3.4075712000,3.4163536000,3182300
2021-09-30 14:15:00,3.4075712000,3.4427008000,3.4075712000,3.4251360000,3045606
2021-09-30 14:30:00,3.4339184000,3.4427008000,3.4251360000,3.4339184000,2935000
2021-09-30 14:45:00,3.4339184000,3.4339184000,3.4163536000,3.4251360000,3987900
2021-09-30 15:00:00,3.4251360000,3.4427008000,3.4251360000,3.4251360000,6428570
2021-10-08 09:45:00,3.4778304000,3.5568720000,3.4427008000,3.5129600000,28094200
2021-10-08 10:00:00,3.5129600000,3.5129600000,3.4427008000,3.4602656000,10504000
2021-10-08 10:15:00,3.4514832000,3.4778304000,3.4427008000,3.4690480000,8737700
2021-10-08 10:30:00,3.4514832000,3.4866128000,3.4514832000,3.4514832000,7239200
2021-10-08 10:45:00,3.4514832000,3.4690480000,3.4251360000,3.4427008000,8888600
2021-10-08 11:00:00,3.4427008000,3.4514832000,3.4075712000,3.4339184000,5769065
2021-10-08 11:15:00,3.4339184000,3.4427008000,3.4075712000,3.4163536000,3947035
2021-10-08 11:30:00,3.4163536000,3.4251360000,3.3812240000,3.3900064000,4173284
2021-10-08 13:15:00,3.3900064000,3.3987888000,3.3636592000,3.3900064000,6308900
2021-10-08 13:30:00,3.3900064000,3.3900064000,3.3724416000,3.3900064000,2255501
2021-10-08 13:45:00,3.3900064000,3.3987888000,3.3812240000,3.3812240000,2259700
2021-10-08 14:00:00,3.3812240000,3.3900064000,3.3724416000,3.3812240000,3022700
2021-10-08 14:15:00,3.3724416000,3.4075712000,3.3724416000,3.3987888000,3309103
2021-10-08 14:30:00,3.3987888000,3.3987888000,3.3900064000,3.3987888000,1335100
2021-10-08 14:45:00,3.3987888000,3.4163536000,3.3900064000,3.4163536000,3201900
2021-10-08 15:00:00,3.4163536000,3.4251360000,3.4075712000,3.4075712000,4802610
2021-10-11 09:45:00,3.4251360000,3.4953952000,3.3724416000,3.3987888000,17126400
2021-10-11 10:00:00,3.3987888000,3.4163536000,3.3636592000,3.3987888000,8203806
2021-10-11 10:15:00,3.4075712000,3.4339184000,3.3987888000,3.4163536000,4593900
2021-10-11 10:30:00,3.4163536000,3.4163536000,3.3812240000,3.4163536000,3219400
2021-10-11 10:45:00,3.4075712000,3.4339184000,3.4075712000,3.4251360000,4379800
2021-10-11 11:00:00,3.4251360000,3.4427008000,3.4163536000,3.4427008000,2530100
2021-10-11 11:15:00,3.4339184000,3.4427008000,3.4163536000,3.4251360000,2849600
2021-10-11 11:30:00,3.4251360000,3.4251360000,3.4075712000,3.4251360000,1627902
2021-10-11 13:15:00,3.4251360000,3.4251360000,3.3900064000,3.3987888000,2874098
2021-10-11 13:30:00,3.3987888000,3.3987888000,3.3812240000,3.3987888000,3031200
2021-10-11 13:45:00,3.3900064000,3.3900064000,3.3636592000,3.3636592000,4208700
2021-10-11 14:00:00,3.3724416000,3.3812240000,3.3636592000,3.3724416000,2425300
2021-10-11 14:15:00,3.3724416000,3.3900064000,3.3636592000,3.3900064000,2217800
2021-10-11 14:30:00,3.3812240000,3.3987888000,3.3812240000,3.3812240000,1506600
2021-10-11 14:45:00,3.3812240000,3.3812240000,3.3636592000,3.3724416000,4169749
2021-10-11 15:00:00,3.3724416000,3.3812240000,3.3636592000,3.3812240000,5036178
2021-10-12 09:45:00,3.3548768000,3.4075712000,3.3460944000,3.3724416000,9081700
2021-10-12 10:00:00,3.3724416000,3.3812240000,3.3285296000,3.3285296000,7528900
2021-10-12 10:15:00,3.3373120000,3.3460944000,3.2758352000,3.3285296000,20439697
2021-10-12 10:30:00,3.3197472000,3.3548768000,3.3109648000,3.3109648000,8574400
2021-10-12 10:45:00,3.3109648000,3.3197472000,3.2934000000,3.2934000000,4467700
2021-10-12 11:00:00,3.3021824000,3.3197472000,3.2934000000,3.3021824000,2936400
2021-10-12 11:15:00,3.3021824000,3.3021824000,3.2670528000,3.2758352000,5101800
2021-10-12 11:30:00,3.2670528000,3.2846176000,3.2582704000,3.2758352000,3550100
2021-10-12 13:15:00,3.2758352000,3.2934000000,3.2582704000,3.2670528000,3189300
2021-10-12 13:30:00,3.2582704000,3.2846176000,3.2582704000,3.2670528000,3297900
2021-10-12 13:45:00,3.2582704000,3.2758352000,3.2319232000,3.2407056000,9707600
2021-10-12 14:00:00,3.2407056000,3.2582704000,3.2231408000,3.2407056000,7098500
2021-10-12 14:15:00,3.2407056000,3.2494880000,3.2319232000,3.2407056000,2175100
2021-10-12 14:30:00,3.2407056000,3.2582704000,3.2319232000,3.2582704000,3721900
2021-10-12 14:45:00,3.2494880000,3.2758352000,3.2407056000,3.2758352000,4276400
2021-10-12 15:00:00,3.2758352000,3.2846176000,3.2670528000,3.2758352000,2869838
2021-10-13 09:45:00,3.2758352000,3.3197472000,3.2582704000,3.2582704000,8664900
2021-10-13 10:00:00,3.2582704000,3.3109648000,3.2582704000,3.3109648000,6225100
2021-10-13 10:15:00,3.3021824000,3.3109648000,3.2758352000,3.3021824000,4330574
2021-10-13 10:30:00,3.3021824000,3.3109648000,3.2582704000,3.2670528000,3380126
2021-10-13 10:45:00,3.2670528000,3.2758352000,3.2494880000,3.2670528000,4078200
2021-10-13 11:00:00,3.2670528000,3.2846176000,3.2582704000,3.2670528000,2520500
2021-10-13 11:15:00,3.2670528000,3.2670528000,3.2319232000,3.2494880000,3219700
2021-10-13 11:30:00,3.2494880000,3.2582704000,3.2407056000,3.2582704000,1462400
2021-10-13 13:15:00,3.2582704000,3.3021824000,3.2494880000,3.2934000000,3138300
2021-10-13 13:30:00,3.3021824000,3.3021824000,3.2670528000,3.2846176000,1727900
2021-10-13 13:45:00,3.2758352000,3.2934000000,3.2758352000,3.2934000000,1439300
2021-10-13 14:00:00,3.2846176000,3.2934000000,3.2758352000,3.2846176000,2431100
2021-10-13 14:15:00,3.2758352000,3.2934000000,3.2758352000,3.2846176000,1424400
2021-10-13 14:30:00,3.2846176000,3.3021824000,3.2846176000,3.2934000000,1478810
2021-10-13 14:45:00,3.2846176000,3.2934000000,3.2758352000,3.2846176000,1778700
2021-10-13 15:00:00,3.2846176000,3.2846176000,3.2758352000,3.2846176000,2437441
2021-10-14 09:45:00,3.2846176000,3.2934000000,3.2319232000,3.2319232000,8903700
2021-10-14 10:00:00,3.2319232000,3.2494880000,3.2231408000,3.2407056000,6294192
2021-10-14 10:15:00,3.2319232000,3.2582704000,3.2143584000,3.2407056000,9721700
2021-10-14 10:30:00,3.2407056000,3.2846176000,3.2407056000,3.2670528000,4242900
2021-10-14 10:45:00,3.2670528000,3.2934000000,3.2670528000,3.2758352000,2881500
2021-10-14 11:00:00,3.2758352000,3.3021824000,3.2758352000,3.2846176000,2916500
2021-10-14 11:15:00,3.2758352000,3.2846176000,3.2670528000,3.2758352000,2777716
2021-10-14 11:30:00,3.2758352000,3.2934000000,3.2670528000,3.2934000000,1278384
2021-10-14 13:15:00,3.2934000000,3.3109648000,3.2846176000,3.2846176000,2368100
2021-10-14 13:30:00,3.2846176000,3.2934000000,3.2758352000,3.2758352000,1247100
2021-10-14 13:45:00,3.2758352000,3.2934000000,3.2670528000,3.2758352000,1260700
2021-10-14 14:00:00,3.2758352000,3.2934000000,3.2670528000,3.2934000000,943700
2021-10-14 14:15:00,3.2934000000,3.3021824000,3.2846176000,3.2846176000,1515600
2021-10-14 14:30:00,3.2934000000,3.2934000000,3.2758352000,3.2934000000,2020400
2021-10-14 14:45:00,3.2934000000,3.2934000000,3.2758352000,3.2846176000,1746300
2021-10-14 15:00:00,3.2934000000,3.2934000000,3.2670528000,3.2758352000,3604200
2021-10-15 09:45:00,3.2582704000,3.2582704000,3.1704464000,3.1880112000,16953100
2021-10-15 10:00:00,3.1880112000,3.1967936000,3.1440992000,3.1528816000,12881000
2021-10-15 10:15:00,3.1528816000,3.1967936000,3.1440992000,3.1528816000,6434800
2021-10-15 10:30:00,3.1440992000,3.1704464000,3.1440992000,3.1704464000,7609800
2021-10-15 10:45:00,3.1616640000,3.1880112000,3.1616640000,3.1880112000,3864000
2021-10-15 11:00:00,3.1792288000,3.2231408000,3.1704464000,3.2143584000,5184200
2021-10-15 11:15:00,3.2143584000,3.2319232000,3.2055760000,3.2143584000,3753600
2021-10-15 11:30:00,3.2231408000,3.2319232000,3.2055760000,3.2319232000,2076200
2021-10-15 13:15:00,3.2319232000,3.2407056000,3.2143584000,3.2143584000,3407000
2021-10-15 13:30:00,3.2143584000,3.2231408000,3.2055760000,3.2055760000,1778200
2021-10-15 13:45:00,3.2055760000,3.2231408000,3.2055760000,3.2231408000,1449500
2021-10-15 14:00:00,3.2231408000,3.2231408000,3.1967936000,3.1967936000,2187200
2021-10-15 14:15:00,3.1967936000,3.2143584000,3.1967936000,3.2055760000,1749200
2021-10-15 14:30:00,3.2055760000,3.2143584000,3.1967936000,3.1967936000,1431000
2021-10-15 14:45:00,3.1967936000,3.2143584000,3.1880112000,3.1880112000,4213700
2021-10-15 15:00:00,3.1880112000,3.2055760000,3.1880112000,3.2055760000,4799500
2021-10-18 09:45:00,3.1792288000,3.2758352000,3.1792288000,3.2670528000,18059988
2021-10-18 10:00:00,3.2670528000,3.2846176000,3.2407056000,3.2582704000,10936900
2021-10-18 10:15:00,3.2582704000,3.2846176000,3.2407056000,3.2846176000,8155100
2021-10-18 10:30:00,3.2758352000,3.3109648000,3.2494880000,3.2934000000,9874700
2021-10-18 10:45:00,3.2934000000,3.3021824000,3.2758352000,3.2846176000,3764900
2021-10-18 11:00:00,3.2846176000,3.3021824000,3.2758352000,3.3021824000,2349600
2021-10-18 11:15:00,3.3021824000,3.3021824000,3.2846176000,3.2934000000,2364300
2021-10-18 11:30:00,3.2934000000,3.2934000000,3.2758352000,3.2758352000,1448510
2021-10-18 13:15:00,3.2846176000,3.2934000000,3.2670528000,3.2846176000,1632591
2021-10-18 13:30:00,3.2846176000,3.2934000000,3.2758352000,3.2758352000,1329800
2021-10-18 13:45:00,3.2758352000,3.3021824000,3.2758352000,3.3021824000,2349100
2021-10-18 14:00:00,3.3021824000,3.3197472000,3.2934000000,3.3021824000,3206300
2021-10-18 14:15:00,3.2934000000,3.3021824000,3.2846176000,3.2934000000,2367700
2021-10-18 14:30:00,3.2846176000,3.2934000000,3.2846176000,3.2846176000,1338600
2021-10-18 14:45:00,3.2934000000,3.2934000000,3.2758352000,3.2846176000,3926700
2021-10-18 15:00:00,3.2934000000,3.3021824000,3.2758352000,3.2934000000,7821748
2021-10-19 09:45:00,3.3460944000,3.3724416000,3.2494880000,3.3021824000,19169300
2021-10-19 10:00:00,3.3021824000,3.3021824000,3.2670528000,3.2758352000,9111400
2021-10-19 10:15:00,3.2758352000,3.2846176000,3.2494880000,3.2670528000,5987100
2021-10-19 10:30:00,3.2670528000,3.2846176000,3.2582704000,3.2670528000,3251900
2021-10-19 10:45:00,3.2670528000,3.3021824000,3.2670528000,3.3021824000,4137985
2021-10-19 11:00:00,3.3021824000,3.3197472000,3.2934000000,3.3021824000,2622608
2021-10-19 11:15:00,3.3021824000,3.3285296000,3.2934000000,3.3021824000,4890600
2021-10-19 11:30:00,3.3109648000,3.3109648000,3.2934000000,3.3109648000,1603700
2021-10-19 13:15:00,3.3021824000,3.3109648000,3.2934000000,3.3021824000,2274700
2021-10-19 13:30:00,3.2934000000,3.3021824000,3.2934000000,3.3021824000,1023500
2021-10-19 13:45:00,3.2934000000,3.3021824000,3.2934000000,3.3021824000,1171400
2021-10-19 14:00:00,3.3021824000,3.3109648000,3.2934000000,3.3109648000,3409500
2021-10-19 14:15:00,3.3021824000,3.3021824000,3.2934000000,3.3021824000,1568400
2021-10-19 14:30:00,3.3021824000,3.3197472000,3.2934000000,3.3109648000,2450838
2021-10-19 14:45:00,3.3109648000,3.3109648000,3.2934000000,3.2934000000,4164500
2021-10-19 15:00:00,3.3021824000,3.3021824000,3.2934000000,3.3021824000,4143538
2021-10-20 09:45:00,3.2846176000,3.2934000000,3.2319232000,3.2494880000,12445700
2021-10-20 10:00:00,3.2407056000,3.2582704000,3.2319232000,3.2319232000,5280425
2021-10-20 10:15:00,3.2407056000,3.2670528000,3.2319232000,3.2582704000,3518700
2021-10-20 10:30:00,3.2582704000,3.2582704000,3.2407056000,3.2494880000,2288300
2021-10-20 10:45:00,3.2494880000,3.2582704000,3.2319232000,3.2407056000,2525141
2021-10-20 11:00:00,3.2407056000,3.2494880000,3.2319232000,3.2407056000,3145300
2021-10-20 11:15:00,3.2319232000,3.2494880000,3.2319232000,3.2319232000,3521600
2021-10-20 11:30:00,3.2319232000,3.2407056000,3.2319232000,3.2407056000,1980000
2021-10-20 13:15:00,3.2407056000,3.2582704000,3.2407056000,3.2582704000,2001900
2021-10-20 13:30:00,3.2494880000,3.2582704000,3.2407056000,3.2494880000,1583600
2021-10-20 13:45:00,3.2407056000,3.2494880000,3.2319232000,3.2407056000,3287100
2021-10-20 14:00:00,3.2319232000,3.2407056000,3.2143584000,3.2319232000,4864500
2021-10-20 14:15:00,3.2231408000,3.2407056000,3.2231408000,3.2319232000,1448600
2021-10-20 14:30:00,3.2407056000,3.2494880000,3.2319232000,3.2407056000,1713135
2021-10-20 14:45:00,3.2407056000,3.2494880000,3.2319232000,3.2494880000,1329100
2021-10-20 15:00:00,3.2407056000,3.2494880000,3.2319232000,3.2407056000,3535376
2021-10-21 09:45:00,3.2407056000,3.2846176000,3.2319232000,3.2494880000,7875368
2021-10-21 10:00:00,3.2407056000,3.2582704000,3.2319232000,3.2319232000,3589900
2021-10-21 10:15:00,3.2407056000,3.2494880000,3.2231408000,3.2319232000,3580000
2021-10-21 10:30:00,3.2319232000,3.2407056000,3.2231408000,3.2319232000,2526900
2021-10-21 10:45:00,3.2231408000,3.2319232000,3.2143584000,3.2231408000,3380100
2021-10-21 11:00:00,3.2143584000,3.2231408000,3.2055760000,3.2143584000,2400700
2021-10-21 11:15:00,3.2231408000,3.2407056000,3.2143584000,3.2407056000,1885400
2021-10-21 11:30:00,3.2319232000,3.2407056000,3.2231408000,3.2231408000,1057900
2021-10-21 13:15:00,3.2231408000,3.2319232000,3.2055760000,3.2143584000,2832100
2021-10-21 13:30:00,3.2143584000,3.2231408000,3.2055760000,3.2143584000,2642300
2021-10-21 13:45:00,3.2143584000,3.2143584000,3.1880112000,3.2055760000,3851600
2021-10-21 14:00:00,3.1967936000,3.2055760000,3.1616640000,3.1704464000,6257800
2021-10-21 14:15:00,3.1792288000,3.1967936000,3.1704464000,3.1880112000,1780200
2021-10-21 14:30:00,3.1880112000,3.1967936000,3.1792288000,3.1967936000,1898000
2021-10-21 14:45:00,3.1967936000,3.1967936000,3.1880112000,3.1967936000,1940700
2021-10-21 15:00:00,3.1967936000,3.2055760000,3.1880112000,3.1880112000,3587670
2021-10-22 09:45:00,3.2143584000,3.2143584000,3.1616640000,3.1792288000,7076000
2021-10-22 10:00:00,3.1880112000,3.1880112000,3.1616640000,3.1704464000,3736300
2021-10-22 10:15:00,3.1704464000,3.1792288000,3.1528816000,3.1616640000,4324700
2021-10-22 10:30:00,3.1616640000,3.1704464000,3.1528816000,3.1616640000,3154100
2021-10-22 10:45:00,3.1528816000,3.1616640000,3.1265344000,3.1265344000,6335600
2021-10-22 11:00:00,3.1265344000,3.1440992000,3.1265344000,3.1265344000,2933662
2021-10-22 11:15:00,3.1265344000,3.1353168000,3.1177520000,3.1265344000,4330200
2021-10-22 11:30:00,3.1265344000,3.1353168000,3.1177520000,3.1353168000,2225100
2021-10-22 13:15:00,3.1353168000,3.1440992000,3.1265344000,3.1353168000,1547600
2021-10-22 13:30:00,3.1353168000,3.1353168000,3.1089696000,3.1177520000,2620000
2021-10-22 13:45:00,3.1177520000,3.1265344000,3.1001872000,3.1089696000,2766600
2021-10-22 14:00:00,3.1089696000,3.1089696000,3.0826224000,3.0914048000,4084600
2021-10-22 14:15:00,3.0914048000,3.1001872000,3.0826224000,3.0914048000,2160400
2021-10-22 14:30:00,3.0826224000,3.1001872000,3.0826224000,3.0914048000,3359900
2021-10-22 14:45:00,3.0914048000,3.1001872000,3.0738400000,3.0826224000,3937900
2021-10-22 15:00:00,3.0826224000,3.1001872000,3.0826224000,3.0914048000,4395506
2021-10-25 09:45:00,3.0562752000,3.1177520000,3.0035808000,3.1001872000,11006860
2021-10-25 10:00:00,3.0914048000,3.1265344000,3.0826224000,3.1265344000,5064601
2021-10-25 10:15:00,3.1177520000,3.1528816000,3.1177520000,3.1353168000,5100500
2021-10-25 10:30:00,3.1353168000,3.1440992000,3.1177520000,3.1265344000,3068600
2021-10-25 10:45:00,3.1177520000,3.1440992000,3.1177520000,3.1265344000,2339200
2021-10-25 11:00:00,3.1265344000,3.1353168000,3.1177520000,3.1177520000,1444900
2021-10-25 11:15:00,3.1265344000,3.1265344000,3.1001872000,3.1177520000,1819300
2021-10-25 11:30:00,3.1177520000,3.1265344000,3.1089696000,3.1089696000,928600
2021-10-25 13:15:00,3.1177520000,3.1177520000,3.1001872000,3.1089696000,1499610
2021-10-25 13:30:00,3.1089696000,3.1089696000,3.1001872000,3.1001872000,1086858
2021-10-25 13:45:00,3.0914048000,3.1001872000,3.0914048000,3.1001872000,1288300
2021-10-25 14:00:00,3.0914048000,3.1001872000,3.0914048000,3.0914048000,1243500
2021-10-25 14:15:00,3.1001872000,3.1089696000,3.0914048000,3.1001872000,2342900
2021-10-25 14:30:00,3.1089696000,3.1089696000,3.0914048000,3.1001872000,1156300
2021-10-25 14:45:00,3.1089696000,3.1177520000,3.1001872000,3.1177520000,2200800
2021-10-25 15:00:00,3.1177520000,3.1265344000,3.1089696000,3.1177520000,3474800
2021-10-26 09:45:00,3.1177520000,3.1265344000,3.0914048000,3.1001872000,6588100
2021-10-26 10:00:00,3.1089696000,3.1353168000,3.0914048000,3.1177520000,4326500
2021-10-26 10:15:00,3.1177520000,3.1440992000,3.1089696000,3.1353168000,5509600
2021-10-26 10:30:00,3.1353168000,3.1353168000,3.1177520000,3.1265344000,2737585
2021-10-26 10:45:00,3.1265344000,3.1265344000,3.1089696000,3.1177520000,2567700
2021-10-26 11:00:00,3.1089696000,3.1177520000,3.0914048000,3.1001872000,3106656
2021-10-26 11:15:00,3.0914048000,3.1089696000,3.0826224000,3.0914048000,3214938
2021-10-26 11:30:00,3.0914048000,3.0914048000,3.0738400000,3.0826224000,2031220
2021-10-26 13:15:00,3.0914048000,3.0914048000,3.0738400000,3.0914048000,2490881
2021-10-26 13:30:00,3.0914048000,3.1001872000,3.0650576000,3.0650576000,4207779
2021-10-26 13:45:00,3.0650576000,3.0738400000,3.0474928000,3.0650576000,3326900
2021-10-26 14:00:00,3.0650576000,3.0826224000,3.0562752000,3.0738400000,2872900
2021-10-26 14:15:00,3.0738400000,3.1001872000,3.0738400000,3.0826224000,2404400
2021-10-26 14:30:00,3.0914048000,3.0914048000,3.0738400000,3.0914048000,1318700
2021-10-26 14:45:00,3.0826224000,3.0914048000,3.0738400000,3.0738400000,1142400
2021-10-26 15:00:00,3.0826224000,3.0914048000,3.0738400000,3.0914048000,3347700
2021-10-27 09:45:00,3.0826224000,3.0914048000,3.0474928000,3.0474928000,5289800
2021-10-27 10:00:00,3.0562752000,3.0562752000,3.0299280000,3.0299280000,4126891
2021-10-27 10:15:00,3.0387104000,3.0562752000,3.0211456000,3.0387104000,4536800
2021-10-27 10:30:00,3.0299280000,3.0474928000,3.0299280000,3.0299280000,2764600
2021-10-27 10:45:00,3.0299280000,3.0387104000,3.0035808000,3.0123632000,4665200
2021-10-27 11:00:00,3.0123632000,3.0299280000,3.0123632000,3.0211456000,1526101
2021-10-27 11:15:00,3.0123632000,3.0299280000,3.0035808000,3.0211456000,2133299
2021-10-27 11:30:00,3.0299280000,3.0387104000,3.0211456000,3.0299280000,1087400
2021-10-27 13:15:00,3.0299280000,3.0474928000,3.0299280000,3.0474928000,1685800
2021-10-27 13:30:00,3.0474928000,3.0474928000,3.0387104000,3.0387104000,1541200
2021-10-27 13:45:00,3.0474928000,3.0474928000,3.0299280000,3.0299280000,1183400
2021-10-27 14:00:00,3.0299280000,3.0387104000,3.0211456000,3.0299280000,1186200
2021-10-27 14:15:00,3.0299280000,3.0387104000,3.0211456000,3.0211456000,706300
2021-10-27 14:30:00,3.0211456000,3.0387104000,3.0211456000,3.0211456000,2062800
2021-10-27 14:45:00,3.0211456000,3.0299280000,3.0211456000,3.0211456000,1874000
2021-10-27 15:00:00,3.0211456000,3.0387104000,3.0211456000,3.0299280000,3391734
2021-10-28 09:45:00,3.0299280000,3.0474928000,3.0035808000,3.0211456000,6738890
2021-10-28 10:00:00,3.0211456000,3.0211456000,2.9860160000,2.9860160000,5392700
2021-10-28 10:15:00,2.9947984000,2.9947984000,2.9508864000,2.9772336000,9531400
2021-10-28 10:30:00,2.9860160000,3.0035808000,2.9596688000,2.9860160000,6155800
2021-10-28 10:45:00,2.9860160000,3.0035808000,2.9684512000,2.9860160000,4201900
2021-10-28 11:00:00,2.9860160000,2.9947984000,2.9684512000,2.9860160000,2451200
2021-10-28 11:15:00,2.9860160000,3.0035808000,2.9860160000,2.9947984000,2417500
2021-10-28 11:30:00,2.9947984000,2.9947984000,2.9772336000,2.9772336000,2772300
2021-10-28 13:15:00,2.9772336000,3.0035808000,2.9772336000,2.9860160000,1800700
2021-10-28 13:30:00,2.9860160000,2.9947984000,2.9772336000,2.9772336000,1539100
2021-10-28 13:45:00,2.9772336000,2.9947984000,2.9772336000,2.9860160000,2053900
2021-10-28 14:00:00,2.9860160000,2.9860160000,2.9684512000,2.9860160000,2280000
2021-10-28 14:15:00,2.9860160000,3.0123632000,2.9772336000,2.9947984000,4200900
2021-10-28 14:30:00,2.9947984000,3.0035808000,2.9947984000,2.9947984000,1450100
2021-10-28 14:45:00,2.9947984000,3.0035808000,2.9860160000,2.9860160000,3312500
2021-10-28 15:00:00,2.9860160000,3.0035808000,2.9860160000,2.9947984000,3027810
2021-10-29 09:45:00,3.0211456000,3.0387104000,2.9596688000,2.9596688000,9384000
2021-10-29 10:00:00,2.9596688000,2.9684512000,2.9421040000,2.9596688000,6112700
2021-10-29 10:15:00,2.9684512000,2.9947984000,2.9596688000,2.9772336000,4939000
2021-10-29 10:30:00,2.9684512000,2.9947984000,2.9684512000,2.9860160000,3504500
2021-10-29 10:45:00,2.9947984000,2.9947984000,2.9684512000,2.9860160000,3156200
2021-10-29 11:00:00,2.9860160000,3.0123632000,2.9860160000,3.0035808000,2793100
2021-10-29 11:15:00,3.0035808000,3.0211456000,2.9947984000,3.0035808000,1980889
2021-10-29 11:30:00,3.0035808000,3.0123632000,2.9860160000,3.0123632000,1675800
2021-10-29 13:15:00,3.0035808000,3.0474928000,3.0035808000,3.0474928000,5641700
2021-10-29 13:30:00,3.0474928000,3.0474928000,3.0211456000,3.0299280000,1551900
2021-10-29 13:45:00,3.0299280000,3.0299280000,3.0123632000,3.0123632000,1797607
2021-10-29 14:00:00,3.0211456000,3.0299280000,3.0123632000,3.0211456000,1480200
2021-10-29 14:15:00,3.0211456000,3.0387104000,3.0211456000,3.0299280000,1923100
2021-10-29 14:30:00,3.0299280000,3.0387104000,3.0211456000,3.0299280000,1726900
2021-10-29 14:45:00,3.0211456000,3.0387104000,3.0211456000,3.0299280000,2736100
2021-10-29 15:00:00,3.0299280000,3.0474928000,3.0299280000,3.0474928000,3866900
2021-11-01 09:45:00,3.0650576000,3.0738400000,2.9421040000,2.9508864000,14931300
2021-11-01 10:00:00,2.9508864000,2.9772336000,2.9333216000,2.9684512000,8990100
2021-11-01 10:15:00,2.9596688000,2.9772336000,2.9421040000,2.9596688000,5785902
2021-11-01 10:30:00,2.9508864000,2.9947984000,2.9508864000,2.9772336000,4697000
2021-11-01 10:45:00,2.9684512000,2.9860160000,2.9596688000,2.9772336000,2856000
2021-11-01 11:00:00,2.9772336000,2.9772336000,2.9684512000,2.9684512000,1259300
2021-11-01 11:15:00,2.9684512000,2.9772336000,2.9508864000,2.9596688000,3141200
2021-11-01 11:30:00,2.9596688000,2.9684512000,2.9508864000,2.9684512000,1218600
2021-11-01 13:15:00,2.9596688000,2.9772336000,2.9508864000,2.9596688000,2526200
2021-11-01 13:30:00,2.9596688000,2.9684512000,2.9508864000,2.9596688000,2992360
2021-11-01 13:45:00,2.9596688000,2.9596688000,2.9421040000,2.9596688000,3323440
2021-11-01 14:00:00,2.9596688000,2.9596688000,2.9421040000,2.9596688000,2283116
2021-11-01 14:15:00,2.9596688000,2.9684512000,2.9508864000,2.9508864000,2362700
2021-11-01 14:30:00,2.9508864000,2.9684512000,2.9508864000,2.9684512000,1015000
2021-11-01 14:45:00,2.9596688000,2.9684512000,2.9508864000,2.9596688000,3179400
2021-11-01 15:00:00,2.9596688000,2.9684512000,2.9508864000,2.9596688000,5285938
2021-11-02 09:45:00,2.9684512000,2.9947984000,2.9245392000,2.9596688000,11710200
2021-11-02 10:00:00,2.9596688000,2.9772336000,2.9421040000,2.9508864000,6652900
2021-11-02 10:15:00,2.9596688000,2.9684512000,2.9421040000,2.9421040000,4193400
2021-11-02 10:30:00,2.9508864000,2.9508864000,2.9245392000,2.9333216000,7347285
2021-11-02 10:45:00,2.9333216000,2.9421040000,2.9069744000,2.9069744000,5839900
2021-11-02 11:00:00,2.9069744000,2.9245392000,2.8981920000,2.9069744000,5433900
2021-11-02 11:15:00,2.8981920000,2.9069744000,2.8806272000,2.8894096000,5191200
2021-11-02 11:30:00,2.8894096000,2.8981920000,2.8718448000,2.8981920000,4748541
2021-11-02 13:15:00,2.8981920000,2.8981920000,2.8630624000,2.8806272000,5061600
2021-11-02 13:30:00,2.8806272000,2.8806272000,2.8279328000,2.8454976000,6346800
2021-11-02 13:45:00,2.8454976000,2.8542800000,2.8367152000,2.8454976000,4824300
2021-11-02 14:00:00,2.8542800000,2.8630624000,2.8279328000,2.8454976000,3778600
2021-11-02 14:15:00,2.8367152000,2.8630624000,2.8279328000,2.8454976000,4684600
2021-11-02 14:30:00,2.8454976000,2.8718448000,2.8454976000,2.8718448000,1912616
2021-11-02 14:45:00,2.8718448000,2.8806272000,2.8630624000,2.8806272000,2465100
2021-11-02 15:00:00,2.8718448000,2.8894096000,2.8718448000,2.8806272000,3810400
2021-11-03 09:45:00,2.8718448000,3.0035808000,2.8630624000,2.8981920000,27454400
2021-11-03 10:00:00,2.8981920000,2.9333216000,2.8630624000,2.8718448000,9380000
2021-11-03 10:15:00,2.8718448000,2.8894096000,2.8630624000,2.8894096000,4084200
2021-11-03 10:30:00,2.8894096000,2.9157568000,2.8806272000,2.9069744000,2919401
2021-11-03 10:45:00,2.9157568000,2.9245392000,2.8981920000,2.9157568000,3832300
2021-11-03 11:00:00,2.9157568000,2.9157568000,2.8806272000,2.8894096000,2656300
2021-11-03 11:15:00,2.8981920000,2.8981920000,2.8806272000,2.8981920000,1692200
2021-11-03 11:30:00,2.8981920000,2.8981920000,2.8806272000,2.8981920000,1866500
2021-11-03 13:15:00,2.8981920000,2.8981920000,2.8806272000,2.8894096000,2397500
2021-11-03 13:30:00,2.8806272000,2.8981920000,2.8806272000,2.8894096000,1909100
2021-11-03 13:45:00,2.8894096000,2.8981920000,2.8806272000,2.8894096000,1608600
2021-11-03 14:00:00,2.8894096000,2.8894096000,2.8806272000,2.8894096000,1216100
2021-11-03 14:15:00,2.8806272000,2.8981920000,2.8806272000,2.8894096000,1620000
2021-11-03 14:30:00,2.8981920000,2.8981920000,2.8894096000,2.8981920000,1889400
2021-11-03 14:45:00,2.8981920000,2.9069744000,2.8894096000,2.8981920000,2520529
2021-11-03 15:00:00,2.8981920000,2.9069744000,2.8894096000,2.8981920000,3445706
2021-11-04 09:45:00,2.8806272000,2.9333216000,2.8718448000,2.8894096000,11411200
2021-11-04 10:00:00,2.8894096000,2.8894096000,2.8718448000,2.8718448000,4675000
2021-11-04 10:15:00,2.8894096000,2.8894096000,2.8630624000,2.8806272000,5058900
2021-11-04 10:30:00,2.8806272000,2.8894096000,2.8718448000,2.8806272000,1879301
2021-11-04 10:45:00,2.8894096000,2.8894096000,2.8718448000,2.8718448000,3020300
2021-11-04 11:00:00,2.8718448000,2.8806272000,2.8630624000,2.8718448000,2628200
2021-11-04 11:15:00,2.8630624000,2.8718448000,2.8542800000,2.8542800000,3362400
2021-11-04 11:30:00,2.8542800000,2.8630624000,2.8542800000,2.8542800000,1598800
2021-11-04 13:15:00,2.8630624000,2.8630624000,2.8367152000,2.8454976000,4916700
2021-11-04 13:30:00,2.8367152000,2.8718448000,2.8367152000,2.8630624000,3851600
2021-11-04 13:45:00,2.8630624000,2.8718448000,2.8542800000,2.8630624000,3628600
2021-11-04 14:00:00,2.8630624000,2.8630624000,2.8454976000,2.8542800000,2421700
2021-11-04 14:15:00,2.8542800000,2.8542800000,2.8454976000,2.8542800000,1514800
2021-11-04 14:30:00,2.8542800000,2.8630624000,2.8454976000,2.8454976000,2433100
2021-11-04 14:45:00,2.8542800000,2.8718448000,2.8454976000,2.8718448000,2132900
2021-11-04 15:00:00,2.8630624000,2.8718448000,2.8542800000,2.8630624000,4580147
2021-11-05 09:45:00,2.8630624000,2.8630624000,2.8103680000,2.8191504000,10210273
2021-11-05 10:00:00,2.8103680000,2.8454976000,2.8103680000,2.8279328000,5007600
2021-11-05 10:15:00,2.8191504000,2.8279328000,2.7928032000,2.8015856000,6182800
2021-11-05 10:30:00,2.8103680000,2.8103680000,2.7928032000,2.7928032000,5722300
2021-11-05 10:45:00,2.8015856000,2.8103680000,2.7928032000,2.8103680000,4219200
2021-11-05 11:00:00,2.8103680000,2.8103680000,2.7928032000,2.7928032000,3049400
2021-11-05 11:15:00,2.7928032000,2.8015856000,2.7840208000,2.7928032000,3823300
2021-11-05 11:30:00,2.7928032000,2.7928032000,2.7664560000,2.7752384000,6393700
2021-11-05 13:15:00,2.7840208000,2.7840208000,2.7664560000,2.7752384000,3625400
2021-11-05 13:30:00,2.7752384000,2.7840208000,2.7488912000,2.7576736000,5297900
2021-11-05 13:45:00,2.7576736000,2.7928032000,2.7576736000,2.7840208000,5042000
2021-11-05 14:00:00,2.7928032000,2.7928032000,2.7752384000,2.7840208000,2722200
2021-11-05 14:15:00,2.7840208000,2.7840208000,2.7752384000,2.7752384000,1667500
2021-11-05 14:30:00,2.7752384000,2.7840208000,2.7664560000,2.7840208000,2499000
2021-11-05 14:45:00,2.7840208000,2.7840208000,2.7752384000,2.7840208000,2662500
2021-11-05 15:00:00,2.7752384000,2.7840208000,2.7752384000,2.7752384000,3994600
2021-11-08 09:45:00,2.7752384000,2.8191504000,2.7576736000,2.7840208000,9915100
2021-11-08 10:00:00,2.7840208000,2.8103680000,2.7840208000,2.7840208000,4984138
2021-11-08 10:15:00,2.7928032000,2.8279328000,2.7840208000,2.8103680000,7566400
2021-11-08 10:30:00,2.8103680000,2.8279328000,2.8015856000,2.8191504000,4001100
2021-11-08 10:45:00,2.8103680000,2.8191504000,2.7928032000,2.8015856000,2814300
2021-11-08 11:00:00,2.8015856000,2.8015856000,2.7840208000,2.7928032000,2087900
2021-11-08 11:15:00,2.7928032000,2.7928032000,2.7752384000,2.7840208000,3377600
2021-11-08 11:30:00,2.7840208000,2.7928032000,2.7752384000,2.7928032000,2142300
2021-11-08 13:15:00,2.7928032000,2.7928032000,2.7664560000,2.7752384000,4943400
2021-11-08 13:30:00,2.7752384000,2.7928032000,2.7752384000,2.7840208000,2006100
2021-11-08 13:45:00,2.7840208000,2.7928032000,2.7752384000,2.7840208000,1605900
2021-11-08 14:00:00,2.7840208000,2.7928032000,2.7840208000,2.7928032000,866100
2021-11-08 14:15:00,2.7928032000,2.7928032000,2.7752384000,2.7840208000,1152100
2021-11-08 14:30:00,2.7840208000,2.7840208000,2.7752384000,2.7840208000,1585100
2021-11-08 14:45:00,2.7840208000,2.7840208000,2.7752384000,2.7752384000,1398102
2021-11-08 15:00:00,2.7752384000,2.7928032000,2.7752384000,2.7840208000,3676800
2021-11-09 09:45:00,2.7840208000,2.8015856000,2.7664560000,2.7840208000,6091953
2021-11-09 10:00:00,2.7752384000,2.7840208000,2.7576736000,2.7664560000,4344900
2021-11-09 10:15:00,2.7664560000,2.7840208000,2.7576736000,2.7664560000,4240200
2021-11-09 10:30:00,2.7752384000,2.7752384000,2.7664560000,2.7664560000,1332000
2021-11-09 10:45:00,2.7664560000,2.7664560000,2.7488912000,2.7664560000,3969700
2021-11-09 11:00:00,2.7664560000,2.7664560000,2.7401088000,2.7488912000,3815300
2021-11-09 11:15:00,2.7401088000,2.7664560000,2.7401088000,2.7576736000,2500600
2021-11-09 11:30:00,2.7576736000,2.7664560000,2.7488912000,2.7576736000,1586800
2021-11-09 13:15:00,2.7576736000,2.7664560000,2.7488912000,2.7488912000,1688500
2021-11-09 13:30:00,2.7488912000,2.7488912000,2.7313264000,2.7488912000,4797800
2021-11-09 13:45:00,2.7401088000,2.7488912000,2.7401088000,2.7488912000,856700
2021-11-09 14:00:00,2.7401088000,2.7576736000,2.7401088000,2.7576736000,1660716
2021-11-09 14:15:00,2.7488912000,2.7576736000,2.7401088000,2.7401088000,1901900
2021-11-09 14:30:00,2.7401088000,2.7488912000,2.7401088000,2.7488912000,1557600
2021-11-09 14:45:00,2.7488912000,2.7576736000,2.7401088000,2.7488912000,2534500
2021-11-09 15:00:00,2.7488912000,2.7576736000,2.7488912000,2.7576736000,3456617
2021-11-10 09:45:00,2.7488912000,2.7664560000,2.7049792000,2.7137616000,7554500
2021-11-10 10:00:00,2.7137616000,2.7225440000,2.6961968000,2.7049792000,6667600
2021-11-10 10:15:00,2.7049792000,2.7137616000,2.6786320000,2.6874144000,9469701
2021-11-10 10:30:00,2.6961968000,2.7225440000,2.6874144000,2.7137616000,4486200
2021-11-10 10:45:00,2.7137616000,2.7137616000,2.6961968000,2.7049792000,2673301
2021-11-10 11:00:00,2.7049792000,2.7225440000,2.6961968000,2.6961968000,2224324
2021-11-10 11:15:00,2.7049792000,2.7049792000,2.6874144000,2.6961968000,2535299
2021-11-10 11:30:00,2.6874144000,2.7049792000,2.6874144000,2.6961968000,3989661
2021-11-10 13:15:00,2.6874144000,2.7049792000,2.6874144000,2.6961968000,2833300
2021-11-10 13:30:00,2.7049792000,2.7137616000,2.6961968000,2.7049792000,2755701
2021-11-10 13:45:00,2.7137616000,2.7313264000,2.7049792000,2.7225440000,3514000
2021-11-10 14:00:00,2.7225440000,2.7313264000,2.7137616000,2.7225440000,1870600
2021-11-10 14:15:00,2.7225440000,2.7313264000,2.7137616000,2.7313264000,2351900
2021-11-10 14:30:00,2.7313264000,2.7401088000,2.7313264000,2.7401088000,2243700
2021-11-10 14:45:00,2.7401088000,2.7576736000,2.7313264000,2.7576736000,2520800
2021-11-10 15:00:00,2.7576736000,2.7664560000,2.7488912000,2.7576736000,4349401
2021-11-11 09:45:00,2.7488912000,2.7664560000,2.7313264000,2.7313264000,7185301
2021-11-11 10:00:00,2.7313264000,2.7488912000,2.7225440000,2.7488912000,4112438
2021-11-11 10:15:00,2.7401088000,2.7576736000,2.7401088000,2.7488912000,3207000
2021-11-11 10:30:00,2.7488912000,2.7664560000,2.7401088000,2.7664560000,2750400
2021-11-11 10:45:00,2.7664560000,2.7752384000,2.7576736000,2.7752384000,2966300
2021-11-11 11:00:00,2.7664560000,2.7752384000,2.7576736000,2.7664560000,1900600
2021-11-11 11:15:00,2.7664560000,2.7664560000,2.7576736000,2.7664560000,1472740
2021-11-11 11:30:00,2.7664560000,2.7752384000,2.7576736000,2.7664560000,2500500
2021-11-11 13:15:00,2.7664560000,2.7752384000,2.7576736000,2.7664560000,2046200
2021-11-11 13:30:00,2.7664560000,2.7752384000,2.7576736000,2.7752384000,1576201
2021-11-11 13:45:00,2.7752384000,2.7840208000,2.7664560000,2.7840208000,1660000
2021-11-11 14:00:00,2.7840208000,2.7840208000,2.7752384000,2.7840208000,1314501
2021-11-11 14:15:00,2.7840208000,2.7928032000,2.7752384000,2.7752384000,2974200
2021-11-11 14:30:00,2.7752384000,2.7928032000,2.7752384000,2.7840208000,1919151
2021-11-11 14:45:00,2.7840208000,2.7928032000,2.7840208000,2.7840208000,1754500
2021-11-11 15:00:00,2.7840208000,2.7928032000,2.7752384000,2.7928032000,5752055
2021-11-12 09:45:00,2.8015856000,2.8103680000,2.7576736000,2.7664560000,9943700
2021-11-12 10:00:00,2.7664560000,2.7752384000,2.7488912000,2.7752384000,5839400
2021-11-12 10:15:00,2.7752384000,2.7752384000,2.7488912000,2.7576736000,3508400
2021-11-12 10:30:00,2.7488912000,2.7576736000,2.7488912000,2.7576736000,2329300
2021-11-12 10:45:00,2.7576736000,2.7576736000,2.7313264000,2.7401088000,6085400
2021-11-12 11:00:00,2.7313264000,2.7401088000,2.7225440000,2.7225440000,5340500
2021-11-12 11:15:00,2.7225440000,2.7313264000,2.7225440000,2.7313264000,2921300
2021-11-12 11:30:00,2.7313264000,2.7313264000,2.7225440000,2.7225440000,1862686
2021-11-12 13:15:00,2.7313264000,2.7313264000,2.7137616000,2.7225440000,3929614
2021-11-12 13:30:00,2.7137616000,2.7313264000,2.7137616000,2.7313264000,2218100
2021-11-12 13:45:00,2.7313264000,2.7313264000,2.7225440000,2.7225440000,1484200
2021-11-12 14:00:00,2.7313264000,2.7401088000,2.7225440000,2.7401088000,2365200
2021-11-12 14:15:00,2.7401088000,2.7401088000,2.7225440000,2.7313264000,3197700
2021-11-12 14:30:00,2.7313264000,2.7401088000,2.7225440000,2.7313264000,1731300
2021-11-12 14:45:00,2.7313264000,2.7401088000,2.7225440000,2.7313264000,3442900
2021-11-12 15:00:00,2.7225440000,2.7401088000,2.7225440000,2.7313264000,5110800
2021-11-15 09:45:00,2.7401088000,2.7401088000,2.6786320000,2.6874144000,12853000
2021-11-15 10:00:00,2.6874144000,2.6874144000,2.6610672000,2.6786320000,8764901
2021-11-15 10:15:00,2.6698496000,2.7049792000,2.6698496000,2.6786320000,5985200
2021-11-15 10:30:00,2.6786320000,2.6874144000,2.6698496000,2.6786320000,3482801
2021-11-15 10:45:00,2.6786320000,2.6874144000,2.6698496000,2.6874144000,2287800
2021-11-15 11:00:00,2.6874144000,2.6874144000,2.6698496000,2.6786320000,2673500
2021-11-15 11:15:00,2.6698496000,2.6786320000,2.6698496000,2.6698496000,1372431
2021-11-15 11:30:00,2.6698496000,2.6786320000,2.6698496000,2.6698496000,1793956
2021-11-15 13:15:00,2.6786320000,2.6786320000,2.6698496000,2.6786320000,2005200
2021-11-15 13:30:00,2.6786320000,2.6874144000,2.6698496000,2.6874144000,2086400
2021-11-15 13:45:00,2.6874144000,2.6961968000,2.6786320000,2.6961968000,2464356
2021-11-15 14:00:00,2.6961968000,2.6961968000,2.6874144000,2.6961968000,1008313
2021-11-15 14:15:00,2.6961968000,2.6961968000,2.6786320000,2.6786320000,2501700
2021-11-15 14:30:00,2.6786320000,2.7049792000,2.6786320000,2.6961968000,3737400
2021-11-15 14:45:00,2.6961968000,2.7049792000,2.6874144000,2.6874144000,2437068
2021-11-15 15:00:00,2.6874144000,2.6961968000,2.6786320000,2.6874144000,6082163
2021-11-16 09:45:00,2.7049792000,2.7137616000,2.6786320000,2.6961968000,7887387
2021-11-16 10:00:00,2.6874144000,2.7137616000,2.6786320000,2.7049792000,4226537
2021-11-16 10:15:00,2.7137616000,2.7137616000,2.6961968000,2.7049792000,2984801
2021-11-16 10:30:00,2.7049792000,2.7049792000,2.6874144000,2.6961968000,2396099
2021-11-16 10:45:00,2.6874144000,2.6961968000,2.6786320000,2.6786320000,3492263
2021-11-16 11:00:00,2.6786320000,2.6874144000,2.6786320000,2.6786320000,1083301
2021-11-16 11:15:00,2.6874144000,2.7049792000,2.6698496000,2.6961968000,6832938
2021-11-16 11:30:00,2.6874144000,2.7225440000,2.6874144000,2.7137616000,4171163
2021-11-16 13:15:00,2.7225440000,2.7313264000,2.7137616000,2.7225440000,4573700
2021-11-16 13:30:00,2.7137616000,2.7137616000,2.7049792000,2.7049792000,1856900
2021-11-16 13:45:00,2.7049792000,2.7225440000,2.6961968000,2.7137616000,3223941
2021-11-16 14:00:00,2.7137616000,2.7225440000,2.7049792000,2.7049792000,1638400
2021-11-16 14:15:00,2.7049792000,2.7049792000,2.6961968000,2.7049792000,2005800
2021-11-16 14:30:00,2.7049792000,2.7049792000,2.6961968000,2.6961968000,1793600
2021-11-16 14:45:00,2.6961968000,2.6961968000,2.6786320000,2.6786320000,4385359
2021-11-16 15:00:00,2.6874144000,2.6961968000,2.6786320000,2.6874144000,5513393
2021-11-17 09:45:00,2.6874144000,2.6874144000,2.6522848000,2.6522848000,7695200
2021-11-17 10:00:00,2.6522848000,2.6610672000,2.6347200000,2.6435024000,7532100
2021-11-17 10:15:00,2.6435024000,2.6698496000,2.6435024000,2.6610672000,4874200
2021-11-17 10:30:00,2.6698496000,2.6786320000,2.6610672000,2.6698496000,2612600
2021-11-17 10:45:00,2.6698496000,2.6786320000,2.6610672000,2.6610672000,1491100
2021-11-17 11:00:00,2.6610672000,2.6698496000,2.6610672000,2.6698496000,1075400
2021-11-17 11:15:00,2.6698496000,2.6786320000,2.6610672000,2.6698496000,1393100
2021-11-17 11:30:00,2.6698496000,2.6698496000,2.6610672000,2.6698496000,911119
2021-11-17 13:15:00,2.6698496000,2.6786320000,2.6610672000,2.6698496000,1596300
2021-11-17 13:30:00,2.6698496000,2.6786320000,2.6610672000,2.6786320000,2053700
2021-11-17 13:45:00,2.6786320000,2.6874144000,2.6698496000,2.6698496000,3224800
2021-11-17 14:00:00,2.6786320000,2.6786320000,2.6698496000,2.6698496000,1022200
2021-11-17 14:15:00,2.6698496000,2.6874144000,2.6698496000,2.6874144000,1376500
2021-11-17 14:30:00,2.6786320000,2.6874144000,2.6786320000,2.6874144000,1855100
2021-11-17 14:45:00,2.6874144000,2.6961968000,2.6786320000,2.6874144000,2113100
2021-11-17 15:00:00,2.6874144000,2.6961968000,2.6786320000,2.6874144000,6311700
2021-11-18 09:45:00,2.6698496000,2.7840208000,2.6610672000,2.7488912000,21773420
2021-11-18 10:00:00,2.7488912000,2.7576736000,2.7401088000,2.7401088000,5268900
2021-11-18 10:15:00,2.7401088000,2.7488912000,2.7049792000,2.7049792000,7720700
2021-11-18 10:30:00,2.7049792000,2.7137616000,2.6961968000,2.7049792000,5110000
2021-11-18 10:45:00,2.6961968000,2.7049792000,2.6874144000,2.6874144000,3882700
2021-11-18 11:00:00,2.6874144000,2.7049792000,2.6874144000,2.6961968000,2207000
2021-11-18 11:15:00,2.6961968000,2.7049792000,2.6874144000,2.6874144000,2791000
2021-11-18 11:30:00,2.6874144000,2.6961968000,2.6874144000,2.6961968000,2726526
2021-11-18 13:15:00,2.6874144000,2.7049792000,2.6874144000,2.7049792000,4272300
2021-11-18 13:30:00,2.6961968000,2.7137616000,2.6961968000,2.7049792000,2661502
2021-11-18 13:45:00,2.7049792000,2.7049792000,2.6961968000,2.6961968000,1683100
2021-11-18 14:00:00,2.7049792000,2.7049792000,2.6874144000,2.6961968000,3175698
2021-11-18 14:15:00,2.6961968000,2.7049792000,2.6874144000,2.7049792000,2130800
2021-11-18 14:30:00,2.7049792000,2.7049792000,2.6874144000,2.6874144000,2934500
2021-11-18 14:45:00,2.6874144000,2.6961968000,2.6786320000,2.6874144000,6193800
2021-11-18 15:00:00,2.6874144000,2.6874144000,2.6698496000,2.6786320000,8657700
2021-11-19 09:45:00,2.6786320000,2.6874144000,2.6522848000,2.6522848000,9463639
2021-11-19 10:00:00,2.6522848000,2.6610672000,2.6435024000,2.6522848000,5686200
2021-11-19 10:15:00,2.6522848000,2.6610672000,2.6435024000,2.6610672000,2155200
2021-11-19 10:30:00,2.6522848000,2.6610672000,2.6522848000,2.6610672000,1458300
2021-11-19 10:45:00,2.6522848000,2.6698496000,2.6522848000,2.6610672000,1807460
2021-11-19 11:00:00,2.6698496000,2.6698496000,2.6610672000,2.6698496000,1594600
2021-11-19 11:15:00,2.6698496000,2.6786320000,2.6610672000,2.6786320000,2081000
2021-11-19 11:30:00,2.6698496000,2.6874144000,2.6698496000,2.6874144000,1769027
2021-11-19 13:15:00,2.6874144000,2.6874144000,2.6786320000,2.6786320000,2756200
2021-11-19 13:30:00,2.6786320000,2.6874144000,2.6786320000,2.6874144000,1180700
2021-11-19 13:45:00,2.6874144000,2.7049792000,2.6874144000,2.7049792000,2784090
2021-11-19 14:00:00,2.6961968000,2.7225440000,2.6874144000,2.7225440000,6644800
2021-11-19 14:15:00,2.7225440000,2.7313264000,2.7049792000,2.7137616000,5124701
2021-11-19 14:30:00,2.7137616000,2.7137616000,2.6961968000,2.7137616000,2763700
2021-11-19 14:45:00,2.7049792000,2.7313264000,2.7049792000,2.7225440000,6460300
2021-11-19 15:00:00,2.7225440000,2.7313264000,2.7137616000,2.7137616000,8827700
2021-11-22 09:45:00,2.7137616000,2.7488912000,2.7137616000,2.7401088000,11384000
2021-11-22 10:00:00,2.7401088000,2.7664560000,2.7225440000,2.7576736000,10357432
2021-11-22 10:15:00,2.7576736000,2.7664560000,2.7488912000,2.7576736000,5435700
2021-11-22 10:30:00,2.7576736000,2.7664560000,2.7488912000,2.7664560000,4029800
2021-11-22 10:45:00,2.7664560000,2.7664560000,2.7488912000,2.7576736000,2895500
2021-11-22 11:00:00,2.7576736000,2.7576736000,2.7488912000,2.7488912000,1724300
2021-11-22 11:15:00,2.7488912000,2.7576736000,2.7488912000,2.7488912000,1581300
2021-11-22 11:30:00,2.7576736000,2.7664560000,2.7488912000,2.7576736000,2294400
2021-11-22 13:15:00,2.7576736000,2.7664560000,2.7488912000,2.7576736000,4271811
2021-11-22 13:30:00,2.7576736000,2.7576736000,2.7488912000,2.7576736000,1776068
2021-11-22 13:45:00,2.7576736000,2.7576736000,2.7488912000,2.7488912000,1596900
2021-11-22 14:00:00,2.7488912000,2.7664560000,2.7488912000,2.7664560000,1470701
2021-11-22 14:15:00,2.7576736000,2.7664560000,2.7576736000,2.7576736000,2327000
2021-11-22 14:30:00,2.7664560000,2.7664560000,2.7576736000,2.7576736000,3110200
2021-11-22 14:45:00,2.7576736000,2.7664560000,2.7576736000,2.7664560000,3403601
2021-11-22 15:00:00,2.7576736000,2.7664560000,2.7488912000,2.7576736000,8528948
2021-11-23 09:45:00,2.7488912000,2.7488912000,2.7225440000,2.7225440000,10882200
2021-11-23 10:00:00,2.7225440000,2.7664560000,2.7225440000,2.7576736000,6239840
2021-11-23 10:15:00,2.7664560000,2.7752384000,2.7576736000,2.7664560000,5001000
2021-11-23 10:30:00,2.7664560000,2.7840208000,2.7576736000,2.7840208000,4915414
2021-11-23 10:45:00,2.7840208000,2.7840208000,2.7664560000,2.7752384000,4906800
2021-11-23 11:00:00,2.7752384000,2.7840208000,2.7752384000,2.7840208000,2036500
2021-11-23 11:15:00,2.7840208000,2.8015856000,2.7752384000,2.7928032000,7586300
2021-11-23 11:30:00,2.7928032000,2.8015856000,2.7752384000,2.7840208000,3097800
2021-11-23 13:15:00,2.7928032000,2.7928032000,2.7840208000,2.7928032000,2526300
2021-11-23 13:30:00,2.7840208000,2.8015856000,2.7840208000,2.8015856000,2604600
2021-11-23 13:45:00,2.7928032000,2.8015856000,2.7664560000,2.7752384000,4243500
2021-11-23 14:00:00,2.7664560000,2.7752384000,2.7664560000,2.7752384000,1847200
2021-11-23 14:15:00,2.7752384000,2.7840208000,2.7664560000,2.7664560000,2422205
2021-11-23 14:30:00,2.7752384000,2.7752384000,2.7664560000,2.7752384000,1277600
2021-11-23 14:45:00,2.7752384000,2.7752384000,2.7664560000,2.7664560000,1979200
2021-11-23 15:00:00,2.7664560000,2.7752384000,2.7576736000,2.7752384000,6481100
2021-11-24 09:45:00,2.7752384000,2.7840208000,2.7401088000,2.7488912000,7758200
2021-11-24 10:00:00,2.7488912000,2.7576736000,2.7401088000,2.7576736000,4175941
2021-11-24 10:15:00,2.7576736000,2.7576736000,2.7401088000,2.7401088000,2477300
2021-11-24 10:30:00,2.7401088000,2.7488912000,2.7313264000,2.7313264000,6234700
2021-11-24 10:45:00,2.7313264000,2.7401088000,2.7225440000,2.7313264000,3993100
2021-11-24 11:00:00,2.7313264000,2.7401088000,2.7225440000,2.7225440000,2257200
2021-11-24 11:15:00,2.7225440000,2.7401088000,2.7225440000,2.7225440000,1749000
2021-11-24 11:30:00,2.7225440000,2.7401088000,2.7225440000,2.7313264000,1332536
2021-11-24 13:15:00,2.7313264000,2.7488912000,2.7313264000,2.7401088000,2053000
2021-11-24 13:30:00,2.7401088000,2.7488912000,2.7313264000,2.7488912000,1097800
2021-11-24 13:45:00,2.7401088000,2.7488912000,2.7313264000,2.7401088000,2358700
2021-11-24 14:00:00,2.7401088000,2.7488912000,2.7401088000,2.7488912000,1399986
2021-11-24 14:15:00,2.7401088000,2.7488912000,2.7401088000,2.7488912000,1011487
2021-11-24 14:30:00,2.7401088000,2.7488912000,2.7401088000,2.7401088000,1344900
2021-11-24 14:45:00,2.7401088000,2.7488912000,2.7401088000,2.7401088000,1590523
2021-11-24 15:00:00,2.7401088000,2.7488912000,2.7313264000,2.7401088000,5328177
2021-11-25 09:45:00,2.7401088000,2.7576736000,2.7225440000,2.7488912000,4961882
2021-11-25 10:00:00,2.7488912000,2.7576736000,2.7401088000,2.7401088000,2175000
2021-11-25 10:15:00,2.7488912000,2.7488912000,2.7225440000,2.7313264000,3487000
2021-11-25 10:30:00,2.7313264000,2.7313264000,2.7225440000,2.7313264000,1183800
2021-11-25 10:45:00,2.7313264000,2.7313264000,2.7225440000,2.7313264000,1736500
2021-11-25 11:00:00,2.7313264000,2.7313264000,2.7225440000,2.7225440000,948400
2021-11-25 11:15:00,2.7313264000,2.7313264000,2.7225440000,2.7313264000,1079501
2021-11-25 11:30:00,2.7313264000,2.7488912000,2.7225440000,2.7401088000,2875100
2021-11-25 13:15:00,2.7401088000,2.7401088000,2.7313264000,2.7313264000,919400
2021-11-25 13:30:00,2.7313264000,2.7488912000,2.7313264000,2.7401088000,2456812
2021-11-25 13:45:00,2.7401088000,2.7576736000,2.7401088000,2.7488912000,2310000
2021-11-25 14:00:00,2.7488912000,2.7488912000,2.7401088000,2.7401088000,1107100
2021-11-25 14:15:00,2.7401088000,2.7488912000,2.7401088000,2.7488912000,914100
2021-11-25 14:30:00,2.7488912000,2.7488912000,2.7401088000,2.7401088000,779600
2021-11-25 14:45:00,2.7401088000,2.7488912000,2.7401088000,2.7488912000,1333300
2021-11-25 15:00:00,2.7488912000,2.7488912000,2.7401088000,2.7488912000,4169000
2021-11-26 09:45:00,2.7313264000,2.7488912000,2.7137616000,2.7225440000,5936600
2021-11-26 10:00:00,2.7225440000,2.7225440000,2.7049792000,2.7137616000,5300100
2021-11-26 10:15:00,2.7137616000,2.7225440000,2.7049792000,2.7137616000,1644000
2021-11-26 10:30:00,2.7137616000,2.7225440000,2.7049792000,2.7137616000,2132300
2021-11-26 10:45:00,2.7225440000,2.7313264000,2.7137616000,2.7225440000,2351100
2021-11-26 11:00:00,2.7225440000,2.7313264000,2.7137616000,2.7137616000,1093300
2021-11-26 11:15:00,2.7137616000,2.7225440000,2.7137616000,2.7225440000,705200
2021-11-26 11:30:00,2.7225440000,2.7225440000,2.7137616000,2.7225440000,1564100
2021-11-26 13:15:00,2.7225440000,2.7225440000,2.7137616000,2.7225440000,1298600
2021-11-26 13:30:00,2.7225440000,2.7225440000,2.7049792000,2.7049792000,2562300
2021-11-26 13:45:00,2.7049792000,2.7137616000,2.7049792000,2.7049792000,1246400
2021-11-26 14:00:00,2.7137616000,2.7225440000,2.7049792000,2.7137616000,1714100
2021-11-26 14:15:00,2.7137616000,2.7137616000,2.7049792000,2.7049792000,831700
2021-11-26 14:30:00,2.7049792000,2.7137616000,2.7049792000,2.7049792000,1260000
2021-11-26 14:45:00,2.7049792000,2.7137616000,2.7049792000,2.7137616000,2226100
2021-11-26 15:00:00,2.7137616000,2.7137616000,2.7049792000,2.7137616000,4865400
2021-11-29 09:45:00,2.6961968000,2.8454976000,2.6961968000,2.7928032000,35432503
2021-11-29 10:00:00,2.7928032000,2.8015856000,2.7664560000,2.7752384000,14044319
2021-11-29 10:15:00,2.7752384000,2.8015856000,2.7752384000,2.7840208000,9029301
2021-11-29 10:30:00,2.7840208000,2.8191504000,2.7752384000,2.8103680000,11633002
2021-11-29 10:45:00,2.8191504000,2.8718448000,2.8103680000,2.8454976000,25141900
2021-11-29 11:00:00,2.8367152000,2.8630624000,2.8367152000,2.8454976000,6878800
2021-11-29 11:15:00,2.8542800000,2.8542800000,2.8191504000,2.8279328000,6277100
2021-11-29 11:30:00,2.8279328000,2.8279328000,2.8191504000,2.8279328000,2138000
2021-11-29 13:15:00,2.8191504000,2.8279328000,2.7928032000,2.8015856000,8768300
2021-11-29 13:30:00,2.7928032000,2.8015856000,2.7840208000,2.7840208000,8213400
2021-11-29 13:45:00,2.7840208000,2.8103680000,2.7840208000,2.7928032000,3617000
2021-11-29 14:00:00,2.8015856000,2.8103680000,2.7928032000,2.8015856000,3930200
2021-11-29 14:15:00,2.8103680000,2.8103680000,2.7840208000,2.7928032000,4413400
2021-11-29 14:30:00,2.7840208000,2.8454976000,2.7840208000,2.8454976000,13642200
2021-11-29 14:45:00,2.8367152000,2.8542800000,2.8103680000,2.8279328000,13628200
2021-11-29 15:00:00,2.8279328000,2.8542800000,2.8191504000,2.8367152000,15294837
2021-11-30 09:45:00,2.8103680000,2.8191504000,2.7576736000,2.7664560000,30815600
2021-11-30 10:00:00,2.7664560000,2.8015856000,2.7664560000,2.7664560000,15637600
2021-11-30 10:15:00,2.7664560000,2.7840208000,2.7664560000,2.7752384000,7657578
2021-11-30 10:30:00,2.7752384000,2.7752384000,2.7488912000,2.7576736000,12090422
2021-11-30 10:45:00,2.7576736000,2.7664560000,2.7488912000,2.7488912000,7624540
2021-11-30 11:00:00,2.7576736000,2.7576736000,2.7401088000,2.7401088000,7075860
2021-11-30 11:15:00,2.7401088000,2.7488912000,2.7401088000,2.7488912000,4912182
2021-11-30 11:30:00,2.7488912000,2.7488912000,2.7401088000,2.7488912000,3434818
2021-11-30 13:15:00,2.7401088000,2.8367152000,2.7401088000,2.8191504000,16139821
2021-11-30 13:30:00,2.8191504000,2.9421040000,2.8103680000,2.8981920000,48070124
2021-11-30 13:45:00,2.8981920000,2.8981920000,2.8542800000,2.8718448000,16387908
2021-11-30 14:00:00,2.8630624000,2.8718448000,2.8367152000,2.8454976000,10474267
2021-11-30 14:15:00,2.8542800000,2.8542800000,2.8367152000,2.8454976000,6855793
2021-11-30 14:30:00,2.8367152000,2.8542800000,2.8367152000,2.8542800000,5393600
2021-11-30 14:45:00,2.8542800000,2.8630624000,2.8454976000,2.8630624000,9749100
2021-11-30 15:00:00,2.8542800000,2.8630624000,2.8367152000,2.8367152000,33352238
2021-12-01 09:45:00,2.8015856000,2.8103680000,2.7752384000,2.7840208000,23657105
2021-12-01 10:00:00,2.7840208000,2.7928032000,2.7752384000,2.7752384000,9979500
2021-12-01 10:15:00,2.7752384000,2.7928032000,2.7752384000,2.7840208000,7092300
2021-12-01 10:30:00,2.7928032000,2.8103680000,2.7928032000,2.8015856000,6930600
2021-12-01 10:45:00,2.8015856000,2.8015856000,2.7928032000,2.7928032000,4045735
2021-12-01 11:00:00,2.8015856000,2.8015856000,2.7840208000,2.7840208000,4708165
2021-12-01 11:15:00,2.7840208000,2.8367152000,2.7752384000,2.8103680000,15084900
2021-12-01 11:30:00,2.8015856000,2.8191504000,2.8015856000,2.8015856000,4880200
2021-12-01 13:15:00,2.8103680000,2.8103680000,2.7928032000,2.7928032000,4997300
2021-12-01 13:30:00,2.7928032000,2.8015856000,2.7840208000,2.7928032000,4159400
2021-12-01 13:45:00,2.7928032000,2.7928032000,2.7840208000,2.7928032000,3604600
2021-12-01 14:00:00,2.7928032000,2.7928032000,2.7752384000,2.7840208000,5877314
2021-12-01 14:15:00,2.7840208000,2.7928032000,2.7752384000,2.7840208000,4865400
2021-12-01 14:30:00,2.7840208000,2.7928032000,2.7752384000,2.7928032000,4371194
2021-12-01 14:45:00,2.7840208000,2.7928032000,2.7840208000,2.7840208000,4915265
2021-12-01 15:00:00,2.7928032000,2.8015856000,2.7840208000,2.7928032000,7562165
2021-12-02 09:45:00,2.8015856000,2.8630624000,2.7928032000,2.8542800000,26778896
2021-12-02 10:00:00,2.8542800000,2.8542800000,2.8191504000,2.8279328000,10899700
2021-12-02 10:15:00,2.8279328000,2.8279328000,2.8015856000,2.8015856000,8262000
2021-12-02 10:30:00,2.8015856000,2.8191504000,2.8015856000,2.8103680000,4879900
2021-12-02 10:45:00,2.8103680000,2.8279328000,2.8015856000,2.8191504000,4737100
2021-12-02 11:00:00,2.8103680000,2.8279328000,2.8103680000,2.8279328000,3199501
2021-12-02 11:15:00,2.8279328000,2.8279328000,2.8103680000,2.8191504000,1770899
2021-12-02 11:30:00,2.8191504000,2.8279328000,2.8103680000,2.8279328000,2744700
2021-12-02 13:15:00,2.8279328000,2.8279328000,2.8103680000,2.8191504000,4000200
2021-12-02 13:30:00,2.8191504000,2.8191504000,2.8103680000,2.8103680000,2573100
2021-12-02 13:45:00,2.8191504000,2.8191504000,2.8103680000,2.8103680000,3077000
2021-12-02 14:00:00,2.8103680000,2.8103680000,2.8015856000,2.8015856000,4263000
2021-12-02 14:15:00,2.8015856000,2.8103680000,2.7928032000,2.7928032000,4793600
2021-12-02 14:30:00,2.7928032000,2.8103680000,2.7928032000,2.8015856000,3682209
2021-12-02 14:45:00,2.8015856000,2.8103680000,2.7928032000,2.7928032000,4582103
2021-12-02 15:00:00,2.8015856000,2.8103680000,2.7928032000,2.8103680000,6280500
2021-12-03 09:45:00,2.8542800000,2.9772336000,2.8367152000,2.9157568000,70845565
2021-12-03 10:00:00,2.9245392000,2.9421040000,2.9069744000,2.9333216000,21283400
2021-12-03 10:15:00,2.9333216000,2.9508864000,2.9157568000,2.9245392000,14443915
2021-12-03 10:30:00,2.9157568000,2.9333216000,2.9069744000,2.9157568000,9652405
2021-12-03 10:45:00,2.9157568000,2.9245392000,2.8981920000,2.9245392000,6037993
2021-12-03 11:00:00,2.9245392000,2.9245392000,2.9069744000,2.9245392000,4026907
2021-12-03 11:15:00,2.9157568000,2.9421040000,2.9157568000,2.9333216000,5379642
2021-12-03 11:30:00,2.9333216000,2.9947984000,2.9245392000,2.9860160000,23682500
2021-12-03 13:15:00,2.9860160000,3.0211456000,2.9684512000,2.9684512000,17957678
2021-12-03 13:30:00,2.9684512000,2.9860160000,2.9684512000,2.9772336000,4653600
2021-12-03 13:45:00,2.9772336000,2.9860160000,2.9684512000,2.9684512000,5521800
2021-12-03 14:00:00,2.9684512000,2.9772336000,2.9421040000,2.9596688000,7241750
2021-12-03 14:15:00,2.9684512000,2.9684512000,2.9508864000,2.9508864000,3061500
2021-12-03 14:30:00,2.9508864000,2.9684512000,2.9508864000,2.9596688000,5321600
2021-12-03 14:45:00,2.9684512000,2.9684512000,2.9596688000,2.9684512000,5573500
2021-12-03 15:00:00,2.9684512000,2.9684512000,2.9596688000,2.9684512000,12622409
2021-12-06 09:45:00,2.9596688000,2.9860160000,2.9245392000,2.9772336000,36744316
2021-12-06 10:00:00,2.9772336000,2.9772336000,2.9245392000,2.9333216000,18004395
2021-12-06 10:15:00,2.9333216000,2.9508864000,2.9245392000,2.9508864000,9527100
2021-12-06 10:30:00,2.9508864000,2.9508864000,2.9333216000,2.9333216000,7186100
2021-12-06 10:45:00,2.9421040000,2.9947984000,2.9245392000,2.9684512000,21148200
2021-12-06 11:00:00,2.9772336000,3.0299280000,2.9684512000,3.0035808000,23915251
2021-12-06 11:15:00,3.0123632000,3.0387104000,2.9947984000,2.9947984000,11410149
2021-12-06 11:30:00,2.9947984000,3.0123632000,2.9947984000,2.9947984000,4148252
2021-12-06 13:15:00,3.0035808000,3.0035808000,2.9684512000,2.9860160000,7858248
2021-12-06 13:30:00,2.9860160000,2.9860160000,2.9684512000,2.9684512000,3784200
2021-12-06 13:45:00,2.9772336000,2.9947984000,2.9684512000,2.9772336000,4032000
2021-12-06 14:00:00,2.9860160000,2.9860160000,2.9772336000,2.9772336000,3089700
2021-12-06 14:15:00,2.9772336000,2.9860160000,2.9684512000,2.9684512000,5707100
2021-12-06 14:30:00,2.9684512000,2.9684512000,2.9508864000,2.9508864000,3633508
2021-12-06 14:45:00,2.9508864000,2.9596688000,2.9421040000,2.9508864000,4662900
2021-12-06 15:00:00,2.9421040000,2.9596688000,2.9421040000,2.9508864000,7431213
2021-12-07 09:45:00,2.9684512000,3.0123632000,2.9508864000,2.9596688000,24341128
2021-12-07 10:00:00,2.9684512000,2.9684512000,2.9245392000,2.9333216000,12787200
2021-12-07 10:15:00,2.9245392000,2.9421040000,2.9069744000,2.9157568000,13125718
2021-12-07 10:30:00,2.9157568000,2.9421040000,2.9069744000,2.9069744000,7865900
2021-12-07 10:45:00,2.9069744000,2.9245392000,2.8981920000,2.9245392000,6788100
2021-12-07 11:00:00,2.9157568000,2.9245392000,2.9069744000,2.9157568000,3641600
2021-12-07 11:15:00,2.9069744000,2.9508864000,2.9069744000,2.9421040000,4065700
2021-12-07 11:30:00,2.9421040000,2.9421040000,2.9333216000,2.9421040000,1656334
2021-12-07 13:15:00,2.9421040000,2.9508864000,2.9245392000,2.9245392000,2878966
2021-12-07 13:30:00,2.9333216000,2.9333216000,2.9245392000,2.9245392000,1315400
2021-12-07 13:45:00,2.9333216000,2.9333216000,2.9157568000,2.9157568000,3143500
2021-12-07 14:00:00,2.9157568000,2.9245392000,2.9069744000,2.9069744000,4583000
2021-12-07 14:15:00,2.9157568000,2.9157568000,2.9069744000,2.9069744000,2856300
2021-12-07 14:30:00,2.9069744000,2.9245392000,2.9069744000,2.9245392000,4603866
2021-12-07 14:45:00,2.9157568000,2.9245392000,2.9157568000,2.9245392000,3052800
2021-12-07 15:00:00,2.9245392000,2.9333216000,2.9157568000,2.9333216000,6706171
2021-12-08 09:45:00,2.9333216000,2.9508864000,2.8894096000,2.8981920000,14373272
2021-12-08 10:00:00,2.8981920000,2.9069744000,2.8806272000,2.8894096000,10701700
2021-12-08 10:15:00,2.8806272000,2.8981920000,2.8806272000,2.8981920000,4549000
2021-12-08 10:30:00,2.8981920000,2.9157568000,2.8981920000,2.8981920000,3029800
2021-12-08 10:45:00,2.8981920000,2.9157568000,2.8981920000,2.9069744000,1851400
2021-12-08 11:00:00,2.9069744000,2.9245392000,2.9069744000,2.9157568000,3651600
2021-12-08 11:15:00,2.9157568000,2.9157568000,2.8981920000,2.9069744000,4075800
2021-12-08 11:30:00,2.9069744000,2.9157568000,2.9069744000,2.9157568000,3145700
2021-12-08 13:15:00,2.9069744000,2.9421040000,2.9069744000,2.9333216000,10946188
2021-12-08 13:30:00,2.9333216000,2.9333216000,2.9245392000,2.9245392000,2201719
2021-12-08 13:45:00,2.9245392000,2.9333216000,2.9157568000,2.9245392000,2867981
2021-12-08 14:00:00,2.9245392000,2.9245392000,2.9157568000,2.9157568000,2914019
2021-12-08 14:15:00,2.9157568000,2.9245392000,2.9069744000,2.9157568000,2383081
2021-12-08 14:30:00,2.9069744000,2.9245392000,2.9069744000,2.9157568000,3423800
2021-12-08 14:45:00,2.9157568000,2.9245392000,2.9069744000,2.9157568000,2852500
2021-12-08 15:00:00,2.9069744000,2.9245392000,2.9069744000,2.9245392000,6533700
2021-12-09 09:45:00,2.9245392000,2.9245392000,2.8981920000,2.9245392000,9484517
2021-12-09 10:00:00,2.9245392000,2.9333216000,2.9069744000,2.9245392000,8980781
2021-12-09 10:15:00,2.9333216000,2.9333216000,2.9157568000,2.9157568000,5926800
2021-12-09 10:30:00,2.9157568000,2.9245392000,2.9069744000,2.9157568000,4948400
2021-12-09 10:45:00,2.9157568000,2.9157568000,2.9069744000,2.9157568000,2727900
2021-12-09 11:00:00,2.9157568000,2.9245392000,2.9069744000,2.9157568000,5437991
2021-12-09 11:15:00,2.9069744000,2.9245392000,2.9069744000,2.9157568000,3341572
2021-12-09 11:30:00,2.9157568000,2.9245392000,2.9069744000,2.9069744000,2866837
2021-12-09 13:15:00,2.9069744000,2.9157568000,2.9069744000,2.9069744000,3851803
2021-12-09 13:30:00,2.9157568000,2.9157568000,2.9069744000,2.9157568000,2936700
2021-12-09 13:45:00,2.9157568000,2.9157568000,2.8981920000,2.8981920000,4632425
2021-12-09 14:00:00,2.9069744000,2.9157568000,2.8981920000,2.9069744000,3749205
2021-12-09 14:15:00,2.9069744000,2.9157568000,2.9069744000,2.9069744000,1677200
2021-12-09 14:30:00,2.9069744000,2.9157568000,2.9069744000,2.9069744000,2943300
2021-12-09 14:45:00,2.9157568000,2.9157568000,2.9069744000,2.9069744000,3521300
2021-12-09 15:00:00,2.9157568000,2.9157568000,2.8981920000,2.9069744000,6788500
2021-12-10 09:45:00,2.8894096000,2.9069744000,2.8718448000,2.9069744000,10033291
2021-12-10 10:00:00,2.9069744000,2.9245392000,2.8894096000,2.9157568000,7777400
2021-12-10 10:15:00,2.9157568000,2.9333216000,2.9069744000,2.9333216000,6880504
2021-12-10 10:30:00,2.9333216000,2.9421040000,2.9245392000,2.9245392000,8563100
2021-12-10 10:45:00,2.9245392000,2.9333216000,2.9157568000,2.9245392000,3681000
2021-12-10 11:00:00,2.9245392000,2.9421040000,2.9157568000,2.9421040000,4645900
2021-12-10 11:15:00,2.9421040000,2.9596688000,2.9333216000,2.9508864000,12524377
2021-12-10 11:30:00,2.9508864000,2.9596688000,2.9421040000,2.9421040000,4925785
2021-12-10 13:15:00,2.9421040000,2.9508864000,2.9333216000,2.9333216000,3481500
2021-12-10 13:30:00,2.9333216000,2.9421040000,2.9245392000,2.9245392000,2861700
2021-12-10 13:45:00,2.9245392000,2.9333216000,2.9245392000,2.9333216000,2165700
2021-12-10 14:00:00,2.9333216000,2.9333216000,2.9245392000,2.9245392000,1887601
2021-12-10 14:15:00,2.9245392000,2.9333216000,2.9069744000,2.9157568000,4320499
2021-12-10 14:30:00,2.9157568000,2.9245392000,2.9069744000,2.9245392000,2552901
2021-12-10 14:45:00,2.9245392000,2.9245392000,2.9069744000,2.9157568000,4380800
2021-12-10 15:00:00,2.9157568000,2.9245392000,2.9157568000,2.9157568000,4204300
2021-12-13 09:45:00,2.9157568000,2.9333216000,2.8981920000,2.9245392000,12003492
2021-12-13 10:00:00,2.9245392000,2.9245392000,2.9069744000,2.9069744000,6174300
2021-12-13 10:15:00,2.9069744000,2.9157568000,2.8981920000,2.8981920000,6339009
2021-12-13 10:30:00,2.8981920000,2.9069744000,2.8894096000,2.8894096000,8700599
2021-12-13 10:45:00,2.8894096000,2.8981920000,2.8894096000,2.8894096000,4324800
2021-12-13 11:00:00,2.8894096000,2.8981920000,2.8894096000,2.8894096000,4071000
2021-12-13 11:15:00,2.8894096000,2.9069744000,2.8894096000,2.9069744000,3866100
2021-12-13 11:30:00,2.9069744000,2.9069744000,2.8981920000,2.8981920000,1376100
2021-12-13 13:15:00,2.8981920000,2.9069744000,2.8981920000,2.8981920000,2101600
2021-12-13 13:30:00,2.8981920000,2.9069744000,2.8894096000,2.8894096000,3940466
2021-12-13 13:45:00,2.8981920000,2.8981920000,2.8894096000,2.8981920000,2560900
2021-12-13 14:00:00,2.8981920000,2.8981920000,2.8806272000,2.8806272000,4961056
2021-12-13 14:15:00,2.8806272000,2.8894096000,2.8806272000,2.8806272000,2772566
2021-12-13 14:30:00,2.8894096000,2.8894096000,2.8806272000,2.8894096000,2236400
2021-12-13 14:45:00,2.8806272000,2.8894096000,2.8806272000,2.8806272000,2845900
2021-12-13 15:00:00,2.8894096000,2.8894096000,2.8630624000,2.8806272000,10013334
2021-12-14 09:45:00,2.8630624000,2.8630624000,2.8191504000,2.8279328000,13602200
2021-12-14 10:00:00,2.8279328000,2.8367152000,2.8191504000,2.8279328000,9190789
2021-12-14 10:15:00,2.8191504000,2.8367152000,2.8191504000,2.8279328000,4780500
2021-12-14 10:30:00,2.8367152000,2.8367152000,2.8191504000,2.8279328000,3437734
2021-12-14 10:45:00,2.8191504000,2.8279328000,2.8103680000,2.8103680000,5411077
2021-12-14 11:00:00,2.8103680000,2.8191504000,2.7928032000,2.8103680000,9153123
2021-12-14 11:15:00,2.8103680000,2.8191504000,2.8015856000,2.8103680000,3534196
2021-12-14 11:30:00,2.8103680000,2.8191504000,2.8103680000,2.8191504000,2163600
2021-12-14 13:15:00,2.8191504000,2.8191504000,2.8015856000,2.8103680000,3323300
2021-12-14 13:30:00,2.8103680000,2.8191504000,2.8015856000,2.8103680000,3357608
2021-12-14 13:45:00,2.8191504000,2.8191504000,2.8103680000,2.8103680000,1917300
2021-12-14 14:00:00,2.8103680000,2.8191504000,2.8015856000,2.8103680000,2451001
2021-12-14 14:15:00,2.8103680000,2.8103680000,2.8015856000,2.8103680000,2068901
2021-12-14 14:30:00,2.8103680000,2.8103680000,2.8015856000,2.8015856000,2817000
2021-12-14 14:45:00,2.8103680000,2.8103680000,2.7928032000,2.8015856000,6308800
2021-12-14 15:00:00,2.8015856000,2.8103680000,2.7928032000,2.8103680000,5637992
2021-12-15 09:45:00,2.7752384000,2.8279328000,2.7664560000,2.8279328000,9549023
2021-12-15 10:00:00,2.8279328000,2.8279328000,2.8103680000,2.8279328000,4036501
2021-12-15 10:15:00,2.8279328000,2.8279328000,2.8015856000,2.8015856000,4151599
2021-12-15 10:30:00,2.8015856000,2.8103680000,2.8015856000,2.8015856000,2210377
2021-12-15 10:45:00,2.8015856000,2.8191504000,2.8015856000,2.8103680000,4097105
2021-12-15 11:00:00,2.8103680000,2.8191504000,2.8103680000,2.8103680000,867900
2021-12-15 11:15:00,2.8103680000,2.8279328000,2.8103680000,2.8191504000,3175460
2021-12-15 11:30:00,2.8279328000,2.8279328000,2.8191504000,2.8279328000,1457900
2021-12-15 13:15:00,2.8191504000,2.8279328000,2.8103680000,2.8103680000,1980800
2021-12-15 13:30:00,2.8103680000,2.8191504000,2.8103680000,2.8103680000,2190034
2021-12-15 13:45:00,2.8103680000,2.8103680000,2.8015856000,2.8103680000,1263300
2021-12-15 14:00:00,2.8103680000,2.8191504000,2.8015856000,2.8103680000,2280300
2021-12-15 14:15:00,2.8103680000,2.8191504000,2.8015856000,2.8103680000,1386900
2021-12-15 14:30:00,2.8103680000,2.8103680000,2.8015856000,2.8103680000,1102400
2021-12-15 14:45:00,2.8103680000,2.8103680000,2.8015856000,2.8015856000,2214400
2021-12-15 15:00:00,2.8015856000,2.8103680000,2.8015856000,2.8103680000,3100200
2021-12-16 09:45:00,2.8015856000,2.8191504000,2.7928032000,2.8103680000,6258400
2021-12-16 10:00:00,2.8103680000,2.8191504000,2.8015856000,2.8103680000,2756400
2021-12-16 10:15:00,2.8103680000,2.8367152000,2.8103680000,2.8367152000,6374700
2021-12-16 10:30:00,2.8367152000,2.8367152000,2.8191504000,2.8191504000,2456001
2021-12-16 10:45:00,2.8279328000,2.8279328000,2.8191504000,2.8279328000,1444200
2021-12-16 11:00:00,2.8191504000,2.8454976000,2.8191504000,2.8279328000,6748200
2021-12-16 11:15:00,2.8279328000,2.8367152000,2.8279328000,2.8367152000,1169500
2021-12-16 11:30:00,2.8279328000,2.8367152000,2.8279328000,2.8367152000,938400
2021-12-16 13:15:00,2.8367152000,2.8367152000,2.8279328000,2.8279328000,1642600
2021-12-16 13:30:00,2.8279328000,2.8367152000,2.8279328000,2.8367152000,1235100
2021-12-16 13:45:00,2.8367152000,2.8367152000,2.8279328000,2.8279328000,1307300
2021-12-16 14:00:00,2.8367152000,2.8454976000,2.8279328000,2.8454976000,2638601
2021-12-16 14:15:00,2.8454976000,2.8454976000,2.8367152000,2.8367152000,1491349
2021-12-16 14:30:00,2.8367152000,2.8454976000,2.8279328000,2.8279328000,2942100
2021-12-16 14:45:00,2.8367152000,2.8367152000,2.8279328000,2.8367152000,2352600
2021-12-16 15:00:00,2.8279328000,2.8454976000,2.8279328000,2.8454976000,4559553
2021-12-17 09:45:00,2.8367152000,2.8894096000,2.8191504000,2.8894096000,15613800
2021-12-17 10:00:00,2.8894096000,2.8894096000,2.8630624000,2.8718448000,6251400
2021-12-17 10:15:00,2.8718448000,2.8806272000,2.8630624000,2.8630624000,3747300
2021-12-17 10:30:00,2.8630624000,2.8718448000,2.8542800000,2.8542800000,3190610
2021-12-17 10:45:00,2.8542800000,2.8630624000,2.8454976000,2.8630624000,2579590
2021-12-17 11:00:00,2.8630624000,2.8718448000,2.8542800000,2.8718448000,2272169
2021-12-17 11:15:00,2.8718448000,2.8718448000,2.8542800000,2.8542800000,2057000
2021-12-17 11:30:00,2.8542800000,2.8630624000,2.8542800000,2.8542800000,978700
2021-12-17 13:15:00,2.8630624000,2.8630624000,2.8454976000,2.8454976000,2822900
2021-12-17 13:30:00,2.8454976000,2.8542800000,2.8367152000,2.8454976000,3120300
2021-12-17 13:45:00,2.8542800000,2.8542800000,2.8367152000,2.8367152000,1644300
2021-12-17 14:00:00,2.8367152000,2.8454976000,2.8367152000,2.8454976000,910100
2021-12-17 14:15:00,2.8454976000,2.8454976000,2.8367152000,2.8454976000,2241400
2021-12-17 14:30:00,2.8454976000,2.8454976000,2.8367152000,2.8367152000,2362600
2021-12-17 14:45:00,2.8367152000,2.8454976000,2.8367152000,2.8367152000,2504900
2021-12-17 15:00:00,2.8367152000,2.8542800000,2.8367152000,2.8542800000,5184300
2021-12-20 09:45:00,2.8542800000,2.8894096000,2.8542800000,2.8630624000,11770800
2021-12-20 10:00:00,2.8630624000,2.8718448000,2.8454976000,2.8630624000,9264300
2021-12-20 10:15:00,2.8542800000,2.8630624000,2.8367152000,2.8454976000,5101500
2021-12-20 10:30:00,2.8542800000,2.8542800000,2.8367152000,2.8454976000,2080133
2021-12-20 10:45:00,2.8454976000,2.8542800000,2.8367152000,2.8542800000,2927614
2021-12-20 11:00:00,2.8542800000,2.8542800000,2.8279328000,2.8367152000,3531700
2021-12-20 11:15:00,2.8367152000,2.8454976000,2.8279328000,2.8279328000,2194100
2021-12-20 11:30:00,2.8367152000,2.8454976000,2.8279328000,2.8454976000,1600200
2021-12-20 13:15:00,2.8367152000,2.8454976000,2.8279328000,2.8454976000,1525400
2021-12-20 13:30:00,2.8454976000,2.8454976000,2.8279328000,2.8367152000,1606600
2021-12-20 13:45:00,2.8367152000,2.8454976000,2.8279328000,2.8279328000,1594900
2021-12-20 14:00:00,2.8367152000,2.8454976000,2.8279328000,2.8279328000,915700
2021-12-20 14:15:00,2.8279328000,2.8367152000,2.8191504000,2.8191504000,3706600
2021-12-20 14:30:00,2.8191504000,2.8279328000,2.8103680000,2.8191504000,4144900
2021-12-20 14:45:00,2.8191504000,2.8279328000,2.8103680000,2.8191504000,2628300
2021-12-20 15:00:00,2.8279328000,2.8279328000,2.8103680000,2.8191504000,4372500
2021-12-21 09:45:00,2.8279328000,2.9684512000,2.8279328000,2.9245392000,46909656
2021-12-21 10:00:00,2.9333216000,2.9684512000,2.9245392000,2.9333216000,17857660
2021-12-21 10:15:00,2.9421040000,3.0035808000,2.9157568000,2.9860160000,29351116
2021-12-21 10:30:00,2.9860160000,2.9860160000,2.9508864000,2.9684512000,9343039
2021-12-21 10:45:00,2.9596688000,2.9772336000,2.9508864000,2.9596688000,7784708
2021-12-21 11:00:00,2.9596688000,2.9684512000,2.9508864000,2.9596688000,4137600
2021-12-21 11:15:00,2.9596688000,2.9684512000,2.9508864000,2.9596688000,3001600
2021-12-21 11:30:00,2.9596688000,2.9772336000,2.9596688000,2.9772336000,3830200
2021-12-21 13:15:00,2.9772336000,2.9772336000,2.9684512000,2.9772336000,2478100
2021-12-21 13:30:00,2.9684512000,2.9772336000,2.9596688000,2.9684512000,3501500
2021-12-21 13:45:00,2.9596688000,2.9684512000,2.9596688000,2.9684512000,2075200
2021-12-21 14:00:00,2.9684512000,2.9772336000,2.9596688000,2.9772336000,5058100
2021-12-21 14:15:00,2.9772336000,2.9772336000,2.9596688000,2.9684512000,2977900
2021-12-21 14:30:00,2.9684512000,2.9684512000,2.9596688000,2.9596688000,2625300
2021-12-21 14:45:00,2.9596688000,2.9684512000,2.9596688000,2.9684512000,5010400
2021-12-21 15:00:00,2.9596688000,2.9684512000,2.9508864000,2.9596688000,7351500
2021-12-22 09:45:00,2.9508864000,2.9860160000,2.9333216000,2.9421040000,18840306
2021-12-22 10:00:00,2.9508864000,2.9508864000,2.9333216000,2.9333216000,9053201
2021-12-22 10:15:00,2.9333216000,2.9421040000,2.9157568000,2.9245392000,7776400
2021-12-22 10:30:00,2.9245392000,2.9421040000,2.9245392000,2.9245392000,3089500
2021-12-22 10:45:00,2.9245392000,2.9333216000,2.9157568000,2.9157568000,5481600
2021-12-22 11:00:00,2.9245392000,2.9333216000,2.9157568000,2.9245392000,4114400
2021-12-22 11:15:00,2.9245392000,2.9333216000,2.9157568000,2.9245392000,1847000
2021-12-22 11:30:00,2.9245392000,2.9333216000,2.9157568000,2.9333216000,1611100
2021-12-22 13:15:00,2.9245392000,2.9333216000,2.9157568000,2.9157568000,3541026
2021-12-22 13:30:00,2.9157568000,2.9333216000,2.9157568000,2.9333216000,2563200
2021-12-22 13:45:00,2.9245392000,2.9421040000,2.9245392000,2.9333216000,3015000
2021-12-22 14:00:00,2.9333216000,2.9508864000,2.9333216000,2.9333216000,3997500
2021-12-22 14:15:00,2.9333216000,2.9421040000,2.9333216000,2.9333216000,1007401
2021-12-22 14:30:00,2.9421040000,2.9421040000,2.9333216000,2.9333216000,1282700
2021-12-22 14:45:00,2.9421040000,2.9421040000,2.9333216000,2.9421040000,2773701
2021-12-22 15:00:00,2.9333216000,2.9421040000,2.9333216000,2.9421040000,4176800
2021-12-23 09:45:00,2.9333216000,2.9333216000,2.8981920000,2.9157568000,11851321
2021-12-23 10:00:00,2.9157568000,2.9245392000,2.9069744000,2.9069744000,5198701
2021-12-23 10:15:00,2.9157568000,2.9157568000,2.8981920000,2.9069744000,3930508
2021-12-23 10:30:00,2.8981920000,2.9069744000,2.8894096000,2.8981920000,9140392
2021-12-23 10:45:00,2.8981920000,2.9069744000,2.8894096000,2.9069744000,2383100
2021-12-23 11:00:00,2.9069744000,2.9069744000,2.8894096000,2.8981920000,3759500
2021-12-23 11:15:00,2.8981920000,2.8981920000,2.8894096000,2.8981920000,3041400
2021-12-23 11:30:00,2.8981920000,2.9069744000,2.8894096000,2.8981920000,2985300
2021-12-23 13:15:00,2.8981920000,2.9069744000,2.8806272000,2.8894096000,6604372
2021-12-23 13:30:00,2.8806272000,2.8894096000,2.8630624000,2.8806272000,7022500
2021-12-23 13:45:00,2.8806272000,2.8894096000,2.8806272000,2.8894096000,2052500
2021-12-23 14:00:00,2.8894096000,2.9069744000,2.8806272000,2.8981920000,3254500
2021-12-23 14:15:00,2.9069744000,2.9069744000,2.8981920000,2.8981920000,903800
2021-12-23 14:30:00,2.9069744000,2.9069744000,2.8981920000,2.8981920000,2318600
2021-12-23 14:45:00,2.8981920000,2.9069744000,2.8894096000,2.8981920000,2556700
2021-12-23 15:00:00,2.8981920000,2.8981920000,2.8894096000,2.8981920000,3914400
2021-12-24 09:45:00,2.8806272000,2.8981920000,2.8630624000,2.8806272000,4709600
2021-12-24 10:00:00,2.8806272000,2.8806272000,2.8630624000,2.8718448000,5047800
2021-12-24 10:15:00,2.8718448000,2.8718448000,2.8542800000,2.8630624000,4461900
2021-12-24 10:30:00,2.8630624000,2.8630624000,2.8454976000,2.8454976000,4225600
2021-12-24 10:45:00,2.8454976000,2.8542800000,2.8367152000,2.8542800000,3786800
2021-12-24 11:00:00,2.8542800000,2.8718448000,2.8454976000,2.8630624000,2490888
2021-12-24 11:15:00,2.8718448000,2.8894096000,2.8630624000,2.8806272000,3195300
2021-12-24 11:30:00,2.8806272000,2.8894096000,2.8718448000,2.8806272000,1124932
2021-12-24 13:15:00,2.8806272000,2.8894096000,2.8718448000,2.8894096000,1444534
2021-12-24 13:30:00,2.8894096000,2.8894096000,2.8718448000,2.8806272000,1444085
2021-12-24 13:45:00,2.8806272000,2.8894096000,2.8718448000,2.8806272000,1922300
2021-12-24 14:00:00,2.8718448000,2.8806272000,2.8630624000,2.8630624000,1465300
2021-12-24 14:15:00,2.8718448000,2.8806272000,2.8630624000,2.8806272000,1227500
2021-12-24 14:30:00,2.8718448000,2.8806272000,2.8718448000,2.8718448000,1275874
2021-12-24 14:45:00,2.8806272000,2.8894096000,2.8718448000,2.8894096000,3092600
2021-12-24 15:00:00,2.8894096000,2.8894096000,2.8718448000,2.8806272000,3932501
2021-12-27 09:45:00,2.8630624000,2.8981920000,2.8542800000,2.8806272000,5536736
2021-12-27 10:00:00,2.8806272000,2.8981920000,2.8806272000,2.8894096000,3709074
2021-12-27 10:15:00,2.8894096000,2.8981920000,2.8894096000,2.8981920000,2122500
2021-12-27 10:30:00,2.8981920000,2.8981920000,2.8806272000,2.8894096000,3011900
2021-12-27 10:45:00,2.8894096000,2.8981920000,2.8806272000,2.8894096000,1788800
2021-12-27 11:00:00,2.8806272000,2.8894096000,2.8806272000,2.8806272000,851000
2021-12-27 11:15:00,2.8806272000,2.8894096000,2.8718448000,2.8718448000,2787400
2021-12-27 11:30:00,2.8718448000,2.8894096000,2.8718448000,2.8806272000,2163500
2021-12-27 13:15:00,2.8806272000,2.8806272000,2.8630624000,2.8718448000,2325200
2021-12-27 13:30:00,2.8718448000,2.8806272000,2.8630624000,2.8718448000,1566800
2021-12-27 13:45:00,2.8630624000,2.8718448000,2.8542800000,2.8718448000,2582700
2021-12-27 14:00:00,2.8718448000,2.8806272000,2.8630624000,2.8718448000,1510200
2021-12-27 14:15:00,2.8718448000,2.8806272000,2.8630624000,2.8630624000,1488100
2021-12-27 14:30:00,2.8630624000,2.8806272000,2.8630624000,2.8806272000,1934820
2021-12-27 14:45:00,2.8806272000,2.8806272000,2.8630624000,2.8718448000,1575980
2021-12-27 15:00:00,2.8630624000,2.8806272000,2.8630624000,2.8806272000,2413566
2021-12-28 09:45:00,2.8718448000,2.8894096000,2.8454976000,2.8542800000,5809901
2021-12-28 10:00:00,2.8542800000,2.8542800000,2.8279328000,2.8367152000,6939502
2021-12-28 10:15:00,2.8454976000,2.8542800000,2.8367152000,2.8542800000,1960000
2021-12-28 10:30:00,2.8454976000,2.8542800000,2.8367152000,2.8367152000,2344000
2021-12-28 10:45:00,2.8367152000,2.8542800000,2.8367152000,2.8454976000,2030300
2021-12-28 11:00:00,2.8454976000,2.8542800000,2.8454976000,2.8542800000,788800
2021-12-28 11:15:00,2.8542800000,2.8542800000,2.8454976000,2.8454976000,1503200
2021-12-28 11:30:00,2.8454976000,2.8542800000,2.8454976000,2.8542800000,1976800
2021-12-28 13:15:00,2.8542800000,2.9245392000,2.8454976000,2.9069744000,16162242
2021-12-28 13:30:00,2.9069744000,2.9069744000,2.8894096000,2.8981920000,4895000
2021-12-28 13:45:00,2.9069744000,2.9069744000,2.8806272000,2.8806272000,2772800
2021-12-28 14:00:00,2.8894096000,2.8981920000,2.8806272000,2.8981920000,1767000
2021-12-28 14:15:00,2.8894096000,2.8981920000,2.8806272000,2.8806272000,1399400
2021-12-28 14:30:00,2.8894096000,2.9069744000,2.8806272000,2.9069744000,3264129
2021-12-28 14:45:00,2.9069744000,2.9069744000,2.8894096000,2.8894096000,2813900
2021-12-28 15:00:00,2.8981920000,2.9069744000,2.8894096000,2.9069744000,4001500
2021-12-29 09:45:00,2.8981920000,2.9245392000,2.8806272000,2.8806272000,7909242
2021-12-29 10:00:00,2.8806272000,2.8981920000,2.8806272000,2.8894096000,3451400
2021-12-29 10:15:00,2.8894096000,2.8981920000,2.8806272000,2.8806272000,3055400
2021-12-29 10:30:00,2.8894096000,2.9069744000,2.8806272000,2.8981920000,2908500
2021-12-29 10:45:00,2.8981920000,2.9157568000,2.8981920000,2.9069744000,3473000
2021-12-29 11:00:00,2.9069744000,2.9069744000,2.8981920000,2.8981920000,1919400
2021-12-29 11:15:00,2.8981920000,2.9069744000,2.8894096000,2.8894096000,1969100
2021-12-29 11:30:00,2.8981920000,2.9069744000,2.8894096000,2.8981920000,784000
2021-12-29 13:15:00,2.8981920000,2.9069744000,2.8894096000,2.8981920000,1926600
2021-12-29 13:30:00,2.8981920000,2.9069744000,2.8894096000,2.8981920000,2668900
2021-12-29 13:45:00,2.8981920000,2.8981920000,2.8894096000,2.8894096000,889952
2021-12-29 14:00:00,2.8981920000,2.8981920000,2.8894096000,2.8981920000,1202100
2021-12-29 14:15:00,2.8981920000,2.8981920000,2.8894096000,2.8981920000,1147200
2021-12-29 14:30:00,2.8981920000,2.8981920000,2.8894096000,2.8981920000,957700
2021-12-29 14:45:00,2.8981920000,2.8981920000,2.8894096000,2.8981920000,2138901
2021-12-29 15:00:00,2.8894096000,2.8981920000,2.8806272000,2.8894096000,6315447
2021-12-30 09:45:00,2.8981920000,2.9069744000,2.8630624000,2.8718448000,7257300
2021-12-30 10:00:00,2.8718448000,2.8806272000,2.8718448000,2.8806272000,3836100
2021-12-30 10:15:00,2.8806272000,2.8981920000,2.8718448000,2.8894096000,3346900
2021-12-30 10:30:00,2.8806272000,2.8894096000,2.8718448000,2.8806272000,2794800
2021-12-30 10:45:00,2.8806272000,2.8894096000,2.8718448000,2.8806272000,1730100
2021-12-30 11:00:00,2.8806272000,2.8806272000,2.8630624000,2.8630624000,3907201
2021-12-30 11:15:00,2.8630624000,2.8806272000,2.8630624000,2.8718448000,2173700
2021-12-30 11:30:00,2.8718448000,2.8806272000,2.8630624000,2.8718448000,1420800
2021-12-30 13:15:00,2.8718448000,2.8806272000,2.8542800000,2.8630624000,4123699
2021-12-30 13:30:00,2.8630624000,2.8718448000,2.8630624000,2.8630624000,981008
2021-12-30 13:45:00,2.8718448000,2.8718448000,2.8542800000,2.8630624000,3415292
2021-12-30 14:00:00,2.8542800000,2.8718448000,2.8542800000,2.8630624000,2154728
2021-12-30 14:15:00,2.8630624000,2.8718448000,2.8542800000,2.8542800000,2049600
2021-12-30 14:30:00,2.8630624000,2.8630624000,2.8542800000,2.8542800000,1403800
2021-12-30 14:45:00,2.8630624000,2.8630624000,2.8542800000,2.8542800000,2022019
2021-12-30 15:00:00,2.8542800000,2.8718448000,2.8542800000,2.8630624000,4630500
2021-12-31 09:45:00,2.8718448000,2.8718448000,2.8542800000,2.8630624000,4435000
2021-12-31 10:00:00,2.8630624000,2.8718448000,2.8542800000,2.8542800000,2589000
2021-12-31 10:15:00,2.8542800000,2.8718448000,2.8542800000,2.8630624000,2201900
2021-12-31 10:30:00,2.8630624000,2.8718448000,2.8542800000,2.8630624000,1240100
2021-12-31 10:45:00,2.8630624000,2.8718448000,2.8542800000,2.8718448000,1503500
2021-12-31 11:00:00,2.8718448000,2.8718448000,2.8630624000,2.8630624000,621400
2021-12-31 11:15:00,2.8630624000,2.8718448000,2.8630624000,2.8718448000,1792000
2021-12-31 11:30:00,2.8630624000,2.8718448000,2.8630624000,2.8630624000,893500
2021-12-31 13:15:00,2.8630624000,2.8718448000,2.8630624000,2.8630624000,897900
2021-12-31 13:30:00,2.8718448000,2.8718448000,2.8630624000,2.8718448000,649800
2021-12-31 13:45:00,2.8718448000,2.8718448000,2.8630624000,2.8718448000,1456100
2021-12-31 14:00:00,2.8630624000,2.8718448000,2.8630624000,2.8718448000,948900
2021-12-31 14:15:00,2.8718448000,2.8718448000,2.8630624000,2.8630624000,969700
2021-12-31 14:30:00,2.8630624000,2.8718448000,2.8630624000,2.8718448000,1295700
2021-12-31 14:45:00,2.8630624000,2.8718448000,2.8630624000,2.8630624000,1752500
2021-12-31 15:00:00,2.8630624000,2.8718448000,2.8542800000,2.8542800000,5234601
2022-01-04 09:45:00,2.8630624000,2.8981920000,2.8630624000,2.8894096000,14511800
2022-01-04 10:00:00,2.8894096000,2.8894096000,2.8630624000,2.8718448000,5061601
2022-01-04 10:15:00,2.8718448000,2.8806272000,2.8630624000,2.8718448000,4380800
2022-01-04 10:30:00,2.8718448000,2.8894096000,2.8630624000,2.8806272000,5331616
2022-01-04 10:45:00,2.8806272000,2.8981920000,2.8806272000,2.8894096000,5565264
2022-01-04 11:00:00,2.8894096000,2.8981920000,2.8806272000,2.8981920000,1695500
2022-01-04 11:15:00,2.8981920000,2.8981920000,2.8894096000,2.8981920000,1792200
2022-01-04 11:30:00,2.8981920000,2.8981920000,2.8894096000,2.8894096000,2323800
2022-01-04 13:15:00,2.8894096000,2.8981920000,2.8894096000,2.8981920000,1980000
2022-01-04 13:30:00,2.8894096000,2.9245392000,2.8894096000,2.9157568000,10551700
2022-01-04 13:45:00,2.9157568000,2.9245392000,2.9069744000,2.9157568000,6650006
2022-01-04 14:00:00,2.9245392000,2.9333216000,2.9157568000,2.9157568000,4151800
2022-01-04 14:15:00,2.9245392000,2.9245392000,2.9157568000,2.9157568000,2070900
2022-01-04 14:30:00,2.9245392000,2.9245392000,2.9069744000,2.9157568000,3900600
2022-01-04 14:45:00,2.9069744000,2.9245392000,2.9069744000,2.9245392000,4461500
2022-01-04 15:00:00,2.9157568000,2.9245392000,2.9157568000,2.9245392000,5701900
2022-01-05 09:45:00,2.9157568000,2.9508864000,2.8981920000,2.9421040000,12709337
2022-01-05 10:00:00,2.9333216000,2.9684512000,2.9333216000,2.9596688000,12769584
2022-01-05 10:15:00,2.9596688000,2.9596688000,2.9333216000,2.9596688000,7918000
2022-01-05 10:30:00,2.9596688000,2.9947984000,2.9596688000,2.9684512000,20200321
2022-01-05 10:45:00,2.9684512000,2.9684512000,2.9508864000,2.9596688000,4758200
2022-01-05 11:00:00,2.9596688000,2.9772336000,2.9596688000,2.9596688000,5625800
2022-01-05 11:15:00,2.9596688000,2.9596688000,2.9421040000,2.9508864000,4067300
2022-01-05 11:30:00,2.9508864000,2.9596688000,2.9421040000,2.9508864000,2139400
2022-01-05 13:15:00,2.9508864000,2.9596688000,2.9421040000,2.9508864000,5948000
2022-01-05 13:30:00,2.9508864000,2.9508864000,2.9245392000,2.9333216000,4678300
2022-01-05 13:45:00,2.9333216000,2.9421040000,2.9245392000,2.9421040000,2550500
2022-01-05 14:00:00,2.9421040000,2.9421040000,2.9245392000,2.9333216000,1932500
2022-01-05 14:15:00,2.9333216000,2.9421040000,2.9245392000,2.9421040000,1848300
2022-01-05 14:30:00,2.9421040000,2.9421040000,2.9333216000,2.9333216000,1666500
2022-01-05 14:45:00,2.9421040000,2.9421040000,2.9333216000,2.9333216000,2515900
2022-01-05 15:00:00,2.9421040000,2.9421040000,2.9245392000,2.9421040000,6025500
2022-01-06 09:45:00,2.9245392000,2.9684512000,2.9157568000,2.9596688000,11878400
2022-01-06 10:00:00,2.9596688000,2.9772336000,2.9508864000,2.9772336000,9158500
2022-01-06 10:15:00,2.9772336000,2.9772336000,2.9333216000,2.9421040000,6635300
2022-01-06 10:30:00,2.9421040000,2.9596688000,2.9333216000,2.9421040000,3681700
2022-01-06 10:45:00,2.9421040000,2.9508864000,2.9333216000,2.9333216000,2857800
2022-01-06 11:00:00,2.9333216000,2.9421040000,2.9245392000,2.9333216000,3768300
2022-01-06 11:15:00,2.9333216000,2.9421040000,2.9245392000,2.9333216000,1782500
2022-01-06 11:30:00,2.9333216000,2.9421040000,2.9333216000,2.9333216000,1751677
2022-01-06 13:15:00,2.9333216000,2.9421040000,2.9333216000,2.9333216000,2627200
2022-01-06 13:30:00,2.9333216000,2.9421040000,2.9333216000,2.9333216000,2200800
2022-01-06 13:45:00,2.9333216000,2.9508864000,2.9333216000,2.9508864000,4012900
2022-01-06 14:00:00,2.9508864000,2.9508864000,2.9333216000,2.9333216000,2039200
2022-01-06 14:15:00,2.9421040000,2.9421040000,2.9333216000,2.9333216000,2818600
2022-01-06 14:30:00,2.9333216000,2.9421040000,2.9333216000,2.9333216000,1273500
2022-01-06 14:45:00,2.9333216000,2.9421040000,2.9333216000,2.9333216000,1733100
2022-01-06 15:00:00,2.9333216000,2.9421040000,2.9333216000,2.9333216000,4818684
2022-01-07 09:45:00,2.9333216000,2.9421040000,2.9157568000,2.9421040000,9311310
2022-01-07 10:00:00,2.9421040000,2.9508864000,2.9333216000,2.9333216000,4562066
2022-01-07 10:15:00,2.9333216000,2.9596688000,2.9333216000,2.9421040000,6842200
2022-01-07 10:30:00,2.9421040000,2.9508864000,2.9333216000,2.9421040000,1930000
2022-01-07 10:45:00,2.9421040000,2.9508864000,2.9421040000,2.9421040000,2042300
2022-01-07 11:00:00,2.9508864000,2.9508864000,2.9333216000,2.9421040000,2718069
2022-01-07 11:15:00,2.9421040000,2.9508864000,2.9333216000,2.9421040000,1502931
2022-01-07 11:30:00,2.9421040000,2.9508864000,2.9421040000,2.9508864000,1461800
2022-01-07 13:15:00,2.9508864000,2.9684512000,2.9421040000,2.9684512000,8347700
2022-01-07 13:30:00,2.9684512000,2.9860160000,2.9596688000,2.9684512000,8346302
2022-01-07 13:45:00,2.9684512000,2.9684512000,2.9596688000,2.9684512000,1690300
2022-01-07 14:00:00,2.9684512000,2.9684512000,2.9596688000,2.9684512000,3223000
2022-01-07 14:15:00,2.9684512000,2.9772336000,2.9596688000,2.9684512000,3929300
2022-01-07 14:30:00,2.9684512000,2.9684512000,2.9508864000,2.9596688000,3684898
2022-01-07 14:45:00,2.9596688000,2.9596688000,2.9508864000,2.9508864000,2493800
2022-01-07 15:00:00,2.9596688000,2.9684512000,2.9508864000,2.9684512000,8402701
2022-01-10 09:45:00,2.9596688000,2.9684512000,2.9157568000,2.9245392000,12138200
2022-01-10 10:00:00,2.9333216000,2.9421040000,2.9069744000,2.9069744000,10833400
2022-01-10 10:15:00,2.9157568000,2.9245392000,2.9069744000,2.9157568000,5336184
2022-01-10 10:30:00,2.9245392000,2.9333216000,2.9157568000,2.9245392000,2186822
2022-01-10 10:45:00,2.9245392000,2.9333216000,2.9157568000,2.9333216000,2880300
2022-01-10 11:00:00,2.9333216000,2.9333216000,2.9245392000,2.9245392000,2647900
2022-01-10 11:15:00,2.9333216000,2.9333216000,2.9157568000,2.9245392000,2009042
2022-01-10 11:30:00,2.9157568000,2.9333216000,2.9157568000,2.9333216000,1166877
2022-01-10 13:15:00,2.9245392000,2.9333216000,2.9245392000,2.9333216000,1739200
2022-01-10 13:30:00,2.9333216000,2.9333216000,2.9245392000,2.9245392000,1144600
2022-01-10 13:45:00,2.9333216000,2.9421040000,2.9245392000,2.9421040000,1324100
2022-01-10 14:00:00,2.9333216000,2.9421040000,2.9245392000,2.9333216000,1663500
2022-01-10 14:15:00,2.9333216000,2.9333216000,2.9245392000,2.9333216000,1352100
2022-01-10 14:30:00,2.9245392000,2.9333216000,2.9245392000,2.9333216000,1204301
2022-01-10 14:45:00,2.9333216000,2.9333216000,2.9245392000,2.9245392000,1677500
2022-01-10 15:00:00,2.9245392000,2.9333216000,2.9245392000,2.9333216000,5892021
2022-01-11 09:45:00,2.9245392000,2.9508864000,2.9157568000,2.9508864000,8251500
2022-01-11 10:00:00,2.9508864000,2.9508864000,2.9421040000,2.9508864000,3142800
2022-01-11 10:15:00,2.9508864000,2.9684512000,2.9421040000,2.9596688000,6988114
2022-01-11 10:30:00,2.9508864000,2.9684512000,2.9508864000,2.9684512000,4458250
2022-01-11 10:45:00,2.9596688000,2.9772336000,2.9596688000,2.9684512000,5322207
2022-01-11 11:00:00,2.9596688000,2.9684512000,2.9508864000,2.9596688000,4433800
2022-01-11 11:15:00,2.9596688000,2.9596688000,2.9508864000,2.9596688000,1854601
2022-01-11 11:30:00,2.9596688000,2.9596688000,2.9508864000,2.9596688000,948500
2022-01-11 13:15:00,2.9596688000,2.9684512000,2.9508864000,2.9508864000,2699000
2022-01-11 13:30:00,2.9508864000,2.9596688000,2.9421040000,2.9421040000,2000499
2022-01-11 13:45:00,2.9508864000,2.9508864000,2.9333216000,2.9421040000,2403200
2022-01-11 14:00:00,2.9421040000,2.9421040000,2.9333216000,2.9421040000,927200
2022-01-11 14:15:00,2.9421040000,2.9421040000,2.9333216000,2.9421040000,1765100
2022-01-11 14:30:00,2.9421040000,2.9508864000,2.9333216000,2.9421040000,1311700
2022-01-11 14:45:00,2.9421040000,2.9421040000,2.9333216000,2.9333216000,1172800
2022-01-11 15:00:00,2.9333216000,2.9421040000,2.9333216000,2.9421040000,3896523
2022-01-12 09:45:00,2.9421040000,2.9508864000,2.9157568000,2.9245392000,10202600
2022-01-12 10:00:00,2.9245392000,2.9245392000,2.9069744000,2.9069744000,7085900
2022-01-12 10:15:00,2.9069744000,2.9157568000,2.8806272000,2.8981920000,10322700
2022-01-12 10:30:00,2.8894096000,2.9069744000,2.8894096000,2.9069744000,3596705
2022-01-12 10:45:00,2.9069744000,2.9069744000,2.8981920000,2.8981920000,1272800
2022-01-12 11:00:00,2.8981920000,2.9069744000,2.8981920000,2.9069744000,1988500
2022-01-12 11:15:00,2.9069744000,2.9069744000,2.8981920000,2.8981920000,1237800
2022-01-12 11:30:00,2.9069744000,2.9157568000,2.8981920000,2.9069744000,2240500
2022-01-12 13:15:00,2.9069744000,2.9157568000,2.9069744000,2.9157568000,1992800
2022-01-12 13:30:00,2.9157568000,2.9157568000,2.9069744000,2.9157568000,1516800
2022-01-12 13:45:00,2.9157568000,2.9245392000,2.9069744000,2.9157568000,872200
2022-01-12 14:00:00,2.9157568000,2.9333216000,2.9157568000,2.9245392000,2624800
2022-01-12 14:15:00,2.9245392000,2.9245392000,2.9157568000,2.9245392000,699106
2022-01-12 14:30:00,2.9245392000,2.9245392000,2.9069744000,2.9069744000,2611300
2022-01-12 14:45:00,2.9069744000,2.9245392000,2.9069744000,2.9245392000,2145000
2022-01-12 15:00:00,2.9245392000,2.9245392000,2.9157568000,2.9245392000,2787100
2022-01-13 09:45:00,2.9157568000,2.9508864000,2.8981920000,2.9333216000,11222702
2022-01-13 10:00:00,2.9421040000,2.9508864000,2.9333216000,2.9421040000,6758100
2022-01-13 10:15:00,2.9508864000,2.9508864000,2.9333216000,2.9421040000,6836933
2022-01-13 10:30:00,2.9508864000,2.9596688000,2.9421040000,2.9508864000,4923600
2022-01-13 10:45:00,2.9508864000,2.9508864000,2.9333216000,2.9333216000,2628400
2022-01-13 11:00:00,2.9333216000,2.9421040000,2.9333216000,2.9421040000,1338300
2022-01-13 11:15:00,2.9333216000,2.9421040000,2.9333216000,2.9333216000,2389800
2022-01-13 11:30:00,2.9333216000,2.9421040000,2.9245392000,2.9333216000,629400
2022-01-13 13:15:00,2.9333216000,2.9333216000,2.9245392000,2.9245392000,1254900
2022-01-13 13:30:00,2.9245392000,2.9333216000,2.9245392000,2.9333216000,1047300
2022-01-13 13:45:00,2.9333216000,2.9333216000,2.9157568000,2.9245392000,2841100
2022-01-13 14:00:00,2.9245392000,2.9333216000,2.9157568000,2.9245392000,1658894
2022-01-13 14:15:00,2.9333216000,2.9333216000,2.9157568000,2.9333216000,1487100
2022-01-13 14:30:00,2.9245392000,2.9333216000,2.9245392000,2.9245392000,2665200
2022-01-13 14:45:00,2.9245392000,2.9333216000,2.9157568000,2.9245392000,2832560
2022-01-13 15:00:00,2.9245392000,2.9333216000,2.9157568000,2.9245392000,3504400
2022-01-14 09:45:00,2.9069744000,2.9157568000,2.8191504000,2.8279328000,24560600
2022-01-14 10:00:00,2.8279328000,2.8454976000,2.8191504000,2.8367152000,11598101
2022-01-14 10:15:00,2.8367152000,2.8454976000,2.8279328000,2.8454976000,4869732
2022-01-14 10:30:00,2.8454976000,2.8454976000,2.8279328000,2.8454976000,3847000
2022-01-14 10:45:00,2.8454976000,2.8454976000,2.8367152000,2.8454976000,2035600
2022-01-14 11:00:00,2.8367152000,2.8454976000,2.8279328000,2.8279328000,4678400
2022-01-14 11:15:00,2.8279328000,2.8367152000,2.8191504000,2.8191504000,4932487
2022-01-14 11:30:00,2.8279328000,2.8279328000,2.8191504000,2.8279328000,2454100
2022-01-14 13:15:00,2.8279328000,2.8367152000,2.8103680000,2.8191504000,6745581
2022-01-14 13:30:00,2.8103680000,2.8279328000,2.8103680000,2.8191504000,2663900
2022-01-14 13:45:00,2.8191504000,2.8279328000,2.8191504000,2.8279328000,1765800
2022-01-14 14:00:00,2.8279328000,2.8279328000,2.8103680000,2.8191504000,3984100
2022-01-14 14:15:00,2.8191504000,2.8191504000,2.7928032000,2.8015856000,7714400
2022-01-14 14:30:00,2.8103680000,2.8191504000,2.8015856000,2.8103680000,3859945
2022-01-14 14:45:00,2.8015856000,2.8103680000,2.8015856000,2.8103680000,4165286
2022-01-14 15:00:00,2.8015856000,2.8103680000,2.7840208000,2.8015856000,8968800
2022-01-17 09:45:00,2.8103680000,2.8191504000,2.7664560000,2.7928032000,8678673
2022-01-17 10:00:00,2.7928032000,2.7928032000,2.7752384000,2.7752384000,3694400
2022-01-17 10:15:00,2.7840208000,2.7928032000,2.7752384000,2.7840208000,2340800
2022-01-17 10:30:00,2.7840208000,2.7928032000,2.7840208000,2.7840208000,1500900
2022-01-17 10:45:00,2.7840208000,2.7928032000,2.7752384000,2.7840208000,2693400
2022-01-17 11:00:00,2.7752384000,2.7840208000,2.7664560000,2.7752384000,5336527
2022-01-17 11:15:00,2.7664560000,2.7752384000,2.7576736000,2.7664560000,3277699
2022-01-17 11:30:00,2.7664560000,2.7752384000,2.7664560000,2.7752384000,1151900
2022-01-17 13:15:00,2.7752384000,2.7752384000,2.7664560000,2.7664560000,5287300
2022-01-17 13:30:00,2.7664560000,2.7752384000,2.7313264000,2.7488912000,11901500
2022-01-17 13:45:00,2.7401088000,2.7488912000,2.7225440000,2.7401088000,10362600
2022-01-17 14:00:00,2.7313264000,2.7401088000,2.7313264000,2.7313264000,7036100
2022-01-17 14:15:00,2.7313264000,2.7488912000,2.7313264000,2.7488912000,3044560
2022-01-17 14:30:00,2.7488912000,2.7488912000,2.7401088000,2.7401088000,1651500
2022-01-17 14:45:00,2.7401088000,2.7576736000,2.7401088000,2.7488912000,3336180
2022-01-17 15:00:00,2.7488912000,2.7576736000,2.7401088000,2.7488912000,3861000
2022-01-18 09:45:00,2.7488912000,2.7576736000,2.7049792000,2.7225440000,9292500
2022-01-18 10:00:00,2.7225440000,2.7576736000,2.7225440000,2.7488912000,4255300
2022-01-18 10:15:00,2.7576736000,2.7576736000,2.7401088000,2.7488912000,2948600
2022-01-18 10:30:00,2.7488912000,2.7488912000,2.7313264000,2.7401088000,2174400
2022-01-18 10:45:00,2.7313264000,2.7488912000,2.7313264000,2.7401088000,2546400
2022-01-18 11:00:00,2.7401088000,2.7664560000,2.7401088000,2.7576736000,2923700
2022-01-18 11:15:00,2.7664560000,2.7840208000,2.7576736000,2.7664560000,4885798
2022-01-18 11:30:00,2.7664560000,2.7752384000,2.7576736000,2.7664560000,2334200
2022-01-18 13:15:00,2.7664560000,2.7752384000,2.7576736000,2.7664560000,2001500
2022-01-18 13:30:00,2.7664560000,2.7664560000,2.7576736000,2.7664560000,1588500
2022-01-18 13:45:00,2.7664560000,2.7752384000,2.7664560000,2.7752384000,1253503
2022-01-18 14:00:00,2.7752384000,2.7752384000,2.7576736000,2.7664560000,1868659
2022-01-18 14:15:00,2.7664560000,2.7752384000,2.7576736000,2.7576736000,1716971
2022-01-18 14:30:00,2.7576736000,2.7752384000,2.7576736000,2.7752384000,1466200
2022-01-18 14:45:00,2.7752384000,2.7752384000,2.7664560000,2.7664560000,1348300
2022-01-18 15:00:00,2.7664560000,2.7840208000,2.7664560000,2.7840208000,3985100
2022-01-19 09:45:00,2.7752384000,2.8015856000,2.7576736000,2.7928032000,7189758
2022-01-19 10:00:00,2.7928032000,2.8015856000,2.7840208000,2.7928032000,3654800
2022-01-19 10:15:00,2.7840208000,2.7928032000,2.7664560000,2.7752384000,4603000
2022-01-19 10:30:00,2.7752384000,2.7840208000,2.7664560000,2.7752384000,1732100
2022-01-19 10:45:00,2.7752384000,2.7840208000,2.7664560000,2.7752384000,1961300
2022-01-19 11:00:00,2.7752384000,2.7752384000,2.7664560000,2.7752384000,1378900
2022-01-19 11:15:00,2.7664560000,2.7752384000,2.7576736000,2.7752384000,3212300
2022-01-19 11:30:00,2.7752384000,2.7752384000,2.7664560000,2.7664560000,654400
2022-01-19 13:15:00,2.7752384000,2.7752384000,2.7576736000,2.7664560000,1193500
2022-01-19 13:30:00,2.7664560000,2.7664560000,2.7576736000,2.7664560000,1270500
2022-01-19 13:45:00,2.7664560000,2.7664560000,2.7576736000,2.7664560000,1264700
2022-01-19 14:00:00,2.7664560000,2.7664560000,2.7488912000,2.7576736000,2796700
2022-01-19 14:15:00,2.7664560000,2.7664560000,2.7488912000,2.7664560000,1399500
2022-01-19 14:30:00,2.7664560000,2.7840208000,2.7576736000,2.7840208000,2425400
2022-01-19 14:45:00,2.7840208000,2.7840208000,2.7664560000,2.7840208000,2089619
2022-01-19 15:00:00,2.7840208000,2.7840208000,2.7752384000,2.7840208000,2088700
2022-01-20 09:45:00,2.7752384000,2.8015856000,2.7664560000,2.7928032000,4497500
2022-01-20 10:00:00,2.7928032000,2.7928032000,2.7664560000,2.7840208000,4104200
2022-01-20 10:15:00,2.7752384000,2.7840208000,2.7664560000,2.7752384000,1560600
2022-01-20 10:30:00,2.7664560000,2.7752384000,2.7664560000,2.7664560000,990900
2022-01-20 10:45:00,2.7664560000,2.7752384000,2.7488912000,2.7576736000,3053800
2022-01-20 11:00:00,2.7576736000,2.7664560000,2.7488912000,2.7664560000,1423500
2022-01-20 11:15:00,2.7576736000,2.7664560000,2.7576736000,2.7576736000,999841
2022-01-20 11:30:00,2.7576736000,2.7752384000,2.7576736000,2.7752384000,1726700
2022-01-20 13:15:00,2.7752384000,2.7840208000,2.7752384000,2.7752384000,1902200
2022-01-20 13:30:00,2.7752384000,2.7840208000,2.7752384000,2.7752384000,1228300
2022-01-20 13:45:00,2.7840208000,2.7840208000,2.7752384000,2.7752384000,826820
2022-01-20 14:00:00,2.7752384000,2.7840208000,2.7752384000,2.7752384000,1926200
2022-01-20 14:15:00,2.7840208000,2.7840208000,2.7752384000,2.7840208000,1138800
2022-01-20 14:30:00,2.7840208000,2.7928032000,2.7752384000,2.7840208000,3045700
2022-01-20 14:45:00,2.7840208000,2.7928032000,2.7752384000,2.7840208000,1709500
2022-01-20 15:00:00,2.7840208000,2.7928032000,2.7752384000,2.7840208000,3083173
2022-01-21 09:45:00,2.7752384000,2.7752384000,2.7488912000,2.7664560000,4415200
2022-01-21 10:00:00,2.7664560000,2.7664560000,2.7488912000,2.7576736000,3435614
2022-01-21 10:15:00,2.7576736000,2.7664560000,2.7488912000,2.7576736000,2237400
2022-01-21 10:30:00,2.7576736000,2.7576736000,2.7488912000,2.7576736000,1058300
2022-01-21 10:45:00,2.7576736000,2.7576736000,2.7488912000,2.7576736000,1033700
2022-01-21 11:00:00,2.7576736000,2.7576736000,2.7401088000,2.7401088000,2474300
2022-01-21 11:15:00,2.7401088000,2.7488912000,2.7313264000,2.7401088000,2707600
2022-01-21 11:30:00,2.7401088000,2.7401088000,2.7313264000,2.7401088000,1942800
2022-01-21 13:15:00,2.7401088000,2.7488912000,2.7313264000,2.7488912000,1757201
2022-01-21 13:30:00,2.7488912000,2.7488912000,2.7313264000,2.7401088000,1575801
2022-01-21 13:45:00,2.7401088000,2.7576736000,2.7313264000,2.7488912000,1322641
2022-01-21 14:00:00,2.7488912000,2.7576736000,2.7488912000,2.7488912000,951500
2022-01-21 14:15:00,2.7488912000,2.7488912000,2.7401088000,2.7488912000,662000
2022-01-21 14:30:00,2.7488912000,2.7488912000,2.7401088000,2.7488912000,1180601
2022-01-21 14:45:00,2.7401088000,2.7488912000,2.7313264000,2.7401088000,1794200
2022-01-21 15:00:00,2.7313264000,2.7488912000,2.7313264000,2.7488912000,3127300
2022-01-24 09:45:00,2.7137616000,2.7225440000,2.6610672000,2.6874144000,11865000
2022-01-24 10:00:00,2.6961968000,2.6961968000,2.6786320000,2.6874144000,2278300
2022-01-24 10:15:00,2.6961968000,2.7049792000,2.6874144000,2.7049792000,2304700
2022-01-24 10:30:00,2.6961968000,2.7137616000,2.6961968000,2.7137616000,3853343
2022-01-24 10:45:00,2.7049792000,2.7225440000,2.7049792000,2.7225440000,1269300
2022-01-24 11:00:00,2.7225440000,2.7225440000,2.7049792000,2.7137616000,701400
2022-01-24 11:15:00,2.7137616000,2.7137616000,2.7049792000,2.7137616000,1077500
2022-01-24 11:30:00,2.7137616000,2.7137616000,2.7049792000,2.7049792000,670790
2022-01-24 13:15:00,2.7049792000,2.7225440000,2.7049792000,2.7225440000,1574500
2022-01-24 13:30:00,2.7225440000,2.7225440000,2.7137616000,2.7225440000,915100
2022-01-24 13:45:00,2.7225440000,2.7225440000,2.7137616000,2.7225440000,660400
2022-01-24 14:00:00,2.7137616000,2.7225440000,2.7137616000,2.7137616000,1235300
2022-01-24 14:15:00,2.7137616000,2.7225440000,2.7137616000,2.7225440000,690100
2022-01-24 14:30:00,2.7225440000,2.7225440000,2.7049792000,2.7137616000,1743200
2022-01-24 14:45:00,2.7137616000,2.7225440000,2.7049792000,2.7137616000,1046900
2022-01-24 15:00:00,2.7137616000,2.7225440000,2.7049792000,2.7225440000,3348300
2022-01-25 09:45:00,2.7137616000,2.7225440000,2.6874144000,2.6961968000,3349800
2022-01-25 10:00:00,2.6961968000,2.7049792000,2.6610672000,2.6698496000,5139900
2022-01-25 10:15:00,2.6786320000,2.6874144000,2.6698496000,2.6698496000,3422700
2022-01-25 10:30:00,2.6786320000,2.6786320000,2.6698496000,2.6786320000,2758300
2022-01-25 10:45:00,2.6698496000,2.6786320000,2.6610672000,2.6786320000,2174100
2022-01-25 11:00:00,2.6786320000,2.6874144000,2.6698496000,2.6874144000,1144900
2022-01-25 11:15:00,2.6874144000,2.6874144000,2.6698496000,2.6786320000,637900
2022-01-25 11:30:00,2.6698496000,2.6786320000,2.6698496000,2.6786320000,617500
2022-01-25 13:15:00,2.6786320000,2.6786320000,2.6610672000,2.6610672000,2513300
2022-01-25 13:30:00,2.6610672000,2.6698496000,2.6435024000,2.6698496000,6109000
2022-01-25 13:45:00,2.6610672000,2.6698496000,2.6522848000,2.6522848000,2961200
2022-01-25 14:00:00,2.6522848000,2.6610672000,2.6435024000,2.6610672000,2671900
2022-01-25 14:15:00,2.6610672000,2.6698496000,2.6522848000,2.6522848000,998300
2022-01-25 14:30:00,2.6522848000,2.6610672000,2.6522848000,2.6522848000,2080400
2022-01-25 14:45:00,2.6522848000,2.6522848000,2.6347200000,2.6522848000,4826011
2022-01-25 15:00:00,2.6435024000,2.6435024000,2.6347200000,2.6347200000,4830384
2022-01-26 09:45:00,2.6259376000,2.6522848000,2.6171552000,2.6347200000,6520960
2022-01-26 10:00:00,2.6435024000,2.6435024000,2.6347200000,2.6347200000,2652000
2022-01-26 10:15:00,2.6347200000,2.6435024000,2.6259376000,2.6347200000,2737187
2022-01-26 10:30:00,2.6435024000,2.6522848000,2.6347200000,2.6522848000,2058500
2022-01-26 10:45:00,2.6522848000,2.6610672000,2.6435024000,2.6522848000,2147900
2022-01-26 11:00:00,2.6522848000,2.6610672000,2.6435024000,2.6435024000,1055531
2022-01-26 11:15:00,2.6435024000,2.6435024000,2.6347200000,2.6347200000,1090069
2022-01-26 11:30:00,2.6347200000,2.6435024000,2.6259376000,2.6347200000,2381900
2022-01-26 13:15:00,2.6347200000,2.6435024000,2.6259376000,2.6259376000,2622800
2022-01-26 13:30:00,2.6259376000,2.6347200000,2.6171552000,2.6259376000,2079400
2022-01-26 13:45:00,2.6259376000,2.6347200000,2.6259376000,2.6347200000,936700
2022-01-26 14:00:00,2.6347200000,2.6347200000,2.6259376000,2.6259376000,595400
2022-01-26 14:15:00,2.6259376000,2.6435024000,2.6259376000,2.6347200000,2157800
2022-01-26 14:30:00,2.6347200000,2.6522848000,2.6347200000,2.6435024000,2683600
2022-01-26 14:45:00,2.6435024000,2.6522848000,2.6347200000,2.6435024000,1528403
2022-01-26 15:00:00,2.6347200000,2.6435024000,2.6347200000,2.6347200000,2460098
2022-01-27 09:45:00,2.6171552000,2.6522848000,2.6171552000,2.6435024000,5066100
2022-01-27 10:00:00,2.6522848000,2.6698496000,2.6347200000,2.6435024000,4648100
2022-01-27 10:15:00,2.6435024000,2.6435024000,2.6259376000,2.6259376000,2395600
2022-01-27 10:30:00,2.6259376000,2.6347200000,2.6083728000,2.6083728000,2842700
2022-01-27 10:45:00,2.6171552000,2.6171552000,2.5995904000,2.6083728000,2801400
2022-01-27 11:00:00,2.6083728000,2.6259376000,2.6083728000,2.6259376000,1379257
2022-01-27 11:15:00,2.6259376000,2.6347200000,2.6259376000,2.6259376000,1014600
2022-01-27 11:30:00,2.6347200000,2.6347200000,2.6171552000,2.6171552000,940000
2022-01-27 13:15:00,2.6171552000,2.6259376000,2.6083728000,2.6083728000,1164400
2022-01-27 13:30:00,2.6083728000,2.6171552000,2.6083728000,2.6083728000,1073200
2022-01-27 13:45:00,2.6083728000,2.6171552000,2.5995904000,2.6083728000,1405900
2022-01-27 14:00:00,2.6083728000,2.6171552000,2.6083728000,2.6083728000,777400
2022-01-27 14:15:00,2.6083728000,2.6171552000,2.5995904000,2.6083728000,1754800
2022-01-27 14:30:00,2.6083728000,2.6083728000,2.5995904000,2.6083728000,1906100
2022-01-27 14:45:00,2.6083728000,2.6083728000,2.5820256000,2.5908080000,4273200
2022-01-27 15:00:00,2.5908080000,2.5908080000,2.5732432000,2.5732432000,3694111
2022-01-28 09:45:00,2.5995904000,2.6083728000,2.5644608000,2.5820256000,6102800
2022-01-28 10:00:00,2.5820256000,2.5820256000,2.5556784000,2.5556784000,3546700
2022-01-28 10:15:00,2.5644608000,2.5644608000,2.5468960000,2.5468960000,3151100
2022-01-28 10:30:00,2.5468960000,2.5556784000,2.5293312000,2.5556784000,4242900
2022-01-28 10:45:00,2.5556784000,2.5556784000,2.5381136000,2.5556784000,2917800
2022-01-28 11:00:00,2.5556784000,2.5908080000,2.5556784000,2.5820256000,2411449
2022-01-28 11:15:00,2.5908080000,2.5908080000,2.5820256000,2.5908080000,2081100
2022-01-28 11:30:00,2.5908080000,2.5995904000,2.5820256000,2.5908080000,1719200
2022-01-28 13:15:00,2.5820256000,2.5995904000,2.5820256000,2.5995904000,1445200
2022-01-28 13:30:00,2.5908080000,2.6171552000,2.5908080000,2.6171552000,2669200
2022-01-28 13:45:00,2.6171552000,2.6259376000,2.6083728000,2.6083728000,2439600
2022-01-28 14:00:00,2.6171552000,2.6171552000,2.5995904000,2.6171552000,1053400
2022-01-28 14:15:00,2.6171552000,2.6171552000,2.5908080000,2.5995904000,1945700
2022-01-28 14:30:00,2.5995904000,2.6083728000,2.5908080000,2.6083728000,1185800
2022-01-28 14:45:00,2.5995904000,2.6083728000,2.5908080000,2.5995904000,1785600
2022-01-28 15:00:00,2.5908080000,2.5995904000,2.5820256000,2.5908080000,2476300
2022-02-07 09:45:00,2.6259376000,2.7049792000,2.6259376000,2.6961968000,16251896
2022-02-07 10:00:00,2.6961968000,2.7225440000,2.6874144000,2.7225440000,9337002
2022-02-07 10:15:00,2.7137616000,2.7488912000,2.7137616000,2.7401088000,7657900
2022-02-07 10:30:00,2.7401088000,2.7488912000,2.7225440000,2.7313264000,4860900
2022-02-07 10:45:00,2.7401088000,2.7576736000,2.7313264000,2.7488912000,7569001
2022-02-07 11:00:00,2.7576736000,2.7576736000,2.7313264000,2.7401088000,2530400
2022-02-07 11:15:00,2.7488912000,2.7576736000,2.7313264000,2.7401088000,2713500
2022-02-07 11:30:00,2.7401088000,2.7401088000,2.7313264000,2.7401088000,1446710
2022-02-07 13:15:00,2.7401088000,2.7752384000,2.7401088000,2.7664560000,6669600
2022-02-07 13:30:00,2.7664560000,2.7928032000,2.7576736000,2.7840208000,5926900
2022-02-07 13:45:00,2.7752384000,2.7928032000,2.7752384000,2.7840208000,4114475
2022-02-07 14:00:00,2.7840208000,2.8015856000,2.7840208000,2.7928032000,4341100
2022-02-07 14:15:00,2.7928032000,2.8015856000,2.7928032000,2.8015856000,3754700
2022-02-07 14:30:00,2.7928032000,2.8191504000,2.7928032000,2.7928032000,7670100
2022-02-07 14:45:00,2.7928032000,2.8015856000,2.7840208000,2.7928032000,4032425
2022-02-07 15:00:00,2.7928032000,2.8103680000,2.7840208000,2.8015856000,7234124
2022-02-08 09:45:00,2.7840208000,2.9069744000,2.7752384000,2.8894096000,29677846
2022-02-08 10:00:00,2.8894096000,2.8981920000,2.8454976000,2.8542800000,8616800
2022-02-08 10:15:00,2.8542800000,2.8806272000,2.8542800000,2.8806272000,5610800
2022-02-08 10:30:00,2.8718448000,2.8806272000,2.8542800000,2.8630624000,3352700
2022-02-08 10:45:00,2.8542800000,2.8718448000,2.8454976000,2.8542800000,3727700
2022-02-08 11:00:00,2.8454976000,2.8542800000,2.8367152000,2.8454976000,4648500
2022-02-08 11:15:00,2.8454976000,2.8542800000,2.8367152000,2.8367152000,1768200
2022-02-08 11:30:00,2.8367152000,2.8454976000,2.8191504000,2.8367152000,2923200
2022-02-08 13:15:00,2.8279328000,2.8542800000,2.8191504000,2.8542800000,2689110
2022-02-08 13:30:00,2.8454976000,2.8630624000,2.8454976000,2.8542800000,2511900
2022-02-08 13:45:00,2.8630624000,2.8630624000,2.8454976000,2.8542800000,1520000
2022-02-08 14:00:00,2.8630624000,2.8630624000,2.8542800000,2.8542800000,2088300
2022-02-08 14:15:00,2.8542800000,2.8630624000,2.8542800000,2.8542800000,1575600
2022-02-08 14:30:00,2.8542800000,2.8806272000,2.8542800000,2.8718448000,4392400
2022-02-08 14:45:00,2.8806272000,2.8806272000,2.8718448000,2.8806272000,2841766
2022-02-08 15:00:00,2.8718448000,2.8894096000,2.8718448000,2.8806272000,7393500
2022-02-09 09:45:00,2.8894096000,2.9508864000,2.8806272000,2.9245392000,18135700
2022-02-09 10:00:00,2.9245392000,2.9333216000,2.9069744000,2.9157568000,9771004
2022-02-09 10:15:00,2.9245392000,2.9333216000,2.9157568000,2.9157568000,5905800
2022-02-09 10:30:00,2.9245392000,2.9245392000,2.8981920000,2.8981920000,4016873
2022-02-09 10:45:00,2.8981920000,2.9069744000,2.8806272000,2.8894096000,3327131
2022-02-09 11:00:00,2.8806272000,2.8981920000,2.8806272000,2.8894096000,2532300
2022-02-09 11:15:00,2.8981920000,2.8981920000,2.8894096000,2.8981920000,1241200
2022-02-09 11:30:00,2.8894096000,2.9069744000,2.8894096000,2.9069744000,2944090
2022-02-09 13:15:00,2.9069744000,2.9069744000,2.8894096000,2.8981920000,2210300
2022-02-09 13:30:00,2.8981920000,2.9069744000,2.8981920000,2.8981920000,1641700
2022-02-09 13:45:00,2.8981920000,2.9069744000,2.8894096000,2.9069744000,2678910
2022-02-09 14:00:00,2.9069744000,2.9069744000,2.8894096000,2.8894096000,1969100
2022-02-09 14:15:00,2.8981920000,2.9069744000,2.8894096000,2.8981920000,2482810
2022-02-09 14:30:00,2.8981920000,2.8981920000,2.8894096000,2.8981920000,1642517
2022-02-09 14:45:00,2.8981920000,2.9069744000,2.8894096000,2.8981920000,3212600
2022-02-09 15:00:00,2.9069744000,2.9069744000,2.8981920000,2.8981920000,5073836
2022-02-10 09:45:00,2.9069744000,2.9245392000,2.8718448000,2.9069744000,11105473
2022-02-10 10:00:00,2.9069744000,2.9333216000,2.8894096000,2.9333216000,10202528
2022-02-10 10:15:00,2.9333216000,2.9421040000,2.9245392000,2.9333216000,7103200
2022-02-10 10:30:00,2.9333216000,2.9508864000,2.9245392000,2.9333216000,7124601
2022-02-10 10:45:00,2.9333216000,2.9421040000,2.9245392000,2.9333216000,4504600
2022-02-10 11:00:00,2.9333216000,2.9421040000,2.9333216000,2.9333216000,3087700
2022-02-10 11:15:00,2.9333216000,2.9421040000,2.9333216000,2.9333216000,2845000
2022-02-10 11:30:00,2.9333216000,2.9421040000,2.9333216000,2.9421040000,3009000
2022-02-10 13:15:00,2.9333216000,2.9421040000,2.9333216000,2.9333216000,4842300
2022-02-10 13:30:00,2.9245392000,2.9421040000,2.9245392000,2.9333216000,2230300
2022-02-10 13:45:00,2.9245392000,2.9421040000,2.9157568000,2.9333216000,5907325
2022-02-10 14:00:00,2.9333216000,2.9508864000,2.9333216000,2.9508864000,5243101
2022-02-10 14:15:00,2.9421040000,2.9508864000,2.9421040000,2.9421040000,5898500
2022-02-10 14:30:00,2.9421040000,2.9508864000,2.9421040000,2.9508864000,3932400
2022-02-10 14:45:00,2.9508864000,2.9596688000,2.9421040000,2.9508864000,7806900
2022-02-10 15:00:00,2.9508864000,2.9596688000,2.9421040000,2.9508864000,5274042
2022-02-11 09:45:00,2.9421040000,2.9684512000,2.9333216000,2.9508864000,8390800
2022-02-11 10:00:00,2.9508864000,2.9508864000,2.9245392000,2.9421040000,6723600
2022-02-11 10:15:00,2.9508864000,2.9508864000,2.9333216000,2.9333216000,3379600
2022-02-11 10:30:00,2.9333216000,2.9421040000,2.9333216000,2.9421040000,2600300
2022-02-11 10:45:00,2.9421040000,2.9596688000,2.9333216000,2.9508864000,5583600
2022-02-11 11:00:00,2.9508864000,2.9596688000,2.9421040000,2.9508864000,2548400
2022-02-11 11:15:00,2.9596688000,2.9684512000,2.9508864000,2.9596688000,2886400
2022-02-11 11:30:00,2.9508864000,2.9596688000,2.9508864000,2.9508864000,1412300
2022-02-11 13:15:00,2.9508864000,2.9596688000,2.9421040000,2.9508864000,2136300
2022-02-11 13:30:00,2.9508864000,2.9596688000,2.9421040000,2.9508864000,2704200
2022-02-11 13:45:00,2.9508864000,2.9508864000,2.9333216000,2.9333216000,2139800
2022-02-11 14:00:00,2.9333216000,2.9508864000,2.9333216000,2.9333216000,2465400
2022-02-11 14:15:00,2.9333216000,2.9421040000,2.9333216000,2.9421040000,2886690
2022-02-11 14:30:00,2.9421040000,2.9421040000,2.9245392000,2.9245392000,2783700
2022-02-11 14:45:00,2.9333216000,2.9333216000,2.9245392000,2.9333216000,2677435
2022-02-11 15:00:00,2.9333216000,2.9333216000,2.9157568000,2.9245392000,5020802
2022-02-14 09:45:00,2.9157568000,2.9245392000,2.8630624000,2.8806272000,13610519
2022-02-14 10:00:00,2.8718448000,2.8894096000,2.8542800000,2.8542800000,6712252
2022-02-14 10:15:00,2.8542800000,2.8718448000,2.8542800000,2.8718448000,4689149
2022-02-14 10:30:00,2.8718448000,2.8718448000,2.8367152000,2.8367152000,4218852
2022-02-14 10:45:00,2.8454976000,2.8630624000,2.8367152000,2.8630624000,5323600
2022-02-14 11:00:00,2.8630624000,2.8718448000,2.8542800000,2.8718448000,1585700
2022-02-14 11:15:00,2.8718448000,2.8718448000,2.8542800000,2.8542800000,1413700
2022-02-14 11:30:00,2.8542800000,2.8630624000,2.8454976000,2.8542800000,1345400
2022-02-14 13:15:00,2.8542800000,2.8542800000,2.8367152000,2.8454976000,2542700
2022-02-14 13:30:00,2.8454976000,2.8630624000,2.8367152000,2.8542800000,3158900
2022-02-14 13:45:00,2.8630624000,2.8630624000,2.8367152000,2.8454976000,2035114
2022-02-14 14:00:00,2.8542800000,2.8542800000,2.8454976000,2.8542800000,1842900
2022-02-14 14:15:00,2.8542800000,2.8630624000,2.8454976000,2.8542800000,1559600
2022-02-14 14:30:00,2.8542800000,2.8542800000,2.8367152000,2.8454976000,2494200
2022-02-14 14:45:00,2.8454976000,2.8454976000,2.8367152000,2.8454976000,1853900
2022-02-14 15:00:00,2.8367152000,2.8542800000,2.8367152000,2.8367152000,4112703
2022-02-15 09:45:00,2.8542800000,2.8630624000,2.8191504000,2.8454976000,3548100
2022-02-15 10:00:00,2.8454976000,2.8542800000,2.8279328000,2.8542800000,3112381
2022-02-15 10:15:00,2.8454976000,2.8542800000,2.8191504000,2.8279328000,4458419
2022-02-15 10:30:00,2.8279328000,2.8279328000,2.8191504000,2.8191504000,1328500
2022-02-15 10:45:00,2.8279328000,2.8279328000,2.8103680000,2.8279328000,3641266
2022-02-15 11:00:00,2.8279328000,2.8367152000,2.8191504000,2.8191504000,2166100
2022-02-15 11:15:00,2.8279328000,2.8367152000,2.8191504000,2.8367152000,976400
2022-02-15 11:30:00,2.8367152000,2.8367152000,2.8191504000,2.8191504000,1374200
2022-02-15 13:15:00,2.8191504000,2.8279328000,2.8103680000,2.8103680000,1789300
2022-02-15 13:30:00,2.8191504000,2.8279328000,2.8103680000,2.8191504000,1667800
2022-02-15 13:45:00,2.8191504000,2.8279328000,2.8103680000,2.8191504000,1592600
2022-02-15 14:00:00,2.8191504000,2.8279328000,2.8103680000,2.8191504000,1160500
2022-02-15 14:15:00,2.8191504000,2.8191504000,2.8103680000,2.8103680000,1547800
2022-02-15 14:30:00,2.8191504000,2.8191504000,2.8103680000,2.8191504000,1597304
2022-02-15 14:45:00,2.8191504000,2.8367152000,2.8103680000,2.8367152000,1799600
2022-02-15 15:00:00,2.8279328000,2.8367152000,2.8191504000,2.8279328000,2903300
2022-02-16 09:45:00,2.8279328000,2.8718448000,2.8279328000,2.8542800000,5832700
2022-02-16 10:00:00,2.8542800000,2.8630624000,2.8367152000,2.8542800000,3048000
2022-02-16 10:15:00,2.8542800000,2.8718448000,2.8542800000,2.8630624000,3545800
2022-02-16 10:30:00,2.8630624000,2.8718448000,2.8542800000,2.8630624000,1565300
2022-02-16 10:45:00,2.8630624000,2.8630624000,2.8454976000,2.8542800000,1372300
2022-02-16 11:00:00,2.8542800000,2.8542800000,2.8367152000,2.8454976000,1595800
2022-02-16 11:15:00,2.8367152000,2.8630624000,2.8367152000,2.8542800000,1185000
2022-02-16 11:30:00,2.8542800000,2.8630624000,2.8542800000,2.8542800000,562900
2022-02-16 13:15:00,2.8630624000,2.8630624000,2.8454976000,2.8454976000,2070400
2022-02-16 13:30:00,2.8454976000,2.8542800000,2.8367152000,2.8367152000,1604400
2022-02-16 13:45:00,2.8367152000,2.8542800000,2.8367152000,2.8542800000,1478500
2022-02-16 14:00:00,2.8454976000,2.8542800000,2.8367152000,2.8542800000,1354100
2022-02-16 14:15:00,2.8454976000,2.8542800000,2.8367152000,2.8367152000,1222500
2022-02-16 14:30:00,2.8367152000,2.8542800000,2.8367152000,2.8454976000,789400
2022-02-16 14:45:00,2.8454976000,2.8542800000,2.8367152000,2.8542800000,1050300
2022-02-16 15:00:00,2.8542800000,2.8542800000,2.8454976000,2.8454976000,1788196
2022-02-17 09:45:00,2.8630624000,2.8718448000,2.8367152000,2.8367152000,4097000
2022-02-17 10:00:00,2.8367152000,2.8630624000,2.8367152000,2.8630624000,2388700
2022-02-17 10:15:00,2.8542800000,2.8630624000,2.8454976000,2.8454976000,2121600
2022-02-17 10:30:00,2.8454976000,2.8542800000,2.8454976000,2.8454976000,1858300
2022-02-17 10:45:00,2.8542800000,2.8630624000,2.8454976000,2.8542800000,1877600
2022-02-17 11:00:00,2.8542800000,2.8630624000,2.8454976000,2.8542800000,1349600
2022-02-17 11:15:00,2.8542800000,2.8630624000,2.8454976000,2.8454976000,1639700
2022-02-17 11:30:00,2.8454976000,2.8542800000,2.8367152000,2.8367152000,2121300
2022-02-17 13:15:00,2.8454976000,2.8454976000,2.8279328000,2.8279328000,2584200
2022-02-17 13:30:00,2.8367152000,2.8454976000,2.8279328000,2.8367152000,2254300
2022-02-17 13:45:00,2.8367152000,2.8542800000,2.8367152000,2.8454976000,1020600
2022-02-17 14:00:00,2.8454976000,2.8542800000,2.8367152000,2.8454976000,1353800
2022-02-17 14:15:00,2.8454976000,2.8454976000,2.8367152000,2.8454976000,654900
2022-02-17 14:30:00,2.8367152000,2.8454976000,2.8367152000,2.8367152000,1291700
2022-02-17 14:45:00,2.8454976000,2.8454976000,2.8279328000,2.8279328000,1204903
2022-02-17 15:00:00,2.8279328000,2.8454976000,2.8279328000,2.8367152000,2780239
2022-02-18 09:45:00,2.8191504000,2.8367152000,2.8103680000,2.8279328000,4294400
2022-02-18 10:00:00,2.8279328000,2.8542800000,2.8279328000,2.8454976000,3271600
2022-02-18 10:15:00,2.8454976000,2.8542800000,2.8367152000,2.8542800000,2160500
2022-02-18 10:30:00,2.8542800000,2.8542800000,2.8367152000,2.8367152000,1281500
2022-02-18 10:45:00,2.8367152000,2.8542800000,2.8367152000,2.8454976000,1225100
2022-02-18 11:00:00,2.8454976000,2.8454976000,2.8279328000,2.8454976000,1978800
2022-02-18 11:15:00,2.8367152000,2.8542800000,2.8367152000,2.8367152000,1381100
2022-02-18 11:30:00,2.8367152000,2.8542800000,2.8367152000,2.8454976000,580000
2022-02-18 13:15:00,2.8454976000,2.8630624000,2.8454976000,2.8630624000,3724710
2022-02-18 13:30:00,2.8630624000,2.8630624000,2.8454976000,2.8542800000,2656100
2022-02-18 13:45:00,2.8454976000,2.8630624000,2.8454976000,2.8630624000,1867600
2022-02-18 14:00:00,2.8630624000,2.8718448000,2.8542800000,2.8630624000,2893900
2022-02-18 14:15:00,2.8718448000,2.8718448000,2.8542800000,2.8718448000,826100
2022-02-18 14:30:00,2.8718448000,2.8806272000,2.8630624000,2.8806272000,3000600
2022-02-18 14:45:00,2.8718448000,2.8806272000,2.8630624000,2.8718448000,1122700
2022-02-18 15:00:00,2.8806272000,2.8806272000,2.8718448000,2.8806272000,3524618
2022-02-21 09:45:00,2.8718448000,2.8806272000,2.8454976000,2.8630624000,5010900
2022-02-21 10:00:00,2.8630624000,2.8806272000,2.8542800000,2.8718448000,3612400
2022-02-21 10:15:00,2.8718448000,2.8894096000,2.8630624000,2.8718448000,2408501
2022-02-21 10:30:00,2.8718448000,2.8806272000,2.8630624000,2.8718448000,1708300
2022-02-21 10:45:00,2.8718448000,2.8806272000,2.8630624000,2.8718448000,888000
2022-02-21 11:00:00,2.8806272000,2.8806272000,2.8630624000,2.8718448000,1756000
2022-02-21 11:15:00,2.8718448000,2.8806272000,2.8630624000,2.8718448000,1053800
2022-02-21 11:30:00,2.8630624000,2.8806272000,2.8630624000,2.8718448000,1149466
2022-02-21 13:15:00,2.8718448000,2.8894096000,2.8718448000,2.8894096000,2268100
2022-02-21 13:30:00,2.8894096000,2.8894096000,2.8806272000,2.8894096000,755101
2022-02-21 13:45:00,2.8894096000,2.8894096000,2.8806272000,2.8894096000,1549400
2022-02-21 14:00:00,2.8894096000,2.8894096000,2.8718448000,2.8718448000,2011799
2022-02-21 14:15:00,2.8806272000,2.8894096000,2.8718448000,2.8806272000,1206400
2022-02-21 14:30:00,2.8894096000,2.8894096000,2.8718448000,2.8806272000,1323600
2022-02-21 14:45:00,2.8806272000,2.8894096000,2.8806272000,2.8894096000,2013800
2022-02-21 15:00:00,2.8894096000,2.8981920000,2.8806272000,2.8894096000,4355075
2022-02-22 09:45:00,2.8806272000,2.8806272000,2.8454976000,2.8542800000,6155100
2022-02-22 10:00:00,2.8542800000,2.8718448000,2.8454976000,2.8542800000,2984900
2022-02-22 10:15:00,2.8454976000,2.8630624000,2.8454976000,2.8454976000,3111411
2022-02-22 10:30:00,2.8454976000,2.8630624000,2.8454976000,2.8454976000,1694700
2022-02-22 10:45:00,2.8454976000,2.8542800000,2.8367152000,2.8367152000,3100000
2022-02-22 11:00:00,2.8454976000,2.8454976000,2.8367152000,2.8454976000,1483000
2022-02-22 11:15:00,2.8454976000,2.8454976000,2.8279328000,2.8367152000,2389000
2022-02-22 11:30:00,2.8367152000,2.8367152000,2.8191504000,2.8191504000,1958800
2022-02-22 13:15:00,2.8191504000,2.8367152000,2.8191504000,2.8279328000,2153401
2022-02-22 13:30:00,2.8279328000,2.8454976000,2.8191504000,2.8367152000,1834100
2022-02-22 13:45:00,2.8367152000,2.8454976000,2.8279328000,2.8279328000,1185600
2022-02-22 14:00:00,2.8279328000,2.8454976000,2.8279328000,2.8279328000,824400
2022-02-22 14:15:00,2.8367152000,2.8367152000,2.8191504000,2.8367152000,2235501
2022-02-22 14:30:00,2.8367152000,2.8367152000,2.8191504000,2.8191504000,1777099
2022-02-22 14:45:00,2.8191504000,2.8367152000,2.8191504000,2.8279328000,1741200
2022-02-22 15:00:00,2.8367152000,2.8454976000,2.8279328000,2.8454976000,2134601
2022-02-23 09:45:00,2.8454976000,2.8630624000,2.8367152000,2.8542800000,2955100
2022-02-23 10:00:00,2.8542800000,2.8630624000,2.8367152000,2.8454976000,3278900
2022-02-23 10:15:00,2.8367152000,2.8542800000,2.8367152000,2.8542800000,1853600
2022-02-23 10:30:00,2.8542800000,2.8630624000,2.8454976000,2.8542800000,1791600
2022-02-23 10:45:00,2.8542800000,2.8542800000,2.8367152000,2.8367152000,2890001
2022-02-23 11:00:00,2.8454976000,2.8542800000,2.8367152000,2.8542800000,1755600
2022-02-23 11:15:00,2.8542800000,2.8542800000,2.8454976000,2.8542800000,1227700
2022-02-23 11:30:00,2.8542800000,2.8542800000,2.8454976000,2.8542800000,594800
2022-02-23 13:15:00,2.8542800000,2.8542800000,2.8367152000,2.8454976000,2002200
2022-02-23 13:30:00,2.8454976000,2.8454976000,2.8367152000,2.8454976000,1051900
2022-02-23 13:45:00,2.8454976000,2.8454976000,2.8367152000,2.8454976000,1705900
2022-02-23 14:00:00,2.8454976000,2.8454976000,2.8367152000,2.8454976000,884500
2022-02-23 14:15:00,2.8454976000,2.8454976000,2.8367152000,2.8454976000,1063000
2022-02-23 14:30:00,2.8454976000,2.8454976000,2.8367152000,2.8367152000,1175800
2022-02-23 14:45:00,2.8367152000,2.8454976000,2.8279328000,2.8367152000,3080000
2022-02-23 15:00:00,2.8454976000,2.8542800000,2.8367152000,2.8454976000,3227600
2022-02-24 09:45:00,2.8367152000,2.8367152000,2.8191504000,2.8279328000,3031700
2022-02-24 10:00:00,2.8279328000,2.8367152000,2.8191504000,2.8367152000,2292551
2022-02-24 10:15:00,2.8367152000,2.8454976000,2.8279328000,2.8367152000,2572700
2022-02-24 10:30:00,2.8454976000,2.8454976000,2.8279328000,2.8367152000,1293600
2022-02-24 10:45:00,2.8367152000,2.8367152000,2.8191504000,2.8279328000,2126200
2022-02-24 11:00:00,2.8367152000,2.8367152000,2.8191504000,2.8191504000,1399800
2022-02-24 11:15:00,2.8279328000,2.8279328000,2.8191504000,2.8279328000,956000
2022-02-24 11:30:00,2.8279328000,2.8279328000,2.8103680000,2.8191504000,3469000
2022-02-24 13:15:00,2.8103680000,2.8191504000,2.7576736000,2.7752384000,10430200
2022-02-24 13:30:00,2.7840208000,2.8015856000,2.7752384000,2.7928032000,3717717
2022-02-24 13:45:00,2.7928032000,2.7928032000,2.7664560000,2.7840208000,2610695
2022-02-24 14:00:00,2.7752384000,2.7840208000,2.7752384000,2.7752384000,2349000
2022-02-24 14:15:00,2.7752384000,2.7752384000,2.7488912000,2.7664560000,5740242
2022-02-24 14:30:00,2.7576736000,2.7664560000,2.7313264000,2.7488912000,5791394
2022-02-24 14:45:00,2.7488912000,2.7752384000,2.7401088000,2.7664560000,3767100
2022-02-24 15:00:00,2.7752384000,2.7752384000,2.7664560000,2.7752384000,2485300
2022-02-25 09:45:00,2.7752384000,2.8103680000,2.7664560000,2.8015856000,6503300
2022-02-25 10:00:00,2.8015856000,2.8103680000,2.7928032000,2.8015856000,2685600
2022-02-25 10:15:00,2.8103680000,2.8191504000,2.8015856000,2.8103680000,4262600
2022-02-25 10:30:00,2.8103680000,2.8191504000,2.8015856000,2.8015856000,1471300
2022-02-25 10:45:00,2.8103680000,2.8103680000,2.7928032000,2.7928032000,1349500
2022-02-25 11:00:00,2.8015856000,2.8015856000,2.7928032000,2.8015856000,964900
2022-02-25 11:15:00,2.8015856000,2.8015856000,2.7928032000,2.8015856000,876600
2022-02-25 11:30:00,2.8015856000,2.8015856000,2.7840208000,2.7840208000,1537600
2022-02-25 13:15:00,2.7752384000,2.8015856000,2.7752384000,2.7928032000,1806700
2022-02-25 13:30:00,2.7928032000,2.8015856000,2.7840208000,2.7840208000,940000
2022-02-25 13:45:00,2.7928032000,2.8191504000,2.7928032000,2.8103680000,5025790
2022-02-25 14:00:00,2.8103680000,2.8191504000,2.7928032000,2.8015856000,1372100
2022-02-25 14:15:00,2.8015856000,2.8015856000,2.7840208000,2.7928032000,1796400
2022-02-25 14:30:00,2.7840208000,2.8015856000,2.7840208000,2.7928032000,1242300
2022-02-25 14:45:00,2.7928032000,2.7928032000,2.7840208000,2.7840208000,1130700
2022-02-25 15:00:00,2.7928032000,2.8015856000,2.7840208000,2.7928032000,2547100
2022-02-28 09:45:00,2.8630624000,2.8894096000,2.8015856000,2.8103680000,12558800
2022-02-28 10:00:00,2.8103680000,2.8191504000,2.7928032000,2.8103680000,4495500
2022-02-28 10:15:00,2.8103680000,2.8367152000,2.8015856000,2.8279328000,2227500
2022-02-28 10:30:00,2.8367152000,2.8630624000,2.8279328000,2.8454976000,6543801
2022-02-28 10:45:00,2.8454976000,2.8806272000,2.8367152000,2.8806272000,10254900
2022-02-28 11:00:00,2.8806272000,2.9157568000,2.8630624000,2.9069744000,13148100
2022-02-28 11:15:00,2.9069744000,2.9069744000,2.8806272000,2.8894096000,7638500
2022-02-28 11:30:00,2.8894096000,2.8894096000,2.8630624000,2.8630624000,3213100
2022-02-28 13:15:00,2.8718448000,2.8894096000,2.8630624000,2.8806272000,2919200
2022-02-28 13:30:00,2.8806272000,2.8894096000,2.8718448000,2.8718448000,2022768
2022-02-28 13:45:00,2.8718448000,2.8806272000,2.8718448000,2.8806272000,866600
2022-02-28 14:00:00,2.8718448000,2.8806272000,2.8718448000,2.8806272000,1958925
2022-02-28 14:15:00,2.8806272000,2.8894096000,2.8806272000,2.8894096000,1851900
2022-02-28 14:30:00,2.8806272000,2.8894096000,2.8718448000,2.8806272000,1878900
2022-02-28 14:45:00,2.8806272000,2.8981920000,2.8718448000,2.8894096000,5165454
2022-02-28 15:00:00,2.8981920000,2.9245392000,2.8894096000,2.9245392000,16526651
2022-03-01 09:45:00,2.9069744000,2.9069744000,2.8718448000,2.8806272000,15559887
2022-03-01 10:00:00,2.8806272000,2.8894096000,2.8718448000,2.8718448000,5745500
2022-03-01 10:15:00,2.8718448000,2.8718448000,2.8542800000,2.8542800000,7967102
2022-03-01 10:30:00,2.8542800000,2.8630624000,2.8542800000,2.8542800000,3203100
2022-03-01 10:45:00,2.8542800000,2.8630624000,2.8542800000,2.8542800000,2345900
2022-03-01 11:00:00,2.8542800000,2.8630624000,2.8454976000,2.8542800000,4453500
2022-03-01 11:15:00,2.8542800000,2.8718448000,2.8542800000,2.8630624000,3564900
2022-03-01 11:30:00,2.8630624000,2.8718448000,2.8542800000,2.8630624000,1594700
2022-03-01 13:15:00,2.8630624000,2.8630624000,2.8542800000,2.8542800000,2256300
2022-03-01 13:30:00,2.8542800000,2.8630624000,2.8454976000,2.8454976000,2605400
2022-03-01 13:45:00,2.8542800000,2.8542800000,2.8454976000,2.8454976000,1370400
2022-03-01 14:00:00,2.8542800000,2.8630624000,2.8454976000,2.8542800000,2961601
2022-03-01 14:15:00,2.8454976000,2.8630624000,2.8454976000,2.8542800000,2413100
2022-03-01 14:30:00,2.8542800000,2.8630624000,2.8542800000,2.8630624000,1775700
2022-03-01 14:45:00,2.8630624000,2.8630624000,2.8542800000,2.8630624000,2480077
2022-03-01 15:00:00,2.8542800000,2.8718448000,2.8542800000,2.8542800000,5448700
2022-03-02 09:45:00,2.8367152000,2.8981920000,2.8367152000,2.8806272000,11503600
2022-03-02 10:00:00,2.8718448000,2.8894096000,2.8630624000,2.8718448000,4238000
2022-03-02 10:15:00,2.8806272000,2.8806272000,2.8630624000,2.8630624000,3253750
2022-03-02 10:30:00,2.8630624000,2.8806272000,2.8630624000,2.8806272000,1671398
2022-03-02 10:45:00,2.8806272000,2.8806272000,2.8630624000,2.8806272000,2264500
2022-03-02 11:00:00,2.8806272000,2.8806272000,2.8630624000,2.8718448000,1485900
2022-03-02 11:15:00,2.8630624000,2.8718448000,2.8542800000,2.8630624000,2015402
2022-03-02 11:30:00,2.8542800000,2.8630624000,2.8542800000,2.8542800000,627400
2022-03-02 13:15:00,2.8542800000,2.8806272000,2.8542800000,2.8718448000,2733100
2022-03-02 13:30:00,2.8718448000,2.8806272000,2.8630624000,2.8718448000,1872424
2022-03-02 13:45:00,2.8806272000,2.8806272000,2.8718448000,2.8806272000,1683749
2022-03-02 14:00:00,2.8718448000,2.8806272000,2.8630624000,2.8806272000,1302100
2022-03-02 14:15:00,2.8806272000,2.8806272000,2.8718448000,2.8718448000,999900
2022-03-02 14:30:00,2.8806272000,2.8981920000,2.8718448000,2.8894096000,7450400
2022-03-02 14:45:00,2.8894096000,2.8981920000,2.8806272000,2.8806272000,4486100
2022-03-02 15:00:00,2.8894096000,2.8981920000,2.8806272000,2.8894096000,5627700
2022-03-03 09:45:00,2.9069744000,2.9860160000,2.8981920000,2.9596688000,26616616
2022-03-03 10:00:00,2.9508864000,2.9772336000,2.9508864000,2.9684512000,13762965
2022-03-03 10:15:00,2.9684512000,2.9772336000,2.9421040000,2.9596688000,8843235
2022-03-03 10:30:00,2.9508864000,2.9684512000,2.9508864000,2.9596688000,4433200
2022-03-03 10:45:00,2.9596688000,2.9772336000,2.9596688000,2.9684512000,6291696
2022-03-03 11:00:00,2.9684512000,2.9684512000,2.9508864000,2.9508864000,2184800
2022-03-03 11:15:00,2.9508864000,2.9684512000,2.9508864000,2.9596688000,3214700
2022-03-03 11:30:00,2.9596688000,2.9860160000,2.9596688000,2.9860160000,9076794
2022-03-03 13:15:00,2.9772336000,3.0299280000,2.9772336000,3.0123632000,23267910
2022-03-03 13:30:00,3.0123632000,3.0123632000,2.9860160000,3.0035808000,6218900
2022-03-03 13:45:00,2.9947984000,3.0035808000,2.9860160000,2.9947984000,4313600
2022-03-03 14:00:00,3.0035808000,3.0035808000,2.9947984000,3.0035808000,4456200
2022-03-03 14:15:00,3.0035808000,3.0211456000,2.9947984000,3.0211456000,7753300
2022-03-03 14:30:00,3.0123632000,3.0299280000,3.0123632000,3.0123632000,9054800
2022-03-03 14:45:00,3.0211456000,3.0211456000,3.0123632000,3.0211456000,5217300
2022-03-03 15:00:00,3.0123632000,3.0211456000,3.0123632000,3.0123632000,10063000
2022-03-04 09:45:00,3.0299280000,3.0387104000,2.9333216000,2.9421040000,25095908
2022-03-04 10:00:00,2.9421040000,2.9684512000,2.9421040000,2.9596688000,8290000
2022-03-04 10:15:00,2.9508864000,2.9772336000,2.9508864000,2.9772336000,4286859
2022-03-04 10:30:00,2.9772336000,2.9772336000,2.9596688000,2.9684512000,3178500
2022-03-04 10:45:00,2.9596688000,2.9772336000,2.9596688000,2.9684512000,3620341
2022-03-04 11:00:00,2.9684512000,2.9860160000,2.9684512000,2.9860160000,3163200
2022-03-04 11:15:00,2.9772336000,2.9947984000,2.9772336000,2.9860160000,2868300
2022-03-04 11:30:00,2.9860160000,2.9860160000,2.9684512000,2.9684512000,2181900
2022-03-04 13:15:00,2.9772336000,2.9772336000,2.9596688000,2.9684512000,3742400
2022-03-04 13:30:00,2.9596688000,2.9772336000,2.9508864000,2.9596688000,3272300
2022-03-04 13:45:00,2.9596688000,2.9684512000,2.9596688000,2.9684512000,2443800
2022-03-04 14:00:00,2.9596688000,2.9684512000,2.9596688000,2.9684512000,1844900
2022-03-04 14:15:00,2.9684512000,2.9684512000,2.9596688000,2.9596688000,2088891
2022-03-04 14:30:00,2.9596688000,2.9684512000,2.9508864000,2.9508864000,3232109
2022-03-04 14:45:00,2.9596688000,2.9684512000,2.9421040000,2.9684512000,4135700
2022-03-04 15:00:00,2.9596688000,2.9772336000,2.9596688000,2.9684512000,5915100
2022-03-07 09:45:00,2.9508864000,2.9596688000,2.9069744000,2.9421040000,11262700
2022-03-07 10:00:00,2.9421040000,2.9596688000,2.9245392000,2.9421040000,7565095
2022-03-07 10:15:00,2.9421040000,2.9508864000,2.9245392000,2.9245392000,3909400
2022-03-07 10:30:00,2.9245392000,2.9508864000,2.9245392000,2.9333216000,2794100
2022-03-07 10:45:00,2.9421040000,2.9421040000,2.9069744000,2.9157568000,5232500
2022-03-07 11:00:00,2.9245392000,2.9245392000,2.9069744000,2.9157568000,3072100
2022-03-07 11:15:00,2.9157568000,2.9157568000,2.8981920000,2.8981920000,4726300
2022-03-07 11:30:00,2.9069744000,2.9157568000,2.8981920000,2.9069744000,2259300
2022-03-07 13:15:00,2.8981920000,2.9069744000,2.8894096000,2.8981920000,5386100
2022-03-07 13:30:00,2.8981920000,2.9157568000,2.8981920000,2.9069744000,2238310
2022-03-07 13:45:00,2.9069744000,2.9069744000,2.8894096000,2.8981920000,2614200
2022-03-07 14:00:00,2.8981920000,2.9069744000,2.8806272000,2.8981920000,3727800
2022-03-07 14:15:00,2.8894096000,2.9069744000,2.8894096000,2.8894096000,2793400
2022-03-07 14:30:00,2.8894096000,2.8981920000,2.8806272000,2.8806272000,3736900
2022-03-07 14:45:00,2.8806272000,2.8894096000,2.8718448000,2.8718448000,3807100
2022-03-07 15:00:00,2.8806272000,2.8981920000,2.8718448000,2.8894096000,4841945
2022-03-08 09:45:00,2.8894096000,2.9157568000,2.8718448000,2.9157568000,11145300
2022-03-08 10:00:00,2.9069744000,2.9157568000,2.8718448000,2.8718448000,5738000
2022-03-08 10:15:00,2.8806272000,2.8894096000,2.8542800000,2.8806272000,3944000
2022-03-08 10:30:00,2.8718448000,2.8894096000,2.8630624000,2.8630624000,1776600
2022-03-08 10:45:00,2.8630624000,2.8718448000,2.8542800000,2.8630624000,2424300
2022-03-08 11:00:00,2.8718448000,2.8718448000,2.8367152000,2.8454976000,4078100
2022-03-08 11:15:00,2.8454976000,2.8454976000,2.8103680000,2.8103680000,5991610
2022-03-08 11:30:00,2.8103680000,2.8191504000,2.7840208000,2.8015856000,5092990
2022-03-08 13:15:00,2.8015856000,2.8279328000,2.8015856000,2.8279328000,2523700
2022-03-08 13:30:00,2.8279328000,2.8367152000,2.8103680000,2.8103680000,1679800
2022-03-08 13:45:00,2.8191504000,2.8367152000,2.8103680000,2.8279328000,2473300
2022-03-08 14:00:00,2.8367152000,2.8454976000,2.8279328000,2.8367152000,2054000
2022-03-08 14:15:00,2.8454976000,2.8454976000,2.8015856000,2.8103680000,3756500
2022-03-08 14:30:00,2.8103680000,2.8191504000,2.8015856000,2.8103680000,1616900
2022-03-08 14:45:00,2.8015856000,2.8103680000,2.7840208000,2.7840208000,3152900
2022-03-08 15:00:00,2.7840208000,2.7928032000,2.7664560000,2.7664560000,8009097
2022-03-09 09:45:00,2.7840208000,2.8279328000,2.7752384000,2.8103680000,8245700
2022-03-09 10:00:00,2.8103680000,2.8191504000,2.7928032000,2.8015856000,3768600
2022-03-09 10:15:00,2.8015856000,2.8103680000,2.7840208000,2.7928032000,2841500
2022-03-09 10:30:00,2.8015856000,2.8015856000,2.7840208000,2.7928032000,1679500
2022-03-09 10:45:00,2.7840208000,2.7928032000,2.7664560000,2.7752384000,2850000
2022-03-09 11:00:00,2.7752384000,2.7840208000,2.7401088000,2.7576736000,4055941
2022-03-09 11:15:00,2.7488912000,2.7576736000,2.7313264000,2.7313264000,2687400
2022-03-09 11:30:00,2.7401088000,2.7401088000,2.7049792000,2.7137616000,6035924
2022-03-09 13:15:00,2.7225440000,2.7225440000,2.6874144000,2.7049792000,4261000
2022-03-09 13:30:00,2.7049792000,2.7137616000,2.6522848000,2.6522848000,12704600
2022-03-09 13:45:00,2.6610672000,2.6698496000,2.6347200000,2.6347200000,9322900
2022-03-09 14:00:00,2.6435024000,2.6610672000,2.5908080000,2.6347200000,9881500
2022-03-09 14:15:00,2.6347200000,2.6610672000,2.6083728000,2.6522848000,8720657
2022-03-09 14:30:00,2.6522848000,2.6698496000,2.6435024000,2.6610672000,3778861
2022-03-09 14:45:00,2.6610672000,2.6874144000,2.6610672000,2.6786320000,3752075
2022-03-09 15:00:00,2.6786320000,2.7049792000,2.6786320000,2.6874144000,4490545
2022-03-10 09:45:00,2.7401088000,2.7752384000,2.6874144000,2.7313264000,12242075
2022-03-10 10:00:00,2.7401088000,2.7576736000,2.7313264000,2.7401088000,3430595
2022-03-10 10:15:00,2.7401088000,2.7576736000,2.7313264000,2.7401088000,2870999
2022-03-10 10:30:00,2.7401088000,2.7488912000,2.7313264000,2.7488912000,1410700
2022-03-10 10:45:00,2.7488912000,2.7576736000,2.7401088000,2.7576736000,3076200
2022-03-10 11:00:00,2.7576736000,2.7576736000,2.7401088000,2.7401088000,1341900
2022-03-10 11:15:00,2.7401088000,2.7576736000,2.7401088000,2.7488912000,1991200
2022-03-10 11:30:00,2.7488912000,2.7576736000,2.7401088000,2.7488912000,1181000
2022-03-10 13:15:00,2.7488912000,2.7576736000,2.7225440000,2.7313264000,3174400
2022-03-10 13:30:00,2.7225440000,2.7313264000,2.7137616000,2.7225440000,2763600
2022-03-10 13:45:00,2.7137616000,2.7225440000,2.7137616000,2.7225440000,1915500
2022-03-10 14:00:00,2.7225440000,2.7313264000,2.7137616000,2.7137616000,1282177
2022-03-10 14:15:00,2.7225440000,2.7313264000,2.7137616000,2.7313264000,1566977
2022-03-10 14:30:00,2.7313264000,2.7313264000,2.7137616000,2.7225440000,1826400
2022-03-10 14:45:00,2.7225440000,2.7313264000,2.7137616000,2.7225440000,1916300
2022-03-10 15:00:00,2.7225440000,2.7313264000,2.7049792000,2.7137616000,5033600
2022-03-11 09:45:00,2.6961968000,2.6961968000,2.6259376000,2.6698496000,10667701
2022-03-11 10:00:00,2.6610672000,2.6698496000,2.6435024000,2.6610672000,5389999
2022-03-11 10:15:00,2.6610672000,2.6874144000,2.6610672000,2.6698496000,4816600
2022-03-11 10:30:00,2.6698496000,2.6698496000,2.6522848000,2.6522848000,2338500
2022-03-11 10:45:00,2.6610672000,2.6610672000,2.6435024000,2.6522848000,2180300
2022-03-11 11:00:00,2.6522848000,2.6698496000,2.6522848000,2.6698496000,1600000
2022-03-11 11:15:00,2.6786320000,2.6961968000,2.6610672000,2.6610672000,3767500
2022-03-11 11:30:00,2.6610672000,2.6786320000,2.6522848000,2.6522848000,1545800
2022-03-11 13:15:00,2.6610672000,2.6610672000,2.6435024000,2.6435024000,2142100
2022-03-11 13:30:00,2.6522848000,2.6698496000,2.6435024000,2.6610672000,3047501
2022-03-11 13:45:00,2.6610672000,2.6874144000,2.6522848000,2.6874144000,1996399
2022-03-11 14:00:00,2.6874144000,2.7137616000,2.6698496000,2.7137616000,3197155
2022-03-11 14:15:00,2.7137616000,2.7225440000,2.7049792000,2.7225440000,2825545
2022-03-11 14:30:00,2.7225440000,2.7488912000,2.7137616000,2.7488912000,3423510
2022-03-11 14:45:00,2.7488912000,2.7576736000,2.7313264000,2.7313264000,2419100
2022-03-11 15:00:00,2.7313264000,2.7488912000,2.7313264000,2.7488912000,3832300
2022-03-14 09:45:00,2.7313264000,2.7752384000,2.7225440000,2.7576736000,9613700
2022-03-14 10:00:00,2.7664560000,2.7928032000,2.7576736000,2.7928032000,5677500
2022-03-14 10:15:00,2.7928032000,2.7928032000,2.7664560000,2.7840208000,3232100
2022-03-14 10:30:00,2.7840208000,2.7840208000,2.7488912000,2.7576736000,2948800
2022-03-14 10:45:00,2.7488912000,2.7576736000,2.7401088000,2.7401088000,2074900
2022-03-14 11:00:00,2.7401088000,2.7576736000,2.7313264000,2.7488912000,1235300
2022-03-14 11:15:00,2.7488912000,2.7488912000,2.7313264000,2.7401088000,1436300
2022-03-14 11:30:00,2.7313264000,2.7488912000,2.7225440000,2.7401088000,2020400
2022-03-14 13:15:00,2.7401088000,2.7488912000,2.7225440000,2.7401088000,1825500
2022-03-14 13:30:00,2.7401088000,2.7488912000,2.7225440000,2.7313264000,1268300
2022-03-14 13:45:00,2.7313264000,2.7401088000,2.7137616000,2.7137616000,1994600
2022-03-14 14:00:00,2.7137616000,2.7225440000,2.7049792000,2.7049792000,1584100
2022-03-14 14:15:00,2.7137616000,2.7225440000,2.7049792000,2.7049792000,2023500
2022-03-14 14:30:00,2.7137616000,2.7225440000,2.6961968000,2.7225440000,1972600
2022-03-14 14:45:00,2.7225440000,2.7225440000,2.6874144000,2.6961968000,2892000
2022-03-14 15:00:00,2.6874144000,2.7049792000,2.6786320000,2.6874144000,3903800
2022-03-15 09:45:00,2.6786320000,2.6874144000,2.6259376000,2.6259376000,11765330
2022-03-15 10:00:00,2.6347200000,2.6347200000,2.5908080000,2.6083728000,8946888
2022-03-15 10:15:00,2.5995904000,2.6435024000,2.5995904000,2.6347200000,3759412
2022-03-15 10:30:00,2.6347200000,2.6610672000,2.6171552000,2.6347200000,1982700
2022-03-15 10:45:00,2.6347200000,2.6610672000,2.6259376000,2.6522848000,1877057
2022-03-15 11:00:00,2.6435024000,2.6522848000,2.6171552000,2.6259376000,2458600
2022-03-15 11:15:00,2.6259376000,2.6347200000,2.6171552000,2.6259376000,1287900
2022-03-15 11:30:00,2.6259376000,2.6259376000,2.6083728000,2.6083728000,1304300
2022-03-15 13:15:00,2.6083728000,2.6171552000,2.5908080000,2.5995904000,4032088
2022-03-15 13:30:00,2.5995904000,2.6083728000,2.5820256000,2.5820256000,5413800
2022-03-15 13:45:00,2.5908080000,2.5995904000,2.5732432000,2.5732432000,3821525
2022-03-15 14:00:00,2.5732432000,2.5820256000,2.5556784000,2.5556784000,3019875
2022-03-15 14:15:00,2.5556784000,2.5732432000,2.5468960000,2.5644608000,3815900
2022-03-15 14:30:00,2.5644608000,2.5732432000,2.5381136000,2.5468960000,5550400
2022-03-15 14:45:00,2.5468960000,2.5468960000,2.4854192000,2.5117664000,11381000
2022-03-15 15:00:00,2.5117664000,2.5205488000,2.4678544000,2.4766368000,10311157
2022-03-16 09:45:00,2.5293312000,2.5556784000,2.4678544000,2.4678544000,13718800
2022-03-16 10:00:00,2.4766368000,2.5205488000,2.4678544000,2.5205488000,4655300
2022-03-16 10:15:00,2.5117664000,2.5205488000,2.4766368000,2.4942016000,3681066
2022-03-16 10:30:00,2.4854192000,2.4942016000,2.4415072000,2.4678544000,4994000
2022-03-16 10:45:00,2.4678544000,2.4942016000,2.4678544000,2.4766368000,1756500
2022-03-16 11:00:00,2.4678544000,2.4854192000,2.4590720000,2.4678544000,1026200
2022-03-16 11:15:00,2.4766368000,2.4766368000,2.4415072000,2.4415072000,2550600
2022-03-16 11:30:00,2.4415072000,2.4766368000,2.4327248000,2.4678544000,3588900
2022-03-16 13:15:00,2.4766368000,2.5029840000,2.4678544000,2.4942016000,3067650
2022-03-16 13:30:00,2.4942016000,2.5468960000,2.4854192000,2.5468960000,6372086
2022-03-16 13:45:00,2.5381136000,2.5820256000,2.5381136000,2.5732432000,6018000
2022-03-16 14:00:00,2.5644608000,2.5732432000,2.5556784000,2.5556784000,3136700
2022-03-16 14:15:00,2.5556784000,2.5732432000,2.5556784000,2.5644608000,1587459
2022-03-16 14:30:00,2.5732432000,2.5820256000,2.5644608000,2.5732432000,3151800
2022-03-16 14:45:00,2.5732432000,2.5732432000,2.5644608000,2.5644608000,1709300
2022-03-16 15:00:00,2.5732432000,2.5732432000,2.5556784000,2.5732432000,3002800
2022-03-17 09:45:00,2.5995904000,2.6347200000,2.5644608000,2.5908080000,11256608
2022-03-17 10:00:00,2.5995904000,2.6083728000,2.5820256000,2.5908080000,5862000
2022-03-17 10:15:00,2.5820256000,2.5908080000,2.5644608000,2.5820256000,3052900
2022-03-17 10:30:00,2.5820256000,2.5995904000,2.5732432000,2.5908080000,3359900
2022-03-17 10:45:00,2.5995904000,2.5995904000,2.5732432000,2.5820256000,3147800
2022-03-17 11:00:00,2.5820256000,2.5995904000,2.5732432000,2.5820256000,3279900
2022-03-17 11:15:00,2.5908080000,2.6083728000,2.5820256000,2.6083728000,2265200
2022-03-17 11:30:00,2.6083728000,2.6083728000,2.5908080000,2.5995904000,1533500
2022-03-17 13:15:00,2.5995904000,2.6171552000,2.5995904000,2.6083728000,2738145
2022-03-17 13:30:00,2.5995904000,2.6083728000,2.5908080000,2.5995904000,2225900
2022-03-17 13:45:00,2.5908080000,2.5995904000,2.5820256000,2.5908080000,2853455
2022-03-17 14:00:00,2.5908080000,2.5908080000,2.5732432000,2.5732432000,1767341
2022-03-17 14:15:00,2.5820256000,2.5820256000,2.5644608000,2.5644608000,2820900
2022-03-17 14:30:00,2.5644608000,2.5820256000,2.5644608000,2.5732432000,1394800
2022-03-17 14:45:00,2.5732432000,2.5820256000,2.5556784000,2.5556784000,3556594
2022-03-17 15:00:00,2.5556784000,2.5732432000,2.5556784000,2.5732432000,3190254
2022-03-18 09:45:00,2.5556784000,2.5995904000,2.5468960000,2.5820256000,6456348
2022-03-18 10:00:00,2.5820256000,2.5995904000,2.5732432000,2.5820256000,3840800
2022-03-18 10:15:00,2.5908080000,2.5995904000,2.5732432000,2.5908080000,4740000
2022-03-18 10:30:00,2.5820256000,2.5908080000,2.5732432000,2.5908080000,3587000
2022-03-18 10:45:00,2.5820256000,2.6083728000,2.5820256000,2.5995904000,3199900
2022-03-18 11:00:00,2.5995904000,2.6083728000,2.5908080000,2.5908080000,1280100
2022-03-18 11:15:00,2.5908080000,2.6083728000,2.5908080000,2.5995904000,1586800
2022-03-18 11:30:00,2.5995904000,2.5995904000,2.5820256000,2.5908080000,1020300
2022-03-18 13:15:00,2.5908080000,2.5995904000,2.5820256000,2.5995904000,2414314
2022-03-18 13:30:00,2.5995904000,2.6083728000,2.5908080000,2.5995904000,2703950
2022-03-18 13:45:00,2.5995904000,2.6083728000,2.5908080000,2.6083728000,1628800
2022-03-18 14:00:00,2.6083728000,2.6259376000,2.5995904000,2.6259376000,3902400
2022-03-18 14:15:00,2.6259376000,2.6259376000,2.6083728000,2.6259376000,2403400
2022-03-18 14:30:00,2.6259376000,2.6259376000,2.6171552000,2.6259376000,3718100
2022-03-18 14:45:00,2.6259376000,2.6259376000,2.6171552000,2.6259376000,1632500
2022-03-18 15:00:00,2.6259376000,2.6347200000,2.5995904000,2.5995904000,9127666
2022-03-21 09:45:00,2.6083728000,2.6347200000,2.6083728000,2.6171552000,7544386
2022-03-21 10:00:00,2.6171552000,2.6347200000,2.6083728000,2.6259376000,3689200
2022-03-21 10:15:00,2.6347200000,2.6347200000,2.6171552000,2.6171552000,2281859
2022-03-21 10:30:00,2.6259376000,2.6259376000,2.6171552000,2.6259376000,2050800
2022-03-21 10:45:00,2.6259376000,2.6259376000,2.5995904000,2.6083728000,4116441
2022-03-21 11:00:00,2.6083728000,2.6171552000,2.5995904000,2.6083728000,1753000
2022-03-21 11:15:00,2.6083728000,2.6171552000,2.5995904000,2.6171552000,1362200
2022-03-21 11:30:00,2.6171552000,2.6171552000,2.5995904000,2.5995904000,1062300
2022-03-21 13:15:00,2.5995904000,2.6083728000,2.5820256000,2.5820256000,3529600
2022-03-21 13:30:00,2.5820256000,2.5908080000,2.5732432000,2.5820256000,2019400
2022-03-21 13:45:00,2.5908080000,2.5908080000,2.5732432000,2.5820256000,2217160
2022-03-21 14:00:00,2.5820256000,2.5995904000,2.5732432000,2.5820256000,1827900
2022-03-21 14:15:00,2.5820256000,2.5995904000,2.5820256000,2.5908080000,1203900
2022-03-21 14:30:00,2.5995904000,2.6083728000,2.5908080000,2.5995904000,1832700
2022-03-21 14:45:00,2.5995904000,2.6083728000,2.5908080000,2.5995904000,1393800
2022-03-21 15:00:00,2.5995904000,2.6083728000,2.5995904000,2.5995904000,3053021
2022-03-22 09:45:00,2.5995904000,2.6083728000,2.5820256000,2.5908080000,3319400
2022-03-22 10:00:00,2.5820256000,2.5908080000,2.5732432000,2.5908080000,2025600
2022-03-22 10:15:00,2.5820256000,2.5995904000,2.5820256000,2.5820256000,2308100
2022-03-22 10:30:00,2.5908080000,2.5908080000,2.5732432000,2.5820256000,2383000
2022-03-22 10:45:00,2.5732432000,2.5908080000,2.5644608000,2.5820256000,3828300
2022-03-22 11:00:00,2.5820256000,2.5995904000,2.5820256000,2.5995904000,1775500
2022-03-22 11:15:00,2.5908080000,2.5995904000,2.5820256000,2.5820256000,557200
2022-03-22 11:30:00,2.5820256000,2.5995904000,2.5820256000,2.5908080000,2043477
2022-03-22 13:15:00,2.5995904000,2.6083728000,2.5908080000,2.5995904000,1924300
2022-03-22 13:30:00,2.5995904000,2.6083728000,2.5995904000,2.5995904000,1578100
2022-03-22 13:45:00,2.5995904000,2.6259376000,2.5995904000,2.6171552000,4201102
2022-03-22 14:00:00,2.6171552000,2.6171552000,2.6083728000,2.6171552000,1310700
2022-03-22 14:15:00,2.6083728000,2.6171552000,2.5995904000,2.6083728000,2045900
2022-03-22 14:30:00,2.6083728000,2.6171552000,2.5995904000,2.6083728000,1873000
2022-03-22 14:45:00,2.6083728000,2.6171552000,2.5995904000,2.6083728000,1853300
2022-03-22 15:00:00,2.6083728000,2.6171552000,2.5995904000,2.6083728000,2229100
2022-03-23 09:45:00,2.6083728000,2.6171552000,2.5908080000,2.5995904000,4765421
2022-03-23 10:00:00,2.6083728000,2.6083728000,2.5908080000,2.6083728000,2952441
2022-03-23 10:15:00,2.6083728000,2.6171552000,2.5995904000,2.6083728000,2754000
2022-03-23 10:30:00,2.6171552000,2.6171552000,2.5995904000,2.6171552000,1616000
2022-03-23 10:45:00,2.6171552000,2.6171552000,2.5995904000,2.6171552000,1750200
2022-03-23 11:00:00,2.6171552000,2.6259376000,2.6083728000,2.6171552000,2558100
2022-03-23 11:15:00,2.6171552000,2.6259376000,2.5995904000,2.6083728000,1532175
2022-03-23 11:30:00,2.6083728000,2.6083728000,2.5908080000,2.6083728000,1818725
2022-03-23 13:15:00,2.5995904000,2.6083728000,2.5908080000,2.5995904000,896700
2022-03-23 13:30:00,2.5908080000,2.6083728000,2.5908080000,2.6083728000,1057100
2022-03-23 13:45:00,2.6083728000,2.6171552000,2.6083728000,2.6083728000,2629400
2022-03-23 14:00:00,2.6083728000,2.6171552000,2.6083728000,2.6083728000,1044561
2022-03-23 14:15:00,2.6083728000,2.6083728000,2.5995904000,2.6083728000,1027739
2022-03-23 14:30:00,2.5995904000,2.6171552000,2.5995904000,2.5995904000,1043800
2022-03-23 14:45:00,2.5995904000,2.6171552000,2.5995904000,2.6083728000,1775600
2022-03-23 15:00:00,2.6083728000,2.6171552000,2.5995904000,2.6083728000,1903402
2022-03-24 09:45:00,2.5995904000,2.6083728000,2.5820256000,2.5995904000,4067100
2022-03-24 10:00:00,2.5995904000,2.6083728000,2.5908080000,2.5995904000,1302700
2022-03-24 10:15:00,2.5908080000,2.5995904000,2.5820256000,2.5820256000,2306060
2022-03-24 10:30:00,2.5820256000,2.5995904000,2.5732432000,2.5908080000,1856140
2022-03-24 10:45:00,2.5908080000,2.5995904000,2.5732432000,2.5820256000,1835700
2022-03-24 11:00:00,2.5820256000,2.5908080000,2.5732432000,2.5908080000,735900
2022-03-24 11:15:00,2.5908080000,2.5995904000,2.5820256000,2.5820256000,1084200
2022-03-24 11:30:00,2.5820256000,2.5995904000,2.5820256000,2.5995904000,1016800
2022-03-24 13:15:00,2.5908080000,2.5995904000,2.5820256000,2.5908080000,1288600
2022-03-24 13:30:00,2.5908080000,2.5908080000,2.5732432000,2.5908080000,909200
2022-03-24 13:45:00,2.5908080000,2.6083728000,2.5820256000,2.5995904000,1920000
2022-03-24 14:00:00,2.5995904000,2.6083728000,2.5908080000,2.5908080000,766800
2022-03-24 14:15:00,2.5995904000,2.5995904000,2.5820256000,2.5908080000,1385600
2022-03-24 14:30:00,2.5820256000,2.5995904000,2.5820256000,2.5908080000,1318300
2022-03-24 14:45:00,2.5908080000,2.5995904000,2.5820256000,2.5908080000,2412700
2022-03-24 15:00:00,2.5820256000,2.5908080000,2.5820256000,2.5908080000,2139500
2022-03-25 09:45:00,2.5995904000,2.5995904000,2.5732432000,2.5908080000,3944840
2022-03-25 10:00:00,2.5908080000,2.5908080000,2.5732432000,2.5820256000,3184690
2022-03-25 10:15:00,2.5732432000,2.5995904000,2.5732432000,2.5995904000,3394700
2022-03-25 10:30:00,2.5995904000,2.5995904000,2.5820256000,2.5908080000,1635100
2022-03-25 10:45:00,2.5908080000,2.6083728000,2.5820256000,2.5995904000,3071800
2022-03-25 11:00:00,2.5995904000,2.6083728000,2.5995904000,2.6083728000,1707600
2022-03-25 11:15:00,2.5995904000,2.6083728000,2.5908080000,2.5995904000,987900
2022-03-25 11:30:00,2.5995904000,2.5995904000,2.5820256000,2.5995904000,1516200
2022-03-25 13:15:00,2.5995904000,2.5995904000,2.5732432000,2.5820256000,2205400
2022-03-25 13:30:00,2.5732432000,2.5820256000,2.5732432000,2.5820256000,1127000
2022-03-25 13:45:00,2.5820256000,2.5820256000,2.5644608000,2.5644608000,2784035
2022-03-25 14:00:00,2.5732432000,2.5732432000,2.5556784000,2.5732432000,2562800
2022-03-25 14:15:00,2.5644608000,2.5732432000,2.5556784000,2.5732432000,2168000
2022-03-25 14:30:00,2.5732432000,2.5732432000,2.5644608000,2.5732432000,1018700
2022-03-25 14:45:00,2.5732432000,2.5732432000,2.5556784000,2.5644608000,1919200
2022-03-25 15:00:00,2.5556784000,2.5732432000,2.5556784000,2.5644608000,2718500
2022-03-28 09:45:00,2.5468960000,2.5468960000,2.4854192000,2.5205488000,7447300
2022-03-28 10:00:00,2.5117664000,2.5381136000,2.4942016000,2.5381136000,4538100
2022-03-28 10:15:00,2.5381136000,2.5820256000,2.5293312000,2.5644608000,4249040
2022-03-28 10:30:00,2.5732432000,2.5908080000,2.5644608000,2.5820256000,3188200
2022-03-28 10:45:00,2.5908080000,2.6083728000,2.5820256000,2.6083728000,2552500
2022-03-28 11:00:00,2.6083728000,2.6171552000,2.5995904000,2.6083728000,3549800
2022-03-28 11:15:00,2.6171552000,2.6259376000,2.6083728000,2.6171552000,2884966
2022-03-28 11:30:00,2.6171552000,2.6171552000,2.5995904000,2.6083728000,1661900
2022-03-28 13:15:00,2.5995904000,2.6083728000,2.5908080000,2.5995904000,2356610
2022-03-28 13:30:00,2.5995904000,2.6259376000,2.5908080000,2.6171552000,3493718
2022-03-28 13:45:00,2.6171552000,2.6259376000,2.6083728000,2.6171552000,2005800
2022-03-28 14:00:00,2.6171552000,2.6259376000,2.6083728000,2.6259376000,1716781
2022-03-28 14:15:00,2.6259376000,2.6259376000,2.6083728000,2.6171552000,2187900
2022-03-28 14:30:00,2.6171552000,2.6171552000,2.5995904000,2.6083728000,2291200
2022-03-28 14:45:00,2.6083728000,2.6171552000,2.5995904000,2.6171552000,1782300
2022-03-28 15:00:00,2.6083728000,2.6259376000,2.6083728000,2.6171552000,3468200
2022-03-29 09:45:00,2.6259376000,2.6347200000,2.6083728000,2.6347200000,5855477
2022-03-29 10:00:00,2.6347200000,2.6961968000,2.6171552000,2.6786320000,11445784
2022-03-29 10:15:00,2.6786320000,2.6786320000,2.6435024000,2.6435024000,4956500
2022-03-29 10:30:00,2.6522848000,2.6522848000,2.6259376000,2.6259376000,2948100
2022-03-29 10:45:00,2.6259376000,2.6435024000,2.6171552000,2.6347200000,2338000
2022-03-29 11:00:00,2.6435024000,2.6522848000,2.6259376000,2.6435024000,1309500
2022-03-29 11:15:00,2.6347200000,2.6435024000,2.6259376000,2.6347200000,1257500
2022-03-29 11:30:00,2.6347200000,2.6347200000,2.6259376000,2.6259376000,789300
2022-03-29 13:15:00,2.6259376000,2.6347200000,2.6171552000,2.6347200000,1857100
2022-03-29 13:30:00,2.6259376000,2.6522848000,2.6259376000,2.6347200000,1313100
2022-03-29 13:45:00,2.6347200000,2.6435024000,2.6347200000,2.6347200000,878600
2022-03-29 14:00:00,2.6347200000,2.6435024000,2.6259376000,2.6347200000,1154700
2022-03-29 14:15:00,2.6259376000,2.6435024000,2.6259376000,2.6347200000,802800
2022-03-29 14:30:00,2.6435024000,2.6435024000,2.6259376000,2.6347200000,1323200
2022-03-29 14:45:00,2.6347200000,2.6347200000,2.6259376000,2.6259376000,1132100
2022-03-29 15:00:00,2.6347200000,2.6435024000,2.6259376000,2.6435024000,3282518
2022-03-30 09:45:00,2.6522848000,2.6522848000,2.6171552000,2.6171552000,5936300
2022-03-30 10:00:00,2.6171552000,2.6259376000,2.6083728000,2.6259376000,4885600
2022-03-30 10:15:00,2.6171552000,2.6435024000,2.6083728000,2.6347200000,4283300
2022-03-30 10:30:00,2.6347200000,2.6522848000,2.6259376000,2.6435024000,3235500
2022-03-30 10:45:00,2.6435024000,2.6522848000,2.6347200000,2.6435024000,1520000
2022-03-30 11:00:00,2.6435024000,2.6522848000,2.6347200000,2.6347200000,2164500
2022-03-30 11:15:00,2.6347200000,2.6610672000,2.6347200000,2.6522848000,3157085
2022-03-30 11:30:00,2.6522848000,2.6698496000,2.6435024000,2.6698496000,1960400
2022-03-30 13:15:00,2.6698496000,2.6698496000,2.6522848000,2.6610672000,2375900
2022-03-30 13:30:00,2.6610672000,2.6610672000,2.6522848000,2.6522848000,1331600
2022-03-30 13:45:00,2.6522848000,2.6698496000,2.6522848000,2.6698496000,2183800
2022-03-30 14:00:00,2.6698496000,2.6698496000,2.6610672000,2.6610672000,2057900
2022-03-30 14:15:00,2.6610672000,2.6698496000,2.6522848000,2.6610672000,2778824
2022-03-30 14:30:00,2.6698496000,2.6698496000,2.6522848000,2.6610672000,1915376
2022-03-30 14:45:00,2.6698496000,2.6698496000,2.6522848000,2.6610672000,2000400
2022-03-30 15:00:00,2.6698496000,2.6698496000,2.6522848000,2.6610672000,3412300
2022-03-31 09:45:00,2.7752384000,2.8015856000,2.7313264000,2.7752384000,31286542
2022-03-31 10:00:00,2.7664560000,2.8191504000,2.7664560000,2.8191504000,16850000
2022-03-31 10:15:00,2.8191504000,2.8279328000,2.7928032000,2.8015856000,8369389
2022-03-31 10:30:00,2.8015856000,2.8103680000,2.7840208000,2.8015856000,5302420
2022-03-31 10:45:00,2.8015856000,2.8191504000,2.7928032000,2.8103680000,6014141
2022-03-31 11:00:00,2.8103680000,2.8279328000,2.8103680000,2.8103680000,6803200
2022-03-31 11:15:00,2.8103680000,2.8191504000,2.8015856000,2.8103680000,2621800
2022-03-31 11:30:00,2.8103680000,2.8191504000,2.8103680000,2.8191504000,1805600
2022-03-31 13:15:00,2.8191504000,2.8718448000,2.8191504000,2.8718448000,15502420
2022-03-31 13:30:00,2.8718448000,2.9245392000,2.8630624000,2.9245392000,30511800
2022-03-31 13:45:00,2.9245392000,2.9245392000,2.9245392000,2.9245392000,11342321
2022-03-31 14:00:00,2.9245392000,2.9245392000,2.8894096000,2.8894096000,15917379
2022-03-31 14:15:00,2.8981920000,2.9069744000,2.8894096000,2.9069744000,5595400
2022-03-31 14:30:00,2.8981920000,2.9157568000,2.8981920000,2.9069744000,5872900
2022-03-31 14:45:00,2.9069744000,2.9157568000,2.8894096000,2.8981920000,6449100
2022-03-31 15:00:00,2.8894096000,2.9069744000,2.8894096000,2.8981920000,9719499
2022-04-01 09:45:00,2.8981920000,2.9772336000,2.8630624000,2.9684512000,50267578
2022-04-01 10:00:00,2.9684512000,2.9772336000,2.9333216000,2.9421040000,16033055
2022-04-01 10:15:00,2.9421040000,2.9772336000,2.9421040000,2.9508864000,14167876
2022-04-01 10:30:00,2.9421040000,2.9684512000,2.9333216000,2.9508864000,10703010
2022-04-01 10:45:00,2.9508864000,3.0123632000,2.9508864000,2.9947984000,19005546
2022-04-01 11:00:00,2.9947984000,3.1177520000,2.9772336000,3.0738400000,41255265
2022-04-01 11:15:00,3.0826224000,3.0826224000,3.0035808000,3.0299280000,15852466
2022-04-01 11:30:00,3.0299280000,3.0387104000,2.9947984000,3.0035808000,6483990
2022-04-01 13:15:00,3.0035808000,3.0123632000,2.9684512000,2.9860160000,9889476
2022-04-01 13:30:00,2.9860160000,3.0035808000,2.9772336000,2.9860160000,6581000
2022-04-01 13:45:00,2.9860160000,2.9860160000,2.9508864000,2.9860160000,14385342
2022-04-01 14:00:00,2.9860160000,3.0211456000,2.9772336000,2.9860160000,9429010
2022-04-01 14:15:00,2.9860160000,3.0035808000,2.9772336000,2.9947984000,9017600
2022-04-01 14:30:00,2.9860160000,2.9947984000,2.9684512000,2.9772336000,5483400
2022-04-01 14:45:00,2.9684512000,3.0035808000,2.9684512000,2.9947984000,14641100
2022-04-01 15:00:00,3.0035808000,3.0299280000,2.9947984000,3.0211456000,14560700
2022-04-06 09:45:00,2.9508864000,2.9772336000,2.8894096000,2.8981920000,32886000
2022-04-06 10:00:00,2.9069744000,2.9245392000,2.8806272000,2.9069744000,16805210
2022-04-06 10:15:00,2.9069744000,2.9157568000,2.8894096000,2.8894096000,7344600
2022-04-06 10:30:00,2.8894096000,2.9157568000,2.8894096000,2.8981920000,7049700
2022-04-06 10:45:00,2.8981920000,2.9157568000,2.8894096000,2.9157568000,6597747
2022-04-06 11:00:00,2.9157568000,2.9333216000,2.9069744000,2.9245392000,6422700
2022-04-06 11:15:00,2.9245392000,2.9333216000,2.9157568000,2.9333216000,3532300
2022-04-06 11:30:00,2.9333216000,2.9333216000,2.9157568000,2.9333216000,2373853
2022-04-06 13:15:00,2.9245392000,2.9421040000,2.9157568000,2.9333216000,4881800
2022-04-06 13:30:00,2.9245392000,2.9421040000,2.9245392000,2.9333216000,4035700
2022-04-06 13:45:00,2.9245392000,2.9508864000,2.9157568000,2.9421040000,5864700
2022-04-06 14:00:00,2.9421040000,2.9421040000,2.9245392000,2.9333216000,3892500
2022-04-06 14:15:00,2.9333216000,2.9421040000,2.9245392000,2.9245392000,4180824
2022-04-06 14:30:00,2.9245392000,2.9333216000,2.9157568000,2.9245392000,4486400
2022-04-06 14:45:00,2.9245392000,2.9333216000,2.9245392000,2.9333216000,4926800
2022-04-06 15:00:00,2.9333216000,2.9596688000,2.9245392000,2.9508864000,10067514
2022-04-07 09:45:00,2.9508864000,2.9860160000,2.9157568000,2.9684512000,19552800
2022-04-07 10:00:00,2.9684512000,2.9860160000,2.9508864000,2.9596688000,7617741
2022-04-07 10:15:00,2.9508864000,2.9596688000,2.9245392000,2.9245392000,7670100
2022-04-07 10:30:00,2.9333216000,2.9508864000,2.9245392000,2.9421040000,3445500
2022-04-07 10:45:00,2.9508864000,2.9596688000,2.9157568000,2.9157568000,5509900
2022-04-07 11:00:00,2.9245392000,2.9333216000,2.9157568000,2.9157568000,2435600
2022-04-07 11:15:00,2.9245392000,2.9333216000,2.9069744000,2.9069744000,3078500
2022-04-07 11:30:00,2.9069744000,2.9245392000,2.9069744000,2.9157568000,3226100
2022-04-07 13:15:00,2.9069744000,2.9157568000,2.8981920000,2.9157568000,4182399
2022-04-07 13:30:00,2.9069744000,2.9157568000,2.8981920000,2.9157568000,3109000
2022-04-07 13:45:00,2.9069744000,2.9157568000,2.8981920000,2.9069744000,4057100
2022-04-07 14:00:00,2.8981920000,2.9157568000,2.8894096000,2.9069744000,4921000
2022-04-07 14:15:00,2.9157568000,2.9245392000,2.9069744000,2.9069744000,2827400
2022-04-07 14:30:00,2.9157568000,2.9157568000,2.8981920000,2.9069744000,3890400
2022-04-07 14:45:00,2.9069744000,2.9157568000,2.8894096000,2.9069744000,3963300
2022-04-07 15:00:00,2.8981920000,2.9069744000,2.8894096000,2.8894096000,5742500
2022-04-08 09:45:00,2.9157568000,2.9333216000,2.8806272000,2.8894096000,11737198
2022-04-08 10:00:00,2.8894096000,2.9069744000,2.8630624000,2.8630624000,5546000
2022-04-08 10:15:00,2.8718448000,2.8718448000,2.8279328000,2.8367152000,7629600
2022-04-08 10:30:00,2.8367152000,2.8542800000,2.8191504000,2.8454976000,7284201
2022-04-08 10:45:00,2.8542800000,2.8718448000,2.8454976000,2.8718448000,4911400
2022-04-08 11:00:00,2.8718448000,2.8718448000,2.8454976000,2.8542800000,2463500
2022-04-08 11:15:00,2.8454976000,2.8630624000,2.8367152000,2.8454976000,2979200
2022-04-08 11:30:00,2.8454976000,2.8630624000,2.8367152000,2.8542800000,1670000
2022-04-08 13:15:00,2.8542800000,2.8718448000,2.8454976000,2.8630624000,1843800
2022-04-08 13:30:00,2.8630624000,2.8894096000,2.8630624000,2.8718448000,3703100
2022-04-08 13:45:00,2.8806272000,2.8894096000,2.8718448000,2.8806272000,2284719
2022-04-08 14:00:00,2.8806272000,2.8806272000,2.8630624000,2.8718448000,2681600
2022-04-08 14:15:00,2.8806272000,2.8806272000,2.8718448000,2.8718448000,1865400
2022-04-08 14:30:00,2.8806272000,2.8894096000,2.8718448000,2.8806272000,2247600
2022-04-08 14:45:00,2.8806272000,2.8981920000,2.8806272000,2.8894096000,2577102
2022-04-08 15:00:00,2.8981920000,2.8981920000,2.8718448000,2.8894096000,4877212
2022-04-11 09:45:00,2.9069744000,2.9245392000,2.8718448000,2.8806272000,13371800
2022-04-11 10:00:00,2.8718448000,2.8894096000,2.8630624000,2.8806272000,4114300
2022-04-11 10:15:00,2.8806272000,2.8894096000,2.8542800000,2.8542800000,4274200
2022-04-11 10:30:00,2.8542800000,2.8630624000,2.8367152000,2.8367152000,4876300
2022-04-11 10:45:00,2.8454976000,2.8454976000,2.8279328000,2.8367152000,4068000
2022-04-11 11:00:00,2.8454976000,2.8454976000,2.8191504000,2.8279328000,3709500
2022-04-11 11:15:00,2.8279328000,2.8367152000,2.8191504000,2.8367152000,2884500
2022-04-11 11:30:00,2.8367152000,2.8454976000,2.8103680000,2.8367152000,2956100
2022-04-11 13:15:00,2.8454976000,2.8542800000,2.8367152000,2.8367152000,1797540
2022-04-11 13:30:00,2.8367152000,2.8454976000,2.8279328000,2.8454976000,2131100
2022-04-11 13:45:00,2.8367152000,2.8454976000,2.8279328000,2.8367152000,1697300
2022-04-11 14:00:00,2.8279328000,2.8454976000,2.8279328000,2.8454976000,2521700
2022-04-11 14:15:00,2.8454976000,2.8454976000,2.8191504000,2.8279328000,2192700
2022-04-11 14:30:00,2.8279328000,2.8279328000,2.8191504000,2.8279328000,3556500
2022-04-11 14:45:00,2.8279328000,2.8279328000,2.8103680000,2.8191504000,4637402
2022-04-11 15:00:00,2.8191504000,2.8367152000,2.8191504000,2.8191504000,3597600
2022-04-12 09:45:00,2.8103680000,2.8367152000,2.7840208000,2.7928032000,11137510
2022-04-12 10:00:00,2.7928032000,2.8191504000,2.7928032000,2.8015856000,4272360
2022-04-12 10:15:00,2.7928032000,2.8279328000,2.7928032000,2.8279328000,3184808
2022-04-12 10:30:00,2.8279328000,2.8279328000,2.8015856000,2.8191504000,3791492
2022-04-12 10:45:00,2.8191504000,2.8367152000,2.8103680000,2.8191504000,2956500
2022-04-12 11:00:00,2.8191504000,2.8279328000,2.8015856000,2.8103680000,2296000
2022-04-12 11:15:00,2.8015856000,2.8103680000,2.7928032000,2.8015856000,1567900
2022-04-12 11:30:00,2.8103680000,2.8191504000,2.7928032000,2.8103680000,2305823
2022-04-12 13:15:00,2.8103680000,2.8630624000,2.8103680000,2.8542800000,6718700
2022-04-12 13:30:00,2.8542800000,2.8718448000,2.8454976000,2.8630624000,3738900
2022-04-12 13:45:00,2.8630624000,2.8981920000,2.8542800000,2.8894096000,7261100
2022-04-12 14:00:00,2.8894096000,2.9157568000,2.8806272000,2.9157568000,5515200
2022-04-12 14:15:00,2.9157568000,2.9157568000,2.8894096000,2.9069744000,4262900
2022-04-12 14:30:00,2.9069744000,2.9069744000,2.8894096000,2.8981920000,3296200
2022-04-12 14:45:00,2.8981920000,2.9069744000,2.8894096000,2.8981920000,3589300
2022-04-12 15:00:00,2.8894096000,2.9069744000,2.8806272000,2.9069744000,6223368
2022-04-13 09:45:00,2.8981920000,2.8981920000,2.8542800000,2.8806272000,9143900
2022-04-13 10:00:00,2.8806272000,2.9245392000,2.8630624000,2.9245392000,7882910
2022-04-13 10:15:00,2.9245392000,2.9245392000,2.8806272000,2.8894096000,9091600
2022-04-13 10:30:00,2.8894096000,2.9157568000,2.8806272000,2.9069744000,5616100
2022-04-13 10:45:00,2.9157568000,2.9157568000,2.8981920000,2.9069744000,3328400
2022-04-13 11:00:00,2.9069744000,2.9157568000,2.8981920000,2.9069744000,3222100
2022-04-13 11:15:00,2.9069744000,2.9245392000,2.9069744000,2.9157568000,5066100
2022-04-13 11:30:00,2.9157568000,2.9333216000,2.9157568000,2.9245392000,2879400
2022-04-13 13:15:00,2.9245392000,2.9333216000,2.9069744000,2.9245392000,4398500
2022-04-13 13:30:00,2.9245392000,2.9333216000,2.9157568000,2.9245392000,2207500
2022-04-13 13:45:00,2.9245392000,2.9333216000,2.9157568000,2.9245392000,4116301
2022-04-13 14:00:00,2.9245392000,2.9508864000,2.9245392000,2.9421040000,7120701
2022-04-13 14:15:00,2.9333216000,2.9421040000,2.9157568000,2.9245392000,3679900
2022-04-13 14:30:00,2.9245392000,2.9245392000,2.9069744000,2.9245392000,4047100
2022-04-13 14:45:00,2.9245392000,2.9245392000,2.8981920000,2.9157568000,4490500
2022-04-13 15:00:00,2.9157568000,2.9157568000,2.8981920000,2.9069744000,4136900
2022-04-14 09:45:00,2.9069744000,2.9245392000,2.8894096000,2.9069744000,7512455
2022-04-14 10:00:00,2.9069744000,2.9245392000,2.8981920000,2.8981920000,5030000
2022-04-14 10:15:00,2.8981920000,2.9333216000,2.8894096000,2.9157568000,5831900
2022-04-14 10:30:00,2.9157568000,2.9245392000,2.9069744000,2.9069744000,3096900
2022-04-14 10:45:00,2.9069744000,2.9157568000,2.8981920000,2.9069744000,2595000
2022-04-14 11:00:00,2.9069744000,2.9157568000,2.8981920000,2.9069744000,1649500
2022-04-14 11:15:00,2.9069744000,2.9157568000,2.9069744000,2.9157568000,2022500
2022-04-14 11:30:00,2.9069744000,2.9245392000,2.9069744000,2.9157568000,1127600
2022-04-14 13:15:00,2.9157568000,2.9245392000,2.9069744000,2.9157568000,1772000
2022-04-14 13:30:00,2.9157568000,2.9245392000,2.9069744000,2.9157568000,3427900
2022-04-14 13:45:00,2.9157568000,2.9245392000,2.9157568000,2.9245392000,2887800
2022-04-14 14:00:00,2.9245392000,2.9333216000,2.9157568000,2.9157568000,2871408
2022-04-14 14:15:00,2.9157568000,2.9245392000,2.9157568000,2.9157568000,1203100
2022-04-14 14:30:00,2.9245392000,2.9245392000,2.9157568000,2.9157568000,3123800
2022-04-14 14:45:00,2.9245392000,2.9245392000,2.9069744000,2.9157568000,1988600
2022-04-14 15:00:00,2.9069744000,2.9157568000,2.8981920000,2.9069744000,4315201
2022-04-15 09:45:00,2.8894096000,2.9157568000,2.8718448000,2.8894096000,7716325
2022-04-15 10:00:00,2.8806272000,2.8981920000,2.8718448000,2.8806272000,4187300
2022-04-15 10:15:00,2.8806272000,2.8894096000,2.8718448000,2.8718448000,4359600
2022-04-15 10:30:00,2.8718448000,2.8894096000,2.8718448000,2.8718448000,2888200
2022-04-15 10:45:00,2.8718448000,2.8894096000,2.8718448000,2.8718448000,3051700
2022-04-15 11:00:00,2.8718448000,2.8806272000,2.8542800000,2.8542800000,4023600
2022-04-15 11:15:00,2.8542800000,2.8630624000,2.8454976000,2.8630624000,2939000
2022-04-15 11:30:00,2.8542800000,2.8630624000,2.8454976000,2.8542800000,1689800
2022-04-15 13:15:00,2.8542800000,2.8806272000,2.8454976000,2.8718448000,2844300
2022-04-15 13:30:00,2.8718448000,2.8806272000,2.8630624000,2.8718448000,2167100
2022-04-15 13:45:00,2.8718448000,2.8806272000,2.8630624000,2.8806272000,2040300
2022-04-15 14:00:00,2.8806272000,2.8806272000,2.8542800000,2.8630624000,2981300
2022-04-15 14:15:00,2.8542800000,2.8718448000,2.8542800000,2.8630624000,1657200
2022-04-15 14:30:00,2.8542800000,2.8630624000,2.8454976000,2.8542800000,1884800
2022-04-15 14:45:00,2.8542800000,2.8542800000,2.8367152000,2.8542800000,2695200
2022-04-15 15:00:00,2.8542800000,2.8542800000,2.8367152000,2.8454976000,4329009
2022-04-18 09:45:00,2.8454976000,2.8542800000,2.7840208000,2.8191504000,7874727
2022-04-18 10:00:00,2.8191504000,2.8367152000,2.8103680000,2.8191504000,3318075
2022-04-18 10:15:00,2.8279328000,2.8279328000,2.8015856000,2.8191504000,3296400
2022-04-18 10:30:00,2.8103680000,2.8279328000,2.8103680000,2.8191504000,2430800
2022-04-18 10:45:00,2.8103680000,2.8367152000,2.8103680000,2.8191504000,2818500
2022-04-18 11:00:00,2.8279328000,2.8279328000,2.8103680000,2.8191504000,1547500
2022-04-18 11:15:00,2.8103680000,2.8191504000,2.8015856000,2.8015856000,1866100
2022-04-18 11:30:00,2.8015856000,2.8191504000,2.8015856000,2.8103680000,1380200
2022-04-18 13:15:00,2.8015856000,2.8191504000,2.8015856000,2.8103680000,1982800
2022-04-18 13:30:00,2.8103680000,2.8191504000,2.8015856000,2.8103680000,1425000
2022-04-18 13:45:00,2.8103680000,2.8191504000,2.8103680000,2.8103680000,2179800
2022-04-18 14:00:00,2.8103680000,2.8191504000,2.8015856000,2.8015856000,1481500
2022-04-18 14:15:00,2.8015856000,2.8191504000,2.8015856000,2.8103680000,1802400
2022-04-18 14:30:00,2.8191504000,2.8191504000,2.8015856000,2.8015856000,1834600
2022-04-18 14:45:00,2.8015856000,2.8103680000,2.8015856000,2.8103680000,2092400
2022-04-18 15:00:00,2.8015856000,2.8103680000,2.8015856000,2.8103680000,2443660
2022-04-19 09:45:00,2.8191504000,2.8367152000,2.8015856000,2.8279328000,7005000
2022-04-19 10:00:00,2.8279328000,2.8279328000,2.8015856000,2.8103680000,2945801
2022-04-19 10:15:00,2.8103680000,2.8191504000,2.8015856000,2.8103680000,1908000
2022-04-19 10:30:00,2.8015856000,2.8191504000,2.8015856000,2.8103680000,2156300
2022-04-19 10:45:00,2.8015856000,2.8103680000,2.7928032000,2.8103680000,2957100
2022-04-19 11:00:00,2.8015856000,2.8191504000,2.8015856000,2.8103680000,2011400
2022-04-19 11:15:00,2.8015856000,2.8191504000,2.8015856000,2.8103680000,1198500
2022-04-19 11:30:00,2.8103680000,2.8191504000,2.8015856000,2.8191504000,1199900
2022-04-19 13:15:00,2.8103680000,2.8279328000,2.8015856000,2.8103680000,2024400
2022-04-19 13:30:00,2.8103680000,2.8103680000,2.7928032000,2.8015856000,2921200
2022-04-19 13:45:00,2.8015856000,2.8015856000,2.7840208000,2.7928032000,2345000
2022-04-19 14:00:00,2.7928032000,2.8015856000,2.7840208000,2.7928032000,1810000
2022-04-19 14:15:00,2.7928032000,2.8015856000,2.7840208000,2.8015856000,1477700
2022-04-19 14:30:00,2.8015856000,2.8103680000,2.7928032000,2.8015856000,1597700
2022-04-19 14:45:00,2.8015856000,2.8103680000,2.7928032000,2.8015856000,1651800
2022-04-19 15:00:00,2.8015856000,2.8103680000,2.8015856000,2.8103680000,3446741
2022-04-20 09:45:00,2.8279328000,2.9157568000,2.8191504000,2.8981920000,21778066
2022-04-20 10:00:00,2.8981920000,2.8981920000,2.8542800000,2.8630624000,6322500
2022-04-20 10:15:00,2.8630624000,2.8630624000,2.8367152000,2.8454976000,4259068
2022-04-20 10:30:00,2.8542800000,2.8542800000,2.8367152000,2.8367152000,1957300
2022-04-20 10:45:00,2.8454976000,2.8454976000,2.8279328000,2.8454976000,3429024
2022-04-20 11:00:00,2.8454976000,2.8542800000,2.8279328000,2.8367152000,1666100
2022-04-20 11:15:00,2.8367152000,2.8542800000,2.8279328000,2.8454976000,1329200
2022-04-20 11:30:00,2.8454976000,2.8542800000,2.8367152000,2.8542800000,1233683
2022-04-20 13:15:00,2.8542800000,2.8630624000,2.8454976000,2.8542800000,1834600
2022-04-20 13:30:00,2.8630624000,2.8630624000,2.8367152000,2.8454976000,2474900
2022-04-20 13:45:00,2.8454976000,2.8542800000,2.8367152000,2.8454976000,801800
2022-04-20 14:00:00,2.8367152000,2.8454976000,2.8191504000,2.8279328000,4237417
2022-04-20 14:15:00,2.8367152000,2.8367152000,2.8191504000,2.8279328000,2251100
2022-04-20 14:30:00,2.8279328000,2.8279328000,2.8015856000,2.8015856000,4610100
2022-04-20 14:45:00,2.8015856000,2.8191504000,2.8015856000,2.8015856000,3388901
2022-04-20 15:00:00,2.8103680000,2.8191504000,2.8015856000,2.8103680000,3802254
2022-04-21 09:45:00,2.7928032000,2.8015856000,2.7313264000,2.7488912000,10924700
2022-04-21 10:00:00,2.7576736000,2.7928032000,2.7488912000,2.7664560000,7083624
2022-04-21 10:15:00,2.7752384000,2.7752384000,2.7225440000,2.7401088000,6653600
2022-04-21 10:30:00,2.7401088000,2.7664560000,2.7313264000,2.7401088000,3529725
2022-04-21 10:45:00,2.7488912000,2.7664560000,2.7401088000,2.7488912000,2019300
2022-04-21 11:00:00,2.7488912000,2.7488912000,2.7225440000,2.7401088000,2947975
2022-04-21 11:15:00,2.7401088000,2.7488912000,2.7225440000,2.7313264000,2631601
2022-04-21 11:30:00,2.7313264000,2.7313264000,2.7049792000,2.7049792000,4445599
2022-04-21 13:15:00,2.7049792000,2.7488912000,2.7049792000,2.7401088000,4608756
2022-04-21 13:30:00,2.7401088000,2.7576736000,2.7313264000,2.7313264000,2564600
2022-04-21 13:45:00,2.7401088000,2.7401088000,2.7137616000,2.7225440000,2891600
2022-04-21 14:00:00,2.7225440000,2.7313264000,2.7049792000,2.7137616000,4190810
2022-04-21 14:15:00,2.7137616000,2.7137616000,2.6961968000,2.6961968000,3230290
2022-04-21 14:30:00,2.6961968000,2.7137616000,2.6874144000,2.7049792000,3287510
2022-04-21 14:45:00,2.7137616000,2.7225440000,2.6786320000,2.6874144000,3780590
2022-04-21 15:00:00,2.6874144000,2.7049792000,2.6874144000,2.6961968000,4550503
2022-04-22 09:45:00,2.6698496000,2.7488912000,2.6610672000,2.7313264000,10438373
2022-04-22 10:00:00,2.7313264000,2.7664560000,2.7137616000,2.7576736000,9709112
2022-04-22 10:15:00,2.7576736000,2.8015856000,2.7401088000,2.7752384000,8708891
2022-04-22 10:30:00,2.7840208000,2.7928032000,2.7488912000,2.7576736000,5005700
2022-04-22 10:45:00,2.7488912000,2.7576736000,2.7313264000,2.7488912000,3187900
2022-04-22 11:00:00,2.7488912000,2.7664560000,2.7313264000,2.7313264000,1848600
2022-04-22 11:15:00,2.7401088000,2.7576736000,2.7313264000,2.7576736000,1225000
2022-04-22 11:30:00,2.7576736000,2.7752384000,2.7488912000,2.7664560000,2463500
2022-04-22 13:15:00,2.7664560000,2.7840208000,2.7664560000,2.7664560000,2975100
2022-04-22 13:30:00,2.7664560000,2.7840208000,2.7664560000,2.7752384000,3156400
2022-04-22 13:45:00,2.7752384000,2.8191504000,2.7752384000,2.8015856000,6638800
2022-04-22 14:00:00,2.8103680000,2.8279328000,2.8015856000,2.8191504000,5150600
2022-04-22 14:15:00,2.8191504000,2.8191504000,2.8015856000,2.8103680000,2979900
2022-04-22 14:30:00,2.8103680000,2.8103680000,2.7840208000,2.7928032000,2163265
2022-04-22 14:45:00,2.7840208000,2.7928032000,2.7840208000,2.7928032000,2507634
2022-04-22 15:00:00,2.7928032000,2.8103680000,2.7840208000,2.8015856000,4565726
2022-04-25 09:45:00,2.7928032000,2.7928032000,2.6786320000,2.6961968000,17005679
2022-04-25 10:00:00,2.6874144000,2.6961968000,2.6698496000,2.6874144000,7038348
2022-04-25 10:15:00,2.6874144000,2.6961968000,2.6698496000,2.6698496000,5895100
2022-04-25 10:30:00,2.6786320000,2.6874144000,2.6435024000,2.6610672000,7053900
2022-04-25 10:45:00,2.6698496000,2.6786320000,2.6610672000,2.6610672000,2908900
2022-04-25 11:00:00,2.6610672000,2.6698496000,2.6435024000,2.6522848000,2862100
2022-04-25 11:15:00,2.6522848000,2.6874144000,2.6435024000,2.6874144000,2848100
2022-04-25 11:30:00,2.6874144000,2.6961968000,2.6698496000,2.6698496000,1341328
2022-04-25 13:15:00,2.6786320000,2.6786320000,2.6610672000,2.6610672000,2248700
2022-04-25 13:30:00,2.6610672000,2.7049792000,2.6522848000,2.6874144000,5057013
2022-04-25 13:45:00,2.6961968000,2.6961968000,2.6522848000,2.6610672000,3039600
2022-04-25 14:00:00,2.6610672000,2.6698496000,2.6435024000,2.6435024000,3468400
2022-04-25 14:15:00,2.6435024000,2.6522848000,2.6083728000,2.6171552000,8584700
2022-04-25 14:30:00,2.6171552000,2.6610672000,2.6171552000,2.6435024000,2762400
2022-04-25 14:45:00,2.6435024000,2.6522848000,2.6171552000,2.6171552000,3708100
2022-04-25 15:00:00,2.6171552000,2.6259376000,2.6083728000,2.6083728000,5498260
2022-04-26 09:45:00,2.5908080000,2.6259376000,2.5556784000,2.5908080000,11211769
2022-04-26 10:00:00,2.5908080000,2.5908080000,2.5468960000,2.5556784000,6925831
2022-04-26 10:15:00,2.5556784000,2.5732432000,2.5468960000,2.5556784000,4697200
2022-04-26 10:30:00,2.5468960000,2.5908080000,2.5381136000,2.5820256000,4025000
2022-04-26 10:45:00,2.5820256000,2.6259376000,2.5820256000,2.6171552000,4727400
2022-04-26 11:00:00,2.6171552000,2.6259376000,2.5908080000,2.5908080000,2163000
2022-04-26 11:15:00,2.5908080000,2.6171552000,2.5908080000,2.6083728000,1284600
2022-04-26 11:30:00,2.6083728000,2.6259376000,2.6083728000,2.6171552000,1665147
2022-04-26 13:15:00,2.6259376000,2.6259376000,2.5995904000,2.6083728000,1706253
2022-04-26 13:30:00,2.6083728000,2.6083728000,2.5908080000,2.5995904000,1218300
2022-04-26 13:45:00,2.5995904000,2.5995904000,2.5732432000,2.5732432000,1854700
2022-04-26 14:00:00,2.5820256000,2.5820256000,2.5644608000,2.5732432000,1685700
2022-04-26 14:15:00,2.5644608000,2.5732432000,2.5381136000,2.5381136000,3848262
2022-04-26 14:30:00,2.5381136000,2.5556784000,2.5381136000,2.5468960000,3695872
2022-04-26 14:45:00,2.5468960000,2.5556784000,2.5205488000,2.5293312000,6541000
2022-04-26 15:00:00,2.5205488000,2.5468960000,2.5117664000,2.5468960000,4061000
2022-04-27 09:45:00,2.5205488000,2.5381136000,2.4590720000,2.5117664000,12111557
2022-04-27 10:00:00,2.5117664000,2.5205488000,2.4854192000,2.5029840000,4985777
2022-04-27 10:15:00,2.5029840000,2.5205488000,2.4854192000,2.5205488000,2733330
2022-04-27 10:30:00,2.5205488000,2.5205488000,2.4854192000,2.4854192000,2186275
2022-04-27 10:45:00,2.4942016000,2.5029840000,2.4766368000,2.4854192000,2520458
2022-04-27 11:00:00,2.4854192000,2.5381136000,2.4854192000,2.5205488000,2901844
2022-04-27 11:15:00,2.5205488000,2.5293312000,2.4942016000,2.4942016000,2113251
2022-04-27 11:30:00,2.4942016000,2.5029840000,2.4854192000,2.5029840000,1490540
2022-04-27 13:15:00,2.5117664000,2.5468960000,2.4942016000,2.5468960000,4453400
2022-04-27 13:30:00,2.5468960000,2.5820256000,2.5468960000,2.5732432000,4885900
2022-04-27 13:45:00,2.5820256000,2.5820256000,2.5556784000,2.5644608000,3887100
2022-04-27 14:00:00,2.5644608000,2.5820256000,2.5644608000,2.5732432000,2475900
2022-04-27 14:15:00,2.5732432000,2.5732432000,2.5468960000,2.5644608000,3071600
2022-04-27 14:30:00,2.5644608000,2.5995904000,2.5556784000,2.5908080000,3754500
2022-04-27 14:45:00,2.5908080000,2.5908080000,2.5732432000,2.5908080000,2762000
2022-04-27 15:00:00,2.5820256000,2.5995904000,2.5732432000,2.5908080000,3962580
2022-04-28 09:45:00,2.5908080000,2.6435024000,2.5732432000,2.6259376000,9017800
2022-04-28 10:00:00,2.6171552000,2.6259376000,2.5732432000,2.5908080000,4792000
2022-04-28 10:15:00,2.5908080000,2.6083728000,2.5908080000,2.5995904000,2640279
2022-04-28 10:30:00,2.5995904000,2.6171552000,2.5908080000,2.6083728000,1934000
2022-04-28 10:45:00,2.6083728000,2.6083728000,2.5908080000,2.5995904000,1554400
2022-04-28 11:00:00,2.6083728000,2.6347200000,2.5995904000,2.5995904000,4211828
2022-04-28 11:15:00,2.5995904000,2.6083728000,2.5995904000,2.5995904000,1392000
2022-04-28 11:30:00,2.6083728000,2.6083728000,2.5820256000,2.5908080000,2500000
2022-04-28 13:15:00,2.5820256000,2.5908080000,2.5468960000,2.5556784000,4083200
2022-04-28 13:30:00,2.5556784000,2.5644608000,2.5468960000,2.5556784000,2320100
2022-04-28 13:45:00,2.5468960000,2.5644608000,2.5468960000,2.5556784000,1823700
2022-04-28 14:00:00,2.5556784000,2.5820256000,2.5556784000,2.5820256000,1858597
2022-04-28 14:15:00,2.5820256000,2.5908080000,2.5644608000,2.5908080000,1634010
2022-04-28 14:30:00,2.5820256000,2.5908080000,2.5732432000,2.5908080000,1190500
2022-04-28 14:45:00,2.5820256000,2.5908080000,2.5732432000,2.5908080000,2716500
2022-04-28 15:00:00,2.5908080000,2.6083728000,2.5820256000,2.6083728000,4368631
2022-04-29 09:45:00,2.6259376000,2.6522848000,2.6083728000,2.6347200000,9193400
2022-04-29 10:00:00,2.6347200000,2.6435024000,2.6171552000,2.6171552000,2917800
2022-04-29 10:15:00,2.6259376000,2.6522848000,2.6171552000,2.6347200000,5050400
2022-04-29 10:30:00,2.6522848000,2.6522848000,2.6435024000,2.6435024000,1978100
2022-04-29 10:45:00,2.6435024000,2.6522848000,2.6259376000,2.6347200000,2939100
2022-04-29 11:00:00,2.6347200000,2.6435024000,2.6347200000,2.6347200000,1059934
2022-04-29 11:15:00,2.6435024000,2.6435024000,2.6347200000,2.6435024000,1513500
2022-04-29 11:30:00,2.6435024000,2.6522848000,2.6435024000,2.6435024000,1065200
2022-04-29 13:15:00,2.6435024000,2.7049792000,2.6435024000,2.6961968000,7910250
2022-04-29 13:30:00,2.6961968000,2.6961968000,2.6786320000,2.6874144000,2282600
2022-04-29 13:45:00,2.6786320000,2.6874144000,2.6698496000,2.6786320000,3357900
2022-04-29 14:00:00,2.6786320000,2.6961968000,2.6786320000,2.6874144000,1604000
2022-04-29 14:15:00,2.6961968000,2.7049792000,2.6874144000,2.6961968000,3023493
2022-04-29 14:30:00,2.7049792000,2.7137616000,2.6961968000,2.7049792000,4642800
2022-04-29 14:45:00,2.7049792000,2.7137616000,2.6961968000,2.7049792000,3027221
2022-04-29 15:00:00,2.7049792000,2.7313264000,2.7049792000,2.7137616000,8007653
2022-05-05 09:45:00,2.7049792000,2.7313264000,2.6786320000,2.6874144000,15128166
2022-05-05 10:00:00,2.6874144000,2.7049792000,2.6786320000,2.7049792000,7119810
2022-05-05 10:15:00,2.7049792000,2.7049792000,2.6961968000,2.6961968000,4541121
2022-05-05 10:30:00,2.6961968000,2.7049792000,2.6874144000,2.6874144000,4535200
2022-05-05 10:45:00,2.6874144000,2.6961968000,2.6786320000,2.6786320000,5190949
2022-05-05 11:00:00,2.6874144000,2.7049792000,2.6786320000,2.6961968000,3086700
2022-05-05 11:15:00,2.6961968000,2.7137616000,2.6961968000,2.7137616000,2085066
2022-05-05 11:30:00,2.7049792000,2.7137616000,2.6961968000,2.7137616000,2978188
2022-05-05 13:15:00,2.7137616000,2.7225440000,2.6961968000,2.7049792000,2942400
2022-05-05 13:30:00,2.7049792000,2.7137616000,2.6961968000,2.7049792000,2107600
2022-05-05 13:45:00,2.7049792000,2.7313264000,2.7049792000,2.7225440000,4505930
2022-05-05 14:00:00,2.7225440000,2.7225440000,2.6961968000,2.6961968000,3879400
2022-05-05 14:15:00,2.6961968000,2.6961968000,2.6874144000,2.6961968000,3147300
2022-05-05 14:30:00,2.6961968000,2.6961968000,2.6874144000,2.6961968000,1212000
2022-05-05 14:45:00,2.6961968000,2.6961968000,2.6698496000,2.6786320000,7866122
2022-05-05 15:00:00,2.6874144000,2.6874144000,2.6698496000,2.6874144000,6120401
2022-05-06 09:45:00,2.6435024000,2.6435024000,2.5995904000,2.6171552000,10597700
2022-05-06 10:00:00,2.6171552000,2.6347200000,2.6083728000,2.6347200000,4174100
2022-05-06 10:15:00,2.6259376000,2.6347200000,2.6171552000,2.6171552000,4505600
2022-05-06 10:30:00,2.6171552000,2.6347200000,2.6171552000,2.6259376000,2728200
2022-05-06 10:45:00,2.6171552000,2.6347200000,2.6171552000,2.6171552000,2710200
2022-05-06 11:00:00,2.6259376000,2.6259376000,2.6171552000,2.6259376000,2002200
2022-05-06 11:15:00,2.6259376000,2.6259376000,2.5995904000,2.6083728000,3998600
2022-05-06 11:30:00,2.6083728000,2.6083728000,2.5732432000,2.5820256000,5883341
2022-05-06 13:15:00,2.5820256000,2.6083728000,2.5732432000,2.5995904000,3855200
2022-05-06 13:30:00,2.5995904000,2.6171552000,2.5908080000,2.6083728000,2680100
2022-05-06 13:45:00,2.6171552000,2.6171552000,2.5995904000,2.6171552000,2033579
2022-05-06 14:00:00,2.6171552000,2.6171552000,2.5908080000,2.5908080000,1686320
2022-05-06 14:15:00,2.5908080000,2.5995904000,2.5908080000,2.5995904000,2467300
2022-05-06 14:30:00,2.5995904000,2.5995904000,2.5820256000,2.5908080000,1835100
2022-05-06 14:45:00,2.5908080000,2.6083728000,2.5908080000,2.5995904000,3285900
2022-05-06 15:00:00,2.5995904000,2.6083728000,2.5908080000,2.5908080000,4551973
2022-05-09 09:45:00,2.5995904000,2.5995904000,2.5644608000,2.5908080000,5766201
2022-05-09 10:00:00,2.5995904000,2.6083728000,2.5908080000,2.5908080000,4268466
2022-05-09 10:15:00,2.5995904000,2.5995904000,2.5820256000,2.5908080000,5134301
2022-05-09 10:30:00,2.5908080000,2.5995904000,2.5820256000,2.5908080000,2178700
2022-05-09 10:45:00,2.5908080000,2.5908080000,2.5820256000,2.5820256000,1690400
2022-05-09 11:00:00,2.5908080000,2.5995904000,2.5820256000,2.5908080000,1732500
2022-05-09 11:15:00,2.5908080000,2.5995904000,2.5820256000,2.5820256000,2146900
2022-05-09 11:30:00,2.5908080000,2.5908080000,2.5732432000,2.5732432000,2881000
2022-05-09 13:15:00,2.5820256000,2.5908080000,2.5732432000,2.5820256000,1696600
2022-05-09 13:30:00,2.5820256000,2.5908080000,2.5732432000,2.5732432000,2516600
2022-05-09 13:45:00,2.5732432000,2.5820256000,2.5732432000,2.5820256000,1328700
2022-05-09 14:00:00,2.5732432000,2.5820256000,2.5732432000,2.5732432000,2452099
2022-05-09 14:15:00,2.5820256000,2.5820256000,2.5644608000,2.5644608000,2591401
2022-05-09 14:30:00,2.5732432000,2.5995904000,2.5644608000,2.5908080000,3398799
2022-05-09 14:45:00,2.5995904000,2.5995904000,2.5820256000,2.5820256000,1867401
2022-05-09 15:00:00,2.5820256000,2.5908080000,2.5820256000,2.5908080000,3642266
2022-05-10 09:45:00,2.5644608000,2.5644608000,2.4942016000,2.5029840000,16180155
2022-05-10 10:00:00,2.5029840000,2.5205488000,2.4942016000,2.5117664000,8211720
2022-05-10 10:15:00,2.5117664000,2.5293312000,2.5117664000,2.5205488000,3780500
2022-05-10 10:30:00,2.5205488000,2.5556784000,2.5205488000,2.5556784000,4912800
2022-05-10 10:45:00,2.5468960000,2.5556784000,2.5293312000,2.5381136000,3658220
2022-05-10 11:00:00,2.5468960000,2.5468960000,2.5381136000,2.5468960000,1289200
2022-05-10 11:15:00,2.5468960000,2.5644608000,2.5293312000,2.5556784000,2606000
2022-05-10 11:30:00,2.5556784000,2.5556784000,2.5381136000,2.5381136000,1144901
2022-05-10 13:15:00,2.5381136000,2.5732432000,2.5381136000,2.5644608000,4016700
2022-05-10 13:30:00,2.5644608000,2.5820256000,2.5556784000,2.5820256000,2882053
2022-05-10 13:45:00,2.5820256000,2.5908080000,2.5732432000,2.5732432000,2752200
2022-05-10 14:00:00,2.5820256000,2.5820256000,2.5644608000,2.5732432000,2338200
2022-05-10 14:15:00,2.5732432000,2.5732432000,2.5644608000,2.5732432000,1825875
2022-05-10 14:30:00,2.5732432000,2.5908080000,2.5644608000,2.5908080000,3255181
2022-05-10 14:45:00,2.5908080000,2.6083728000,2.5820256000,2.5908080000,3882970
2022-05-10 15:00:00,2.5908080000,2.5995904000,2.5908080000,2.5908080000,4039392
2022-05-11 09:45:00,2.5908080000,2.6259376000,2.5908080000,2.5995904000,10354300
2022-05-11 10:00:00,2.5995904000,2.6083728000,2.5908080000,2.6083728000,4840200
2022-05-11 10:15:00,2.5995904000,2.6259376000,2.5995904000,2.6171552000,5856475
2022-05-11 10:30:00,2.6259376000,2.6259376000,2.6083728000,2.6171552000,4810043
2022-05-11 10:45:00,2.6171552000,2.6259376000,2.6083728000,2.6083728000,3687646
2022-05-11 11:00:00,2.6083728000,2.6171552000,2.6083728000,2.6171552000,1501800
2022-05-11 11:15:00,2.6083728000,2.6171552000,2.6083728000,2.6083728000,1070400
2022-05-11 11:30:00,2.6083728000,2.6259376000,2.6083728000,2.6171552000,1924600
2022-05-11 13:15:00,2.6259376000,2.6347200000,2.6171552000,2.6171552000,3578769
2022-05-11 13:30:00,2.6171552000,2.6347200000,2.6171552000,2.6347200000,2716100
2022-05-11 13:45:00,2.6347200000,2.6347200000,2.6171552000,2.6259376000,3341700
2022-05-11 14:00:00,2.6259376000,2.6259376000,2.6083728000,2.6171552000,3508100
2022-05-11 14:15:00,2.6171552000,2.6259376000,2.6083728000,2.6171552000,2952201
2022-05-11 14:30:00,2.6259376000,2.6259376000,2.5995904000,2.5995904000,4019199
2022-05-11 14:45:00,2.6083728000,2.6083728000,2.5995904000,2.6083728000,2726800
2022-05-11 15:00:00,2.6083728000,2.6083728000,2.5908080000,2.5995904000,3536300
2022-05-12 09:45:00,2.5908080000,2.5995904000,2.5644608000,2.5908080000,5295900
2022-05-12 10:00:00,2.5820256000,2.5995904000,2.5732432000,2.5820256000,4413900
2022-05-12 10:15:00,2.5908080000,2.5908080000,2.5732432000,2.5820256000,1835200
2022-05-12 10:30:00,2.5908080000,2.5908080000,2.5732432000,2.5820256000,2765400
2022-05-12 10:45:00,2.5820256000,2.5820256000,2.5644608000,2.5732432000,3693200
2022-05-12 11:00:00,2.5732432000,2.5820256000,2.5644608000,2.5644608000,1670119
2022-05-12 11:15:00,2.5644608000,2.5820256000,2.5644608000,2.5644608000,983200
2022-05-12 11:30:00,2.5644608000,2.5820256000,2.5644608000,2.5820256000,1781900
2022-05-12 13:15:00,2.5820256000,2.5908080000,2.5732432000,2.5732432000,2963200
2022-05-12 13:30:00,2.5732432000,2.5732432000,2.5644608000,2.5732432000,1347200
2022-05-12 13:45:00,2.5644608000,2.5732432000,2.5293312000,2.5468960000,8408081
2022-05-12 14:00:00,2.5468960000,2.5556784000,2.5381136000,2.5468960000,2375636
2022-05-12 14:15:00,2.5468960000,2.5556784000,2.5468960000,2.5556784000,1138000
2022-05-12 14:30:00,2.5556784000,2.5644608000,2.5468960000,2.5556784000,1953000
2022-05-12 14:45:00,2.5556784000,2.5732432000,2.5468960000,2.5644608000,2832300
2022-05-12 15:00:00,2.5644608000,2.5820256000,2.5644608000,2.5732432000,2833800
2022-05-13 09:45:00,2.5732432000,2.6083728000,2.5644608000,2.5995904000,8249800
2022-05-13 10:00:00,2.5908080000,2.6083728000,2.5908080000,2.5908080000,4974062
2022-05-13 10:15:00,2.5995904000,2.5995904000,2.5732432000,2.5732432000,3368000
2022-05-13 10:30:00,2.5732432000,2.5908080000,2.5732432000,2.5820256000,2288900
2022-05-13 10:45:00,2.5820256000,2.5908080000,2.5732432000,2.5820256000,1739300
2022-05-13 11:00:00,2.5732432000,2.5820256000,2.5732432000,2.5820256000,1852500
2022-05-13 11:15:00,2.5820256000,2.5995904000,2.5820256000,2.5995904000,2365300
2022-05-13 11:30:00,2.5995904000,2.5995904000,2.5908080000,2.5995904000,1275300
2022-05-13 13:15:00,2.5995904000,2.6347200000,2.5995904000,2.6259376000,11468800
2022-05-13 13:30:00,2.6171552000,2.6610672000,2.6171552000,2.6347200000,11754400
2022-05-13 13:45:00,2.6435024000,2.6610672000,2.6347200000,2.6522848000,4383600
2022-05-13 14:00:00,2.6522848000,2.6610672000,2.6435024000,2.6435024000,2721000
2022-05-13 14:15:00,2.6522848000,2.6610672000,2.6435024000,2.6435024000,4139500
2022-05-13 14:30:00,2.6522848000,2.6522848000,2.6435024000,2.6435024000,2136300
2022-05-13 14:45:00,2.6522848000,2.6610672000,2.6435024000,2.6522848000,4031041
2022-05-13 15:00:00,2.6435024000,2.6522848000,2.6435024000,2.6522848000,5733386
2022-05-16 09:45:00,2.6698496000,2.6786320000,2.6347200000,2.6347200000,12578103
2022-05-16 10:00:00,2.6435024000,2.6435024000,2.6171552000,2.6171552000,5367359
2022-05-16 10:15:00,2.6171552000,2.6347200000,2.6083728000,2.6347200000,4358300
2022-05-16 10:30:00,2.6347200000,2.6435024000,2.6171552000,2.6347200000,3547069
2022-05-16 10:45:00,2.6347200000,2.6435024000,2.6171552000,2.6259376000,2732500
2022-05-16 11:00:00,2.6347200000,2.6435024000,2.6259376000,2.6435024000,2263500
2022-05-16 11:15:00,2.6435024000,2.6522848000,2.6347200000,2.6435024000,2245374
2022-05-16 11:30:00,2.6435024000,2.6522848000,2.6347200000,2.6435024000,2638500
2022-05-16 13:15:00,2.6435024000,2.6786320000,2.6347200000,2.6698496000,7840400
2022-05-16 13:30:00,2.6698496000,2.6698496000,2.6522848000,2.6610672000,1932100
2022-05-16 13:45:00,2.6522848000,2.6610672000,2.6522848000,2.6522848000,2207100
2022-05-16 14:00:00,2.6522848000,2.6698496000,2.6522848000,2.6610672000,1979900
2022-05-16 14:15:00,2.6610672000,2.6610672000,2.6347200000,2.6435024000,2462634
2022-05-16 14:30:00,2.6435024000,2.6610672000,2.6347200000,2.6522848000,2079586
2022-05-16 14:45:00,2.6522848000,2.6610672000,2.6435024000,2.6522848000,1250900
2022-05-16 15:00:00,2.6522848000,2.6610672000,2.6435024000,2.6610672000,3031732
2022-05-17 09:45:00,2.6610672000,2.6698496000,2.6259376000,2.6259376000,4160772
2022-05-17 10:00:00,2.6259376000,2.6435024000,2.6259376000,2.6259376000,3283200
2022-05-17 10:15:00,2.6259376000,2.6347200000,2.6171552000,2.6171552000,3328800
2022-05-17 10:30:00,2.6259376000,2.6259376000,2.6083728000,2.6083728000,3983500
2022-05-17 10:45:00,2.6083728000,2.6347200000,2.6083728000,2.6259376000,2871151
2022-05-17 11:00:00,2.6259376000,2.6347200000,2.6171552000,2.6259376000,1321300
2022-05-17 11:15:00,2.6259376000,2.6347200000,2.6171552000,2.6171552000,1787600
2022-05-17 11:30:00,2.6259376000,2.6347200000,2.6171552000,2.6347200000,739500
2022-05-17 13:15:00,2.6347200000,2.6347200000,2.6171552000,2.6259376000,1293500
2022-05-17 13:30:00,2.6171552000,2.6347200000,2.6171552000,2.6259376000,921886
2022-05-17 13:45:00,2.6259376000,2.6347200000,2.6259376000,2.6259376000,823200
2022-05-17 14:00:00,2.6347200000,2.6347200000,2.6171552000,2.6171552000,1615314
2022-05-17 14:15:00,2.6171552000,2.6259376000,2.6171552000,2.6171552000,1099100
2022-05-17 14:30:00,2.6171552000,2.6259376000,2.6171552000,2.6171552000,1430600
2022-05-17 14:45:00,2.6171552000,2.6347200000,2.6171552000,2.6347200000,2210300
2022-05-17 15:00:00,2.6259376000,2.6347200000,2.6259376000,2.6347200000,3371300
2022-05-18 09:45:00,2.6435024000,2.6435024000,2.6171552000,2.6171552000,3805303
2022-05-18 10:00:00,2.6171552000,2.6259376000,2.6083728000,2.6171552000,3238100
2022-05-18 10:15:00,2.6171552000,2.6259376000,2.6083728000,2.6083728000,2811400
2022-05-18 10:30:00,2.6083728000,2.6171552000,2.6083728000,2.6171552000,1972628
2022-05-18 10:45:00,2.6083728000,2.6171552000,2.5995904000,2.6083728000,4389572
2022-05-18 11:00:00,2.6083728000,2.6171552000,2.6083728000,2.6083728000,965700
2022-05-18 11:15:00,2.6171552000,2.6171552000,2.6083728000,2.6083728000,814600
2022-05-18 11:30:00,2.6083728000,2.6171552000,2.6083728000,2.6083728000,939500
2022-05-18 13:15:00,2.6171552000,2.6171552000,2.5995904000,2.6083728000,1822900
2022-05-18 13:30:00,2.6083728000,2.6171552000,2.5995904000,2.5995904000,1502300
2022-05-18 13:45:00,2.5995904000,2.6171552000,2.5995904000,2.5995904000,2305100
2022-05-18 14:00:00,2.5995904000,2.6171552000,2.5995904000,2.6083728000,2114100
2022-05-18 14:15:00,2.6083728000,2.6259376000,2.6083728000,2.6083728000,2526600
2022-05-18 14:30:00,2.6083728000,2.6171552000,2.6083728000,2.6083728000,455600
2022-05-18 14:45:00,2.6171552000,2.6171552000,2.5995904000,2.5995904000,3921500
2022-05-18 15:00:00,2.5995904000,2.6083728000,2.5908080000,2.5995904000,6521100
2022-05-19 09:45:00,2.5556784000,2.5644608000,2.5293312000,2.5556784000,11271524
2022-05-19 10:00:00,2.5556784000,2.5644608000,2.5468960000,2.5468960000,2323481
2022-05-19 10:15:00,2.5468960000,2.5644608000,2.5468960000,2.5556784000,1555300
2022-05-19 10:30:00,2.5556784000,2.5644608000,2.5468960000,2.5468960000,2120500
2022-05-19 10:45:00,2.5556784000,2.5732432000,2.5468960000,2.5644608000,2886300
2022-05-19 11:00:00,2.5644608000,2.5732432000,2.5556784000,2.5556784000,1179700
2022-05-19 11:15:00,2.5556784000,2.5732432000,2.5556784000,2.5644608000,2133222
2022-05-19 11:30:00,2.5644608000,2.5820256000,2.5644608000,2.5732432000,1393700
2022-05-19 13:15:00,2.5820256000,2.5820256000,2.5644608000,2.5644608000,2602725
2022-05-19 13:30:00,2.5644608000,2.5732432000,2.5556784000,2.5644608000,2087200
2022-05-19 13:45:00,2.5644608000,2.5732432000,2.5556784000,2.5556784000,1102286
2022-05-19 14:00:00,2.5644608000,2.5732432000,2.5556784000,2.5644608000,1676400
2022-05-19 14:15:00,2.5644608000,2.5820256000,2.5644608000,2.5732432000,1799800
2022-05-19 14:30:00,2.5732432000,2.5820256000,2.5732432000,2.5732432000,777800
2022-05-19 14:45:00,2.5732432000,2.5908080000,2.5732432000,2.5820256000,3096047
2022-05-19 15:00:00,2.5908080000,2.5908080000,2.5820256000,2.5820256000,2752628
2022-05-20 09:45:00,2.5908080000,2.6083728000,2.5820256000,2.6083728000,6567101
2022-05-20 10:00:00,2.6083728000,2.6259376000,2.6083728000,2.6083728000,4501300
2022-05-20 10:15:00,2.6083728000,2.6171552000,2.5995904000,2.6083728000,2559300
2022-05-20 10:30:00,2.6083728000,2.6259376000,2.5995904000,2.6259376000,3867134
2022-05-20 10:45:00,2.6259376000,2.6435024000,2.6171552000,2.6347200000,10553400
2022-05-20 11:00:00,2.6347200000,2.6522848000,2.6347200000,2.6435024000,6039786
2022-05-20 11:15:00,2.6435024000,2.6522848000,2.6435024000,2.6435024000,2219701
2022-05-20 11:30:00,2.6522848000,2.6522848000,2.6347200000,2.6522848000,2501500
2022-05-20 13:15:00,2.6435024000,2.6522848000,2.6435024000,2.6522848000,3234400
2022-05-20 13:30:00,2.6522848000,2.6610672000,2.6435024000,2.6522848000,2771862
2022-05-20 13:45:00,2.6522848000,2.6610672000,2.6435024000,2.6522848000,2021451
2022-05-20 14:00:00,2.6610672000,2.6610672000,2.6435024000,2.6435024000,1392200
2022-05-20 14:15:00,2.6522848000,2.6522848000,2.6435024000,2.6522848000,1293000
2022-05-20 14:30:00,2.6522848000,2.6522848000,2.6435024000,2.6522848000,1635200
2022-05-20 14:45:00,2.6522848000,2.6522848000,2.6435024000,2.6435024000,2265004
2022-05-20 15:00:00,2.6522848000,2.6522848000,2.6435024000,2.6522848000,6081955
2022-05-23 09:45:00,2.6698496000,2.6874144000,2.6610672000,2.6610672000,9397503
2022-05-23 10:00:00,2.6610672000,2.6786320000,2.6522848000,2.6698496000,4512096
2022-05-23 10:15:00,2.6698496000,2.6874144000,2.6610672000,2.6610672000,4259200
2022-05-23 10:30:00,2.6610672000,2.6698496000,2.6522848000,2.6698496000,2716397
2022-05-23 10:45:00,2.6698496000,2.6786320000,2.6610672000,2.6698496000,2727962
2022-05-23 11:00:00,2.6698496000,2.6874144000,2.6698496000,2.6786320000,4595900
2022-05-23 11:15:00,2.6786320000,2.6874144000,2.6786320000,2.6874144000,2379200
2022-05-23 11:30:00,2.6874144000,2.7049792000,2.6786320000,2.6961968000,4021810
2022-05-23 13:15:00,2.6961968000,2.6961968000,2.6786320000,2.6961968000,1618200
2022-05-23 13:30:00,2.6961968000,2.6961968000,2.6874144000,2.6961968000,1892000
2022-05-23 13:45:00,2.6961968000,2.6961968000,2.6874144000,2.6961968000,990800
2022-05-23 14:00:00,2.6961968000,2.6961968000,2.6874144000,2.6874144000,1671800
2022-05-23 14:15:00,2.6874144000,2.7049792000,2.6874144000,2.6874144000,2891000
2022-05-23 14:30:00,2.6961968000,2.6961968000,2.6874144000,2.6961968000,1838400
2022-05-23 14:45:00,2.6874144000,2.6961968000,2.6874144000,2.6874144000,2890100
2022-05-23 15:00:00,2.6874144000,2.6961968000,2.6786320000,2.6961968000,3709900
2022-05-24 09:45:00,2.6698496000,2.7225440000,2.6698496000,2.7225440000,12115098
2022-05-24 10:00:00,2.7225440000,2.7576736000,2.7225440000,2.7401088000,14567723
2022-05-24 10:15:00,2.7401088000,2.7664560000,2.7313264000,2.7576736000,8045610
2022-05-24 10:30:00,2.7664560000,2.7664560000,2.7401088000,2.7488912000,5610900
2022-05-24 10:45:00,2.7488912000,2.7576736000,2.7401088000,2.7488912000,2924900
2022-05-24 11:00:00,2.7488912000,2.7576736000,2.7313264000,2.7401088000,4022400
2022-05-24 11:15:00,2.7401088000,2.7488912000,2.7225440000,2.7313264000,2539700
2022-05-24 11:30:00,2.7313264000,2.7313264000,2.7049792000,2.7049792000,3068655
2022-05-24 13:15:00,2.7137616000,2.7225440000,2.7049792000,2.7049792000,3545204
2022-05-24 13:30:00,2.7137616000,2.7137616000,2.6961968000,2.7049792000,2529928
2022-05-24 13:45:00,2.7049792000,2.7225440000,2.6961968000,2.7049792000,2788933
2022-05-24 14:00:00,2.7137616000,2.7137616000,2.6961968000,2.7049792000,1014600
2022-05-24 14:15:00,2.7049792000,2.7049792000,2.6874144000,2.6961968000,3551364
2022-05-24 14:30:00,2.6874144000,2.7049792000,2.6786320000,2.6874144000,3049000
2022-05-24 14:45:00,2.6786320000,2.6874144000,2.6522848000,2.6698496000,5554680
2022-05-24 15:00:00,2.6698496000,2.6698496000,2.6522848000,2.6610672000,4979971
2022-05-25 09:45:00,2.6522848000,2.6961968000,2.6522848000,2.6961968000,8901396
2022-05-25 10:00:00,2.6961968000,2.7401088000,2.6874144000,2.7401088000,9522655
2022-05-25 10:15:00,2.7401088000,2.7664560000,2.7225440000,2.7313264000,12077000
2022-05-25 10:30:00,2.7401088000,2.7576736000,2.7313264000,2.7401088000,5156200
2022-05-25 10:45:00,2.7401088000,2.7401088000,2.7049792000,2.7049792000,5913500
2022-05-25 11:00:00,2.7049792000,2.7225440000,2.7049792000,2.7137616000,2639300
2022-05-25 11:15:00,2.7137616000,2.7313264000,2.7049792000,2.7313264000,3806000
2022-05-25 11:30:00,2.7313264000,2.7313264000,2.7137616000,2.7225440000,1593100
2022-05-25 13:15:00,2.7225440000,2.7313264000,2.7225440000,2.7313264000,1683800
2022-05-25 13:30:00,2.7225440000,2.7313264000,2.7137616000,2.7225440000,2122900
2022-05-25 13:45:00,2.7225440000,2.7401088000,2.7225440000,2.7401088000,2059209
2022-05-25 14:00:00,2.7401088000,2.7401088000,2.7313264000,2.7313264000,1621800
2022-05-25 14:15:00,2.7401088000,2.7401088000,2.7225440000,2.7313264000,1822163
2022-05-25 14:30:00,2.7313264000,2.7313264000,2.7049792000,2.7137616000,3350400
2022-05-25 14:45:00,2.7225440000,2.7313264000,2.7137616000,2.7313264000,2440100
2022-05-25 15:00:00,2.7313264000,2.7313264000,2.7225440000,2.7225440000,4087040
2022-05-26 09:45:00,2.7313264000,2.7576736000,2.6874144000,2.6961968000,10252400
2022-05-26 10:00:00,2.6961968000,2.7225440000,2.6874144000,2.6961968000,5313284
2022-05-26 10:15:00,2.6961968000,2.7225440000,2.6961968000,2.7137616000,2531400
2022-05-26 10:30:00,2.7137616000,2.7313264000,2.7137616000,2.7225440000,3495400
2022-05-26 10:45:00,2.7225440000,2.7313264000,2.7049792000,2.7049792000,2992300
2022-05-26 11:00:00,2.7137616000,2.7225440000,2.7049792000,2.7137616000,1059100
2022-05-26 11:15:00,2.7137616000,2.7137616000,2.6961968000,2.6961968000,1212900
2022-05-26 11:30:00,2.6961968000,2.7313264000,2.6961968000,2.7225440000,2000200
2022-05-26 13:15:00,2.7225440000,2.7313264000,2.7137616000,2.7225440000,1496334
2022-05-26 13:30:00,2.7225440000,2.7313264000,2.7137616000,2.7313264000,1561801
2022-05-26 13:45:00,2.7313264000,2.7401088000,2.7225440000,2.7401088000,2384200
2022-05-26 14:00:00,2.7401088000,2.7401088000,2.7225440000,2.7313264000,1205300
2022-05-26 14:15:00,2.7225440000,2.7313264000,2.7137616000,2.7225440000,2258400
2022-05-26 14:30:00,2.7225440000,2.7313264000,2.7137616000,2.7313264000,1175000
2022-05-26 14:45:00,2.7313264000,2.7401088000,2.7225440000,2.7401088000,3395400
2022-05-26 15:00:00,2.7401088000,2.7401088000,2.7313264000,2.7401088000,2838608
2022-05-27 09:45:00,2.7576736000,2.7752384000,2.7401088000,2.7488912000,11503600
2022-05-27 10:00:00,2.7488912000,2.7576736000,2.7401088000,2.7401088000,3862200
2022-05-27 10:15:00,2.7401088000,2.7576736000,2.7401088000,2.7488912000,3485600
2022-05-27 10:30:00,2.7576736000,2.7576736000,2.7488912000,2.7488912000,1417730
2022-05-27 10:45:00,2.7576736000,2.7664560000,2.7488912000,2.7664560000,3485400
2022-05-27 11:00:00,2.7664560000,2.7840208000,2.7576736000,2.7752384000,5963900
2022-05-27 11:15:00,2.7752384000,2.7840208000,2.7664560000,2.7664560000,1685900
2022-05-27 11:30:00,2.7664560000,2.7840208000,2.7664560000,2.7752384000,3053500
2022-05-27 13:15:00,2.7752384000,2.7752384000,2.7576736000,2.7664560000,1638500
2022-05-27 13:30:00,2.7576736000,2.7664560000,2.7401088000,2.7401088000,2683000
2022-05-27 13:45:00,2.7401088000,2.7576736000,2.7401088000,2.7576736000,2518533
2022-05-27 14:00:00,2.7576736000,2.7576736000,2.7488912000,2.7576736000,1566800
2022-05-27 14:15:00,2.7576736000,2.7576736000,2.7313264000,2.7313264000,3515700
2022-05-27 14:30:00,2.7401088000,2.7576736000,2.7313264000,2.7576736000,3365200
2022-05-27 14:45:00,2.7488912000,2.7664560000,2.7488912000,2.7664560000,3819644
2022-05-27 15:00:00,2.7664560000,2.7752384000,2.7576736000,2.7664560000,5770518
2022-05-30 09:45:00,2.7752384000,2.8103680000,2.7576736000,2.7576736000,7954710
2022-05-30 10:00:00,2.7664560000,2.7664560000,2.7401088000,2.7576736000,3740900
2022-05-30 10:15:00,2.7488912000,2.7752384000,2.7488912000,2.7664560000,2999800
2022-05-30 10:30:00,2.7664560000,2.7752384000,2.7664560000,2.7664560000,1778900
2022-05-30 10:45:00,2.7664560000,2.7664560000,2.7576736000,2.7576736000,1515401
2022-05-30 11:00:00,2.7576736000,2.7664560000,2.7488912000,2.7488912000,2072200
2022-05-30 11:15:00,2.7488912000,2.7576736000,2.7401088000,2.7488912000,2301100
2022-05-30 11:30:00,2.7488912000,2.7576736000,2.7401088000,2.7401088000,1563000
2022-05-30 13:15:00,2.7488912000,2.7576736000,2.7401088000,2.7576736000,1974300
2022-05-30 13:30:00,2.7488912000,2.7576736000,2.7401088000,2.7488912000,1311100
2022-05-30 13:45:00,2.7488912000,2.7576736000,2.7401088000,2.7488912000,1434000
2022-05-30 14:00:00,2.7576736000,2.7576736000,2.7313264000,2.7401088000,4015900
2022-05-30 14:15:00,2.7401088000,2.7488912000,2.7313264000,2.7488912000,1493800
2022-05-30 14:30:00,2.7488912000,2.7576736000,2.7401088000,2.7488912000,1213093
2022-05-30 14:45:00,2.7576736000,2.7664560000,2.7488912000,2.7576736000,3421310
2022-05-30 15:00:00,2.7576736000,2.7664560000,2.7488912000,2.7576736000,3459051
2022-05-31 09:45:00,2.7488912000,2.8015856000,2.7401088000,2.7928032000,11948800
2022-05-31 10:00:00,2.7928032000,2.8015856000,2.7664560000,2.7664560000,3919800
2022-05-31 10:15:00,2.7752384000,2.7752384000,2.7576736000,2.7664560000,2257100
2022-05-31 10:30:00,2.7664560000,2.7752384000,2.7576736000,2.7576736000,1704800
2022-05-31 10:45:00,2.7576736000,2.7752384000,2.7576736000,2.7752384000,1213800
2022-05-31 11:00:00,2.7752384000,2.7752384000,2.7576736000,2.7664560000,1878000
2022-05-31 11:15:00,2.7664560000,2.7752384000,2.7576736000,2.7576736000,1232200
2022-05-31 11:30:00,2.7576736000,2.7664560000,2.7576736000,2.7576736000,885000
2022-05-31 13:15:00,2.7664560000,2.7664560000,2.7576736000,2.7576736000,1440600
2022-05-31 13:30:00,2.7576736000,2.7664560000,2.7576736000,2.7576736000,1160288
2022-05-31 13:45:00,2.7576736000,2.7664560000,2.7488912000,2.7488912000,3112606
2022-05-31 14:00:00,2.7576736000,2.7664560000,2.7488912000,2.7664560000,1373477
2022-05-31 14:15:00,2.7576736000,2.7752384000,2.7576736000,2.7664560000,2323500
2022-05-31 14:30:00,2.7664560000,2.7752384000,2.7576736000,2.7664560000,2302100
2022-05-31 14:45:00,2.7664560000,2.7840208000,2.7664560000,2.7840208000,3177500
2022-05-31 15:00:00,2.7840208000,2.7840208000,2.7664560000,2.7840208000,4708021
2022-06-01 09:45:00,2.7840208000,2.8630624000,2.7576736000,2.8630624000,16060129
2022-06-01 10:00:00,2.8630624000,2.8630624000,2.8279328000,2.8454976000,10447069
2022-06-01 10:15:00,2.8542800000,2.8542800000,2.8191504000,2.8367152000,5449200
2022-06-01 10:30:00,2.8367152000,2.8367152000,2.8103680000,2.8103680000,2802000
2022-06-01 10:45:00,2.8103680000,2.8367152000,2.8103680000,2.8279328000,2558770
2022-06-01 11:00:00,2.8279328000,2.8367152000,2.8191504000,2.8279328000,1864500
2022-06-01 11:15:00,2.8279328000,2.8367152000,2.8191504000,2.8279328000,1299100
2022-06-01 11:30:00,2.8279328000,2.8542800000,2.8279328000,2.8454976000,4914300
2022-06-01 13:15:00,2.8454976000,2.8454976000,2.8279328000,2.8367152000,1407900
2022-06-01 13:30:00,2.8279328000,2.8367152000,2.8279328000,2.8279328000,1044500
2022-06-01 13:45:00,2.8367152000,2.8367152000,2.8015856000,2.8279328000,5226788
2022-06-01 14:00:00,2.8279328000,2.8279328000,2.8103680000,2.8279328000,1593900
2022-06-01 14:15:00,2.8279328000,2.8367152000,2.8191504000,2.8279328000,1874600
2022-06-01 14:30:00,2.8279328000,2.8367152000,2.8191504000,2.8279328000,1478200
2022-06-01 14:45:00,2.8279328000,2.8542800000,2.8279328000,2.8367152000,6105453
2022-06-01 15:00:00,2.8454976000,2.8542800000,2.8367152000,2.8454976000,4760183
2022-06-02 09:45:00,2.8279328000,2.8454976000,2.7840208000,2.8015856000,10755794
2022-06-02 10:00:00,2.7928032000,2.8103680000,2.7928032000,2.8015856000,2800600
2022-06-02 10:15:00,2.7928032000,2.8015856000,2.7840208000,2.8015856000,2610445
2022-06-02 10:30:00,2.7928032000,2.8015856000,2.7752384000,2.7840208000,4773856
2022-06-02 10:45:00,2.7840208000,2.7928032000,2.7752384000,2.7840208000,3237797
2022-06-02 11:00:00,2.7840208000,2.7840208000,2.7664560000,2.7752384000,3961437
2022-06-02 11:15:00,2.7664560000,2.7928032000,2.7664560000,2.7840208000,4061003
2022-06-02 11:30:00,2.7928032000,2.8015856000,2.7840208000,2.7928032000,1680300
2022-06-02 13:15:00,2.7928032000,2.7928032000,2.7752384000,2.7840208000,1829400
2022-06-02 13:30:00,2.7752384000,2.7840208000,2.7664560000,2.7752384000,2216600
2022-06-02 13:45:00,2.7752384000,2.7840208000,2.7752384000,2.7752384000,1539400
2022-06-02 14:00:00,2.7840208000,2.7928032000,2.7752384000,2.7840208000,2552659
2022-06-02 14:15:00,2.7752384000,2.7928032000,2.7752384000,2.7928032000,2107600
2022-06-02 14:30:00,2.7928032000,2.7928032000,2.7752384000,2.7840208000,3646200
2022-06-02 14:45:00,2.7840208000,2.7928032000,2.7752384000,2.7752384000,3137701
2022-06-02 15:00:00,2.7752384000,2.7840208000,2.7664560000,2.7840208000,5733934
2022-06-06 09:45:00,2.7576736000,2.7752384000,2.7401088000,2.7488912000,8479750
2022-06-06 10:00:00,2.7488912000,2.7576736000,2.7313264000,2.7401088000,5606300
2022-06-06 10:15:00,2.7401088000,2.7488912000,2.7313264000,2.7401088000,2147500
2022-06-06 10:30:00,2.7401088000,2.7401088000,2.7225440000,2.7313264000,4843200
2022-06-06 10:45:00,2.7401088000,2.7488912000,2.7313264000,2.7488912000,3829000
2022-06-06 11:00:00,2.7488912000,2.7576736000,2.7401088000,2.7488912000,2885500
2022-06-06 11:15:00,2.7488912000,2.7664560000,2.7401088000,2.7664560000,2187600
2022-06-06 11:30:00,2.7664560000,2.7752384000,2.7576736000,2.7664560000,2679863
2022-06-06 13:15:00,2.7664560000,2.7840208000,2.7576736000,2.7576736000,2189800
2022-06-06 13:30:00,2.7664560000,2.7752384000,2.7576736000,2.7752384000,1832700
2022-06-06 13:45:00,2.7752384000,2.7752384000,2.7576736000,2.7664560000,2071300
2022-06-06 14:00:00,2.7664560000,2.7664560000,2.7576736000,2.7576736000,966000
2022-06-06 14:15:00,2.7576736000,2.7664560000,2.7576736000,2.7664560000,1158500
2022-06-06 14:30:00,2.7576736000,2.7664560000,2.7576736000,2.7576736000,1061900
2022-06-06 14:45:00,2.7576736000,2.7752384000,2.7576736000,2.7752384000,2966307
2022-06-06 15:00:00,2.7752384000,2.7752384000,2.7576736000,2.7664560000,3692505
2022-06-07 09:45:00,2.7664560000,2.8015856000,2.7576736000,2.7928032000,6990200
2022-06-07 10:00:00,2.7928032000,2.7928032000,2.7752384000,2.7840208000,5650100
2022-06-07 10:15:00,2.7928032000,2.8015856000,2.7840208000,2.7840208000,5085200
2022-06-07 10:30:00,2.7928032000,2.8454976000,2.7840208000,2.8279328000,11869731
2022-06-07 10:45:00,2.8279328000,2.8454976000,2.8279328000,2.8454976000,5615350
2022-06-07 11:00:00,2.8454976000,2.8542800000,2.8367152000,2.8454976000,4928955
2022-06-07 11:15:00,2.8454976000,2.8542800000,2.8367152000,2.8542800000,3244683
2022-06-07 11:30:00,2.8542800000,2.8542800000,2.8279328000,2.8367152000,2320300
2022-06-07 13:15:00,2.8367152000,2.8367152000,2.8015856000,2.8103680000,4013500
2022-06-07 13:30:00,2.8191504000,2.8191504000,2.7928032000,2.8015856000,3335800
2022-06-07 13:45:00,2.8015856000,2.8191504000,2.7928032000,2.8103680000,1879756
2022-06-07 14:00:00,2.8103680000,2.8103680000,2.8015856000,2.8103680000,1845800
2022-06-07 14:15:00,2.8103680000,2.8103680000,2.8015856000,2.8015856000,1003100
2022-06-07 14:30:00,2.8015856000,2.8191504000,2.8015856000,2.8191504000,1532600
2022-06-07 14:45:00,2.8191504000,2.8279328000,2.8103680000,2.8103680000,1904300
2022-06-07 15:00:00,2.8103680000,2.8279328000,2.8103680000,2.8191504000,3219972
2022-06-08 09:45:00,2.8191504000,2.8279328000,2.7752384000,2.7928032000,8246100
2022-06-08 10:00:00,2.8015856000,2.8015856000,2.7840208000,2.7840208000,3675500
2022-06-08 10:15:00,2.7928032000,2.8015856000,2.7840208000,2.7928032000,2467500
2022-06-08 10:30:00,2.7928032000,2.8103680000,2.7928032000,2.7928032000,2630200
2022-06-08 10:45:00,2.7928032000,2.8015856000,2.7840208000,2.7840208000,2960319
2022-06-08 11:00:00,2.7840208000,2.7928032000,2.7752384000,2.7840208000,1791700
2022-06-08 11:15:00,2.7752384000,2.7840208000,2.7401088000,2.7401088000,7076744
2022-06-08 11:30:00,2.7488912000,2.7576736000,2.7401088000,2.7576736000,4601600
2022-06-08 13:15:00,2.7488912000,2.7752384000,2.7488912000,2.7664560000,2250886
2022-06-08 13:30:00,2.7664560000,2.7752384000,2.7576736000,2.7576736000,1627200
2022-06-08 13:45:00,2.7664560000,2.7840208000,2.7576736000,2.7752384000,1233677
2022-06-08 14:00:00,2.7752384000,2.7928032000,2.7752384000,2.7840208000,2056400
2022-06-08 14:15:00,2.7840208000,2.8015856000,2.7840208000,2.7928032000,3071800
2022-06-08 14:30:00,2.8015856000,2.8015856000,2.7928032000,2.7928032000,2378100
2022-06-08 14:45:00,2.8015856000,2.8103680000,2.7928032000,2.8103680000,1525660
2022-06-08 15:00:00,2.8015856000,2.8103680000,2.8015856000,2.8103680000,3561263
2022-06-09 09:45:00,2.7928032000,2.7928032000,2.7488912000,2.7664560000,6937200
2022-06-09 10:00:00,2.7664560000,2.7752384000,2.7488912000,2.7576736000,4822000
2022-06-09 10:15:00,2.7576736000,2.7664560000,2.7576736000,2.7576736000,1899900
2022-06-09 10:30:00,2.7664560000,2.7752384000,2.7488912000,2.7488912000,3626183
2022-06-09 10:45:00,2.7576736000,2.7664560000,2.7488912000,2.7576736000,1777500
2022-06-09 11:00:00,2.7664560000,2.7664560000,2.7488912000,2.7576736000,1754500
2022-06-09 11:15:00,2.7576736000,2.7664560000,2.7576736000,2.7576736000,926952
2022-06-09 11:30:00,2.7576736000,2.7664560000,2.7488912000,2.7576736000,1463217
2022-06-09 13:15:00,2.7576736000,2.7664560000,2.7401088000,2.7488912000,3805031
2022-06-09 13:30:00,2.7401088000,2.7488912000,2.7313264000,2.7401088000,3778400
2022-06-09 13:45:00,2.7401088000,2.7488912000,2.7313264000,2.7401088000,1787700
2022-06-09 14:00:00,2.7401088000,2.7401088000,2.7225440000,2.7313264000,4217300
2022-06-09 14:15:00,2.7313264000,2.7488912000,2.7225440000,2.7488912000,2425600
2022-06-09 14:30:00,2.7488912000,2.7576736000,2.7401088000,2.7488912000,2185900
2022-06-09 14:45:00,2.7488912000,2.7576736000,2.7401088000,2.7488912000,2284606
2022-06-09 15:00:00,2.7488912000,2.7576736000,2.7401088000,2.7488912000,2724700
2022-06-10 09:45:00,2.7225440000,2.7576736000,2.7137616000,2.7576736000,7298587
2022-06-10 10:00:00,2.7576736000,2.7576736000,2.7401088000,2.7576736000,3242700
2022-06-10 10:15:00,2.7488912000,2.7664560000,2.7401088000,2.7401088000,2922500
2022-06-10 10:30:00,2.7401088000,2.7576736000,2.7401088000,2.7488912000,1241600
2022-06-10 10:45:00,2.7488912000,2.7576736000,2.7313264000,2.7313264000,3566200
2022-06-10 11:00:00,2.7401088000,2.7488912000,2.7313264000,2.7401088000,2340700
2022-06-10 11:15:00,2.7401088000,2.7576736000,2.7313264000,2.7401088000,2124017
2022-06-10 11:30:00,2.7401088000,2.7576736000,2.7401088000,2.7576736000,1826900
2022-06-10 13:15:00,2.7576736000,2.7576736000,2.7401088000,2.7488912000,1852900
2022-06-10 13:30:00,2.7488912000,2.7576736000,2.7401088000,2.7576736000,1899001
2022-06-10 13:45:00,2.7488912000,2.7576736000,2.7401088000,2.7488912000,2141300
2022-06-10 14:00:00,2.7488912000,2.7664560000,2.7401088000,2.7576736000,3244600
2022-06-10 14:15:00,2.7576736000,2.7664560000,2.7488912000,2.7576736000,2718219
2022-06-10 14:30:00,2.7664560000,2.7840208000,2.7664560000,2.7752384000,4608400
2022-06-10 14:45:00,2.7664560000,2.7752384000,2.7664560000,2.7664560000,2150600
2022-06-10 15:00:00,2.7752384000,2.7840208000,2.7664560000,2.7752384000,3758565
2022-06-13 09:45:00,2.7576736000,2.7752384000,2.7401088000,2.7664560000,6159775
2022-06-13 10:00:00,2.7664560000,2.7752384000,2.7488912000,2.7576736000,2623919
2022-06-13 10:15:00,2.7576736000,2.7576736000,2.7313264000,2.7401088000,5641781
2022-06-13 10:30:00,2.7401088000,2.7401088000,2.7137616000,2.7225440000,9184504
2022-06-13 10:45:00,2.7137616000,2.7313264000,2.7137616000,2.7313264000,3180100
2022-06-13 11:00:00,2.7313264000,2.7313264000,2.7137616000,2.7225440000,2309500
2022-06-13 11:15:00,2.7225440000,2.7313264000,2.7137616000,2.7225440000,2285000
2022-06-13 11:30:00,2.7137616000,2.7225440000,2.7049792000,2.7137616000,4974096
2022-06-13 13:15:00,2.7137616000,2.7225440000,2.7049792000,2.7137616000,2409456
2022-06-13 13:30:00,2.7137616000,2.7225440000,2.7049792000,2.7137616000,2474595
2022-06-13 13:45:00,2.7225440000,2.7225440000,2.6961968000,2.6961968000,3384449
2022-06-13 14:00:00,2.7049792000,2.7049792000,2.6874144000,2.6874144000,3967900
2022-06-13 14:15:00,2.6874144000,2.7049792000,2.6874144000,2.6874144000,2266900
2022-06-13 14:30:00,2.6961968000,2.7137616000,2.6874144000,2.7137616000,1857400
2022-06-13 14:45:00,2.7137616000,2.7137616000,2.7049792000,2.7137616000,1145300
2022-06-13 15:00:00,2.7049792000,2.7225440000,2.7049792000,2.7137616000,3367878
2022-06-14 09:45:00,2.6961968000,2.7049792000,2.6786320000,2.6874144000,5553900
2022-06-14 10:00:00,2.6874144000,2.6961968000,2.6786320000,2.6961968000,3798844
2022-06-14 10:15:00,2.6961968000,2.7137616000,2.6874144000,2.7049792000,3347600
2022-06-14 10:30:00,2.7137616000,2.7137616000,2.6874144000,2.6961968000,1591400
2022-06-14 10:45:00,2.6961968000,2.7049792000,2.6874144000,2.6961968000,1241300
2022-06-14 11:00:00,2.6961968000,2.6961968000,2.6698496000,2.6698496000,3683900
2022-06-14 11:15:00,2.6698496000,2.6874144000,2.6698496000,2.6698496000,2475900
2022-06-14 11:30:00,2.6698496000,2.6786320000,2.6610672000,2.6610672000,3168200
2022-06-14 13:15:00,2.6698496000,2.6961968000,2.6610672000,2.6961968000,1113614
2022-06-14 13:30:00,2.6874144000,2.6961968000,2.6786320000,2.6874144000,1026365
2022-06-14 13:45:00,2.6874144000,2.7137616000,2.6874144000,2.7137616000,2489500
2022-06-14 14:00:00,2.7137616000,2.7225440000,2.7137616000,2.7225440000,3091224
2022-06-14 14:15:00,2.7225440000,2.7313264000,2.7225440000,2.7225440000,2792401
2022-06-14 14:30:00,2.7313264000,2.7313264000,2.7225440000,2.7225440000,1365300
2022-06-14 14:45:00,2.7225440000,2.7488912000,2.7225440000,2.7488912000,4288972
2022-06-14 15:00:00,2.7488912000,2.7576736000,2.7401088000,2.7576736000,6466100
2022-06-15 09:45:00,2.7664560000,2.7840208000,2.7576736000,2.7752384000,11216514
2022-06-15 10:00:00,2.7664560000,2.7752384000,2.7488912000,2.7664560000,4796600
2022-06-15 10:15:00,2.7664560000,2.7840208000,2.7576736000,2.7752384000,4168700
2022-06-15 10:30:00,2.7752384000,2.7928032000,2.7752384000,2.7840208000,5430800
2022-06-15 10:45:00,2.7840208000,2.8015856000,2.7840208000,2.7928032000,6852394
2022-06-15 11:00:00,2.8015856000,2.8015856000,2.7840208000,2.7928032000,1389506
2022-06-15 11:15:00,2.7928032000,2.7928032000,2.7752384000,2.7840208000,2333200
2022-06-15 11:30:00,2.7840208000,2.8015856000,2.7840208000,2.8015856000,2746600
2022-06-15 13:15:00,2.8015856000,2.8103680000,2.7928032000,2.8015856000,4739400
2022-06-15 13:30:00,2.8015856000,2.8103680000,2.7928032000,2.8015856000,3675000
2022-06-15 13:45:00,2.8015856000,2.8103680000,2.7928032000,2.8103680000,3734000
2022-06-15 14:00:00,2.8103680000,2.8103680000,2.7928032000,2.8015856000,5457456
2022-06-15 14:15:00,2.8015856000,2.8103680000,2.7840208000,2.7928032000,3269300
2022-06-15 14:30:00,2.7928032000,2.7928032000,2.7840208000,2.7928032000,848600
2022-06-15 14:45:00,2.7928032000,2.7928032000,2.7752384000,2.7840208000,3277300
2022-06-15 15:00:00,2.7840208000,2.7928032000,2.7752384000,2.7752384000,3950600
2022-06-16 09:45:00,2.7752384000,2.7928032000,2.7488912000,2.7664560000,7561151
2022-06-16 10:00:00,2.7664560000,2.7664560000,2.7401088000,2.7576736000,5675200
2022-06-16 10:15:00,2.7488912000,2.7576736000,2.7313264000,2.7313264000,4798300
2022-06-16 10:30:00,2.7401088000,2.7488912000,2.7313264000,2.7313264000,3866900
2022-06-16 10:45:00,2.7313264000,2.7576736000,2.7313264000,2.7488912000,2304800
2022-06-16 11:00:00,2.7488912000,2.7576736000,2.7401088000,2.7576736000,1934600
2022-06-16 11:15:00,2.7488912000,2.7576736000,2.7401088000,2.7488912000,936301
2022-06-16 11:30:00,2.7401088000,2.7576736000,2.7401088000,2.7401088000,1390300
2022-06-16 13:15:00,2.7488912000,2.7488912000,2.7313264000,2.7401088000,2804600
2022-06-16 13:30:00,2.7313264000,2.7401088000,2.7313264000,2.7401088000,1540600
2022-06-16 13:45:00,2.7401088000,2.7401088000,2.7313264000,2.7313264000,1068700
2022-06-16 14:00:00,2.7313264000,2.7313264000,2.7137616000,2.7225440000,6615400
2022-06-16 14:15:00,2.7225440000,2.7313264000,2.7137616000,2.7313264000,2490500
2022-06-16 14:30:00,2.7313264000,2.7313264000,2.7137616000,2.7225440000,1880800
2022-06-16 14:45:00,2.7225440000,2.7313264000,2.7137616000,2.7137616000,2917601
2022-06-16 15:00:00,2.7137616000,2.7225440000,2.7137616000,2.7137616000,5544757
2022-06-17 09:45:00,2.6961968000,2.7049792000,2.6786320000,2.6874144000,5755100
2022-06-17 10:00:00,2.6874144000,2.6961968000,2.6786320000,2.6874144000,6923400
2022-06-17 10:15:00,2.6874144000,2.6961968000,2.6786320000,2.6961968000,3304300
2022-06-17 10:30:00,2.6961968000,2.6961968000,2.6786320000,2.6874144000,1920200
2022-06-17 10:45:00,2.6786320000,2.6961968000,2.6786320000,2.6786320000,3223500
2022-06-17 11:00:00,2.6786320000,2.6786320000,2.6610672000,2.6698496000,8653500
2022-06-17 11:15:00,2.6698496000,2.6698496000,2.6610672000,2.6610672000,1563500
2022-06-17 11:30:00,2.6610672000,2.6786320000,2.6610672000,2.6698496000,1819000
2022-06-17 13:15:00,2.6786320000,2.6786320000,2.6698496000,2.6786320000,1156910
2022-06-17 13:30:00,2.6786320000,2.6874144000,2.6698496000,2.6874144000,2198500
2022-06-17 13:45:00,2.6874144000,2.6961968000,2.6786320000,2.6961968000,1151701
2022-06-17 14:00:00,2.6961968000,2.6961968000,2.6786320000,2.6874144000,1535999
2022-06-17 14:15:00,2.6874144000,2.6874144000,2.6786320000,2.6786320000,1188800
2022-06-17 14:30:00,2.6786320000,2.6874144000,2.6786320000,2.6786320000,1439803
2022-06-17 14:45:00,2.6786320000,2.6961968000,2.6786320000,2.6874144000,2598197
2022-06-17 15:00:00,2.6874144000,2.6961968000,2.6874144000,2.6874144000,3010838
2022-06-20 09:45:00,2.6786320000,2.6874144000,2.6522848000,2.6610672000,7769000
2022-06-20 10:00:00,2.6610672000,2.6786320000,2.6522848000,2.6610672000,3553300
2022-06-20 10:15:00,2.6610672000,2.6610672000,2.6522848000,2.6610672000,4623300
2022-06-20 10:30:00,2.6610672000,2.6610672000,2.6522848000,2.6610672000,1768700
2022-06-20 10:45:00,2.6610672000,2.6698496000,2.6522848000,2.6610672000,1055300
2022-06-20 11:00:00,2.6610672000,2.6786320000,2.6610672000,2.6698496000,2036753
2022-06-20 11:15:00,2.6698496000,2.6698496000,2.6610672000,2.6610672000,2146100
2022-06-20 11:30:00,2.6610672000,2.6698496000,2.6522848000,2.6522848000,3845800
2022-06-20 13:15:00,2.6522848000,2.6786320000,2.6522848000,2.6698496000,3608700
2022-06-20 13:30:00,2.6698496000,2.6786320000,2.6610672000,2.6698496000,874400
2022-06-20 13:45:00,2.6698496000,2.6786320000,2.6698496000,2.6698496000,562000
2022-06-20 14:00:00,2.6698496000,2.6786320000,2.6698496000,2.6698496000,1468600
2022-06-20 14:15:00,2.6786320000,2.6786320000,2.6610672000,2.6698496000,1559900
2022-06-20 14:30:00,2.6698496000,2.6786320000,2.6610672000,2.6698496000,1755800
2022-06-20 14:45:00,2.6698496000,2.6786320000,2.6610672000,2.6698496000,2710000
2022-06-20 15:00:00,2.6698496000,2.6786320000,2.6610672000,2.6698496000,3536804
2022-06-21 09:45:00,2.6347200000,2.6786320000,2.6347200000,2.6786320000,5438962
2022-06-21 10:00:00,2.6786320000,2.6786320000,2.6610672000,2.6610672000,2650301
2022-06-21 10:15:00,2.6610672000,2.6698496000,2.6610672000,2.6610672000,1712800
2022-06-21 10:30:00,2.6610672000,2.6698496000,2.6522848000,2.6522848000,2559500
2022-06-21 10:45:00,2.6522848000,2.6698496000,2.6522848000,2.6610672000,2822500
2022-06-21 11:00:00,2.6610672000,2.6698496000,2.6522848000,2.6610672000,1578500
2022-06-21 11:15:00,2.6522848000,2.6698496000,2.6522848000,2.6698496000,1111300
2022-06-21 11:30:00,2.6610672000,2.6698496000,2.6610672000,2.6698496000,1114800
2022-06-21 13:15:00,2.6610672000,2.6786320000,2.6610672000,2.6698496000,2304900
2022-06-21 13:30:00,2.6698496000,2.6698496000,2.6610672000,2.6610672000,1798000
2022-06-21 13:45:00,2.6610672000,2.6698496000,2.6522848000,2.6610672000,1638400
2022-06-21 14:00:00,2.6610672000,2.6610672000,2.6522848000,2.6610672000,1971700
2022-06-21 14:15:00,2.6522848000,2.6610672000,2.6435024000,2.6522848000,2950400
2022-06-21 14:30:00,2.6522848000,2.6522848000,2.6435024000,2.6435024000,1438496
2022-06-21 14:45:00,2.6435024000,2.6610672000,2.6435024000,2.6610672000,3044990
2022-06-21 15:00:00,2.6610672000,2.6610672000,2.6435024000,2.6522848000,2488600
2022-06-22 09:45:00,2.6435024000,2.6435024000,2.5995904000,2.6083728000,20265400
2022-06-22 10:00:00,2.5995904000,2.6435024000,2.5995904000,2.6259376000,15442809
2022-06-22 10:15:00,2.6347200000,2.6610672000,2.6259376000,2.6435024000,7284138
2022-06-22 10:30:00,2.6347200000,2.6435024000,2.6259376000,2.6347200000,6955288
2022-06-22 10:45:00,2.6347200000,2.6522848000,2.6347200000,2.6435024000,4102647
2022-06-22 11:00:00,2.6435024000,2.6698496000,2.6435024000,2.6522848000,5360487
2022-06-22 11:15:00,2.6610672000,2.6610672000,2.6347200000,2.6435024000,3257300
2022-06-22 11:30:00,2.6435024000,2.6522848000,2.6347200000,2.6347200000,2645989
2022-06-22 13:15:00,2.6435024000,2.6435024000,2.6259376000,2.6347200000,3260655
2022-06-22 13:30:00,2.6347200000,2.6435024000,2.6259376000,2.6347200000,2406200
2022-06-22 13:45:00,2.6435024000,2.6435024000,2.6259376000,2.6347200000,3272600
2022-06-22 14:00:00,2.6347200000,2.6347200000,2.6083728000,2.6083728000,12501450
2022-06-22 14:15:00,2.6083728000,2.6259376000,2.6083728000,2.6083728000,3802300
2022-06-22 14:30:00,2.6083728000,2.6171552000,2.5995904000,2.5995904000,6067050
2022-06-22 14:45:00,2.6083728000,2.6083728000,2.5908080000,2.5995904000,9273300
2022-06-22 15:00:00,2.5995904000,2.6083728000,2.5908080000,2.5995904000,5332592
2022-06-23 09:45:00,2.5908080000,2.5908080000,2.5644608000,2.5732432000,12853829
2022-06-23 10:00:00,2.5732432000,2.5820256000,2.5644608000,2.5732432000,5114359
2022-06-23 10:15:00,2.5820256000,2.5820256000,2.5644608000,2.5732432000,7284100
2022-06-23 10:30:00,2.5732432000,2.5820256000,2.5732432000,2.5820256000,2550335
2022-06-23 10:45:00,2.5732432000,2.5995904000,2.5732432000,2.5820256000,6721819
2022-06-23 11:00:00,2.5820256000,2.5908080000,2.5732432000,2.5820256000,3112900
2022-06-23 11:15:00,2.5820256000,2.5820256000,2.5732432000,2.5820256000,2605500
2022-06-23 11:30:00,2.5820256000,2.5820256000,2.5732432000,2.5732432000,4069200
2022-06-23 13:15:00,2.5732432000,2.5820256000,2.5732432000,2.5820256000,4882400
2022-06-23 13:30:00,2.5820256000,2.5908080000,2.5732432000,2.5820256000,4592600
2022-06-23 13:45:00,2.5908080000,2.5995904000,2.5820256000,2.5908080000,6242400
2022-06-23 14:00:00,2.5908080000,2.5908080000,2.5820256000,2.5908080000,2919700
2022-06-23 14:15:00,2.5908080000,2.5995904000,2.5820256000,2.5995904000,4603145
2022-06-23 14:30:00,2.5995904000,2.6083728000,2.5908080000,2.5908080000,4912499
2022-06-23 14:45:00,2.5908080000,2.6083728000,2.5908080000,2.6083728000,4382500
2022-06-23 15:00:00,2.6083728000,2.6171552000,2.5995904000,2.6171552000,5690054
2022-06-24 09:45:00,2.6171552000,2.6171552000,2.5908080000,2.5908080000,5003100
2022-06-24 10:00:00,2.5908080000,2.5995904000,2.5908080000,2.5995904000,2335000
2022-06-24 10:15:00,2.5995904000,2.6083728000,2.5908080000,2.6083728000,4044800
2022-06-24 10:30:00,2.6083728000,2.6083728000,2.5908080000,2.6083728000,4682500
2022-06-24 10:45:00,2.5995904000,2.6083728000,2.5908080000,2.5995904000,2348600
2022-06-24 11:00:00,2.5995904000,2.6083728000,2.5908080000,2.5995904000,2193800
2022-06-24 11:15:00,2.5995904000,2.6083728000,2.5908080000,2.6083728000,1047000
2022-06-24 11:30:00,2.5995904000,2.6083728000,2.5908080000,2.5995904000,1704400
2022-06-24 13:15:00,2.5995904000,2.6083728000,2.5908080000,2.6083728000,680900
2022-06-24 13:30:00,2.6083728000,2.6083728000,2.5995904000,2.6083728000,2707335
2022-06-24 13:45:00,2.6083728000,2.6083728000,2.5908080000,2.5995904000,2287665
2022-06-24 14:00:00,2.5995904000,2.6171552000,2.5995904000,2.6083728000,2111854
2022-06-24 14:15:00,2.6083728000,2.6171552000,2.6083728000,2.6083728000,780000
2022-06-24 14:30:00,2.6083728000,2.6171552000,2.6083728000,2.6083728000,1981300
2022-06-24 14:45:00,2.6083728000,2.6171552000,2.5995904000,2.5995904000,3296400
2022-06-24 15:00:00,2.5995904000,2.6171552000,2.5995904000,2.6083728000,3448903
2022-06-27 09:45:00,2.6171552000,2.6259376000,2.5995904000,2.6171552000,5125800
2022-06-27 10:00:00,2.6259376000,2.6259376000,2.6083728000,2.6171552000,5119501
2022-06-27 10:15:00,2.6083728000,2.6259376000,2.6083728000,2.6171552000,4355319
2022-06-27 10:30:00,2.6259376000,2.6259376000,2.6171552000,2.6171552000,1683300
2022-06-27 10:45:00,2.6171552000,2.6259376000,2.6171552000,2.6171552000,2148900
2022-06-27 11:00:00,2.6171552000,2.6259376000,2.6171552000,2.6171552000,2073900
2022-06-27 11:15:00,2.6171552000,2.6259376000,2.6171552000,2.6171552000,1125200
2022-06-27 11:30:00,2.6259376000,2.6259376000,2.6083728000,2.6171552000,2479000
2022-06-27 13:15:00,2.6171552000,2.6171552000,2.6083728000,2.6171552000,919900
2022-06-27 13:30:00,2.6171552000,2.6171552000,2.5995904000,2.5995904000,4150100
2022-06-27 13:45:00,2.5995904000,2.6083728000,2.5995904000,2.5995904000,938600
2022-06-27 14:00:00,2.5995904000,2.6171552000,2.5995904000,2.6083728000,1623454
2022-06-27 14:15:00,2.6083728000,2.6171552000,2.6083728000,2.6083728000,1975300
2022-06-27 14:30:00,2.6083728000,2.6171552000,2.6083728000,2.6083728000,866400
2022-06-27 14:45:00,2.6171552000,2.6171552000,2.6083728000,2.6083728000,2424800
2022-06-27 15:00:00,2.6083728000,2.6171552000,2.6083728000,2.6083728000,2907020
2022-06-28 09:45:00,2.6171552000,2.6259376000,2.5995904000,2.6259376000,4885100
2022-06-28 10:00:00,2.6259376000,2.6259376000,2.6083728000,2.6171552000,1950200
2022-06-28 10:15:00,2.6171552000,2.6259376000,2.6083728000,2.6171552000,4398472
2022-06-28 10:30:00,2.6259376000,2.6435024000,2.6171552000,2.6435024000,7580100
2022-06-28 10:45:00,2.6435024000,2.6435024000,2.6347200000,2.6435024000,1274900
2022-06-28 11:00:00,2.6347200000,2.6435024000,2.6347200000,2.6347200000,1056300
2022-06-28 11:15:00,2.6435024000,2.6435024000,2.6347200000,2.6347200000,1222700
2022-06-28 11:30:00,2.6347200000,2.6435024000,2.6347200000,2.6347200000,963100
2022-06-28 13:15:00,2.6347200000,2.6435024000,2.6347200000,2.6435024000,1378200
2022-06-28 13:30:00,2.6435024000,2.6522848000,2.6347200000,2.6435024000,2857800
2022-06-28 13:45:00,2.6347200000,2.6522848000,2.6347200000,2.6435024000,1398458
2022-06-28 14:00:00,2.6435024000,2.6435024000,2.6347200000,2.6347200000,2141900
2022-06-28 14:15:00,2.6435024000,2.6522848000,2.6347200000,2.6522848000,1228100
2022-06-28 14:30:00,2.6522848000,2.6522848000,2.6435024000,2.6522848000,1913287
2022-06-28 14:45:00,2.6522848000,2.6522848000,2.6435024000,2.6522848000,3319335
2022-06-28 15:00:00,2.6522848000,2.6610672000,2.6435024000,2.6610672000,5869325
2022-06-29 09:45:00,2.6610672000,2.6610672000,2.6347200000,2.6435024000,5927100
2022-06-29 10:00:00,2.6435024000,2.6522848000,2.6347200000,2.6347200000,3474500
2022-06-29 10:15:00,2.6347200000,2.6522848000,2.6347200000,2.6522848000,1853500
2022-06-29 10:30:00,2.6522848000,2.6522848000,2.6435024000,2.6435024000,2189200
2022-06-29 10:45:00,2.6522848000,2.6522848000,2.6435024000,2.6435024000,1738000
2022-06-29 11:00:00,2.6435024000,2.6522848000,2.6347200000,2.6347200000,1771400
2022-06-29 11:15:00,2.6347200000,2.6435024000,2.6347200000,2.6347200000,884000
2022-06-29 11:30:00,2.6347200000,2.6435024000,2.6347200000,2.6347200000,1905800
2022-06-29 13:15:00,2.6435024000,2.6435024000,2.6259376000,2.6347200000,5200800
2022-06-29 13:30:00,2.6347200000,2.6347200000,2.6259376000,2.6259376000,1707000
2022-06-29 13:45:00,2.6259376000,2.6347200000,2.6171552000,2.6259376000,2322000
2022-06-29 14:00:00,2.6259376000,2.6347200000,2.6171552000,2.6347200000,1873100
2022-06-29 14:15:00,2.6347200000,2.6347200000,2.6259376000,2.6259376000,1421900
2022-06-29 14:30:00,2.6347200000,2.6435024000,2.6259376000,2.6347200000,3203404
2022-06-29 14:45:00,2.6435024000,2.6435024000,2.6171552000,2.6259376000,2550200
2022-06-29 15:00:00,2.6259376000,2.6259376000,2.6171552000,2.6259376000,3041597
2022-06-30 09:45:00,2.6259376000,2.6347200000,2.6171552000,2.6347200000,3394900
2022-06-30 10:00:00,2.6347200000,2.6435024000,2.6259376000,2.6347200000,2393100
2022-06-30 10:15:00,2.6347200000,2.6347200000,2.6171552000,2.6171552000,2583200
2022-06-30 10:30:00,2.6171552000,2.6259376000,2.6171552000,2.6171552000,1271000
2022-06-30 10:45:00,2.6259376000,2.6259376000,2.6171552000,2.6259376000,880900
2022-06-30 11:00:00,2.6259376000,2.6347200000,2.6171552000,2.6259376000,1738800
2022-06-30 11:15:00,2.6259376000,2.6347200000,2.6259376000,2.6259376000,658900
2022-06-30 11:30:00,2.6259376000,2.6347200000,2.6259376000,2.6259376000,392100
2022-06-30 13:15:00,2.6347200000,2.6347200000,2.6259376000,2.6259376000,920600
2022-06-30 13:30:00,2.6347200000,2.6347200000,2.6259376000,2.6347200000,1205400
2022-06-30 13:45:00,2.6347200000,2.6522848000,2.6259376000,2.6435024000,5340400
2022-06-30 14:00:00,2.6435024000,2.6522848000,2.6347200000,2.6435024000,2535600
2022-06-30 14:15:00,2.6347200000,2.6435024000,2.6347200000,2.6347200000,677800
2022-06-30 14:30:00,2.6347200000,2.6435024000,2.6259376000,2.6259376000,1432200
2022-06-30 14:45:00,2.6259376000,2.6347200000,2.6171552000,2.6171552000,2651700
2022-06-30 15:00:00,2.6259376000,2.6435024000,2.6171552000,2.6347200000,6145391
2022-07-01 09:45:00,2.6347200000,2.6347200000,2.6171552000,2.6171552000,3881101
2022-07-01 10:00:00,2.6259376000,2.6259376000,2.6171552000,2.6259376000,2301800
2022-07-01 10:15:00,2.6171552000,2.6259376000,2.6171552000,2.6171552000,1558200
2022-07-01 10:30:00,2.6171552000,2.6347200000,2.6171552000,2.6259376000,3134800
2022-07-01 10:45:00,2.6259376000,2.6610672000,2.6259376000,2.6522848000,5712438
2022-07-01 11:00:00,2.6522848000,2.6522848000,2.6435024000,2.6522848000,1532662
2022-07-01 11:15:00,2.6435024000,2.6522848000,2.6435024000,2.6522848000,614991
2022-07-01 11:30:00,2.6522848000,2.6522848000,2.6435024000,2.6522848000,794900
2022-07-01 13:15:00,2.6435024000,2.6522848000,2.6347200000,2.6435024000,1885100
2022-07-01 13:30:00,2.6435024000,2.6435024000,2.6347200000,2.6347200000,1219700
2022-07-01 13:45:00,2.6347200000,2.6435024000,2.6347200000,2.6435024000,1456101
2022-07-01 14:00:00,2.6435024000,2.6435024000,2.6347200000,2.6435024000,1410200
2022-07-01 14:15:00,2.6347200000,2.6435024000,2.6347200000,2.6435024000,523350
2022-07-01 14:30:00,2.6435024000,2.6435024000,2.6347200000,2.6435024000,1010900
2022-07-01 14:45:00,2.6435024000,2.6435024000,2.6347200000,2.6347200000,1051600
2022-07-01 15:00:00,2.6435024000,2.6435024000,2.6347200000,2.6347200000,2907501
2022-07-04 09:45:00,2.6259376000,2.6347200000,2.5995904000,2.5995904000,9108716
2022-07-04 10:00:00,2.5995904000,2.6171552000,2.5995904000,2.6171552000,1988889
2022-07-04 10:15:00,2.6171552000,2.6259376000,2.6083728000,2.6171552000,1478733
2022-07-04 10:30:00,2.6259376000,2.6259376000,2.6083728000,2.6171552000,1843500
2022-07-04 10:45:00,2.6171552000,2.6171552000,2.6083728000,2.6171552000,1065600
2022-07-04 11:00:00,2.6171552000,2.6171552000,2.6083728000,2.6171552000,807600
2022-07-04 11:15:00,2.6171552000,2.6171552000,2.6083728000,2.6171552000,1515500
2022-07-04 11:30:00,2.6171552000,2.6171552000,2.6083728000,2.6171552000,1165100
2022-07-04 13:15:00,2.6171552000,2.6171552000,2.6083728000,2.6083728000,2430500
2022-07-04 13:30:00,2.6083728000,2.6171552000,2.6083728000,2.6083728000,2510200
2022-07-04 13:45:00,2.6083728000,2.6171552000,2.6083728000,2.6083728000,2409676
2022-07-04 14:00:00,2.6083728000,2.6259376000,2.6083728000,2.6083728000,2729208
2022-07-04 14:15:00,2.6083728000,2.6171552000,2.6083728000,2.6171552000,1161800
2022-07-04 14:30:00,2.6171552000,2.6171552000,2.6083728000,2.6083728000,2861500
2022-07-04 14:45:00,2.6083728000,2.6171552000,2.6083728000,2.6083728000,1811100
2022-07-04 15:00:00,2.6083728000,2.6259376000,2.6083728000,2.6083728000,5203335
2022-07-05 09:45:00,2.6171552000,2.6610672000,2.6171552000,2.6522848000,11744911
2022-07-05 10:00:00,2.6522848000,2.6610672000,2.6435024000,2.6522848000,8530200
2022-07-05 10:15:00,2.6522848000,2.6610672000,2.6435024000,2.6435024000,3203700
2022-07-05 10:30:00,2.6522848000,2.6522848000,2.6347200000,2.6435024000,3119100
2022-07-05 10:45:00,2.6347200000,2.6435024000,2.6259376000,2.6347200000,3252689
2022-07-05 11:00:00,2.6259376000,2.6347200000,2.6259376000,2.6347200000,1914400
2022-07-05 11:15:00,2.6347200000,2.6435024000,2.6171552000,2.6171552000,3164700
2022-07-05 11:30:00,2.6171552000,2.6347200000,2.6171552000,2.6259376000,2332300
2022-07-05 13:15:00,2.6259376000,2.6435024000,2.6259376000,2.6347200000,3127946
2022-07-05 13:30:00,2.6347200000,2.6435024000,2.6259376000,2.6347200000,1263000
2022-07-05 13:45:00,2.6347200000,2.6347200000,2.6171552000,2.6171552000,2475300
2022-07-05 14:00:00,2.6259376000,2.6259376000,2.6083728000,2.6083728000,3913489
2022-07-05 14:15:00,2.6171552000,2.6259376000,2.6083728000,2.6171552000,3008600
2022-07-05 14:30:00,2.6259376000,2.6259376000,2.6171552000,2.6259376000,1075300
2022-07-05 14:45:00,2.6259376000,2.6259376000,2.6171552000,2.6259376000,2102500
2022-07-05 15:00:00,2.6259376000,2.6347200000,2.6171552000,2.6347200000,2802600
2022-07-06 09:45:00,2.6347200000,2.6347200000,2.5995904000,2.6083728000,7886200
2022-07-06 10:00:00,2.6083728000,2.6083728000,2.5995904000,2.5995904000,2893414
2022-07-06 10:15:00,2.5995904000,2.6083728000,2.5908080000,2.5995904000,6177086
2022-07-06 10:30:00,2.5908080000,2.5995904000,2.5820256000,2.5820256000,7454900
2022-07-06 10:45:00,2.5820256000,2.5908080000,2.5820256000,2.5908080000,2277200
2022-07-06 11:00:00,2.5908080000,2.5908080000,2.5820256000,2.5908080000,1801000
2022-07-06 11:15:00,2.5908080000,2.5908080000,2.5820256000,2.5908080000,2104400
2022-07-06 11:30:00,2.5820256000,2.5908080000,2.5820256000,2.5820256000,986700
2022-07-06 13:15:00,2.5908080000,2.5908080000,2.5820256000,2.5908080000,2018800
2022-07-06 13:30:00,2.5820256000,2.5908080000,2.5820256000,2.5820256000,758200
2022-07-06 13:45:00,2.5820256000,2.5908080000,2.5820256000,2.5908080000,1750300
2022-07-06 14:00:00,2.5820256000,2.5908080000,2.5732432000,2.5732432000,5254710
2022-07-06 14:15:00,2.5732432000,2.5820256000,2.5644608000,2.5732432000,4807690
2022-07-06 14:30:00,2.5644608000,2.5820256000,2.5644608000,2.5820256000,2338100
2022-07-06 14:45:00,2.5820256000,2.5908080000,2.5732432000,2.5908080000,1356700
2022-07-06 15:00:00,2.5908080000,2.5908080000,2.5820256000,2.5820256000,2341000
2022-07-07 09:45:00,2.6171552000,2.6522848000,2.5995904000,2.6347200000,20406596
2022-07-07 10:00:00,2.6259376000,2.6347200000,2.6171552000,2.6171552000,3204200
2022-07-07 10:15:00,2.6259376000,2.6259376000,2.6083728000,2.6083728000,4028967
2022-07-07 10:30:00,2.6083728000,2.6171552000,2.6083728000,2.6083728000,1948100
2022-07-07 10:45:00,2.6083728000,2.6171552000,2.5995904000,2.5995904000,2212000
2022-07-07 11:00:00,2.5995904000,2.6083728000,2.5995904000,2.5995904000,1170100
2022-07-07 11:15:00,2.5995904000,2.6083728000,2.5995904000,2.5995904000,732901
2022-07-07 11:30:00,2.5995904000,2.6171552000,2.5995904000,2.6171552000,1659927
2022-07-07 13:15:00,2.6171552000,2.6171552000,2.6083728000,2.6083728000,932700
2022-07-07 13:30:00,2.6083728000,2.6171552000,2.6083728000,2.6171552000,788900
2022-07-07 13:45:00,2.6171552000,2.6171552000,2.5995904000,2.5995904000,2625100
2022-07-07 14:00:00,2.5995904000,2.6083728000,2.5995904000,2.6083728000,1932400
2022-07-07 14:15:00,2.6083728000,2.6083728000,2.5908080000,2.5908080000,3294772
2022-07-07 14:30:00,2.5908080000,2.5995904000,2.5908080000,2.5995904000,2648400
2022-07-07 14:45:00,2.5995904000,2.6083728000,2.5908080000,2.5995904000,2118800
2022-07-07 15:00:00,2.5995904000,2.6083728000,2.5908080000,2.5995904000,3310124
2022-07-08 09:45:00,2.6083728000,2.6259376000,2.5995904000,2.6171552000,6292028
2022-07-08 10:00:00,2.6171552000,2.6259376000,2.6083728000,2.6083728000,2662900
2022-07-08 10:15:00,2.6083728000,2.6171552000,2.5995904000,2.6083728000,3746800
2022-07-08 10:30:00,2.6171552000,2.6171552000,2.6083728000,2.6171552000,1149617
2022-07-08 10:45:00,2.6171552000,2.6171552000,2.6083728000,2.6083728000,1085100
2022-07-08 11:00:00,2.6083728000,2.6171552000,2.6083728000,2.6083728000,1887600
2022-07-08 11:15:00,2.6083728000,2.6171552000,2.5995904000,2.6171552000,1832300
2022-07-08 11:30:00,2.6083728000,2.6171552000,2.6083728000,2.6083728000,1034800
2022-07-08 13:15:00,2.6083728000,2.6171552000,2.5995904000,2.5995904000,1104300
2022-07-08 13:30:00,2.5995904000,2.6083728000,2.5995904000,2.5995904000,1231500
2022-07-08 13:45:00,2.5995904000,2.6083728000,2.5995904000,2.5995904000,3516272
2022-07-08 14:00:00,2.5908080000,2.5995904000,2.5908080000,2.5995904000,2292600
2022-07-08 14:15:00,2.5995904000,2.6083728000,2.5995904000,2.5995904000,1211099
2022-07-08 14:30:00,2.5995904000,2.6083728000,2.5995904000,2.5995904000,2695700
2022-07-08 14:45:00,2.5995904000,2.5995904000,2.5908080000,2.5995904000,2764701
2022-07-08 15:00:00,2.5995904000,2.5995904000,2.5908080000,2.5995904000,3955300
2022-07-11 09:45:00,2.5908080000,2.5995904000,2.5644608000,2.5820256000,7952418
2022-07-11 10:00:00,2.5820256000,2.5820256000,2.5732432000,2.5732432000,2668600
2022-07-11 10:15:00,2.5732432000,2.5820256000,2.5732432000,2.5732432000,1999300
2022-07-11 10:30:00,2.5820256000,2.5820256000,2.5732432000,2.5732432000,2074101
2022-07-11 10:45:00,2.5732432000,2.5820256000,2.5732432000,2.5732432000,1934600
2022-07-11 11:00:00,2.5732432000,2.5820256000,2.5732432000,2.5732432000,930100
2022-07-11 11:15:00,2.5820256000,2.5820256000,2.5732432000,2.5732432000,956100
2022-07-11 11:30:00,2.5732432000,2.5908080000,2.5732432000,2.5820256000,2098644
2022-07-11 13:15:00,2.5908080000,2.5995904000,2.5820256000,2.5908080000,1577500
2022-07-11 13:30:00,2.5820256000,2.5908080000,2.5732432000,2.5732432000,1432000
2022-07-11 13:45:00,2.5732432000,2.5908080000,2.5732432000,2.5820256000,990800
2022-07-11 14:00:00,2.5820256000,2.5908080000,2.5820256000,2.5820256000,975300
2022-07-11 14:15:00,2.5820256000,2.5908080000,2.5732432000,2.5820256000,908400
2022-07-11 14:30:00,2.5732432000,2.5908080000,2.5732432000,2.5820256000,1610400
2022-07-11 14:45:00,2.5820256000,2.5908080000,2.5820256000,2.5820256000,911000
2022-07-11 15:00:00,2.5820256000,2.5908080000,2.5820256000,2.5820256000,1818200
2022-07-12 09:45:00,2.5908080000,2.5908080000,2.5732432000,2.5820256000,2851200
2022-07-12 10:00:00,2.5820256000,2.5908080000,2.5732432000,2.5732432000,3443700
2022-07-12 10:15:00,2.5732432000,2.5908080000,2.5732432000,2.5820256000,1618401
2022-07-12 10:30:00,2.5820256000,2.5908080000,2.5820256000,2.5908080000,1220800
2022-07-12 10:45:00,2.5820256000,2.5908080000,2.5820256000,2.5820256000,679600
2022-07-12 11:00:00,2.5820256000,2.5908080000,2.5820256000,2.5820256000,644745
2022-07-12 11:15:00,2.5820256000,2.5908080000,2.5732432000,2.5732432000,2139655
2022-07-12 11:30:00,2.5732432000,2.5820256000,2.5644608000,2.5644608000,3786800
2022-07-12 13:15:00,2.5732432000,2.5820256000,2.5644608000,2.5820256000,2338600
2022-07-12 13:30:00,2.5820256000,2.5820256000,2.5732432000,2.5732432000,1544577
2022-07-12 13:45:00,2.5732432000,2.5820256000,2.5732432000,2.5732432000,936100
2022-07-12 14:00:00,2.5732432000,2.5820256000,2.5732432000,2.5732432000,909100
2022-07-12 14:15:00,2.5820256000,2.5820256000,2.5644608000,2.5732432000,2733100
2022-07-12 14:30:00,2.5732432000,2.5820256000,2.5644608000,2.5732432000,679400
2022-07-12 14:45:00,2.5732432000,2.5820256000,2.5644608000,2.5732432000,2711800
2022-07-12 15:00:00,2.5732432000,2.5820256000,2.5644608000,2.5732432000,1710000
2022-07-13 09:45:00,2.5732432000,2.5820256000,2.5644608000,2.5820256000,3149701
2022-07-13 10:00:00,2.5820256000,2.5820256000,2.5732432000,2.5820256000,1362427
2022-07-13 10:15:00,2.5732432000,2.5820256000,2.5732432000,2.5732432000,936600
2022-07-13 10:30:00,2.5820256000,2.5820256000,2.5732432000,2.5732432000,1316069
2022-07-13 10:45:00,2.5820256000,2.5820256000,2.5644608000,2.5732432000,3300304
2022-07-13 11:00:00,2.5732432000,2.5820256000,2.5644608000,2.5732432000,1253800
2022-07-13 11:15:00,2.5732432000,2.5820256000,2.5732432000,2.5732432000,1077500
2022-07-13 11:30:00,2.5732432000,2.5820256000,2.5732432000,2.5820256000,1153400
2022-07-13 13:15:00,2.5732432000,2.5820256000,2.5732432000,2.5732432000,1620300
2022-07-13 13:30:00,2.5732432000,2.5820256000,2.5732432000,2.5732432000,1918700
2022-07-13 13:45:00,2.5732432000,2.5820256000,2.5644608000,2.5732432000,1596400
2022-07-13 14:00:00,2.5732432000,2.5820256000,2.5644608000,2.5732432000,1721000
2022-07-13 14:15:00,2.5732432000,2.5820256000,2.5644608000,2.5732432000,1173600
2022-07-13 14:30:00,2.5732432000,2.5732432000,2.5644608000,2.5732432000,1293400
2022-07-13 14:45:00,2.5732432000,2.5820256000,2.5644608000,2.5732432000,1670600
2022-07-13 15:00:00,2.5732432000,2.5820256000,2.5732432000,2.5732432000,2050100
2022-07-14 09:45:00,2.5820256000,2.5820256000,2.5644608000,2.5644608000,6669031
2022-07-14 10:00:00,2.5732432000,2.5732432000,2.5556784000,2.5644608000,4265169
2022-07-14 10:15:00,2.5644608000,2.5732432000,2.5644608000,2.5732432000,1011800
2022-07-14 10:30:00,2.5644608000,2.5732432000,2.5644608000,2.5644608000,1332700
2022-07-14 10:45:00,2.5644608000,2.5732432000,2.5644608000,2.5732432000,950300
2022-07-14 11:00:00,2.5732432000,2.5732432000,2.5644608000,2.5732432000,1091704
2022-07-14 11:15:00,2.5644608000,2.5732432000,2.5644608000,2.5644608000,960200
2022-07-14 11:30:00,2.5644608000,2.5732432000,2.5644608000,2.5732432000,599018
2022-07-14 13:15:00,2.5644608000,2.5732432000,2.5644608000,2.5644608000,648400
2022-07-14 13:30:00,2.5644608000,2.5820256000,2.5644608000,2.5820256000,1627610
2022-07-14 13:45:00,2.5820256000,2.5820256000,2.5732432000,2.5732432000,1158000
2022-07-14 14:00:00,2.5732432000,2.5732432000,2.5644608000,2.5732432000,1184700
2022-07-14 14:15:00,2.5732432000,2.5732432000,2.5644608000,2.5644608000,760700
2022-07-14 14:30:00,2.5732432000,2.5732432000,2.5644608000,2.5732432000,566500
2022-07-14 14:45:00,2.5644608000,2.5732432000,2.5644608000,2.5644608000,1590463
2022-07-14 15:00:00,2.5732432000,2.5732432000,2.5644608000,2.5644608000,1843800
2022-07-15 09:45:00,2.5556784000,2.5732432000,2.5556784000,2.5556784000,3629718
2022-07-15 10:00:00,2.5556784000,2.5644608000,2.5556784000,2.5556784000,967400
2022-07-15 10:15:00,2.5644608000,2.5644608000,2.5556784000,2.5556784000,1099100
2022-07-15 10:30:00,2.5556784000,2.5732432000,2.5556784000,2.5644608000,2682200
2022-07-15 10:45:00,2.5644608000,2.5732432000,2.5644608000,2.5644608000,2500300
2022-07-15 11:00:00,2.5644608000,2.5732432000,2.5644608000,2.5644608000,593800
2022-07-15 11:15:00,2.5644608000,2.5732432000,2.5644608000,2.5732432000,638900
2022-07-15 11:30:00,2.5732432000,2.5732432000,2.5644608000,2.5732432000,2841600
2022-07-15 13:15:00,2.5644608000,2.5732432000,2.5644608000,2.5644608000,839900
2022-07-15 13:30:00,2.5732432000,2.5732432000,2.5644608000,2.5644608000,1057200
2022-07-15 13:45:00,2.5732432000,2.5732432000,2.5556784000,2.5644608000,1499600
2022-07-15 14:00:00,2.5556784000,2.5644608000,2.5556784000,2.5556784000,833002
2022-07-15 14:15:00,2.5556784000,2.5644608000,2.5556784000,2.5556784000,794800
2022-07-15 14:30:00,2.5556784000,2.5644608000,2.5556784000,2.5556784000,1476800
2022-07-15 14:45:00,2.5556784000,2.5644608000,2.5556784000,2.5556784000,3056720
2022-07-15 15:00:00,2.5556784000,2.5644608000,2.5468960000,2.5468960000,5775000
2022-07-18 09:45:00,2.5468960000,2.5644608000,2.5468960000,2.5556784000,4468900
2022-07-18 10:00:00,2.5556784000,2.5732432000,2.5556784000,2.5644608000,3248000
2022-07-18 10:15:00,2.5732432000,2.5820256000,2.5644608000,2.5732432000,3293900
2022-07-18 10:30:00,2.5732432000,2.5820256000,2.5732432000,2.5820256000,2836500
2022-07-18 10:45:00,2.5732432000,2.5908080000,2.5732432000,2.5908080000,2981881
2022-07-18 11:00:00,2.5908080000,2.5908080000,2.5820256000,2.5820256000,1530700
2022-07-18 11:15:00,2.5820256000,2.5908080000,2.5732432000,2.5732432000,1821143
2022-07-18 11:30:00,2.5732432000,2.5908080000,2.5732432000,2.5820256000,2563000
2022-07-18 13:15:00,2.5820256000,2.5908080000,2.5820256000,2.5820256000,2019501
2022-07-18 13:30:00,2.5820256000,2.5908080000,2.5820256000,2.5908080000,1669600
2022-07-18 13:45:00,2.5820256000,2.5908080000,2.5732432000,2.5908080000,1768599
2022-07-18 14:00:00,2.5908080000,2.5908080000,2.5820256000,2.5820256000,892300
2022-07-18 14:15:00,2.5820256000,2.5908080000,2.5820256000,2.5820256000,583400
2022-07-18 14:30:00,2.5820256000,2.5908080000,2.5820256000,2.5820256000,1109400
2022-07-18 14:45:00,2.5820256000,2.5908080000,2.5820256000,2.5820256000,4072200
2022-07-18 15:00:00,2.5820256000,2.5908080000,2.5820256000,2.5908080000,3043423
2022-07-19 09:45:00,2.5908080000,2.6171552000,2.5820256000,2.6083728000,9256812
2022-07-19 10:00:00,2.6083728000,2.6171552000,2.5995904000,2.5995904000,4040523
2022-07-19 10:15:00,2.6083728000,2.6083728000,2.5995904000,2.6083728000,1694600
2022-07-19 10:30:00,2.6083728000,2.6083728000,2.5995904000,2.5995904000,1761300
2022-07-19 10:45:00,2.6083728000,2.6083728000,2.5995904000,2.6083728000,1409400
2022-07-19 11:00:00,2.5995904000,2.6083728000,2.5995904000,2.6083728000,1203500
2022-07-19 11:15:00,2.6083728000,2.6171552000,2.5995904000,2.6083728000,2875800
2022-07-19 11:30:00,2.6171552000,2.6171552000,2.6083728000,2.6083728000,1139100
2022-07-19 13:15:00,2.6083728000,2.6171552000,2.6083728000,2.6083728000,1473700
2022-07-19 13:30:00,2.6171552000,2.6171552000,2.5995904000,2.6083728000,4158200
2022-07-19 13:45:00,2.6083728000,2.6171552000,2.5995904000,2.6083728000,3032100
2022-07-19 14:00:00,2.6083728000,2.6347200000,2.6083728000,2.6347200000,11347825
2022-07-19 14:15:00,2.6347200000,2.6347200000,2.6259376000,2.6347200000,3023600
2022-07-19 14:30:00,2.6347200000,2.6435024000,2.6259376000,2.6435024000,3270140
2022-07-19 14:45:00,2.6435024000,2.6435024000,2.6347200000,2.6435024000,2268900
2022-07-19 15:00:00,2.6435024000,2.6435024000,2.6347200000,2.6435024000,3617600
2022-07-20 09:45:00,2.6961968000,2.7049792000,2.6698496000,2.6786320000,18538902
2022-07-20 10:00:00,2.6874144000,2.6874144000,2.6610672000,2.6786320000,6896598
2022-07-20 10:15:00,2.6698496000,2.6874144000,2.6698496000,2.6874144000,5767300
2022-07-20 10:30:00,2.6874144000,2.6874144000,2.6786320000,2.6874144000,3940100
2022-07-20 10:45:00,2.6874144000,2.6961968000,2.6786320000,2.6874144000,4452620
2022-07-20 11:00:00,2.6874144000,2.6961968000,2.6874144000,2.6961968000,3717800
2022-07-20 11:15:00,2.6961968000,2.7137616000,2.6961968000,2.7137616000,14662216
2022-07-20 11:30:00,2.7049792000,2.7225440000,2.7049792000,2.7137616000,4968200
2022-07-20 13:15:00,2.7137616000,2.7225440000,2.7049792000,2.7137616000,5611600
2022-07-20 13:30:00,2.7049792000,2.7137616000,2.7049792000,2.7049792000,3146000
2022-07-20 13:45:00,2.7137616000,2.7137616000,2.7049792000,2.7137616000,2762400
2022-07-20 14:00:00,2.7137616000,2.7137616000,2.7049792000,2.7137616000,1889600
2022-07-20 14:15:00,2.7137616000,2.7137616000,2.7049792000,2.7137616000,1880000
2022-07-20 14:30:00,2.7137616000,2.7137616000,2.7049792000,2.7137616000,2037400
2022-07-20 14:45:00,2.7137616000,2.7225440000,2.7049792000,2.7225440000,10309600
2022-07-20 15:00:00,2.7225440000,2.7225440000,2.7137616000,2.7137616000,7752000
2022-07-21 09:45:00,2.7225440000,2.7401088000,2.6961968000,2.7049792000,12513700
2022-07-21 10:00:00,2.7049792000,2.7137616000,2.6961968000,2.7049792000,4157176
2022-07-21 10:15:00,2.7049792000,2.7137616000,2.7049792000,2.7049792000,3451600
2022-07-21 10:30:00,2.7049792000,2.7225440000,2.7049792000,2.7225440000,7851814
2022-07-21 10:45:00,2.7137616000,2.7313264000,2.7137616000,2.7225440000,4044520
2022-07-21 11:00:00,2.7313264000,2.7313264000,2.7225440000,2.7313264000,3489480
2022-07-21 11:15:00,2.7313264000,2.7401088000,2.7225440000,2.7401088000,4864389
2022-07-21 11:30:00,2.7401088000,2.7488912000,2.7313264000,2.7488912000,5690355
2022-07-21 13:15:00,2.7488912000,2.7576736000,2.7401088000,2.7488912000,4989330
2022-07-21 13:30:00,2.7488912000,2.7576736000,2.7488912000,2.7576736000,3038300
2022-07-21 13:45:00,2.7576736000,2.7576736000,2.7488912000,2.7576736000,6122000
2022-07-21 14:00:00,2.7576736000,2.7576736000,2.7488912000,2.7488912000,3036501
2022-07-21 14:15:00,2.7488912000,2.7576736000,2.7401088000,2.7576736000,2974100
2022-07-21 14:30:00,2.7576736000,2.7576736000,2.7488912000,2.7576736000,3551500
2022-07-21 14:45:00,2.7488912000,2.7576736000,2.7401088000,2.7401088000,4797689
2022-07-21 15:00:00,2.7401088000,2.7488912000,2.7313264000,2.7313264000,6600000
2022-07-22 09:45:00,2.7401088000,2.7576736000,2.7401088000,2.7401088000,5609700
2022-07-22 10:00:00,2.7401088000,2.7576736000,2.7313264000,2.7488912000,7013213
2022-07-22 10:15:00,2.7576736000,2.7752384000,2.7488912000,2.7752384000,8686800
2022-07-22 10:30:00,2.7664560000,2.7752384000,2.7576736000,2.7664560000,4464055
2022-07-22 10:45:00,2.7664560000,2.7752384000,2.7576736000,2.7576736000,3745054
2022-07-22 11:00:00,2.7576736000,2.7664560000,2.7576736000,2.7576736000,2244701
2022-07-22 11:15:00,2.7576736000,2.7752384000,2.7576736000,2.7752384000,4578092
2022-07-22 11:30:00,2.7752384000,2.7752384000,2.7488912000,2.7488912000,2686900
2022-07-22 13:15:00,2.7488912000,2.7576736000,2.7488912000,2.7576736000,1867300
2022-07-22 13:30:00,2.7576736000,2.7664560000,2.7488912000,2.7576736000,2467900
2022-07-22 13:45:00,2.7664560000,2.7664560000,2.7313264000,2.7401088000,4019600
2022-07-22 14:00:00,2.7401088000,2.7488912000,2.7225440000,2.7401088000,3490076
2022-07-22 14:15:00,2.7313264000,2.7488912000,2.7313264000,2.7313264000,3540300
2022-07-22 14:30:00,2.7313264000,2.7488912000,2.7313264000,2.7401088000,2934700
2022-07-22 14:45:00,2.7488912000,2.7576736000,2.7401088000,2.7576736000,4379100
2022-07-22 15:00:00,2.7488912000,2.7664560000,2.7488912000,2.7576736000,7454939
2022-07-25 09:45:00,2.7576736000,2.7752384000,2.7488912000,2.7576736000,6417400
2022-07-25 10:00:00,2.7488912000,2.7664560000,2.7488912000,2.7664560000,4351300
2022-07-25 10:15:00,2.7576736000,2.7664560000,2.7401088000,2.7488912000,3563200
2022-07-25 10:30:00,2.7488912000,2.7488912000,2.7313264000,2.7401088000,2948268
2022-07-25 10:45:00,2.7401088000,2.7488912000,2.7313264000,2.7488912000,1596607
2022-07-25 11:00:00,2.7488912000,2.7488912000,2.7313264000,2.7313264000,2795131
2022-07-25 11:15:00,2.7401088000,2.7401088000,2.7225440000,2.7313264000,2813700
2022-07-25 11:30:00,2.7225440000,2.7313264000,2.7137616000,2.7137616000,2894700
2022-07-25 13:15:00,2.7137616000,2.7313264000,2.7137616000,2.7225440000,2858900
2022-07-25 13:30:00,2.7137616000,2.7225440000,2.7137616000,2.7225440000,1466000
2022-07-25 13:45:00,2.7225440000,2.7313264000,2.7049792000,2.7225440000,3228900
2022-07-25 14:00:00,2.7225440000,2.7313264000,2.7049792000,2.7049792000,2148100
2022-07-25 14:15:00,2.7049792000,2.7225440000,2.7049792000,2.7137616000,2246500
2022-07-25 14:30:00,2.7137616000,2.7225440000,2.7049792000,2.7049792000,4603800
2022-07-25 14:45:00,2.7049792000,2.7225440000,2.6961968000,2.7137616000,5161505
2022-07-25 15:00:00,2.7225440000,2.7225440000,2.7049792000,2.7137616000,3588100
2022-07-26 09:45:00,2.7225440000,2.7313264000,2.7049792000,2.7225440000,5099300
2022-07-26 10:00:00,2.7225440000,2.7225440000,2.7049792000,2.7225440000,2612900
2022-07-26 10:15:00,2.7225440000,2.7225440000,2.7049792000,2.7137616000,1953100
2022-07-26 10:30:00,2.7049792000,2.7137616000,2.7049792000,2.7049792000,1613300
2022-07-26 10:45:00,2.7137616000,2.7137616000,2.6961968000,2.7049792000,3807600
2022-07-26 11:00:00,2.7049792000,2.7137616000,2.7049792000,2.7049792000,940700
2022-07-26 11:15:00,2.7137616000,2.7225440000,2.7049792000,2.7137616000,3002300
2022-07-26 11:30:00,2.7137616000,2.7313264000,2.7137616000,2.7313264000,3375000
2022-07-26 13:15:00,2.7225440000,2.7313264000,2.7225440000,2.7225440000,1809900
2022-07-26 13:30:00,2.7313264000,2.7313264000,2.7225440000,2.7225440000,1395300
2022-07-26 13:45:00,2.7313264000,2.7313264000,2.7137616000,2.7313264000,2487200
2022-07-26 14:00:00,2.7313264000,2.7313264000,2.7137616000,2.7225440000,1433900
2022-07-26 14:15:00,2.7225440000,2.7401088000,2.7225440000,2.7313264000,2734100
2022-07-26 14:30:00,2.7401088000,2.7576736000,2.7313264000,2.7488912000,7331400
2022-07-26 14:45:00,2.7488912000,2.7488912000,2.7401088000,2.7488912000,2720400
2022-07-26 15:00:00,2.7488912000,2.7488912000,2.7401088000,2.7488912000,4280400
2022-07-27 09:45:00,2.7401088000,2.7576736000,2.7225440000,2.7313264000,5997900
2022-07-27 10:00:00,2.7313264000,2.7313264000,2.7225440000,2.7313264000,2890800
2022-07-27 10:15:00,2.7313264000,2.7313264000,2.7225440000,2.7313264000,2062100
2022-07-27 10:30:00,2.7313264000,2.7313264000,2.7225440000,2.7225440000,2387100
2022-07-27 10:45:00,2.7225440000,2.7313264000,2.7225440000,2.7313264000,1665300
2022-07-27 11:00:00,2.7225440000,2.7313264000,2.7137616000,2.7225440000,3603200
2022-07-27 11:15:00,2.7137616000,2.7225440000,2.7137616000,2.7137616000,2454000
2022-07-27 11:30:00,2.7137616000,2.7225440000,2.7137616000,2.7225440000,2678800
2022-07-27 13:15:00,2.7225440000,2.7225440000,2.7137616000,2.7137616000,1096100
2022-07-27 13:30:00,2.7225440000,2.7225440000,2.7137616000,2.7137616000,1645563
2022-07-27 13:45:00,2.7137616000,2.7313264000,2.7137616000,2.7225440000,2650900
2022-07-27 14:00:00,2.7225440000,2.7313264000,2.7225440000,2.7313264000,2056100
2022-07-27 14:15:00,2.7313264000,2.7401088000,2.7225440000,2.7313264000,3318300
2022-07-27 14:30:00,2.7313264000,2.7401088000,2.7225440000,2.7313264000,2937000
2022-07-27 14:45:00,2.7313264000,2.7313264000,2.7225440000,2.7313264000,5056208
2022-07-27 15:00:00,2.7313264000,2.7401088000,2.7225440000,2.7313264000,8457079
2022-07-28 09:45:00,2.7407784000,2.7596803200,2.7313274400,2.7502293600,18601499
2022-07-28 10:00:00,2.7407784000,2.7502293600,2.7313274400,2.7407784000,5235401
2022-07-28 10:15:00,2.7313274400,2.7407784000,2.7124255200,2.7124255200,7972900
2022-07-28 10:30:00,2.7218764800,2.7218764800,2.7029745600,2.7124255200,5786800
2022-07-28 10:45:00,2.7124255200,2.7218764800,2.7029745600,2.7029745600,4447500
2022-07-28 11:00:00,2.7029745600,2.7218764800,2.7029745600,2.7124255200,3603100
2022-07-28 11:15:00,2.7124255200,2.7218764800,2.7124255200,2.7218764800,1991100
2022-07-28 11:30:00,2.7218764800,2.7218764800,2.7124255200,2.7124255200,3084647
2022-07-28 13:15:00,2.7124255200,2.7218764800,2.7029745600,2.7124255200,2986653
2022-07-28 13:30:00,2.7029745600,2.7124255200,2.7029745600,2.7124255200,1855500
2022-07-28 13:45:00,2.7029745600,2.7124255200,2.7029745600,2.7124255200,2184957
2022-07-28 14:00:00,2.7124255200,2.7124255200,2.6935236000,2.7029745600,5244143
2022-07-28 14:15:00,2.7029745600,2.7029745600,2.6935236000,2.7029745600,1932648
2022-07-28 14:30:00,2.6935236000,2.7029745600,2.6840726400,2.6840726400,5663107
2022-07-28 14:45:00,2.6840726400,2.7029745600,2.6840726400,2.7029745600,3475300
2022-07-28 15:00:00,2.6935236000,2.6935236000,2.6840726400,2.6840726400,6942740
2022-07-29 09:45:00,2.7029745600,2.7029745600,2.6746216800,2.6840726400,5993238
2022-07-29 10:00:00,2.6840726400,2.6935236000,2.6746216800,2.6840726400,4416500
2022-07-29 10:15:00,2.6840726400,2.6840726400,2.6651707200,2.6651707200,5250800
2022-07-29 10:30:00,2.6746216800,2.6746216800,2.6462688000,2.6557197600,6814400
2022-07-29 10:45:00,2.6557197600,2.6651707200,2.6462688000,2.6651707200,2622700
2022-07-29 11:00:00,2.6557197600,2.6651707200,2.6557197600,2.6557197600,1913300
2022-07-29 11:15:00,2.6651707200,2.6651707200,2.6462688000,2.6462688000,2572540
2022-07-29 11:30:00,2.6462688000,2.6557197600,2.6462688000,2.6462688000,3071000
2022-07-29 13:15:00,2.6557197600,2.6557197600,2.6462688000,2.6462688000,2531600
2022-07-29 13:30:00,2.6462688000,2.6557197600,2.6462688000,2.6462688000,1535800
2022-07-29 13:45:00,2.6462688000,2.6557197600,2.6462688000,2.6462688000,1841800
2022-07-29 14:00:00,2.6462688000,2.6651707200,2.6462688000,2.6557197600,3303900
2022-07-29 14:15:00,2.6557197600,2.6651707200,2.6462688000,2.6557197600,2138400
2022-07-29 14:30:00,2.6462688000,2.6557197600,2.6462688000,2.6557197600,1729900
2022-07-29 14:45:00,2.6462688000,2.6557197600,2.6462688000,2.6557197600,2990200
2022-07-29 15:00:00,2.6462688000,2.6557197600,2.6462688000,2.6557197600,4082700
2022-08-01 09:45:00,2.6368178400,2.6557197600,2.6273668800,2.6462688000,5150101
2022-08-01 10:00:00,2.6368178400,2.6462688000,2.6273668800,2.6368178400,3822500
2022-08-01 10:15:00,2.6462688000,2.6462688000,2.6273668800,2.6368178400,3555800
2022-08-01 10:30:00,2.6273668800,2.6462688000,2.6273668800,2.6462688000,1763840
2022-08-01 10:45:00,2.6368178400,2.6462688000,2.6273668800,2.6273668800,2986900
2022-08-01 11:00:00,2.6368178400,2.6462688000,2.6273668800,2.6462688000,2033100
2022-08-01 11:15:00,2.6462688000,2.6462688000,2.6368178400,2.6368178400,861700
2022-08-01 11:30:00,2.6368178400,2.6462688000,2.6179159200,2.6273668800,5508060
2022-08-01 13:15:00,2.6368178400,2.6368178400,2.6273668800,2.6273668800,1838400
2022-08-01 13:30:00,2.6368178400,2.6368178400,2.6273668800,2.6273668800,1040000
2022-08-01 13:45:00,2.6273668800,2.6368178400,2.6273668800,2.6273668800,1160106
2022-08-01 14:00:00,2.6273668800,2.6462688000,2.6273668800,2.6368178400,3614200
2022-08-01 14:15:00,2.6368178400,2.6368178400,2.6273668800,2.6273668800,984700
2022-08-01 14:30:00,2.6273668800,2.6368178400,2.6273668800,2.6273668800,1323001
2022-08-01 14:45:00,2.6368178400,2.6368178400,2.6273668800,2.6273668800,2236200
2022-08-01 15:00:00,2.6273668800,2.6368178400,2.6273668800,2.6273668800,3169328
2022-08-02 09:45:00,2.6084649600,2.6084649600,2.4856024800,2.5328572800,20593800
2022-08-02 10:00:00,2.5328572800,2.5423082400,2.5139553600,2.5328572800,5216700
2022-08-02 10:15:00,2.5423082400,2.5423082400,2.5234063200,2.5328572800,3289200
2022-08-02 10:30:00,2.5328572800,2.5328572800,2.5234063200,2.5328572800,2193300
2022-08-02 10:45:00,2.5234063200,2.5328572800,2.5045044000,2.5139553600,3814300
2022-08-02 11:00:00,2.5045044000,2.5234063200,2.4856024800,2.5139553600,7039971
2022-08-02 11:15:00,2.5139553600,2.5234063200,2.5045044000,2.5139553600,1852380
2022-08-02 11:30:00,2.5234063200,2.5234063200,2.5045044000,2.5139553600,2168248
2022-08-02 13:15:00,2.5139553600,2.5234063200,2.4950534400,2.5234063200,3262718
2022-08-02 13:30:00,2.5234063200,2.5328572800,2.5139553600,2.5328572800,1614800
2022-08-02 13:45:00,2.5234063200,2.5328572800,2.5139553600,2.5328572800,1445855
2022-08-02 14:00:00,2.5328572800,2.5423082400,2.5234063200,2.5423082400,1824700
2022-08-02 14:15:00,2.5328572800,2.5517592000,2.5328572800,2.5517592000,2052600
2022-08-02 14:30:00,2.5517592000,2.5612101600,2.5423082400,2.5612101600,2634300
2022-08-02 14:45:00,2.5612101600,2.5612101600,2.5328572800,2.5328572800,2123100
2022-08-02 15:00:00,2.5328572800,2.5423082400,2.5234063200,2.5328572800,3601703
2022-08-03 09:45:00,2.5139553600,2.5517592000,2.5139553600,2.5423082400,6415477
2022-08-03 10:00:00,2.5517592000,2.5517592000,2.5234063200,2.5234063200,5057300
2022-08-03 10:15:00,2.5234063200,2.5328572800,2.5234063200,2.5234063200,2328145
2022-08-03 10:30:00,2.5328572800,2.5328572800,2.5139553600,2.5234063200,2894355
2022-08-03 10:45:00,2.5139553600,2.5234063200,2.5139553600,2.5234063200,1152300
2022-08-03 11:00:00,2.5139553600,2.5234063200,2.5045044000,2.5139553600,5037700
2022-08-03 11:15:00,2.5139553600,2.5139553600,2.5045044000,2.5139553600,1462900
2022-08-03 11:30:00,2.5139553600,2.5328572800,2.5045044000,2.5234063200,1975900
2022-08-03 13:15:00,2.5234063200,2.5234063200,2.5045044000,2.5045044000,4108512
2022-08-03 13:30:00,2.5139553600,2.5139553600,2.5045044000,2.5139553600,1721200
2022-08-03 13:45:00,2.5139553600,2.5234063200,2.5045044000,2.5139553600,1774100
2022-08-03 14:00:00,2.5139553600,2.5234063200,2.5045044000,2.5139553600,2133800
2022-08-03 14:15:00,2.5045044000,2.5139553600,2.4950534400,2.5045044000,4512300
2022-08-03 14:30:00,2.5045044000,2.5045044000,2.4856024800,2.4856024800,3227300
2022-08-03 14:45:00,2.4856024800,2.4950534400,2.4572496000,2.4667005600,8209700
2022-08-03 15:00:00,2.4572496000,2.4761515200,2.4572496000,2.4667005600,5343500
2022-08-04 09:45:00,2.4761515200,2.4950534400,2.4572496000,2.4761515200,7923500
2022-08-04 10:00:00,2.4761515200,2.4761515200,2.4667005600,2.4761515200,1890200
2022-08-04 10:15:00,2.4667005600,2.4761515200,2.4667005600,2.4667005600,1736600
2022-08-04 10:30:00,2.4761515200,2.4761515200,2.4667005600,2.4667005600,2130600
2022-08-04 10:45:00,2.4667005600,2.4761515200,2.4667005600,2.4667005600,1775201
2022-08-04 11:00:00,2.4667005600,2.4761515200,2.4667005600,2.4667005600,842000
2022-08-04 11:15:00,2.4667005600,2.4761515200,2.4667005600,2.4761515200,1186500
2022-08-04 11:30:00,2.4761515200,2.4761515200,2.4667005600,2.4667005600,952200
2022-08-04 13:15:00,2.4761515200,2.4761515200,2.4477986400,2.4572496000,8836799
2022-08-04 13:30:00,2.4572496000,2.4572496000,2.4383476800,2.4477986400,3790632
2022-08-04 13:45:00,2.4572496000,2.4667005600,2.4477986400,2.4572496000,1635700
2022-08-04 14:00:00,2.4572496000,2.4667005600,2.4477986400,2.4572496000,1188700
2022-08-04 14:15:00,2.4572496000,2.4667005600,2.4477986400,2.4667005600,1079000
2022-08-04 14:30:00,2.4667005600,2.4667005600,2.4572496000,2.4572496000,912130
2022-08-04 14:45:00,2.4667005600,2.4667005600,2.4477986400,2.4667005600,2717170
2022-08-04 15:00:00,2.4667005600,2.4761515200,2.4572496000,2.4667005600,3140708
2022-08-05 09:45:00,2.4667005600,2.4667005600,2.4477986400,2.4667005600,3079827
2022-08-05 10:00:00,2.4572496000,2.4667005600,2.4572496000,2.4572496000,1470100
2022-08-05 10:15:00,2.4572496000,2.4761515200,2.4572496000,2.4761515200,2826800
2022-08-05 10:30:00,2.4761515200,2.4856024800,2.4572496000,2.4667005600,5627300
2022-08-05 10:45:00,2.4667005600,2.4761515200,2.4572496000,2.4667005600,2322800
2022-08-05 11:00:00,2.4667005600,2.4667005600,2.4572496000,2.4572496000,1299825
2022-08-05 11:15:00,2.4572496000,2.4667005600,2.4477986400,2.4572496000,4136075
2022-08-05 11:30:00,2.4572496000,2.4761515200,2.4572496000,2.4761515200,735000
2022-08-05 13:15:00,2.4667005600,2.4761515200,2.4572496000,2.4667005600,1181500
2022-08-05 13:30:00,2.4667005600,2.4667005600,2.4572496000,2.4572496000,539563
2022-08-05 13:45:00,2.4572496000,2.4667005600,2.4572496000,2.4572496000,1355100
2022-08-05 14:00:00,2.4572496000,2.4856024800,2.4572496000,2.4761515200,2865955
2022-08-05 14:15:00,2.4856024800,2.5045044000,2.4856024800,2.5045044000,2891535
2022-08-05 14:30:00,2.5045044000,2.5045044000,2.4950534400,2.4950534400,1563500
2022-08-05 14:45:00,2.4950534400,2.5045044000,2.4950534400,2.5045044000,2991300
2022-08-05 15:00:00,2.5045044000,2.5139553600,2.4950534400,2.5139553600,4063579
2022-08-08 09:45:00,2.5045044000,2.5139553600,2.4761515200,2.5139553600,4780356
2022-08-08 10:00:00,2.5045044000,2.5139553600,2.4950534400,2.5045044000,2211100
2022-08-08 10:15:00,2.5139553600,2.5139553600,2.4950534400,2.5045044000,2026800
2022-08-08 10:30:00,2.5045044000,2.5139553600,2.4950534400,2.4950534400,1163400
2022-08-08 10:45:00,2.4950534400,2.5045044000,2.4950534400,2.4950534400,995700
2022-08-08 11:00:00,2.4950534400,2.5045044000,2.4950534400,2.4950534400,962400
2022-08-08 11:15:00,2.4950534400,2.5139553600,2.4950534400,2.5045044000,750000
2022-08-08 11:30:00,2.4950534400,2.5139553600,2.4950534400,2.5045044000,603200
2022-08-08 13:15:00,2.5045044000,2.5139553600,2.5045044000,2.5045044000,712000
2022-08-08 13:30:00,2.5045044000,2.5139553600,2.4950534400,2.4950534400,1394300
2022-08-08 13:45:00,2.5045044000,2.5045044000,2.4950534400,2.5045044000,1533200
2022-08-08 14:00:00,2.4950534400,2.5045044000,2.4950534400,2.5045044000,601300
2022-08-08 14:15:00,2.4950534400,2.5139553600,2.4950534400,2.5045044000,1042354
2022-08-08 14:30:00,2.5045044000,2.5328572800,2.5045044000,2.5139553600,3404479
2022-08-08 14:45:00,2.5139553600,2.5234063200,2.5045044000,2.5139553600,2121900
2022-08-08 15:00:00,2.5139553600,2.5234063200,2.5139553600,2.5234063200,2046307
2022-08-09 09:45:00,2.5234063200,2.5234063200,2.5045044000,2.5045044000,2250600
2022-08-09 10:00:00,2.5139553600,2.5139553600,2.5045044000,2.5139553600,842276
2022-08-09 10:15:00,2.5045044000,2.5139553600,2.5045044000,2.5139553600,1389100
2022-08-09 10:30:00,2.5045044000,2.5139553600,2.5045044000,2.5045044000,1320600
2022-08-09 10:45:00,2.5045044000,2.5139553600,2.4950534400,2.4950534400,3078924
2022-08-09 11:00:00,2.4950534400,2.5139553600,2.4950534400,2.5045044000,716300
2022-08-09 11:15:00,2.5045044000,2.5139553600,2.5045044000,2.5139553600,1125600
2022-08-09 11:30:00,2.5139553600,2.5139553600,2.5045044000,2.5045044000,410937
2022-08-09 13:15:00,2.5139553600,2.5234063200,2.5045044000,2.5234063200,1621000
2022-08-09 13:30:00,2.5234063200,2.5328572800,2.5139553600,2.5234063200,1688654
2022-08-09 13:45:00,2.5328572800,2.5328572800,2.5139553600,2.5234063200,850800
2022-08-09 14:00:00,2.5234063200,2.5234063200,2.5139553600,2.5139553600,1138705
2022-08-09 14:15:00,2.5234063200,2.5234063200,2.5045044000,2.5139553600,873900
2022-08-09 14:30:00,2.5045044000,2.5234063200,2.5045044000,2.5139553600,1152300
2022-08-09 14:45:00,2.5139553600,2.5234063200,2.5139553600,2.5139553600,853600
2022-08-09 15:00:00,2.5139553600,2.5234063200,2.5139553600,2.5139553600,1484200
2022-08-10 09:45:00,2.5139553600,2.5234063200,2.5045044000,2.5139553600,2116200
2022-08-10 10:00:00,2.5139553600,2.5139553600,2.5045044000,2.5045044000,891900
2022-08-10 10:15:00,2.5139553600,2.5139553600,2.4950534400,2.5045044000,1721912
2022-08-10 10:30:00,2.5045044000,2.5045044000,2.4950534400,2.5045044000,837800
2022-08-10 10:45:00,2.4950534400,2.5045044000,2.4950534400,2.4950534400,609700
2022-08-10 11:00:00,2.4950534400,2.5045044000,2.4950534400,2.4950534400,1268100
2022-08-10 11:15:00,2.5045044000,2.5045044000,2.4856024800,2.4950534400,1099193
2022-08-10 11:30:00,2.4856024800,2.5045044000,2.4856024800,2.4950534400,408300
2022-08-10 13:15:00,2.4950534400,2.5045044000,2.4856024800,2.4950534400,841100
2022-08-10 13:30:00,2.4950534400,2.5045044000,2.4856024800,2.4856024800,1526701
2022-08-10 13:45:00,2.4950534400,2.4950534400,2.4856024800,2.4950534400,948700
2022-08-10 14:00:00,2.4950534400,2.4950534400,2.4856024800,2.4856024800,698300
2022-08-10 14:15:00,2.4950534400,2.4950534400,2.4761515200,2.4856024800,2411000
2022-08-10 14:30:00,2.4856024800,2.4950534400,2.4761515200,2.4856024800,980300
2022-08-10 14:45:00,2.4856024800,2.4950534400,2.4856024800,2.4950534400,1009900
2022-08-10 15:00:00,2.4950534400,2.4950534400,2.4856024800,2.4950534400,1568700
2022-08-11 09:45:00,2.4950534400,2.5139553600,2.4950534400,2.5045044000,1803300
2022-08-11 10:00:00,2.5045044000,2.5328572800,2.5045044000,2.5328572800,4274400
2022-08-11 10:15:00,2.5328572800,2.5328572800,2.5139553600,2.5139553600,1293600
2022-08-11 10:30:00,2.5234063200,2.5328572800,2.5139553600,2.5234063200,1644300
2022-08-11 10:45:00,2.5328572800,2.5328572800,2.5234063200,2.5234063200,914400
2022-08-11 11:00:00,2.5234063200,2.5328572800,2.5139553600,2.5234063200,1684300
2022-08-11 11:15:00,2.5234063200,2.5328572800,2.5234063200,2.5234063200,1629500
2022-08-11 11:30:00,2.5234063200,2.5423082400,2.5234063200,2.5328572800,3476200
2022-08-11 13:15:00,2.5423082400,2.5517592000,2.5328572800,2.5423082400,2442800
2022-08-11 13:30:00,2.5423082400,2.5423082400,2.5328572800,2.5328572800,662000
2022-08-11 13:45:00,2.5423082400,2.5423082400,2.5328572800,2.5328572800,492498
2022-08-11 14:00:00,2.5328572800,2.5423082400,2.5328572800,2.5328572800,648800
2022-08-11 14:15:00,2.5423082400,2.5423082400,2.5328572800,2.5328572800,2277700
2022-08-11 14:30:00,2.5328572800,2.5517592000,2.5328572800,2.5517592000,1764000
2022-08-11 14:45:00,2.5517592000,2.5517592000,2.5423082400,2.5517592000,1202100
2022-08-11 15:00:00,2.5517592000,2.5517592000,2.5423082400,2.5517592000,3634900
2022-08-12 09:45:00,2.5517592000,2.5895630400,2.5328572800,2.5895630400,4918201
2022-08-12 10:00:00,2.5801120800,2.6084649600,2.5801120800,2.5895630400,7690600
2022-08-12 10:15:00,2.5895630400,2.5990140000,2.5801120800,2.5990140000,2183600
2022-08-12 10:30:00,2.5990140000,2.5990140000,2.5895630400,2.5895630400,1539600
2022-08-12 10:45:00,2.5895630400,2.5990140000,2.5895630400,2.5990140000,1202000
2022-08-12 11:00:00,2.5990140000,2.6557197600,2.5895630400,2.6462688000,10449902
2022-08-12 11:15:00,2.6462688000,2.6651707200,2.6273668800,2.6368178400,13015500
2022-08-12 11:30:00,2.6368178400,2.6462688000,2.6273668800,2.6368178400,2841200
2022-08-12 13:15:00,2.6368178400,2.6462688000,2.6179159200,2.6179159200,4268000
2022-08-12 13:30:00,2.6179159200,2.6368178400,2.6179159200,2.6273668800,1361901
2022-08-12 13:45:00,2.6368178400,2.6368178400,2.6273668800,2.6273668800,1177505
2022-08-12 14:00:00,2.6273668800,2.6368178400,2.6179159200,2.6273668800,1731800
2022-08-12 14:15:00,2.6273668800,2.6368178400,2.6179159200,2.6273668800,1630300
2022-08-12 14:30:00,2.6273668800,2.6368178400,2.6179159200,2.6273668800,1362600
2022-08-12 14:45:00,2.6273668800,2.6368178400,2.6179159200,2.6273668800,3647200
2022-08-12 15:00:00,2.6273668800,2.6462688000,2.6179159200,2.6462688000,7057001
2022-08-15 09:45:00,2.6084649600,2.6273668800,2.5706611200,2.6273668800,12206100
2022-08-15 10:00:00,2.6273668800,2.6273668800,2.5990140000,2.6084649600,4028900
2022-08-15 10:15:00,2.6084649600,2.6084649600,2.5801120800,2.5990140000,6232706
2022-08-15 10:30:00,2.5990140000,2.5990140000,2.5895630400,2.5990140000,1930700
2022-08-15 10:45:00,2.5990140000,2.6084649600,2.5895630400,2.5990140000,2314500
2022-08-15 11:00:00,2.6084649600,2.6084649600,2.5895630400,2.6084649600,1924500
2022-08-15 11:15:00,2.6084649600,2.6179159200,2.5990140000,2.6084649600,1609100
2022-08-15 11:30:00,2.6084649600,2.6179159200,2.5990140000,2.5990140000,1852400
2022-08-15 13:15:00,2.6084649600,2.6084649600,2.5990140000,2.6084649600,3294600
2022-08-15 13:30:00,2.5990140000,2.6084649600,2.5895630400,2.5990140000,2729330
2022-08-15 13:45:00,2.5990140000,2.6084649600,2.5895630400,2.5990140000,2344801
2022-08-15 14:00:00,2.5990140000,2.5990140000,2.5895630400,2.5990140000,1327800
2022-08-15 14:15:00,2.5990140000,2.5990140000,2.5895630400,2.5895630400,1312200
2022-08-15 14:30:00,2.5895630400,2.5990140000,2.5895630400,2.5990140000,1446600
2022-08-15 14:45:00,2.5990140000,2.5990140000,2.5895630400,2.5990140000,2342780
2022-08-15 15:00:00,2.5895630400,2.5990140000,2.5895630400,2.5990140000,2086000
2022-08-16 09:45:00,2.5895630400,2.6273668800,2.5801120800,2.6179159200,5411800
2022-08-16 10:00:00,2.6179159200,2.6462688000,2.6084649600,2.6368178400,6637732
2022-08-16 10:15:00,2.6368178400,2.6462688000,2.6273668800,2.6368178400,4191700
2022-08-16 10:30:00,2.6462688000,2.6462688000,2.6273668800,2.6368178400,3921308
2022-08-16 10:45:00,2.6462688000,2.6462688000,2.6273668800,2.6273668800,2253368
2022-08-16 11:00:00,2.6273668800,2.6368178400,2.6273668800,2.6368178400,640800
2022-08-16 11:15:00,2.6368178400,2.6462688000,2.6273668800,2.6368178400,3715932
2022-08-16 11:30:00,2.6368178400,2.6462688000,2.6273668800,2.6368178400,1255985
2022-08-16 13:15:00,2.6368178400,2.6462688000,2.6273668800,2.6368178400,1734900
2022-08-16 13:30:00,2.6368178400,2.6462688000,2.6273668800,2.6368178400,2746377
2022-08-16 13:45:00,2.6273668800,2.6462688000,2.6273668800,2.6273668800,1756500
2022-08-16 14:00:00,2.6273668800,2.6368178400,2.6179159200,2.6273668800,1204600
2022-08-16 14:15:00,2.6368178400,2.6462688000,2.6273668800,2.6273668800,3835400
2022-08-16 14:30:00,2.6273668800,2.6368178400,2.6273668800,2.6368178400,1319900
2022-08-16 14:45:00,2.6368178400,2.6368178400,2.6273668800,2.6273668800,2038600
2022-08-16 15:00:00,2.6273668800,2.6368178400,2.6273668800,2.6368178400,2806030
2022-08-17 09:45:00,2.6368178400,2.6368178400,2.6084649600,2.6084649600,4025441
2022-08-17 10:00:00,2.6179159200,2.6179159200,2.6084649600,2.6084649600,2030000
2022-08-17 10:15:00,2.6179159200,2.6273668800,2.6084649600,2.6179159200,3163253
2022-08-17 10:30:00,2.6084649600,2.6273668800,2.6084649600,2.6273668800,2057600
2022-08-17 10:45:00,2.6179159200,2.6273668800,2.6084649600,2.6273668800,2534400
2022-08-17 11:00:00,2.6179159200,2.6273668800,2.6179159200,2.6179159200,1606200
2022-08-17 11:15:00,2.6179159200,2.6273668800,2.6179159200,2.6273668800,1440000
2022-08-17 11:30:00,2.6179159200,2.6273668800,2.6084649600,2.6273668800,1827508
2022-08-17 13:15:00,2.6273668800,2.6368178400,2.6179159200,2.6179159200,2313100
2022-08-17 13:30:00,2.6179159200,2.6273668800,2.6179159200,2.6273668800,537500
2022-08-17 13:45:00,2.6273668800,2.6368178400,2.6179159200,2.6368178400,1467900
2022-08-17 14:00:00,2.6368178400,2.6368178400,2.6273668800,2.6368178400,918000
2022-08-17 14:15:00,2.6368178400,2.6462688000,2.6273668800,2.6368178400,2292900
2022-08-17 14:30:00,2.6368178400,2.6368178400,2.6273668800,2.6273668800,1145600
2022-08-17 14:45:00,2.6273668800,2.6368178400,2.6273668800,2.6368178400,1193800
2022-08-17 15:00:00,2.6273668800,2.6368178400,2.6273668800,2.6368178400,4057462
2022-08-18 09:45:00,2.6273668800,2.6368178400,2.6179159200,2.6368178400,3787459
2022-08-18 10:00:00,2.6273668800,2.6462688000,2.6179159200,2.6368178400,5405400
2022-08-18 10:15:00,2.6368178400,2.6462688000,2.6179159200,2.6179159200,3683900
2022-08-18 10:30:00,2.6179159200,2.6273668800,2.6084649600,2.6179159200,2401000
2022-08-18 10:45:00,2.6084649600,2.6179159200,2.6084649600,2.6179159200,890400
2022-08-18 11:00:00,2.6084649600,2.6179159200,2.5990140000,2.5990140000,2265100
2022-08-18 11:15:00,2.6084649600,2.6084649600,2.5990140000,2.6084649600,1088200
2022-08-18 11:30:00,2.6084649600,2.6084649600,2.5990140000,2.5990140000,978400
2022-08-18 13:15:00,2.6084649600,2.6179159200,2.5990140000,2.6179159200,1649800
2022-08-18 13:30:00,2.6084649600,2.6179159200,2.6084649600,2.6179159200,510900
2022-08-18 13:45:00,2.6179159200,2.6179159200,2.6084649600,2.6179159200,1031100
2022-08-18 14:00:00,2.6179159200,2.6179159200,2.5990140000,2.5990140000,1043600
2022-08-18 14:15:00,2.5990140000,2.6084649600,2.5990140000,2.5990140000,1196500
2022-08-18 14:30:00,2.6084649600,2.6084649600,2.5895630400,2.5990140000,2872600
2022-08-18 14:45:00,2.6084649600,2.6084649600,2.5895630400,2.6084649600,1772400
2022-08-18 15:00:00,2.5990140000,2.6084649600,2.5990140000,2.6084649600,2231641
2022-08-19 09:45:00,2.5990140000,2.6179159200,2.5895630400,2.6084649600,4782299
2022-08-19 10:00:00,2.6179159200,2.6273668800,2.6084649600,2.6084649600,3679100
2022-08-19 10:15:00,2.6084649600,2.6273668800,2.6084649600,2.6084649600,2908400
2022-08-19 10:30:00,2.6084649600,2.6179159200,2.6084649600,2.6084649600,1055400
2022-08-19 10:45:00,2.6084649600,2.6179159200,2.5990140000,2.5990140000,1425800
2022-08-19 11:00:00,2.6084649600,2.6179159200,2.5990140000,2.6084649600,1584000
2022-08-19 11:15:00,2.6084649600,2.6179159200,2.6084649600,2.6179159200,989500
2022-08-19 11:30:00,2.6084649600,2.6179159200,2.5990140000,2.6179159200,1046400
2022-08-19 13:15:00,2.6179159200,2.6273668800,2.6084649600,2.6179159200,2616702
2022-08-19 13:30:00,2.6273668800,2.6273668800,2.6084649600,2.6179159200,2292300
2022-08-19 13:45:00,2.6179159200,2.6273668800,2.6084649600,2.6273668800,2254100
2022-08-19 14:00:00,2.6179159200,2.6368178400,2.6179159200,2.6368178400,4223200
2022-08-19 14:15:00,2.6368178400,2.6368178400,2.6273668800,2.6273668800,1756501
2022-08-19 14:30:00,2.6273668800,2.6368178400,2.6179159200,2.6273668800,3868499
2022-08-19 14:45:00,2.6179159200,2.6273668800,2.6179159200,2.6273668800,3645100
2022-08-19 15:00:00,2.6273668800,2.6273668800,2.6179159200,2.6179159200,3073500
2022-08-22 09:45:00,2.5990140000,2.6557197600,2.5990140000,2.6368178400,9926966
2022-08-22 10:00:00,2.6368178400,2.6557197600,2.6368178400,2.6557197600,6043500
2022-08-22 10:15:00,2.6462688000,2.7029745600,2.6462688000,2.6935236000,15998762
2022-08-22 10:30:00,2.6935236000,2.7124255200,2.6840726400,2.6935236000,7485200
2022-08-22 10:45:00,2.6935236000,2.7596803200,2.6840726400,2.7502293600,21540989
2022-08-22 11:00:00,2.7407784000,2.7596803200,2.7407784000,2.7502293600,10546800
2022-08-22 11:15:00,2.7502293600,2.7502293600,2.7218764800,2.7313274400,5860511
2022-08-22 11:30:00,2.7313274400,2.7313274400,2.7124255200,2.7124255200,2645900
2022-08-22 13:15:00,2.7124255200,2.7218764800,2.7124255200,2.7218764800,4254700
2022-08-22 13:30:00,2.7218764800,2.7218764800,2.7029745600,2.7218764800,1848700
2022-08-22 13:45:00,2.7218764800,2.7218764800,2.7029745600,2.7124255200,3453200
2022-08-22 14:00:00,2.7124255200,2.7218764800,2.7124255200,2.7218764800,2602810
2022-08-22 14:15:00,2.7218764800,2.7407784000,2.7124255200,2.7313274400,5772700
2022-08-22 14:30:00,2.7313274400,2.7407784000,2.7218764800,2.7407784000,3677101
2022-08-22 14:45:00,2.7407784000,2.7407784000,2.7218764800,2.7313274400,4460100
2022-08-22 15:00:00,2.7313274400,2.7407784000,2.7218764800,2.7407784000,9009002
2022-08-23 09:45:00,2.7218764800,2.7407784000,2.6935236000,2.7124255200,13553248
2022-08-23 10:00:00,2.7124255200,2.7313274400,2.7029745600,2.7218764800,5685500
2022-08-23 10:15:00,2.7313274400,2.7880332000,2.7313274400,2.7785822400,20939795
2022-08-23 10:30:00,2.7785822400,2.7880332000,2.7691312800,2.7691312800,10605501
2022-08-23 10:45:00,2.7691312800,2.8636408800,2.7596803200,2.8541899200,29638733
2022-08-23 11:00:00,2.8541899200,2.9014447200,2.8352880000,2.8636408800,32556533
2022-08-23 11:15:00,2.8636408800,2.8730918400,2.8541899200,2.8636408800,9260900
2022-08-23 11:30:00,2.8541899200,2.8541899200,2.8352880000,2.8447389600,5167600
2022-08-23 13:15:00,2.8541899200,2.8541899200,2.8258370400,2.8258370400,7954200
2022-08-23 13:30:00,2.8258370400,2.8352880000,2.8258370400,2.8352880000,4659600
2022-08-23 13:45:00,2.8258370400,2.8447389600,2.8258370400,2.8447389600,3716210
2022-08-23 14:00:00,2.8447389600,2.8447389600,2.8258370400,2.8352880000,6710200
2022-08-23 14:15:00,2.8352880000,2.8447389600,2.8258370400,2.8352880000,3565214
2022-08-23 14:30:00,2.8447389600,2.8447389600,2.8258370400,2.8258370400,4206100
2022-08-23 14:45:00,2.8352880000,2.8352880000,2.8163860800,2.8163860800,6450300
2022-08-23 15:00:00,2.8258370400,2.8352880000,2.8163860800,2.8258370400,8518893
2022-08-24 09:45:00,2.8163860800,2.8636408800,2.7880332000,2.8541899200,23457626
2022-08-24 10:00:00,2.8447389600,2.9297976000,2.8352880000,2.9203466400,35859780
2022-08-24 10:15:00,2.9203466400,2.9297976000,2.8825428000,2.8825428000,24168700
2022-08-24 10:30:00,2.8825428000,2.8825428000,2.8447389600,2.8447389600,13235500
2022-08-24 10:45:00,2.8541899200,2.8636408800,2.8352880000,2.8447389600,10543645
2022-08-24 11:00:00,2.8447389600,2.8730918400,2.8352880000,2.8541899200,6436200
2022-08-24 11:15:00,2.8541899200,2.8636408800,2.8447389600,2.8447389600,4143000
2022-08-24 11:30:00,2.8447389600,2.8541899200,2.8163860800,2.8258370400,7051300
2022-08-24 13:15:00,2.8258370400,2.8352880000,2.8163860800,2.8352880000,5522300
2022-08-24 13:30:00,2.8352880000,2.8541899200,2.8258370400,2.8447389600,5036754
2022-08-24 13:45:00,2.8541899200,2.8541899200,2.8352880000,2.8541899200,2806800
2022-08-24 14:00:00,2.8447389600,2.8541899200,2.8258370400,2.8352880000,4325800
2022-08-24 14:15:00,2.8447389600,2.8447389600,2.8163860800,2.8163860800,5266500
2022-08-24 14:30:00,2.8163860800,2.8258370400,2.8163860800,2.8258370400,5935800
2022-08-24 14:45:00,2.8258370400,2.8352880000,2.8163860800,2.8352880000,6380700
2022-08-24 15:00:00,2.8352880000,2.8352880000,2.8163860800,2.8258370400,8850181
2022-08-25 09:45:00,2.8258370400,2.8825428000,2.7974841600,2.8352880000,24645201
2022-08-25 10:00:00,2.8258370400,2.9203466400,2.8258370400,2.8919937600,34095503
2022-08-25 10:15:00,2.8919937600,2.9203466400,2.8730918400,2.8730918400,24772078
2022-08-25 10:30:00,2.8730918400,2.8825428000,2.8541899200,2.8825428000,8073828
2022-08-25 10:45:00,2.8825428000,2.8919937600,2.8636408800,2.8919937600,9622973
2022-08-25 11:00:00,2.8919937600,2.9297976000,2.8825428000,2.9203466400,24331800
2022-08-25 11:15:00,2.9203466400,2.9203466400,2.9014447200,2.9014447200,6457944
2022-08-25 11:30:00,2.9014447200,2.9203466400,2.8919937600,2.9203466400,11463300
2022-08-25 13:15:00,2.9297976000,3.0054052800,2.9297976000,2.9770524000,63328460
2022-08-25 13:30:00,2.9770524000,2.9770524000,2.9486995200,2.9581504800,11029849
2022-08-25 13:45:00,2.9486995200,2.9581504800,2.9297976000,2.9392485600,11876701
2022-08-25 14:00:00,2.9392485600,2.9486995200,2.9203466400,2.9297976000,8199155
2022-08-25 14:15:00,2.9203466400,2.9297976000,2.9203466400,2.9297976000,6823500
2022-08-25 14:30:00,2.9297976000,2.9392485600,2.9203466400,2.9297976000,6763101
2022-08-25 14:45:00,2.9297976000,2.9486995200,2.9203466400,2.9486995200,8906537
2022-08-25 15:00:00,2.9392485600,2.9581504800,2.9392485600,2.9581504800,16524006
2022-08-26 09:45:00,2.9297976000,2.9297976000,2.8258370400,2.8258370400,56016318
2022-08-26 10:00:00,2.8352880000,2.8541899200,2.8258370400,2.8447389600,16436355
2022-08-26 10:15:00,2.8541899200,2.8636408800,2.8352880000,2.8541899200,10214930
2022-08-26 10:30:00,2.8447389600,2.8541899200,2.8163860800,2.8258370400,11358400
2022-08-26 10:45:00,2.8258370400,2.8352880000,2.7880332000,2.8069351200,21302800
2022-08-26 11:00:00,2.8069351200,2.8163860800,2.7974841600,2.8069351200,5956300
2022-08-26 11:15:00,2.8069351200,2.8163860800,2.7974841600,2.8069351200,6692157
2022-08-26 11:30:00,2.8069351200,2.8258370400,2.7974841600,2.8163860800,4852198
2022-08-26 13:15:00,2.8163860800,2.8163860800,2.8069351200,2.8069351200,3486900
2022-08-26 13:30:00,2.8069351200,2.8163860800,2.8069351200,2.8069351200,4510000
2022-08-26 13:45:00,2.8069351200,2.8163860800,2.7974841600,2.8163860800,4019501
2022-08-26 14:00:00,2.8163860800,2.8163860800,2.7880332000,2.7974841600,7400600
2022-08-26 14:15:00,2.7974841600,2.8163860800,2.7880332000,2.7974841600,4915137
2022-08-26 14:30:00,2.7974841600,2.7974841600,2.7691312800,2.7785822400,12434650
2022-08-26 14:45:00,2.7785822400,2.8258370400,2.7785822400,2.7880332000,13303900
2022-08-26 15:00:00,2.7785822400,2.7880332000,2.7691312800,2.7880332000,16021008
2022-08-29 09:45:00,2.7218764800,2.7502293600,2.7029745600,2.7313274400,22522500
2022-08-29 10:00:00,2.7313274400,2.7691312800,2.7313274400,2.7596803200,8625010
2022-08-29 10:15:00,2.7691312800,2.7785822400,2.7502293600,2.7596803200,4592800
2022-08-29 10:30:00,2.7691312800,2.7691312800,2.7407784000,2.7407784000,5643800
2022-08-29 10:45:00,2.7407784000,2.7691312800,2.7407784000,2.7596803200,4020300
2022-08-29 11:00:00,2.7596803200,2.7596803200,2.7407784000,2.7502293600,2268098
2022-08-29 11:15:00,2.7502293600,2.7596803200,2.7313274400,2.7407784000,4708000
2022-08-29 11:30:00,2.7407784000,2.7502293600,2.7407784000,2.7502293600,1543800
2022-08-29 13:15:00,2.7502293600,2.7502293600,2.7313274400,2.7407784000,5288700
2022-08-29 13:30:00,2.7313274400,2.7502293600,2.7313274400,2.7407784000,2926900
2022-08-29 13:45:00,2.7502293600,2.7596803200,2.7407784000,2.7596803200,2875941
2022-08-29 14:00:00,2.7596803200,2.7785822400,2.7502293600,2.7691312800,5119900
2022-08-29 14:15:00,2.7691312800,2.7785822400,2.7691312800,2.7785822400,2330000
2022-08-29 14:30:00,2.7785822400,2.7785822400,2.7596803200,2.7596803200,2218500
2022-08-29 14:45:00,2.7691312800,2.7785822400,2.7596803200,2.7691312800,4843100
2022-08-29 15:00:00,2.7596803200,2.7785822400,2.7596803200,2.7691312800,7310700
2022-08-30 09:45:00,2.7691312800,2.8541899200,2.7596803200,2.8163860800,24873213
2022-08-30 10:00:00,2.8163860800,2.8258370400,2.7880332000,2.8163860800,9741278
2022-08-30 10:15:00,2.8163860800,2.8352880000,2.7974841600,2.8163860800,12085054
2022-08-30 10:30:00,2.8069351200,2.8163860800,2.7974841600,2.7974841600,5306266
2022-08-30 10:45:00,2.8069351200,2.8069351200,2.7880332000,2.7974841600,4151046
2022-08-30 11:00:00,2.7974841600,2.8069351200,2.7880332000,2.7974841600,3420429
2022-08-30 11:15:00,2.8069351200,2.8069351200,2.7974841600,2.8069351200,1907900
2022-08-30 11:30:00,2.7974841600,2.7974841600,2.7785822400,2.7880332000,2896200
2022-08-30 13:15:00,2.7880332000,2.8258370400,2.7880332000,2.8163860800,6125924
2022-08-30 13:30:00,2.8163860800,2.8163860800,2.7880332000,2.7974841600,3795600
2022-08-30 13:45:00,2.7974841600,2.8069351200,2.7880332000,2.7974841600,2187900
2022-08-30 14:00:00,2.7974841600,2.8069351200,2.7880332000,2.7974841600,2638900
2022-08-30 14:15:00,2.7880332000,2.8163860800,2.7880332000,2.8163860800,2960455
2022-08-30 14:30:00,2.8069351200,2.8163860800,2.7974841600,2.8069351200,2528419
2022-08-30 14:45:00,2.8069351200,2.8069351200,2.7880332000,2.8069351200,3413944
2022-08-30 15:00:00,2.8069351200,2.8069351200,2.7974841600,2.8069351200,5064010
2022-08-31 09:45:00,2.7313274400,2.7974841600,2.7218764800,2.7218764800,25790919
2022-08-31 10:00:00,2.7218764800,2.7313274400,2.6935236000,2.7029745600,15151418
2022-08-31 10:15:00,2.7124255200,2.7218764800,2.6935236000,2.7124255200,9805259
2022-08-31 10:30:00,2.7124255200,2.7218764800,2.6935236000,2.7124255200,7365500
2022-08-31 10:45:00,2.7124255200,2.7218764800,2.7029745600,2.7029745600,2681000
2022-08-31 11:00:00,2.7124255200,2.7124255200,2.6840726400,2.6935236000,5099900
2022-08-31 11:15:00,2.6935236000,2.7124255200,2.6840726400,2.7029745600,4125600
2022-08-31 11:30:00,2.7124255200,2.7124255200,2.6840726400,2.6840726400,3922359
2022-08-31 13:15:00,2.6840726400,2.6935236000,2.6840726400,2.6840726400,4889301
2022-08-31 13:30:00,2.6840726400,2.7407784000,2.6840726400,2.7218764800,7754405
2022-08-31 13:45:00,2.7218764800,2.7502293600,2.7218764800,2.7218764800,5167900
2022-08-31 14:00:00,2.7218764800,2.7313274400,2.7124255200,2.7124255200,1726500
2022-08-31 14:15:00,2.7218764800,2.7218764800,2.6935236000,2.7124255200,2727200
2022-08-31 14:30:00,2.7124255200,2.7124255200,2.6935236000,2.7029745600,3079600
2022-08-31 14:45:00,2.7029745600,2.7029745600,2.6840726400,2.6840726400,3500000
2022-08-31 15:00:00,2.6840726400,2.7124255200,2.6746216800,2.7124255200,11207100
2022-09-01 09:45:00,2.6935236000,2.7218764800,2.6746216800,2.7124255200,9177900
2022-09-01 10:00:00,2.7124255200,2.7124255200,2.6557197600,2.6840726400,12769024
2022-09-01 10:15:00,2.6746216800,2.6840726400,2.6557197600,2.6651707200,7406600
2022-09-01 10:30:00,2.6651707200,2.6651707200,2.6462688000,2.6462688000,8351976
2022-09-01 10:45:00,2.6462688000,2.6557197600,2.6273668800,2.6368178400,9290100
2022-09-01 11:00:00,2.6368178400,2.6651707200,2.6273668800,2.6557197600,4378300
2022-09-01 11:15:00,2.6557197600,2.6746216800,2.6462688000,2.6651707200,2131700
2022-09-01 11:30:00,2.6651707200,2.6746216800,2.6557197600,2.6746216800,2798100
2022-09-01 13:15:00,2.6746216800,2.6746216800,2.6651707200,2.6746216800,2318900
2022-09-01 13:30:00,2.6651707200,2.6746216800,2.6557197600,2.6746216800,2373600
2022-09-01 13:45:00,2.6746216800,2.6746216800,2.6557197600,2.6651707200,2148287
2022-09-01 14:00:00,2.6651707200,2.6651707200,2.6462688000,2.6462688000,2735100
2022-09-01 14:15:00,2.6462688000,2.6651707200,2.6462688000,2.6462688000,2760100
2022-09-01 14:30:00,2.6462688000,2.6651707200,2.6368178400,2.6368178400,3050600
2022-09-01 14:45:00,2.6368178400,2.6462688000,2.6273668800,2.6273668800,7043000
2022-09-01 15:00:00,2.6273668800,2.6462688000,2.6273668800,2.6368178400,6351600
2022-09-02 09:45:00,2.6462688000,2.6651707200,2.6273668800,2.6368178400,7606300
2022-09-02 10:00:00,2.6368178400,2.6651707200,2.6368178400,2.6557197600,5952660
2022-09-02 10:15:00,2.6462688000,2.6651707200,2.6368178400,2.6651707200,5449300
2022-09-02 10:30:00,2.6651707200,2.6840726400,2.6557197600,2.6746216800,7612400
2022-09-02 10:45:00,2.6746216800,2.6746216800,2.6557197600,2.6557197600,2390900
2022-09-02 11:00:00,2.6651707200,2.6746216800,2.6557197600,2.6746216800,1507400
2022-09-02 11:15:00,2.6651707200,2.6840726400,2.6651707200,2.6651707200,3346500
2022-09-02 11:30:00,2.6651707200,2.6746216800,2.6651707200,2.6651707200,1198900
2022-09-02 13:15:00,2.6651707200,2.6746216800,2.6651707200,2.6651707200,1069500
2022-09-02 13:30:00,2.6651707200,2.6746216800,2.6557197600,2.6557197600,1909800
2022-09-02 13:45:00,2.6557197600,2.6651707200,2.6462688000,2.6557197600,2769700
2022-09-02 14:00:00,2.6462688000,2.6651707200,2.6462688000,2.6557197600,1836800
2022-09-02 14:15:00,2.6557197600,2.6651707200,2.6368178400,2.6557197600,5021691
2022-09-02 14:30:00,2.6557197600,2.6557197600,2.6368178400,2.6462688000,2138825
2022-09-02 14:45:00,2.6462688000,2.6557197600,2.6462688000,2.6557197600,2273800
2022-09-02 15:00:00,2.6557197600,2.6557197600,2.6368178400,2.6462688000,5067900
2022-09-05 09:45:00,2.6557197600,2.7029745600,2.6368178400,2.6840726400,18391600
2022-09-05 10:00:00,2.6840726400,2.6935236000,2.6651707200,2.6840726400,6918900
2022-09-05 10:15:00,2.6840726400,2.7124255200,2.6746216800,2.7124255200,11621500
2022-09-05 10:30:00,2.7124255200,2.7218764800,2.6935236000,2.7029745600,5965600
2022-09-05 10:45:00,2.6935236000,2.7029745600,2.6746216800,2.6840726400,4069900
2022-09-05 11:00:00,2.6840726400,2.6935236000,2.6746216800,2.6840726400,1601000
2022-09-05 11:15:00,2.6840726400,2.6840726400,2.6746216800,2.6840726400,1356300
2022-09-05 11:30:00,2.6746216800,2.6935236000,2.6746216800,2.6935236000,1529800
2022-09-05 13:15:00,2.6935236000,2.6935236000,2.6840726400,2.6935236000,2577700
2022-09-05 13:30:00,2.6935236000,2.6935236000,2.6651707200,2.6746216800,2758500
2022-09-05 13:45:00,2.6746216800,2.6935236000,2.6746216800,2.6840726400,2092100
2022-09-05 14:00:00,2.6746216800,2.6840726400,2.6746216800,2.6840726400,934700
2022-09-05 14:15:00,2.6746216800,2.6840726400,2.6746216800,2.6840726400,1038500
2022-09-05 14:30:00,2.6840726400,2.6935236000,2.6746216800,2.6840726400,2058800
2022-09-05 14:45:00,2.6935236000,2.6935236000,2.6746216800,2.6840726400,2977900
2022-09-05 15:00:00,2.6746216800,2.6935236000,2.6746216800,2.6840726400,4692401
2022-09-06 09:45:00,2.6840726400,2.6935236000,2.6557197600,2.6746216800,10029600
2022-09-06 10:00:00,2.6840726400,2.6840726400,2.6651707200,2.6840726400,3709400
2022-09-06 10:15:00,2.6840726400,2.6840726400,2.6557197600,2.6557197600,4258000
2022-09-06 10:30:00,2.6746216800,2.6840726400,2.6651707200,2.6840726400,3299100
2022-09-06 10:45:00,2.6840726400,2.6840726400,2.6651707200,2.6651707200,2299595
2022-09-06 11:00:00,2.6651707200,2.6746216800,2.6651707200,2.6746216800,1680600
2022-09-06 11:15:00,2.6746216800,2.6746216800,2.6557197600,2.6651707200,6284900
2022-09-06 11:30:00,2.6651707200,2.6746216800,2.6557197600,2.6557197600,5280100
2022-09-06 13:15:00,2.6651707200,2.6746216800,2.6557197600,2.6746216800,2435600
2022-09-06 13:30:00,2.6746216800,2.6935236000,2.6651707200,2.6935236000,4263201
2022-09-06 13:45:00,2.6935236000,2.6935236000,2.6746216800,2.6840726400,5217000
2022-09-06 14:00:00,2.6746216800,2.7029745600,2.6746216800,2.6840726400,5224607
2022-09-06 14:15:00,2.6840726400,2.6935236000,2.6746216800,2.6840726400,3635407
2022-09-06 14:30:00,2.6840726400,2.6935236000,2.6746216800,2.6840726400,3977813
2022-09-06 14:45:00,2.6840726400,2.7029745600,2.6840726400,2.6935236000,3629380
2022-09-06 15:00:00,2.6935236000,2.7029745600,2.6840726400,2.6935236000,4903358
2022-09-07 09:45:00,2.6746216800,2.6746216800,2.6462688000,2.6651707200,9732100
2022-09-07 10:00:00,2.6651707200,2.6651707200,2.6462688000,2.6557197600,7302500
2022-09-07 10:15:00,2.6557197600,2.6651707200,2.6462688000,2.6557197600,4494900
2022-09-07 10:30:00,2.6557197600,2.6651707200,2.6462688000,2.6462688000,3238500
2022-09-07 10:45:00,2.6462688000,2.6557197600,2.6368178400,2.6462688000,8425000
2022-09-07 11:00:00,2.6368178400,2.6557197600,2.6368178400,2.6368178400,3633500
2022-09-07 11:15:00,2.6368178400,2.6462688000,2.6368178400,2.6368178400,2458900
2022-09-07 11:30:00,2.6368178400,2.6462688000,2.6368178400,2.6462688000,2030700
2022-09-07 13:15:00,2.6462688000,2.6557197600,2.6368178400,2.6462688000,1316400
2022-09-07 13:30:00,2.6462688000,2.6557197600,2.6368178400,2.6368178400,2779400
2022-09-07 13:45:00,2.6462688000,2.6462688000,2.6368178400,2.6462688000,1964600
2022-09-07 14:00:00,2.6462688000,2.6462688000,2.6368178400,2.6462688000,1255300
2022-09-07 14:15:00,2.6462688000,2.6462688000,2.6368178400,2.6462688000,4286959
2022-09-07 14:30:00,2.6462688000,2.6462688000,2.6368178400,2.6462688000,2721300
2022-09-07 14:45:00,2.6368178400,2.6557197600,2.6368178400,2.6462688000,5775500
2022-09-07 15:00:00,2.6462688000,2.6557197600,2.6462688000,2.6462688000,5149501
2022-09-08 09:45:00,2.6368178400,2.6462688000,2.6179159200,2.6368178400,7704200
2022-09-08 10:00:00,2.6368178400,2.6368178400,2.6273668800,2.6273668800,2098706
2022-09-08 10:15:00,2.6368178400,2.6462688000,2.6273668800,2.6273668800,3480827
2022-09-08 10:30:00,2.6273668800,2.6368178400,2.6179159200,2.6273668800,4142967
2022-09-08 10:45:00,2.6273668800,2.6368178400,2.6179159200,2.6273668800,1795000
2022-09-08 11:00:00,2.6179159200,2.6273668800,2.6179159200,2.6179159200,1488100
2022-09-08 11:15:00,2.6179159200,2.6368178400,2.6179159200,2.6368178400,2940595
2022-09-08 11:30:00,2.6368178400,2.6368178400,2.6273668800,2.6273668800,776700
2022-09-08 13:15:00,2.6368178400,2.6368178400,2.6179159200,2.6273668800,3132400
2022-09-08 13:30:00,2.6273668800,2.6368178400,2.6179159200,2.6368178400,1494800
2022-09-08 13:45:00,2.6368178400,2.6368178400,2.6179159200,2.6368178400,2163700
2022-09-08 14:00:00,2.6273668800,2.6368178400,2.6179159200,2.6273668800,1962300
2022-09-08 14:15:00,2.6273668800,2.6273668800,2.6179159200,2.6179159200,1037300
2022-09-08 14:30:00,2.6273668800,2.6273668800,2.6084649600,2.6179159200,5371000
2022-09-08 14:45:00,2.6084649600,2.6273668800,2.6084649600,2.6084649600,2625000
2022-09-08 15:00:00,2.6084649600,2.6179159200,2.6084649600,2.6179159200,3707600
2022-09-09 09:45:00,2.6084649600,2.6840726400,2.6084649600,2.6368178400,13262700
2022-09-09 10:00:00,2.6368178400,2.6462688000,2.6179159200,2.6368178400,4780900
2022-09-09 10:15:00,2.6368178400,2.6368178400,2.6179159200,2.6273668800,2006858
2022-09-09 10:30:00,2.6368178400,2.6368178400,2.6179159200,2.6273668800,2171700
2022-09-09 10:45:00,2.6273668800,2.6368178400,2.6179159200,2.6368178400,3538400
2022-09-09 11:00:00,2.6273668800,2.6462688000,2.6273668800,2.6368178400,2165200
2022-09-09 11:15:00,2.6462688000,2.6462688000,2.6368178400,2.6462688000,916900
2022-09-09 11:30:00,2.6368178400,2.6462688000,2.6273668800,2.6273668800,1605500
2022-09-09 13:15:00,2.6273668800,2.6368178400,2.6273668800,2.6273668800,1476200
2022-09-09 13:30:00,2.6273668800,2.6368178400,2.6179159200,2.6179159200,2070200
2022-09-09 13:45:00,2.6273668800,2.6368178400,2.6179159200,2.6273668800,2060050
2022-09-09 14:00:00,2.6273668800,2.6368178400,2.6273668800,2.6273668800,2005300
2022-09-09 14:15:00,2.6273668800,2.6368178400,2.6273668800,2.6273668800,1761500
2022-09-09 14:30:00,2.6273668800,2.6368178400,2.6179159200,2.6273668800,2281850
2022-09-09 14:45:00,2.6179159200,2.6368178400,2.6179159200,2.6273668800,3435500
2022-09-09 15:00:00,2.6368178400,2.6368178400,2.6179159200,2.6273668800,4441700
2022-09-13 09:45:00,2.6273668800,2.6557197600,2.6273668800,2.6462688000,7185402
2022-09-13 10:00:00,2.6368178400,2.6557197600,2.6368178400,2.6462688000,6248995
2022-09-13 10:15:00,2.6462688000,2.6462688000,2.6273668800,2.6368178400,3828950
2022-09-13 10:30:00,2.6273668800,2.6462688000,2.6273668800,2.6368178400,2163200
2022-09-13 10:45:00,2.6368178400,2.6368178400,2.6273668800,2.6368178400,1432410
2022-09-13 11:00:00,2.6273668800,2.6368178400,2.6273668800,2.6273668800,1559200
2022-09-13 11:15:00,2.6273668800,2.6368178400,2.6273668800,2.6273668800,612600
2022-09-13 11:30:00,2.6273668800,2.6368178400,2.6273668800,2.6368178400,678300
2022-09-13 13:15:00,2.6368178400,2.6368178400,2.6179159200,2.6273668800,7163200
2022-09-13 13:30:00,2.6273668800,2.6273668800,2.6084649600,2.6084649600,2815290
2022-09-13 13:45:00,2.6084649600,2.6179159200,2.6084649600,2.6084649600,1704600
2022-09-13 14:00:00,2.6084649600,2.6179159200,2.6084649600,2.6084649600,2124539
2022-09-13 14:15:00,2.6084649600,2.6179159200,2.5990140000,2.6084649600,5686961
2022-09-13 14:30:00,2.5990140000,2.6084649600,2.5990140000,2.5990140000,3655400
2022-09-13 14:45:00,2.5990140000,2.5990140000,2.5801120800,2.5895630400,6707100
2022-09-13 15:00:00,2.5895630400,2.5990140000,2.5895630400,2.5895630400,3245194
2022-09-14 09:45:00,2.5612101600,2.5801120800,2.5423082400,2.5801120800,9875924
2022-09-14 10:00:00,2.5801120800,2.6179159200,2.5801120800,2.6084649600,9055001
2022-09-14 10:15:00,2.6084649600,2.6557197600,2.6084649600,2.6368178400,16045700
2022-09-14 10:30:00,2.6368178400,2.6368178400,2.6179159200,2.6179159200,3652800
2022-09-14 10:45:00,2.6273668800,2.6273668800,2.6084649600,2.6084649600,4230500
2022-09-14 11:00:00,2.6084649600,2.6179159200,2.5990140000,2.6084649600,2153870
2022-09-14 11:15:00,2.6084649600,2.6179159200,2.6084649600,2.6084649600,1424300
2022-09-14 11:30:00,2.6084649600,2.6179159200,2.5990140000,2.6084649600,1382600
2022-09-14 13:15:00,2.6084649600,2.6179159200,2.5990140000,2.5990140000,2550201
2022-09-14 13:30:00,2.5990140000,2.6084649600,2.5990140000,2.6084649600,2135900
2022-09-14 13:45:00,2.6084649600,2.6084649600,2.5990140000,2.6084649600,1249600
2022-09-14 14:00:00,2.6084649600,2.6273668800,2.5990140000,2.6179159200,3941450
2022-09-14 14:15:00,2.6273668800,2.6273668800,2.6084649600,2.6273668800,3697700
2022-09-14 14:30:00,2.6273668800,2.6273668800,2.6179159200,2.6179159200,1989100
2022-09-14 14:45:00,2.6179159200,2.6273668800,2.6084649600,2.6179159200,2411500
2022-09-14 15:00:00,2.6084649600,2.6179159200,2.6084649600,2.6084649600,3671537
2022-09-15 09:45:00,2.6179159200,2.6273668800,2.5895630400,2.5895630400,7388170
2022-09-15 10:00:00,2.5990140000,2.6179159200,2.5895630400,2.6084649600,5010201
2022-09-15 10:15:00,2.5990140000,2.6084649600,2.5801120800,2.5990140000,3148700
2022-09-15 10:30:00,2.5895630400,2.5990140000,2.5801120800,2.5801120800,3090185
2022-09-15 10:45:00,2.5801120800,2.5895630400,2.5706611200,2.5801120800,3346400
2022-09-15 11:00:00,2.5801120800,2.5990140000,2.5706611200,2.5895630400,3787100
2022-09-15 11:15:00,2.5895630400,2.5990140000,2.5706611200,2.5895630400,3246400
2022-09-15 11:30:00,2.5895630400,2.5990140000,2.5801120800,2.5895630400,3102500
2022-09-15 13:15:00,2.5801120800,2.5895630400,2.5706611200,2.5801120800,1750100
2022-09-15 13:30:00,2.5801120800,2.5895630400,2.5706611200,2.5706611200,1160800
2022-09-15 13:45:00,2.5706611200,2.5801120800,2.5517592000,2.5517592000,5163500
2022-09-15 14:00:00,2.5612101600,2.5706611200,2.5612101600,2.5612101600,1990003
2022-09-15 14:15:00,2.5612101600,2.5706611200,2.5423082400,2.5612101600,6473600
2022-09-15 14:30:00,2.5612101600,2.5801120800,2.5612101600,2.5706611200,2717400
2022-09-15 14:45:00,2.5612101600,2.5801120800,2.5612101600,2.5706611200,2051800
2022-09-15 15:00:00,2.5706611200,2.5990140000,2.5706611200,2.5895630400,4960773
2022-09-16 09:45:00,2.5706611200,2.5895630400,2.5423082400,2.5517592000,9158800
2022-09-16 10:00:00,2.5612101600,2.5706611200,2.5517592000,2.5517592000,3199600
2022-09-16 10:15:00,2.5517592000,2.5706611200,2.5517592000,2.5517592000,3533695
2022-09-16 10:30:00,2.5517592000,2.5612101600,2.5423082400,2.5423082400,5169806
2022-09-16 10:45:00,2.5517592000,2.5517592000,2.5139553600,2.5234063200,7431500
2022-09-16 11:00:00,2.5139553600,2.5423082400,2.5139553600,2.5328572800,5382642
2022-09-16 11:15:00,2.5234063200,2.5423082400,2.5234063200,2.5328572800,2570600
2022-09-16 11:30:00,2.5328572800,2.5423082400,2.5328572800,2.5328572800,909800
2022-09-16 13:15:00,2.5423082400,2.5423082400,2.5328572800,2.5328572800,1915500
2022-09-16 13:30:00,2.5423082400,2.5423082400,2.5139553600,2.5234063200,3037700
2022-09-16 13:45:00,2.5234063200,2.5328572800,2.5139553600,2.5234063200,1744000
2022-09-16 14:00:00,2.5139553600,2.5328572800,2.5139553600,2.5139553600,2191401
2022-09-16 14:15:00,2.5139553600,2.5234063200,2.5045044000,2.5139553600,5226099
2022-09-16 14:30:00,2.5139553600,2.5234063200,2.5045044000,2.5139553600,6954700
2022-09-16 14:45:00,2.5139553600,2.5234063200,2.4950534400,2.4950534400,5300200
2022-09-16 15:00:00,2.5045044000,2.5139553600,2.4950534400,2.4950534400,5077000
2022-09-19 09:45:00,2.4950534400,2.5328572800,2.4856024800,2.5234063200,7482484
2022-09-19 10:00:00,2.5234063200,2.5328572800,2.5139553600,2.5139553600,3541800
2022-09-19 10:15:00,2.5234063200,2.5328572800,2.5139553600,2.5234063200,3773700
2022-09-19 10:30:00,2.5234063200,2.5328572800,2.5045044000,2.5139553600,4217679
2022-09-19 10:45:00,2.5139553600,2.5328572800,2.5139553600,2.5234063200,2398429
2022-09-19 11:00:00,2.5234063200,2.5423082400,2.5234063200,2.5423082400,2133900
2022-09-19 11:15:00,2.5423082400,2.5423082400,2.5328572800,2.5328572800,1011400
2022-09-19 11:30:00,2.5423082400,2.5423082400,2.5328572800,2.5423082400,2412900
2022-09-19 13:15:00,2.5328572800,2.5517592000,2.5234063200,2.5234063200,5145700
2022-09-19 13:30:00,2.5234063200,2.5423082400,2.5234063200,2.5234063200,1717600
2022-09-19 13:45:00,2.5234063200,2.5328572800,2.5234063200,2.5328572800,1752742
2022-09-19 14:00:00,2.5328572800,2.5328572800,2.5139553600,2.5139553600,1367400
2022-09-19 14:15:00,2.5139553600,2.5234063200,2.5045044000,2.5139553600,2984900
2022-09-19 14:30:00,2.5045044000,2.5234063200,2.5045044000,2.5139553600,3429200
2022-09-19 14:45:00,2.5139553600,2.5234063200,2.5045044000,2.5045044000,3152400
2022-09-19 15:00:00,2.5139553600,2.5139553600,2.5045044000,2.5139553600,4459700
2022-09-20 09:45:00,2.5139553600,2.5328572800,2.5139553600,2.5234063200,3228900
2022-09-20 10:00:00,2.5234063200,2.5234063200,2.5139553600,2.5139553600,3004200
2022-09-20 10:15:00,2.5139553600,2.5234063200,2.5045044000,2.5045044000,3957965
2022-09-20 10:30:00,2.5045044000,2.5139553600,2.4950534400,2.5045044000,3500435
2022-09-20 10:45:00,2.5045044000,2.5139553600,2.4950534400,2.5045044000,3353100
2022-09-20 11:00:00,2.5045044000,2.5234063200,2.5045044000,2.5139553600,2071800
2022-09-20 11:15:00,2.5139553600,2.5234063200,2.5045044000,2.5045044000,2440800
2022-09-20 11:30:00,2.5045044000,2.5139553600,2.5045044000,2.5045044000,1763300
2022-09-20 13:15:00,2.5139553600,2.5234063200,2.5045044000,2.5139553600,2124708
2022-09-20 13:30:00,2.5234063200,2.5234063200,2.5045044000,2.5139553600,2244100
2022-09-20 13:45:00,2.5139553600,2.5139553600,2.5045044000,2.5139553600,1339700
2022-09-20 14:00:00,2.5139553600,2.5234063200,2.5045044000,2.5234063200,952094
2022-09-20 14:15:00,2.5139553600,2.5234063200,2.5045044000,2.5139553600,838806
2022-09-20 14:30:00,2.5139553600,2.5139553600,2.5045044000,2.5045044000,2279300
2022-09-20 14:45:00,2.5045044000,2.5045044000,2.4856024800,2.4950534400,7313614
2022-09-20 15:00:00,2.4856024800,2.5045044000,2.4856024800,2.4950534400,2964219
2022-09-21 09:45:00,2.4950534400,2.5045044000,2.4667005600,2.4950534400,7201300
2022-09-21 10:00:00,2.4856024800,2.5328572800,2.4856024800,2.5234063200,9367259
2022-09-21 10:15:00,2.5234063200,2.5801120800,2.5139553600,2.5612101600,18530863
2022-09-21 10:30:00,2.5612101600,2.5706611200,2.5517592000,2.5517592000,5671024
2022-09-21 10:45:00,2.5517592000,2.5990140000,2.5517592000,2.5895630400,13250000
2022-09-21 11:00:00,2.5895630400,2.5990140000,2.5801120800,2.5895630400,5783000
2022-09-21 11:15:00,2.5801120800,2.5895630400,2.5706611200,2.5706611200,2345300
2022-09-21 11:30:00,2.5706611200,2.5801120800,2.5612101600,2.5706611200,1737300
2022-09-21 13:15:00,2.5706611200,2.5895630400,2.5706611200,2.5895630400,2199800
2022-09-21 13:30:00,2.5895630400,2.6084649600,2.5801120800,2.5990140000,5925255
2022-09-21 13:45:00,2.5990140000,2.6179159200,2.5990140000,2.5990140000,4455900
2022-09-21 14:00:00,2.5990140000,2.6179159200,2.5990140000,2.6179159200,3742700
2022-09-21 14:15:00,2.6179159200,2.6179159200,2.5990140000,2.6084649600,3221400
2022-09-21 14:30:00,2.6084649600,2.6179159200,2.6084649600,2.6084649600,1764200
2022-09-21 14:45:00,2.6084649600,2.6179159200,2.5990140000,2.6084649600,3566900
2022-09-21 15:00:00,2.5990140000,2.6084649600,2.5990140000,2.6084649600,3782700
2022-09-22 09:45:00,2.5895630400,2.5990140000,2.5612101600,2.5895630400,11666938
2022-09-22 10:00:00,2.5895630400,2.5990140000,2.5706611200,2.5990140000,5095459
2022-09-22 10:15:00,2.5990140000,2.5990140000,2.5801120800,2.5801120800,4679299
2022-09-22 10:30:00,2.5801120800,2.5895630400,2.5801120800,2.5801120800,957674
2022-09-22 10:45:00,2.5895630400,2.6084649600,2.5801120800,2.5990140000,3675549
2022-09-22 11:00:00,2.5990140000,2.6462688000,2.5990140000,2.6368178400,8341700
2022-09-22 11:15:00,2.6368178400,2.6368178400,2.6179159200,2.6273668800,2954200
2022-09-22 11:30:00,2.6273668800,2.6273668800,2.6084649600,2.6084649600,2210000
2022-09-22 13:15:00,2.6179159200,2.6179159200,2.5990140000,2.6084649600,2883900
2022-09-22 13:30:00,2.6084649600,2.6179159200,2.5990140000,2.5990140000,1156100
2022-09-22 13:45:00,2.6084649600,2.6462688000,2.5990140000,2.6462688000,6963893
2022-09-22 14:00:00,2.6368178400,2.6462688000,2.6179159200,2.6273668800,2846200
2022-09-22 14:15:00,2.6179159200,2.6368178400,2.6179159200,2.6273668800,3176800
2022-09-22 14:30:00,2.6273668800,2.6368178400,2.6179159200,2.6273668800,1450500
2022-09-22 14:45:00,2.6273668800,2.6368178400,2.6179159200,2.6179159200,2518300
2022-09-22 15:00:00,2.6273668800,2.6273668800,2.6084649600,2.6179159200,3337700
2022-09-23 09:45:00,2.6179159200,2.6273668800,2.5895630400,2.6179159200,7404900
2022-09-23 10:00:00,2.6179159200,2.6273668800,2.5990140000,2.6084649600,4011600
2022-09-23 10:15:00,2.6179159200,2.6179159200,2.5895630400,2.5990140000,2338200
2022-09-23 10:30:00,2.5990140000,2.5990140000,2.5706611200,2.5801120800,5916000
2022-09-23 10:45:00,2.5801120800,2.5895630400,2.5706611200,2.5895630400,2995900
2022-09-23 11:00:00,2.5895630400,2.5895630400,2.5612101600,2.5706611200,2126894
2022-09-23 11:15:00,2.5801120800,2.5801120800,2.5612101600,2.5706611200,1236200
2022-09-23 11:30:00,2.5706611200,2.5801120800,2.5517592000,2.5612101600,4138300
2022-09-23 13:15:00,2.5706611200,2.5895630400,2.5612101600,2.5895630400,1742000
2022-09-23 13:30:00,2.5895630400,2.5990140000,2.5801120800,2.5895630400,1936400
2022-09-23 13:45:00,2.5895630400,2.5990140000,2.5801120800,2.5801120800,1032400
2022-09-23 14:00:00,2.5801120800,2.5895630400,2.5706611200,2.5706611200,2612100
2022-09-23 14:15:00,2.5706611200,2.5895630400,2.5706611200,2.5801120800,1530200
2022-09-23 14:30:00,2.5801120800,2.5990140000,2.5801120800,2.5895630400,1472391
2022-09-23 14:45:00,2.5801120800,2.5895630400,2.5612101600,2.5706611200,3160000
2022-09-23 15:00:00,2.5706611200,2.5706611200,2.5517592000,2.5612101600,4999500
2022-09-26 09:45:00,2.5612101600,2.5612101600,2.5045044000,2.5328572800,8800200
2022-09-26 10:00:00,2.5234063200,2.5328572800,2.5045044000,2.5139553600,4663900
2022-09-26 10:15:00,2.5139553600,2.5139553600,2.4856024800,2.4856024800,6403500
2022-09-26 10:30:00,2.4950534400,2.5139553600,2.4950534400,2.5139553600,2037630
2022-09-26 10:45:00,2.5139553600,2.5139553600,2.4950534400,2.5139553600,2731314
2022-09-26 11:00:00,2.5139553600,2.5234063200,2.5045044000,2.5045044000,1326000
2022-09-26 11:15:00,2.5045044000,2.5139553600,2.4950534400,2.4950534400,2251300
2022-09-26 11:30:00,2.5045044000,2.5139553600,2.4950534400,2.4950534400,2167000
2022-09-26 13:15:00,2.5045044000,2.5045044000,2.4950534400,2.4950534400,2227800
2022-09-26 13:30:00,2.4950534400,2.5139553600,2.4950534400,2.4950534400,1648710
2022-09-26 13:45:00,2.5045044000,2.5045044000,2.4950534400,2.4950534400,1508298
2022-09-26 14:00:00,2.5045044000,2.5045044000,2.4856024800,2.4856024800,2012952
2022-09-26 14:15:00,2.4856024800,2.4950534400,2.4856024800,2.4950534400,1503500
2022-09-26 14:30:00,2.4950534400,2.4950534400,2.4761515200,2.4856024800,4209240
2022-09-26 14:45:00,2.4856024800,2.4856024800,2.4667005600,2.4856024800,7184810
2022-09-26 15:00:00,2.4761515200,2.4856024800,2.4761515200,2.4761515200,3550767
2022-09-27 09:45:00,2.4761515200,2.4950534400,2.4572496000,2.4667005600,9199288
2022-09-27 10:00:00,2.4667005600,2.4761515200,2.4288967200,2.4477986400,9204800
2022-09-27 10:15:00,2.4477986400,2.4477986400,2.4288967200,2.4383476800,5016000
2022-09-27 10:30:00,2.4383476800,2.4477986400,2.4288967200,2.4383476800,2928197
2022-09-27 10:45:00,2.4288967200,2.4477986400,2.4288967200,2.4288967200,4283160
2022-09-27 11:00:00,2.4288967200,2.4383476800,2.4194457600,2.4288967200,5351100
2022-09-27 11:15:00,2.4288967200,2.4383476800,2.4194457600,2.4288967200,3773900
2022-09-27 11:30:00,2.4288967200,2.4383476800,2.4194457600,2.4288967200,2411300
2022-09-27 13:15:00,2.4383476800,2.4667005600,2.4288967200,2.4572496000,3438020
2022-09-27 13:30:00,2.4572496000,2.4667005600,2.4477986400,2.4667005600,1314900
2022-09-27 13:45:00,2.4667005600,2.4667005600,2.4572496000,2.4667005600,688800
2022-09-27 14:00:00,2.4572496000,2.4761515200,2.4572496000,2.4667005600,2513250
2022-09-27 14:15:00,2.4761515200,2.4761515200,2.4572496000,2.4572496000,1816200
2022-09-27 14:30:00,2.4667005600,2.4761515200,2.4572496000,2.4667005600,1494100
2022-09-27 14:45:00,2.4667005600,2.4856024800,2.4667005600,2.4856024800,4149600
2022-09-27 15:00:00,2.4856024800,2.4950534400,2.4761515200,2.4856024800,4466969
2022-09-28 09:45:00,2.4761515200,2.4950534400,2.4572496000,2.4761515200,5374800
2022-09-28 10:00:00,2.4667005600,2.4667005600,2.4477986400,2.4477986400,4974400
2022-09-28 10:15:00,2.4477986400,2.4572496000,2.4288967200,2.4383476800,5095600
2022-09-28 10:30:00,2.4383476800,2.4477986400,2.4194457600,2.4288967200,4981300
2022-09-28 10:45:00,2.4288967200,2.4383476800,2.4194457600,2.4383476800,2850500
2022-09-28 11:00:00,2.4288967200,2.4383476800,2.4194457600,2.4288967200,2863900
2022-09-28 11:15:00,2.4288967200,2.4383476800,2.4194457600,2.4383476800,2779500
2022-09-28 11:30:00,2.4383476800,2.4383476800,2.4288967200,2.4288967200,1149247
2022-09-28 13:15:00,2.4383476800,2.4383476800,2.4099948000,2.4099948000,5326553
2022-09-28 13:30:00,2.4099948000,2.4194457600,2.4005438400,2.4099948000,4809100
2022-09-28 13:45:00,2.4099948000,2.4194457600,2.4005438400,2.4194457600,3178800
2022-09-28 14:00:00,2.4099948000,2.4194457600,2.4005438400,2.4194457600,2228900
2022-09-28 14:15:00,2.4099948000,2.4288967200,2.4099948000,2.4194457600,3661800
2022-09-28 14:30:00,2.4194457600,2.4288967200,2.4005438400,2.4099948000,3963200
2022-09-28 14:45:00,2.4099948000,2.4099948000,2.3910928800,2.4005438400,4373800
2022-09-28 15:00:00,2.3910928800,2.4005438400,2.3910928800,2.3910928800,5433900
2022-09-29 09:45:00,2.4099948000,2.4288967200,2.4005438400,2.4194457600,7863955
2022-09-29 10:00:00,2.4194457600,2.4194457600,2.3910928800,2.4005438400,3839343
2022-09-29 10:15:00,2.4099948000,2.4099948000,2.3721909600,2.3816419200,6015200
2022-09-29 10:30:00,2.3816419200,2.3910928800,2.3721909600,2.3816419200,3473600
2022-09-29 10:45:00,2.3816419200,2.3816419200,2.3532890400,2.3532890400,4543000
2022-09-29 11:00:00,2.3532890400,2.3721909600,2.3532890400,2.3721909600,3186600
2022-09-29 11:15:00,2.3627400000,2.3721909600,2.3532890400,2.3532890400,2343200
2022-09-29 11:30:00,2.3532890400,2.3721909600,2.3532890400,2.3627400000,1422152
2022-09-29 13:15:00,2.3627400000,2.3816419200,2.3627400000,2.3721909600,3730600
2022-09-29 13:30:00,2.3816419200,2.3816419200,2.3627400000,2.3721909600,801500
2022-09-29 13:45:00,2.3721909600,2.3721909600,2.3532890400,2.3627400000,1720600
2022-09-29 14:00:00,2.3627400000,2.3627400000,2.3532890400,2.3627400000,1341600
2022-09-29 14:15:00,2.3532890400,2.3627400000,2.3343871200,2.3438380800,3998600
2022-09-29 14:30:00,2.3438380800,2.3438380800,2.3249361600,2.3438380800,4989410
2022-09-29 14:45:00,2.3438380800,2.3532890400,2.3343871200,2.3532890400,3763911
2022-09-29 15:00:00,2.3532890400,2.3532890400,2.3343871200,2.3438380800,4023596
2022-09-30 09:45:00,2.3343871200,2.3721909600,2.3154852000,2.3627400000,6565700
2022-09-30 10:00:00,2.3532890400,2.3627400000,2.3438380800,2.3532890400,3539800
2022-09-30 10:15:00,2.3532890400,2.3532890400,2.3343871200,2.3438380800,2714800
2022-09-30 10:30:00,2.3438380800,2.3532890400,2.3343871200,2.3532890400,2275900
2022-09-30 10:45:00,2.3532890400,2.3627400000,2.3438380800,2.3627400000,2794800
2022-09-30 11:00:00,2.3627400000,2.3627400000,2.3532890400,2.3627400000,1087300
2022-09-30 11:15:00,2.3627400000,2.3627400000,2.3438380800,2.3532890400,1693100
2022-09-30 11:30:00,2.3532890400,2.3532890400,2.3438380800,2.3532890400,710266
2022-09-30 13:15:00,2.3438380800,2.3532890400,2.3343871200,2.3438380800,2082934
2022-09-30 13:30:00,2.3343871200,2.3532890400,2.3343871200,2.3438380800,3784924
2022-09-30 13:45:00,2.3438380800,2.3627400000,2.3438380800,2.3532890400,3832190
2022-09-30 14:00:00,2.3532890400,2.3627400000,2.3438380800,2.3438380800,2599200
2022-09-30 14:15:00,2.3532890400,2.3532890400,2.3343871200,2.3438380800,3696900
2022-09-30 14:30:00,2.3438380800,2.3532890400,2.3343871200,2.3438380800,4103981
2022-09-30 14:45:00,2.3438380800,2.3438380800,2.3343871200,2.3343871200,1900429
2022-09-30 15:00:00,2.3343871200,2.3532890400,2.3343871200,2.3343871200,3531972
2022-10-10 09:45:00,2.3532890400,2.3816419200,2.3343871200,2.3627400000,8649732
2022-10-10 10:00:00,2.3627400000,2.4005438400,2.3627400000,2.4005438400,5162900
2022-10-10 10:15:00,2.4005438400,2.4005438400,2.3721909600,2.3816419200,2973300
2022-10-10 10:30:00,2.3816419200,2.3910928800,2.3721909600,2.3910928800,2678600
2022-10-10 10:45:00,2.3910928800,2.3910928800,2.3721909600,2.3816419200,950300
2022-10-10 11:00:00,2.3816419200,2.3816419200,2.3627400000,2.3721909600,2586800
2022-10-10 11:15:00,2.3627400000,2.3816419200,2.3627400000,2.3816419200,876800
2022-10-10 11:30:00,2.3816419200,2.3816419200,2.3721909600,2.3816419200,613600
2022-10-10 13:15:00,2.3816419200,2.3910928800,2.3721909600,2.3816419200,2140900
2022-10-10 13:30:00,2.3816419200,2.3816419200,2.3627400000,2.3721909600,1225100
2022-10-10 13:45:00,2.3721909600,2.3816419200,2.3627400000,2.3816419200,1580000
2022-10-10 14:00:00,2.3816419200,2.3816419200,2.3627400000,2.3721909600,1259900
2022-10-10 14:15:00,2.3627400000,2.3721909600,2.3627400000,2.3721909600,1462700
2022-10-10 14:30:00,2.3627400000,2.3721909600,2.3438380800,2.3532890400,3841100
2022-10-10 14:45:00,2.3532890400,2.3532890400,2.3438380800,2.3438380800,2428900
2022-10-10 15:00:00,2.3532890400,2.3532890400,2.3438380800,2.3438380800,1668510
2022-10-11 09:45:00,2.3627400000,2.3721909600,2.3438380800,2.3627400000,8637582
2022-10-11 10:00:00,2.3627400000,2.3627400000,2.3438380800,2.3532890400,2338278
2022-10-11 10:15:00,2.3532890400,2.3532890400,2.3249361600,2.3249361600,4770122
2022-10-11 10:30:00,2.3249361600,2.3343871200,2.3154852000,2.3343871200,3520000
2022-10-11 10:45:00,2.3343871200,2.3627400000,2.3249361600,2.3627400000,2591171
2022-10-11 11:00:00,2.3532890400,2.3627400000,2.3438380800,2.3627400000,1159600
2022-10-11 11:15:00,2.3627400000,2.3721909600,2.3532890400,2.3627400000,1415800
2022-10-11 11:30:00,2.3627400000,2.3721909600,2.3627400000,2.3627400000,622618
2022-10-11 13:15:00,2.3627400000,2.3721909600,2.3532890400,2.3532890400,1626117
2022-10-11 13:30:00,2.3627400000,2.3627400000,2.3438380800,2.3532890400,1414900
2022-10-11 13:45:00,2.3532890400,2.3627400000,2.3438380800,2.3532890400,1423300
2022-10-11 14:00:00,2.3532890400,2.3721909600,2.3532890400,2.3627400000,1965687
2022-10-11 14:15:00,2.3627400000,2.3721909600,2.3532890400,2.3532890400,1638100
2022-10-11 14:30:00,2.3532890400,2.3721909600,2.3532890400,2.3721909600,1580000
2022-10-11 14:45:00,2.3721909600,2.3721909600,2.3532890400,2.3532890400,1512200
2022-10-11 15:00:00,2.3532890400,2.3721909600,2.3532890400,2.3627400000,3195671
2022-10-12 09:45:00,2.3532890400,2.3627400000,2.3438380800,2.3438380800,2667200
2022-10-12 10:00:00,2.3532890400,2.3627400000,2.3438380800,2.3532890400,1969000
2022-10-12 10:15:00,2.3438380800,2.3532890400,2.3249361600,2.3343871200,2951800
2022-10-12 10:30:00,2.3343871200,2.3438380800,2.3249361600,2.3249361600,2283700
2022-10-12 10:45:00,2.3249361600,2.3438380800,2.3249361600,2.3249361600,2250200
2022-10-12 11:00:00,2.3249361600,2.3343871200,2.3154852000,2.3154852000,3651500
2022-10-12 11:15:00,2.3154852000,2.3249361600,2.3154852000,2.3154852000,1425500
2022-10-12 11:30:00,2.3154852000,2.3249361600,2.3060342400,2.3154852000,3250900
2022-10-12 13:15:00,2.3060342400,2.3249361600,2.2965832800,2.3154852000,2229069
2022-10-12 13:30:00,2.3060342400,2.3154852000,2.2965832800,2.3154852000,1365100
2022-10-12 13:45:00,2.3060342400,2.3343871200,2.2965832800,2.3249361600,3384797
2022-10-12 14:00:00,2.3249361600,2.3532890400,2.3249361600,2.3438380800,2963200
2022-10-12 14:15:00,2.3532890400,2.3532890400,2.3343871200,2.3532890400,3567100
2022-10-12 14:30:00,2.3532890400,2.3721909600,2.3438380800,2.3721909600,4754571
2022-10-12 14:45:00,2.3721909600,2.3816419200,2.3532890400,2.3627400000,6088501
2022-10-12 15:00:00,2.3627400000,2.3816419200,2.3627400000,2.3721909600,2874500
2022-10-13 09:45:00,2.3627400000,2.3721909600,2.3438380800,2.3438380800,6313400
2022-10-13 10:00:00,2.3438380800,2.3627400000,2.3438380800,2.3532890400,4634569
2022-10-13 10:15:00,2.3627400000,2.3721909600,2.3438380800,2.3627400000,2969800
2022-10-13 10:30:00,2.3627400000,2.3627400000,2.3438380800,2.3532890400,2749297
2022-10-13 10:45:00,2.3532890400,2.3627400000,2.3438380800,2.3532890400,1701710
2022-10-13 11:00:00,2.3532890400,2.3627400000,2.3438380800,2.3438380800,1592200
2022-10-13 11:15:00,2.3532890400,2.3532890400,2.3438380800,2.3532890400,1600000
2022-10-13 11:30:00,2.3532890400,2.3627400000,2.3438380800,2.3532890400,1110500
2022-10-13 13:15:00,2.3627400000,2.3627400000,2.3532890400,2.3627400000,1653200
2022-10-13 13:30:00,2.3627400000,2.3627400000,2.3532890400,2.3532890400,989400
2022-10-13 13:45:00,2.3532890400,2.3721909600,2.3532890400,2.3627400000,2371928
2022-10-13 14:00:00,2.3721909600,2.3721909600,2.3532890400,2.3627400000,1704400
2022-10-13 14:15:00,2.3532890400,2.3627400000,2.3532890400,2.3532890400,1710800
2022-10-13 14:30:00,2.3627400000,2.3627400000,2.3438380800,2.3532890400,1844700
2022-10-13 14:45:00,2.3532890400,2.3627400000,2.3438380800,2.3532890400,1791800
2022-10-13 15:00:00,2.3532890400,2.3627400000,2.3438380800,2.3532890400,2293793
2022-10-14 09:45:00,2.3627400000,2.4005438400,2.3627400000,2.3910928800,9028200
2022-10-14 10:00:00,2.3816419200,2.4099948000,2.3816419200,2.4099948000,8777785
2022-10-14 10:15:00,2.4099948000,2.4099948000,2.3910928800,2.3910928800,4952100
2022-10-14 10:30:00,2.3910928800,2.4099948000,2.3910928800,2.4005438400,3912332
2022-10-14 10:45:00,2.3910928800,2.4005438400,2.3910928800,2.4005438400,1429700
2022-10-14 11:00:00,2.4005438400,2.4005438400,2.3910928800,2.3910928800,1268200
2022-10-14 11:15:00,2.4005438400,2.4005438400,2.3910928800,2.4005438400,781700
2022-10-14 11:30:00,2.3910928800,2.4005438400,2.3910928800,2.3910928800,1526600
2022-10-14 13:15:00,2.3910928800,2.4005438400,2.3910928800,2.4005438400,584600
2022-10-14 13:30:00,2.4005438400,2.4005438400,2.3910928800,2.3910928800,1622700
2022-10-14 13:45:00,2.3910928800,2.4005438400,2.3910928800,2.3910928800,1431143
2022-10-14 14:00:00,2.3910928800,2.4005438400,2.3816419200,2.3816419200,3342326
2022-10-14 14:15:00,2.3910928800,2.3910928800,2.3816419200,2.3816419200,847000
2022-10-14 14:30:00,2.3816419200,2.4005438400,2.3816419200,2.3910928800,2017500
2022-10-14 14:45:00,2.3910928800,2.3910928800,2.3816419200,2.3816419200,2255300
2022-10-14 15:00:00,2.3910928800,2.3910928800,2.3816419200,2.3910928800,3189400
2022-10-17 09:45:00,2.3910928800,2.3910928800,2.3532890400,2.3532890400,7049500
2022-10-17 10:00:00,2.3532890400,2.3627400000,2.3532890400,2.3627400000,3275800
2022-10-17 10:15:00,2.3532890400,2.3816419200,2.3532890400,2.3721909600,3247800
2022-10-17 10:30:00,2.3816419200,2.3816419200,2.3627400000,2.3721909600,2562257
2022-10-17 10:45:00,2.3721909600,2.3816419200,2.3721909600,2.3721909600,791400
2022-10-17 11:00:00,2.3816419200,2.3910928800,2.3721909600,2.3816419200,1901900
2022-10-17 11:15:00,2.3910928800,2.3910928800,2.3721909600,2.3721909600,1617000
2022-10-17 11:30:00,2.3721909600,2.3910928800,2.3721909600,2.3910928800,2467600
2022-10-17 13:15:00,2.3910928800,2.4099948000,2.3910928800,2.4099948000,2725900
2022-10-17 13:30:00,2.4005438400,2.4099948000,2.4005438400,2.4099948000,1161300
2022-10-17 13:45:00,2.4005438400,2.4194457600,2.4005438400,2.4194457600,2901500
2022-10-17 14:00:00,2.4194457600,2.4194457600,2.4099948000,2.4194457600,1873100
2022-10-17 14:15:00,2.4099948000,2.4194457600,2.4005438400,2.4099948000,2930549
2022-10-17 14:30:00,2.4005438400,2.4099948000,2.4005438400,2.4005438400,1383100
2022-10-17 14:45:00,2.4005438400,2.4194457600,2.4005438400,2.4099948000,2855700
2022-10-17 15:00:00,2.4099948000,2.4194457600,2.4099948000,2.4099948000,3402700
2022-10-18 09:45:00,2.4099948000,2.4288967200,2.4005438400,2.4099948000,4184530
2022-10-18 10:00:00,2.4099948000,2.4194457600,2.4005438400,2.4194457600,3708400
2022-10-18 10:15:00,2.4099948000,2.4194457600,2.4005438400,2.4194457600,3354600
2022-10-18 10:30:00,2.4099948000,2.4194457600,2.4099948000,2.4099948000,1553300
2022-10-18 10:45:00,2.4194457600,2.4194457600,2.4099948000,2.4099948000,707200
2022-10-18 11:00:00,2.4194457600,2.4194457600,2.4099948000,2.4099948000,1002000
2022-10-18 11:15:00,2.4194457600,2.4194457600,2.4005438400,2.4099948000,2045100
2022-10-18 11:30:00,2.4194457600,2.4194457600,2.4099948000,2.4099948000,609200
2022-10-18 13:15:00,2.4099948000,2.4194457600,2.4099948000,2.4099948000,2480600
2022-10-18 13:30:00,2.4099948000,2.4194457600,2.4099948000,2.4194457600,781900
2022-10-18 13:45:00,2.4099948000,2.4099948000,2.4005438400,2.4099948000,3616600
2022-10-18 14:00:00,2.4194457600,2.4194457600,2.4005438400,2.4005438400,1498700
2022-10-18 14:15:00,2.4005438400,2.4099948000,2.4005438400,2.4005438400,718600
2022-10-18 14:30:00,2.4099948000,2.4099948000,2.4005438400,2.4005438400,1373600
2022-10-18 14:45:00,2.4099948000,2.4099948000,2.4005438400,2.4099948000,1829800
2022-10-18 15:00:00,2.4005438400,2.4099948000,2.4005438400,2.4099948000,3945554
2022-10-19 09:45:00,2.4005438400,2.4572496000,2.4005438400,2.4477986400,14333101
2022-10-19 10:00:00,2.4477986400,2.4950534400,2.4383476800,2.4856024800,18008713
2022-10-19 10:15:00,2.4761515200,2.6273668800,2.4667005600,2.5612101600,46087999
2022-10-19 10:30:00,2.5612101600,2.5801120800,2.5328572800,2.5328572800,11491900
2022-10-19 10:45:00,2.5423082400,2.5517592000,2.5234063200,2.5328572800,5927000
2022-10-19 11:00:00,2.5423082400,2.5517592000,2.5328572800,2.5423082400,3118600
2022-10-19 11:15:00,2.5328572800,2.5423082400,2.5234063200,2.5234063200,2270100
2022-10-19 11:30:00,2.5328572800,2.5328572800,2.5234063200,2.5234063200,2459200
2022-10-19 13:15:00,2.5328572800,2.5423082400,2.5234063200,2.5423082400,3835500
2022-10-19 13:30:00,2.5423082400,2.5423082400,2.5234063200,2.5234063200,4636400
2022-10-19 13:45:00,2.5234063200,2.5423082400,2.5234063200,2.5423082400,4412400
2022-10-19 14:00:00,2.5423082400,2.5706611200,2.5328572800,2.5423082400,7719700
2022-10-19 14:15:00,2.5423082400,2.5612101600,2.5328572800,2.5517592000,3222300
2022-10-19 14:30:00,2.5517592000,2.5612101600,2.5423082400,2.5612101600,4565403
2022-10-19 14:45:00,2.5612101600,2.5706611200,2.5517592000,2.5612101600,9149600
2022-10-19 15:00:00,2.5612101600,2.5706611200,2.5517592000,2.5706611200,11775800
2022-10-20 09:45:00,2.5517592000,2.5517592000,2.4477986400,2.4761515200,33360200
2022-10-20 10:00:00,2.4761515200,2.4856024800,2.4477986400,2.4667005600,11466100
2022-10-20 10:15:00,2.4572496000,2.4761515200,2.4477986400,2.4572496000,7476300
2022-10-20 10:30:00,2.4477986400,2.4761515200,2.4477986400,2.4667005600,5346859
2022-10-20 10:45:00,2.4667005600,2.4761515200,2.4667005600,2.4761515200,3086000
2022-10-20 11:00:00,2.4761515200,2.4761515200,2.4667005600,2.4761515200,5243000
2022-10-20 11:15:00,2.4761515200,2.4950534400,2.4761515200,2.4856024800,3086700
2022-10-20 11:30:00,2.4761515200,2.4761515200,2.4667005600,2.4761515200,2211900
2022-10-20 13:15:00,2.4761515200,2.4950534400,2.4667005600,2.4950534400,5624964
2022-10-20 13:30:00,2.4950534400,2.4950534400,2.4761515200,2.4856024800,2375600
2022-10-20 13:45:00,2.4856024800,2.4856024800,2.4761515200,2.4856024800,1395000
2022-10-20 14:00:00,2.4856024800,2.4856024800,2.4667005600,2.4761515200,3569043
2022-10-20 14:15:00,2.4761515200,2.4950534400,2.4667005600,2.4856024800,4976200
2022-10-20 14:30:00,2.4856024800,2.4856024800,2.4667005600,2.4761515200,2974700
2022-10-20 14:45:00,2.4761515200,2.4950534400,2.4667005600,2.4667005600,4419535
2022-10-20 15:00:00,2.4667005600,2.4761515200,2.4667005600,2.4761515200,4610455
2022-10-21 09:45:00,2.4572496000,2.4761515200,2.4383476800,2.4477986400,12096026
2022-10-21 10:00:00,2.4477986400,2.4667005600,2.4477986400,2.4477986400,4689000
2022-10-21 10:15:00,2.4477986400,2.4667005600,2.4477986400,2.4572496000,2989300
2022-10-21 10:30:00,2.4572496000,2.4572496000,2.4477986400,2.4477986400,2052200
2022-10-21 10:45:00,2.4572496000,2.4667005600,2.4477986400,2.4572496000,1963100
2022-10-21 11:00:00,2.4572496000,2.4667005600,2.4477986400,2.4572496000,2294400
2022-10-21 11:15:00,2.4572496000,2.4572496000,2.4477986400,2.4572496000,1769400
2022-10-21 11:30:00,2.4477986400,2.4572496000,2.4383476800,2.4477986400,4396900
2022-10-21 13:15:00,2.4572496000,2.4572496000,2.4477986400,2.4477986400,1172700
2022-10-21 13:30:00,2.4572496000,2.4572496000,2.4383476800,2.4477986400,2350400
2022-10-21 13:45:00,2.4477986400,2.4572496000,2.4383476800,2.4383476800,1836100
2022-10-21 14:00:00,2.4477986400,2.4477986400,2.4383476800,2.4383476800,1550200
2022-10-21 14:15:00,2.4383476800,2.4477986400,2.4288967200,2.4288967200,4881900
2022-10-21 14:30:00,2.4288967200,2.4383476800,2.4194457600,2.4288967200,4188500
2022-10-21 14:45:00,2.4288967200,2.4383476800,2.4288967200,2.4383476800,2574100
2022-10-21 15:00:00,2.4288967200,2.4477986400,2.4288967200,2.4383476800,4233883
2022-10-24 09:45:00,2.4477986400,2.4667005600,2.4194457600,2.4383476800,10812535
2022-10-24 10:00:00,2.4383476800,2.4572496000,2.4288967200,2.4288967200,5347000
2022-10-24 10:15:00,2.4194457600,2.4288967200,2.4099948000,2.4194457600,4232000
2022-10-24 10:30:00,2.4194457600,2.4288967200,2.4099948000,2.4288967200,2356600
2022-10-24 10:45:00,2.4288967200,2.4288967200,2.4194457600,2.4194457600,1701800
2022-10-24 11:00:00,2.4194457600,2.4288967200,2.4194457600,2.4194457600,870000
2022-10-24 11:15:00,2.4194457600,2.4288967200,2.4194457600,2.4194457600,745700
2022-10-24 11:30:00,2.4194457600,2.4288967200,2.4194457600,2.4194457600,959700
2022-10-24 13:15:00,2.4194457600,2.4288967200,2.4099948000,2.4099948000,2708900
2022-10-24 13:30:00,2.4099948000,2.4194457600,2.3910928800,2.4005438400,3785464
2022-10-24 13:45:00,2.3910928800,2.4099948000,2.3910928800,2.4005438400,1491400
2022-10-24 14:00:00,2.4005438400,2.4005438400,2.3721909600,2.3816419200,4823081
2022-10-24 14:15:00,2.3816419200,2.3910928800,2.3627400000,2.3721909600,2921441
2022-10-24 14:30:00,2.3627400000,2.3910928800,2.3627400000,2.3816419200,2261034
2022-10-24 14:45:00,2.3816419200,2.3910928800,2.3721909600,2.3721909600,2643568
2022-10-24 15:00:00,2.3816419200,2.3816419200,2.3721909600,2.3721909600,3168569
2022-10-25 09:45:00,2.3721909600,2.3910928800,2.3627400000,2.3816419200,5548525
2022-10-25 10:00:00,2.3816419200,2.4005438400,2.3816419200,2.3910928800,3830100
2022-10-25 10:15:00,2.3910928800,2.3910928800,2.3721909600,2.3721909600,1748400
2022-10-25 10:30:00,2.3721909600,2.3910928800,2.3721909600,2.3816419200,2161352
2022-10-25 10:45:00,2.3910928800,2.3910928800,2.3721909600,2.3816419200,1351700
2022-10-25 11:00:00,2.3816419200,2.3816419200,2.3721909600,2.3816419200,1054070
2022-10-25 11:15:00,2.3816419200,2.3910928800,2.3721909600,2.3910928800,3562600
2022-10-25 11:30:00,2.3910928800,2.4194457600,2.3910928800,2.4099948000,4117300
2022-10-25 13:15:00,2.4194457600,2.4194457600,2.3910928800,2.3910928800,2238500
2022-10-25 13:30:00,2.3910928800,2.4099948000,2.3910928800,2.4099948000,688100
2022-10-25 13:45:00,2.4099948000,2.4099948000,2.4005438400,2.4099948000,607900
2022-10-25 14:00:00,2.4099948000,2.4099948000,2.4005438400,2.4005438400,1019775
2022-10-25 14:15:00,2.4099948000,2.4099948000,2.4005438400,2.4005438400,690300
2022-10-25 14:30:00,2.4005438400,2.4099948000,2.4005438400,2.4005438400,1105200
2022-10-25 14:45:00,2.4005438400,2.4099948000,2.3910928800,2.3910928800,1166600
2022-10-25 15:00:00,2.4005438400,2.4005438400,2.3910928800,2.4005438400,2547600
2022-10-26 09:45:00,2.3910928800,2.4099948000,2.3910928800,2.4005438400,3381400
2022-10-26 10:00:00,2.3910928800,2.4099948000,2.3910928800,2.3910928800,3493400
2022-10-26 10:15:00,2.3910928800,2.4194457600,2.3910928800,2.4099948000,4999500
2022-10-26 10:30:00,2.4099948000,2.4194457600,2.4005438400,2.4194457600,2162408
2022-10-26 10:45:00,2.4099948000,2.4194457600,2.4099948000,2.4099948000,1474700
2022-10-26 11:00:00,2.4099948000,2.4288967200,2.4099948000,2.4194457600,2607600
2022-10-26 11:15:00,2.4194457600,2.4194457600,2.4099948000,2.4194457600,889800
2022-10-26 11:30:00,2.4099948000,2.4194457600,2.4099948000,2.4099948000,1525000
2022-10-26 13:15:00,2.4099948000,2.4194457600,2.4005438400,2.4099948000,2905203
2022-10-26 13:30:00,2.4099948000,2.4099948000,2.4005438400,2.4099948000,1165800
2022-10-26 13:45:00,2.4099948000,2.4099948000,2.4005438400,2.4099948000,1738900
2022-10-26 14:00:00,2.4099948000,2.4099948000,2.3910928800,2.4005438400,1555372
2022-10-26 14:15:00,2.4005438400,2.4005438400,2.3910928800,2.4005438400,964300
2022-10-26 14:30:00,2.4005438400,2.4005438400,2.3910928800,2.4005438400,931200
2022-10-26 14:45:00,2.4005438400,2.4005438400,2.3910928800,2.3910928800,1443888
2022-10-26 15:00:00,2.4005438400,2.4099948000,2.3910928800,2.4099948000,2509757
2022-10-27 09:45:00,2.4005438400,2.4194457600,2.3910928800,2.4099948000,5144400
2022-10-27 10:00:00,2.4099948000,2.4194457600,2.4005438400,2.4194457600,3865000
2022-10-27 10:15:00,2.4194457600,2.4288967200,2.4099948000,2.4194457600,4343470
2022-10-27 10:30:00,2.4099948000,2.4288967200,2.4099948000,2.4194457600,1789100
2022-10-27 10:45:00,2.4194457600,2.4288967200,2.4099948000,2.4288967200,1028700
2022-10-27 11:00:00,2.4288967200,2.4288967200,2.4099948000,2.4194457600,2045000
2022-10-27 11:15:00,2.4194457600,2.4194457600,2.4099948000,2.4194457600,761000
2022-10-27 11:30:00,2.4194457600,2.4194457600,2.4099948000,2.4099948000,1041100
2022-10-27 13:15:00,2.4194457600,2.4194457600,2.4099948000,2.4194457600,2033500
2022-10-27 13:30:00,2.4194457600,2.4194457600,2.4099948000,2.4099948000,857300
2022-10-27 13:45:00,2.4194457600,2.4194457600,2.4099948000,2.4194457600,1113700
2022-10-27 14:00:00,2.4194457600,2.4194457600,2.4099948000,2.4194457600,1454100
2022-10-27 14:15:00,2.4194457600,2.4194457600,2.4099948000,2.4099948000,1620200
2022-10-27 14:30:00,2.4194457600,2.4194457600,2.4099948000,2.4194457600,1228500
2022-10-27 14:45:00,2.4194457600,2.4194457600,2.4099948000,2.4099948000,1475300
2022-10-27 15:00:00,2.4099948000,2.4194457600,2.4005438400,2.4099948000,2258600
2022-10-28 09:45:00,2.4005438400,2.4005438400,2.3721909600,2.3910928800,5548200
2022-10-28 10:00:00,2.3910928800,2.3910928800,2.3721909600,2.3816419200,3302300
2022-10-28 10:15:00,2.3816419200,2.3910928800,2.3721909600,2.3721909600,3846300
2022-10-28 10:30:00,2.3816419200,2.3910928800,2.3721909600,2.3816419200,1213100
2022-10-28 10:45:00,2.3816419200,2.3816419200,2.3721909600,2.3816419200,1137700
2022-10-28 11:00:00,2.3721909600,2.3816419200,2.3627400000,2.3721909600,2682500
2022-10-28 11:15:00,2.3816419200,2.3816419200,2.3627400000,2.3721909600,1194993
2022-10-28 11:30:00,2.3721909600,2.3816419200,2.3721909600,2.3816419200,341900
2022-10-28 13:15:00,2.3816419200,2.3816419200,2.3627400000,2.3721909600,1333600
2022-10-28 13:30:00,2.3721909600,2.3721909600,2.3627400000,2.3721909600,839900
2022-10-28 13:45:00,2.3627400000,2.3721909600,2.3627400000,2.3627400000,832200
2022-10-28 14:00:00,2.3627400000,2.3721909600,2.3627400000,2.3721909600,1046100
2022-10-28 14:15:00,2.3721909600,2.3816419200,2.3627400000,2.3627400000,2123400
2022-10-28 14:30:00,2.3627400000,2.3721909600,2.3438380800,2.3532890400,5321600
2022-10-28 14:45:00,2.3532890400,2.3532890400,2.3249361600,2.3249361600,5184500
2022-10-28 15:00:00,2.3249361600,2.3438380800,2.3249361600,2.3343871200,6214121
2022-10-31 09:45:00,2.3154852000,2.3249361600,2.2965832800,2.3060342400,7212193
2022-10-31 10:00:00,2.2965832800,2.3154852000,2.2965832800,2.3154852000,2633700
2022-10-31 10:15:00,2.3060342400,2.3154852000,2.2965832800,2.2965832800,2505200
2022-10-31 10:30:00,2.2965832800,2.3060342400,2.2871323200,2.2871323200,3133500
2022-10-31 10:45:00,2.2871323200,2.3154852000,2.2871323200,2.3060342400,4870188
2022-10-31 11:00:00,2.3060342400,2.3154852000,2.3060342400,2.3154852000,1182200
2022-10-31 11:15:00,2.3154852000,2.3343871200,2.3060342400,2.3249361600,2854153
2022-10-31 11:30:00,2.3249361600,2.3343871200,2.3154852000,2.3249361600,591000
2022-10-31 13:15:00,2.3249361600,2.3343871200,2.3154852000,2.3249361600,1741300
2022-10-31 13:30:00,2.3249361600,2.3249361600,2.3060342400,2.3154852000,1603300
2022-10-31 13:45:00,2.3060342400,2.3249361600,2.3060342400,2.3154852000,1000700
2022-10-31 14:00:00,2.3154852000,2.3154852000,2.3060342400,2.3060342400,987200
2022-10-31 14:15:00,2.3060342400,2.3154852000,2.2965832800,2.2965832800,1025400
2022-10-31 14:30:00,2.3060342400,2.3060342400,2.2965832800,2.2965832800,1167900
2022-10-31 14:45:00,2.2965832800,2.3060342400,2.2965832800,2.3060342400,1109100
2022-10-31 15:00:00,2.3060342400,2.3060342400,2.2965832800,2.3060342400,2044601
2022-11-01 09:45:00,2.2965832800,2.3343871200,2.2965832800,2.3154852000,3443900
2022-11-01 10:00:00,2.3154852000,2.3154852000,2.3060342400,2.3060342400,1111001
2022-11-01 10:15:00,2.3060342400,2.3343871200,2.3060342400,2.3343871200,2785000
2022-11-01 10:30:00,2.3343871200,2.3343871200,2.3154852000,2.3249361600,2691300
2022-11-01 10:45:00,2.3249361600,2.3343871200,2.3154852000,2.3249361600,2266500
2022-11-01 11:00:00,2.3343871200,2.3343871200,2.3154852000,2.3154852000,3017500
2022-11-01 11:15:00,2.3154852000,2.3249361600,2.3154852000,2.3154852000,804700
2022-11-01 11:30:00,2.3154852000,2.3249361600,2.3060342400,2.3060342400,2685000
2022-11-01 13:15:00,2.3154852000,2.3249361600,2.3060342400,2.3154852000,1160100
2022-11-01 13:30:00,2.3154852000,2.3249361600,2.3154852000,2.3249361600,610184
2022-11-01 13:45:00,2.3249361600,2.3249361600,2.3154852000,2.3154852000,912200
2022-11-01 14:00:00,2.3154852000,2.3343871200,2.3154852000,2.3249361600,3335108
2022-11-01 14:15:00,2.3249361600,2.3438380800,2.3249361600,2.3438380800,2640500
2022-11-01 14:30:00,2.3438380800,2.3438380800,2.3343871200,2.3343871200,1365800
2022-11-01 14:45:00,2.3438380800,2.3438380800,2.3343871200,2.3343871200,2090000
2022-11-01 15:00:00,2.3343871200,2.3532890400,2.3343871200,2.3438380800,3226000
2022-11-02 09:45:00,2.3438380800,2.3627400000,2.3249361600,2.3532890400,5861400
2022-11-02 10:00:00,2.3532890400,2.3627400000,2.3438380800,2.3532890400,3476355
2022-11-02 10:15:00,2.3532890400,2.3627400000,2.3438380800,2.3532890400,1950737
2022-11-02 10:30:00,2.3532890400,2.3816419200,2.3438380800,2.3721909600,6506000
2022-11-02 10:45:00,2.3721909600,2.3816419200,2.3627400000,2.3721909600,1790084
2022-11-02 11:00:00,2.3721909600,2.3721909600,2.3627400000,2.3627400000,844700
2022-11-02 11:15:00,2.3627400000,2.3721909600,2.3627400000,2.3721909600,1408100
2022-11-02 11:30:00,2.3721909600,2.3816419200,2.3627400000,2.3721909600,1461800
2022-11-02 13:15:00,2.3721909600,2.3816419200,2.3721909600,2.3721909600,2007300
2022-11-02 13:30:00,2.3721909600,2.3816419200,2.3721909600,2.3721909600,1181800
2022-11-02 13:45:00,2.3721909600,2.3816419200,2.3721909600,2.3721909600,1506226
2022-11-02 14:00:00,2.3721909600,2.3816419200,2.3721909600,2.3721909600,1258611
2022-11-02 14:15:00,2.3721909600,2.3816419200,2.3627400000,2.3627400000,1643389
2022-11-02 14:30:00,2.3627400000,2.3721909600,2.3627400000,2.3721909600,685900
2022-11-02 14:45:00,2.3627400000,2.3721909600,2.3532890400,2.3627400000,3300682
2022-11-02 15:00:00,2.3627400000,2.3721909600,2.3532890400,2.3627400000,2350800
2022-11-03 09:45:00,2.3438380800,2.3532890400,2.3343871200,2.3438380800,5298300
2022-11-03 10:00:00,2.3438380800,2.3627400000,2.3438380800,2.3532890400,1568800
2022-11-03 10:15:00,2.3532890400,2.3532890400,2.3438380800,2.3532890400,1102500
2022-11-03 10:30:00,2.3532890400,2.3532890400,2.3438380800,2.3438380800,1727800
2022-11-03 10:45:00,2.3438380800,2.3532890400,2.3438380800,2.3438380800,1289100
2022-11-03 11:00:00,2.3438380800,2.3532890400,2.3343871200,2.3438380800,1946000
2022-11-03 11:15:00,2.3438380800,2.3438380800,2.3343871200,2.3438380800,1052800
2022-11-03 11:30:00,2.3438380800,2.3438380800,2.3343871200,2.3438380800,884171
2022-11-03 13:15:00,2.3343871200,2.3438380800,2.3343871200,2.3343871200,455500
2022-11-03 13:30:00,2.3343871200,2.3438380800,2.3343871200,2.3343871200,601300
2022-11-03 13:45:00,2.3343871200,2.3438380800,2.3343871200,2.3343871200,928900
2022-11-03 14:00:00,2.3343871200,2.3438380800,2.3343871200,2.3343871200,501600
2022-11-03 14:15:00,2.3438380800,2.3438380800,2.3343871200,2.3438380800,400200
2022-11-03 14:30:00,2.3438380800,2.3438380800,2.3343871200,2.3438380800,855900
2022-11-03 14:45:00,2.3438380800,2.3438380800,2.3343871200,2.3438380800,2035000
2022-11-03 15:00:00,2.3438380800,2.3438380800,2.3343871200,2.3438380800,2599600
2022-11-04 09:45:00,2.3438380800,2.3721909600,2.3343871200,2.3721909600,5731500
2022-11-04 10:00:00,2.3721909600,2.3721909600,2.3627400000,2.3721909600,2530929
2022-11-04 10:15:00,2.3627400000,2.3816419200,2.3627400000,2.3721909600,3002209
2022-11-04 10:30:00,2.3721909600,2.3816419200,2.3627400000,2.3627400000,2229586
2022-11-04 10:45:00,2.3627400000,2.3816419200,2.3627400000,2.3721909600,1662800
2022-11-04 11:00:00,2.3816419200,2.3816419200,2.3721909600,2.3721909600,884222
2022-11-04 11:15:00,2.3816419200,2.3816419200,2.3721909600,2.3816419200,1127184
2022-11-04 11:30:00,2.3816419200,2.3910928800,2.3721909600,2.3816419200,4796171
2022-11-04 13:15:00,2.3910928800,2.4005438400,2.3816419200,2.4005438400,4418461
2022-11-04 13:30:00,2.4005438400,2.4005438400,2.3816419200,2.3910928800,2685900
2022-11-04 13:45:00,2.3816419200,2.3910928800,2.3816419200,2.3910928800,1142501
2022-11-04 14:00:00,2.3910928800,2.3910928800,2.3816419200,2.3816419200,721100
2022-11-04 14:15:00,2.3816419200,2.3910928800,2.3816419200,2.3816419200,2272200
2022-11-04 14:30:00,2.3816419200,2.3910928800,2.3816419200,2.3910928800,1664100
2022-11-04 14:45:00,2.3910928800,2.3910928800,2.3816419200,2.3816419200,3600900
2022-11-04 15:00:00,2.3816419200,2.3910928800,2.3816419200,2.3816419200,3242424
2022-11-07 09:45:00,2.3721909600,2.4005438400,2.3721909600,2.3910928800,5123300
2022-11-07 10:00:00,2.3910928800,2.4005438400,2.3816419200,2.3910928800,4857300
2022-11-07 10:15:00,2.3910928800,2.4005438400,2.3816419200,2.3816419200,2037800
2022-11-07 10:30:00,2.3816419200,2.4005438400,2.3816419200,2.3910928800,3546440
2022-11-07 10:45:00,2.3910928800,2.4099948000,2.3910928800,2.4099948000,4218155
2022-11-07 11:00:00,2.4005438400,2.4099948000,2.4005438400,2.4099948000,1456300
2022-11-07 11:15:00,2.4099948000,2.4194457600,2.4005438400,2.4099948000,4124600
2022-11-07 11:30:00,2.4099948000,2.4288967200,2.4099948000,2.4194457600,3066400
2022-11-07 13:15:00,2.4288967200,2.4288967200,2.4099948000,2.4099948000,2962300
2022-11-07 13:30:00,2.4099948000,2.4194457600,2.4005438400,2.4099948000,1417920
2022-11-07 13:45:00,2.4099948000,2.4194457600,2.4005438400,2.4005438400,2028200
2022-11-07 14:00:00,2.4099948000,2.4099948000,2.3910928800,2.4005438400,2711812
2022-11-07 14:15:00,2.4099948000,2.4099948000,2.4005438400,2.4005438400,1178100
2022-11-07 14:30:00,2.4099948000,2.4099948000,2.4005438400,2.4005438400,1179100
2022-11-07 14:45:00,2.4005438400,2.4194457600,2.4005438400,2.4099948000,2577303
2022-11-07 15:00:00,2.4194457600,2.4194457600,2.4099948000,2.4099948000,2402240
2022-11-08 09:45:00,2.4099948000,2.4099948000,2.3816419200,2.3910928800,4271500
2022-11-08 10:00:00,2.3910928800,2.4005438400,2.3816419200,2.3910928800,2371160
2022-11-08 10:15:00,2.4005438400,2.4005438400,2.3816419200,2.3910928800,2052810
2022-11-08 10:30:00,2.3816419200,2.3910928800,2.3816419200,2.3816419200,1489859
2022-11-08 10:45:00,2.3816419200,2.4005438400,2.3816419200,2.4005438400,1591100
2022-11-08 11:00:00,2.3910928800,2.4005438400,2.3910928800,2.4005438400,679700
2022-11-08 11:15:00,2.4005438400,2.4005438400,2.3816419200,2.3910928800,1865600
2022-11-08 11:30:00,2.4005438400,2.4005438400,2.3910928800,2.4005438400,410100
2022-11-08 13:15:00,2.3910928800,2.4005438400,2.3816419200,2.3816419200,1359203
2022-11-08 13:30:00,2.3816419200,2.4005438400,2.3816419200,2.3910928800,2250600
2022-11-08 13:45:00,2.3910928800,2.3910928800,2.3816419200,2.3816419200,858800
2022-11-08 14:00:00,2.3816419200,2.3910928800,2.3816419200,2.3910928800,671740
2022-11-08 14:15:00,2.3910928800,2.3910928800,2.3816419200,2.3816419200,966900
2022-11-08 14:30:00,2.3910928800,2.3910928800,2.3816419200,2.3910928800,2474600
2022-11-08 14:45:00,2.3910928800,2.4005438400,2.3816419200,2.4005438400,1705600
2022-11-08 15:00:00,2.4005438400,2.4005438400,2.3910928800,2.4005438400,1969243
2022-11-09 09:45:00,2.3910928800,2.4194457600,2.3910928800,2.4099948000,4681000
2022-11-09 10:00:00,2.4099948000,2.4194457600,2.4005438400,2.4005438400,1305400
2022-11-09 10:15:00,2.4005438400,2.4099948000,2.3910928800,2.4005438400,3210726
2022-11-09 10:30:00,2.4005438400,2.4099948000,2.3910928800,2.4099948000,1083400
2022-11-09 10:45:00,2.4099948000,2.4099948000,2.4005438400,2.4005438400,506600
2022-11-09 11:00:00,2.4099948000,2.4099948000,2.4005438400,2.4005438400,1796900
2022-11-09 11:15:00,2.4005438400,2.4099948000,2.3910928800,2.3910928800,855435
2022-11-09 11:30:00,2.3910928800,2.4005438400,2.3910928800,2.3910928800,238800
2022-11-09 13:15:00,2.4005438400,2.4005438400,2.3816419200,2.3910928800,2779300
2022-11-09 13:30:00,2.3910928800,2.4005438400,2.3816419200,2.3816419200,1147300
2022-11-09 13:45:00,2.3816419200,2.4005438400,2.3816419200,2.3910928800,1346100
2022-11-09 14:00:00,2.3910928800,2.4005438400,2.3816419200,2.3910928800,1454803
2022-11-09 14:15:00,2.4005438400,2.4005438400,2.3910928800,2.4005438400,590200
2022-11-09 14:30:00,2.3910928800,2.4005438400,2.3910928800,2.3910928800,752300
2022-11-09 14:45:00,2.4005438400,2.4005438400,2.3910928800,2.4005438400,802900
2022-11-09 15:00:00,2.3910928800,2.4005438400,2.3910928800,2.3910928800,1921633
2022-11-10 09:45:00,2.3816419200,2.3910928800,2.3532890400,2.3816419200,7565900
2022-11-10 10:00:00,2.3816419200,2.3816419200,2.3627400000,2.3627400000,1422700
2022-11-10 10:15:00,2.3627400000,2.3816419200,2.3627400000,2.3816419200,3005296
2022-11-10 10:30:00,2.3816419200,2.3816419200,2.3721909600,2.3816419200,1051600
2022-11-10 10:45:00,2.3816419200,2.3816419200,2.3721909600,2.3816419200,674800
2022-11-10 11:00:00,2.3816419200,2.3910928800,2.3721909600,2.3910928800,3311600
2022-11-10 11:15:00,2.3910928800,2.3910928800,2.3816419200,2.3910928800,502100
2022-11-10 11:30:00,2.3910928800,2.3910928800,2.3816419200,2.3910928800,1385000
2022-11-10 13:15:00,2.3910928800,2.3910928800,2.3816419200,2.3910928800,1482569
2022-11-10 13:30:00,2.3910928800,2.3910928800,2.3816419200,2.3910928800,1457600
2022-11-10 13:45:00,2.3910928800,2.3910928800,2.3816419200,2.3816419200,791300
2022-11-10 14:00:00,2.3910928800,2.3910928800,2.3816419200,2.3816419200,2335900
2022-11-10 14:15:00,2.3816419200,2.4005438400,2.3816419200,2.4005438400,3989603
2022-11-10 14:30:00,2.4005438400,2.4005438400,2.3910928800,2.4005438400,742600
2022-11-10 14:45:00,2.3910928800,2.4005438400,2.3910928800,2.3910928800,1025800
2022-11-10 15:00:00,2.4005438400,2.4005438400,2.3816419200,2.4005438400,4459400
2022-11-11 09:45:00,2.4288967200,2.4572496000,2.4099948000,2.4099948000,10525200
2022-11-11 10:00:00,2.4194457600,2.4194457600,2.4099948000,2.4194457600,2378501
2022-11-11 10:15:00,2.4194457600,2.4194457600,2.4005438400,2.4194457600,6053421
2022-11-11 10:30:00,2.4194457600,2.4288967200,2.4099948000,2.4099948000,4494369
2022-11-11 10:45:00,2.4099948000,2.4194457600,2.4099948000,2.4099948000,1315300
2022-11-11 11:00:00,2.4099948000,2.4288967200,2.4099948000,2.4288967200,2674200
2022-11-11 11:15:00,2.4288967200,2.4288967200,2.4194457600,2.4288967200,1370624
2022-11-11 11:30:00,2.4288967200,2.4383476800,2.4194457600,2.4383476800,4683500
2022-11-11 13:15:00,2.4383476800,2.4383476800,2.4194457600,2.4194457600,2801600
2022-11-11 13:30:00,2.4194457600,2.4383476800,2.4194457600,2.4383476800,1865821
2022-11-11 13:45:00,2.4383476800,2.4477986400,2.4288967200,2.4383476800,7493100
2022-11-11 14:00:00,2.4383476800,2.4477986400,2.4288967200,2.4383476800,2611100
2022-11-11 14:15:00,2.4383476800,2.4477986400,2.4288967200,2.4288967200,2572000
2022-11-11 14:30:00,2.4288967200,2.4383476800,2.4194457600,2.4288967200,2957900
2022-11-11 14:45:00,2.4288967200,2.4288967200,2.4194457600,2.4288967200,2002000
2022-11-11 15:00:00,2.4194457600,2.4288967200,2.4194457600,2.4288967200,4124700
2022-11-14 09:45:00,2.4288967200,2.4572496000,2.4194457600,2.4383476800,8030700
2022-11-14 10:00:00,2.4477986400,2.4477986400,2.4288967200,2.4383476800,3049800
2022-11-14 10:15:00,2.4383476800,2.4477986400,2.4383476800,2.4383476800,1664900
2022-11-14 10:30:00,2.4383476800,2.4477986400,2.4383476800,2.4383476800,2044800
2022-11-14 10:45:00,2.4477986400,2.4477986400,2.4288967200,2.4288967200,3690200
2022-11-14 11:00:00,2.4288967200,2.4477986400,2.4288967200,2.4383476800,1552100
2022-11-14 11:15:00,2.4383476800,2.4477986400,2.4383476800,2.4477986400,375500
2022-11-14 11:30:00,2.4383476800,2.4572496000,2.4383476800,2.4572496000,3332200
2022-11-14 13:15:00,2.4572496000,2.4572496000,2.4383476800,2.4477986400,2673700
2022-11-14 13:30:00,2.4383476800,2.4477986400,2.4288967200,2.4288967200,2578900
2022-11-14 13:45:00,2.4288967200,2.4383476800,2.4194457600,2.4288967200,2821200
2022-11-14 14:00:00,2.4288967200,2.4288967200,2.4194457600,2.4194457600,807500
2022-11-14 14:15:00,2.4288967200,2.4383476800,2.4194457600,2.4194457600,2926500
2022-11-14 14:30:00,2.4194457600,2.4383476800,2.4194457600,2.4383476800,1457400
2022-11-14 14:45:00,2.4383476800,2.4383476800,2.4194457600,2.4194457600,1608200
2022-11-14 15:00:00,2.4194457600,2.4477986400,2.4194457600,2.4383476800,4799923
2022-11-15 09:45:00,2.4383476800,2.4383476800,2.4194457600,2.4288967200,3355392
2022-11-15 10:00:00,2.4288967200,2.4383476800,2.4288967200,2.4383476800,2752700
2022-11-15 10:15:00,2.4383476800,2.4383476800,2.4288967200,2.4383476800,1095600
2022-11-15 10:30:00,2.4288967200,2.4383476800,2.4288967200,2.4383476800,2176902
2022-11-15 10:45:00,2.4288967200,2.4477986400,2.4288967200,2.4477986400,2783300
2022-11-15 11:00:00,2.4383476800,2.4572496000,2.4383476800,2.4383476800,4646900
2022-11-15 11:15:00,2.4477986400,2.4477986400,2.4383476800,2.4477986400,1289500
2022-11-15 11:30:00,2.4477986400,2.4572496000,2.4383476800,2.4477986400,1634800
2022-11-15 13:15:00,2.4477986400,2.4572496000,2.4477986400,2.4477986400,907500
2022-11-15 13:30:00,2.4477986400,2.4572496000,2.4477986400,2.4477986400,1328400
2022-11-15 13:45:00,2.4572496000,2.4572496000,2.4383476800,2.4383476800,5334000
2022-11-15 14:00:00,2.4477986400,2.4477986400,2.4288967200,2.4383476800,3159600
2022-11-15 14:15:00,2.4383476800,2.4477986400,2.4288967200,2.4477986400,2606500
2022-11-15 14:30:00,2.4477986400,2.4477986400,2.4383476800,2.4383476800,1364700
2022-11-15 14:45:00,2.4383476800,2.4477986400,2.4383476800,2.4383476800,1971900
2022-11-15 15:00:00,2.4383476800,2.4477986400,2.4383476800,2.4477986400,5531500
2022-11-16 09:45:00,2.4572496000,2.4761515200,2.4477986400,2.4572496000,11548902
2022-11-16 10:00:00,2.4572496000,2.4667005600,2.4477986400,2.4667005600,4332600
2022-11-16 10:15:00,2.4667005600,2.4667005600,2.4477986400,2.4572496000,2729992
2022-11-16 10:30:00,2.4572496000,2.4667005600,2.4477986400,2.4572496000,1676683
2022-11-16 10:45:00,2.4572496000,2.4667005600,2.4477986400,2.4477986400,2114317
2022-11-16 11:00:00,2.4477986400,2.4572496000,2.4477986400,2.4477986400,679200
2022-11-16 11:15:00,2.4477986400,2.4572496000,2.4477986400,2.4477986400,1287900
2022-11-16 11:30:00,2.4572496000,2.4572496000,2.4383476800,2.4477986400,3296900
2022-11-16 13:15:00,2.4477986400,2.4477986400,2.4288967200,2.4288967200,2957700
2022-11-16 13:30:00,2.4288967200,2.4477986400,2.4288967200,2.4477986400,1662800
2022-11-16 13:45:00,2.4477986400,2.4477986400,2.4383476800,2.4477986400,1142500
2022-11-16 14:00:00,2.4477986400,2.4477986400,2.4383476800,2.4477986400,1320800
2022-11-16 14:15:00,2.4383476800,2.4572496000,2.4383476800,2.4572496000,2381700
2022-11-16 14:30:00,2.4572496000,2.4572496000,2.4383476800,2.4383476800,1084900
2022-11-16 14:45:00,2.4383476800,2.4477986400,2.4383476800,2.4383476800,1112410
2022-11-16 15:00:00,2.4477986400,2.4477986400,2.4383476800,2.4477986400,2153500
2022-11-17 09:45:00,2.4383476800,2.4383476800,2.4194457600,2.4383476800,4971682
2022-11-17 10:00:00,2.4383476800,2.4383476800,2.4194457600,2.4288967200,5545843
2022-11-17 10:15:00,2.4383476800,2.4383476800,2.4288967200,2.4383476800,1303500
2022-11-17 10:30:00,2.4383476800,2.4477986400,2.4288967200,2.4383476800,5006100
2022-11-17 10:45:00,2.4383476800,2.4477986400,2.4288967200,2.4383476800,1994400
2022-11-17 11:00:00,2.4383476800,2.4477986400,2.4383476800,2.4477986400,882800
2022-11-17 11:15:00,2.4477986400,2.4477986400,2.4288967200,2.4383476800,1206000
2022-11-17 11:30:00,2.4383476800,2.4477986400,2.4288967200,2.4288967200,1126900
2022-11-17 13:15:00,2.4383476800,2.4383476800,2.4288967200,2.4288967200,732500
2022-11-17 13:30:00,2.4288967200,2.4383476800,2.4288967200,2.4383476800,1066600
2022-11-17 13:45:00,2.4288967200,2.4383476800,2.4288967200,2.4383476800,465800
2022-11-17 14:00:00,2.4383476800,2.4383476800,2.4288967200,2.4288967200,1125500
2022-11-17 14:15:00,2.4383476800,2.4383476800,2.4288967200,2.4383476800,2321800
2022-11-17 14:30:00,2.4383476800,2.4383476800,2.4288967200,2.4288967200,1519000
2022-11-17 14:45:00,2.4383476800,2.4383476800,2.4288967200,2.4383476800,2895400
2022-11-17 15:00:00,2.4383476800,2.4477986400,2.4288967200,2.4477986400,3591900
2022-11-18 09:45:00,2.4383476800,2.4477986400,2.4288967200,2.4383476800,2948300
2022-11-18 10:00:00,2.4383476800,2.4383476800,2.4288967200,2.4383476800,2332500
2022-11-18 10:15:00,2.4383476800,2.4383476800,2.4194457600,2.4194457600,3924600
2022-11-18 10:30:00,2.4194457600,2.4288967200,2.4194457600,2.4194457600,1405600
2022-11-18 10:45:00,2.4288967200,2.4288967200,2.4194457600,2.4288967200,1715500
2022-11-18 11:00:00,2.4288967200,2.4288967200,2.4099948000,2.4194457600,3787300
2022-11-18 11:15:00,2.4099948000,2.4288967200,2.4099948000,2.4194457600,3090400
2022-11-18 11:30:00,2.4194457600,2.4288967200,2.4194457600,2.4194457600,1304500
2022-11-18 13:15:00,2.4194457600,2.4194457600,2.4099948000,2.4194457600,3414900
2022-11-18 13:30:00,2.4194457600,2.4288967200,2.4099948000,2.4194457600,2101600
2022-11-18 13:45:00,2.4288967200,2.4288967200,2.4194457600,2.4194457600,1271000
2022-11-18 14:00:00,2.4194457600,2.4288967200,2.4099948000,2.4194457600,2479053
2022-11-18 14:15:00,2.4288967200,2.4288967200,2.4099948000,2.4099948000,1656048
2022-11-18 14:30:00,2.4099948000,2.4194457600,2.4099948000,2.4194457600,1261100
2022-11-18 14:45:00,2.4194457600,2.4194457600,2.4099948000,2.4099948000,2087360
2022-11-18 15:00:00,2.4099948000,2.4194457600,2.4005438400,2.4099948000,6084739
2022-11-21 09:45:00,2.4005438400,2.4099948000,2.3816419200,2.3816419200,5887200
2022-11-21 10:00:00,2.3816419200,2.3910928800,2.3721909600,2.3816419200,5599100
2022-11-21 10:15:00,2.3721909600,2.3816419200,2.3721909600,2.3816419200,2835900
2022-11-21 10:30:00,2.3816419200,2.3910928800,2.3721909600,2.3910928800,2853000
2022-11-21 10:45:00,2.3910928800,2.3910928800,2.3721909600,2.3816419200,1665700
2022-11-21 11:00:00,2.3816419200,2.3910928800,2.3816419200,2.3910928800,451200
2022-11-21 11:15:00,2.3910928800,2.3910928800,2.3816419200,2.3910928800,460500
2022-11-21 11:30:00,2.3910928800,2.4005438400,2.3816419200,2.4005438400,2877500
2022-11-21 13:15:00,2.4005438400,2.4005438400,2.3816419200,2.3816419200,841433
2022-11-21 13:30:00,2.3910928800,2.3910928800,2.3816419200,2.3910928800,1600300
2022-11-21 13:45:00,2.3910928800,2.3910928800,2.3816419200,2.3910928800,2759500
2022-11-21 14:00:00,2.3816419200,2.3910928800,2.3816419200,2.3910928800,1439600
2022-11-21 14:15:00,2.3816419200,2.3910928800,2.3816419200,2.3910928800,1143500
2022-11-21 14:30:00,2.3910928800,2.3910928800,2.3816419200,2.3816419200,918600
2022-11-21 14:45:00,2.3910928800,2.3910928800,2.3816419200,2.3910928800,1546800
2022-11-21 15:00:00,2.3816419200,2.4005438400,2.3816419200,2.4005438400,5006000
2022-11-22 09:45:00,2.4005438400,2.4194457600,2.3910928800,2.4099948000,6150900
2022-11-22 10:00:00,2.4099948000,2.4194457600,2.4005438400,2.4099948000,3622700
2022-11-22 10:15:00,2.4099948000,2.4194457600,2.4005438400,2.4194457600,2052101
2022-11-22 10:30:00,2.4194457600,2.4194457600,2.4005438400,2.4099948000,1769200
2022-11-22 10:45:00,2.4099948000,2.4194457600,2.4099948000,2.4099948000,1227900
2022-11-22 11:00:00,2.4099948000,2.4288967200,2.4099948000,2.4194457600,4663942
2022-11-22 11:15:00,2.4194457600,2.4288967200,2.4194457600,2.4288967200,1962601
2022-11-22 11:30:00,2.4288967200,2.4383476800,2.4194457600,2.4383476800,4709100
2022-11-22 13:15:00,2.4383476800,2.4572496000,2.4288967200,2.4572496000,13540600
2022-11-22 13:30:00,2.4572496000,2.4572496000,2.4477986400,2.4477986400,5733400
2022-11-22 13:45:00,2.4477986400,2.4572496000,2.4383476800,2.4477986400,2420800
2022-11-22 14:00:00,2.4477986400,2.4477986400,2.4288967200,2.4383476800,3981100
2022-11-22 14:15:00,2.4383476800,2.4477986400,2.4288967200,2.4288967200,2278300
2022-11-22 14:30:00,2.4288967200,2.4383476800,2.4288967200,2.4288967200,1041000
2022-11-22 14:45:00,2.4383476800,2.4383476800,2.4194457600,2.4288967200,2957700
2022-11-22 15:00:00,2.4288967200,2.4383476800,2.4194457600,2.4383476800,4530900
2022-11-23 09:45:00,2.4383476800,2.4572496000,2.4383476800,2.4572496000,6015700
2022-11-23 10:00:00,2.4572496000,2.4572496000,2.4383476800,2.4477986400,11590800
2022-11-23 10:15:00,2.4477986400,2.4761515200,2.4383476800,2.4667005600,16204958
2022-11-23 10:30:00,2.4761515200,2.4950534400,2.4667005600,2.4761515200,16967800
2022-11-23 10:45:00,2.4761515200,2.4856024800,2.4572496000,2.4761515200,7249600
2022-11-23 11:00:00,2.4667005600,2.4761515200,2.4572496000,2.4761515200,2706700
2022-11-23 11:15:00,2.4667005600,2.4856024800,2.4667005600,2.4856024800,4235845
2022-11-23 11:30:00,2.4856024800,2.4856024800,2.4761515200,2.4761515200,3669055
2022-11-23 13:15:00,2.4761515200,2.4856024800,2.4667005600,2.4667005600,2948400
2022-11-23 13:30:00,2.4761515200,2.4856024800,2.4667005600,2.4856024800,2326600
2022-11-23 13:45:00,2.4856024800,2.4856024800,2.4761515200,2.4856024800,2507700
2022-11-23 14:00:00,2.4856024800,2.4856024800,2.4667005600,2.4761515200,1598000
2022-11-23 14:15:00,2.4761515200,2.4761515200,2.4667005600,2.4761515200,1549200
2022-11-23 14:30:00,2.4761515200,2.4761515200,2.4667005600,2.4761515200,1840600
2022-11-23 14:45:00,2.4761515200,2.4761515200,2.4667005600,2.4667005600,2429300
2022-11-23 15:00:00,2.4761515200,2.4761515200,2.4667005600,2.4761515200,4499200
2022-11-24 09:45:00,2.4667005600,2.4761515200,2.4477986400,2.4572496000,8514700
2022-11-24 10:00:00,2.4477986400,2.4572496000,2.4383476800,2.4477986400,6073300
2022-11-24 10:15:00,2.4477986400,2.4572496000,2.4477986400,2.4477986400,2361600
2022-11-24 10:30:00,2.4572496000,2.4572496000,2.4383476800,2.4477986400,2004300
2022-11-24 10:45:00,2.4383476800,2.4477986400,2.4383476800,2.4477986400,1170600
2022-11-24 11:00:00,2.4477986400,2.4477986400,2.4383476800,2.4477986400,842800
2022-11-24 11:15:00,2.4477986400,2.4477986400,2.4194457600,2.4288967200,6670400
2022-11-24 11:30:00,2.4194457600,2.4288967200,2.4194457600,2.4288967200,1171400
2022-11-24 13:15:00,2.4288967200,2.4383476800,2.4194457600,2.4288967200,1918800
2022-11-24 13:30:00,2.4288967200,2.4288967200,2.4194457600,2.4288967200,1507000
2022-11-24 13:45:00,2.4288967200,2.4288967200,2.4194457600,2.4194457600,1880100
2022-11-24 14:00:00,2.4288967200,2.4383476800,2.4194457600,2.4288967200,3062400
2022-11-24 14:15:00,2.4383476800,2.4383476800,2.4288967200,2.4288967200,1493300
2022-11-24 14:30:00,2.4383476800,2.4383476800,2.4288967200,2.4288967200,1982300
2022-11-24 14:45:00,2.4383476800,2.4383476800,2.4288967200,2.4288967200,3750800
2022-11-24 15:00:00,2.4383476800,2.4383476800,2.4288967200,2.4288967200,2100005
2022-11-25 09:45:00,2.4383476800,2.4383476800,2.4194457600,2.4288967200,3949300
2022-11-25 10:00:00,2.4288967200,2.4477986400,2.4288967200,2.4383476800,4625500
2022-11-25 10:15:00,2.4383476800,2.4477986400,2.4383476800,2.4383476800,1784111
2022-11-25 10:30:00,2.4383476800,2.4572496000,2.4383476800,2.4477986400,5099033
2022-11-25 10:45:00,2.4572496000,2.4572496000,2.4477986400,2.4477986400,693800
2022-11-25 11:00:00,2.4477986400,2.4572496000,2.4477986400,2.4477986400,855100
2022-11-25 11:15:00,2.4477986400,2.4667005600,2.4477986400,2.4572496000,6925092
2022-11-25 11:30:00,2.4572496000,2.4667005600,2.4477986400,2.4572496000,1719900
2022-11-25 13:15:00,2.4572496000,2.4667005600,2.4572496000,2.4572496000,1911200
2022-11-25 13:30:00,2.4572496000,2.4667005600,2.4477986400,2.4477986400,1959400
2022-11-25 13:45:00,2.4477986400,2.4667005600,2.4477986400,2.4572496000,2832849
2022-11-25 14:00:00,2.4572496000,2.4667005600,2.4572496000,2.4572496000,1168800
2022-11-25 14:15:00,2.4667005600,2.4667005600,2.4477986400,2.4572496000,3744151
2022-11-25 14:30:00,2.4572496000,2.4667005600,2.4477986400,2.4572496000,4225531
2022-11-25 14:45:00,2.4572496000,2.4667005600,2.4572496000,2.4667005600,2076900
2022-11-25 15:00:00,2.4667005600,2.4667005600,2.4477986400,2.4572496000,3728900
2022-11-28 09:45:00,2.4383476800,2.4477986400,2.4099948000,2.4194457600,10909045
2022-11-28 10:00:00,2.4194457600,2.4288967200,2.4099948000,2.4288967200,2777600
2022-11-28 10:15:00,2.4288967200,2.4572496000,2.4194457600,2.4572496000,7689200
2022-11-28 10:30:00,2.4572496000,2.4761515200,2.4477986400,2.4667005600,9999511
2022-11-28 10:45:00,2.4667005600,2.4761515200,2.4572496000,2.4667005600,2218343
2022-11-28 11:00:00,2.4572496000,2.4761515200,2.4572496000,2.4761515200,2950700
2022-11-28 11:15:00,2.4667005600,2.4761515200,2.4667005600,2.4667005600,1718300
2022-11-28 11:30:00,2.4761515200,2.4761515200,2.4572496000,2.4667005600,1052700
2022-11-28 13:15:00,2.4667005600,2.4761515200,2.4572496000,2.4667005600,3080123
2022-11-28 13:30:00,2.4667005600,2.4667005600,2.4477986400,2.4477986400,2573900
2022-11-28 13:45:00,2.4477986400,2.4572496000,2.4477986400,2.4477986400,827300
2022-11-28 14:00:00,2.4477986400,2.4572496000,2.4477986400,2.4477986400,877500
2022-11-28 14:15:00,2.4572496000,2.4572496000,2.4477986400,2.4477986400,761900
2022-11-28 14:30:00,2.4477986400,2.4667005600,2.4477986400,2.4572496000,3208400
2022-11-28 14:45:00,2.4572496000,2.4761515200,2.4572496000,2.4667005600,2847400
2022-11-28 15:00:00,2.4761515200,2.4761515200,2.4667005600,2.4667005600,3231351
2022-11-29 09:45:00,2.4477986400,2.4667005600,2.4477986400,2.4667005600,10327000
2022-11-29 10:00:00,2.4667005600,2.4761515200,2.4572496000,2.4761515200,4879600
2022-11-29 10:15:00,2.4761515200,2.4856024800,2.4667005600,2.4761515200,6370000
2022-11-29 10:30:00,2.4761515200,2.4856024800,2.4667005600,2.4667005600,3379400
2022-11-29 10:45:00,2.4761515200,2.4761515200,2.4667005600,2.4761515200,2466000
2022-11-29 11:00:00,2.4761515200,2.4856024800,2.4667005600,2.4856024800,3888800
2022-11-29 11:15:00,2.4856024800,2.4856024800,2.4761515200,2.4761515200,3993945
2022-11-29 11:30:00,2.4761515200,2.4950534400,2.4761515200,2.4950534400,6587766
2022-11-29 13:15:00,2.4856024800,2.4950534400,2.4761515200,2.4856024800,3579800
2022-11-29 13:30:00,2.4856024800,2.4950534400,2.4761515200,2.4856024800,2831000
2022-11-29 13:45:00,2.4856024800,2.4856024800,2.4761515200,2.4856024800,1655900
2022-11-29 14:00:00,2.4856024800,2.4856024800,2.4761515200,2.4856024800,1820900
2022-11-29 14:15:00,2.4856024800,2.4856024800,2.4761515200,2.4856024800,1734000
2022-11-29 14:30:00,2.4856024800,2.4856024800,2.4761515200,2.4856024800,1560400
2022-11-29 14:45:00,2.4761515200,2.4856024800,2.4761515200,2.4856024800,2813700
2022-11-29 15:00:00,2.4856024800,2.4856024800,2.4761515200,2.4856024800,6457600
2022-11-30 09:45:00,2.4856024800,2.4950534400,2.4761515200,2.4856024800,7445599
2022-11-30 10:00:00,2.4856024800,2.4950534400,2.4856024800,2.4856024800,4323800
2022-11-30 10:15:00,2.4856024800,2.4950534400,2.4667005600,2.4761515200,5558700
2022-11-30 10:30:00,2.4667005600,2.4856024800,2.4667005600,2.4761515200,6883692
2022-11-30 10:45:00,2.4761515200,2.4856024800,2.4667005600,2.4761515200,3946700
2022-11-30 11:00:00,2.4761515200,2.4761515200,2.4667005600,2.4667005600,1966100
2022-11-30 11:15:00,2.4667005600,2.4856024800,2.4667005600,2.4761515200,2298800
2022-11-30 11:30:00,2.4761515200,2.4856024800,2.4761515200,2.4761515200,2168500
2022-11-30 13:15:00,2.4761515200,2.4856024800,2.4667005600,2.4667005600,2196100
2022-11-30 13:30:00,2.4667005600,2.4856024800,2.4667005600,2.4761515200,3006400
2022-11-30 13:45:00,2.4761515200,2.4856024800,2.4761515200,2.4856024800,1721100
2022-11-30 14:00:00,2.4856024800,2.4856024800,2.4667005600,2.4667005600,3462500
2022-11-30 14:15:00,2.4667005600,2.4761515200,2.4667005600,2.4667005600,1193800
2022-11-30 14:30:00,2.4667005600,2.4761515200,2.4667005600,2.4667005600,1485401
2022-11-30 14:45:00,2.4761515200,2.4761515200,2.4667005600,2.4667005600,3022500
2022-11-30 15:00:00,2.4761515200,2.4856024800,2.4667005600,2.4761515200,6370458
2022-12-01 09:45:00,2.4856024800,2.5045044000,2.4761515200,2.4856024800,13934800
2022-12-01 10:00:00,2.4856024800,2.4950534400,2.4667005600,2.4761515200,7927200
2022-12-01 10:15:00,2.4761515200,2.4856024800,2.4761515200,2.4856024800,5285900
2022-12-01 10:30:00,2.4856024800,2.4856024800,2.4667005600,2.4761515200,3489280
2022-12-01 10:45:00,2.4667005600,2.4761515200,2.4667005600,2.4667005600,1917060
2022-12-01 11:00:00,2.4761515200,2.4761515200,2.4667005600,2.4667005600,2775170
2022-12-01 11:15:00,2.4761515200,2.4761515200,2.4667005600,2.4667005600,2226900
2022-12-01 11:30:00,2.4761515200,2.4761515200,2.4667005600,2.4761515200,3003500
2022-12-01 13:15:00,2.4761515200,2.4761515200,2.4667005600,2.4761515200,2402157
2022-12-01 13:30:00,2.4667005600,2.4761515200,2.4667005600,2.4761515200,2084000
2022-12-01 13:45:00,2.4761515200,2.4761515200,2.4667005600,2.4667005600,2521300
2022-12-01 14:00:00,2.4761515200,2.4761515200,2.4572496000,2.4572496000,2571200
2022-12-01 14:15:00,2.4667005600,2.4667005600,2.4572496000,2.4572496000,1410300
2022-12-01 14:30:00,2.4572496000,2.4667005600,2.4572496000,2.4667005600,1728200
2022-12-01 14:45:00,2.4667005600,2.4667005600,2.4572496000,2.4572496000,1930500
2022-12-01 15:00:00,2.4667005600,2.4667005600,2.4572496000,2.4572496000,3929302
2022-12-02 09:45:00,2.4572496000,2.4667005600,2.4477986400,2.4477986400,7742845
2022-12-02 10:00:00,2.4477986400,2.4572496000,2.4383476800,2.4477986400,5142755
2022-12-02 10:15:00,2.4383476800,2.4477986400,2.4383476800,2.4477986400,2140100
2022-12-02 10:30:00,2.4477986400,2.4477986400,2.4288967200,2.4288967200,7824800
2022-12-02 10:45:00,2.4288967200,2.4383476800,2.4288967200,2.4383476800,2222480
2022-12-02 11:00:00,2.4288967200,2.4383476800,2.4288967200,2.4383476800,1835700
2022-12-02 11:15:00,2.4383476800,2.4383476800,2.4194457600,2.4194457600,5112400
2022-12-02 11:30:00,2.4194457600,2.4383476800,2.4194457600,2.4194457600,2534156
2022-12-02 13:15:00,2.4288967200,2.4383476800,2.4194457600,2.4288967200,2789800
2022-12-02 13:30:00,2.4288967200,2.4477986400,2.4288967200,2.4477986400,5504700
2022-12-02 13:45:00,2.4477986400,2.4477986400,2.4288967200,2.4288967200,1971700
2022-12-02 14:00:00,2.4288967200,2.4477986400,2.4288967200,2.4383476800,2246400
2022-12-02 14:15:00,2.4383476800,2.4477986400,2.4383476800,2.4477986400,1925300
2022-12-02 14:30:00,2.4477986400,2.4477986400,2.4383476800,2.4477986400,765900
2022-12-02 14:45:00,2.4383476800,2.4477986400,2.4383476800,2.4477986400,2190100
2022-12-02 15:00:00,2.4477986400,2.4477986400,2.4383476800,2.4383476800,2221212
2022-12-05 09:45:00,2.4572496000,2.5234063200,2.4477986400,2.5045044000,32408100
2022-12-05 10:00:00,2.5045044000,2.5139553600,2.4950534400,2.5139553600,11234327
2022-12-05 10:15:00,2.5139553600,2.5328572800,2.5045044000,2.5328572800,14397311
2022-12-05 10:30:00,2.5234063200,2.5423082400,2.5234063200,2.5423082400,13044000
2022-12-05 10:45:00,2.5328572800,2.5517592000,2.5328572800,2.5517592000,11989261
2022-12-05 11:00:00,2.5517592000,2.5517592000,2.5328572800,2.5423082400,13841400
2022-12-05 11:15:00,2.5328572800,2.5517592000,2.5328572800,2.5423082400,6002600
2022-12-05 11:30:00,2.5423082400,2.5801120800,2.5423082400,2.5517592000,14749314
2022-12-05 13:15:00,2.5517592000,2.5612101600,2.5423082400,2.5423082400,4241900
2022-12-05 13:30:00,2.5423082400,2.5517592000,2.5423082400,2.5423082400,3106100
2022-12-05 13:45:00,2.5423082400,2.5612101600,2.5423082400,2.5517592000,6422000
2022-12-05 14:00:00,2.5517592000,2.5517592000,2.5423082400,2.5517592000,2120700
2022-12-05 14:15:00,2.5517592000,2.5517592000,2.5328572800,2.5423082400,4881216
2022-12-05 14:30:00,2.5328572800,2.5423082400,2.5328572800,2.5423082400,1378100
2022-12-05 14:45:00,2.5328572800,2.5423082400,2.5328572800,2.5423082400,4559910
2022-12-05 15:00:00,2.5423082400,2.5517592000,2.5328572800,2.5423082400,7334300
2022-12-06 09:45:00,2.5517592000,2.5517592000,2.5234063200,2.5423082400,12074800
2022-12-06 10:00:00,2.5423082400,2.5423082400,2.5234063200,2.5328572800,5388000
2022-12-06 10:15:00,2.5328572800,2.5612101600,2.5328572800,2.5423082400,7715200
2022-12-06 10:30:00,2.5517592000,2.5517592000,2.5328572800,2.5423082400,3758700
2022-12-06 10:45:00,2.5328572800,2.5423082400,2.5234063200,2.5328572800,6173200
2022-12-06 11:00:00,2.5328572800,2.5423082400,2.5234063200,2.5328572800,2218000
2022-12-06 11:15:00,2.5328572800,2.5328572800,2.5234063200,2.5328572800,2287100
2022-12-06 11:30:00,2.5328572800,2.5328572800,2.5139553600,2.5234063200,5452600
2022-12-06 13:15:00,2.5139553600,2.5234063200,2.5045044000,2.5045044000,4121600
2022-12-06 13:30:00,2.5045044000,2.5139553600,2.5045044000,2.5139553600,2211200
2022-12-06 13:45:00,2.5045044000,2.5234063200,2.5045044000,2.5234063200,2925700
2022-12-06 14:00:00,2.5139553600,2.5328572800,2.5139553600,2.5328572800,4015012
2022-12-06 14:15:00,2.5234063200,2.5328572800,2.5139553600,2.5139553600,2211200
2022-12-06 14:30:00,2.5234063200,2.5234063200,2.5139553600,2.5234063200,1692301
2022-12-06 14:45:00,2.5139553600,2.5234063200,2.5139553600,2.5139553600,1676600
2022-12-06 15:00:00,2.5139553600,2.5234063200,2.5139553600,2.5234063200,3489613
2022-12-07 09:45:00,2.5234063200,2.5423082400,2.5139553600,2.5234063200,11042200
2022-12-07 10:00:00,2.5328572800,2.5328572800,2.5139553600,2.5139553600,4998800
2022-12-07 10:15:00,2.5139553600,2.5234063200,2.5045044000,2.5045044000,5833400
2022-12-07 10:30:00,2.5045044000,2.5139553600,2.5045044000,2.5045044000,1433100
2022-12-07 10:45:00,2.5139553600,2.5139553600,2.4856024800,2.4950534400,6773000
2022-12-07 11:00:00,2.4950534400,2.5045044000,2.4856024800,2.4950534400,3990700
2022-12-07 11:15:00,2.4950534400,2.5139553600,2.4950534400,2.5139553600,2607400
2022-12-07 11:30:00,2.5139553600,2.5139553600,2.4950534400,2.5139553600,2376400
2022-12-07 13:15:00,2.5139553600,2.5234063200,2.5045044000,2.5234063200,4507996
2022-12-07 13:30:00,2.5234063200,2.5328572800,2.5234063200,2.5328572800,3275600
2022-12-07 13:45:00,2.5234063200,2.5328572800,2.5045044000,2.5139553600,3440500
2022-12-07 14:00:00,2.5045044000,2.5234063200,2.5045044000,2.5045044000,2871300
2022-12-07 14:15:00,2.5045044000,2.5139553600,2.4950534400,2.5045044000,2864100
2022-12-07 14:30:00,2.4950534400,2.5139553600,2.4950534400,2.5045044000,3208800
2022-12-07 14:45:00,2.5045044000,2.5139553600,2.4950534400,2.4950534400,3243300
2022-12-07 15:00:00,2.5045044000,2.5139553600,2.4950534400,2.5045044000,4713497
2022-12-08 09:45:00,2.5139553600,2.5234063200,2.4856024800,2.4950534400,10497700
2022-12-08 10:00:00,2.4950534400,2.5045044000,2.4856024800,2.4950534400,4535400
2022-12-08 10:15:00,2.4950534400,2.5045044000,2.4856024800,2.4856024800,2835600
2022-12-08 10:30:00,2.4950534400,2.4950534400,2.4856024800,2.4950534400,1872900
2022-12-08 10:45:00,2.4856024800,2.5234063200,2.4856024800,2.5139553600,10670500
2022-12-08 11:00:00,2.5139553600,2.5139553600,2.5045044000,2.5139553600,3070200
2022-12-08 11:15:00,2.5139553600,2.5139553600,2.5045044000,2.5045044000,1906900
2022-12-08 11:30:00,2.5139553600,2.5139553600,2.5045044000,2.5045044000,963400
2022-12-08 13:15:00,2.5139553600,2.5139553600,2.4950534400,2.4950534400,3401000
2022-12-08 13:30:00,2.5045044000,2.5045044000,2.4856024800,2.4950534400,4709308
2022-12-08 13:45:00,2.4856024800,2.4950534400,2.4856024800,2.4856024800,3468535
2022-12-08 14:00:00,2.4856024800,2.5045044000,2.4856024800,2.4950534400,1596500
2022-12-08 14:15:00,2.5045044000,2.5045044000,2.4856024800,2.4950534400,2382900
2022-12-08 14:30:00,2.4856024800,2.4950534400,2.4856024800,2.4950534400,1389600
2022-12-08 14:45:00,2.4856024800,2.5045044000,2.4856024800,2.4950534400,2960500
2022-12-08 15:00:00,2.4950534400,2.5045044000,2.4856024800,2.4950534400,3327798
2022-12-09 09:45:00,2.5045044000,2.5139553600,2.4950534400,2.4950534400,7428500
2022-12-09 10:00:00,2.4950534400,2.4950534400,2.4761515200,2.4761515200,4076800
2022-12-09 10:15:00,2.4761515200,2.4856024800,2.4667005600,2.4761515200,6037100
2022-12-09 10:30:00,2.4761515200,2.4761515200,2.4667005600,2.4667005600,2453100
2022-12-09 10:45:00,2.4667005600,2.4761515200,2.4667005600,2.4761515200,2417700
2022-12-09 11:00:00,2.4667005600,2.4761515200,2.4667005600,2.4667005600,2690800
2022-12-09 11:15:00,2.4667005600,2.4761515200,2.4667005600,2.4667005600,2497600
2022-12-09 11:30:00,2.4667005600,2.4856024800,2.4667005600,2.4761515200,2753100
2022-12-09 13:15:00,2.4761515200,2.4761515200,2.4667005600,2.4761515200,2604100
2022-12-09 13:30:00,2.4667005600,2.4761515200,2.4667005600,2.4761515200,2901201
2022-12-09 13:45:00,2.4761515200,2.4761515200,2.4667005600,2.4761515200,2058100
2022-12-09 14:00:00,2.4761515200,2.4761515200,2.4667005600,2.4761515200,3564000
2022-12-09 14:15:00,2.4761515200,2.4856024800,2.4667005600,2.4856024800,4228900
2022-12-09 14:30:00,2.4856024800,2.4856024800,2.4667005600,2.4761515200,3061100
2022-12-09 14:45:00,2.4761515200,2.4856024800,2.4761515200,2.4761515200,2093700
2022-12-09 15:00:00,2.4761515200,2.4856024800,2.4761515200,2.4856024800,7119455
2022-12-12 09:45:00,2.4761515200,2.4761515200,2.4572496000,2.4572496000,7951300
2022-12-12 10:00:00,2.4572496000,2.4667005600,2.4477986400,2.4477986400,7623936
2022-12-12 10:15:00,2.4477986400,2.4572496000,2.4383476800,2.4383476800,7813400
2022-12-12 10:30:00,2.4383476800,2.4477986400,2.4383476800,2.4477986400,2595700
2022-12-12 10:45:00,2.4383476800,2.4572496000,2.4383476800,2.4572496000,4133200
2022-12-12 11:00:00,2.4572496000,2.4572496000,2.4477986400,2.4572496000,1760641
2022-12-12 11:15:00,2.4572496000,2.4572496000,2.4477986400,2.4572496000,752900
2022-12-12 11:30:00,2.4477986400,2.4572496000,2.4477986400,2.4572496000,2166296
2022-12-12 13:15:00,2.4477986400,2.4572496000,2.4477986400,2.4572496000,1856600
2022-12-12 13:30:00,2.4572496000,2.4572496000,2.4477986400,2.4572496000,1360659
2022-12-12 13:45:00,2.4477986400,2.4572496000,2.4477986400,2.4477986400,2997600
2022-12-12 14:00:00,2.4572496000,2.4572496000,2.4383476800,2.4383476800,2898400
2022-12-12 14:15:00,2.4383476800,2.4477986400,2.4383476800,2.4477986400,1353700
2022-12-12 14:30:00,2.4477986400,2.4477986400,2.4383476800,2.4383476800,1540400
2022-12-12 14:45:00,2.4477986400,2.4477986400,2.4383476800,2.4383476800,2603800
2022-12-12 15:00:00,2.4383476800,2.4477986400,2.4288967200,2.4383476800,8292955
2022-12-13 09:45:00,2.4288967200,2.4761515200,2.4288967200,2.4572496000,12620522
2022-12-13 10:00:00,2.4667005600,2.4667005600,2.4572496000,2.4572496000,1823800
2022-12-13 10:15:00,2.4667005600,2.4667005600,2.4572496000,2.4572496000,2860100
2022-12-13 10:30:00,2.4572496000,2.4667005600,2.4572496000,2.4667005600,1765900
2022-12-13 10:45:00,2.4572496000,2.4667005600,2.4477986400,2.4477986400,2676100
2022-12-13 11:00:00,2.4477986400,2.4572496000,2.4477986400,2.4477986400,1059300
2022-12-13 11:15:00,2.4477986400,2.4572496000,2.4477986400,2.4477986400,1657000
2022-12-13 11:30:00,2.4477986400,2.4572496000,2.4383476800,2.4477986400,2227700
2022-12-13 13:15:00,2.4477986400,2.4572496000,2.4383476800,2.4477986400,1634800
2022-12-13 13:30:00,2.4572496000,2.4572496000,2.4383476800,2.4477986400,1470500
2022-12-13 13:45:00,2.4477986400,2.4572496000,2.4477986400,2.4477986400,1421066
2022-12-13 14:00:00,2.4572496000,2.4667005600,2.4477986400,2.4667005600,3699100
2022-12-13 14:15:00,2.4572496000,2.4667005600,2.4477986400,2.4477986400,1883600
2022-12-13 14:30:00,2.4572496000,2.4572496000,2.4477986400,2.4477986400,1089400
2022-12-13 14:45:00,2.4572496000,2.4667005600,2.4477986400,2.4572496000,2179600
2022-12-13 15:00:00,2.4572496000,2.4572496000,2.4477986400,2.4572496000,2337700
2022-12-14 09:45:00,2.4667005600,2.4667005600,2.4383476800,2.4383476800,7097900
2022-12-14 10:00:00,2.4477986400,2.4572496000,2.4383476800,2.4477986400,3278800
2022-12-14 10:15:00,2.4477986400,2.4572496000,2.4383476800,2.4477986400,2665200
2022-12-14 10:30:00,2.4477986400,2.4477986400,2.4383476800,2.4477986400,1162900
2022-12-14 10:45:00,2.4383476800,2.4477986400,2.4383476800,2.4383476800,2068500
2022-12-14 11:00:00,2.4383476800,2.4477986400,2.4383476800,2.4477986400,2053400
2022-12-14 11:15:00,2.4383476800,2.4477986400,2.4383476800,2.4383476800,1420800
2022-12-14 11:30:00,2.4383476800,2.4477986400,2.4383476800,2.4383476800,1012419
2022-12-14 13:15:00,2.4383476800,2.4477986400,2.4288967200,2.4383476800,3924381
2022-12-14 13:30:00,2.4383476800,2.4477986400,2.4288967200,2.4477986400,1528500
2022-12-14 13:45:00,2.4477986400,2.4477986400,2.4288967200,2.4383476800,1647300
2022-12-14 14:00:00,2.4383476800,2.4383476800,2.4288967200,2.4288967200,945200
2022-12-14 14:15:00,2.4288967200,2.4383476800,2.4194457600,2.4194457600,7084500
2022-12-14 14:30:00,2.4194457600,2.4288967200,2.4194457600,2.4194457600,2681100
2022-12-14 14:45:00,2.4288967200,2.4288967200,2.4099948000,2.4099948000,6540400
2022-12-14 15:00:00,2.4194457600,2.4194457600,2.4099948000,2.4194457600,5534000
2022-12-15 09:45:00,2.4194457600,2.4288967200,2.3910928800,2.3910928800,6474700
2022-12-15 10:00:00,2.4005438400,2.4099948000,2.4005438400,2.4005438400,4126300
2022-12-15 10:15:00,2.4099948000,2.4099948000,2.3910928800,2.4005438400,3355600
2022-12-15 10:30:00,2.4005438400,2.4099948000,2.3910928800,2.3910928800,3422600
2022-12-15 10:45:00,2.4005438400,2.4099948000,2.3910928800,2.4005438400,1632800
2022-12-15 11:00:00,2.4005438400,2.4099948000,2.3910928800,2.3910928800,1023900
2022-12-15 11:15:00,2.3910928800,2.4005438400,2.3910928800,2.4005438400,1042100
2022-12-15 11:30:00,2.4005438400,2.4099948000,2.3910928800,2.4005438400,2551900
2022-12-15 13:15:00,2.4099948000,2.4099948000,2.3910928800,2.4005438400,1432800
2022-12-15 13:30:00,2.4005438400,2.4005438400,2.3910928800,2.3910928800,643500
2022-12-15 13:45:00,2.4005438400,2.4005438400,2.3910928800,2.4005438400,1020000
2022-12-15 14:00:00,2.3910928800,2.4005438400,2.3910928800,2.4005438400,913400
2022-12-15 14:15:00,2.3910928800,2.4005438400,2.3910928800,2.3910928800,1695900
2022-12-15 14:30:00,2.4005438400,2.4005438400,2.3910928800,2.4005438400,2166800
2022-12-15 14:45:00,2.4005438400,2.4005438400,2.3910928800,2.3910928800,3086100
2022-12-15 15:00:00,2.3910928800,2.4005438400,2.3816419200,2.3910928800,7188824
2022-12-16 09:45:00,2.3816419200,2.3910928800,2.3721909600,2.3721909600,3465000
2022-12-16 10:00:00,2.3721909600,2.3816419200,2.3627400000,2.3627400000,4479900
2022-12-16 10:15:00,2.3627400000,2.3816419200,2.3627400000,2.3721909600,6387700
2022-12-16 10:30:00,2.3816419200,2.3910928800,2.3721909600,2.3816419200,3462283
2022-12-16 10:45:00,2.3816419200,2.4005438400,2.3816419200,2.4005438400,2732300
2022-12-16 11:00:00,2.3910928800,2.4005438400,2.3816419200,2.3910928800,2936400
2022-12-16 11:15:00,2.3910928800,2.3910928800,2.3816419200,2.3816419200,941300
2022-12-16 11:30:00,2.3816419200,2.3910928800,2.3816419200,2.3816419200,302400
2022-12-16 13:15:00,2.3816419200,2.3910928800,2.3816419200,2.3816419200,1516900
2022-12-16 13:30:00,2.3816419200,2.3910928800,2.3721909600,2.3721909600,2938945
2022-12-16 13:45:00,2.3721909600,2.3816419200,2.3721909600,2.3816419200,757500
2022-12-16 14:00:00,2.3816419200,2.3910928800,2.3721909600,2.3816419200,1962800
2022-12-16 14:15:00,2.3816419200,2.3910928800,2.3816419200,2.3816419200,1719400
2022-12-16 14:30:00,2.3816419200,2.3910928800,2.3816419200,2.3816419200,1162600
2022-12-16 14:45:00,2.3816419200,2.4005438400,2.3816419200,2.4005438400,4372814
2022-12-16 15:00:00,2.4005438400,2.4005438400,2.3910928800,2.3910928800,4714263
2022-12-19 09:45:00,2.3910928800,2.3910928800,2.3627400000,2.3721909600,7737900
2022-12-19 10:00:00,2.3721909600,2.3721909600,2.3438380800,2.3438380800,8836300
2022-12-19 10:15:00,2.3532890400,2.3627400000,2.3438380800,2.3627400000,3206800
2022-12-19 10:30:00,2.3627400000,2.3627400000,2.3532890400,2.3627400000,1412300
2022-12-19 10:45:00,2.3532890400,2.3627400000,2.3438380800,2.3438380800,3206900
2022-12-19 11:00:00,2.3438380800,2.3532890400,2.3343871200,2.3438380800,4273000
2022-12-19 11:15:00,2.3438380800,2.3532890400,2.3343871200,2.3438380800,2231133
2022-12-19 11:30:00,2.3438380800,2.3438380800,2.3343871200,2.3343871200,1068100
2022-12-19 13:15:00,2.3438380800,2.3438380800,2.3343871200,2.3438380800,2666000
2022-12-19 13:30:00,2.3343871200,2.3343871200,2.3249361600,2.3343871200,4217300
2022-12-19 13:45:00,2.3249361600,2.3343871200,2.3154852000,2.3249361600,3487900
2022-12-19 14:00:00,2.3249361600,2.3343871200,2.3154852000,2.3154852000,2171500
2022-12-19 14:15:00,2.3249361600,2.3249361600,2.3154852000,2.3154852000,1126900
2022-12-19 14:30:00,2.3154852000,2.3343871200,2.3154852000,2.3154852000,2832000
2022-12-19 14:45:00,2.3154852000,2.3249361600,2.3154852000,2.3249361600,2543101
2022-12-19 15:00:00,2.3154852000,2.3343871200,2.3154852000,2.3249361600,4076900
2022-12-20 09:45:00,2.3249361600,2.3249361600,2.3060342400,2.3154852000,6219400
2022-12-20 10:00:00,2.3154852000,2.3249361600,2.3060342400,2.3154852000,3344300
2022-12-20 10:15:00,2.3154852000,2.3343871200,2.3154852000,2.3249361600,3361400
2022-12-20 10:30:00,2.3343871200,2.3343871200,2.3249361600,2.3249361600,760400
2022-12-20 10:45:00,2.3343871200,2.3438380800,2.3249361600,2.3343871200,2242801
2022-12-20 11:00:00,2.3343871200,2.3438380800,2.3249361600,2.3249361600,2481800
2022-12-20 11:15:00,2.3343871200,2.3343871200,2.3249361600,2.3249361600,967100
2022-12-20 11:30:00,2.3249361600,2.3343871200,2.3154852000,2.3343871200,3347201
2022-12-20 13:15:00,2.3343871200,2.3343871200,2.3154852000,2.3249361600,1300199
2022-12-20 13:30:00,2.3154852000,2.3249361600,2.3154852000,2.3249361600,3995000
2022-12-20 13:45:00,2.3154852000,2.3249361600,2.3060342400,2.3154852000,1885500
2022-12-20 14:00:00,2.3060342400,2.3249361600,2.3060342400,2.3249361600,2094734
2022-12-20 14:15:00,2.3249361600,2.3249361600,2.3154852000,2.3249361600,1770869
2022-12-20 14:30:00,2.3154852000,2.3249361600,2.3154852000,2.3154852000,1079300
2022-12-20 14:45:00,2.3154852000,2.3249361600,2.3154852000,2.3249361600,2308000
2022-12-20 15:00:00,2.3154852000,2.3249361600,2.3060342400,2.3154852000,2449400
2022-12-21 09:45:00,2.3154852000,2.3249361600,2.3060342400,2.3154852000,3440700
2022-12-21 10:00:00,2.3154852000,2.3249361600,2.3060342400,2.3154852000,2902943
2022-12-21 10:15:00,2.3154852000,2.3343871200,2.3154852000,2.3343871200,3311081
2022-12-21 10:30:00,2.3343871200,2.3343871200,2.3249361600,2.3249361600,846100
2022-12-21 10:45:00,2.3249361600,2.3343871200,2.3154852000,2.3343871200,2373800
2022-12-21 11:00:00,2.3343871200,2.3343871200,2.3249361600,2.3249361600,589200
2022-12-21 11:15:00,2.3249361600,2.3343871200,2.3249361600,2.3249361600,647300
2022-12-21 11:30:00,2.3249361600,2.3343871200,2.3154852000,2.3154852000,1319700
2022-12-21 13:15:00,2.3154852000,2.3249361600,2.3154852000,2.3249361600,1269400
2022-12-21 13:30:00,2.3249361600,2.3249361600,2.3154852000,2.3154852000,1209900
2022-12-21 13:45:00,2.3249361600,2.3249361600,2.3154852000,2.3249361600,1054900
2022-12-21 14:00:00,2.3249361600,2.3249361600,2.3154852000,2.3249361600,1377400
2022-12-21 14:15:00,2.3154852000,2.3249361600,2.3154852000,2.3249361600,1072000
2022-12-21 14:30:00,2.3154852000,2.3249361600,2.3154852000,2.3249361600,1209100
2022-12-21 14:45:00,2.3249361600,2.3249361600,2.3154852000,2.3249361600,1049200
2022-12-21 15:00:00,2.3249361600,2.3249361600,2.3154852000,2.3154852000,2331800
2022-12-22 09:45:00,2.3249361600,2.3343871200,2.3154852000,2.3249361600,2979300
2022-12-22 10:00:00,2.3154852000,2.3343871200,2.3154852000,2.3343871200,2896000
2022-12-22 10:15:00,2.3343871200,2.3343871200,2.3249361600,2.3343871200,1886200
2022-12-22 10:30:00,2.3249361600,2.3343871200,2.3154852000,2.3154852000,2104300
2022-12-22 10:45:00,2.3154852000,2.3249361600,2.3154852000,2.3249361600,880700
2022-12-22 11:00:00,2.3154852000,2.3249361600,2.3154852000,2.3249361600,861800
2022-12-22 11:15:00,2.3154852000,2.3249361600,2.3060342400,2.3154852000,3996400
2022-12-22 11:30:00,2.3060342400,2.3154852000,2.3060342400,2.3154852000,761200
2022-12-22 13:15:00,2.3154852000,2.3154852000,2.3060342400,2.3060342400,978500
2022-12-22 13:30:00,2.3060342400,2.3154852000,2.3060342400,2.3154852000,1118100
2022-12-22 13:45:00,2.3060342400,2.3154852000,2.2965832800,2.3060342400,3544400
2022-12-22 14:00:00,2.3060342400,2.3060342400,2.2965832800,2.3060342400,1048300
2022-12-22 14:15:00,2.2965832800,2.3060342400,2.2871323200,2.2965832800,3591500
2022-12-22 14:30:00,2.2965832800,2.2965832800,2.2871323200,2.2871323200,1113863
2022-12-22 14:45:00,2.2871323200,2.2965832800,2.2682304000,2.2776813600,6846800
2022-12-22 15:00:00,2.2776813600,2.2965832800,2.2776813600,2.2776813600,3025400
2022-12-23 09:45:00,2.2682304000,2.2776813600,2.2682304000,2.2682304000,3156200
2022-12-23 10:00:00,2.2682304000,2.2871323200,2.2682304000,2.2776813600,3018000
2022-12-23 10:15:00,2.2871323200,2.2871323200,2.2776813600,2.2871323200,1836400
2022-12-23 10:30:00,2.2871323200,2.2965832800,2.2776813600,2.2965832800,1383410
2022-12-23 10:45:00,2.2871323200,2.2965832800,2.2871323200,2.2965832800,1047300
2022-12-23 11:00:00,2.2871323200,2.2965832800,2.2871323200,2.2871323200,949600
2022-12-23 11:15:00,2.2871323200,2.2965832800,2.2776813600,2.2776813600,1067700
2022-12-23 11:30:00,2.2776813600,2.2965832800,2.2776813600,2.2871323200,1961700
2022-12-23 13:15:00,2.2871323200,2.2965832800,2.2871323200,2.2871323200,814900
2022-12-23 13:30:00,2.2871323200,2.2965832800,2.2776813600,2.2871323200,1467600
2022-12-23 13:45:00,2.2776813600,2.2871323200,2.2776813600,2.2871323200,1438100
2022-12-23 14:00:00,2.2776813600,2.2871323200,2.2776813600,2.2871323200,655800
2022-12-23 14:15:00,2.2776813600,2.2871323200,2.2776813600,2.2776813600,805200
2022-12-23 14:30:00,2.2776813600,2.2871323200,2.2776813600,2.2871323200,576900
2022-12-23 14:45:00,2.2871323200,2.2871323200,2.2776813600,2.2871323200,1221900
2022-12-23 15:00:00,2.2776813600,2.2871323200,2.2776813600,2.2871323200,1828900
2022-12-26 09:45:00,2.2871323200,2.2965832800,2.2776813600,2.2965832800,1817500
2022-12-26 10:00:00,2.2965832800,2.2965832800,2.2871323200,2.2965832800,1641200
2022-12-26 10:15:00,2.2965832800,2.3060342400,2.2871323200,2.3060342400,1253100
2022-12-26 10:30:00,2.3060342400,2.3060342400,2.2871323200,2.2965832800,1886300
2022-12-26 10:45:00,2.2871323200,2.2965832800,2.2871323200,2.2871323200,691200
2022-12-26 11:00:00,2.2965832800,2.2965832800,2.2871323200,2.2965832800,1477800
2022-12-26 11:15:00,2.2871323200,2.2965832800,2.2871323200,2.2871323200,795000
2022-12-26 11:30:00,2.2871323200,2.2965832800,2.2871323200,2.2871323200,1800800
2022-12-26 13:15:00,2.2871323200,2.2965832800,2.2871323200,2.2965832800,1660800
2022-12-26 13:30:00,2.2965832800,2.2965832800,2.2871323200,2.2871323200,581700
2022-12-26 13:45:00,2.2871323200,2.2965832800,2.2871323200,2.2965832800,710800
2022-12-26 14:00:00,2.2871323200,2.2965832800,2.2871323200,2.2871323200,716100
2022-12-26 14:15:00,2.2871323200,2.2965832800,2.2871323200,2.2871323200,616400
2022-12-26 14:30:00,2.2871323200,2.2965832800,2.2871323200,2.2965832800,865600
2022-12-26 14:45:00,2.2871323200,2.2965832800,2.2871323200,2.2871323200,1657908
2022-12-26 15:00:00,2.2965832800,2.2965832800,2.2871323200,2.2965832800,2106600
2022-12-27 09:45:00,2.3060342400,2.3154852000,2.2965832800,2.3060342400,4219900
2022-12-27 10:00:00,2.3060342400,2.3154852000,2.3060342400,2.3060342400,1629600
2022-12-27 10:15:00,2.3060342400,2.3154852000,2.3060342400,2.3060342400,1206300
2022-12-27 10:30:00,2.3154852000,2.3154852000,2.3060342400,2.3060342400,915800
2022-12-27 10:45:00,2.3060342400,2.3249361600,2.3060342400,2.3154852000,4642600
2022-12-27 11:00:00,2.3154852000,2.3249361600,2.3154852000,2.3154852000,1199200
2022-12-27 11:15:00,2.3154852000,2.3249361600,2.3060342400,2.3154852000,4784100
2022-12-27 11:30:00,2.3154852000,2.3249361600,2.3060342400,2.3249361600,930100
2022-12-27 13:15:00,2.3249361600,2.3249361600,2.3154852000,2.3249361600,544700
2022-12-27 13:30:00,2.3154852000,2.3249361600,2.3154852000,2.3154852000,407000
2022-12-27 13:45:00,2.3154852000,2.3249361600,2.3154852000,2.3154852000,487400
2022-12-27 14:00:00,2.3154852000,2.3249361600,2.3154852000,2.3154852000,398700
2022-12-27 14:15:00,2.3154852000,2.3249361600,2.3154852000,2.3154852000,603800
2022-12-27 14:30:00,2.3154852000,2.3249361600,2.3154852000,2.3154852000,697200
2022-12-27 14:45:00,2.3154852000,2.3249361600,2.3154852000,2.3154852000,1069100
2022-12-27 15:00:00,2.3154852000,2.3249361600,2.3154852000,2.3154852000,2585980
2022-12-28 09:45:00,2.3154852000,2.3154852000,2.2965832800,2.2965832800,4391033
2022-12-28 10:00:00,2.2965832800,2.3060342400,2.2965832800,2.2965832800,1409500
2022-12-28 10:15:00,2.2965832800,2.3060342400,2.2965832800,2.3060342400,993800
2022-12-28 10:30:00,2.2965832800,2.3154852000,2.2965832800,2.3060342400,3730800
2022-12-28 10:45:00,2.3060342400,2.3154852000,2.2965832800,2.3060342400,1039400
2022-12-28 11:00:00,2.3060342400,2.3060342400,2.2965832800,2.2965832800,1586404
2022-12-28 11:15:00,2.2965832800,2.3060342400,2.2965832800,2.2965832800,1092800
2022-12-28 11:30:00,2.2965832800,2.3154852000,2.2965832800,2.3060342400,1090000
2022-12-28 13:15:00,2.3060342400,2.3154852000,2.2965832800,2.2965832800,2379900
2022-12-28 13:30:00,2.2965832800,2.3060342400,2.2965832800,2.3060342400,259100
2022-12-28 13:45:00,2.2965832800,2.3060342400,2.2965832800,2.2965832800,539800
2022-12-28 14:00:00,2.2965832800,2.3060342400,2.2965832800,2.2965832800,666500
2022-12-28 14:15:00,2.3060342400,2.3060342400,2.2965832800,2.2965832800,656900
2022-12-28 14:30:00,2.3060342400,2.3060342400,2.2965832800,2.2965832800,621665
2022-12-28 14:45:00,2.2965832800,2.3060342400,2.2965832800,2.3060342400,993577
2022-12-28 15:00:00,2.3060342400,2.3060342400,2.2965832800,2.2965832800,2229000
2022-12-29 09:45:00,2.2871323200,2.2871323200,2.2682304000,2.2682304000,6311800
2022-12-29 10:00:00,2.2682304000,2.2776813600,2.2682304000,2.2682304000,955064
2022-12-29 10:15:00,2.2682304000,2.2871323200,2.2682304000,2.2776813600,3555400
2022-12-29 10:30:00,2.2776813600,2.2871323200,2.2682304000,2.2776813600,640300
2022-12-29 10:45:00,2.2776813600,2.2871323200,2.2776813600,2.2871323200,999100
2022-12-29 11:00:00,2.2776813600,2.2871323200,2.2776813600,2.2776813600,791600
2022-12-29 11:15:00,2.2776813600,2.2871323200,2.2776813600,2.2871323200,680400
2022-12-29 11:30:00,2.2776813600,2.2871323200,2.2776813600,2.2776813600,488600
2022-12-29 13:15:00,2.2776813600,2.2871323200,2.2776813600,2.2776813600,1731863
2022-12-29 13:30:00,2.2871323200,2.2871323200,2.2776813600,2.2776813600,777100
2022-12-29 13:45:00,2.2776813600,2.2871323200,2.2776813600,2.2776813600,951155
2022-12-29 14:00:00,2.2776813600,2.2871323200,2.2682304000,2.2776813600,3612900
2022-12-29 14:15:00,2.2682304000,2.2871323200,2.2682304000,2.2776813600,549900
2022-12-29 14:30:00,2.2776813600,2.2871323200,2.2776813600,2.2871323200,1426600
2022-12-29 14:45:00,2.2871323200,2.2871323200,2.2776813600,2.2871323200,1107600
2022-12-29 15:00:00,2.2871323200,2.2871323200,2.2776813600,2.2776813600,1426900
2022-12-30 09:45:00,2.2776813600,2.2871323200,2.2776813600,2.2776813600,2093300
2022-12-30 10:00:00,2.2776813600,2.2871323200,2.2776813600,2.2871323200,1347900
2022-12-30 10:15:00,2.2871323200,2.2871323200,2.2776813600,2.2776813600,582800
2022-12-30 10:30:00,2.2871323200,2.2871323200,2.2776813600,2.2776813600,758900
2022-12-30 10:45:00,2.2776813600,2.2871323200,2.2776813600,2.2776813600,803700
2022-12-30 11:00:00,2.2776813600,2.2871323200,2.2776813600,2.2871323200,944400
2022-12-30 11:15:00,2.2871323200,2.2871323200,2.2776813600,2.2871323200,925700
2022-12-30 11:30:00,2.2776813600,2.2965832800,2.2776813600,2.2965832800,3351118
2022-12-30 13:15:00,2.2871323200,2.2965832800,2.2871323200,2.2965832800,544800
2022-12-30 13:30:00,2.2871323200,2.2965832800,2.2871323200,2.2965832800,497400
2022-12-30 13:45:00,2.2965832800,2.2965832800,2.2871323200,2.2965832800,340400
2022-12-30 14:00:00,2.2871323200,2.2965832800,2.2871323200,2.2965832800,810400
2022-12-30 14:15:00,2.2871323200,2.3060342400,2.2871323200,2.2965832800,2938305
2022-12-30 14:30:00,2.2965832800,2.3060342400,2.2965832800,2.2965832800,997500
2022-12-30 14:45:00,2.2965832800,2.3060342400,2.2965832800,2.3060342400,1455200
2022-12-30 15:00:00,2.3060342400,2.3060342400,2.2871323200,2.2871323200,2656799
2023-01-03 09:45:00,2.2965832800,2.2965832800,2.2776813600,2.2776813600,2923200
2023-01-03 10:00:00,2.2776813600,2.2965832800,2.2776813600,2.2871323200,2706502
2023-01-03 10:15:00,2.2965832800,2.2965832800,2.2871323200,2.2871323200,1689000
2023-01-03 10:30:00,2.2871323200,2.2965832800,2.2776813600,2.2965832800,1651000
2023-01-03 10:45:00,2.2965832800,2.2965832800,2.2871323200,2.2871323200,1581200
2023-01-03 11:00:00,2.2871323200,2.2965832800,2.2871323200,2.2871323200,1132800
2023-01-03 11:15:00,2.2871323200,2.2965832800,2.2871323200,2.2965832800,908100
2023-01-03 11:30:00,2.2871323200,2.3060342400,2.2871323200,2.3060342400,1860900
2023-01-03 13:15:00,2.3060342400,2.3060342400,2.2871323200,2.2871323200,4268500
2023-01-03 13:30:00,2.2871323200,2.2965832800,2.2871323200,2.2871323200,1609000
2023-01-03 13:45:00,2.2871323200,2.3060342400,2.2871323200,2.2965832800,2268600
2023-01-03 14:00:00,2.2965832800,2.3060342400,2.2965832800,2.2965832800,1513252
2023-01-03 14:15:00,2.2965832800,2.3060342400,2.2965832800,2.2965832800,497600
2023-01-03 14:30:00,2.3060342400,2.3154852000,2.2965832800,2.3060342400,3856100
2023-01-03 14:45:00,2.3060342400,2.3154852000,2.3060342400,2.3060342400,949273
2023-01-03 15:00:00,2.3060342400,2.3154852000,2.3060342400,2.3060342400,2392600
2023-01-04 09:45:00,2.3060342400,2.3154852000,2.2965832800,2.3060342400,3392500
2023-01-04 10:00:00,2.3154852000,2.3154852000,2.3060342400,2.3060342400,1855500
2023-01-04 10:15:00,2.3060342400,2.3154852000,2.3060342400,2.3060342400,1777455
2023-01-04 10:30:00,2.3060342400,2.3154852000,2.3060342400,2.3060342400,1238399
2023-01-04 10:45:00,2.3060342400,2.3249361600,2.3060342400,2.3249361600,4125999
2023-01-04 11:00:00,2.3249361600,2.3249361600,2.3154852000,2.3154852000,1260996
2023-01-04 11:15:00,2.3154852000,2.3249361600,2.3154852000,2.3249361600,1156700
2023-01-04 11:30:00,2.3154852000,2.3249361600,2.3154852000,2.3154852000,543900
2023-01-04 13:15:00,2.3249361600,2.3249361600,2.3060342400,2.3154852000,4112500
2023-01-04 13:30:00,2.3060342400,2.3154852000,2.2965832800,2.3060342400,4064180
2023-01-04 13:45:00,2.3060342400,2.3060342400,2.2965832800,2.2965832800,791000
2023-01-04 14:00:00,2.2965832800,2.3154852000,2.2965832800,2.3060342400,1805290
2023-01-04 14:15:00,2.3060342400,2.3154852000,2.3060342400,2.3154852000,614001
2023-01-04 14:30:00,2.3154852000,2.3154852000,2.3060342400,2.3060342400,419100
2023-01-04 14:45:00,2.3060342400,2.3154852000,2.3060342400,2.3060342400,2197500
2023-01-04 15:00:00,2.3154852000,2.3249361600,2.3060342400,2.3154852000,2508500
2023-01-05 09:45:00,2.3154852000,2.3154852000,2.2965832800,2.3154852000,2699600
2023-01-05 10:00:00,2.3060342400,2.3154852000,2.3060342400,2.3060342400,1185600
2023-01-05 10:15:00,2.3060342400,2.3154852000,2.3060342400,2.3154852000,1494800
2023-01-05 10:30:00,2.3060342400,2.3154852000,2.2965832800,2.2965832800,4598400
2023-01-05 10:45:00,2.2965832800,2.3154852000,2.2965832800,2.3060342400,1520800
2023-01-05 11:00:00,2.3060342400,2.3154852000,2.3060342400,2.3154852000,589600
2023-01-05 11:15:00,2.3154852000,2.3154852000,2.3060342400,2.3154852000,688500
2023-01-05 11:30:00,2.3060342400,2.3154852000,2.3060342400,2.3154852000,746600
2023-01-05 13:15:00,2.3154852000,2.3154852000,2.3060342400,2.3060342400,1117201
2023-01-05 13:30:00,2.3060342400,2.3249361600,2.3060342400,2.3154852000,4645300
2023-01-05 13:45:00,2.3154852000,2.3249361600,2.3154852000,2.3249361600,968100
2023-01-05 14:00:00,2.3249361600,2.3249361600,2.3154852000,2.3154852000,432200
2023-01-05 14:15:00,2.3249361600,2.3249361600,2.3154852000,2.3154852000,969200
2023-01-05 14:30:00,2.3249361600,2.3249361600,2.3154852000,2.3154852000,582700
2023-01-05 14:45:00,2.3249361600,2.3249361600,2.3154852000,2.3249361600,695800
2023-01-05 15:00:00,2.3249361600,2.3249361600,2.3154852000,2.3249361600,2249800
2023-01-06 09:45:00,2.3154852000,2.3154852000,2.3060342400,2.3060342400,2333100
2023-01-06 10:00:00,2.3060342400,2.3249361600,2.3060342400,2.3154852000,1654000
2023-01-06 10:15:00,2.3154852000,2.3249361600,2.3060342400,2.3154852000,2416600
2023-01-06 10:30:00,2.3154852000,2.3154852000,2.3060342400,2.3060342400,747300
2023-01-06 10:45:00,2.3060342400,2.3154852000,2.3060342400,2.3060342400,558300
2023-01-06 11:00:00,2.3154852000,2.3154852000,2.3060342400,2.3060342400,695790
2023-01-06 11:15:00,2.3060342400,2.3249361600,2.3060342400,2.3249361600,1768870
2023-01-06 11:30:00,2.3249361600,2.3249361600,2.3154852000,2.3154852000,750070
2023-01-06 13:15:00,2.3154852000,2.3249361600,2.3060342400,2.3060342400,3135210
2023-01-06 13:30:00,2.3060342400,2.3154852000,2.3060342400,2.3060342400,1124800
2023-01-06 13:45:00,2.3060342400,2.3154852000,2.3060342400,2.3060342400,1482800
2023-01-06 14:00:00,2.3060342400,2.3154852000,2.2965832800,2.2965832800,4377460
2023-01-06 14:15:00,2.2965832800,2.3060342400,2.2965832800,2.3060342400,1043200
2023-01-06 14:30:00,2.3060342400,2.3060342400,2.2965832800,2.3060342400,1399100
2023-01-06 14:45:00,2.2965832800,2.3060342400,2.2965832800,2.2965832800,1076300
2023-01-06 15:00:00,2.3060342400,2.3060342400,2.2965832800,2.3060342400,2049200
2023-01-09 09:45:00,2.3060342400,2.3154852000,2.2965832800,2.3154852000,5307000
2023-01-09 10:00:00,2.3154852000,2.3154852000,2.3060342400,2.3060342400,1298400
2023-01-09 10:15:00,2.3154852000,2.3154852000,2.3060342400,2.3154852000,786000
2023-01-09 10:30:00,2.3060342400,2.3154852000,2.3060342400,2.3154852000,494700
2023-01-09 10:45:00,2.3154852000,2.3154852000,2.3060342400,2.3060342400,545900
2023-01-09 11:00:00,2.3060342400,2.3154852000,2.3060342400,2.3154852000,832200
2023-01-09 11:15:00,2.3060342400,2.3154852000,2.3060342400,2.3154852000,442300
2023-01-09 11:30:00,2.3154852000,2.3154852000,2.3060342400,2.3154852000,808000
2023-01-09 13:15:00,2.3060342400,2.3154852000,2.3060342400,2.3060342400,673500
2023-01-09 13:30:00,2.3060342400,2.3154852000,2.3060342400,2.3154852000,767600
2023-01-09 13:45:00,2.3154852000,2.3154852000,2.2965832800,2.2965832800,3719700
2023-01-09 14:00:00,2.3060342400,2.3060342400,2.2965832800,2.2965832800,327400
2023-01-09 14:15:00,2.2965832800,2.3060342400,2.2965832800,2.2965832800,487600
2023-01-09 14:30:00,2.2965832800,2.3060342400,2.2965832800,2.2965832800,466300
2023-01-09 14:45:00,2.2965832800,2.3060342400,2.2965832800,2.2965832800,1088300
2023-01-09 15:00:00,2.2965832800,2.3060342400,2.2965832800,2.3060342400,3481800
2023-01-10 09:45:00,2.2965832800,2.3060342400,2.2871323200,2.2871323200,3227000
2023-01-10 10:00:00,2.2871323200,2.2965832800,2.2871323200,2.2871323200,1787215
2023-01-10 10:15:00,2.2871323200,2.3060342400,2.2871323200,2.3060342400,1911049
2023-01-10 10:30:00,2.2965832800,2.3060342400,2.2871323200,2.2965832800,2272600
2023-01-10 10:45:00,2.2871323200,2.2965832800,2.2871323200,2.2965832800,946900
2023-01-10 11:00:00,2.2871323200,2.2965832800,2.2871323200,2.2871323200,553100
2023-01-10 11:15:00,2.2871323200,2.2965832800,2.2871323200,2.2965832800,985800
2023-01-10 11:30:00,2.2871323200,2.2965832800,2.2871323200,2.2965832800,331100
2023-01-10 13:15:00,2.2965832800,2.2965832800,2.2871323200,2.2965832800,978700
2023-01-10 13:30:00,2.2965832800,2.2965832800,2.2871323200,2.2871323200,1510900
2023-01-10 13:45:00,2.2965832800,2.2965832800,2.2871323200,2.2965832800,423300
2023-01-10 14:00:00,2.2871323200,2.2965832800,2.2871323200,2.2871323200,930300
2023-01-10 14:15:00,2.2871323200,2.2965832800,2.2871323200,2.2871323200,487500
2023-01-10 14:30:00,2.2871323200,2.2965832800,2.2871323200,2.2871323200,455100
2023-01-10 14:45:00,2.2871323200,2.2965832800,2.2871323200,2.2965832800,2139300
2023-01-10 15:00:00,2.2965832800,2.2965832800,2.2871323200,2.2965832800,1967100
2023-01-11 09:45:00,2.2965832800,2.3060342400,2.2871323200,2.2965832800,3104925
2023-01-11 10:00:00,2.3060342400,2.3060342400,2.2965832800,2.2965832800,849211
2023-01-11 10:15:00,2.2965832800,2.3060342400,2.2871323200,2.2965832800,1860343
2023-01-11 10:30:00,2.3060342400,2.3060342400,2.2871323200,2.3060342400,1045100
2023-01-11 10:45:00,2.3060342400,2.3060342400,2.2965832800,2.3060342400,454000
2023-01-11 11:00:00,2.3060342400,2.3060342400,2.2965832800,2.3060342400,1034685
2023-01-11 11:15:00,2.2965832800,2.3060342400,2.2965832800,2.2965832800,834000
2023-01-11 11:30:00,2.2965832800,2.3060342400,2.2965832800,2.2965832800,554001
2023-01-11 13:15:00,2.2965832800,2.3060342400,2.2965832800,2.2965832800,680800
2023-01-11 13:30:00,2.2965832800,2.3060342400,2.2965832800,2.2965832800,473400
2023-01-11 13:45:00,2.3060342400,2.3060342400,2.2965832800,2.2965832800,651200
2023-01-11 14:00:00,2.2965832800,2.3060342400,2.2965832800,2.2965832800,611100
2023-01-11 14:15:00,2.2965832800,2.3060342400,2.2965832800,2.2965832800,2183814
2023-01-11 14:30:00,2.2965832800,2.2965832800,2.2871323200,2.2871323200,391100
2023-01-11 14:45:00,2.2871323200,2.2965832800,2.2871323200,2.2871323200,1196000
2023-01-11 15:00:00,2.2965832800,2.2965832800,2.2871323200,2.2871323200,2607201
2023-01-12 09:45:00,2.2871323200,2.2965832800,2.2871323200,2.2871323200,1200200
2023-01-12 10:00:00,2.2871323200,2.2965832800,2.2871323200,2.2965832800,1309496
2023-01-12 10:15:00,2.2871323200,2.2965832800,2.2871323200,2.2871323200,687500
2023-01-12 10:30:00,2.2871323200,2.2965832800,2.2871323200,2.2871323200,756600
2023-01-12 10:45:00,2.2871323200,2.2965832800,2.2871323200,2.2871323200,1250000
2023-01-12 11:00:00,2.2871323200,2.2965832800,2.2776813600,2.2776813600,2569700
2023-01-12 11:15:00,2.2776813600,2.2871323200,2.2776813600,2.2776813600,729200
2023-01-12 11:30:00,2.2776813600,2.2871323200,2.2776813600,2.2871323200,1216400
2023-01-12 13:15:00,2.2871323200,2.2965832800,2.2776813600,2.2965832800,2643200
2023-01-12 13:30:00,2.2965832800,2.2965832800,2.2871323200,2.2965832800,585900
2023-01-12 13:45:00,2.2965832800,2.2965832800,2.2776813600,2.2871323200,3163400
2023-01-12 14:00:00,2.2871323200,2.2965832800,2.2871323200,2.2965832800,559400
2023-01-12 14:15:00,2.2965832800,2.2965832800,2.2871323200,2.2871323200,488100
2023-01-12 14:30:00,2.2871323200,2.2965832800,2.2871323200,2.2871323200,364900
2023-01-12 14:45:00,2.2871323200,2.2965832800,2.2871323200,2.2965832800,617800
2023-01-12 15:00:00,2.2965832800,2.2965832800,2.2871323200,2.2965832800,2175201
2023-01-13 09:45:00,2.2871323200,2.3060342400,2.2871323200,2.2965832800,4833301
2023-01-13 10:00:00,2.3060342400,2.3060342400,2.2965832800,2.3060342400,684000
2023-01-13 10:15:00,2.3060342400,2.3060342400,2.2965832800,2.3060342400,811100
2023-01-13 10:30:00,2.3060342400,2.3060342400,2.2965832800,2.3060342400,869900
2023-01-13 10:45:00,2.3060342400,2.3060342400,2.2965832800,2.3060342400,586900
2023-01-13 11:00:00,2.2965832800,2.3060342400,2.2965832800,2.2965832800,794500
2023-01-13 11:15:00,2.3060342400,2.3060342400,2.2965832800,2.2965832800,641700
2023-01-13 11:30:00,2.2965832800,2.3060342400,2.2965832800,2.2965832800,210600
2023-01-13 13:15:00,2.2965832800,2.3060342400,2.2965832800,2.2965832800,422100
2023-01-13 13:30:00,2.2965832800,2.3060342400,2.2965832800,2.2965832800,1007500
2023-01-13 13:45:00,2.2965832800,2.3060342400,2.2965832800,2.2965832800,611200
2023-01-13 14:00:00,2.3060342400,2.3060342400,2.2965832800,2.2965832800,770696
2023-01-13 14:15:00,2.2965832800,2.3060342400,2.2965832800,2.3060342400,582200
2023-01-13 14:30:00,2.2965832800,2.3060342400,2.2965832800,2.2965832800,825000
2023-01-13 14:45:00,2.2965832800,2.3060342400,2.2965832800,2.2965832800,2387700
2023-01-13 15:00:00,2.2965832800,2.3154852000,2.2965832800,2.3154852000,7678220
2023-01-16 09:45:00,2.3154852000,2.3249361600,2.3060342400,2.3154852000,5296386
2023-01-16 10:00:00,2.3154852000,2.3249361600,2.3060342400,2.3249361600,3242700
2023-01-16 10:15:00,2.3154852000,2.3249361600,2.3060342400,2.3154852000,2709200
2023-01-16 10:30:00,2.3154852000,2.3249361600,2.3154852000,2.3249361600,1527600
2023-01-16 10:45:00,2.3249361600,2.3249361600,2.3154852000,2.3154852000,1086800
2023-01-16 11:00:00,2.3154852000,2.3249361600,2.3154852000,2.3154852000,1723002
2023-01-16 11:15:00,2.3154852000,2.3343871200,2.3154852000,2.3249361600,5159100
2023-01-16 11:30:00,2.3249361600,2.3343871200,2.3249361600,2.3343871200,4252700
2023-01-16 13:15:00,2.3249361600,2.3343871200,2.3249361600,2.3343871200,1124300
2023-01-16 13:30:00,2.3249361600,2.3343871200,2.3249361600,2.3249361600,1160300
2023-01-16 13:45:00,2.3343871200,2.3343871200,2.3249361600,2.3343871200,815000
2023-01-16 14:00:00,2.3249361600,2.3343871200,2.3249361600,2.3249361600,934901
2023-01-16 14:15:00,2.3249361600,2.3343871200,2.3249361600,2.3249361600,577000
2023-01-16 14:30:00,2.3343871200,2.3343871200,2.3249361600,2.3249361600,533800
2023-01-16 14:45:00,2.3249361600,2.3343871200,2.3249361600,2.3249361600,3295099
2023-01-16 15:00:00,2.3249361600,2.3249361600,2.3154852000,2.3249361600,2118700
2023-01-17 09:45:00,2.3249361600,2.3249361600,2.3060342400,2.3154852000,3049000
2023-01-17 10:00:00,2.3154852000,2.3249361600,2.3060342400,2.3060342400,2592200
2023-01-17 10:15:00,2.3154852000,2.3249361600,2.3060342400,2.3249361600,2338200
2023-01-17 10:30:00,2.3154852000,2.3249361600,2.3154852000,2.3154852000,585400
2023-01-17 10:45:00,2.3154852000,2.3249361600,2.3154852000,2.3154852000,824500
2023-01-17 11:00:00,2.3154852000,2.3249361600,2.3060342400,2.3154852000,1013700
2023-01-17 11:15:00,2.3154852000,2.3249361600,2.3060342400,2.3060342400,571300
2023-01-17 11:30:00,2.3060342400,2.3154852000,2.3060342400,2.3154852000,1115100
2023-01-17 13:15:00,2.3154852000,2.3154852000,2.3060342400,2.3154852000,562700
2023-01-17 13:30:00,2.3060342400,2.3154852000,2.3060342400,2.3060342400,601100
2023-01-17 13:45:00,2.3060342400,2.3154852000,2.3060342400,2.3060342400,641261
2023-01-17 14:00:00,2.3060342400,2.3154852000,2.3060342400,2.3154852000,1038401
2023-01-17 14:15:00,2.3060342400,2.3154852000,2.3060342400,2.3060342400,679400
2023-01-17 14:30:00,2.3060342400,2.3154852000,2.3060342400,2.3154852000,726500
2023-01-17 14:45:00,2.3154852000,2.3154852000,2.3060342400,2.3154852000,1137900
2023-01-17 15:00:00,2.3154852000,2.3154852000,2.3060342400,2.3154852000,4004700
2023-01-18 09:45:00,2.3154852000,2.3249361600,2.3060342400,2.3154852000,2424300
2023-01-18 10:00:00,2.3154852000,2.3249361600,2.3154852000,2.3249361600,1265900
2023-01-18 10:15:00,2.3249361600,2.3438380800,2.3154852000,2.3438380800,10715263
2023-01-18 10:30:00,2.3343871200,2.3438380800,2.3249361600,2.3249361600,2486899
2023-01-18 10:45:00,2.3343871200,2.3343871200,2.3249361600,2.3343871200,698600
2023-01-18 11:00:00,2.3249361600,2.3343871200,2.3249361600,2.3343871200,640700
2023-01-18 11:15:00,2.3249361600,2.3343871200,2.3249361600,2.3343871200,844700
2023-01-18 11:30:00,2.3249361600,2.3343871200,2.3249361600,2.3343871200,835800
2023-01-18 13:15:00,2.3249361600,2.3343871200,2.3249361600,2.3343871200,718000
2023-01-18 13:30:00,2.3343871200,2.3343871200,2.3249361600,2.3249361600,660400
2023-01-18 13:45:00,2.3249361600,2.3343871200,2.3249361600,2.3343871200,821000
2023-01-18 14:00:00,2.3343871200,2.3343871200,2.3249361600,2.3343871200,717500
2023-01-18 14:15:00,2.3249361600,2.3343871200,2.3249361600,2.3249361600,594100
2023-01-18 14:30:00,2.3343871200,2.3343871200,2.3249361600,2.3343871200,552500
2023-01-18 14:45:00,2.3249361600,2.3343871200,2.3249361600,2.3343871200,798100
2023-01-18 15:00:00,2.3343871200,2.3343871200,2.3249361600,2.3249361600,2847300
2023-01-19 09:45:00,2.3249361600,2.3343871200,2.3154852000,2.3249361600,3470501
2023-01-19 10:00:00,2.3249361600,2.3343871200,2.3249361600,2.3249361600,946700
2023-01-19 10:15:00,2.3343871200,2.3343871200,2.3249361600,2.3343871200,1425162
2023-01-19 10:30:00,2.3343871200,2.3343871200,2.3249361600,2.3249361600,377900
2023-01-19 10:45:00,2.3249361600,2.3343871200,2.3249361600,2.3343871200,809500
2023-01-19 11:00:00,2.3249361600,2.3343871200,2.3249361600,2.3249361600,788800
2023-01-19 11:15:00,2.3343871200,2.3343871200,2.3249361600,2.3343871200,247200
2023-01-19 11:30:00,2.3343871200,2.3343871200,2.3249361600,2.3249361600,755600
2023-01-19 13:15:00,2.3343871200,2.3343871200,2.3249361600,2.3249361600,907200
2023-01-19 13:30:00,2.3343871200,2.3343871200,2.3249361600,2.3343871200,844000
2023-01-19 13:45:00,2.3249361600,2.3343871200,2.3249361600,2.3249361600,410500
2023-01-19 14:00:00,2.3249361600,2.3343871200,2.3249361600,2.3249361600,972800
2023-01-19 14:15:00,2.3249361600,2.3343871200,2.3249361600,2.3343871200,1302400
2023-01-19 14:30:00,2.3343871200,2.3343871200,2.3249361600,2.3343871200,1400200
2023-01-19 14:45:00,2.3249361600,2.3438380800,2.3249361600,2.3438380800,5250285
2023-01-19 15:00:00,2.3343871200,2.3438380800,2.3343871200,2.3438380800,3055400
2023-01-20 09:45:00,2.3532890400,2.3532890400,2.3343871200,2.3438380800,3914500
2023-01-20 10:00:00,2.3438380800,2.3532890400,2.3438380800,2.3438380800,2614639
2023-01-20 10:15:00,2.3438380800,2.3532890400,2.3438380800,2.3438380800,1405057
2023-01-20 10:30:00,2.3438380800,2.3627400000,2.3438380800,2.3627400000,4008600
2023-01-20 10:45:00,2.3627400000,2.3627400000,2.3532890400,2.3532890400,816700
2023-01-20 11:00:00,2.3627400000,2.3627400000,2.3438380800,2.3532890400,3448700
2023-01-20 11:15:00,2.3438380800,2.3627400000,2.3438380800,2.3532890400,2237700
2023-01-20 11:30:00,2.3532890400,2.3627400000,2.3532890400,2.3532890400,669700
2023-01-20 13:15:00,2.3627400000,2.3627400000,2.3532890400,2.3532890400,1081164
2023-01-20 13:30:00,2.3627400000,2.3627400000,2.3532890400,2.3532890400,691200
2023-01-20 13:45:00,2.3532890400,2.3627400000,2.3532890400,2.3627400000,1046600
2023-01-20 14:00:00,2.3627400000,2.3627400000,2.3532890400,2.3532890400,2352700
2023-01-20 14:15:00,2.3532890400,2.3627400000,2.3532890400,2.3532890400,1615098
2023-01-20 14:30:00,2.3532890400,2.3721909600,2.3532890400,2.3627400000,3750500
2023-01-20 14:45:00,2.3721909600,2.3721909600,2.3627400000,2.3721909600,1552100
2023-01-20 15:00:00,2.3721909600,2.3721909600,2.3532890400,2.3721909600,7702700
2023-01-30 09:45:00,2.3910928800,2.3910928800,2.3721909600,2.3721909600,13447600
2023-01-30 10:00:00,2.3721909600,2.3816419200,2.3721909600,2.3816419200,3917500
2023-01-30 10:15:00,2.3721909600,2.3816419200,2.3721909600,2.3816419200,1808700
2023-01-30 10:30:00,2.3721909600,2.3816419200,2.3721909600,2.3721909600,1245600
2023-01-30 10:45:00,2.3721909600,2.3816419200,2.3721909600,2.3721909600,2467800
2023-01-30 11:00:00,2.3721909600,2.3816419200,2.3721909600,2.3721909600,1507300
2023-01-30 11:15:00,2.3816419200,2.3816419200,2.3721909600,2.3721909600,1090200
2023-01-30 11:30:00,2.3721909600,2.3816419200,2.3721909600,2.3816419200,885700
2023-01-30 13:15:00,2.3721909600,2.3816419200,2.3721909600,2.3721909600,1348500
2023-01-30 13:30:00,2.3816419200,2.3816419200,2.3627400000,2.3627400000,4472800
2023-01-30 13:45:00,2.3627400000,2.3721909600,2.3627400000,2.3721909600,1663500
2023-01-30 14:00:00,2.3627400000,2.3721909600,2.3627400000,2.3627400000,1048361
2023-01-30 14:15:00,2.3627400000,2.3721909600,2.3627400000,2.3627400000,898900
2023-01-30 14:30:00,2.3627400000,2.3721909600,2.3627400000,2.3627400000,1158900
2023-01-30 14:45:00,2.3627400000,2.3721909600,2.3627400000,2.3627400000,1972662
2023-01-30 15:00:00,2.3627400000,2.3721909600,2.3532890400,2.3627400000,5371600
2023-01-31 09:45:00,2.3627400000,2.3721909600,2.3532890400,2.3627400000,1935517
2023-01-31 10:00:00,2.3627400000,2.3721909600,2.3627400000,2.3627400000,1409800
2023-01-31 10:15:00,2.3627400000,2.3721909600,2.3627400000,2.3627400000,1493000
2023-01-31 10:30:00,2.3627400000,2.3816419200,2.3627400000,2.3721909600,4414257
2023-01-31 10:45:00,2.3721909600,2.3816419200,2.3721909600,2.3721909600,935400
2023-01-31 11:00:00,2.3721909600,2.3816419200,2.3721909600,2.3721909600,773000
2023-01-31 11:15:00,2.3721909600,2.3816419200,2.3721909600,2.3816419200,1201200
2023-01-31 11:30:00,2.3816419200,2.3816419200,2.3721909600,2.3816419200,2196900
2023-01-31 13:15:00,2.3816419200,2.3816419200,2.3721909600,2.3721909600,863000
2023-01-31 13:30:00,2.3816419200,2.3816419200,2.3721909600,2.3721909600,1163600
2023-01-31 13:45:00,2.3721909600,2.3816419200,2.3721909600,2.3816419200,493600
2023-01-31 14:00:00,2.3721909600,2.3816419200,2.3721909600,2.3721909600,1308300
2023-01-31 14:15:00,2.3721909600,2.3816419200,2.3721909600,2.3816419200,1904700
2023-01-31 14:30:00,2.3816419200,2.3816419200,2.3721909600,2.3816419200,1847600
2023-01-31 14:45:00,2.3816419200,2.3816419200,2.3721909600,2.3816419200,2453100
2023-01-31 15:00:00,2.3816419200,2.3816419200,2.3721909600,2.3721909600,3561300
2023-02-01 09:45:00,2.3816419200,2.3910928800,2.3721909600,2.3816419200,5725100
2023-02-01 10:00:00,2.3910928800,2.4005438400,2.3816419200,2.4005438400,7299300
2023-02-01 10:15:00,2.4005438400,2.4099948000,2.3910928800,2.3910928800,5492200
2023-02-01 10:30:00,2.3910928800,2.4005438400,2.3910928800,2.3910928800,1635100
2023-02-01 10:45:00,2.4005438400,2.4005438400,2.3910928800,2.3910928800,1091500
2023-02-01 11:00:00,2.3910928800,2.4005438400,2.3910928800,2.4005438400,1083100
2023-02-01 11:15:00,2.3910928800,2.4005438400,2.3910928800,2.4005438400,637800
2023-02-01 11:30:00,2.4005438400,2.4005438400,2.3910928800,2.3910928800,739900
2023-02-01 13:15:00,2.3910928800,2.4099948000,2.3910928800,2.4099948000,5072444
2023-02-01 13:30:00,2.4005438400,2.4099948000,2.4005438400,2.4099948000,772000
2023-02-01 13:45:00,2.4099948000,2.4099948000,2.4005438400,2.4099948000,1917200
2023-02-01 14:00:00,2.4099948000,2.4099948000,2.4005438400,2.4099948000,1042800
2023-02-01 14:15:00,2.4005438400,2.4099948000,2.4005438400,2.4099948000,1295000
2023-02-01 14:30:00,2.4099948000,2.4099948000,2.4005438400,2.4099948000,2038500
2023-02-01 14:45:00,2.4099948000,2.4099948000,2.4005438400,2.4099948000,2022300
2023-02-01 15:00:00,2.4099948000,2.4099948000,2.4005438400,2.4099948000,5657536
2023-02-02 09:45:00,2.4099948000,2.4194457600,2.3910928800,2.3910928800,7310200
2023-02-02 10:00:00,2.4005438400,2.4099948000,2.3910928800,2.4099948000,3151601
2023-02-02 10:15:00,2.4005438400,2.4194457600,2.4005438400,2.4194457600,4326300
2023-02-02 10:30:00,2.4194457600,2.4194457600,2.4005438400,2.4005438400,3040800
2023-02-02 10:45:00,2.4005438400,2.4099948000,2.4005438400,2.4099948000,906000
2023-02-02 11:00:00,2.4099948000,2.4288967200,2.4005438400,2.4194457600,6884500
2023-02-02 11:15:00,2.4194457600,2.4194457600,2.4099948000,2.4194457600,2447951
2023-02-02 11:30:00,2.4194457600,2.4288967200,2.4099948000,2.4194457600,1497950
2023-02-02 13:15:00,2.4099948000,2.4194457600,2.4099948000,2.4194457600,1432600
2023-02-02 13:30:00,2.4194457600,2.4194457600,2.4099948000,2.4194457600,873500
2023-02-02 13:45:00,2.4194457600,2.4194457600,2.4099948000,2.4194457600,1213900
2023-02-02 14:00:00,2.4194457600,2.4194457600,2.4099948000,2.4194457600,1238400
2023-02-02 14:15:00,2.4194457600,2.4194457600,2.4099948000,2.4194457600,877000
2023-02-02 14:30:00,2.4194457600,2.4194457600,2.4099948000,2.4194457600,932900
2023-02-02 14:45:00,2.4194457600,2.4194457600,2.4099948000,2.4194457600,1014600
2023-02-02 15:00:00,2.4099948000,2.4194457600,2.4099948000,2.4099948000,3534800
2023-02-03 09:45:00,2.4099948000,2.4099948000,2.3910928800,2.4005438400,3806000
2023-02-03 10:00:00,2.4005438400,2.4005438400,2.3910928800,2.3910928800,2377600
2023-02-03 10:15:00,2.3910928800,2.4005438400,2.3816419200,2.3816419200,6151000
2023-02-03 10:30:00,2.3910928800,2.4005438400,2.3816419200,2.4005438400,3031600
2023-02-03 10:45:00,2.3910928800,2.4005438400,2.3816419200,2.3816419200,2268000
2023-02-03 11:00:00,2.3910928800,2.3910928800,2.3816419200,2.3910928800,1318100
2023-02-03 11:15:00,2.3910928800,2.3910928800,2.3816419200,2.3816419200,887300
2023-02-03 11:30:00,2.3910928800,2.3910928800,2.3816419200,2.3910928800,1039600
2023-02-03 13:15:00,2.3816419200,2.3910928800,2.3816419200,2.3910928800,2614000
2023-02-03 13:30:00,2.3816419200,2.3910928800,2.3816419200,2.3816419200,1825197
2023-02-03 13:45:00,2.3816419200,2.3910928800,2.3816419200,2.3910928800,988000
2023-02-03 14:00:00,2.3816419200,2.3910928800,2.3816419200,2.3816419200,981400
2023-02-03 14:15:00,2.3816419200,2.4005438400,2.3816419200,2.4005438400,3988600
2023-02-03 14:30:00,2.4005438400,2.4005438400,2.3910928800,2.4005438400,1241200
2023-02-03 14:45:00,2.3910928800,2.4005438400,2.3910928800,2.3910928800,1768900
2023-02-03 15:00:00,2.4005438400,2.4005438400,2.3910928800,2.4005438400,2179300
2023-02-06 09:45:00,2.3910928800,2.4005438400,2.3721909600,2.3910928800,4594100
2023-02-06 10:00:00,2.3910928800,2.4005438400,2.3910928800,2.4005438400,3456300
2023-02-06 10:15:00,2.4005438400,2.4099948000,2.3910928800,2.4099948000,4412500
2023-02-06 10:30:00,2.4099948000,2.4099948000,2.3910928800,2.4005438400,1874300
2023-02-06 10:45:00,2.3910928800,2.4005438400,2.3910928800,2.4005438400,1273300
2023-02-06 11:00:00,2.4005438400,2.4005438400,2.3910928800,2.4005438400,503600
2023-02-06 11:15:00,2.4005438400,2.4005438400,2.3910928800,2.4005438400,1182300
2023-02-06 11:30:00,2.3910928800,2.4005438400,2.3910928800,2.4005438400,727300
2023-02-06 13:15:00,2.4005438400,2.4005438400,2.3910928800,2.4005438400,724600
2023-02-06 13:30:00,2.4005438400,2.4005438400,2.3910928800,2.4005438400,746000
2023-02-06 13:45:00,2.4005438400,2.4005438400,2.3910928800,2.4005438400,608000
2023-02-06 14:00:00,2.4005438400,2.4005438400,2.3910928800,2.3910928800,1179100
2023-02-06 14:15:00,2.4005438400,2.4005438400,2.3910928800,2.3910928800,1846700
2023-02-06 14:30:00,2.3910928800,2.4005438400,2.3910928800,2.4005438400,623400
2023-02-06 14:45:00,2.4005438400,2.4005438400,2.3910928800,2.4005438400,938800
2023-02-06 15:00:00,2.3910928800,2.4005438400,2.3910928800,2.3910928800,2760426
2023-02-07 09:45:00,2.4005438400,2.4005438400,2.3910928800,2.4005438400,2081600
2023-02-07 10:00:00,2.3910928800,2.4005438400,2.3910928800,2.4005438400,2241801
2023-02-07 10:15:00,2.3910928800,2.4099948000,2.3910928800,2.3910928800,2780300
2023-02-07 10:30:00,2.3910928800,2.4005438400,2.3910928800,2.4005438400,1172600
2023-02-07 10:45:00,2.4005438400,2.4005438400,2.3910928800,2.4005438400,1061400
2023-02-07 11:00:00,2.4005438400,2.4005438400,2.3910928800,2.3910928800,769500
2023-02-07 11:15:00,2.4005438400,2.4005438400,2.3910928800,2.3910928800,3561000
2023-02-07 11:30:00,2.4005438400,2.4099948000,2.3910928800,2.4099948000,3126201
2023-02-07 13:15:00,2.4099948000,2.4099948000,2.3910928800,2.4005438400,2812799
2023-02-07 13:30:00,2.3910928800,2.4099948000,2.3910928800,2.4005438400,1123100
2023-02-07 13:45:00,2.4099948000,2.4099948000,2.3910928800,2.3910928800,2818400
2023-02-07 14:00:00,2.4005438400,2.4005438400,2.3910928800,2.3910928800,2280800
2023-02-07 14:15:00,2.4005438400,2.4005438400,2.3910928800,2.4005438400,1157210
2023-02-07 14:30:00,2.4005438400,2.4099948000,2.3910928800,2.4099948000,1306201
2023-02-07 14:45:00,2.4005438400,2.4099948000,2.4005438400,2.4005438400,1180000
2023-02-07 15:00:00,2.4099948000,2.4099948000,2.4005438400,2.4099948000,2812833
2023-02-08 09:45:00,2.4099948000,2.4099948000,2.4005438400,2.4099948000,1978801
2023-02-08 10:00:00,2.4099948000,2.4099948000,2.4005438400,2.4099948000,2377000
2023-02-08 10:15:00,2.4099948000,2.4099948000,2.3910928800,2.4005438400,3323201
2023-02-08 10:30:00,2.3910928800,2.4005438400,2.3910928800,2.4005438400,926200
2023-02-08 10:45:00,2.3910928800,2.4099948000,2.3910928800,2.4005438400,1658800
2023-02-08 11:00:00,2.4099948000,2.4099948000,2.4005438400,2.4099948000,897800
2023-02-08 11:15:00,2.4099948000,2.4099948000,2.4005438400,2.4005438400,666800
2023-02-08 11:30:00,2.4099948000,2.4099948000,2.4005438400,2.4099948000,1433300
2023-02-08 13:15:00,2.4005438400,2.4099948000,2.3910928800,2.4005438400,2071100
2023-02-08 13:30:00,2.3910928800,2.4005438400,2.3910928800,2.4005438400,410800
2023-02-08 13:45:00,2.3910928800,2.4005438400,2.3910928800,2.4005438400,979800
2023-02-08 14:00:00,2.4005438400,2.4005438400,2.3910928800,2.4005438400,772100
2023-02-08 14:15:00,2.4005438400,2.4005438400,2.3910928800,2.4005438400,1072300
2023-02-08 14:30:00,2.4005438400,2.4005438400,2.3910928800,2.4005438400,2973100
2023-02-08 14:45:00,2.4005438400,2.4005438400,2.3910928800,2.3910928800,3266300
2023-02-08 15:00:00,2.4005438400,2.4005438400,2.3910928800,2.3910928800,2524301
2023-02-09 09:45:00,2.3910928800,2.4005438400,2.3910928800,2.3910928800,964100
2023-02-09 10:00:00,2.3910928800,2.4005438400,2.3910928800,2.3910928800,1424200
2023-02-09 10:15:00,2.3910928800,2.4099948000,2.3910928800,2.4099948000,4220200
2023-02-09 10:30:00,2.4005438400,2.4099948000,2.4005438400,2.4099948000,1264200
2023-02-09 10:45:00,2.4099948000,2.4099948000,2.4005438400,2.4099948000,1840600
2023-02-09 11:00:00,2.4099948000,2.4099948000,2.3910928800,2.4005438400,3158100
2023-02-09 11:15:00,2.4005438400,2.4099948000,2.4005438400,2.4005438400,642300
2023-02-09 11:30:00,2.4099948000,2.4099948000,2.4005438400,2.4099948000,1907100
2023-02-09 13:15:00,2.4005438400,2.4099948000,2.4005438400,2.4099948000,1000500
2023-02-09 13:30:00,2.4005438400,2.4099948000,2.4005438400,2.4099948000,1775100
2023-02-09 13:45:00,2.4005438400,2.4099948000,2.4005438400,2.4099948000,1273100
2023-02-09 14:00:00,2.4099948000,2.4099948000,2.4005438400,2.4099948000,854800
2023-02-09 14:15:00,2.4005438400,2.4099948000,2.4005438400,2.4099948000,1412700
2023-02-09 14:30:00,2.4099948000,2.4099948000,2.4005438400,2.4099948000,1641000
2023-02-09 14:45:00,2.4099948000,2.4099948000,2.4005438400,2.4099948000,1596501
2023-02-09 15:00:00,2.4099948000,2.4099948000,2.4005438400,2.4099948000,3100200
2023-02-10 09:45:00,2.4099948000,2.4099948000,2.4005438400,2.4005438400,1408600
2023-02-10 10:00:00,2.4005438400,2.4194457600,2.4005438400,2.4099948000,4275900
2023-02-10 10:15:00,2.4194457600,2.4194457600,2.4099948000,2.4194457600,2119900
2023-02-10 10:30:00,2.4194457600,2.4194457600,2.4099948000,2.4099948000,1047000
2023-02-10 10:45:00,2.4099948000,2.4194457600,2.4099948000,2.4194457600,1220300
2023-02-10 11:00:00,2.4194457600,2.4194457600,2.4099948000,2.4194457600,1717399
2023-02-10 11:15:00,2.4194457600,2.4194457600,2.4099948000,2.4194457600,2411400
2023-02-10 11:30:00,2.4194457600,2.4194457600,2.4005438400,2.4005438400,4090700
2023-02-10 13:15:00,2.4099948000,2.4194457600,2.4005438400,2.4099948000,2943000
2023-02-10 13:30:00,2.4099948000,2.4194457600,2.4005438400,2.4099948000,1736200
2023-02-10 13:45:00,2.4099948000,2.4194457600,2.4005438400,2.4005438400,1256200
2023-02-10 14:00:00,2.4099948000,2.4194457600,2.4005438400,2.4194457600,1388500
2023-02-10 14:15:00,2.4194457600,2.4194457600,2.4099948000,2.4194457600,872500
2023-02-10 14:30:00,2.4194457600,2.4194457600,2.4099948000,2.4194457600,1057900
2023-02-10 14:45:00,2.4194457600,2.4194457600,2.4099948000,2.4194457600,907000
2023-02-10 15:00:00,2.4194457600,2.4194457600,2.4099948000,2.4099948000,5844400
2023-02-13 09:45:00,2.4099948000,2.4099948000,2.4005438400,2.4099948000,2826700
2023-02-13 10:00:00,2.4099948000,2.4099948000,2.4005438400,2.4099948000,1427800
2023-02-13 10:15:00,2.4099948000,2.4099948000,2.3910928800,2.4005438400,4128900
2023-02-13 10:30:00,2.4005438400,2.4005438400,2.3910928800,2.4005438400,971401
2023-02-13 10:45:00,2.3910928800,2.4099948000,2.3910928800,2.4005438400,5250883
2023-02-13 11:00:00,2.3910928800,2.4099948000,2.3910928800,2.4005438400,1050400
2023-02-13 11:15:00,2.4099948000,2.4099948000,2.4005438400,2.4099948000,1924000
2023-02-13 11:30:00,2.4005438400,2.4099948000,2.4005438400,2.4099948000,1687799
2023-02-13 13:15:00,2.4099948000,2.4099948000,2.4005438400,2.4005438400,1561800
2023-02-13 13:30:00,2.4005438400,2.4099948000,2.4005438400,2.4005438400,996800
2023-02-13 13:45:00,2.4099948000,2.4099948000,2.4005438400,2.4099948000,1081400
2023-02-13 14:00:00,2.4099948000,2.4099948000,2.4005438400,2.4099948000,1360200
2023-02-13 14:15:00,2.4005438400,2.4099948000,2.3910928800,2.4005438400,3252301
2023-02-13 14:30:00,2.4005438400,2.4099948000,2.4005438400,2.4099948000,823800
2023-02-13 14:45:00,2.4099948000,2.4099948000,2.4005438400,2.4099948000,1839700
2023-02-13 15:00:00,2.4005438400,2.4099948000,2.4005438400,2.4005438400,4384700
2023-02-14 09:45:00,2.4099948000,2.4099948000,2.4005438400,2.4099948000,3025003
2023-02-14 10:00:00,2.4099948000,2.4194457600,2.4005438400,2.4099948000,4546098
2023-02-14 10:15:00,2.4194457600,2.4194457600,2.4099948000,2.4099948000,1487300
2023-02-14 10:30:00,2.4194457600,2.4194457600,2.4099948000,2.4194457600,2307700
2023-02-14 10:45:00,2.4099948000,2.4194457600,2.4005438400,2.4099948000,3096501
2023-02-14 11:00:00,2.4005438400,2.4099948000,2.4005438400,2.4099948000,1193900
2023-02-14 11:15:00,2.4099948000,2.4099948000,2.4005438400,2.4099948000,583300
2023-02-14 11:30:00,2.4099948000,2.4099948000,2.4005438400,2.4099948000,817565
2023-02-14 13:15:00,2.4099948000,2.4099948000,2.4005438400,2.4099948000,778000
2023-02-14 13:30:00,2.4005438400,2.4099948000,2.4005438400,2.4099948000,672600
2023-02-14 13:45:00,2.4099948000,2.4099948000,2.4005438400,2.4099948000,1119300
2023-02-14 14:00:00,2.4099948000,2.4099948000,2.4005438400,2.4099948000,595600
2023-02-14 14:15:00,2.4099948000,2.4099948000,2.4005438400,2.4099948000,935400
2023-02-14 14:30:00,2.4099948000,2.4099948000,2.4005438400,2.4005438400,1677100
2023-02-14 14:45:00,2.4005438400,2.4099948000,2.4005438400,2.4005438400,1451200
2023-02-14 15:00:00,2.4099948000,2.4099948000,2.4005438400,2.4099948000,4673353
2023-02-15 09:45:00,2.4005438400,2.4099948000,2.4005438400,2.4005438400,1300300
2023-02-15 10:00:00,2.4005438400,2.4099948000,2.4005438400,2.4099948000,2057218
2023-02-15 10:15:00,2.4005438400,2.4099948000,2.4005438400,2.4099948000,3698600
2023-02-15 10:30:00,2.4099948000,2.4099948000,2.4005438400,2.4005438400,2274900
2023-02-15 10:45:00,2.4005438400,2.4005438400,2.3910928800,2.3910928800,2996082
2023-02-15 11:00:00,2.3910928800,2.4005438400,2.3910928800,2.4005438400,1101300
2023-02-15 11:15:00,2.4005438400,2.4005438400,2.3910928800,2.4005438400,1354900
2023-02-15 11:30:00,2.3910928800,2.4005438400,2.3910928800,2.4005438400,844231
2023-02-15 13:15:00,2.3910928800,2.4005438400,2.3910928800,2.4005438400,1033300
2023-02-15 13:30:00,2.4005438400,2.4005438400,2.3910928800,2.3910928800,796800
2023-02-15 13:45:00,2.3910928800,2.4005438400,2.3910928800,2.4005438400,548500
2023-02-15 14:00:00,2.4005438400,2.4005438400,2.3910928800,2.3910928800,1188700
2023-02-15 14:15:00,2.3910928800,2.4005438400,2.3910928800,2.4005438400,1999900
2023-02-15 14:30:00,2.4005438400,2.4005438400,2.3910928800,2.4005438400,803600
2023-02-15 14:45:00,2.4005438400,2.4005438400,2.3910928800,2.4005438400,1186900
2023-02-15 15:00:00,2.3910928800,2.4005438400,2.3910928800,2.3910928800,3341800
2023-02-16 09:45:00,2.3910928800,2.4099948000,2.3910928800,2.4099948000,4646400
2023-02-16 10:00:00,2.4099948000,2.4099948000,2.4005438400,2.4099948000,2209800
2023-02-16 10:15:00,2.4005438400,2.4099948000,2.4005438400,2.4099948000,1278800
2023-02-16 10:30:00,2.4099948000,2.4099948000,2.4005438400,2.4005438400,1285100
2023-02-16 10:45:00,2.4099948000,2.4099948000,2.4005438400,2.4099948000,1371700
2023-02-16 11:00:00,2.4099948000,2.4099948000,2.4005438400,2.4099948000,877600
2023-02-16 11:15:00,2.4099948000,2.4099948000,2.4005438400,2.4099948000,721500
2023-02-16 11:30:00,2.4099948000,2.4099948000,2.4005438400,2.4005438400,625800
2023-02-16 13:15:00,2.4099948000,2.4099948000,2.4005438400,2.4099948000,6704900
2023-02-16 13:30:00,2.4099948000,2.4099948000,2.4005438400,2.4005438400,948300
2023-02-16 13:45:00,2.4099948000,2.4099948000,2.4005438400,2.4099948000,1744400
2023-02-16 14:00:00,2.4099948000,2.4099948000,2.4005438400,2.4005438400,727200
2023-02-16 14:15:00,2.4005438400,2.4099948000,2.3910928800,2.4005438400,5968400
2023-02-16 14:30:00,2.3910928800,2.4005438400,2.3816419200,2.3816419200,7143000
2023-02-16 14:45:00,2.3816419200,2.3910928800,2.3627400000,2.3816419200,7221600
2023-02-16 15:00:00,2.3816419200,2.3816419200,2.3721909600,2.3721909600,3541200
2023-02-17 09:45:00,2.3721909600,2.3910928800,2.3627400000,2.3816419200,3580300
2023-02-17 10:00:00,2.3910928800,2.3910928800,2.3721909600,2.3721909600,3875800
2023-02-17 10:15:00,2.3816419200,2.3910928800,2.3721909600,2.3816419200,1582900
2023-02-17 10:30:00,2.3721909600,2.3816419200,2.3721909600,2.3721909600,922780
2023-02-17 10:45:00,2.3721909600,2.3910928800,2.3721909600,2.3816419200,4038028
2023-02-17 11:00:00,2.3816419200,2.3910928800,2.3816419200,2.3816419200,841800
2023-02-17 11:15:00,2.3816419200,2.3910928800,2.3816419200,2.3910928800,1220300
2023-02-17 11:30:00,2.3910928800,2.3910928800,2.3721909600,2.3721909600,2443200
2023-02-17 13:15:00,2.3721909600,2.3816419200,2.3721909600,2.3816419200,1582600
2023-02-17 13:30:00,2.3816419200,2.3816419200,2.3721909600,2.3816419200,1151900
2023-02-17 13:45:00,2.3816419200,2.3816419200,2.3721909600,2.3721909600,878090
2023-02-17 14:00:00,2.3816419200,2.3816419200,2.3721909600,2.3816419200,1220600
2023-02-17 14:15:00,2.3816419200,2.3816419200,2.3721909600,2.3816419200,1785100
2023-02-17 14:30:00,2.3721909600,2.3816419200,2.3627400000,2.3721909600,2745200
2023-02-17 14:45:00,2.3721909600,2.3816419200,2.3721909600,2.3816419200,831278
2023-02-17 15:00:00,2.3721909600,2.3816419200,2.3627400000,2.3721909600,2624822
2023-02-20 09:45:00,2.3721909600,2.3816419200,2.3627400000,2.3721909600,3496100
2023-02-20 10:00:00,2.3721909600,2.3816419200,2.3627400000,2.3721909600,2919400
2023-02-20 10:15:00,2.3721909600,2.3816419200,2.3721909600,2.3816419200,1672600
2023-02-20 10:30:00,2.3721909600,2.3816419200,2.3721909600,2.3721909600,1450100
2023-02-20 10:45:00,2.3816419200,2.3816419200,2.3721909600,2.3816419200,1458400
2023-02-20 11:00:00,2.3816419200,2.3816419200,2.3721909600,2.3721909600,1173500
2023-02-20 11:15:00,2.3816419200,2.3816419200,2.3721909600,2.3721909600,681300
2023-02-20 11:30:00,2.3816419200,2.3816419200,2.3721909600,2.3816419200,617800
2023-02-20 13:15:00,2.3816419200,2.3816419200,2.3721909600,2.3721909600,1322600
2023-02-20 13:30:00,2.3721909600,2.3816419200,2.3721909600,2.3816419200,2596700
2023-02-20 13:45:00,2.3721909600,2.3910928800,2.3721909600,2.3816419200,3979701
2023-02-20 14:00:00,2.3910928800,2.3910928800,2.3816419200,2.3816419200,1293100
2023-02-20 14:15:00,2.3910928800,2.3910928800,2.3816419200,2.3910928800,784600
2023-02-20 14:30:00,2.3816419200,2.3910928800,2.3816419200,2.3910928800,1311500
2023-02-20 14:45:00,2.3816419200,2.3910928800,2.3816419200,2.3910928800,2910600
2023-02-20 15:00:00,2.3910928800,2.3910928800,2.3816419200,2.3910928800,3826300
2023-02-21 09:45:00,2.3910928800,2.4099948000,2.3910928800,2.4005438400,8384900
2023-02-21 10:00:00,2.4099948000,2.4383476800,2.4005438400,2.4194457600,14754303
2023-02-21 10:15:00,2.4194457600,2.4288967200,2.4099948000,2.4194457600,3490200
2023-02-21 10:30:00,2.4194457600,2.4194457600,2.4099948000,2.4194457600,1473500
2023-02-21 10:45:00,2.4099948000,2.4194457600,2.4099948000,2.4099948000,1764500
2023-02-21 11:00:00,2.4194457600,2.4194457600,2.4099948000,2.4194457600,892400
2023-02-21 11:15:00,2.4194457600,2.4194457600,2.4005438400,2.4099948000,5804198
2023-02-21 11:30:00,2.4099948000,2.4099948000,2.4005438400,2.4099948000,884500
2023-02-21 13:15:00,2.4099948000,2.4194457600,2.4005438400,2.4099948000,3528600
2023-02-21 13:30:00,2.4099948000,2.4099948000,2.4005438400,2.4099948000,730500
2023-02-21 13:45:00,2.4099948000,2.4099948000,2.4005438400,2.4099948000,607500
2023-02-21 14:00:00,2.4005438400,2.4099948000,2.4005438400,2.4005438400,575600
2023-02-21 14:15:00,2.4099948000,2.4099948000,2.4005438400,2.4005438400,913000
2023-02-21 14:30:00,2.4099948000,2.4099948000,2.4005438400,2.4099948000,1534400
2023-02-21 14:45:00,2.4005438400,2.4099948000,2.4005438400,2.4099948000,1634900
2023-02-21 15:00:00,2.4005438400,2.4194457600,2.4005438400,2.4099948000,4443400
2023-02-22 09:45:00,2.4194457600,2.4194457600,2.4005438400,2.4099948000,2539901
2023-02-22 10:00:00,2.4099948000,2.4099948000,2.4005438400,2.4099948000,1382700
2023-02-22 10:15:00,2.4099948000,2.4099948000,2.4005438400,2.4099948000,775600
2023-02-22 10:30:00,2.4099948000,2.4099948000,2.4005438400,2.4005438400,978300
2023-02-22 10:45:00,2.4099948000,2.4099948000,2.4005438400,2.4099948000,1887500
2023-02-22 11:00:00,2.4005438400,2.4099948000,2.4005438400,2.4005438400,758000
2023-02-22 11:15:00,2.4099948000,2.4099948000,2.4005438400,2.4005438400,1241800
2023-02-22 11:30:00,2.4099948000,2.4099948000,2.4005438400,2.4099948000,824300
2023-02-22 13:15:00,2.4005438400,2.4099948000,2.4005438400,2.4005438400,868700
2023-02-22 13:30:00,2.4099948000,2.4099948000,2.4005438400,2.4005438400,930000
2023-02-22 13:45:00,2.4099948000,2.4099948000,2.3910928800,2.3910928800,3480999
2023-02-22 14:00:00,2.4005438400,2.4005438400,2.3910928800,2.4005438400,1281800
2023-02-22 14:15:00,2.4005438400,2.4005438400,2.3910928800,2.3910928800,1140800
2023-02-22 14:30:00,2.3910928800,2.4005438400,2.3910928800,2.4005438400,930200
2023-02-22 14:45:00,2.4005438400,2.4005438400,2.3910928800,2.3910928800,1444900
2023-02-22 15:00:00,2.3910928800,2.4005438400,2.3910928800,2.4005438400,2379100
2023-02-23 09:45:00,2.4005438400,2.4099948000,2.3910928800,2.4099948000,2544201
2023-02-23 10:00:00,2.4099948000,2.4099948000,2.4005438400,2.4005438400,1170300
2023-02-23 10:15:00,2.4099948000,2.4099948000,2.3910928800,2.4005438400,4569080
2023-02-23 10:30:00,2.4005438400,2.4099948000,2.4005438400,2.4005438400,682000
2023-02-23 10:45:00,2.4005438400,2.4099948000,2.4005438400,2.4005438400,1755100
2023-02-23 11:00:00,2.4005438400,2.4099948000,2.4005438400,2.4005438400,591600
2023-02-23 11:15:00,2.4005438400,2.4099948000,2.4005438400,2.4005438400,633700
2023-02-23 11:30:00,2.4099948000,2.4099948000,2.4005438400,2.4099948000,654900
2023-02-23 13:15:00,2.4005438400,2.4099948000,2.4005438400,2.4005438400,1362800
2023-02-23 13:30:00,2.4005438400,2.4099948000,2.4005438400,2.4005438400,574300
2023-02-23 13:45:00,2.4099948000,2.4099948000,2.4005438400,2.4099948000,2495600
2023-02-23 14:00:00,2.4005438400,2.4099948000,2.3910928800,2.4005438400,3077120
2023-02-23 14:15:00,2.4005438400,2.4099948000,2.3910928800,2.4005438400,2704100
2023-02-23 14:30:00,2.4005438400,2.4099948000,2.4005438400,2.4005438400,928800
2023-02-23 14:45:00,2.4099948000,2.4099948000,2.4005438400,2.4005438400,683700
2023-02-23 15:00:00,2.4005438400,2.4099948000,2.4005438400,2.4099948000,4372800
2023-02-24 09:45:00,2.4099948000,2.4099948000,2.4005438400,2.4005438400,2124500
2023-02-24 10:00:00,2.4005438400,2.4099948000,2.4005438400,2.4005438400,1556700
2023-02-24 10:15:00,2.4099948000,2.4099948000,2.4005438400,2.4099948000,754900
2023-02-24 10:30:00,2.4005438400,2.4099948000,2.3910928800,2.3910928800,4112600
2023-02-24 10:45:00,2.3910928800,2.4005438400,2.3910928800,2.3910928800,1023000
2023-02-24 11:00:00,2.4005438400,2.4005438400,2.3910928800,2.3910928800,2413200
2023-02-24 11:15:00,2.4005438400,2.4005438400,2.3816419200,2.3816419200,2138100
2023-02-24 11:30:00,2.3816419200,2.4005438400,2.3816419200,2.3910928800,1447500
2023-02-24 13:15:00,2.4005438400,2.4005438400,2.3910928800,2.4005438400,578700
2023-02-24 13:30:00,2.3910928800,2.4005438400,2.3910928800,2.3910928800,657200
2023-02-24 13:45:00,2.3910928800,2.4005438400,2.3910928800,2.3910928800,254510
2023-02-24 14:00:00,2.4005438400,2.4005438400,2.3910928800,2.3910928800,699000
2023-02-24 14:15:00,2.4005438400,2.4005438400,2.3910928800,2.4005438400,632000
2023-02-24 14:30:00,2.4005438400,2.4005438400,2.3910928800,2.3910928800,757400
2023-02-24 14:45:00,2.3910928800,2.4005438400,2.3910928800,2.3910928800,1260000
2023-02-24 15:00:00,2.3910928800,2.4005438400,2.3910928800,2.3910928800,4401912
2023-02-27 09:45:00,2.3816419200,2.3910928800,2.3816419200,2.3816419200,2487130
2023-02-27 10:00:00,2.3910928800,2.3910928800,2.3816419200,2.3816419200,2390200
2023-02-27 10:15:00,2.3910928800,2.3910928800,2.3816419200,2.3816419200,526800
2023-02-27 10:30:00,2.3910928800,2.3910928800,2.3816419200,2.3910928800,1214800
2023-02-27 10:45:00,2.3910928800,2.4005438400,2.3816419200,2.4005438400,3779688
2023-02-27 11:00:00,2.3910928800,2.4005438400,2.3910928800,2.3910928800,1386500
2023-02-27 11:15:00,2.4005438400,2.4005438400,2.3910928800,2.3910928800,723300
2023-02-27 11:30:00,2.4005438400,2.4005438400,2.3816419200,2.3816419200,2270310
2023-02-27 13:15:00,2.3816419200,2.3910928800,2.3816419200,2.3816419200,1427801
2023-02-27 13:30:00,2.3910928800,2.3910928800,2.3721909600,2.3816419200,2102800
2023-02-27 13:45:00,2.3721909600,2.3816419200,2.3721909600,2.3816419200,2487600
2023-02-27 14:00:00,2.3816419200,2.3816419200,2.3627400000,2.3627400000,4562700
2023-02-27 14:15:00,2.3721909600,2.3721909600,2.3627400000,2.3721909600,2810300
2023-02-27 14:30:00,2.3721909600,2.3721909600,2.3532890400,2.3627400000,4663400
2023-02-27 14:45:00,2.3532890400,2.3721909600,2.3532890400,2.3721909600,3843000
2023-02-27 15:00:00,2.3721909600,2.3721909600,2.3532890400,2.3627400000,2445901
2023-02-28 09:45:00,2.3721909600,2.3816419200,2.3627400000,2.3627400000,2836600
2023-02-28 10:00:00,2.3627400000,2.3721909600,2.3627400000,2.3627400000,1282000
2023-02-28 10:15:00,2.3627400000,2.3721909600,2.3627400000,2.3721909600,1102000
2023-02-28 10:30:00,2.3721909600,2.3721909600,2.3627400000,2.3627400000,580800
2023-02-28 10:45:00,2.3721909600,2.3721909600,2.3627400000,2.3721909600,433500
2023-02-28 11:00:00,2.3627400000,2.3721909600,2.3627400000,2.3627400000,753800
2023-02-28 11:15:00,2.3627400000,2.3721909600,2.3627400000,2.3627400000,1082500
2023-02-28 11:30:00,2.3721909600,2.3721909600,2.3627400000,2.3627400000,1120600
2023-02-28 13:15:00,2.3721909600,2.3721909600,2.3627400000,2.3627400000,449600
2023-02-28 13:30:00,2.3627400000,2.3721909600,2.3532890400,2.3532890400,3111900
2023-02-28 13:45:00,2.3532890400,2.3627400000,2.3532890400,2.3627400000,1609500
2023-02-28 14:00:00,2.3627400000,2.3627400000,2.3532890400,2.3532890400,935600
2023-02-28 14:15:00,2.3532890400,2.3627400000,2.3532890400,2.3627400000,1906800
2023-02-28 14:30:00,2.3627400000,2.3721909600,2.3532890400,2.3721909600,3545600
2023-02-28 14:45:00,2.3721909600,2.3721909600,2.3627400000,2.3721909600,694200
2023-02-28 15:00:00,2.3721909600,2.3721909600,2.3627400000,2.3721909600,2672956
2023-03-01 09:45:00,2.3721909600,2.3721909600,2.3627400000,2.3627400000,3676100
2023-03-01 10:00:00,2.3627400000,2.3816419200,2.3627400000,2.3816419200,3194102
2023-03-01 10:15:00,2.3721909600,2.3816419200,2.3721909600,2.3721909600,1320800
2023-03-01 10:30:00,2.3721909600,2.3816419200,2.3721909600,2.3816419200,1968300
2023-03-01 10:45:00,2.3816419200,2.3816419200,2.3721909600,2.3816419200,1592500
2023-03-01 11:00:00,2.3816419200,2.3910928800,2.3721909600,2.3910928800,4733943
2023-03-01 11:15:00,2.3910928800,2.3910928800,2.3816419200,2.3910928800,1394700
2023-03-01 11:30:00,2.3910928800,2.3910928800,2.3816419200,2.3910928800,1043200
2023-03-01 13:15:00,2.3910928800,2.3910928800,2.3816419200,2.3910928800,1365500
2023-03-01 13:30:00,2.3910928800,2.3910928800,2.3816419200,2.3910928800,701500
2023-03-01 13:45:00,2.3910928800,2.3910928800,2.3816419200,2.3816419200,1337000
2023-03-01 14:00:00,2.3910928800,2.3910928800,2.3816419200,2.3910928800,2161100
2023-03-01 14:15:00,2.3910928800,2.4005438400,2.3816419200,2.4005438400,4052069
2023-03-01 14:30:00,2.4005438400,2.4005438400,2.3910928800,2.4005438400,785200
2023-03-01 14:45:00,2.4005438400,2.4005438400,2.3910928800,2.3910928800,1874200
2023-03-01 15:00:00,2.4005438400,2.4005438400,2.3910928800,2.4005438400,4252500
2023-03-02 09:45:00,2.4099948000,2.4194457600,2.4005438400,2.4194457600,10814951
2023-03-02 10:00:00,2.4194457600,2.4288967200,2.4099948000,2.4194457600,12514900
2023-03-02 10:15:00,2.4194457600,2.4194457600,2.4099948000,2.4194457600,1235600
2023-03-02 10:30:00,2.4194457600,2.4288967200,2.4099948000,2.4288967200,7877200
2023-03-02 10:45:00,2.4288967200,2.4383476800,2.4194457600,2.4288967200,11814534
2023-03-02 11:00:00,2.4383476800,2.4383476800,2.4194457600,2.4288967200,5080700
2023-03-02 11:15:00,2.4288967200,2.4383476800,2.4194457600,2.4383476800,1927914
2023-03-02 11:30:00,2.4383476800,2.4383476800,2.4288967200,2.4383476800,1890500
2023-03-02 13:15:00,2.4383476800,2.4383476800,2.4194457600,2.4194457600,5725100
2023-03-02 13:30:00,2.4194457600,2.4288967200,2.4194457600,2.4194457600,1026801
2023-03-02 13:45:00,2.4288967200,2.4288967200,2.4099948000,2.4194457600,3053899
2023-03-02 14:00:00,2.4194457600,2.4194457600,2.4099948000,2.4194457600,2802400
2023-03-02 14:15:00,2.4194457600,2.4288967200,2.4194457600,2.4194457600,2621800
2023-03-02 14:30:00,2.4194457600,2.4288967200,2.4194457600,2.4288967200,1042100
2023-03-02 14:45:00,2.4288967200,2.4288967200,2.4194457600,2.4288967200,1482200
2023-03-02 15:00:00,2.4194457600,2.4288967200,2.4099948000,2.4194457600,6525700
2023-03-03 09:45:00,2.4288967200,2.4383476800,2.4194457600,2.4288967200,4283300
2023-03-03 10:00:00,2.4288967200,2.4477986400,2.4194457600,2.4477986400,10243000
2023-03-03 10:15:00,2.4383476800,2.4477986400,2.4383476800,2.4477986400,7155100
2023-03-03 10:30:00,2.4477986400,2.4761515200,2.4477986400,2.4477986400,19066300
2023-03-03 10:45:00,2.4572496000,2.4667005600,2.4477986400,2.4572496000,7346300
2023-03-03 11:00:00,2.4572496000,2.4572496000,2.4383476800,2.4572496000,3156100
2023-03-03 11:15:00,2.4572496000,2.4572496000,2.4477986400,2.4572496000,1506600
2023-03-03 11:30:00,2.4572496000,2.4572496000,2.4477986400,2.4572496000,1378097
2023-03-03 13:15:00,2.4572496000,2.4572496000,2.4477986400,2.4572496000,1925300
2023-03-03 13:30:00,2.4572496000,2.4572496000,2.4477986400,2.4572496000,943300
2023-03-03 13:45:00,2.4572496000,2.4572496000,2.4477986400,2.4477986400,1339900
2023-03-03 14:00:00,2.4572496000,2.4667005600,2.4477986400,2.4572496000,6050690
2023-03-03 14:15:00,2.4667005600,2.4667005600,2.4572496000,2.4667005600,2133700
2023-03-03 14:30:00,2.4572496000,2.4667005600,2.4572496000,2.4667005600,3451500
2023-03-03 14:45:00,2.4667005600,2.4667005600,2.4572496000,2.4667005600,4219300
2023-03-03 15:00:00,2.4667005600,2.4761515200,2.4572496000,2.4667005600,9021330
2023-03-06 09:45:00,2.4761515200,2.5139553600,2.4761515200,2.4856024800,22476330
2023-03-06 10:00:00,2.4856024800,2.4856024800,2.4761515200,2.4761515200,7895900
2023-03-06 10:15:00,2.4856024800,2.4856024800,2.4667005600,2.4761515200,3940501
2023-03-06 10:30:00,2.4667005600,2.4761515200,2.4667005600,2.4761515200,3602500
2023-03-06 10:45:00,2.4667005600,2.4761515200,2.4572496000,2.4761515200,6569043
2023-03-06 11:00:00,2.4667005600,2.4761515200,2.4667005600,2.4761515200,1310500
2023-03-06 11:15:00,2.4667005600,2.4761515200,2.4572496000,2.4572496000,2577700
2023-03-06 11:30:00,2.4572496000,2.4667005600,2.4572496000,2.4572496000,1483900
2023-03-06 13:15:00,2.4572496000,2.4667005600,2.4477986400,2.4572496000,4884800
2023-03-06 13:30:00,2.4667005600,2.4667005600,2.4477986400,2.4477986400,2274001
2023-03-06 13:45:00,2.4477986400,2.4572496000,2.4477986400,2.4572496000,1029000
2023-03-06 14:00:00,2.4572496000,2.4572496000,2.4477986400,2.4572496000,1286200
2023-03-06 14:15:00,2.4477986400,2.4572496000,2.4477986400,2.4572496000,1077900
2023-03-06 14:30:00,2.4477986400,2.4572496000,2.4477986400,2.4477986400,1607300
2023-03-06 14:45:00,2.4477986400,2.4572496000,2.4383476800,2.4477986400,4147523
2023-03-06 15:00:00,2.4383476800,2.4572496000,2.4383476800,2.4477986400,5523001
2023-03-07 09:45:00,2.4477986400,2.4761515200,2.4383476800,2.4667005600,8393800
2023-03-07 10:00:00,2.4667005600,2.4950534400,2.4667005600,2.4856024800,12151343
2023-03-07 10:15:00,2.4856024800,2.5045044000,2.4856024800,2.4950534400,9681805
2023-03-07 10:30:00,2.4856024800,2.4950534400,2.4761515200,2.4856024800,5406900
2023-03-07 10:45:00,2.4856024800,2.4950534400,2.4761515200,2.4856024800,4349700
2023-03-07 11:00:00,2.4950534400,2.4950534400,2.4761515200,2.4761515200,4036900
2023-03-07 11:15:00,2.4761515200,2.4856024800,2.4667005600,2.4761515200,4055700
2023-03-07 11:30:00,2.4761515200,2.4856024800,2.4667005600,2.4856024800,2296800
2023-03-07 13:15:00,2.4856024800,2.4856024800,2.4761515200,2.4856024800,1946900
2023-03-07 13:30:00,2.4761515200,2.4856024800,2.4667005600,2.4667005600,2142700
2023-03-07 13:45:00,2.4761515200,2.4761515200,2.4667005600,2.4667005600,2338500
2023-03-07 14:00:00,2.4667005600,2.4761515200,2.4572496000,2.4667005600,2535100
2023-03-07 14:15:00,2.4572496000,2.4667005600,2.4477986400,2.4477986400,3753400
2023-03-07 14:30:00,2.4572496000,2.4572496000,2.4477986400,2.4477986400,2068500
2023-03-07 14:45:00,2.4572496000,2.4572496000,2.4477986400,2.4572496000,2452400
2023-03-07 15:00:00,2.4477986400,2.4572496000,2.4383476800,2.4477986400,6815800
2023-03-08 09:45:00,2.4383476800,2.4572496000,2.4288967200,2.4572496000,7382100
2023-03-08 10:00:00,2.4572496000,2.4572496000,2.4383476800,2.4383476800,4185201
2023-03-08 10:15:00,2.4383476800,2.4477986400,2.4383476800,2.4477986400,3464998
2023-03-08 10:30:00,2.4477986400,2.4572496000,2.4383476800,2.4477986400,2450500
2023-03-08 10:45:00,2.4477986400,2.4572496000,2.4477986400,2.4572496000,1587400
2023-03-08 11:00:00,2.4572496000,2.4572496000,2.4477986400,2.4477986400,1515400
2023-03-08 11:15:00,2.4572496000,2.4667005600,2.4477986400,2.4572496000,2889200
2023-03-08 11:30:00,2.4667005600,2.4667005600,2.4477986400,2.4477986400,2268500
2023-03-08 13:15:00,2.4572496000,2.4667005600,2.4477986400,2.4572496000,1874300
2023-03-08 13:30:00,2.4667005600,2.4667005600,2.4572496000,2.4667005600,1113700
2023-03-08 13:45:00,2.4667005600,2.4667005600,2.4572496000,2.4572496000,1111800
2023-03-08 14:00:00,2.4572496000,2.4667005600,2.4477986400,2.4572496000,2345701
2023-03-08 14:15:00,2.4477986400,2.4572496000,2.4477986400,2.4477986400,1004900
2023-03-08 14:30:00,2.4572496000,2.4572496000,2.4477986400,2.4477986400,2444000
2023-03-08 14:45:00,2.4477986400,2.4667005600,2.4477986400,2.4667005600,3611300
2023-03-08 15:00:00,2.4572496000,2.4667005600,2.4572496000,2.4667005600,3218949
2023-03-09 09:45:00,2.4667005600,2.4856024800,2.4572496000,2.4761515200,5875200
2023-03-09 10:00:00,2.4761515200,2.4950534400,2.4761515200,2.4856024800,7976600
2023-03-09 10:15:00,2.4761515200,2.4856024800,2.4761515200,2.4856024800,3829900
2023-03-09 10:30:00,2.4761515200,2.4856024800,2.4667005600,2.4761515200,4736500
2023-03-09 10:45:00,2.4667005600,2.4761515200,2.4572496000,2.4572496000,4077200
2023-03-09 11:00:00,2.4572496000,2.4667005600,2.4572496000,2.4667005600,1530000
2023-03-09 11:15:00,2.4667005600,2.4667005600,2.4572496000,2.4572496000,1870000
2023-03-09 11:30:00,2.4667005600,2.4667005600,2.4572496000,2.4667005600,853100
2023-03-09 13:15:00,2.4667005600,2.4761515200,2.4572496000,2.4667005600,2157800
2023-03-09 13:30:00,2.4667005600,2.4761515200,2.4572496000,2.4667005600,1314600
2023-03-09 13:45:00,2.4667005600,2.4761515200,2.4572496000,2.4761515200,1604600
2023-03-09 14:00:00,2.4667005600,2.4761515200,2.4667005600,2.4761515200,1734200
2023-03-09 14:15:00,2.4761515200,2.4761515200,2.4667005600,2.4761515200,1497823
2023-03-09 14:30:00,2.4761515200,2.4761515200,2.4667005600,2.4667005600,3905900
2023-03-09 14:45:00,2.4761515200,2.4761515200,2.4667005600,2.4761515200,2424500
2023-03-09 15:00:00,2.4761515200,2.4761515200,2.4667005600,2.4667005600,2294707
2023-03-10 09:45:00,2.4572496000,2.4667005600,2.4477986400,2.4572496000,4363100
2023-03-10 10:00:00,2.4572496000,2.4667005600,2.4477986400,2.4572496000,6266469
2023-03-10 10:15:00,2.4572496000,2.4572496000,2.4383476800,2.4477986400,2338400
2023-03-10 10:30:00,2.4477986400,2.4477986400,2.4288967200,2.4383476800,3854401
2023-03-10 10:45:00,2.4383476800,2.4477986400,2.4288967200,2.4477986400,2032100
2023-03-10 11:00:00,2.4477986400,2.4477986400,2.4383476800,2.4477986400,610200
2023-03-10 11:15:00,2.4383476800,2.4477986400,2.4383476800,2.4477986400,1352600
2023-03-10 11:30:00,2.4477986400,2.4477986400,2.4288967200,2.4288967200,1917100
2023-03-10 13:15:00,2.4383476800,2.4383476800,2.4288967200,2.4383476800,1222900
2023-03-10 13:30:00,2.4288967200,2.4383476800,2.4288967200,2.4288967200,1002800
2023-03-10 13:45:00,2.4383476800,2.4477986400,2.4288967200,2.4383476800,2743400
2023-03-10 14:00:00,2.4477986400,2.4477986400,2.4383476800,2.4383476800,1507600
2023-03-10 14:15:00,2.4383476800,2.4383476800,2.4288967200,2.4383476800,491000
2023-03-10 14:30:00,2.4288967200,2.4383476800,2.4288967200,2.4383476800,1793500
2023-03-10 14:45:00,2.4383476800,2.4477986400,2.4288967200,2.4288967200,4249800
2023-03-10 15:00:00,2.4288967200,2.4383476800,2.4288967200,2.4288967200,2766507
2023-03-13 09:45:00,2.4288967200,2.4477986400,2.4194457600,2.4383476800,7327397
2023-03-13 10:00:00,2.4477986400,2.4477986400,2.4288967200,2.4288967200,3008900
2023-03-13 10:15:00,2.4383476800,2.4383476800,2.4099948000,2.4194457600,4531200
2023-03-13 10:30:00,2.4099948000,2.4288967200,2.4099948000,2.4194457600,3373700
2023-03-13 10:45:00,2.4194457600,2.4288967200,2.4194457600,2.4288967200,972100
2023-03-13 11:00:00,2.4288967200,2.4383476800,2.4194457600,2.4288967200,4000600
2023-03-13 11:15:00,2.4194457600,2.4288967200,2.4194457600,2.4194457600,364100
2023-03-13 11:30:00,2.4194457600,2.4288967200,2.4194457600,2.4288967200,372600
2023-03-13 13:15:00,2.4288967200,2.4383476800,2.4194457600,2.4383476800,1142800
2023-03-13 13:30:00,2.4383476800,2.4383476800,2.4288967200,2.4288967200,1846300
2023-03-13 13:45:00,2.4383476800,2.4383476800,2.4194457600,2.4288967200,416200
2023-03-13 14:00:00,2.4194457600,2.4288967200,2.4194457600,2.4194457600,709900
2023-03-13 14:15:00,2.4288967200,2.4288967200,2.4194457600,2.4288967200,1561710
2023-03-13 14:30:00,2.4288967200,2.4383476800,2.4194457600,2.4383476800,1703178
2023-03-13 14:45:00,2.4383476800,2.4383476800,2.4288967200,2.4383476800,1066700
2023-03-13 15:00:00,2.4383476800,2.4383476800,2.4288967200,2.4383476800,3221700
2023-03-14 09:45:00,2.4383476800,2.4383476800,2.4099948000,2.4288967200,6737600
2023-03-14 10:00:00,2.4288967200,2.4383476800,2.4194457600,2.4194457600,4527500
2023-03-14 10:15:00,2.4288967200,2.4383476800,2.4194457600,2.4288967200,4520386
2023-03-14 10:30:00,2.4288967200,2.4383476800,2.4194457600,2.4194457600,1814200
2023-03-14 10:45:00,2.4194457600,2.4288967200,2.4099948000,2.4194457600,2230900
2023-03-14 11:00:00,2.4099948000,2.4194457600,2.4005438400,2.4005438400,4916900
2023-03-14 11:15:00,2.4099948000,2.4099948000,2.3910928800,2.4005438400,3247090
2023-03-14 11:30:00,2.4005438400,2.4194457600,2.4005438400,2.4099948000,983900
2023-03-14 13:15:00,2.4099948000,2.4194457600,2.4005438400,2.4099948000,1632800
2023-03-14 13:30:00,2.4194457600,2.4194457600,2.4005438400,2.4099948000,720700
2023-03-14 13:45:00,2.4099948000,2.4099948000,2.4005438400,2.4005438400,2658400
2023-03-14 14:00:00,2.4005438400,2.4099948000,2.4005438400,2.4099948000,401002
2023-03-14 14:15:00,2.4099948000,2.4194457600,2.4005438400,2.4194457600,3550400
2023-03-14 14:30:00,2.4194457600,2.4194457600,2.4099948000,2.4194457600,783000
2023-03-14 14:45:00,2.4194457600,2.4194457600,2.4005438400,2.4099948000,1948300
2023-03-14 15:00:00,2.4099948000,2.4099948000,2.4005438400,2.4099948000,2329735
2023-03-15 09:45:00,2.4099948000,2.4288967200,2.4005438400,2.4194457600,6434900
2023-03-15 10:00:00,2.4194457600,2.4288967200,2.4099948000,2.4288967200,1754500
2023-03-15 10:15:00,2.4194457600,2.4383476800,2.4194457600,2.4288967200,4776800
2023-03-15 10:30:00,2.4288967200,2.4477986400,2.4288967200,2.4383476800,4053097
2023-03-15 10:45:00,2.4383476800,2.4477986400,2.4383476800,2.4477986400,1181600
2023-03-15 11:00:00,2.4477986400,2.4667005600,2.4383476800,2.4477986400,8000800
2023-03-15 11:15:00,2.4572496000,2.4572496000,2.4477986400,2.4477986400,1586000
2023-03-15 11:30:00,2.4477986400,2.4572496000,2.4477986400,2.4572496000,1276700
2023-03-15 13:15:00,2.4572496000,2.4667005600,2.4477986400,2.4667005600,5868564
2023-03-15 13:30:00,2.4572496000,2.4667005600,2.4572496000,2.4572496000,2732000
2023-03-15 13:45:00,2.4667005600,2.4667005600,2.4477986400,2.4572496000,2258800
2023-03-15 14:00:00,2.4572496000,2.4572496000,2.4477986400,2.4477986400,1608200
2023-03-15 14:15:00,2.4572496000,2.4761515200,2.4477986400,2.4761515200,8184165
2023-03-15 14:30:00,2.4761515200,2.4856024800,2.4667005600,2.4856024800,6919600
2023-03-15 14:45:00,2.4761515200,2.4856024800,2.4761515200,2.4761515200,5672600
2023-03-15 15:00:00,2.4761515200,2.4856024800,2.4667005600,2.4761515200,4514582
2023-03-16 09:45:00,2.4667005600,2.4667005600,2.4477986400,2.4477986400,7956600
2023-03-16 10:00:00,2.4477986400,2.4667005600,2.4477986400,2.4477986400,5144900
2023-03-16 10:15:00,2.4572496000,2.4572496000,2.4383476800,2.4477986400,5340900
2023-03-16 10:30:00,2.4477986400,2.4477986400,2.4383476800,2.4383476800,972700
2023-03-16 10:45:00,2.4383476800,2.4477986400,2.4288967200,2.4383476800,7206700
2023-03-16 11:00:00,2.4383476800,2.4477986400,2.4383476800,2.4383476800,1356200
2023-03-16 11:15:00,2.4383476800,2.4477986400,2.4288967200,2.4288967200,2525300
2023-03-16 11:30:00,2.4288967200,2.4383476800,2.4288967200,2.4383476800,641200
2023-03-16 13:15:00,2.4383476800,2.4477986400,2.4288967200,2.4383476800,2988300
2023-03-16 13:30:00,2.4383476800,2.4383476800,2.4288967200,2.4383476800,737300
2023-03-16 13:45:00,2.4288967200,2.4383476800,2.4288967200,2.4383476800,899901
2023-03-16 14:00:00,2.4288967200,2.4383476800,2.4194457600,2.4194457600,3939299
2023-03-16 14:15:00,2.4194457600,2.4288967200,2.4194457600,2.4194457600,1675300
2023-03-16 14:30:00,2.4194457600,2.4288967200,2.4099948000,2.4194457600,4124400
2023-03-16 14:45:00,2.4194457600,2.4288967200,2.4194457600,2.4194457600,3083600
2023-03-16 15:00:00,2.4194457600,2.4288967200,2.4194457600,2.4194457600,2795700
2023-03-17 09:45:00,2.4288967200,2.4477986400,2.4288967200,2.4477986400,4884100
2023-03-17 10:00:00,2.4383476800,2.4477986400,2.4383476800,2.4477986400,1804000
2023-03-17 10:15:00,2.4477986400,2.4572496000,2.4383476800,2.4477986400,9414000
2023-03-17 10:30:00,2.4383476800,2.4477986400,2.4383476800,2.4383476800,1509667
2023-03-17 10:45:00,2.4383476800,2.4477986400,2.4288967200,2.4383476800,3434600
2023-03-17 11:00:00,2.4288967200,2.4383476800,2.4288967200,2.4288967200,2573900
2023-03-17 11:15:00,2.4383476800,2.4667005600,2.4383476800,2.4572496000,8119700
2023-03-17 11:30:00,2.4667005600,2.4667005600,2.4572496000,2.4667005600,2720500
2023-03-17 13:15:00,2.4572496000,2.4667005600,2.4477986400,2.4572496000,4675600
2023-03-17 13:30:00,2.4572496000,2.4667005600,2.4477986400,2.4477986400,1935581
2023-03-17 13:45:00,2.4572496000,2.4572496000,2.4477986400,2.4572496000,1075727
2023-03-17 14:00:00,2.4572496000,2.4667005600,2.4477986400,2.4667005600,3216143
2023-03-17 14:15:00,2.4667005600,2.4667005600,2.4477986400,2.4572496000,2217310
2023-03-17 14:30:00,2.4477986400,2.4572496000,2.4477986400,2.4572496000,2794733
2023-03-17 14:45:00,2.4572496000,2.4572496000,2.4383476800,2.4477986400,2979500
2023-03-17 15:00:00,2.4477986400,2.4572496000,2.4477986400,2.4572496000,3152900
2023-03-20 09:45:00,2.4572496000,2.4856024800,2.4477986400,2.4856024800,11498370
2023-03-20 10:00:00,2.4856024800,2.5139553600,2.4761515200,2.5045044000,18387900
2023-03-20 10:15:00,2.5045044000,2.5045044000,2.4856024800,2.4950534400,5241200
2023-03-20 10:30:00,2.4856024800,2.4950534400,2.4667005600,2.4761515200,9357100
2023-03-20 10:45:00,2.4761515200,2.4761515200,2.4572496000,2.4667005600,6247801
2023-03-20 11:00:00,2.4667005600,2.4667005600,2.4572496000,2.4667005600,1304700
2023-03-20 11:15:00,2.4572496000,2.4761515200,2.4572496000,2.4667005600,2738400
2023-03-20 11:30:00,2.4667005600,2.4667005600,2.4572496000,2.4667005600,1085300
2023-03-20 13:15:00,2.4572496000,2.4667005600,2.4477986400,2.4667005600,5743100
2023-03-20 13:30:00,2.4572496000,2.4667005600,2.4572496000,2.4667005600,334800
2023-03-20 13:45:00,2.4572496000,2.4667005600,2.4572496000,2.4667005600,909600
2023-03-20 14:00:00,2.4572496000,2.4667005600,2.4477986400,2.4572496000,2850600
2023-03-20 14:15:00,2.4477986400,2.4572496000,2.4477986400,2.4572496000,1762000
2023-03-20 14:30:00,2.4477986400,2.4572496000,2.4477986400,2.4572496000,1307200
2023-03-20 14:45:00,2.4572496000,2.4572496000,2.4383476800,2.4477986400,4085400
2023-03-20 15:00:00,2.4477986400,2.4477986400,2.4383476800,2.4477986400,2826769
2023-03-21 09:45:00,2.4572496000,2.4572496000,2.4383476800,2.4477986400,6899236
2023-03-21 10:00:00,2.4477986400,2.4477986400,2.4288967200,2.4477986400,5264100
2023-03-21 10:15:00,2.4477986400,2.4572496000,2.4288967200,2.4383476800,4597700
2023-03-21 10:30:00,2.4288967200,2.4383476800,2.4194457600,2.4288967200,5657800
2023-03-21 10:45:00,2.4288967200,2.4383476800,2.4194457600,2.4288967200,5917700
2023-03-21 11:00:00,2.4288967200,2.4383476800,2.4288967200,2.4383476800,856000
2023-03-21 11:15:00,2.4288967200,2.4383476800,2.4288967200,2.4383476800,1054600
2023-03-21 11:30:00,2.4383476800,2.4383476800,2.4288967200,2.4288967200,935900
2023-03-21 13:15:00,2.4288967200,2.4383476800,2.4194457600,2.4194457600,2633100
2023-03-21 13:30:00,2.4194457600,2.4383476800,2.4194457600,2.4383476800,2160800
2023-03-21 13:45:00,2.4383476800,2.4383476800,2.4194457600,2.4288967200,2499900
2023-03-21 14:00:00,2.4288967200,2.4383476800,2.4194457600,2.4288967200,2274113
2023-03-21 14:15:00,2.4194457600,2.4288967200,2.4194457600,2.4288967200,1261901
2023-03-21 14:30:00,2.4194457600,2.4383476800,2.4194457600,2.4288967200,2947530
2023-03-21 14:45:00,2.4383476800,2.4383476800,2.4288967200,2.4383476800,1530310
2023-03-21 15:00:00,2.4288967200,2.4383476800,2.4288967200,2.4288967200,2629373
2023-03-22 09:45:00,2.4383476800,2.4477986400,2.4194457600,2.4383476800,5254800
2023-03-22 10:00:00,2.4383476800,2.4477986400,2.4288967200,2.4477986400,5209400
2023-03-22 10:15:00,2.4383476800,2.4477986400,2.4288967200,2.4288967200,4613730
2023-03-22 10:30:00,2.4288967200,2.4477986400,2.4288967200,2.4477986400,2536000
2023-03-22 10:45:00,2.4477986400,2.4477986400,2.4383476800,2.4477986400,2199200
2023-03-22 11:00:00,2.4477986400,2.4477986400,2.4383476800,2.4477986400,2472501
2023-03-22 11:15:00,2.4477986400,2.4477986400,2.4288967200,2.4288967200,1798318
2023-03-22 11:30:00,2.4288967200,2.4383476800,2.4288967200,2.4383476800,598002
2023-03-22 13:15:00,2.4288967200,2.4383476800,2.4288967200,2.4383476800,888100
2023-03-22 13:30:00,2.4383476800,2.4383476800,2.4288967200,2.4383476800,791027
2023-03-22 13:45:00,2.4383476800,2.4477986400,2.4288967200,2.4477986400,3034100
2023-03-22 14:00:00,2.4383476800,2.4477986400,2.4288967200,2.4383476800,2768100
2023-03-22 14:15:00,2.4383476800,2.4477986400,2.4383476800,2.4477986400,572100
2023-03-22 14:30:00,2.4477986400,2.4477986400,2.4383476800,2.4383476800,1248000
2023-03-22 14:45:00,2.4383476800,2.4477986400,2.4383476800,2.4477986400,971900
2023-03-22 15:00:00,2.4477986400,2.4477986400,2.4383476800,2.4383476800,1890931
2023-03-23 09:45:00,2.4477986400,2.4477986400,2.4288967200,2.4383476800,3150049
2023-03-23 10:00:00,2.4288967200,2.4383476800,2.4194457600,2.4288967200,4785051
2023-03-23 10:15:00,2.4288967200,2.4288967200,2.4194457600,2.4194457600,2726900
2023-03-23 10:30:00,2.4194457600,2.4383476800,2.4194457600,2.4288967200,2938500
2023-03-23 10:45:00,2.4288967200,2.4383476800,2.4288967200,2.4288967200,1510300
2023-03-23 11:00:00,2.4383476800,2.4383476800,2.4288967200,2.4383476800,1364501
2023-03-23 11:15:00,2.4288967200,2.4383476800,2.4194457600,2.4383476800,1517900
2023-03-23 11:30:00,2.4288967200,2.4288967200,2.4194457600,2.4194457600,1262600
2023-03-23 13:15:00,2.4288967200,2.4383476800,2.4194457600,2.4288967200,2166685
2023-03-23 13:30:00,2.4288967200,2.4383476800,2.4288967200,2.4383476800,704247
2023-03-23 13:45:00,2.4383476800,2.4383476800,2.4288967200,2.4383476800,722100
2023-03-23 14:00:00,2.4383476800,2.4383476800,2.4288967200,2.4383476800,4053786
2023-03-23 14:15:00,2.4288967200,2.4383476800,2.4288967200,2.4288967200,738300
2023-03-23 14:30:00,2.4383476800,2.4477986400,2.4288967200,2.4383476800,3988727
2023-03-23 14:45:00,2.4383476800,2.4477986400,2.4288967200,2.4383476800,2936100
2023-03-23 15:00:00,2.4383476800,2.4477986400,2.4383476800,2.4383476800,2619800
2023-03-24 09:45:00,2.4383476800,2.4477986400,2.4194457600,2.4383476800,6526600
2023-03-24 10:00:00,2.4383476800,2.4383476800,2.4194457600,2.4194457600,1372800
2023-03-24 10:15:00,2.4288967200,2.4383476800,2.4194457600,2.4383476800,5046900
2023-03-24 10:30:00,2.4288967200,2.4288967200,2.4194457600,2.4288967200,2401800
2023-03-24 10:45:00,2.4194457600,2.4288967200,2.4194457600,2.4288967200,981400
2023-03-24 11:00:00,2.4194457600,2.4288967200,2.4099948000,2.4194457600,7193800
2023-03-24 11:15:00,2.4194457600,2.4288967200,2.4099948000,2.4194457600,2209700
2023-03-24 11:30:00,2.4194457600,2.4288967200,2.4194457600,2.4194457600,1006000
2023-03-24 13:15:00,2.4194457600,2.4288967200,2.4194457600,2.4288967200,1639200
2023-03-24 13:30:00,2.4288967200,2.4288967200,2.4194457600,2.4288967200,1337301
2023-03-24 13:45:00,2.4288967200,2.4288967200,2.4194457600,2.4288967200,1090001
2023-03-24 14:00:00,2.4288967200,2.4288967200,2.4194457600,2.4288967200,2008700
2023-03-24 14:15:00,2.4288967200,2.4288967200,2.4194457600,2.4288967200,863500
2023-03-24 14:30:00,2.4288967200,2.4288967200,2.4194457600,2.4288967200,1959400
2023-03-24 14:45:00,2.4288967200,2.4288967200,2.4194457600,2.4288967200,1493800
2023-03-24 15:00:00,2.4288967200,2.4288967200,2.4194457600,2.4194457600,2021400
2023-03-27 09:45:00,2.4194457600,2.4288967200,2.4005438400,2.4099948000,7300600
2023-03-27 10:00:00,2.4099948000,2.4194457600,2.4005438400,2.4005438400,6599800
2023-03-27 10:15:00,2.4005438400,2.4099948000,2.3910928800,2.4005438400,5610000
2023-03-27 10:30:00,2.4099948000,2.4099948000,2.3910928800,2.4005438400,1686500
2023-03-27 10:45:00,2.3910928800,2.4005438400,2.3910928800,2.3910928800,1091300
2023-03-27 11:00:00,2.3910928800,2.4005438400,2.3910928800,2.3910928800,1660401
2023-03-27 11:15:00,2.3910928800,2.4005438400,2.3910928800,2.4005438400,843282
2023-03-27 11:30:00,2.3910928800,2.4005438400,2.3910928800,2.4005438400,1176200
2023-03-27 13:15:00,2.4005438400,2.4005438400,2.3910928800,2.3910928800,1055400
2023-03-27 13:30:00,2.3910928800,2.4005438400,2.3910928800,2.3910928800,1009800
2023-03-27 13:45:00,2.4005438400,2.4005438400,2.3910928800,2.4005438400,2981800
2023-03-27 14:00:00,2.3910928800,2.4005438400,2.3910928800,2.3910928800,1203900
2023-03-27 14:15:00,2.4005438400,2.4005438400,2.3816419200,2.3910928800,5441400
2023-03-27 14:30:00,2.3910928800,2.4005438400,2.3910928800,2.3910928800,1229400
2023-03-27 14:45:00,2.3910928800,2.4005438400,2.3910928800,2.3910928800,1333598
2023-03-27 15:00:00,2.3910928800,2.4005438400,2.3910928800,2.3910928800,3822400
2023-03-28 09:45:00,2.4005438400,2.4005438400,2.3816419200,2.3910928800,4198300
2023-03-28 10:00:00,2.3910928800,2.4005438400,2.3816419200,2.3910928800,2211300
2023-03-28 10:15:00,2.3816419200,2.3910928800,2.3816419200,2.3816419200,1781000
2023-03-28 10:30:00,2.3910928800,2.3910928800,2.3816419200,2.3910928800,1459300
2023-03-28 10:45:00,2.3816419200,2.3910928800,2.3816419200,2.3816419200,1293900
2023-03-28 11:00:00,2.3816419200,2.3910928800,2.3816419200,2.3816419200,1785201
2023-03-28 11:15:00,2.3816419200,2.3910928800,2.3816419200,2.3816419200,603300
2023-03-28 11:30:00,2.3910928800,2.3910928800,2.3816419200,2.3816419200,665700
2023-03-28 13:15:00,2.3816419200,2.3910928800,2.3816419200,2.3910928800,1204400
2023-03-28 13:30:00,2.3910928800,2.3910928800,2.3816419200,2.3816419200,787800
2023-03-28 13:45:00,2.3910928800,2.3910928800,2.3721909600,2.3816419200,2728400
2023-03-28 14:00:00,2.3721909600,2.3910928800,2.3721909600,2.3910928800,1673800
2023-03-28 14:15:00,2.3816419200,2.3910928800,2.3721909600,2.3721909600,1923100
2023-03-28 14:30:00,2.3816419200,2.3816419200,2.3721909600,2.3721909600,1770800
2023-03-28 14:45:00,2.3721909600,2.3816419200,2.3721909600,2.3721909600,2073600
2023-03-28 15:00:00,2.3721909600,2.3816419200,2.3721909600,2.3721909600,4962700
2023-03-29 09:45:00,2.3816419200,2.3816419200,2.3627400000,2.3627400000,4839115
2023-03-29 10:00:00,2.3721909600,2.3721909600,2.3627400000,2.3627400000,2015350
2023-03-29 10:15:00,2.3721909600,2.3721909600,2.3438380800,2.3438380800,7320850
2023-03-29 10:30:00,2.3438380800,2.3532890400,2.3343871200,2.3438380800,4990800
2023-03-29 10:45:00,2.3438380800,2.3438380800,2.3343871200,2.3438380800,2975700
2023-03-29 11:00:00,2.3343871200,2.3438380800,2.3343871200,2.3438380800,1931200
2023-03-29 11:15:00,2.3438380800,2.3532890400,2.3343871200,2.3532890400,2527900
2023-03-29 11:30:00,2.3532890400,2.3532890400,2.3438380800,2.3532890400,937100
2023-03-29 13:15:00,2.3438380800,2.3532890400,2.3438380800,2.3438380800,2552600
2023-03-29 13:30:00,2.3438380800,2.3532890400,2.3343871200,2.3438380800,1271000
2023-03-29 13:45:00,2.3438380800,2.3438380800,2.3343871200,2.3438380800,1348400
2023-03-29 14:00:00,2.3438380800,2.3532890400,2.3343871200,2.3438380800,2508400
2023-03-29 14:15:00,2.3438380800,2.3532890400,2.3438380800,2.3438380800,401700
2023-03-29 14:30:00,2.3438380800,2.3532890400,2.3438380800,2.3532890400,826000
2023-03-29 14:45:00,2.3438380800,2.3532890400,2.3438380800,2.3438380800,1791800
2023-03-29 15:00:00,2.3438380800,2.3532890400,2.3343871200,2.3438380800,2901749
2023-03-30 09:45:00,2.3532890400,2.3532890400,2.3343871200,2.3532890400,2857125
2023-03-30 10:00:00,2.3532890400,2.3532890400,2.3343871200,2.3343871200,4220200
2023-03-30 10:15:00,2.3343871200,2.3438380800,2.3249361600,2.3249361600,2072675
2023-03-30 10:30:00,2.3249361600,2.3343871200,2.3249361600,2.3343871200,1460000
2023-03-30 10:45:00,2.3343871200,2.3343871200,2.3154852000,2.3154852000,5297249
2023-03-30 11:00:00,2.3154852000,2.3249361600,2.3154852000,2.3249361600,1069100
2023-03-30 11:15:00,2.3154852000,2.3343871200,2.3154852000,2.3249361600,3098900
2023-03-30 11:30:00,2.3249361600,2.3343871200,2.3154852000,2.3249361600,939600
2023-03-30 13:15:00,2.3249361600,2.3343871200,2.3154852000,2.3249361600,1237000
2023-03-30 13:30:00,2.3249361600,2.3343871200,2.3249361600,2.3343871200,588900
2023-03-30 13:45:00,2.3343871200,2.3438380800,2.3249361600,2.3343871200,2352800
2023-03-30 14:00:00,2.3438380800,2.3438380800,2.3343871200,2.3343871200,748900
2023-03-30 14:15:00,2.3438380800,2.3532890400,2.3343871200,2.3532890400,2992800
2023-03-30 14:30:00,2.3438380800,2.3532890400,2.3438380800,2.3532890400,1090400
2023-03-30 14:45:00,2.3532890400,2.3532890400,2.3438380800,2.3438380800,881600
2023-03-30 15:00:00,2.3532890400,2.3532890400,2.3438380800,2.3438380800,2785128
2023-03-31 09:45:00,2.3438380800,2.3532890400,2.3343871200,2.3532890400,4162636
2023-03-31 10:00:00,2.3438380800,2.3532890400,2.3343871200,2.3438380800,4415500
2023-03-31 10:15:00,2.3438380800,2.3532890400,2.3343871200,2.3343871200,4824900
2023-03-31 10:30:00,2.3438380800,2.3438380800,2.3343871200,2.3343871200,1533900
2023-03-31 10:45:00,2.3343871200,2.3438380800,2.3343871200,2.3343871200,1109700
2023-03-31 11:00:00,2.3343871200,2.3438380800,2.3343871200,2.3343871200,1429900
2023-03-31 11:15:00,2.3343871200,2.3438380800,2.3343871200,2.3343871200,1111400
2023-03-31 11:30:00,2.3343871200,2.3343871200,2.3249361600,2.3249361600,5184000
2023-03-31 13:15:00,2.3343871200,2.3343871200,2.3249361600,2.3249361600,1525100
2023-03-31 13:30:00,2.3249361600,2.3343871200,2.3249361600,2.3249361600,1185000
2023-03-31 13:45:00,2.3249361600,2.3343871200,2.3249361600,2.3343871200,3357800
2023-03-31 14:00:00,2.3249361600,2.3438380800,2.3249361600,2.3343871200,903400
2023-03-31 14:15:00,2.3343871200,2.3438380800,2.3343871200,2.3343871200,1307300
2023-03-31 14:30:00,2.3438380800,2.3438380800,2.3343871200,2.3438380800,2136700
2023-03-31 14:45:00,2.3343871200,2.3438380800,2.3249361600,2.3249361600,3321500
2023-03-31 15:00:00,2.3249361600,2.3343871200,2.3249361600,2.3343871200,3092096
2023-04-03 09:45:00,2.3249361600,2.3343871200,2.3154852000,2.3343871200,8494965
2023-04-03 10:00:00,2.3249361600,2.3343871200,2.3154852000,2.3249361600,5059701
2023-04-03 10:15:00,2.3249361600,2.3249361600,2.3154852000,2.3249361600,1619800
2023-04-03 10:30:00,2.3154852000,2.3343871200,2.3154852000,2.3343871200,3410400
2023-04-03 10:45:00,2.3249361600,2.3343871200,2.3154852000,2.3249361600,1553700
2023-04-03 11:00:00,2.3154852000,2.3249361600,2.3154852000,2.3249361600,2182900
2023-04-03 11:15:00,2.3154852000,2.3343871200,2.3154852000,2.3249361600,1875301
2023-04-03 11:30:00,2.3249361600,2.3343871200,2.3154852000,2.3249361600,1722400
2023-04-03 13:15:00,2.3343871200,2.3343871200,2.3249361600,2.3249361600,1376300
2023-04-03 13:30:00,2.3249361600,2.3343871200,2.3154852000,2.3249361600,3299400
2023-04-03 13:45:00,2.3249361600,2.3343871200,2.3249361600,2.3249361600,1060900
2023-04-03 14:00:00,2.3249361600,2.3343871200,2.3154852000,2.3154852000,3178400
2023-04-03 14:15:00,2.3154852000,2.3343871200,2.3154852000,2.3343871200,2646300
2023-04-03 14:30:00,2.3249361600,2.3343871200,2.3249361600,2.3343871200,2985400
2023-04-03 14:45:00,2.3249361600,2.3438380800,2.3249361600,2.3249361600,6750100
2023-04-03 15:00:00,2.3343871200,2.3438380800,2.3249361600,2.3249361600,5542799
2023-04-04 09:45:00,2.3249361600,2.3438380800,2.3154852000,2.3343871200,7534650
2023-04-04 10:00:00,2.3343871200,2.3438380800,2.3249361600,2.3343871200,3793200
2023-04-04 10:15:00,2.3343871200,2.3438380800,2.3343871200,2.3343871200,2977500
2023-04-04 10:30:00,2.3343871200,2.3438380800,2.3343871200,2.3343871200,1748000
2023-04-04 10:45:00,2.3343871200,2.3532890400,2.3343871200,2.3438380800,6855600
2023-04-04 11:00:00,2.3438380800,2.3532890400,2.3438380800,2.3438380800,2308700
2023-04-04 11:15:00,2.3438380800,2.3532890400,2.3438380800,2.3438380800,1229200
2023-04-04 11:30:00,2.3438380800,2.3532890400,2.3438380800,2.3532890400,1026500
2023-04-04 13:15:00,2.3532890400,2.3532890400,2.3438380800,2.3438380800,1934600
2023-04-04 13:30:00,2.3438380800,2.3532890400,2.3438380800,2.3438380800,1580400
2023-04-04 13:45:00,2.3438380800,2.3532890400,2.3438380800,2.3532890400,1552600
2023-04-04 14:00:00,2.3532890400,2.3532890400,2.3438380800,2.3438380800,2054700
2023-04-04 14:15:00,2.3438380800,2.3532890400,2.3343871200,2.3438380800,4069300
2023-04-04 14:30:00,2.3438380800,2.3532890400,2.3343871200,2.3438380800,3671000
2023-04-04 14:45:00,2.3532890400,2.3532890400,2.3438380800,2.3532890400,678200
2023-04-04 15:00:00,2.3438380800,2.3627400000,2.3438380800,2.3532890400,5835100
2023-04-06 09:45:00,2.3532890400,2.3532890400,2.3343871200,2.3343871200,5510500
2023-04-06 10:00:00,2.3343871200,2.3438380800,2.3343871200,2.3343871200,3005900
2023-04-06 10:15:00,2.3438380800,2.3438380800,2.3343871200,2.3343871200,2003500
2023-04-06 10:30:00,2.3343871200,2.3438380800,2.3343871200,2.3343871200,2088900
2023-04-06 10:45:00,2.3343871200,2.3438380800,2.3249361600,2.3249361600,6232400
2023-04-06 11:00:00,2.3343871200,2.3343871200,2.3249361600,2.3249361600,1592700
2023-04-06 11:15:00,2.3343871200,2.3343871200,2.3249361600,2.3249361600,877200
2023-04-06 11:30:00,2.3249361600,2.3343871200,2.3249361600,2.3343871200,659800
2023-04-06 13:15:00,2.3343871200,2.3343871200,2.3249361600,2.3249361600,1230601
2023-04-06 13:30:00,2.3249361600,2.3343871200,2.3249361600,2.3249361600,1079700
2023-04-06 13:45:00,2.3343871200,2.3343871200,2.3249361600,2.3343871200,2902300
2023-04-06 14:00:00,2.3249361600,2.3343871200,2.3249361600,2.3249361600,923800
2023-04-06 14:15:00,2.3343871200,2.3343871200,2.3249361600,2.3249361600,1345400
2023-04-06 14:30:00,2.3249361600,2.3438380800,2.3249361600,2.3438380800,3759983
2023-04-06 14:45:00,2.3343871200,2.3438380800,2.3343871200,2.3343871200,1128200
2023-04-06 15:00:00,2.3438380800,2.3438380800,2.3343871200,2.3343871200,2732200
2023-04-07 09:45:00,2.3343871200,2.3438380800,2.3343871200,2.3343871200,2100700
2023-04-07 10:00:00,2.3343871200,2.3438380800,2.3343871200,2.3438380800,1834400
2023-04-07 10:15:00,2.3343871200,2.3438380800,2.3343871200,2.3343871200,1388970
2023-04-07 10:30:00,2.3343871200,2.3438380800,2.3343871200,2.3438380800,835800
2023-04-07 10:45:00,2.3343871200,2.3438380800,2.3343871200,2.3343871200,1171601
2023-04-07 11:00:00,2.3438380800,2.3438380800,2.3343871200,2.3343871200,492200
2023-04-07 11:15:00,2.3438380800,2.3438380800,2.3343871200,2.3343871200,893600
2023-04-07 11:30:00,2.3343871200,2.3438380800,2.3343871200,2.3438380800,3676600
2023-04-07 13:15:00,2.3438380800,2.3438380800,2.3343871200,2.3343871200,2051600
2023-04-07 13:30:00,2.3438380800,2.3438380800,2.3343871200,2.3438380800,1258200
2023-04-07 13:45:00,2.3343871200,2.3438380800,2.3343871200,2.3343871200,2431400
2023-04-07 14:00:00,2.3343871200,2.3532890400,2.3343871200,2.3343871200,1869300
2023-04-07 14:15:00,2.3438380800,2.3532890400,2.3343871200,2.3438380800,1140700
2023-04-07 14:30:00,2.3532890400,2.3532890400,2.3438380800,2.3438380800,744500
2023-04-07 14:45:00,2.3532890400,2.3532890400,2.3438380800,2.3438380800,1682300
2023-04-07 15:00:00,2.3532890400,2.3532890400,2.3438380800,2.3532890400,2472800
2023-04-10 09:45:00,2.3532890400,2.3627400000,2.3343871200,2.3438380800,5162778
2023-04-10 10:00:00,2.3438380800,2.3532890400,2.3438380800,2.3438380800,1718500
2023-04-10 10:15:00,2.3532890400,2.3532890400,2.3438380800,2.3532890400,1374500
2023-04-10 10:30:00,2.3532890400,2.3532890400,2.3438380800,2.3532890400,855400
2023-04-10 10:45:00,2.3438380800,2.3532890400,2.3438380800,2.3438380800,694900
2023-04-10 11:00:00,2.3532890400,2.3532890400,2.3438380800,2.3438380800,1627800
2023-04-10 11:15:00,2.3438380800,2.3532890400,2.3438380800,2.3532890400,1285900
2023-04-10 11:30:00,2.3438380800,2.3532890400,2.3438380800,2.3532890400,418900
2023-04-10 13:15:00,2.3532890400,2.3532890400,2.3438380800,2.3438380800,536400
2023-04-10 13:30:00,2.3438380800,2.3532890400,2.3438380800,2.3438380800,704600
2023-04-10 13:45:00,2.3438380800,2.3532890400,2.3438380800,2.3438380800,1581800
2023-04-10 14:00:00,2.3532890400,2.3532890400,2.3438380800,2.3532890400,827100
2023-04-10 14:15:00,2.3532890400,2.3532890400,2.3438380800,2.3438380800,812500
2023-04-10 14:30:00,2.3438380800,2.3532890400,2.3438380800,2.3438380800,3016300
2023-04-10 14:45:00,2.3532890400,2.3532890400,2.3438380800,2.3532890400,1483800
2023-04-10 15:00:00,2.3438380800,2.3532890400,2.3438380800,2.3438380800,2319500
2023-04-11 09:45:00,2.3438380800,2.3532890400,2.3249361600,2.3343871200,9468756
2023-04-11 10:00:00,2.3343871200,2.3343871200,2.3249361600,2.3249361600,1738600
2023-04-11 10:15:00,2.3249361600,2.3343871200,2.3249361600,2.3249361600,1539500
2023-04-11 10:30:00,2.3343871200,2.3343871200,2.3249361600,2.3249361600,2199300
2023-04-11 10:45:00,2.3249361600,2.3343871200,2.3154852000,2.3154852000,5842542
2023-04-11 11:00:00,2.3249361600,2.3343871200,2.3154852000,2.3343871200,987412
2023-04-11 11:15:00,2.3249361600,2.3343871200,2.3249361600,2.3249361600,736700
2023-04-11 11:30:00,2.3249361600,2.3343871200,2.3249361600,2.3249361600,813500
2023-04-11 13:15:00,2.3343871200,2.3343871200,2.3249361600,2.3343871200,881042
2023-04-11 13:30:00,2.3249361600,2.3343871200,2.3249361600,2.3343871200,941700
2023-04-11 13:45:00,2.3249361600,2.3343871200,2.3249361600,2.3343871200,775800
2023-04-11 14:00:00,2.3249361600,2.3343871200,2.3249361600,2.3249361600,922200
2023-04-11 14:15:00,2.3249361600,2.3343871200,2.3249361600,2.3249361600,542700
2023-04-11 14:30:00,2.3249361600,2.3343871200,2.3249361600,2.3249361600,600900
2023-04-11 14:45:00,2.3249361600,2.3438380800,2.3249361600,2.3438380800,3025900
2023-04-11 15:00:00,2.3343871200,2.3438380800,2.3343871200,2.3343871200,1660000
2023-04-12 09:45:00,2.3343871200,2.3438380800,2.3249361600,2.3343871200,4153800
2023-04-12 10:00:00,2.3438380800,2.3532890400,2.3343871200,2.3438380800,6115598
2023-04-12 10:15:00,2.3438380800,2.3816419200,2.3438380800,2.3627400000,13195500
2023-04-12 10:30:00,2.3627400000,2.3721909600,2.3627400000,2.3627400000,4173300
2023-04-12 10:45:00,2.3627400000,2.3721909600,2.3532890400,2.3532890400,3504800
2023-04-12 11:00:00,2.3532890400,2.3627400000,2.3532890400,2.3532890400,1266500
2023-04-12 11:15:00,2.3532890400,2.3627400000,2.3532890400,2.3532890400,1496300
2023-04-12 11:30:00,2.3532890400,2.3627400000,2.3532890400,2.3627400000,1014700
2023-04-12 13:15:00,2.3627400000,2.3721909600,2.3532890400,2.3721909600,2335400
2023-04-12 13:30:00,2.3627400000,2.3721909600,2.3532890400,2.3721909600,1803300
2023-04-12 13:45:00,2.3627400000,2.3721909600,2.3532890400,2.3627400000,1150300
2023-04-12 14:00:00,2.3627400000,2.3721909600,2.3627400000,2.3627400000,946246
2023-04-12 14:15:00,2.3721909600,2.3721909600,2.3627400000,2.3721909600,528746
2023-04-12 14:30:00,2.3627400000,2.3721909600,2.3627400000,2.3721909600,434600
2023-04-12 14:45:00,2.3627400000,2.3721909600,2.3627400000,2.3721909600,1714554
2023-04-12 15:00:00,2.3627400000,2.3721909600,2.3627400000,2.3627400000,3231553
2023-04-13 09:45:00,2.3627400000,2.3816419200,2.3532890400,2.3721909600,5662600
2023-04-13 10:00:00,2.3816419200,2.3816419200,2.3721909600,2.3816419200,2667800
2023-04-13 10:15:00,2.3721909600,2.3816419200,2.3721909600,2.3816419200,2458300
2023-04-13 10:30:00,2.3816419200,2.3816419200,2.3627400000,2.3627400000,5166900
2023-04-13 10:45:00,2.3721909600,2.3816419200,2.3627400000,2.3816419200,3877800
2023-04-13 11:00:00,2.3721909600,2.3816419200,2.3627400000,2.3721909600,1495600
2023-04-13 11:15:00,2.3721909600,2.3816419200,2.3627400000,2.3721909600,1194000
2023-04-13 11:30:00,2.3721909600,2.3816419200,2.3721909600,2.3816419200,870200
2023-04-13 13:15:00,2.3721909600,2.4005438400,2.3721909600,2.4005438400,11329800
2023-04-13 13:30:00,2.3910928800,2.4005438400,2.3816419200,2.3816419200,4805700
2023-04-13 13:45:00,2.3816419200,2.4005438400,2.3816419200,2.3816419200,1664200
2023-04-13 14:00:00,2.3816419200,2.3910928800,2.3816419200,2.3910928800,415200
2023-04-13 14:15:00,2.3910928800,2.3910928800,2.3816419200,2.3910928800,1020400
2023-04-13 14:30:00,2.3910928800,2.4005438400,2.3816419200,2.3910928800,3443286
2023-04-13 14:45:00,2.4005438400,2.4005438400,2.3910928800,2.4005438400,1639600
2023-04-13 15:00:00,2.4005438400,2.4005438400,2.3910928800,2.3910928800,4771700
2023-04-14 09:45:00,2.4099948000,2.4383476800,2.4005438400,2.4194457600,16392700
2023-04-14 10:00:00,2.4194457600,2.4477986400,2.4194457600,2.4383476800,11869011
2023-04-14 10:15:00,2.4383476800,2.4572496000,2.4288967200,2.4383476800,11281789
2023-04-14 10:30:00,2.4288967200,2.4383476800,2.4288967200,2.4288967200,2496600
2023-04-14 10:45:00,2.4383476800,2.4383476800,2.4288967200,2.4383476800,1482900
2023-04-14 11:00:00,2.4288967200,2.4383476800,2.4288967200,2.4288967200,1547700
2023-04-14 11:15:00,2.4288967200,2.4383476800,2.4194457600,2.4194457600,3714300
2023-04-14 11:30:00,2.4288967200,2.4383476800,2.4194457600,2.4383476800,1336500
2023-04-14 13:15:00,2.4288967200,2.4383476800,2.4194457600,2.4288967200,3278200
2023-04-14 13:30:00,2.4288967200,2.4383476800,2.4194457600,2.4288967200,894775
2023-04-14 13:45:00,2.4288967200,2.4383476800,2.4288967200,2.4288967200,1507000
2023-04-14 14:00:00,2.4383476800,2.4383476800,2.4288967200,2.4288967200,1268200
2023-04-14 14:15:00,2.4288967200,2.4383476800,2.4288967200,2.4383476800,1400700
2023-04-14 14:30:00,2.4383476800,2.4383476800,2.4288967200,2.4383476800,2265100
2023-04-14 14:45:00,2.4288967200,2.4477986400,2.4288967200,2.4477986400,7990486
2023-04-14 15:00:00,2.4477986400,2.4477986400,2.4383476800,2.4383476800,3895100
2023-04-17 09:45:00,2.4383476800,2.4477986400,2.4383476800,2.4383476800,5381700
2023-04-17 10:00:00,2.4383476800,2.4477986400,2.4194457600,2.4383476800,8726800
2023-04-17 10:15:00,2.4288967200,2.4477986400,2.4288967200,2.4477986400,5037400
2023-04-17 10:30:00,2.4477986400,2.4572496000,2.4383476800,2.4572496000,4637600
2023-04-17 10:45:00,2.4477986400,2.4667005600,2.4477986400,2.4572496000,7868969
2023-04-17 11:00:00,2.4572496000,2.4761515200,2.4572496000,2.4761515200,5414600
2023-04-17 11:15:00,2.4667005600,2.4761515200,2.4667005600,2.4667005600,3316400
2023-04-17 11:30:00,2.4667005600,2.4761515200,2.4572496000,2.4667005600,2385400
2023-04-17 13:15:00,2.4761515200,2.4761515200,2.4667005600,2.4667005600,1933899
2023-04-17 13:30:00,2.4667005600,2.4761515200,2.4667005600,2.4667005600,1401500
2023-04-17 13:45:00,2.4761515200,2.4761515200,2.4667005600,2.4667005600,3674200
2023-04-17 14:00:00,2.4667005600,2.4761515200,2.4572496000,2.4667005600,2081775
2023-04-17 14:15:00,2.4572496000,2.4667005600,2.4572496000,2.4572496000,873600
2023-04-17 14:30:00,2.4667005600,2.4667005600,2.4572496000,2.4572496000,3698900
2023-04-17 14:45:00,2.4667005600,2.4667005600,2.4572496000,2.4667005600,2270000
2023-04-17 15:00:00,2.4667005600,2.4667005600,2.4572496000,2.4572496000,6729100
2023-04-18 09:45:00,2.4667005600,2.4761515200,2.4572496000,2.4667005600,6780200
2023-04-18 10:00:00,2.4572496000,2.4667005600,2.4383476800,2.4477986400,7563300
2023-04-18 10:15:00,2.4572496000,2.4761515200,2.4477986400,2.4761515200,10324059
2023-04-18 10:30:00,2.4761515200,2.4761515200,2.4572496000,2.4667005600,2671941
2023-04-18 10:45:00,2.4667005600,2.4667005600,2.4572496000,2.4667005600,1289300
2023-04-18 11:00:00,2.4667005600,2.4667005600,2.4572496000,2.4667005600,3117300
2023-04-18 11:15:00,2.4572496000,2.4667005600,2.4477986400,2.4572496000,2108300
2023-04-18 11:30:00,2.4667005600,2.4667005600,2.4572496000,2.4667005600,1417700
2023-04-18 13:15:00,2.4572496000,2.4667005600,2.4477986400,2.4572496000,2355801
2023-04-18 13:30:00,2.4572496000,2.4667005600,2.4477986400,2.4667005600,1690800
2023-04-18 13:45:00,2.4667005600,2.4667005600,2.4572496000,2.4572496000,1461101
2023-04-18 14:00:00,2.4572496000,2.4667005600,2.4572496000,2.4667005600,1137800
2023-04-18 14:15:00,2.4667005600,2.4667005600,2.4572496000,2.4667005600,1442900
2023-04-18 14:30:00,2.4667005600,2.4761515200,2.4572496000,2.4667005600,8385433
2023-04-18 14:45:00,2.4761515200,2.4761515200,2.4667005600,2.4761515200,4805000
2023-04-18 15:00:00,2.4761515200,2.4761515200,2.4667005600,2.4667005600,4705400
2023-04-19 09:45:00,2.4667005600,2.4667005600,2.4477986400,2.4572496000,3854400
2023-04-19 10:00:00,2.4572496000,2.4761515200,2.4572496000,2.4761515200,4087100
2023-04-19 10:15:00,2.4761515200,2.4761515200,2.4572496000,2.4572496000,3430682
2023-04-19 10:30:00,2.4667005600,2.4667005600,2.4572496000,2.4572496000,1925200
2023-04-19 10:45:00,2.4572496000,2.4667005600,2.4572496000,2.4667005600,1405000
2023-04-19 11:00:00,2.4572496000,2.4667005600,2.4572496000,2.4667005600,1493100
2023-04-19 11:15:00,2.4667005600,2.4667005600,2.4572496000,2.4667005600,6317600
2023-04-19 11:30:00,2.4572496000,2.4667005600,2.4572496000,2.4667005600,1843600
2023-04-19 13:15:00,2.4667005600,2.4761515200,2.4572496000,2.4761515200,5874600
2023-04-19 13:30:00,2.4667005600,2.4950534400,2.4667005600,2.4856024800,11179233
2023-04-19 13:45:00,2.4950534400,2.4950534400,2.4856024800,2.4856024800,1441200
2023-04-19 14:00:00,2.4950534400,2.4950534400,2.4856024800,2.4856024800,2383100
2023-04-19 14:15:00,2.4950534400,2.4950534400,2.4761515200,2.4856024800,4939800
2023-04-19 14:30:00,2.4761515200,2.4856024800,2.4761515200,2.4761515200,1966500
2023-04-19 14:45:00,2.4856024800,2.4856024800,2.4667005600,2.4667005600,3340200
2023-04-19 15:00:00,2.4667005600,2.4761515200,2.4667005600,2.4761515200,3288300
2023-04-20 09:45:00,2.4667005600,2.4761515200,2.4477986400,2.4477986400,8521500
2023-04-20 10:00:00,2.4477986400,2.4572496000,2.4383476800,2.4383476800,6551800
2023-04-20 10:15:00,2.4477986400,2.4477986400,2.4383476800,2.4383476800,3018600
2023-04-20 10:30:00,2.4477986400,2.4477986400,2.4383476800,2.4383476800,7953800
2023-04-20 10:45:00,2.4477986400,2.4477986400,2.4383476800,2.4477986400,3950900
2023-04-20 11:00:00,2.4477986400,2.4572496000,2.4383476800,2.4572496000,4894500
2023-04-20 11:15:00,2.4572496000,2.4572496000,2.4477986400,2.4572496000,2136200
2023-04-20 11:30:00,2.4477986400,2.4572496000,2.4477986400,2.4572496000,900800
2023-04-20 13:15:00,2.4477986400,2.4572496000,2.4477986400,2.4477986400,1881300
2023-04-20 13:30:00,2.4572496000,2.4572496000,2.4477986400,2.4572496000,714300
2023-04-20 13:45:00,2.4572496000,2.4572496000,2.4477986400,2.4572496000,1079800
2023-04-20 14:00:00,2.4572496000,2.4572496000,2.4477986400,2.4477986400,1529900
2023-04-20 14:15:00,2.4572496000,2.4856024800,2.4477986400,2.4761515200,13204700
2023-04-20 14:30:00,2.4761515200,2.4856024800,2.4761515200,2.4856024800,2840600
2023-04-20 14:45:00,2.4761515200,2.4856024800,2.4667005600,2.4761515200,3849600
2023-04-20 15:00:00,2.4761515200,2.4856024800,2.4761515200,2.4761515200,2985800
2023-04-21 09:45:00,2.4761515200,2.4856024800,2.4572496000,2.4761515200,5960100
2023-04-21 10:00:00,2.4856024800,2.4950534400,2.4667005600,2.4950534400,5086710
2023-04-21 10:15:00,2.4950534400,2.4950534400,2.4761515200,2.4950534400,6900600
2023-04-21 10:30:00,2.4950534400,2.4950534400,2.4856024800,2.4856024800,3029100
2023-04-21 10:45:00,2.4950534400,2.4950534400,2.4761515200,2.4950534400,4790200
2023-04-21 11:00:00,2.4856024800,2.4950534400,2.4761515200,2.4761515200,1983000
2023-04-21 11:15:00,2.4856024800,2.4856024800,2.4761515200,2.4761515200,1016000
2023-04-21 11:30:00,2.4856024800,2.4856024800,2.4572496000,2.4572496000,6590100
2023-04-21 13:15:00,2.4572496000,2.4667005600,2.4477986400,2.4477986400,4055900
2023-04-21 13:30:00,2.4572496000,2.4761515200,2.4477986400,2.4761515200,3285600
2023-04-21 13:45:00,2.4761515200,2.4761515200,2.4572496000,2.4667005600,1468301
2023-04-21 14:00:00,2.4667005600,2.4667005600,2.4572496000,2.4667005600,730000
2023-04-21 14:15:00,2.4667005600,2.4667005600,2.4477986400,2.4572496000,2226599
2023-04-21 14:30:00,2.4572496000,2.4667005600,2.4477986400,2.4572496000,1526400
2023-04-21 14:45:00,2.4572496000,2.4572496000,2.4477986400,2.4477986400,3031400
2023-04-21 15:00:00,2.4383476800,2.4477986400,2.4383476800,2.4477986400,4563200
2023-04-24 09:45:00,2.4477986400,2.4572496000,2.4288967200,2.4288967200,5965100
2023-04-24 10:00:00,2.4288967200,2.4383476800,2.4194457600,2.4288967200,5965900
2023-04-24 10:15:00,2.4194457600,2.4477986400,2.4194457600,2.4383476800,3792717
2023-04-24 10:30:00,2.4383476800,2.4477986400,2.4288967200,2.4477986400,1932600
2023-04-24 10:45:00,2.4383476800,2.4477986400,2.4383476800,2.4383476800,1788100
2023-04-24 11:00:00,2.4383476800,2.4383476800,2.4288967200,2.4383476800,902900
2023-04-24 11:15:00,2.4288967200,2.4477986400,2.4288967200,2.4383476800,2520700
2023-04-24 11:30:00,2.4383476800,2.4572496000,2.4383476800,2.4572496000,2827400
2023-04-24 13:15:00,2.4572496000,2.4572496000,2.4477986400,2.4477986400,670400
2023-04-24 13:30:00,2.4477986400,2.4572496000,2.4383476800,2.4477986400,1277900
2023-04-24 13:45:00,2.4477986400,2.4477986400,2.4383476800,2.4383476800,370600
2023-04-24 14:00:00,2.4477986400,2.4477986400,2.4288967200,2.4288967200,2204700
2023-04-24 14:15:00,2.4288967200,2.4477986400,2.4288967200,2.4288967200,1430200
2023-04-24 14:30:00,2.4383476800,2.4383476800,2.4288967200,2.4288967200,1434300
2023-04-24 14:45:00,2.4288967200,2.4383476800,2.4194457600,2.4288967200,5060200
2023-04-24 15:00:00,2.4383476800,2.4383476800,2.4194457600,2.4288967200,1932171
2023-04-25 09:45:00,2.4383476800,2.4572496000,2.4288967200,2.4477986400,7001000
2023-04-25 10:00:00,2.4477986400,2.4572496000,2.4383476800,2.4477986400,2772700
2023-04-25 10:15:00,2.4383476800,2.4477986400,2.4383476800,2.4383476800,1528500
2023-04-25 10:30:00,2.4477986400,2.4477986400,2.4194457600,2.4194457600,4997800
2023-04-25 10:45:00,2.4194457600,2.4477986400,2.4194457600,2.4383476800,3956800
2023-04-25 11:00:00,2.4288967200,2.4383476800,2.4288967200,2.4383476800,1332100
2023-04-25 11:15:00,2.4383476800,2.4383476800,2.4099948000,2.4194457600,4499983
2023-04-25 11:30:00,2.4194457600,2.4383476800,2.4194457600,2.4383476800,2488100
2023-04-25 13:15:00,2.4288967200,2.4383476800,2.4099948000,2.4288967200,2820900
2023-04-25 13:30:00,2.4194457600,2.4194457600,2.4099948000,2.4194457600,2332600
2023-04-25 13:45:00,2.4194457600,2.4194457600,2.4005438400,2.4099948000,4129500
2023-04-25 14:00:00,2.4099948000,2.4194457600,2.4005438400,2.4099948000,1726400
2023-04-25 14:15:00,2.4194457600,2.4288967200,2.4099948000,2.4288967200,1733100
2023-04-25 14:30:00,2.4194457600,2.4288967200,2.4194457600,2.4194457600,836300
2023-04-25 14:45:00,2.4194457600,2.4383476800,2.4194457600,2.4383476800,2773895
2023-04-25 15:00:00,2.4288967200,2.4383476800,2.4194457600,2.4288967200,2486600
2023-04-26 09:45:00,2.4194457600,2.4288967200,2.4005438400,2.4288967200,6736300
2023-04-26 10:00:00,2.4194457600,2.4288967200,2.4194457600,2.4194457600,2313800
2023-04-26 10:15:00,2.4288967200,2.4288967200,2.4099948000,2.4194457600,1157500
2023-04-26 10:30:00,2.4099948000,2.4288967200,2.4099948000,2.4194457600,3592900
2023-04-26 10:45:00,2.4194457600,2.4194457600,2.4005438400,2.4194457600,3071500
2023-04-26 11:00:00,2.4194457600,2.4194457600,2.4005438400,2.4099948000,1475700
2023-04-26 11:15:00,2.4005438400,2.4194457600,2.4005438400,2.4194457600,1858700
2023-04-26 11:30:00,2.4194457600,2.4194457600,2.4099948000,2.4099948000,1102400
2023-04-26 13:15:00,2.4099948000,2.4288967200,2.4099948000,2.4194457600,1727101
2023-04-26 13:30:00,2.4194457600,2.4288967200,2.4099948000,2.4194457600,1470400
2023-04-26 13:45:00,2.4288967200,2.4288967200,2.4194457600,2.4194457600,625500
2023-04-26 14:00:00,2.4194457600,2.4288967200,2.4194457600,2.4288967200,1065100
2023-04-26 14:15:00,2.4288967200,2.4288967200,2.4194457600,2.4194457600,1659600
2023-04-26 14:30:00,2.4288967200,2.4288967200,2.4194457600,2.4194457600,1058432
2023-04-26 14:45:00,2.4288967200,2.4288967200,2.4099948000,2.4099948000,2132968
2023-04-26 15:00:00,2.4194457600,2.4194457600,2.4099948000,2.4194457600,1580091
2023-04-27 09:45:00,2.4194457600,2.4194457600,2.4099948000,2.4194457600,1845700
2023-04-27 10:00:00,2.4099948000,2.4288967200,2.4099948000,2.4194457600,2988600
2023-04-27 10:15:00,2.4194457600,2.4288967200,2.4099948000,2.4194457600,2125900
2023-04-27 10:30:00,2.4288967200,2.4383476800,2.4194457600,2.4383476800,3150100
2023-04-27 10:45:00,2.4288967200,2.4383476800,2.4288967200,2.4383476800,677400
2023-04-27 11:00:00,2.4383476800,2.4383476800,2.4288967200,2.4288967200,1447600
2023-04-27 11:15:00,2.4288967200,2.4383476800,2.4288967200,2.4288967200,931100
2023-04-27 11:30:00,2.4383476800,2.4383476800,2.4194457600,2.4194457600,4100400
2023-04-27 13:15:00,2.4288967200,2.4288967200,2.4194457600,2.4194457600,883600
2023-04-27 13:30:00,2.4194457600,2.4288967200,2.4099948000,2.4288967200,3355900
2023-04-27 13:45:00,2.4194457600,2.4288967200,2.4194457600,2.4288967200,847800
2023-04-27 14:00:00,2.4194457600,2.4383476800,2.4194457600,2.4383476800,2916891
2023-04-27 14:15:00,2.4288967200,2.4383476800,2.4194457600,2.4288967200,1830700
2023-04-27 14:30:00,2.4288967200,2.4288967200,2.4194457600,2.4194457600,1602600
2023-04-27 14:45:00,2.4194457600,2.4288967200,2.4194457600,2.4194457600,1199552
2023-04-27 15:00:00,2.4288967200,2.4288967200,2.4194457600,2.4288967200,2423657
2023-04-28 09:45:00,2.4288967200,2.4383476800,2.4194457600,2.4288967200,6288600
2023-04-28 10:00:00,2.4288967200,2.4383476800,2.4288967200,2.4383476800,1819700
2023-04-28 10:15:00,2.4288967200,2.4383476800,2.4288967200,2.4288967200,2538500
2023-04-28 10:30:00,2.4288967200,2.4477986400,2.4288967200,2.4477986400,3936149
2023-04-28 10:45:00,2.4477986400,2.4477986400,2.4288967200,2.4288967200,2312151
2023-04-28 11:00:00,2.4288967200,2.4383476800,2.4288967200,2.4383476800,1216100
2023-04-28 11:15:00,2.4288967200,2.4383476800,2.4288967200,2.4383476800,904500
2023-04-28 11:30:00,2.4288967200,2.4383476800,2.4288967200,2.4288967200,2145400
2023-04-28 13:15:00,2.4288967200,2.4477986400,2.4288967200,2.4288967200,1933100
2023-04-28 13:30:00,2.4383476800,2.4477986400,2.4288967200,2.4477986400,1164400
2023-04-28 13:45:00,2.4383476800,2.4477986400,2.4383476800,2.4383476800,1207000
2023-04-28 14:00:00,2.4383476800,2.4477986400,2.4383476800,2.4477986400,751700
2023-04-28 14:15:00,2.4477986400,2.4477986400,2.4383476800,2.4383476800,1780500
2023-04-28 14:30:00,2.4383476800,2.4572496000,2.4383476800,2.4572496000,3473510
2023-04-28 14:45:00,2.4477986400,2.4572496000,2.4477986400,2.4477986400,1216500
2023-04-28 15:00:00,2.4477986400,2.4667005600,2.4477986400,2.4572496000,7807366
2023-05-04 09:45:00,2.4383476800,2.4477986400,2.4194457600,2.4288967200,13228440
2023-05-04 10:00:00,2.4288967200,2.4383476800,2.4194457600,2.4383476800,7916010
2023-05-04 10:15:00,2.4288967200,2.4572496000,2.4288967200,2.4477986400,7122400
2023-05-04 10:30:00,2.4477986400,2.4572496000,2.4477986400,2.4477986400,2562000
2023-05-04 10:45:00,2.4477986400,2.4761515200,2.4477986400,2.4667005600,9195376
2023-05-04 11:00:00,2.4667005600,2.4667005600,2.4477986400,2.4667005600,3466300
2023-05-04 11:15:00,2.4572496000,2.4667005600,2.4477986400,2.4572496000,2667000
2023-05-04 11:30:00,2.4667005600,2.4667005600,2.4572496000,2.4572496000,1592300
2023-05-04 13:15:00,2.4667005600,2.4761515200,2.4572496000,2.4761515200,3992400
2023-05-04 13:30:00,2.4667005600,2.4761515200,2.4667005600,2.4667005600,2271700
2023-05-04 13:45:00,2.4761515200,2.4761515200,2.4667005600,2.4667005600,1570900
2023-05-04 14:00:00,2.4667005600,2.4761515200,2.4572496000,2.4667005600,2927900
2023-05-04 14:15:00,2.4572496000,2.4667005600,2.4572496000,2.4572496000,903100
2023-05-04 14:30:00,2.4572496000,2.4667005600,2.4572496000,2.4667005600,2090300
2023-05-04 14:45:00,2.4572496000,2.4761515200,2.4572496000,2.4667005600,3149852
2023-05-04 15:00:00,2.4667005600,2.4761515200,2.4667005600,2.4667005600,3675300
2023-05-05 09:45:00,2.4667005600,2.5045044000,2.4667005600,2.4856024800,17710978
2023-05-05 10:00:00,2.4856024800,2.4856024800,2.4477986400,2.4477986400,10258290
2023-05-05 10:15:00,2.4572496000,2.4572496000,2.4383476800,2.4572496000,6475700
2023-05-05 10:30:00,2.4572496000,2.4572496000,2.4383476800,2.4477986400,2526100
2023-05-05 10:45:00,2.4477986400,2.4477986400,2.4288967200,2.4383476800,5386200
2023-05-05 11:00:00,2.4383476800,2.4477986400,2.4288967200,2.4383476800,2534200
2023-05-05 11:15:00,2.4477986400,2.4572496000,2.4383476800,2.4383476800,2121700
2023-05-05 11:30:00,2.4477986400,2.4477986400,2.4383476800,2.4383476800,1252135
2023-05-05 13:15:00,2.4477986400,2.4572496000,2.4383476800,2.4572496000,1242200
2023-05-05 13:30:00,2.4477986400,2.4572496000,2.4383476800,2.4477986400,1644900
2023-05-05 13:45:00,2.4572496000,2.4572496000,2.4477986400,2.4477986400,421700
2023-05-05 14:00:00,2.4477986400,2.4572496000,2.4477986400,2.4477986400,966800
2023-05-05 14:15:00,2.4572496000,2.4572496000,2.4383476800,2.4477986400,2773657
2023-05-05 14:30:00,2.4477986400,2.4572496000,2.4383476800,2.4383476800,2907100
2023-05-05 14:45:00,2.4477986400,2.4477986400,2.4383476800,2.4383476800,1240200
2023-05-05 15:00:00,2.4477986400,2.4572496000,2.4383476800,2.4383476800,4435900
2023-05-08 09:45:00,2.4383476800,2.5139553600,2.4383476800,2.4950534400,31124557
2023-05-08 10:00:00,2.4950534400,2.5045044000,2.4856024800,2.4856024800,7248000
2023-05-08 10:15:00,2.4856024800,2.4950534400,2.4761515200,2.4856024800,8542500
2023-05-08 10:30:00,2.4856024800,2.5045044000,2.4856024800,2.4950534400,4803922
2023-05-08 10:45:00,2.4950534400,2.5328572800,2.4950534400,2.5139553600,19026562
2023-05-08 11:00:00,2.5139553600,2.5328572800,2.5045044000,2.5234063200,8161100
2023-05-08 11:15:00,2.5139553600,2.5234063200,2.5139553600,2.5234063200,3336401
2023-05-08 11:30:00,2.5234063200,2.5234063200,2.4950534400,2.4950534400,7922600
2023-05-08 13:15:00,2.5045044000,2.5234063200,2.4950534400,2.5139553600,3279788
2023-05-08 13:30:00,2.5234063200,2.5234063200,2.5045044000,2.5045044000,1977912
2023-05-08 13:45:00,2.5045044000,2.5139553600,2.5045044000,2.5139553600,2099900
2023-05-08 14:00:00,2.5139553600,2.5139553600,2.5045044000,2.5045044000,1431001
2023-05-08 14:15:00,2.5045044000,2.5139553600,2.5045044000,2.5045044000,2942300
2023-05-08 14:30:00,2.5045044000,2.5234063200,2.5045044000,2.5139553600,7646998
2023-05-08 14:45:00,2.5234063200,2.5234063200,2.5045044000,2.5234063200,5528510
2023-05-08 15:00:00,2.5139553600,2.5328572800,2.5139553600,2.5328572800,15090900
2023-05-09 09:45:00,2.5423082400,2.6179159200,2.5328572800,2.6179159200,54482939
2023-05-09 10:00:00,2.6179159200,2.6273668800,2.5517592000,2.5801120800,26529810
2023-05-09 10:15:00,2.5706611200,2.5990140000,2.5706611200,2.5895630400,18229552
2023-05-09 10:30:00,2.5990140000,2.6084649600,2.5801120800,2.5990140000,14790500
2023-05-09 10:45:00,2.5990140000,2.6084649600,2.5801120800,2.5895630400,9415000
2023-05-09 11:00:00,2.5895630400,2.6273668800,2.5801120800,2.6179159200,13220383
2023-05-09 11:15:00,2.6179159200,2.6273668800,2.6084649600,2.6084649600,6164300
2023-05-09 11:30:00,2.6084649600,2.6179159200,2.5990140000,2.6084649600,6902400
2023-05-09 13:15:00,2.6084649600,2.6179159200,2.5990140000,2.6179159200,7631700
2023-05-09 13:30:00,2.6179159200,2.6273668800,2.6084649600,2.6179159200,10310500
2023-05-09 13:45:00,2.6084649600,2.6179159200,2.5990140000,2.6084649600,5865700
2023-05-09 14:00:00,2.5990140000,2.5990140000,2.5706611200,2.5706611200,11834800
2023-05-09 14:15:00,2.5706611200,2.5801120800,2.5612101600,2.5612101600,8251602
2023-05-09 14:30:00,2.5706611200,2.5706611200,2.5612101600,2.5706611200,4020700
2023-05-09 14:45:00,2.5706611200,2.5801120800,2.5612101600,2.5612101600,7797192
2023-05-09 15:00:00,2.5706611200,2.5706611200,2.5517592000,2.5612101600,13257773
2023-05-10 09:45:00,2.5423082400,2.5612101600,2.4950534400,2.5517592000,31196765
2023-05-10 10:00:00,2.5517592000,2.5517592000,2.5234063200,2.5234063200,8852579
2023-05-10 10:15:00,2.5328572800,2.5328572800,2.5139553600,2.5234063200,7266531
2023-05-10 10:30:00,2.5234063200,2.5234063200,2.5139553600,2.5234063200,3692300
2023-05-10 10:45:00,2.5234063200,2.5328572800,2.5139553600,2.5328572800,3339600
2023-05-10 11:00:00,2.5234063200,2.5328572800,2.5139553600,2.5234063200,6880500
2023-05-10 11:15:00,2.5234063200,2.5234063200,2.5045044000,2.5139553600,3852022
2023-05-10 11:30:00,2.5045044000,2.5234063200,2.5045044000,2.5045044000,5280835
2023-05-10 13:15:00,2.5045044000,2.5139553600,2.4950534400,2.5139553600,7388965
2023-05-10 13:30:00,2.5139553600,2.5139553600,2.5045044000,2.5045044000,3508038
2023-05-10 13:45:00,2.5045044000,2.5139553600,2.4950534400,2.5045044000,5820864
2023-05-10 14:00:00,2.4950534400,2.5139553600,2.4950534400,2.5045044000,2296100
2023-05-10 14:15:00,2.5045044000,2.5139553600,2.4950534400,2.5045044000,3961600
2023-05-10 14:30:00,2.5045044000,2.5139553600,2.4950534400,2.4950534400,2621000
2023-05-10 14:45:00,2.5045044000,2.5045044000,2.4950534400,2.5045044000,2064200
2023-05-10 15:00:00,2.4950534400,2.5045044000,2.4856024800,2.5045044000,6994700
2023-05-11 09:45:00,2.4950534400,2.5139553600,2.4856024800,2.4856024800,13109500
2023-05-11 10:00:00,2.4856024800,2.5139553600,2.4856024800,2.5045044000,7555700
2023-05-11 10:15:00,2.5139553600,2.5139553600,2.4856024800,2.4856024800,5844600
2023-05-11 10:30:00,2.4856024800,2.4950534400,2.4761515200,2.4856024800,5365700
2023-05-11 10:45:00,2.4856024800,2.4950534400,2.4761515200,2.4856024800,2900200
2023-05-11 11:00:00,2.4856024800,2.4950534400,2.4856024800,2.4950534400,1457800
2023-05-11 11:15:00,2.4950534400,2.5045044000,2.4856024800,2.4856024800,2763800
2023-05-11 11:30:00,2.4950534400,2.4950534400,2.4856024800,2.4950534400,1814401
2023-05-11 13:15:00,2.4950534400,2.4950534400,2.4856024800,2.4856024800,1297261
2023-05-11 13:30:00,2.4856024800,2.4950534400,2.4856024800,2.4950534400,1357300
2023-05-11 13:45:00,2.4950534400,2.4950534400,2.4856024800,2.4856024800,1818400
2023-05-11 14:00:00,2.4950534400,2.5045044000,2.4856024800,2.4950534400,1604540
2023-05-11 14:15:00,2.4950534400,2.5045044000,2.4950534400,2.4950534400,1044500
2023-05-11 14:30:00,2.4950534400,2.5045044000,2.4856024800,2.4950534400,3215900
2023-05-11 14:45:00,2.5045044000,2.5045044000,2.4856024800,2.4856024800,2218300
2023-05-11 15:00:00,2.4856024800,2.4950534400,2.4856024800,2.4950534400,4392300
2023-05-12 09:45:00,2.4950534400,2.5045044000,2.4761515200,2.4950534400,7220200
2023-05-12 10:00:00,2.4856024800,2.5139553600,2.4856024800,2.4950534400,8788226
2023-05-12 10:15:00,2.4950534400,2.5045044000,2.4856024800,2.4856024800,5642235
2023-05-12 10:30:00,2.4856024800,2.4950534400,2.4761515200,2.4761515200,3900300
2023-05-12 10:45:00,2.4856024800,2.4856024800,2.4667005600,2.4667005600,6091548
2023-05-12 11:00:00,2.4761515200,2.4856024800,2.4667005600,2.4761515200,3267844
2023-05-12 11:15:00,2.4856024800,2.4856024800,2.4761515200,2.4856024800,471300
2023-05-12 11:30:00,2.4856024800,2.4856024800,2.4761515200,2.4856024800,734400
2023-05-12 13:15:00,2.4856024800,2.4856024800,2.4667005600,2.4761515200,2946400
2023-05-12 13:30:00,2.4667005600,2.4761515200,2.4572496000,2.4667005600,5436100
2023-05-12 13:45:00,2.4572496000,2.4667005600,2.4477986400,2.4572496000,8203800
2023-05-12 14:00:00,2.4477986400,2.4572496000,2.4383476800,2.4477986400,7820600
2023-05-12 14:15:00,2.4572496000,2.4667005600,2.4477986400,2.4572496000,3240139
2023-05-12 14:30:00,2.4477986400,2.4572496000,2.4477986400,2.4477986400,1659500
2023-05-12 14:45:00,2.4572496000,2.4572496000,2.4383476800,2.4477986400,6696900
2023-05-12 15:00:00,2.4383476800,2.4477986400,2.4383476800,2.4383476800,6743093
2023-05-15 09:45:00,2.4383476800,2.4477986400,2.4099948000,2.4194457600,10624100
2023-05-15 10:00:00,2.4194457600,2.4288967200,2.4099948000,2.4288967200,8755200
2023-05-15 10:15:00,2.4288967200,2.4288967200,2.4099948000,2.4194457600,4164100
2023-05-15 10:30:00,2.4194457600,2.4194457600,2.4005438400,2.4099948000,5209600
2023-05-15 10:45:00,2.4099948000,2.4194457600,2.4005438400,2.4194457600,2717500
2023-05-15 11:00:00,2.4099948000,2.4194457600,2.4005438400,2.4005438400,3410500
2023-05-15 11:15:00,2.4005438400,2.4099948000,2.3910928800,2.3910928800,4506600
2023-05-15 11:30:00,2.3910928800,2.4005438400,2.3910928800,2.4005438400,1576000
2023-05-15 13:15:00,2.3910928800,2.4194457600,2.3910928800,2.4099948000,3437500
2023-05-15 13:30:00,2.4099948000,2.4288967200,2.4099948000,2.4288967200,2679400
2023-05-15 13:45:00,2.4288967200,2.4383476800,2.4194457600,2.4383476800,1985077
2023-05-15 14:00:00,2.4288967200,2.4477986400,2.4288967200,2.4477986400,3545200
2023-05-15 14:15:00,2.4477986400,2.4572496000,2.4383476800,2.4572496000,2954700
2023-05-15 14:30:00,2.4572496000,2.4667005600,2.4477986400,2.4667005600,5751802
2023-05-15 14:45:00,2.4667005600,2.4667005600,2.4572496000,2.4667005600,2229400
2023-05-15 15:00:00,2.4572496000,2.4667005600,2.4477986400,2.4667005600,5813829
2023-05-16 09:45:00,2.4667005600,2.4667005600,2.4477986400,2.4572496000,6587600
2023-05-16 10:00:00,2.4572496000,2.4572496000,2.4383476800,2.4383476800,5411500
2023-05-16 10:15:00,2.4383476800,2.4477986400,2.4288967200,2.4383476800,4890100
2023-05-16 10:30:00,2.4383476800,2.4477986400,2.4288967200,2.4383476800,2776400
2023-05-16 10:45:00,2.4383476800,2.4572496000,2.4383476800,2.4477986400,4649100
2023-05-16 11:00:00,2.4477986400,2.4477986400,2.4383476800,2.4477986400,967608
2023-05-16 11:15:00,2.4383476800,2.4477986400,2.4383476800,2.4477986400,1576500
2023-05-16 11:30:00,2.4477986400,2.4477986400,2.4288967200,2.4383476800,1257000
2023-05-16 13:15:00,2.4383476800,2.4477986400,2.4288967200,2.4383476800,1663400
2023-05-16 13:30:00,2.4383476800,2.4383476800,2.4288967200,2.4288967200,800995
2023-05-16 13:45:00,2.4288967200,2.4383476800,2.4288967200,2.4288967200,658100
2023-05-16 14:00:00,2.4288967200,2.4383476800,2.4194457600,2.4288967200,3003505
2023-05-16 14:15:00,2.4194457600,2.4288967200,2.4194457600,2.4288967200,596410
2023-05-16 14:30:00,2.4194457600,2.4383476800,2.4194457600,2.4194457600,2549700
2023-05-16 14:45:00,2.4288967200,2.4288967200,2.4194457600,2.4194457600,1200500
2023-05-16 15:00:00,2.4194457600,2.4288967200,2.4194457600,2.4194457600,3086400
2023-05-17 09:45:00,2.4099948000,2.4194457600,2.3910928800,2.3910928800,9782900
2023-05-17 10:00:00,2.4005438400,2.4099948000,2.3910928800,2.4099948000,2987001
2023-05-17 10:15:00,2.4099948000,2.4194457600,2.4005438400,2.4194457600,3762900
2023-05-17 10:30:00,2.4194457600,2.4194457600,2.4099948000,2.4194457600,2291700
2023-05-17 10:45:00,2.4194457600,2.4288967200,2.4194457600,2.4288967200,1479629
2023-05-17 11:00:00,2.4194457600,2.4288967200,2.4194457600,2.4194457600,1230900
2023-05-17 11:15:00,2.4288967200,2.4288967200,2.4099948000,2.4099948000,1648500
2023-05-17 11:30:00,2.4194457600,2.4194457600,2.4099948000,2.4099948000,352800
2023-05-17 13:15:00,2.4194457600,2.4194457600,2.4099948000,2.4099948000,883500
2023-05-17 13:30:00,2.4194457600,2.4194457600,2.4005438400,2.4099948000,2729600
2023-05-17 13:45:00,2.4099948000,2.4099948000,2.4005438400,2.4005438400,699600
2023-05-17 14:00:00,2.4005438400,2.4099948000,2.4005438400,2.4005438400,544000
2023-05-17 14:15:00,2.4005438400,2.4194457600,2.4005438400,2.4099948000,2579383
2023-05-17 14:30:00,2.4099948000,2.4194457600,2.4099948000,2.4194457600,1246200
2023-05-17 14:45:00,2.4099948000,2.4194457600,2.4099948000,2.4194457600,2769337
2023-05-17 15:00:00,2.4099948000,2.4194457600,2.4099948000,2.4099948000,2823197
2023-05-18 09:45:00,2.4194457600,2.4288967200,2.4099948000,2.4288967200,5222600
2023-05-18 10:00:00,2.4194457600,2.4288967200,2.4194457600,2.4194457600,2061600
2023-05-18 10:15:00,2.4194457600,2.4383476800,2.4194457600,2.4288967200,5003900
2023-05-18 10:30:00,2.4194457600,2.4288967200,2.4194457600,2.4194457600,1285600
2023-05-18 10:45:00,2.4194457600,2.4288967200,2.4194457600,2.4288967200,886300
2023-05-18 11:00:00,2.4288967200,2.4288967200,2.4194457600,2.4288967200,835400
2023-05-18 11:15:00,2.4194457600,2.4288967200,2.4194457600,2.4194457600,2183800
2023-05-18 11:30:00,2.4194457600,2.4288967200,2.4194457600,2.4194457600,1118700
2023-05-18 13:15:00,2.4194457600,2.4383476800,2.4194457600,2.4288967200,3745200
2023-05-18 13:30:00,2.4288967200,2.4288967200,2.4194457600,2.4288967200,552110
2023-05-18 13:45:00,2.4194457600,2.4288967200,2.4099948000,2.4099948000,3450790
2023-05-18 14:00:00,2.4099948000,2.4194457600,2.4005438400,2.4099948000,3221700
2023-05-18 14:15:00,2.4005438400,2.4194457600,2.4005438400,2.4099948000,2248100
2023-05-18 14:30:00,2.4194457600,2.4194457600,2.4099948000,2.4099948000,1297200
2023-05-18 14:45:00,2.4099948000,2.4194457600,2.4099948000,2.4099948000,1060900
2023-05-18 15:00:00,2.4194457600,2.4194457600,2.4099948000,2.4099948000,2094713
2023-05-19 09:45:00,2.4194457600,2.4194457600,2.3816419200,2.3816419200,10060100
2023-05-19 10:00:00,2.3910928800,2.3910928800,2.3816419200,2.3816419200,3328700
2023-05-19 10:15:00,2.3816419200,2.3910928800,2.3816419200,2.3910928800,2346800
2023-05-19 10:30:00,2.3910928800,2.4005438400,2.3816419200,2.3910928800,4014800
2023-05-19 10:45:00,2.3910928800,2.4005438400,2.3816419200,2.3910928800,1639600
2023-05-19 11:00:00,2.3910928800,2.4005438400,2.3816419200,2.4005438400,1644800
2023-05-19 11:15:00,2.3910928800,2.4005438400,2.3910928800,2.4005438400,546500
2023-05-19 11:30:00,2.3910928800,2.4005438400,2.3910928800,2.3910928800,635500
2023-05-19 13:15:00,2.4005438400,2.4005438400,2.3816419200,2.3910928800,4103000
2023-05-19 13:30:00,2.3816419200,2.4005438400,2.3816419200,2.3816419200,1270300
2023-05-19 13:45:00,2.3816419200,2.4005438400,2.3816419200,2.3910928800,1320700
2023-05-19 14:00:00,2.3910928800,2.3910928800,2.3816419200,2.3816419200,641300
2023-05-19 14:15:00,2.3816419200,2.3910928800,2.3816419200,2.3816419200,773601
2023-05-19 14:30:00,2.3816419200,2.3910928800,2.3816419200,2.3816419200,3039500
2023-05-19 14:45:00,2.3816419200,2.3910928800,2.3816419200,2.3816419200,2987900
2023-05-19 15:00:00,2.3816419200,2.3910928800,2.3816419200,2.3816419200,5876376
2023-05-22 09:45:00,2.3910928800,2.3910928800,2.3721909600,2.3721909600,5045800
2023-05-22 10:00:00,2.3721909600,2.3910928800,2.3721909600,2.3910928800,2642900
2023-05-22 10:15:00,2.3910928800,2.3910928800,2.3721909600,2.3721909600,3357259
2023-05-22 10:30:00,2.3816419200,2.3910928800,2.3721909600,2.3910928800,2845400
2023-05-22 10:45:00,2.3910928800,2.3910928800,2.3816419200,2.3816419200,1287400
2023-05-22 11:00:00,2.3910928800,2.3910928800,2.3816419200,2.3910928800,1167300
2023-05-22 11:15:00,2.3910928800,2.3910928800,2.3816419200,2.3910928800,534500
2023-05-22 11:30:00,2.3816419200,2.3910928800,2.3721909600,2.3816419200,2745700
2023-05-22 13:15:00,2.3816419200,2.3816419200,2.3721909600,2.3816419200,814300
2023-05-22 13:30:00,2.3721909600,2.3816419200,2.3721909600,2.3816419200,717100
2023-05-22 13:45:00,2.3816419200,2.3816419200,2.3721909600,2.3721909600,961900
2023-05-22 14:00:00,2.3721909600,2.3816419200,2.3721909600,2.3816419200,1372200
2023-05-22 14:15:00,2.3816419200,2.3816419200,2.3721909600,2.3721909600,1801000
2023-05-22 14:30:00,2.3816419200,2.3910928800,2.3721909600,2.3816419200,2695700
2023-05-22 14:45:00,2.3816419200,2.3910928800,2.3721909600,2.3816419200,2079100
2023-05-22 15:00:00,2.3816419200,2.3910928800,2.3721909600,2.3816419200,2094700
2023-05-23 09:45:00,2.3816419200,2.3816419200,2.3627400000,2.3627400000,4565000
2023-05-23 10:00:00,2.3627400000,2.3816419200,2.3627400000,2.3816419200,3233600
2023-05-23 10:15:00,2.3816419200,2.3816419200,2.3721909600,2.3721909600,1299300
2023-05-23 10:30:00,2.3721909600,2.3816419200,2.3627400000,2.3627400000,2020481
2023-05-23 10:45:00,2.3627400000,2.3721909600,2.3627400000,2.3721909600,1728700
2023-05-23 11:00:00,2.3627400000,2.3721909600,2.3627400000,2.3627400000,938600
2023-05-23 11:15:00,2.3627400000,2.3721909600,2.3627400000,2.3627400000,979300
2023-05-23 11:30:00,2.3627400000,2.3721909600,2.3627400000,2.3721909600,1020300
2023-05-23 13:15:00,2.3721909600,2.3721909600,2.3627400000,2.3627400000,1356400
2023-05-23 13:30:00,2.3627400000,2.3721909600,2.3627400000,2.3721909600,1065600
2023-05-23 13:45:00,2.3627400000,2.3721909600,2.3627400000,2.3627400000,1943900
2023-05-23 14:00:00,2.3721909600,2.3721909600,2.3627400000,2.3721909600,713708
2023-05-23 14:15:00,2.3721909600,2.3721909600,2.3627400000,2.3721909600,935800
2023-05-23 14:30:00,2.3627400000,2.3721909600,2.3532890400,2.3532890400,4454211
2023-05-23 14:45:00,2.3532890400,2.3627400000,2.3532890400,2.3532890400,4126800
2023-05-23 15:00:00,2.3627400000,2.3627400000,2.3438380800,2.3532890400,4474200
2023-05-24 09:45:00,2.3532890400,2.3532890400,2.3343871200,2.3438380800,3763453
2023-05-24 10:00:00,2.3343871200,2.3438380800,2.3343871200,2.3343871200,2127700
2023-05-24 10:15:00,2.3438380800,2.3438380800,2.3249361600,2.3343871200,6865900
2023-05-24 10:30:00,2.3343871200,2.3438380800,2.3249361600,2.3343871200,1952000
2023-05-24 10:45:00,2.3343871200,2.3438380800,2.3249361600,2.3438380800,2386700
2023-05-24 11:00:00,2.3343871200,2.3532890400,2.3343871200,2.3532890400,4152100
2023-05-24 11:15:00,2.3532890400,2.3627400000,2.3438380800,2.3627400000,1653601
2023-05-24 11:30:00,2.3532890400,2.3627400000,2.3532890400,2.3627400000,942500
2023-05-24 13:15:00,2.3627400000,2.3627400000,2.3532890400,2.3627400000,818600
2023-05-24 13:30:00,2.3627400000,2.3627400000,2.3532890400,2.3627400000,1243400
2023-05-24 13:45:00,2.3627400000,2.3627400000,2.3532890400,2.3627400000,1748800
2023-05-24 14:00:00,2.3532890400,2.3627400000,2.3532890400,2.3627400000,806300
2023-05-24 14:15:00,2.3627400000,2.3627400000,2.3438380800,2.3627400000,2182400
2023-05-24 14:30:00,2.3532890400,2.3627400000,2.3438380800,2.3532890400,1062400
2023-05-24 14:45:00,2.3532890400,2.3627400000,2.3438380800,2.3532890400,1276600
2023-05-24 15:00:00,2.3532890400,2.3627400000,2.3438380800,2.3532890400,3047200
2023-05-25 09:45:00,2.3343871200,2.3627400000,2.3343871200,2.3532890400,4490600
2023-05-25 10:00:00,2.3438380800,2.3532890400,2.3438380800,2.3532890400,1903600
2023-05-25 10:15:00,2.3438380800,2.3532890400,2.3438380800,2.3438380800,1330100
2023-05-25 10:30:00,2.3532890400,2.3532890400,2.3438380800,2.3532890400,693400
2023-05-25 10:45:00,2.3532890400,2.3532890400,2.3438380800,2.3532890400,1300700
2023-05-25 11:00:00,2.3532890400,2.3532890400,2.3343871200,2.3438380800,3838100
2023-05-25 11:15:00,2.3532890400,2.3532890400,2.3343871200,2.3532890400,1343700
2023-05-25 11:30:00,2.3438380800,2.3532890400,2.3343871200,2.3532890400,1369500
2023-05-25 13:15:00,2.3438380800,2.3532890400,2.3343871200,2.3532890400,2033900
2023-05-25 13:30:00,2.3532890400,2.3532890400,2.3438380800,2.3438380800,924600
2023-05-25 13:45:00,2.3532890400,2.3532890400,2.3343871200,2.3438380800,1552600
2023-05-25 14:00:00,2.3438380800,2.3532890400,2.3343871200,2.3532890400,1948699
2023-05-25 14:15:00,2.3532890400,2.3532890400,2.3343871200,2.3438380800,2397800
2023-05-25 14:30:00,2.3438380800,2.3532890400,2.3438380800,2.3532890400,841500
2023-05-25 14:45:00,2.3438380800,2.3627400000,2.3438380800,2.3627400000,3310102
2023-05-25 15:00:00,2.3627400000,2.3627400000,2.3532890400,2.3627400000,2302700
2023-05-26 09:45:00,2.3627400000,2.3627400000,2.3532890400,2.3532890400,1961400
2023-05-26 10:00:00,2.3627400000,2.3627400000,2.3438380800,2.3438380800,1987900
2023-05-26 10:15:00,2.3532890400,2.3627400000,2.3438380800,2.3627400000,1445800
2023-05-26 10:30:00,2.3532890400,2.3627400000,2.3438380800,2.3532890400,2352500
2023-05-26 10:45:00,2.3438380800,2.3532890400,2.3438380800,2.3532890400,972700
2023-05-26 11:00:00,2.3438380800,2.3627400000,2.3438380800,2.3627400000,1082300
2023-05-26 11:15:00,2.3438380800,2.3627400000,2.3438380800,2.3532890400,898200
2023-05-26 11:30:00,2.3532890400,2.3627400000,2.3438380800,2.3627400000,850100
2023-05-26 13:15:00,2.3627400000,2.3721909600,2.3532890400,2.3627400000,3152211
2023-05-26 13:30:00,2.3627400000,2.3721909600,2.3532890400,2.3721909600,4843689
2023-05-26 13:45:00,2.3721909600,2.3721909600,2.3627400000,2.3721909600,1152900
2023-05-26 14:00:00,2.3627400000,2.3721909600,2.3627400000,2.3721909600,1257600
2023-05-26 14:15:00,2.3721909600,2.3721909600,2.3627400000,2.3721909600,1166600
2023-05-26 14:30:00,2.3721909600,2.3816419200,2.3627400000,2.3816419200,2248600
2023-05-26 14:45:00,2.3816419200,2.3816419200,2.3721909600,2.3816419200,1934900
2023-05-26 15:00:00,2.3721909600,2.3816419200,2.3721909600,2.3816419200,2016500
2023-05-29 09:45:00,2.3816419200,2.3910928800,2.3721909600,2.3816419200,5157621
2023-05-29 10:00:00,2.3721909600,2.3910928800,2.3721909600,2.3816419200,2517200
2023-05-29 10:15:00,2.3910928800,2.3910928800,2.3816419200,2.3816419200,1125001
2023-05-29 10:30:00,2.3910928800,2.3910928800,2.3816419200,2.3816419200,2843800
2023-05-29 10:45:00,2.3816419200,2.3910928800,2.3721909600,2.3816419200,2989700
2023-05-29 11:00:00,2.3816419200,2.3910928800,2.3721909600,2.3816419200,972100
2023-05-29 11:15:00,2.3721909600,2.3816419200,2.3721909600,2.3816419200,626800
2023-05-29 11:30:00,2.3721909600,2.3816419200,2.3721909600,2.3816419200,794160
2023-05-29 13:15:00,2.3816419200,2.3910928800,2.3721909600,2.3910928800,3206500
2023-05-29 13:30:00,2.3910928800,2.3910928800,2.3816419200,2.3910928800,2325575
2023-05-29 13:45:00,2.3910928800,2.3910928800,2.3816419200,2.3816419200,1815900
2023-05-29 14:00:00,2.3816419200,2.3910928800,2.3816419200,2.3910928800,2052100
2023-05-29 14:15:00,2.3910928800,2.4005438400,2.3816419200,2.3910928800,3538000
2023-05-29 14:30:00,2.3910928800,2.4005438400,2.3816419200,2.4005438400,2052700
2023-05-29 14:45:00,2.4005438400,2.4005438400,2.3910928800,2.3910928800,1856909
2023-05-29 15:00:00,2.4005438400,2.4005438400,2.3910928800,2.4005438400,2296700
2023-05-30 09:45:00,2.3910928800,2.4005438400,2.3721909600,2.3721909600,5671900
2023-05-30 10:00:00,2.3816419200,2.3910928800,2.3721909600,2.3816419200,3416503
2023-05-30 10:15:00,2.3910928800,2.3910928800,2.3816419200,2.3816419200,1116500
2023-05-30 10:30:00,2.3910928800,2.3910928800,2.3721909600,2.3816419200,2063100
2023-05-30 10:45:00,2.3816419200,2.3816419200,2.3721909600,2.3721909600,625200
2023-05-30 11:00:00,2.3721909600,2.3816419200,2.3721909600,2.3816419200,925200
2023-05-30 11:15:00,2.3816419200,2.3816419200,2.3721909600,2.3816419200,904500
2023-05-30 11:30:00,2.3721909600,2.3816419200,2.3721909600,2.3816419200,1075900
2023-05-30 13:15:00,2.3721909600,2.3816419200,2.3532890400,2.3627400000,5668200
2023-05-30 13:30:00,2.3627400000,2.3627400000,2.3532890400,2.3627400000,1238700
2023-05-30 13:45:00,2.3532890400,2.3721909600,2.3532890400,2.3721909600,2328545
2023-05-30 14:00:00,2.3721909600,2.3721909600,2.3627400000,2.3721909600,1262519
2023-05-30 14:15:00,2.3721909600,2.3816419200,2.3627400000,2.3816419200,925300
2023-05-30 14:30:00,2.3816419200,2.3910928800,2.3721909600,2.3910928800,2634557
2023-05-30 14:45:00,2.3910928800,2.3910928800,2.3816419200,2.3910928800,1406200
2023-05-30 15:00:00,2.3816419200,2.3910928800,2.3721909600,2.3816419200,1735600
2023-05-31 09:45:00,2.3816419200,2.3816419200,2.3627400000,2.3721909600,3268600
2023-05-31 10:00:00,2.3721909600,2.3816419200,2.3627400000,2.3816419200,2288191
2023-05-31 10:15:00,2.3816419200,2.3816419200,2.3627400000,2.3721909600,2111300
2023-05-31 10:30:00,2.3721909600,2.3721909600,2.3627400000,2.3721909600,1640500
2023-05-31 10:45:00,2.3627400000,2.3721909600,2.3627400000,2.3721909600,1700500
2023-05-31 11:00:00,2.3721909600,2.3816419200,2.3627400000,2.3721909600,2283100
2023-05-31 11:15:00,2.3721909600,2.3816419200,2.3721909600,2.3816419200,774123
2023-05-31 11:30:00,2.3816419200,2.3816419200,2.3627400000,2.3721909600,1155854
2023-05-31 13:15:00,2.3721909600,2.3721909600,2.3627400000,2.3627400000,1321900
2023-05-31 13:30:00,2.3721909600,2.3816419200,2.3627400000,2.3816419200,776700
2023-05-31 13:45:00,2.3721909600,2.3816419200,2.3627400000,2.3721909600,783900
2023-05-31 14:00:00,2.3627400000,2.3721909600,2.3627400000,2.3721909600,1004100
2023-05-31 14:15:00,2.3627400000,2.3721909600,2.3627400000,2.3721909600,1236599
2023-05-31 14:30:00,2.3721909600,2.3721909600,2.3627400000,2.3721909600,800200
2023-05-31 14:45:00,2.3721909600,2.3721909600,2.3627400000,2.3721909600,1960740
2023-05-31 15:00:00,2.3627400000,2.3721909600,2.3532890400,2.3627400000,4489225
2023-06-01 09:45:00,2.3627400000,2.3627400000,2.3438380800,2.3532890400,4419400
2023-06-01 10:00:00,2.3438380800,2.3721909600,2.3438380800,2.3627400000,3010588
2023-06-01 10:15:00,2.3627400000,2.3721909600,2.3532890400,2.3627400000,2281700
2023-06-01 10:30:00,2.3627400000,2.3721909600,2.3627400000,2.3627400000,1006000
2023-06-01 10:45:00,2.3721909600,2.3816419200,2.3627400000,2.3721909600,2153301
2023-06-01 11:00:00,2.3816419200,2.3816419200,2.3721909600,2.3816419200,912100
2023-06-01 11:15:00,2.3721909600,2.3816419200,2.3721909600,2.3721909600,899700
2023-06-01 11:30:00,2.3721909600,2.3816419200,2.3721909600,2.3816419200,577700
2023-06-01 13:15:00,2.3816419200,2.3816419200,2.3721909600,2.3816419200,1097001
2023-06-01 13:30:00,2.3721909600,2.3816419200,2.3721909600,2.3721909600,3245400
2023-06-01 13:45:00,2.3721909600,2.3816419200,2.3627400000,2.3721909600,1213400
2023-06-01 14:00:00,2.3721909600,2.3816419200,2.3627400000,2.3721909600,839700
2023-06-01 14:15:00,2.3721909600,2.3816419200,2.3721909600,2.3721909600,737600
2023-06-01 14:30:00,2.3816419200,2.3816419200,2.3627400000,2.3816419200,1499600
2023-06-01 14:45:00,2.3816419200,2.3816419200,2.3627400000,2.3721909600,1146900
2023-06-01 15:00:00,2.3721909600,2.3816419200,2.3627400000,2.3721909600,1000800
2023-06-02 09:45:00,2.3721909600,2.3816419200,2.3627400000,2.3816419200,1924601
2023-06-02 10:00:00,2.3721909600,2.3816419200,2.3721909600,2.3816419200,1326300
2023-06-02 10:15:00,2.3721909600,2.3816419200,2.3721909600,2.3721909600,1211400
2023-06-02 10:30:00,2.3816419200,2.3910928800,2.3721909600,2.3816419200,2399600
2023-06-02 10:45:00,2.3816419200,2.3816419200,2.3721909600,2.3816419200,887400
2023-06-02 11:00:00,2.3721909600,2.3910928800,2.3721909600,2.3910928800,1891600
2023-06-02 11:15:00,2.3910928800,2.3910928800,2.3816419200,2.3910928800,2611700
2023-06-02 11:30:00,2.3910928800,2.3910928800,2.3816419200,2.3910928800,1184400
2023-06-02 13:15:00,2.3910928800,2.3910928800,2.3816419200,2.3910928800,1322800
2023-06-02 13:30:00,2.3910928800,2.3910928800,2.3816419200,2.3910928800,915300
2023-06-02 13:45:00,2.3910928800,2.3910928800,2.3816419200,2.3816419200,818400
2023-06-02 14:00:00,2.3910928800,2.3910928800,2.3816419200,2.3910928800,1004000
2023-06-02 14:15:00,2.3910928800,2.4005438400,2.3816419200,2.4005438400,4574700
2023-06-02 14:30:00,2.4005438400,2.4005438400,2.3910928800,2.4005438400,1413200
2023-06-02 14:45:00,2.3910928800,2.4005438400,2.3910928800,2.4005438400,2080000
2023-06-02 15:00:00,2.3910928800,2.4005438400,2.3816419200,2.3910928800,3261900
2023-06-05 09:45:00,2.3910928800,2.4099948000,2.3910928800,2.3910928800,4103966
2023-06-05 10:00:00,2.3910928800,2.4005438400,2.3910928800,2.4005438400,996300
2023-06-05 10:15:00,2.3910928800,2.4005438400,2.3910928800,2.3910928800,912300
2023-06-05 10:30:00,2.3910928800,2.4005438400,2.3910928800,2.4005438400,1201600
2023-06-05 10:45:00,2.3910928800,2.4005438400,2.3910928800,2.3910928800,707200
2023-06-05 11:00:00,2.3910928800,2.4005438400,2.3910928800,2.4005438400,653900
2023-06-05 11:15:00,2.4005438400,2.4005438400,2.3910928800,2.3910928800,790300
2023-06-05 11:30:00,2.3910928800,2.4005438400,2.3910928800,2.4005438400,820900
2023-06-05 13:15:00,2.3910928800,2.4005438400,2.3910928800,2.4005438400,519500
2023-06-05 13:30:00,2.3910928800,2.4005438400,2.3910928800,2.4005438400,1087600
2023-06-05 13:45:00,2.4005438400,2.4005438400,2.3910928800,2.4005438400,694700
2023-06-05 14:00:00,2.3910928800,2.4005438400,2.3910928800,2.3910928800,595200
2023-06-05 14:15:00,2.3910928800,2.4005438400,2.3910928800,2.4005438400,610200
2023-06-05 14:30:00,2.4005438400,2.4005438400,2.3910928800,2.4005438400,928600
2023-06-05 14:45:00,2.4005438400,2.4005438400,2.3910928800,2.4005438400,1514306
2023-06-05 15:00:00,2.4005438400,2.4005438400,2.3910928800,2.3910928800,2003664
2023-06-06 09:45:00,2.3910928800,2.4005438400,2.3721909600,2.3721909600,7497400
2023-06-06 10:00:00,2.3721909600,2.3816419200,2.3627400000,2.3627400000,3079281
2023-06-06 10:15:00,2.3627400000,2.3816419200,2.3627400000,2.3721909600,3466901
2023-06-06 10:30:00,2.3816419200,2.3816419200,2.3721909600,2.3816419200,1625610
2023-06-06 10:45:00,2.3721909600,2.3816419200,2.3627400000,2.3627400000,1788640
2023-06-06 11:00:00,2.3627400000,2.3721909600,2.3627400000,2.3627400000,866400
2023-06-06 11:15:00,2.3721909600,2.3816419200,2.3627400000,2.3721909600,1478001
2023-06-06 11:30:00,2.3721909600,2.3816419200,2.3627400000,2.3721909600,834600
2023-06-06 13:15:00,2.3721909600,2.3721909600,2.3627400000,2.3721909600,501800
2023-06-06 13:30:00,2.3627400000,2.3721909600,2.3627400000,2.3627400000,448200
2023-06-06 13:45:00,2.3721909600,2.3721909600,2.3627400000,2.3721909600,699500
2023-06-06 14:00:00,2.3721909600,2.3721909600,2.3627400000,2.3721909600,803000
2023-06-06 14:15:00,2.3721909600,2.3721909600,2.3627400000,2.3627400000,3823500
2023-06-06 14:30:00,2.3627400000,2.3627400000,2.3532890400,2.3627400000,1459600
2023-06-06 14:45:00,2.3627400000,2.3627400000,2.3532890400,2.3532890400,3541004
2023-06-06 15:00:00,2.3627400000,2.3627400000,2.3438380800,2.3438380800,1992000
2023-06-07 09:45:00,2.3627400000,2.3627400000,2.3438380800,2.3627400000,3013600
2023-06-07 10:00:00,2.3627400000,2.3627400000,2.3438380800,2.3532890400,1665310
2023-06-07 10:15:00,2.3532890400,2.3532890400,2.3438380800,2.3438380800,1249200
2023-06-07 10:30:00,2.3532890400,2.3627400000,2.3438380800,2.3627400000,3992300
2023-06-07 10:45:00,2.3627400000,2.3627400000,2.3532890400,2.3627400000,792100
2023-06-07 11:00:00,2.3627400000,2.3627400000,2.3532890400,2.3532890400,363500
2023-06-07 11:15:00,2.3532890400,2.3627400000,2.3438380800,2.3532890400,2288200
2023-06-07 11:30:00,2.3532890400,2.3532890400,2.3438380800,2.3532890400,294000
2023-06-07 13:15:00,2.3532890400,2.3627400000,2.3438380800,2.3627400000,1431800
2023-06-07 13:30:00,2.3627400000,2.3627400000,2.3438380800,2.3627400000,2587016
2023-06-07 13:45:00,2.3627400000,2.3627400000,2.3532890400,2.3627400000,1196800
2023-06-07 14:00:00,2.3627400000,2.3627400000,2.3532890400,2.3532890400,1456200
2023-06-07 14:15:00,2.3532890400,2.3627400000,2.3532890400,2.3627400000,1224600
2023-06-07 14:30:00,2.3627400000,2.3627400000,2.3532890400,2.3627400000,903900
2023-06-07 14:45:00,2.3627400000,2.3627400000,2.3532890400,2.3627400000,1186800
2023-06-07 15:00:00,2.3532890400,2.3627400000,2.3532890400,2.3532890400,1246101
2023-06-08 09:45:00,2.3627400000,2.3627400000,2.3438380800,2.3438380800,2323100
2023-06-08 10:00:00,2.3438380800,2.3532890400,2.3438380800,2.3438380800,1675000
2023-06-08 10:15:00,2.3532890400,2.3627400000,2.3438380800,2.3532890400,2189200
2023-06-08 10:30:00,2.3532890400,2.3627400000,2.3438380800,2.3532890400,775700
2023-06-08 10:45:00,2.3532890400,2.3627400000,2.3438380800,2.3438380800,1689000
2023-06-08 11:00:00,2.3532890400,2.3532890400,2.3438380800,2.3438380800,624800
2023-06-08 11:15:00,2.3532890400,2.3532890400,2.3438380800,2.3532890400,601200
2023-06-08 11:30:00,2.3532890400,2.3532890400,2.3438380800,2.3532890400,614600
2023-06-08 13:15:00,2.3532890400,2.3532890400,2.3438380800,2.3532890400,881200
2023-06-08 13:30:00,2.3532890400,2.3721909600,2.3438380800,2.3721909600,4005600
2023-06-08 13:45:00,2.3721909600,2.3721909600,2.3627400000,2.3721909600,825800
2023-06-08 14:00:00,2.3627400000,2.3721909600,2.3627400000,2.3721909600,963000
2023-06-08 14:15:00,2.3627400000,2.3721909600,2.3627400000,2.3721909600,801400
2023-06-08 14:30:00,2.3721909600,2.3721909600,2.3627400000,2.3721909600,725000
2023-06-08 14:45:00,2.3721909600,2.3721909600,2.3627400000,2.3721909600,1267900
2023-06-08 15:00:00,2.3721909600,2.3721909600,2.3627400000,2.3721909600,2267500
2023-06-09 09:45:00,2.3721909600,2.3816419200,2.3627400000,2.3721909600,3524410
2023-06-09 10:00:00,2.3816419200,2.3816419200,2.3721909600,2.3816419200,1569201
2023-06-09 10:15:00,2.3721909600,2.3816419200,2.3627400000,2.3816419200,2830732
2023-06-09 10:30:00,2.3721909600,2.3816419200,2.3627400000,2.3721909600,1136400
2023-06-09 10:45:00,2.3721909600,2.3816419200,2.3627400000,2.3721909600,3591300
2023-06-09 11:00:00,2.3721909600,2.3816419200,2.3627400000,2.3721909600,2638801
2023-06-09 11:15:00,2.3816419200,2.3816419200,2.3721909600,2.3721909600,1941900
2023-06-09 11:30:00,2.3721909600,2.3910928800,2.3721909600,2.3910928800,4551360
2023-06-09 13:15:00,2.3816419200,2.4005438400,2.3816419200,2.3910928800,4217500
2023-06-09 13:30:00,2.3910928800,2.4005438400,2.3910928800,2.4005438400,2354100
2023-06-09 13:45:00,2.4005438400,2.4005438400,2.3910928800,2.4005438400,2446300
2023-06-09 14:00:00,2.4005438400,2.4005438400,2.3910928800,2.4005438400,3033800
2023-06-09 14:15:00,2.3910928800,2.4005438400,2.3910928800,2.3910928800,2608050
2023-06-09 14:30:00,2.4005438400,2.4099948000,2.3910928800,2.4005438400,3778384
2023-06-09 14:45:00,2.4005438400,2.4099948000,2.3910928800,2.4099948000,4660316
2023-06-09 15:00:00,2.4005438400,2.4099948000,2.4005438400,2.4005438400,4240030
2023-06-12 09:45:00,2.3910928800,2.4005438400,2.3816419200,2.3910928800,7525863
2023-06-12 10:00:00,2.3816419200,2.3910928800,2.3627400000,2.3627400000,7346400
2023-06-12 10:15:00,2.3721909600,2.3816419200,2.3627400000,2.3816419200,2964400
2023-06-12 10:30:00,2.3816419200,2.3816419200,2.3627400000,2.3816419200,2129400
2023-06-12 10:45:00,2.3816419200,2.3816419200,2.3627400000,2.3627400000,1576600
2023-06-12 11:00:00,2.3721909600,2.3721909600,2.3627400000,2.3627400000,942555
2023-06-12 11:15:00,2.3721909600,2.3816419200,2.3627400000,2.3721909600,714300
2023-06-12 11:30:00,2.3721909600,2.3816419200,2.3627400000,2.3627400000,785000
2023-06-12 13:15:00,2.3721909600,2.3816419200,2.3627400000,2.3721909600,2158654
2023-06-12 13:30:00,2.3721909600,2.3816419200,2.3721909600,2.3816419200,536310
2023-06-12 13:45:00,2.3816419200,2.3816419200,2.3627400000,2.3721909600,1534390
2023-06-12 14:00:00,2.3627400000,2.3816419200,2.3627400000,2.3721909600,1176408
2023-06-12 14:15:00,2.3816419200,2.3816419200,2.3721909600,2.3721909600,547600
2023-06-12 14:30:00,2.3721909600,2.3816419200,2.3721909600,2.3721909600,621426
2023-06-12 14:45:00,2.3721909600,2.3816419200,2.3721909600,2.3721909600,850200
2023-06-12 15:00:00,2.3721909600,2.3816419200,2.3627400000,2.3627400000,2965174
2023-06-13 09:45:00,2.3627400000,2.3816419200,2.3532890400,2.3721909600,3779554
2023-06-13 10:00:00,2.3721909600,2.3721909600,2.3532890400,2.3627400000,2910700
2023-06-13 10:15:00,2.3627400000,2.3627400000,2.3532890400,2.3627400000,1020300
2023-06-13 10:30:00,2.3627400000,2.3721909600,2.3532890400,2.3627400000,1644100
2023-06-13 10:45:00,2.3627400000,2.3721909600,2.3627400000,2.3627400000,812700
2023-06-13 11:00:00,2.3721909600,2.3721909600,2.3627400000,2.3627400000,521800
2023-06-13 11:15:00,2.3721909600,2.3721909600,2.3627400000,2.3627400000,529900
2023-06-13 11:30:00,2.3721909600,2.3721909600,2.3627400000,2.3627400000,767800
2023-06-13 13:15:00,2.3721909600,2.3721909600,2.3627400000,2.3627400000,592000
2023-06-13 13:30:00,2.3627400000,2.3721909600,2.3532890400,2.3532890400,2546049
2023-06-13 13:45:00,2.3532890400,2.3627400000,2.3532890400,2.3532890400,435000
2023-06-13 14:00:00,2.3627400000,2.3627400000,2.3532890400,2.3532890400,599500
2023-06-13 14:15:00,2.3532890400,2.3627400000,2.3532890400,2.3627400000,612800
2023-06-13 14:30:00,2.3532890400,2.3627400000,2.3532890400,2.3532890400,511500
2023-06-13 14:45:00,2.3532890400,2.3627400000,2.3532890400,2.3532890400,1189800
2023-06-13 15:00:00,2.3627400000,2.3627400000,2.3532890400,2.3627400000,1778300
2023-06-14 09:45:00,2.3627400000,2.3721909600,2.3532890400,2.3627400000,2480000
2023-06-14 10:00:00,2.3627400000,2.3627400000,2.3532890400,2.3627400000,1245800
2023-06-14 10:15:00,2.3532890400,2.3627400000,2.3532890400,2.3627400000,1320900
2023-06-14 10:30:00,2.3627400000,2.3627400000,2.3532890400,2.3627400000,417200
2023-06-14 10:45:00,2.3532890400,2.3627400000,2.3532890400,2.3532890400,882900
2023-06-14 11:00:00,2.3627400000,2.3721909600,2.3532890400,2.3627400000,4256131
2023-06-14 11:15:00,2.3627400000,2.3721909600,2.3627400000,2.3627400000,590100
2023-06-14 11:30:00,2.3721909600,2.3721909600,2.3627400000,2.3721909600,332400
2023-06-14 13:15:00,2.3627400000,2.3721909600,2.3627400000,2.3627400000,1083700
2023-06-14 13:30:00,2.3627400000,2.3721909600,2.3627400000,2.3627400000,2602100
2023-06-14 13:45:00,2.3627400000,2.3721909600,2.3532890400,2.3627400000,2879400
2023-06-14 14:00:00,2.3532890400,2.3627400000,2.3532890400,2.3627400000,1174700
2023-06-14 14:15:00,2.3627400000,2.3627400000,2.3532890400,2.3532890400,584655
2023-06-14 14:30:00,2.3532890400,2.3627400000,2.3532890400,2.3627400000,718300
2023-06-14 14:45:00,2.3627400000,2.3627400000,2.3532890400,2.3532890400,1291700
2023-06-14 15:00:00,2.3532890400,2.3627400000,2.3532890400,2.3532890400,1718565
2023-06-15 09:45:00,2.3532890400,2.3627400000,2.3438380800,2.3532890400,3637059
2023-06-15 10:00:00,2.3438380800,2.3532890400,2.3438380800,2.3532890400,955700
2023-06-15 10:15:00,2.3532890400,2.3532890400,2.3438380800,2.3532890400,683900
2023-06-15 10:30:00,2.3438380800,2.3532890400,2.3438380800,2.3532890400,1537600
2023-06-15 10:45:00,2.3532890400,2.3532890400,2.3438380800,2.3438380800,858000
2023-06-15 11:00:00,2.3532890400,2.3532890400,2.3438380800,2.3438380800,756400
2023-06-15 11:15:00,2.3532890400,2.3532890400,2.3438380800,2.3438380800,463300
2023-06-15 11:30:00,2.3532890400,2.3532890400,2.3438380800,2.3438380800,717400
2023-06-15 13:15:00,2.3532890400,2.3532890400,2.3438380800,2.3532890400,711000
2023-06-15 13:30:00,2.3532890400,2.3532890400,2.3438380800,2.3438380800,459200
2023-06-15 13:45:00,2.3532890400,2.3627400000,2.3438380800,2.3532890400,2974372
2023-06-15 14:00:00,2.3627400000,2.3627400000,2.3532890400,2.3627400000,3502500
2023-06-15 14:15:00,2.3532890400,2.3627400000,2.3532890400,2.3627400000,554700
2023-06-15 14:30:00,2.3627400000,2.3627400000,2.3532890400,2.3627400000,805087
2023-06-15 14:45:00,2.3627400000,2.3627400000,2.3532890400,2.3532890400,1391300
2023-06-15 15:00:00,2.3532890400,2.3627400000,2.3532890400,2.3532890400,2403800
2023-06-16 09:45:00,2.3627400000,2.3721909600,2.3532890400,2.3627400000,4042418
2023-06-16 10:00:00,2.3721909600,2.3721909600,2.3627400000,2.3721909600,1355900
2023-06-16 10:15:00,2.3627400000,2.3721909600,2.3627400000,2.3627400000,1555200
2023-06-16 10:30:00,2.3627400000,2.3721909600,2.3627400000,2.3627400000,1944900
2023-06-16 10:45:00,2.3721909600,2.3721909600,2.3627400000,2.3627400000,767500
2023-06-16 11:00:00,2.3627400000,2.3721909600,2.3532890400,2.3627400000,1487800
2023-06-16 11:15:00,2.3627400000,2.3721909600,2.3532890400,2.3627400000,1461100
2023-06-16 11:30:00,2.3532890400,2.3721909600,2.3532890400,2.3532890400,976764
2023-06-16 13:15:00,2.3627400000,2.3627400000,2.3532890400,2.3627400000,1036300
2023-06-16 13:30:00,2.3627400000,2.3627400000,2.3532890400,2.3627400000,1230600
2023-06-16 13:45:00,2.3532890400,2.3721909600,2.3532890400,2.3721909600,1792700
2023-06-16 14:00:00,2.3721909600,2.3721909600,2.3627400000,2.3721909600,873400
2023-06-16 14:15:00,2.3627400000,2.3721909600,2.3627400000,2.3721909600,1045500
2023-06-16 14:30:00,2.3627400000,2.3721909600,2.3627400000,2.3721909600,981700
2023-06-16 14:45:00,2.3627400000,2.3721909600,2.3532890400,2.3627400000,2787500
2023-06-16 15:00:00,2.3627400000,2.3627400000,2.3532890400,2.3627400000,4554800
2023-06-19 09:45:00,2.3627400000,2.3627400000,2.3532890400,2.3532890400,3282600
2023-06-19 10:00:00,2.3532890400,2.3627400000,2.3532890400,2.3627400000,1213500
2023-06-19 10:15:00,2.3532890400,2.3627400000,2.3438380800,2.3532890400,4616300
2023-06-19 10:30:00,2.3532890400,2.3532890400,2.3438380800,2.3438380800,839100
2023-06-19 10:45:00,2.3438380800,2.3532890400,2.3438380800,2.3532890400,500400
2023-06-19 11:00:00,2.3532890400,2.3532890400,2.3438380800,2.3532890400,739101
2023-06-19 11:15:00,2.3532890400,2.3532890400,2.3438380800,2.3532890400,729401
2023-06-19 11:30:00,2.3438380800,2.3532890400,2.3438380800,2.3532890400,685900
2023-06-19 13:15:00,2.3532890400,2.3532890400,2.3438380800,2.3438380800,899800
2023-06-19 13:30:00,2.3438380800,2.3532890400,2.3438380800,2.3438380800,614700
2023-06-19 13:45:00,2.3438380800,2.3532890400,2.3438380800,2.3438380800,609500
2023-06-19 14:00:00,2.3438380800,2.3532890400,2.3438380800,2.3532890400,685900
2023-06-19 14:15:00,2.3532890400,2.3532890400,2.3438380800,2.3532890400,1513000
2023-06-19 14:30:00,2.3532890400,2.3532890400,2.3438380800,2.3438380800,682500
2023-06-19 14:45:00,2.3438380800,2.3532890400,2.3438380800,2.3438380800,1488000
2023-06-19 15:00:00,2.3438380800,2.3532890400,2.3438380800,2.3438380800,1773200
2023-06-20 09:45:00,2.3438380800,2.3532890400,2.3343871200,2.3343871200,2609500
2023-06-20 10:00:00,2.3343871200,2.3438380800,2.3343871200,2.3343871200,669900
2023-06-20 10:15:00,2.3343871200,2.3438380800,2.3343871200,2.3438380800,688300
2023-06-20 10:30:00,2.3343871200,2.3438380800,2.3343871200,2.3438380800,788000
2023-06-20 10:45:00,2.3438380800,2.3438380800,2.3343871200,2.3343871200,1481800
2023-06-20 11:00:00,2.3438380800,2.3438380800,2.3343871200,2.3438380800,471100
2023-06-20 11:15:00,2.3343871200,2.3438380800,2.3343871200,2.3438380800,1067469
2023-06-20 11:30:00,2.3438380800,2.3438380800,2.3343871200,2.3438380800,1206500
2023-06-20 13:15:00,2.3343871200,2.3438380800,2.3343871200,2.3438380800,907800
2023-06-20 13:30:00,2.3343871200,2.3438380800,2.3343871200,2.3438380800,773300
2023-06-20 13:45:00,2.3438380800,2.3438380800,2.3343871200,2.3438380800,1453100
2023-06-20 14:00:00,2.3343871200,2.3438380800,2.3343871200,2.3438380800,1448200
2023-06-20 14:15:00,2.3343871200,2.3438380800,2.3343871200,2.3438380800,1157100
2023-06-20 14:30:00,2.3438380800,2.3438380800,2.3343871200,2.3438380800,889600
2023-06-20 14:45:00,2.3343871200,2.3438380800,2.3343871200,2.3438380800,696800
2023-06-20 15:00:00,2.3343871200,2.3438380800,2.3343871200,2.3343871200,2959194
2023-06-21 09:45:00,2.3343871200,2.3438380800,2.3249361600,2.3249361600,3815100
2023-06-21 10:00:00,2.3249361600,2.3343871200,2.3249361600,2.3249361600,2885000
2023-06-21 10:15:00,2.3249361600,2.3249361600,2.3154852000,2.3249361600,2642000
2023-06-21 10:30:00,2.3249361600,2.3343871200,2.3154852000,2.3249361600,5308200
2023-06-21 10:45:00,2.3343871200,2.3343871200,2.3249361600,2.3249361600,643764
2023-06-21 11:00:00,2.3249361600,2.3343871200,2.3249361600,2.3343871200,262400
2023-06-21 11:15:00,2.3343871200,2.3343871200,2.3249361600,2.3249361600,252800
2023-06-21 11:30:00,2.3249361600,2.3343871200,2.3249361600,2.3249361600,371300
2023-06-21 13:15:00,2.3343871200,2.3343871200,2.3249361600,2.3343871200,2280800
2023-06-21 13:30:00,2.3249361600,2.3343871200,2.3249361600,2.3343871200,827200
2023-06-21 13:45:00,2.3249361600,2.3343871200,2.3249361600,2.3249361600,287900
2023-06-21 14:00:00,2.3249361600,2.3343871200,2.3249361600,2.3249361600,566600
2023-06-21 14:15:00,2.3249361600,2.3343871200,2.3154852000,2.3249361600,2139236
2023-06-21 14:30:00,2.3154852000,2.3249361600,2.3154852000,2.3249361600,1815800
2023-06-21 14:45:00,2.3249361600,2.3249361600,2.3154852000,2.3154852000,1885300
2023-06-21 15:00:00,2.3249361600,2.3249361600,2.3154852000,2.3154852000,3156540
2023-06-26 09:45:00,2.3154852000,2.3249361600,2.3060342400,2.3249361600,5974383
2023-06-26 10:00:00,2.3154852000,2.3249361600,2.3154852000,2.3154852000,1860255
2023-06-26 10:15:00,2.3249361600,2.3249361600,2.3154852000,2.3154852000,1028390
2023-06-26 10:30:00,2.3249361600,2.3249361600,2.3154852000,2.3249361600,1557900
2023-06-26 10:45:00,2.3154852000,2.3249361600,2.3154852000,2.3154852000,1039500
2023-06-26 11:00:00,2.3249361600,2.3249361600,2.3154852000,2.3249361600,777000
2023-06-26 11:15:00,2.3154852000,2.3249361600,2.3154852000,2.3249361600,952600
2023-06-26 11:30:00,2.3249361600,2.3249361600,2.3154852000,2.3154852000,620500
2023-06-26 13:15:00,2.3249361600,2.3249361600,2.3154852000,2.3249361600,432700
2023-06-26 13:30:00,2.3154852000,2.3249361600,2.3154852000,2.3154852000,1945600
2023-06-26 13:45:00,2.3154852000,2.3249361600,2.3060342400,2.3060342400,933855
2023-06-26 14:00:00,2.3060342400,2.3154852000,2.3060342400,2.3154852000,390800
2023-06-26 14:15:00,2.3154852000,2.3154852000,2.3060342400,2.3154852000,542400
2023-06-26 14:30:00,2.3060342400,2.3154852000,2.3060342400,2.3060342400,857700
2023-06-26 14:45:00,2.3154852000,2.3154852000,2.3060342400,2.3154852000,1375100
2023-06-26 15:00:00,2.3060342400,2.3154852000,2.3060342400,2.3060342400,1750330
2023-06-27 09:45:00,2.3154852000,2.3154852000,2.3060342400,2.3060342400,1416700
2023-06-27 10:00:00,2.3060342400,2.3249361600,2.3060342400,2.3154852000,2210440
2023-06-27 10:15:00,2.3154852000,2.3249361600,2.3154852000,2.3154852000,495100
2023-06-27 10:30:00,2.3249361600,2.3249361600,2.3154852000,2.3249361600,406000
2023-06-27 10:45:00,2.3249361600,2.3249361600,2.3154852000,2.3249361600,635500
2023-06-27 11:00:00,2.3249361600,2.3249361600,2.3154852000,2.3154852000,388300
2023-06-27 11:15:00,2.3154852000,2.3249361600,2.3154852000,2.3249361600,462300
2023-06-27 11:30:00,2.3154852000,2.3249361600,2.3154852000,2.3249361600,497300
2023-06-27 13:15:00,2.3249361600,2.3343871200,2.3154852000,2.3343871200,4606464
2023-06-27 13:30:00,2.3343871200,2.3343871200,2.3249361600,2.3249361600,704300
2023-06-27 13:45:00,2.3249361600,2.3343871200,2.3249361600,2.3343871200,659300
2023-06-27 14:00:00,2.3343871200,2.3343871200,2.3249361600,2.3343871200,539000
2023-06-27 14:15:00,2.3343871200,2.3343871200,2.3249361600,2.3343871200,766900
2023-06-27 14:30:00,2.3249361600,2.3343871200,2.3249361600,2.3249361600,815900
2023-06-27 14:45:00,2.3343871200,2.3343871200,2.3249361600,2.3249361600,490100
2023-06-27 15:00:00,2.3249361600,2.3343871200,2.3249361600,2.3249361600,2834400
2023-06-28 09:45:00,2.3249361600,2.3438380800,2.3249361600,2.3343871200,4678100
2023-06-28 10:00:00,2.3343871200,2.3343871200,2.3249361600,2.3249361600,661700
2023-06-28 10:15:00,2.3343871200,2.3343871200,2.3249361600,2.3249361600,742800
2023-06-28 10:30:00,2.3249361600,2.3343871200,2.3249361600,2.3249361600,1331100
2023-06-28 10:45:00,2.3249361600,2.3343871200,2.3249361600,2.3343871200,915300
2023-06-28 11:00:00,2.3249361600,2.3343871200,2.3249361600,2.3343871200,295400
2023-06-28 11:15:00,2.3343871200,2.3343871200,2.3249361600,2.3249361600,711500
2023-06-28 11:30:00,2.3343871200,2.3343871200,2.3249361600,2.3249361600,580500
2023-06-28 13:15:00,2.3343871200,2.3343871200,2.3249361600,2.3249361600,276200
2023-06-28 13:30:00,2.3343871200,2.3343871200,2.3249361600,2.3343871200,436800
2023-06-28 13:45:00,2.3343871200,2.3438380800,2.3249361600,2.3343871200,2911148
2023-06-28 14:00:00,2.3343871200,2.3438380800,2.3343871200,2.3343871200,675500
2023-06-28 14:15:00,2.3438380800,2.3438380800,2.3343871200,2.3438380800,499500
2023-06-28 14:30:00,2.3343871200,2.3438380800,2.3343871200,2.3343871200,786200
2023-06-28 14:45:00,2.3343871200,2.3438380800,2.3343871200,2.3438380800,1611601
2023-06-28 15:00:00,2.3438380800,2.3438380800,2.3343871200,2.3438380800,1668714
2023-06-29 09:45:00,2.3438380800,2.3438380800,2.3249361600,2.3343871200,2743200
2023-06-29 10:00:00,2.3343871200,2.3438380800,2.3249361600,2.3343871200,1030100
2023-06-29 10:15:00,2.3343871200,2.3438380800,2.3249361600,2.3249361600,1724300
2023-06-29 10:30:00,2.3343871200,2.3343871200,2.3249361600,2.3249361600,470300
2023-06-29 10:45:00,2.3343871200,2.3343871200,2.3249361600,2.3343871200,542700
2023-06-29 11:00:00,2.3249361600,2.3343871200,2.3249361600,2.3343871200,406800
2023-06-29 11:15:00,2.3343871200,2.3343871200,2.3249361600,2.3249361600,770400
2023-06-29 11:30:00,2.3249361600,2.3343871200,2.3249361600,2.3343871200,364000
2023-06-29 13:15:00,2.3249361600,2.3343871200,2.3249361600,2.3249361600,527600
2023-06-29 13:30:00,2.3249361600,2.3343871200,2.3249361600,2.3249361600,513700
2023-06-29 13:45:00,2.3249361600,2.3343871200,2.3249361600,2.3343871200,1383183
2023-06-29 14:00:00,2.3249361600,2.3343871200,2.3249361600,2.3249361600,299100
2023-06-29 14:15:00,2.3249361600,2.3343871200,2.3249361600,2.3249361600,1144896
2023-06-29 14:30:00,2.3249361600,2.3343871200,2.3249361600,2.3249361600,725000
2023-06-29 14:45:00,2.3249361600,2.3343871200,2.3249361600,2.3343871200,877900
2023-06-29 15:00:00,2.3249361600,2.3343871200,2.3249361600,2.3249361600,1860901
2023-06-30 09:45:00,2.3249361600,2.3438380800,2.3249361600,2.3343871200,3574000
2023-06-30 10:00:00,2.3343871200,2.3438380800,2.3343871200,2.3438380800,520780
2023-06-30 10:15:00,2.3438380800,2.3438380800,2.3343871200,2.3438380800,279500
2023-06-30 10:30:00,2.3438380800,2.3438380800,2.3343871200,2.3438380800,631800
2023-06-30 10:45:00,2.3343871200,2.3438380800,2.3343871200,2.3438380800,449200
2023-06-30 11:00:00,2.3438380800,2.3438380800,2.3343871200,2.3438380800,679000
2023-06-30 11:15:00,2.3343871200,2.3438380800,2.3343871200,2.3438380800,1112600
2023-06-30 11:30:00,2.3343871200,2.3438380800,2.3343871200,2.3438380800,441900
2023-06-30 13:15:00,2.3343871200,2.3438380800,2.3343871200,2.3343871200,963200
2023-06-30 13:30:00,2.3343871200,2.3438380800,2.3343871200,2.3343871200,1503800
2023-06-30 13:45:00,2.3343871200,2.3438380800,2.3343871200,2.3343871200,272100
2023-06-30 14:00:00,2.3438380800,2.3438380800,2.3343871200,2.3438380800,506300
2023-06-30 14:15:00,2.3438380800,2.3438380800,2.3343871200,2.3438380800,681500
2023-06-30 14:30:00,2.3438380800,2.3438380800,2.3343871200,2.3438380800,410400
2023-06-30 14:45:00,2.3438380800,2.3438380800,2.3343871200,2.3438380800,418300
2023-06-30 15:00:00,2.3343871200,2.3438380800,2.3343871200,2.3343871200,2600300
2023-07-03 09:45:00,2.3438380800,2.3532890400,2.3343871200,2.3532890400,3034700
2023-07-03 10:00:00,2.3532890400,2.3532890400,2.3438380800,2.3438380800,772800
2023-07-03 10:15:00,2.3532890400,2.3627400000,2.3438380800,2.3627400000,7867430
2023-07-03 10:30:00,2.3532890400,2.3627400000,2.3532890400,2.3532890400,1123100
2023-07-03 10:45:00,2.3532890400,2.3627400000,2.3532890400,2.3627400000,612800
2023-07-03 11:00:00,2.3532890400,2.3627400000,2.3438380800,2.3627400000,4097700
2023-07-03 11:15:00,2.3627400000,2.3627400000,2.3438380800,2.3532890400,1446400
2023-07-03 11:30:00,2.3532890400,2.3532890400,2.3438380800,2.3438380800,848200
2023-07-03 13:15:00,2.3438380800,2.3627400000,2.3438380800,2.3532890400,2513100
2023-07-03 13:30:00,2.3532890400,2.3627400000,2.3532890400,2.3532890400,632434
2023-07-03 13:45:00,2.3532890400,2.3627400000,2.3532890400,2.3532890400,1142200
2023-07-03 14:00:00,2.3532890400,2.3627400000,2.3532890400,2.3627400000,1132000
2023-07-03 14:15:00,2.3627400000,2.3627400000,2.3532890400,2.3532890400,1637958
2023-07-03 14:30:00,2.3627400000,2.3627400000,2.3532890400,2.3627400000,824655
2023-07-03 14:45:00,2.3627400000,2.3627400000,2.3532890400,2.3627400000,947200
2023-07-03 15:00:00,2.3532890400,2.3627400000,2.3532890400,2.3532890400,3081700
2023-07-04 09:45:00,2.3532890400,2.3627400000,2.3438380800,2.3532890400,3208200
2023-07-04 10:00:00,2.3627400000,2.3627400000,2.3532890400,2.3627400000,1678900
2023-07-04 10:15:00,2.3627400000,2.3627400000,2.3532890400,2.3532890400,465200
2023-07-04 10:30:00,2.3627400000,2.3627400000,2.3532890400,2.3627400000,823300
2023-07-04 10:45:00,2.3532890400,2.3627400000,2.3532890400,2.3532890400,434900
2023-07-04 11:00:00,2.3627400000,2.3627400000,2.3532890400,2.3627400000,229000
2023-07-04 11:15:00,2.3627400000,2.3627400000,2.3532890400,2.3627400000,545000
2023-07-04 11:30:00,2.3532890400,2.3627400000,2.3532890400,2.3627400000,684110
2023-07-04 13:15:00,2.3627400000,2.3627400000,2.3532890400,2.3532890400,915300
2023-07-04 13:30:00,2.3532890400,2.3627400000,2.3532890400,2.3532890400,425900
2023-07-04 13:45:00,2.3627400000,2.3627400000,2.3438380800,2.3438380800,3126201
2023-07-04 14:00:00,2.3438380800,2.3532890400,2.3438380800,2.3532890400,269484
2023-07-04 14:15:00,2.3438380800,2.3532890400,2.3438380800,2.3438380800,569400
2023-07-04 14:30:00,2.3438380800,2.3532890400,2.3438380800,2.3532890400,1174100
2023-07-04 14:45:00,2.3532890400,2.3532890400,2.3438380800,2.3532890400,730700
2023-07-04 15:00:00,2.3532890400,2.3532890400,2.3438380800,2.3532890400,2286355
2023-07-05 09:45:00,2.3532890400,2.3532890400,2.3438380800,2.3438380800,1671000
2023-07-05 10:00:00,2.3532890400,2.3532890400,2.3438380800,2.3438380800,568300
2023-07-05 10:15:00,2.3438380800,2.3532890400,2.3438380800,2.3438380800,585100
2023-07-05 10:30:00,2.3438380800,2.3532890400,2.3438380800,2.3438380800,765500
2023-07-05 10:45:00,2.3532890400,2.3532890400,2.3438380800,2.3438380800,1390600
2023-07-05 11:00:00,2.3532890400,2.3532890400,2.3438380800,2.3532890400,627600
2023-07-05 11:15:00,2.3532890400,2.3532890400,2.3438380800,2.3438380800,391870
2023-07-05 11:30:00,2.3438380800,2.3532890400,2.3438380800,2.3532890400,421900
2023-07-05 13:15:00,2.3438380800,2.3532890400,2.3438380800,2.3438380800,412300
2023-07-05 13:30:00,2.3532890400,2.3532890400,2.3438380800,2.3532890400,341600
2023-07-05 13:45:00,2.3438380800,2.3532890400,2.3438380800,2.3438380800,1119500
2023-07-05 14:00:00,2.3532890400,2.3532890400,2.3438380800,2.3438380800,337800
2023-07-05 14:15:00,2.3532890400,2.3532890400,2.3438380800,2.3438380800,701100
2023-07-05 14:30:00,2.3532890400,2.3532890400,2.3438380800,2.3532890400,1314500
2023-07-05 14:45:00,2.3438380800,2.3532890400,2.3438380800,2.3532890400,1548300
2023-07-05 15:00:00,2.3532890400,2.3532890400,2.3438380800,2.3438380800,1708500
2023-07-06 09:45:00,2.3438380800,2.3532890400,2.3438380800,2.3532890400,950000
2023-07-06 10:00:00,2.3438380800,2.3532890400,2.3438380800,2.3438380800,489300
2023-07-06 10:15:00,2.3438380800,2.3532890400,2.3438380800,2.3532890400,1419000
2023-07-06 10:30:00,2.3532890400,2.3532890400,2.3438380800,2.3438380800,709210
2023-07-06 10:45:00,2.3438380800,2.3532890400,2.3438380800,2.3438380800,423900
2023-07-06 11:00:00,2.3438380800,2.3438380800,2.3343871200,2.3438380800,3308790
2023-07-06 11:15:00,2.3438380800,2.3438380800,2.3343871200,2.3343871200,475300
2023-07-06 11:30:00,2.3438380800,2.3438380800,2.3343871200,2.3438380800,1295600
2023-07-06 13:15:00,2.3343871200,2.3438380800,2.3343871200,2.3343871200,570000
2023-07-06 13:30:00,2.3438380800,2.3438380800,2.3343871200,2.3343871200,379500
2023-07-06 13:45:00,2.3438380800,2.3438380800,2.3343871200,2.3438380800,531200
2023-07-06 14:00:00,2.3343871200,2.3438380800,2.3343871200,2.3438380800,351300
2023-07-06 14:15:00,2.3438380800,2.3438380800,2.3343871200,2.3343871200,606200
2023-07-06 14:30:00,2.3438380800,2.3438380800,2.3343871200,2.3343871200,345500
2023-07-06 14:45:00,2.3343871200,2.3438380800,2.3343871200,2.3343871200,1172100
2023-07-06 15:00:00,2.3438380800,2.3438380800,2.3343871200,2.3343871200,1776700
2023-07-07 09:45:00,2.3343871200,2.3438380800,2.3249361600,2.3343871200,1954467
2023-07-07 10:00:00,2.3343871200,2.3438380800,2.3249361600,2.3343871200,1774900
2023-07-07 10:15:00,2.3343871200,2.3438380800,2.3343871200,2.3343871200,702000
2023-07-07 10:30:00,2.3343871200,2.3438380800,2.3343871200,2.3438380800,482500
2023-07-07 10:45:00,2.3438380800,2.3438380800,2.3343871200,2.3438380800,287600
2023-07-07 11:00:00,2.3438380800,2.3438380800,2.3343871200,2.3438380800,402000
2023-07-07 11:15:00,2.3438380800,2.3532890400,2.3343871200,2.3438380800,4869400
2023-07-07 11:30:00,2.3438380800,2.3532890400,2.3343871200,2.3532890400,733673
2023-07-07 13:15:00,2.3438380800,2.3532890400,2.3438380800,2.3532890400,764400
2023-07-07 13:30:00,2.3438380800,2.3627400000,2.3438380800,2.3532890400,6370761
2023-07-07 13:45:00,2.3532890400,2.3627400000,2.3532890400,2.3627400000,932200
2023-07-07 14:00:00,2.3532890400,2.3627400000,2.3532890400,2.3627400000,947722
2023-07-07 14:15:00,2.3532890400,2.3627400000,2.3532890400,2.3627400000,869300
2023-07-07 14:30:00,2.3627400000,2.3627400000,2.3532890400,2.3532890400,306501
2023-07-07 14:45:00,2.3627400000,2.3627400000,2.3532890400,2.3627400000,2078000
2023-07-07 15:00:00,2.3627400000,2.3627400000,2.3532890400,2.3532890400,2423518
2023-07-10 09:45:00,2.3532890400,2.3627400000,2.3438380800,2.3532890400,3014700
2023-07-10 10:00:00,2.3438380800,2.3532890400,2.3438380800,2.3532890400,650100
2023-07-10 10:15:00,2.3532890400,2.3532890400,2.3438380800,2.3532890400,902600
2023-07-10 10:30:00,2.3532890400,2.3532890400,2.3438380800,2.3438380800,620300
2023-07-10 10:45:00,2.3438380800,2.3532890400,2.3438380800,2.3532890400,444200
2023-07-10 11:00:00,2.3438380800,2.3532890400,2.3438380800,2.3532890400,471000
2023-07-10 11:15:00,2.3438380800,2.3532890400,2.3438380800,2.3532890400,245350
2023-07-10 11:30:00,2.3438380800,2.3532890400,2.3438380800,2.3532890400,281000
2023-07-10 13:15:00,2.3438380800,2.3532890400,2.3438380800,2.3438380800,334000
2023-07-10 13:30:00,2.3438380800,2.3532890400,2.3438380800,2.3532890400,605700
2023-07-10 13:45:00,2.3532890400,2.3532890400,2.3438380800,2.3532890400,665800
2023-07-10 14:00:00,2.3532890400,2.3532890400,2.3438380800,2.3438380800,228900
2023-07-10 14:15:00,2.3438380800,2.3532890400,2.3438380800,2.3532890400,731800
2023-07-10 14:30:00,2.3532890400,2.3532890400,2.3438380800,2.3532890400,1256800
2023-07-10 14:45:00,2.3532890400,2.3532890400,2.3438380800,2.3438380800,2770800
2023-07-10 15:00:00,2.3438380800,2.3532890400,2.3438380800,2.3532890400,2243400
2023-07-11 09:45:00,2.3532890400,2.3532890400,2.3438380800,2.3438380800,718800
2023-07-11 10:00:00,2.3438380800,2.3532890400,2.3438380800,2.3438380800,1097317
2023-07-11 10:15:00,2.3532890400,2.3532890400,2.3438380800,2.3532890400,509900
2023-07-11 10:30:00,2.3438380800,2.3532890400,2.3438380800,2.3438380800,622100
2023-07-11 10:45:00,2.3438380800,2.3532890400,2.3438380800,2.3532890400,761900
2023-07-11 11:00:00,2.3532890400,2.3627400000,2.3438380800,2.3627400000,2691500
2023-07-11 11:15:00,2.3627400000,2.3627400000,2.3532890400,2.3627400000,680000
2023-07-11 11:30:00,2.3532890400,2.3627400000,2.3532890400,2.3627400000,704600
2023-07-11 13:15:00,2.3532890400,2.3627400000,2.3532890400,2.3627400000,660400
2023-07-11 13:30:00,2.3627400000,2.3627400000,2.3532890400,2.3532890400,520700
2023-07-11 13:45:00,2.3627400000,2.3627400000,2.3532890400,2.3627400000,607400
2023-07-11 14:00:00,2.3627400000,2.3627400000,2.3532890400,2.3532890400,1363700
2023-07-11 14:15:00,2.3532890400,2.3627400000,2.3532890400,2.3627400000,1366700
2023-07-11 14:30:00,2.3532890400,2.3627400000,2.3532890400,2.3627400000,1259700
2023-07-11 14:45:00,2.3532890400,2.3627400000,2.3532890400,2.3627400000,1043398
2023-07-11 15:00:00,2.3627400000,2.3627400000,2.3532890400,2.3627400000,1782307
2023-07-12 09:45:00,2.3532890400,2.3627400000,2.3532890400,2.3627400000,495988
2023-07-12 10:00:00,2.3627400000,2.3627400000,2.3532890400,2.3532890400,1399400
2023-07-12 10:15:00,2.3532890400,2.3627400000,2.3438380800,2.3532890400,3434800
2023-07-12 10:30:00,2.3532890400,2.3627400000,2.3438380800,2.3532890400,966600
2023-07-12 10:45:00,2.3532890400,2.3627400000,2.3438380800,2.3627400000,998100
2023-07-12 11:00:00,2.3627400000,2.3627400000,2.3438380800,2.3627400000,1925900
2023-07-12 11:15:00,2.3627400000,2.3627400000,2.3532890400,2.3532890400,1316000
2023-07-12 11:30:00,2.3627400000,2.3627400000,2.3532890400,2.3532890400,1426500
2023-07-12 13:15:00,2.3627400000,2.3627400000,2.3532890400,2.3532890400,1101000
2023-07-12 13:30:00,2.3627400000,2.3721909600,2.3532890400,2.3532890400,4257957
2023-07-12 13:45:00,2.3627400000,2.3627400000,2.3532890400,2.3627400000,1157400
2023-07-12 14:00:00,2.3532890400,2.3627400000,2.3532890400,2.3627400000,866600
2023-07-12 14:15:00,2.3627400000,2.3721909600,2.3532890400,2.3627400000,1864342
2023-07-12 14:30:00,2.3627400000,2.3721909600,2.3532890400,2.3532890400,801200
2023-07-12 14:45:00,2.3532890400,2.3627400000,2.3532890400,2.3532890400,777700
2023-07-12 15:00:00,2.3627400000,2.3627400000,2.3532890400,2.3532890400,2011272
2023-07-13 09:45:00,2.3532890400,2.3721909600,2.3532890400,2.3627400000,4122100
2023-07-13 10:00:00,2.3627400000,2.3721909600,2.3627400000,2.3627400000,1536200
2023-07-13 10:15:00,2.3721909600,2.3721909600,2.3627400000,2.3721909600,953400
2023-07-13 10:30:00,2.3721909600,2.3721909600,2.3627400000,2.3627400000,766300
2023-07-13 10:45:00,2.3721909600,2.3721909600,2.3532890400,2.3532890400,2149600
2023-07-13 11:00:00,2.3627400000,2.3627400000,2.3532890400,2.3627400000,735900
2023-07-13 11:15:00,2.3627400000,2.3627400000,2.3532890400,2.3627400000,256500
2023-07-13 11:30:00,2.3627400000,2.3627400000,2.3532890400,2.3532890400,358700
2023-07-13 13:15:00,2.3627400000,2.3627400000,2.3532890400,2.3532890400,573400
2023-07-13 13:30:00,2.3627400000,2.3721909600,2.3532890400,2.3627400000,1822703
2023-07-13 13:45:00,2.3627400000,2.3721909600,2.3532890400,2.3627400000,1037700
2023-07-13 14:00:00,2.3627400000,2.3627400000,2.3532890400,2.3627400000,893500
2023-07-13 14:15:00,2.3627400000,2.3721909600,2.3532890400,2.3721909600,1196600
2023-07-13 14:30:00,2.3721909600,2.3721909600,2.3532890400,2.3627400000,1348900
2023-07-13 14:45:00,2.3532890400,2.3721909600,2.3532890400,2.3627400000,1179400
2023-07-13 15:00:00,2.3627400000,2.3721909600,2.3532890400,2.3627400000,1720000
2023-07-14 09:45:00,2.3627400000,2.3721909600,2.3532890400,2.3627400000,1656400
2023-07-14 10:00:00,2.3627400000,2.3627400000,2.3532890400,2.3532890400,817900
2023-07-14 10:15:00,2.3532890400,2.3627400000,2.3532890400,2.3532890400,455600
2023-07-14 10:30:00,2.3532890400,2.3627400000,2.3532890400,2.3532890400,574700
2023-07-14 10:45:00,2.3532890400,2.3627400000,2.3532890400,2.3627400000,479800
2023-07-14 11:00:00,2.3627400000,2.3627400000,2.3532890400,2.3532890400,495000
2023-07-14 11:15:00,2.3532890400,2.3627400000,2.3532890400,2.3532890400,337500
2023-07-14 11:30:00,2.3532890400,2.3627400000,2.3532890400,2.3532890400,444200
2023-07-14 13:15:00,2.3627400000,2.3627400000,2.3532890400,2.3532890400,1630200
2023-07-14 13:30:00,2.3532890400,2.3627400000,2.3532890400,2.3627400000,807700
2023-07-14 13:45:00,2.3532890400,2.3721909600,2.3532890400,2.3627400000,2537300
2023-07-14 14:00:00,2.3532890400,2.3627400000,2.3532890400,2.3532890400,840800
2023-07-14 14:15:00,2.3627400000,2.3627400000,2.3532890400,2.3627400000,702800
2023-07-14 14:30:00,2.3532890400,2.3627400000,2.3532890400,2.3627400000,2100600
2023-07-14 14:45:00,2.3532890400,2.3627400000,2.3532890400,2.3532890400,1157600
2023-07-14 15:00:00,2.3532890400,2.3627400000,2.3532890400,2.3627400000,1460500
2023-07-17 09:45:00,2.3627400000,2.3627400000,2.3438380800,2.3438380800,2913800
2023-07-17 10:00:00,2.3438380800,2.3532890400,2.3438380800,2.3438380800,1019800
2023-07-17 10:15:00,2.3438380800,2.3532890400,2.3438380800,2.3438380800,551200
2023-07-17 10:30:00,2.3532890400,2.3532890400,2.3438380800,2.3532890400,2039501
2023-07-17 10:45:00,2.3532890400,2.3532890400,2.3438380800,2.3532890400,662900
2023-07-17 11:00:00,2.3532890400,2.3532890400,2.3438380800,2.3438380800,539100
2023-07-17 11:15:00,2.3438380800,2.3532890400,2.3438380800,2.3532890400,799400
2023-07-17 11:30:00,2.3532890400,2.3532890400,2.3438380800,2.3438380800,558900
2023-07-17 13:15:00,2.3438380800,2.3532890400,2.3438380800,2.3438380800,856800
2023-07-17 13:30:00,2.3438380800,2.3532890400,2.3438380800,2.3532890400,1121800
2023-07-17 13:45:00,2.3532890400,2.3532890400,2.3438380800,2.3532890400,774400
2023-07-17 14:00:00,2.3532890400,2.3532890400,2.3438380800,2.3532890400,781200
2023-07-17 14:15:00,2.3438380800,2.3532890400,2.3438380800,2.3438380800,752300
2023-07-17 14:30:00,2.3438380800,2.3532890400,2.3438380800,2.3532890400,714400
2023-07-17 14:45:00,2.3532890400,2.3627400000,2.3438380800,2.3627400000,2782701
2023-07-17 15:00:00,2.3532890400,2.3627400000,2.3532890400,2.3532890400,1110600
2023-07-18 09:45:00,2.3627400000,2.3627400000,2.3532890400,2.3532890400,1417788
2023-07-18 10:00:00,2.3627400000,2.3627400000,2.3532890400,2.3532890400,1717900
2023-07-18 10:15:00,2.3532890400,2.3627400000,2.3438380800,2.3627400000,812400
2023-07-18 10:30:00,2.3532890400,2.3627400000,2.3438380800,2.3532890400,554300
2023-07-18 10:45:00,2.3532890400,2.3627400000,2.3438380800,2.3532890400,1211500
2023-07-18 11:00:00,2.3532890400,2.3627400000,2.3532890400,2.3532890400,2172700
2023-07-18 11:15:00,2.3627400000,2.3627400000,2.3532890400,2.3627400000,1120800
2023-07-18 11:30:00,2.3532890400,2.3627400000,2.3532890400,2.3532890400,231900
2023-07-18 13:15:00,2.3532890400,2.3721909600,2.3532890400,2.3721909600,7705903
2023-07-18 13:30:00,2.3721909600,2.3721909600,2.3627400000,2.3721909600,347300
2023-07-18 13:45:00,2.3627400000,2.3721909600,2.3627400000,2.3721909600,476201
2023-07-18 14:00:00,2.3627400000,2.3721909600,2.3627400000,2.3627400000,433500
2023-07-18 14:15:00,2.3721909600,2.3721909600,2.3627400000,2.3721909600,213100
2023-07-18 14:30:00,2.3721909600,2.3721909600,2.3627400000,2.3721909600,713298
2023-07-18 14:45:00,2.3721909600,2.3721909600,2.3627400000,2.3721909600,1825800
2023-07-18 15:00:00,2.3627400000,2.3721909600,2.3627400000,2.3627400000,1257696
2023-07-19 09:45:00,2.3721909600,2.3721909600,2.3627400000,2.3721909600,1539200
2023-07-19 10:00:00,2.3721909600,2.3721909600,2.3627400000,2.3627400000,1119020
2023-07-19 10:15:00,2.3627400000,2.3721909600,2.3627400000,2.3721909600,755900
2023-07-19 10:30:00,2.3721909600,2.3721909600,2.3627400000,2.3627400000,382500
2023-07-19 10:45:00,2.3721909600,2.3721909600,2.3627400000,2.3721909600,413900
2023-07-19 11:00:00,2.3721909600,2.3721909600,2.3627400000,2.3627400000,359900
2023-07-19 11:15:00,2.3627400000,2.3721909600,2.3627400000,2.3627400000,1102500
2023-07-19 11:30:00,2.3721909600,2.3721909600,2.3627400000,2.3721909600,390100
2023-07-19 13:15:00,2.3627400000,2.3721909600,2.3627400000,2.3721909600,190200
2023-07-19 13:30:00,2.3721909600,2.3721909600,2.3532890400,2.3627400000,2187300
2023-07-19 13:45:00,2.3627400000,2.3721909600,2.3627400000,2.3627400000,2494700
2023-07-19 14:00:00,2.3721909600,2.3816419200,2.3627400000,2.3816419200,6605300
2023-07-19 14:15:00,2.3816419200,2.3816419200,2.3721909600,2.3816419200,359900
2023-07-19 14:30:00,2.3816419200,2.3816419200,2.3721909600,2.3816419200,653300
2023-07-19 14:45:00,2.3816419200,2.3816419200,2.3721909600,2.3816419200,507100
2023-07-19 15:00:00,2.3816419200,2.3816419200,2.3721909600,2.3816419200,2894200
2023-07-20 09:45:00,2.3816419200,2.3910928800,2.3721909600,2.3816419200,2243000
2023-07-20 10:00:00,2.3816419200,2.3816419200,2.3721909600,2.3816419200,1376800
2023-07-20 10:15:00,2.3816419200,2.3816419200,2.3721909600,2.3816419200,407901
2023-07-20 10:30:00,2.3816419200,2.3816419200,2.3721909600,2.3816419200,595200
2023-07-20 10:45:00,2.3816419200,2.3816419200,2.3721909600,2.3816419200,1121300
2023-07-20 11:00:00,2.3816419200,2.3816419200,2.3721909600,2.3816419200,853500
2023-07-20 11:15:00,2.3816419200,2.3816419200,2.3721909600,2.3816419200,412400
2023-07-20 11:30:00,2.3816419200,2.3816419200,2.3721909600,2.3816419200,367400
2023-07-20 13:15:00,2.3816419200,2.3816419200,2.3721909600,2.3816419200,545800
2023-07-20 13:30:00,2.3816419200,2.3816419200,2.3721909600,2.3721909600,213900
2023-07-20 13:45:00,2.3721909600,2.3816419200,2.3721909600,2.3816419200,374500
2023-07-20 14:00:00,2.3816419200,2.3816419200,2.3721909600,2.3816419200,461905
2023-07-20 14:15:00,2.3816419200,2.3816419200,2.3627400000,2.3721909600,3516295
2023-07-20 14:30:00,2.3721909600,2.3721909600,2.3627400000,2.3627400000,469500
2023-07-20 14:45:00,2.3721909600,2.3721909600,2.3532890400,2.3627400000,4285988
2023-07-20 15:00:00,2.3627400000,2.3627400000,2.3532890400,2.3627400000,1250900
2023-07-21 09:45:00,2.3627400000,2.3721909600,2.3532890400,2.3627400000,2569700
2023-07-21 10:00:00,2.3627400000,2.3721909600,2.3627400000,2.3721909600,555918
2023-07-21 10:15:00,2.3721909600,2.3721909600,2.3627400000,2.3721909600,464200
2023-07-21 10:30:00,2.3721909600,2.3721909600,2.3627400000,2.3721909600,559000
2023-07-21 10:45:00,2.3627400000,2.3721909600,2.3627400000,2.3627400000,1144300
2023-07-21 11:00:00,2.3721909600,2.3721909600,2.3627400000,2.3627400000,435100
2023-07-21 11:15:00,2.3627400000,2.3721909600,2.3627400000,2.3721909600,332300
2023-07-21 11:30:00,2.3627400000,2.3721909600,2.3627400000,2.3627400000,323200
2023-07-21 13:15:00,2.3627400000,2.3721909600,2.3532890400,2.3532890400,3210400
2023-07-21 13:30:00,2.3627400000,2.3627400000,2.3532890400,2.3532890400,677600
2023-07-21 13:45:00,2.3627400000,2.3627400000,2.3532890400,2.3627400000,1158900
2023-07-21 14:00:00,2.3627400000,2.3721909600,2.3627400000,2.3721909600,449596
2023-07-21 14:15:00,2.3721909600,2.3816419200,2.3627400000,2.3721909600,3693361
2023-07-21 14:30:00,2.3816419200,2.3816419200,2.3627400000,2.3721909600,969200
2023-07-21 14:45:00,2.3721909600,2.3721909600,2.3627400000,2.3721909600,637300
2023-07-21 15:00:00,2.3721909600,2.3816419200,2.3627400000,2.3721909600,1439600
2023-07-24 09:45:00,2.3721909600,2.3816419200,2.3627400000,2.3721909600,1150800
2023-07-24 10:00:00,2.3721909600,2.3721909600,2.3627400000,2.3627400000,692400
2023-07-24 10:15:00,2.3721909600,2.3816419200,2.3627400000,2.3816419200,1185500
2023-07-24 10:30:00,2.3816419200,2.3816419200,2.3721909600,2.3721909600,421196
2023-07-24 10:45:00,2.3721909600,2.3816419200,2.3721909600,2.3721909600,474600
2023-07-24 11:00:00,2.3721909600,2.3816419200,2.3721909600,2.3816419200,256700
2023-07-24 11:15:00,2.3721909600,2.3816419200,2.3721909600,2.3816419200,182300
2023-07-24 11:30:00,2.3816419200,2.3816419200,2.3721909600,2.3721909600,400200
2023-07-24 13:15:00,2.3721909600,2.3816419200,2.3627400000,2.3627400000,3137504
2023-07-24 13:30:00,2.3721909600,2.3721909600,2.3627400000,2.3627400000,117000
2023-07-24 13:45:00,2.3627400000,2.3721909600,2.3627400000,2.3627400000,237000
2023-07-24 14:00:00,2.3721909600,2.3721909600,2.3627400000,2.3627400000,273400
2023-07-24 14:15:00,2.3721909600,2.3721909600,2.3627400000,2.3721909600,495600
2023-07-24 14:30:00,2.3721909600,2.3721909600,2.3627400000,2.3627400000,573801
2023-07-24 14:45:00,2.3627400000,2.3721909600,2.3627400000,2.3721909600,415800
2023-07-24 15:00:00,2.3627400000,2.3721909600,2.3627400000,2.3721909600,1681196
2023-07-25 09:45:00,2.3816419200,2.4005438400,2.3721909600,2.4005438400,6290461
2023-07-25 10:00:00,2.4005438400,2.4005438400,2.3816419200,2.3816419200,2536439
2023-07-25 10:15:00,2.3910928800,2.3910928800,2.3816419200,2.3910928800,859600
2023-07-25 10:30:00,2.3816419200,2.3910928800,2.3816419200,2.3910928800,839900
2023-07-25 10:45:00,2.3910928800,2.3910928800,2.3816419200,2.3910928800,552500
2023-07-25 11:00:00,2.3910928800,2.3910928800,2.3816419200,2.3910928800,528297
2023-07-25 11:15:00,2.3816419200,2.3910928800,2.3816419200,2.3816419200,728400
2023-07-25 11:30:00,2.3910928800,2.3910928800,2.3816419200,2.3816419200,2384001
2023-07-25 13:15:00,2.3910928800,2.3910928800,2.3816419200,2.3910928800,1600800
2023-07-25 13:30:00,2.3816419200,2.3910928800,2.3816419200,2.3816419200,463400
2023-07-25 13:45:00,2.3910928800,2.3910928800,2.3816419200,2.3910928800,1964700
2023-07-25 14:00:00,2.3910928800,2.4005438400,2.3816419200,2.4005438400,2329700
2023-07-25 14:15:00,2.4005438400,2.4005438400,2.3910928800,2.3910928800,1092800
2023-07-25 14:30:00,2.4005438400,2.4005438400,2.3910928800,2.4005438400,974000
2023-07-25 14:45:00,2.4005438400,2.4005438400,2.3816419200,2.3910928800,2995100
2023-07-25 15:00:00,2.3910928800,2.4005438400,2.3910928800,2.3910928800,1892000
2023-07-26 09:45:00,2.4005438400,2.4005438400,2.3910928800,2.3910928800,2257300
2023-07-26 10:00:00,2.3910928800,2.4005438400,2.3910928800,2.3910928800,1235900
2023-07-26 10:15:00,2.3910928800,2.4005438400,2.3910928800,2.4005438400,865300
2023-07-26 10:30:00,2.3910928800,2.4005438400,2.3910928800,2.4005438400,1234400
2023-07-26 10:45:00,2.4005438400,2.4005438400,2.3910928800,2.4005438400,1050000
2023-07-26 11:00:00,2.4005438400,2.4005438400,2.3910928800,2.4005438400,1003200
2023-07-26 11:15:00,2.3910928800,2.4005438400,2.3910928800,2.3910928800,761197
2023-07-26 11:30:00,2.4005438400,2.4005438400,2.3910928800,2.4005438400,998300
2023-07-26 13:15:00,2.3910928800,2.4005438400,2.3910928800,2.4005438400,1283800
2023-07-26 13:30:00,2.4005438400,2.4005438400,2.3910928800,2.3910928800,1300200
2023-07-26 13:45:00,2.3910928800,2.4005438400,2.3910928800,2.3910928800,452400
2023-07-26 14:00:00,2.3910928800,2.4005438400,2.3910928800,2.4005438400,741300
2023-07-26 14:15:00,2.3910928800,2.4005438400,2.3910928800,2.4005438400,2983800
2023-07-26 14:30:00,2.4005438400,2.4099948000,2.3910928800,2.4099948000,4943176
2023-07-26 14:45:00,2.4005438400,2.4099948000,2.4005438400,2.4099948000,3706300
2023-07-26 15:00:00,2.4099948000,2.4194457600,2.4005438400,2.4099948000,5273290
2023-07-27 09:45:00,2.4194457600,2.4194457600,2.4099948000,2.4194457600,2758700
2023-07-27 10:00:00,2.4194457600,2.4288967200,2.4099948000,2.4194457600,5422700
2023-07-27 10:15:00,2.4288967200,2.4288967200,2.4194457600,2.4194457600,3622800
2023-07-27 10:30:00,2.4194457600,2.4288967200,2.4194457600,2.4194457600,1715200
2023-07-27 10:45:00,2.4288967200,2.4288967200,2.4194457600,2.4288967200,3406800
2023-07-27 11:00:00,2.4288967200,2.4383476800,2.4194457600,2.4194457600,2952549
2023-07-27 11:15:00,2.4194457600,2.4288967200,2.4194457600,2.4288967200,505100
2023-07-27 11:30:00,2.4194457600,2.4288967200,2.4194457600,2.4194457600,562400
2023-07-27 13:15:00,2.4288967200,2.4288967200,2.4194457600,2.4288967200,537000
2023-07-27 13:30:00,2.4288967200,2.4288967200,2.4194457600,2.4194457600,826800
2023-07-27 13:45:00,2.4194457600,2.4288967200,2.4099948000,2.4194457600,5601400
2023-07-27 14:00:00,2.4099948000,2.4194457600,2.4099948000,2.4194457600,626800
2023-07-27 14:15:00,2.4099948000,2.4288967200,2.4099948000,2.4288967200,4393100
2023-07-27 14:30:00,2.4288967200,2.4288967200,2.4194457600,2.4288967200,1434900
2023-07-27 14:45:00,2.4288967200,2.4288967200,2.4099948000,2.4099948000,1677700
2023-07-27 15:00:00,2.4099948000,2.4194457600,2.4099948000,2.4099948000,3067100
2023-07-28 09:45:00,2.4295890400,2.4295890400,2.4099955800,2.4197923100,11419300
2023-07-28 10:00:00,2.4197923100,2.4295890400,2.4099955800,2.4295890400,3611600
2023-07-28 10:15:00,2.4197923100,2.4295890400,2.4099955800,2.4197923100,3130400
2023-07-28 10:30:00,2.4197923100,2.4295890400,2.4197923100,2.4295890400,1759700
2023-07-28 10:45:00,2.4295890400,2.4393857700,2.4197923100,2.4393857700,5546287
2023-07-28 11:00:00,2.4295890400,2.4393857700,2.4295890400,2.4393857700,1479800
2023-07-28 11:15:00,2.4393857700,2.4491825000,2.4295890400,2.4393857700,3832897
2023-07-28 11:30:00,2.4393857700,2.4491825000,2.4295890400,2.4491825000,2655401
2023-07-28 13:15:00,2.4491825000,2.4589792300,2.4393857700,2.4491825000,4454113
2023-07-28 13:30:00,2.4589792300,2.4589792300,2.4491825000,2.4589792300,1588800
2023-07-28 13:45:00,2.4589792300,2.4589792300,2.4393857700,2.4491825000,3374400
2023-07-28 14:00:00,2.4393857700,2.4589792300,2.4393857700,2.4589792300,2726400
2023-07-28 14:15:00,2.4491825000,2.4589792300,2.4491825000,2.4491825000,1639500
2023-07-28 14:30:00,2.4491825000,2.4589792300,2.4491825000,2.4589792300,2276252
2023-07-28 14:45:00,2.4589792300,2.4589792300,2.4491825000,2.4589792300,2009300
2023-07-28 15:00:00,2.4491825000,2.4589792300,2.4491825000,2.4589792300,4459500
2023-07-31 09:45:00,2.4589792300,2.4785726900,2.4589792300,2.4785726900,7140400
2023-07-31 10:00:00,2.4785726900,2.4785726900,2.4589792300,2.4687759600,5120400
2023-07-31 10:15:00,2.4687759600,2.4883694200,2.4687759600,2.4883694200,7629600
2023-07-31 10:30:00,2.4883694200,2.4883694200,2.4687759600,2.4687759600,6285500
2023-07-31 10:45:00,2.4785726900,2.4883694200,2.4687759600,2.4785726900,3260300
2023-07-31 11:00:00,2.4785726900,2.4883694200,2.4687759600,2.4883694200,2324600
2023-07-31 11:15:00,2.4785726900,2.4883694200,2.4687759600,2.4785726900,862000
2023-07-31 11:30:00,2.4785726900,2.4785726900,2.4687759600,2.4687759600,1261310
2023-07-31 13:15:00,2.4785726900,2.4785726900,2.4687759600,2.4687759600,1824500
2023-07-31 13:30:00,2.4687759600,2.4785726900,2.4687759600,2.4785726900,1685600
2023-07-31 13:45:00,2.4785726900,2.4785726900,2.4687759600,2.4687759600,1375100
2023-07-31 14:00:00,2.4687759600,2.4785726900,2.4687759600,2.4687759600,3724300
2023-07-31 14:15:00,2.4687759600,2.4785726900,2.4589792300,2.4687759600,2505900
2023-07-31 14:30:00,2.4785726900,2.4785726900,2.4589792300,2.4687759600,2683900
2023-07-31 14:45:00,2.4589792300,2.4785726900,2.4589792300,2.4687759600,1928400
2023-07-31 15:00:00,2.4687759600,2.4785726900,2.4687759600,2.4687759600,5974300
2023-08-01 09:45:00,2.4687759600,2.4785726900,2.4589792300,2.4785726900,3378100
2023-08-01 10:00:00,2.4785726900,2.4883694200,2.4687759600,2.4785726900,4445800
2023-08-01 10:15:00,2.4785726900,2.4981661500,2.4785726900,2.4981661500,4557861
2023-08-01 10:30:00,2.4883694200,2.4981661500,2.4785726900,2.4883694200,1820200
2023-08-01 10:45:00,2.4883694200,2.4883694200,2.4785726900,2.4785726900,1714900
2023-08-01 11:00:00,2.4883694200,2.4883694200,2.4785726900,2.4883694200,1031800
2023-08-01 11:15:00,2.4785726900,2.4883694200,2.4687759600,2.4883694200,3764300
2023-08-01 11:30:00,2.4883694200,2.4883694200,2.4785726900,2.4883694200,615200
2023-08-01 13:15:00,2.4883694200,2.4981661500,2.4785726900,2.4883694200,5617900
2023-08-01 13:30:00,2.4883694200,2.4981661500,2.4883694200,2.4981661500,3175400
2023-08-01 13:45:00,2.4981661500,2.4981661500,2.4785726900,2.4785726900,5052910
2023-08-01 14:00:00,2.4785726900,2.4883694200,2.4785726900,2.4883694200,2792600
2023-08-01 14:15:00,2.4883694200,2.4883694200,2.4785726900,2.4785726900,1238801
2023-08-01 14:30:00,2.4883694200,2.4883694200,2.4785726900,2.4883694200,2352400
2023-08-01 14:45:00,2.4785726900,2.4981661500,2.4785726900,2.4883694200,5423100
2023-08-01 15:00:00,2.4785726900,2.4883694200,2.4785726900,2.4883694200,2225264
2023-08-02 09:45:00,2.4981661500,2.4981661500,2.4785726900,2.4883694200,4217700
2023-08-02 10:00:00,2.4883694200,2.4981661500,2.4785726900,2.4883694200,4049500
2023-08-02 10:15:00,2.4883694200,2.4981661500,2.4785726900,2.4785726900,1540500
2023-08-02 10:30:00,2.4785726900,2.4883694200,2.4785726900,2.4785726900,1144500
2023-08-02 10:45:00,2.4883694200,2.4883694200,2.4785726900,2.4883694200,761700
2023-08-02 11:00:00,2.4785726900,2.4883694200,2.4687759600,2.4687759600,5597700
2023-08-02 11:15:00,2.4785726900,2.4785726900,2.4687759600,2.4785726900,1958700
2023-08-02 11:30:00,2.4785726900,2.4785726900,2.4687759600,2.4687759600,2686400
2023-08-02 13:15:00,2.4785726900,2.4883694200,2.4687759600,2.4883694200,3087800
2023-08-02 13:30:00,2.4785726900,2.4883694200,2.4785726900,2.4883694200,847600
2023-08-02 13:45:00,2.4883694200,2.4883694200,2.4785726900,2.4883694200,881000
2023-08-02 14:00:00,2.4883694200,2.4883694200,2.4785726900,2.4883694200,998100
2023-08-02 14:15:00,2.4883694200,2.4883694200,2.4785726900,2.4883694200,2047150
2023-08-02 14:30:00,2.4883694200,2.4883694200,2.4687759600,2.4785726900,3412150
2023-08-02 14:45:00,2.4785726900,2.4883694200,2.4687759600,2.4785726900,4023100
2023-08-02 15:00:00,2.4883694200,2.4883694200,2.4785726900,2.4883694200,1922607
2023-08-03 09:45:00,2.4883694200,2.4883694200,2.4687759600,2.4785726900,5721900
2023-08-03 10:00:00,2.4687759600,2.4883694200,2.4687759600,2.4785726900,3821900
2023-08-03 10:15:00,2.4785726900,2.4883694200,2.4687759600,2.4785726900,2375400
2023-08-03 10:30:00,2.4785726900,2.4981661500,2.4687759600,2.4883694200,6039300
2023-08-03 10:45:00,2.4785726900,2.4981661500,2.4785726900,2.4785726900,947700
2023-08-03 11:00:00,2.4785726900,2.4883694200,2.4785726900,2.4883694200,580600
2023-08-03 11:15:00,2.4785726900,2.4883694200,2.4785726900,2.4883694200,401800
2023-08-03 11:30:00,2.4883694200,2.4883694200,2.4785726900,2.4785726900,1055617
2023-08-03 13:15:00,2.4785726900,2.4981661500,2.4785726900,2.4981661500,3892652
2023-08-03 13:30:00,2.4883694200,2.4981661500,2.4883694200,2.4883694200,1150200
2023-08-03 13:45:00,2.4981661500,2.4981661500,2.4883694200,2.4981661500,1442800
2023-08-03 14:00:00,2.4981661500,2.4981661500,2.4883694200,2.4981661500,1172500
2023-08-03 14:15:00,2.4981661500,2.4981661500,2.4785726900,2.4883694200,6264600
2023-08-03 14:30:00,2.4883694200,2.4883694200,2.4785726900,2.4883694200,1335800
2023-08-03 14:45:00,2.4883694200,2.4883694200,2.4785726900,2.4883694200,3170600
2023-08-03 15:00:00,2.4785726900,2.4981661500,2.4785726900,2.4883694200,4186654
2023-08-04 09:45:00,2.4883694200,2.5079628800,2.4785726900,2.5079628800,5212314
2023-08-04 10:00:00,2.5079628800,2.5079628800,2.4883694200,2.4981661500,5277900
2023-08-04 10:15:00,2.4981661500,2.4981661500,2.4883694200,2.4883694200,1021600
2023-08-04 10:30:00,2.4981661500,2.4981661500,2.4883694200,2.4981661500,1056100
2023-08-04 10:45:00,2.4981661500,2.4981661500,2.4883694200,2.4981661500,947000
2023-08-04 11:00:00,2.4981661500,2.4981661500,2.4883694200,2.4981661500,945500
2023-08-04 11:15:00,2.4981661500,2.4981661500,2.4883694200,2.4981661500,1228300
2023-08-04 11:30:00,2.4981661500,2.4981661500,2.4883694200,2.4883694200,652200
2023-08-04 13:15:00,2.4981661500,2.4981661500,2.4883694200,2.4981661500,958500
2023-08-04 13:30:00,2.4883694200,2.4981661500,2.4883694200,2.4981661500,1081300
2023-08-04 13:45:00,2.4981661500,2.4981661500,2.4883694200,2.4981661500,1546300
2023-08-04 14:00:00,2.4981661500,2.4981661500,2.4883694200,2.4883694200,4989400
2023-08-04 14:15:00,2.4981661500,2.4981661500,2.4883694200,2.4981661500,2638400
2023-08-04 14:30:00,2.4981661500,2.4981661500,2.4883694200,2.4981661500,1291700
2023-08-04 14:45:00,2.4981661500,2.4981661500,2.4883694200,2.4981661500,2674600
2023-08-04 15:00:00,2.4883694200,2.4981661500,2.4883694200,2.4883694200,3301400
2023-08-07 09:45:00,2.4883694200,2.4883694200,2.4687759600,2.4785726900,3350300
2023-08-07 10:00:00,2.4785726900,2.4785726900,2.4687759600,2.4687759600,2125200
2023-08-07 10:15:00,2.4785726900,2.4785726900,2.4687759600,2.4785726900,1426700
2023-08-07 10:30:00,2.4687759600,2.4785726900,2.4687759600,2.4785726900,943300
2023-08-07 10:45:00,2.4785726900,2.4785726900,2.4687759600,2.4687759600,835600
2023-08-07 11:00:00,2.4687759600,2.4785726900,2.4687759600,2.4785726900,1914600
2023-08-07 11:15:00,2.4785726900,2.4785726900,2.4687759600,2.4785726900,651400
2023-08-07 11:30:00,2.4687759600,2.4785726900,2.4687759600,2.4687759600,980600
2023-08-07 13:15:00,2.4687759600,2.4785726900,2.4687759600,2.4687759600,1239601
2023-08-07 13:30:00,2.4687759600,2.4785726900,2.4589792300,2.4589792300,4581399
2023-08-07 13:45:00,2.4589792300,2.4687759600,2.4589792300,2.4589792300,4594100
2023-08-07 14:00:00,2.4687759600,2.4687759600,2.4589792300,2.4589792300,2177000
2023-08-07 14:15:00,2.4687759600,2.4687759600,2.4589792300,2.4589792300,2295955
2023-08-07 14:30:00,2.4687759600,2.4687759600,2.4589792300,2.4589792300,1018701
2023-08-07 14:45:00,2.4687759600,2.4687759600,2.4589792300,2.4589792300,2063400
2023-08-07 15:00:00,2.4589792300,2.4687759600,2.4589792300,2.4687759600,3321140
2023-08-08 09:45:00,2.4687759600,2.4687759600,2.4491825000,2.4491825000,2928200
2023-08-08 10:00:00,2.4491825000,2.4589792300,2.4393857700,2.4393857700,8114400
2023-08-08 10:15:00,2.4491825000,2.4491825000,2.4295890400,2.4491825000,4091887
2023-08-08 10:30:00,2.4393857700,2.4491825000,2.4393857700,2.4491825000,746300
2023-08-08 10:45:00,2.4491825000,2.4589792300,2.4393857700,2.4589792300,4201989
2023-08-08 11:00:00,2.4589792300,2.4589792300,2.4491825000,2.4491825000,742700
2023-08-08 11:15:00,2.4491825000,2.4589792300,2.4491825000,2.4589792300,607201
2023-08-08 11:30:00,2.4589792300,2.4589792300,2.4491825000,2.4491825000,733800
2023-08-08 13:15:00,2.4589792300,2.4589792300,2.4491825000,2.4589792300,493900
2023-08-08 13:30:00,2.4589792300,2.4589792300,2.4491825000,2.4589792300,1919500
2023-08-08 13:45:00,2.4589792300,2.4589792300,2.4491825000,2.4491825000,745600
2023-08-08 14:00:00,2.4589792300,2.4589792300,2.4491825000,2.4491825000,818800
2023-08-08 14:15:00,2.4589792300,2.4589792300,2.4491825000,2.4589792300,837900
2023-08-08 14:30:00,2.4589792300,2.4589792300,2.4491825000,2.4589792300,557100
2023-08-08 14:45:00,2.4589792300,2.4589792300,2.4393857700,2.4491825000,2457600
2023-08-08 15:00:00,2.4491825000,2.4589792300,2.4491825000,2.4491825000,3271321
2023-08-09 09:45:00,2.4393857700,2.4491825000,2.4393857700,2.4393857700,2895400
2023-08-09 10:00:00,2.4491825000,2.4491825000,2.4393857700,2.4491825000,1230200
2023-08-09 10:15:00,2.4393857700,2.4491825000,2.4393857700,2.4393857700,940300
2023-08-09 10:30:00,2.4393857700,2.4491825000,2.4393857700,2.4491825000,820000
2023-08-09 10:45:00,2.4491825000,2.4491825000,2.4393857700,2.4393857700,668100
2023-08-09 11:00:00,2.4491825000,2.4491825000,2.4393857700,2.4393857700,621000
2023-08-09 11:15:00,2.4491825000,2.4491825000,2.4393857700,2.4491825000,934900
2023-08-09 11:30:00,2.4491825000,2.4491825000,2.4393857700,2.4491825000,1140300
2023-08-09 13:15:00,2.4491825000,2.4491825000,2.4393857700,2.4491825000,763700
2023-08-09 13:30:00,2.4491825000,2.4491825000,2.4393857700,2.4491825000,598900
2023-08-09 13:45:00,2.4393857700,2.4491825000,2.4393857700,2.4491825000,691800
2023-08-09 14:00:00,2.4491825000,2.4491825000,2.4295890400,2.4393857700,3647900
2023-08-09 14:15:00,2.4393857700,2.4491825000,2.4295890400,2.4491825000,1183700
2023-08-09 14:30:00,2.4491825000,2.4491825000,2.4393857700,2.4393857700,486800
2023-08-09 14:45:00,2.4393857700,2.4491825000,2.4393857700,2.4491825000,1188800
2023-08-09 15:00:00,2.4393857700,2.4491825000,2.4295890400,2.4295890400,2559700
2023-08-10 09:45:00,2.4393857700,2.4589792300,2.4295890400,2.4589792300,7029100
2023-08-10 10:00:00,2.4589792300,2.4589792300,2.4491825000,2.4589792300,1251700
2023-08-10 10:15:00,2.4589792300,2.4883694200,2.4491825000,2.4785726900,12229800
2023-08-10 10:30:00,2.4785726900,2.4883694200,2.4785726900,2.4883694200,4999400
2023-08-10 10:45:00,2.4883694200,2.4883694200,2.4785726900,2.4883694200,1139400
2023-08-10 11:00:00,2.4785726900,2.4883694200,2.4687759600,2.4785726900,2478900
2023-08-10 11:15:00,2.4785726900,2.4785726900,2.4687759600,2.4785726900,444300
2023-08-10 11:30:00,2.4687759600,2.4785726900,2.4687759600,2.4687759600,1464300
2023-08-10 13:15:00,2.4687759600,2.4687759600,2.4589792300,2.4687759600,2703300
2023-08-10 13:30:00,2.4589792300,2.4687759600,2.4589792300,2.4589792300,695500
2023-08-10 13:45:00,2.4687759600,2.4785726900,2.4589792300,2.4785726900,1217800
2023-08-10 14:00:00,2.4687759600,2.4785726900,2.4687759600,2.4785726900,591000
2023-08-10 14:15:00,2.4687759600,2.4785726900,2.4687759600,2.4687759600,571300
2023-08-10 14:30:00,2.4687759600,2.4785726900,2.4687759600,2.4687759600,371300
2023-08-10 14:45:00,2.4687759600,2.4785726900,2.4687759600,2.4687759600,997400
2023-08-10 15:00:00,2.4687759600,2.4785726900,2.4589792300,2.4687759600,2345600
2023-08-11 09:45:00,2.4687759600,2.4785726900,2.4589792300,2.4589792300,1755500
2023-08-11 10:00:00,2.4589792300,2.4687759600,2.4491825000,2.4491825000,2346800
2023-08-11 10:15:00,2.4491825000,2.4687759600,2.4491825000,2.4491825000,1538400
2023-08-11 10:30:00,2.4589792300,2.4589792300,2.4491825000,2.4589792300,558800
2023-08-11 10:45:00,2.4589792300,2.4589792300,2.4393857700,2.4393857700,4906800
2023-08-11 11:00:00,2.4393857700,2.4491825000,2.4295890400,2.4295890400,3421500
2023-08-11 11:15:00,2.4393857700,2.4491825000,2.4295890400,2.4393857700,1718000
2023-08-11 11:30:00,2.4295890400,2.4491825000,2.4295890400,2.4393857700,1397300
2023-08-11 13:15:00,2.4393857700,2.4491825000,2.4393857700,2.4393857700,618000
2023-08-11 13:30:00,2.4393857700,2.4491825000,2.4295890400,2.4491825000,1356200
2023-08-11 13:45:00,2.4491825000,2.4491825000,2.4393857700,2.4393857700,1149500
2023-08-11 14:00:00,2.4491825000,2.4491825000,2.4393857700,2.4393857700,837600
2023-08-11 14:15:00,2.4491825000,2.4491825000,2.4295890400,2.4393857700,1066600
2023-08-11 14:30:00,2.4393857700,2.4393857700,2.4295890400,2.4393857700,2156300
2023-08-11 14:45:00,2.4393857700,2.4393857700,2.4197923100,2.4295890400,4877900
2023-08-11 15:00:00,2.4295890400,2.4295890400,2.4197923100,2.4197923100,3002600
2023-08-14 09:45:00,2.4197923100,2.4295890400,2.4099955800,2.4099955800,3485900
2023-08-14 10:00:00,2.4099955800,2.4295890400,2.4099955800,2.4197923100,1274200
2023-08-14 10:15:00,2.4295890400,2.4295890400,2.4197923100,2.4197923100,662100
2023-08-14 10:30:00,2.4197923100,2.4295890400,2.4197923100,2.4295890400,555700
2023-08-14 10:45:00,2.4197923100,2.4295890400,2.4197923100,2.4197923100,1785100
2023-08-14 11:00:00,2.4197923100,2.4197923100,2.4099955800,2.4197923100,1153200
2023-08-14 11:15:00,2.4197923100,2.4197923100,2.4099955800,2.4099955800,3451800
2023-08-14 11:30:00,2.4099955800,2.4197923100,2.4099955800,2.4197923100,1179300
2023-08-14 13:15:00,2.4197923100,2.4197923100,2.4099955800,2.4099955800,463900
2023-08-14 13:30:00,2.4099955800,2.4197923100,2.4099955800,2.4099955800,280300
2023-08-14 13:45:00,2.4197923100,2.4197923100,2.4099955800,2.4099955800,924700
2023-08-14 14:00:00,2.4099955800,2.4295890400,2.4099955800,2.4295890400,1758600
2023-08-14 14:15:00,2.4197923100,2.4295890400,2.4197923100,2.4295890400,289400
2023-08-14 14:30:00,2.4197923100,2.4295890400,2.4197923100,2.4197923100,505700
2023-08-14 14:45:00,2.4197923100,2.4295890400,2.4197923100,2.4197923100,966500
2023-08-14 15:00:00,2.4197923100,2.4295890400,2.4197923100,2.4197923100,1605500
2023-08-15 09:45:00,2.4295890400,2.4295890400,2.4099955800,2.4099955800,2384300
2023-08-15 10:00:00,2.4197923100,2.4295890400,2.4099955800,2.4295890400,2713600
2023-08-15 10:15:00,2.4295890400,2.4295890400,2.4099955800,2.4099955800,2994600
2023-08-15 10:30:00,2.4197923100,2.4295890400,2.4099955800,2.4197923100,2263100
2023-08-15 10:45:00,2.4295890400,2.4295890400,2.4197923100,2.4295890400,351200
2023-08-15 11:00:00,2.4295890400,2.4393857700,2.4295890400,2.4393857700,1975900
2023-08-15 11:15:00,2.4393857700,2.4393857700,2.4197923100,2.4197923100,552500
2023-08-15 11:30:00,2.4197923100,2.4393857700,2.4197923100,2.4295890400,554800
2023-08-15 13:15:00,2.4295890400,2.4295890400,2.4197923100,2.4197923100,463500
2023-08-15 13:30:00,2.4197923100,2.4295890400,2.4099955800,2.4197923100,2921300
2023-08-15 13:45:00,2.4197923100,2.4197923100,2.4099955800,2.4197923100,1336900
2023-08-15 14:00:00,2.4197923100,2.4295890400,2.4197923100,2.4197923100,280600
2023-08-15 14:15:00,2.4197923100,2.4295890400,2.4197923100,2.4295890400,1822400
2023-08-15 14:30:00,2.4393857700,2.4393857700,2.4197923100,2.4295890400,597100
2023-08-15 14:45:00,2.4295890400,2.4393857700,2.4197923100,2.4295890400,1972800
2023-08-15 15:00:00,2.4295890400,2.4393857700,2.4197923100,2.4295890400,1217600
2023-08-16 09:45:00,2.4197923100,2.4295890400,2.4099955800,2.4197923100,2027000
2023-08-16 10:00:00,2.4099955800,2.4295890400,2.4099955800,2.4295890400,2975800
2023-08-16 10:15:00,2.4295890400,2.4295890400,2.4197923100,2.4295890400,679900
2023-08-16 10:30:00,2.4295890400,2.4295890400,2.4099955800,2.4295890400,3034300
2023-08-16 10:45:00,2.4295890400,2.4295890400,2.4197923100,2.4295890400,624200
2023-08-16 11:00:00,2.4197923100,2.4295890400,2.4197923100,2.4197923100,509400
2023-08-16 11:15:00,2.4197923100,2.4393857700,2.4197923100,2.4295890400,1408900
2023-08-16 11:30:00,2.4295890400,2.4393857700,2.4295890400,2.4295890400,596200
2023-08-16 13:15:00,2.4295890400,2.4393857700,2.4295890400,2.4295890400,940800
2023-08-16 13:30:00,2.4295890400,2.4393857700,2.4197923100,2.4197923100,847100
2023-08-16 13:45:00,2.4197923100,2.4295890400,2.4197923100,2.4295890400,322800
2023-08-16 14:00:00,2.4295890400,2.4295890400,2.4197923100,2.4295890400,566000
2023-08-16 14:15:00,2.4295890400,2.4295890400,2.4197923100,2.4197923100,1474000
2023-08-16 14:30:00,2.4197923100,2.4295890400,2.4197923100,2.4197923100,648000
2023-08-16 14:45:00,2.4197923100,2.4295890400,2.4197923100,2.4197923100,725200
2023-08-16 15:00:00,2.4197923100,2.4295890400,2.4197923100,2.4197923100,1758200
2023-08-17 09:45:00,2.4197923100,2.4197923100,2.4099955800,2.4197923100,1913500
2023-08-17 10:00:00,2.4197923100,2.4197923100,2.4099955800,2.4099955800,1128700
2023-08-17 10:15:00,2.4197923100,2.4197923100,2.4099955800,2.4099955800,985900
2023-08-17 10:30:00,2.4099955800,2.4197923100,2.4099955800,2.4099955800,765400
2023-08-17 10:45:00,2.4197923100,2.4197923100,2.4099955800,2.4099955800,545700
2023-08-17 11:00:00,2.4197923100,2.4197923100,2.4099955800,2.4099955800,469100
2023-08-17 11:15:00,2.4099955800,2.4197923100,2.4099955800,2.4197923100,706700
2023-08-17 11:30:00,2.4197923100,2.4197923100,2.4099955800,2.4197923100,883100
2023-08-17 13:15:00,2.4197923100,2.4197923100,2.4099955800,2.4197923100,837000
2023-08-17 13:30:00,2.4197923100,2.4197923100,2.4001988500,2.4001988500,4228400
2023-08-17 13:45:00,2.4099955800,2.4099955800,2.4001988500,2.4001988500,903000
2023-08-17 14:00:00,2.4099955800,2.4099955800,2.4001988500,2.4001988500,568800
2023-08-17 14:15:00,2.4099955800,2.4197923100,2.4001988500,2.4099955800,3089500
2023-08-17 14:30:00,2.4099955800,2.4197923100,2.4099955800,2.4197923100,772700
2023-08-17 14:45:00,2.4197923100,2.4295890400,2.4099955800,2.4197923100,2573400
2023-08-17 15:00:00,2.4197923100,2.4295890400,2.4197923100,2.4295890400,2092500
2023-08-18 09:45:00,2.4197923100,2.4491825000,2.4197923100,2.4393857700,7361900
2023-08-18 10:00:00,2.4491825000,2.4589792300,2.4393857700,2.4589792300,5323400
2023-08-18 10:15:00,2.4491825000,2.4785726900,2.4491825000,2.4589792300,7100600
2023-08-18 10:30:00,2.4589792300,2.4687759600,2.4491825000,2.4589792300,2889000
2023-08-18 10:45:00,2.4589792300,2.4589792300,2.4491825000,2.4491825000,1390800
2023-08-18 11:00:00,2.4491825000,2.4687759600,2.4491825000,2.4687759600,1611300
2023-08-18 11:15:00,2.4589792300,2.4687759600,2.4491825000,2.4491825000,504900
2023-08-18 11:30:00,2.4491825000,2.4589792300,2.4491825000,2.4589792300,512000
2023-08-18 13:15:00,2.4589792300,2.4589792300,2.4393857700,2.4393857700,2966800
2023-08-18 13:30:00,2.4491825000,2.4491825000,2.4393857700,2.4491825000,567300
2023-08-18 13:45:00,2.4491825000,2.4491825000,2.4393857700,2.4393857700,780400
2023-08-18 14:00:00,2.4393857700,2.4491825000,2.4393857700,2.4393857700,1203400
2023-08-18 14:15:00,2.4491825000,2.4491825000,2.4295890400,2.4295890400,2054800
2023-08-18 14:30:00,2.4295890400,2.4393857700,2.4295890400,2.4295890400,732100
2023-08-18 14:45:00,2.4295890400,2.4393857700,2.4295890400,2.4393857700,1456400
2023-08-18 15:00:00,2.4393857700,2.4393857700,2.4197923100,2.4197923100,3528900
2023-08-21 09:45:00,2.4295890400,2.4687759600,2.4197923100,2.4393857700,9293100
2023-08-21 10:00:00,2.4393857700,2.4393857700,2.4197923100,2.4295890400,2467600
2023-08-21 10:15:00,2.4197923100,2.4393857700,2.4197923100,2.4295890400,2750400
2023-08-21 10:30:00,2.4295890400,2.4393857700,2.4197923100,2.4393857700,3260700
2023-08-21 10:45:00,2.4295890400,2.4393857700,2.4295890400,2.4295890400,537400
2023-08-21 11:00:00,2.4295890400,2.4393857700,2.4295890400,2.4295890400,556700
2023-08-21 11:15:00,2.4295890400,2.4295890400,2.4197923100,2.4197923100,1607800
2023-08-21 11:30:00,2.4295890400,2.4393857700,2.4197923100,2.4197923100,1049900
2023-08-21 13:15:00,2.4295890400,2.4393857700,2.4197923100,2.4295890400,1901800
2023-08-21 13:30:00,2.4295890400,2.4295890400,2.4197923100,2.4295890400,273200
2023-08-21 13:45:00,2.4295890400,2.4295890400,2.4197923100,2.4197923100,193300
2023-08-21 14:00:00,2.4197923100,2.4295890400,2.4197923100,2.4295890400,988400
2023-08-21 14:15:00,2.4295890400,2.4295890400,2.4099955800,2.4197923100,2475800
2023-08-21 14:30:00,2.4099955800,2.4197923100,2.4099955800,2.4099955800,486600
2023-08-21 14:45:00,2.4099955800,2.4197923100,2.4001988500,2.4001988500,6116300
2023-08-21 15:00:00,2.4001988500,2.4099955800,2.3904021200,2.3904021200,6154300
2023-08-22 09:45:00,2.3904021200,2.4099955800,2.3904021200,2.4001988500,4836600
2023-08-22 10:00:00,2.4001988500,2.4099955800,2.3904021200,2.4099955800,2115100
2023-08-22 10:15:00,2.4099955800,2.4099955800,2.3904021200,2.4001988500,2543400
2023-08-22 10:30:00,2.4001988500,2.4099955800,2.3904021200,2.4001988500,1259900
2023-08-22 10:45:00,2.4001988500,2.4099955800,2.4001988500,2.4001988500,1123100
2023-08-22 11:00:00,2.4001988500,2.4099955800,2.3904021200,2.4001988500,1406900
2023-08-22 11:15:00,2.4001988500,2.4099955800,2.3904021200,2.4099955800,1527200
2023-08-22 11:30:00,2.4001988500,2.4099955800,2.3904021200,2.4001988500,547900
2023-08-22 13:15:00,2.3904021200,2.4197923100,2.3904021200,2.4099955800,4756900
2023-08-22 13:30:00,2.4099955800,2.4099955800,2.3904021200,2.3904021200,1193200
2023-08-22 13:45:00,2.3904021200,2.4001988500,2.3904021200,2.3904021200,1510500
2023-08-22 14:00:00,2.3904021200,2.4001988500,2.3806053900,2.3806053900,3747600
2023-08-22 14:15:00,2.3806053900,2.4099955800,2.3806053900,2.4001988500,2435200
2023-08-22 14:30:00,2.4001988500,2.4099955800,2.4001988500,2.4099955800,830100
2023-08-22 14:45:00,2.4001988500,2.4099955800,2.4001988500,2.4099955800,2242500
2023-08-22 15:00:00,2.4099955800,2.4099955800,2.4001988500,2.4001988500,3421900
2023-08-23 09:45:00,2.4001988500,2.4001988500,2.3904021200,2.3904021200,2068600
2023-08-23 10:00:00,2.3904021200,2.4001988500,2.3904021200,2.4001988500,631900
2023-08-23 10:15:00,2.3904021200,2.4001988500,2.3806053900,2.3806053900,4938000
2023-08-23 10:30:00,2.3806053900,2.3904021200,2.3806053900,2.3806053900,705500
2023-08-23 10:45:00,2.3806053900,2.3904021200,2.3806053900,2.3806053900,534500
2023-08-23 11:00:00,2.3806053900,2.3904021200,2.3806053900,2.3904021200,454400
2023-08-23 11:15:00,2.3904021200,2.3904021200,2.3806053900,2.3904021200,693500
2023-08-23 11:30:00,2.3806053900,2.4001988500,2.3806053900,2.4001988500,1737000
2023-08-23 13:15:00,2.3904021200,2.4001988500,2.3806053900,2.4001988500,1398900
2023-08-23 13:30:00,2.4001988500,2.4001988500,2.3806053900,2.3904021200,1182300
2023-08-23 13:45:00,2.4001988500,2.4001988500,2.3904021200,2.3904021200,277700
2023-08-23 14:00:00,2.3904021200,2.4099955800,2.3904021200,2.4001988500,2342700
2023-08-23 14:15:00,2.4001988500,2.4099955800,2.3904021200,2.3904021200,622100
2023-08-23 14:30:00,2.3904021200,2.4001988500,2.3806053900,2.3904021200,2135000
2023-08-23 14:45:00,2.3904021200,2.3904021200,2.3806053900,2.3806053900,820700
2023-08-23 15:00:00,2.3806053900,2.3904021200,2.3806053900,2.3806053900,3736600
2023-08-24 09:45:00,2.3806053900,2.3904021200,2.3708086600,2.3806053900,2832500
2023-08-24 10:00:00,2.3904021200,2.3904021200,2.3708086600,2.3708086600,2087600
2023-08-24 10:15:00,2.3708086600,2.3806053900,2.3610119300,2.3708086600,3633300
2023-08-24 10:30:00,2.3610119300,2.3806053900,2.3610119300,2.3610119300,1912400
2023-08-24 10:45:00,2.3610119300,2.3708086600,2.3610119300,2.3708086600,1665500
2023-08-24 11:00:00,2.3708086600,2.3708086600,2.3610119300,2.3610119300,3036900
2023-08-24 11:15:00,2.3610119300,2.3610119300,2.3512152000,2.3610119300,2137900
2023-08-24 11:30:00,2.3512152000,2.3610119300,2.3512152000,2.3610119300,1823100
2023-08-24 13:15:00,2.3610119300,2.3708086600,2.3512152000,2.3610119300,4978500
2023-08-24 13:30:00,2.3610119300,2.3610119300,2.3512152000,2.3512152000,2661000
2023-08-24 13:45:00,2.3512152000,2.3708086600,2.3512152000,2.3708086600,3175400
2023-08-24 14:00:00,2.3610119300,2.3708086600,2.3610119300,2.3610119300,623100
2023-08-24 14:15:00,2.3610119300,2.3708086600,2.3512152000,2.3512152000,2408100
2023-08-24 14:30:00,2.3512152000,2.3610119300,2.3512152000,2.3610119300,589900
2023-08-24 14:45:00,2.3610119300,2.3610119300,2.3512152000,2.3512152000,1187200
2023-08-24 15:00:00,2.3610119300,2.3610119300,2.3512152000,2.3512152000,2602900
2023-08-25 09:45:00,2.3512152000,2.3512152000,2.3218250100,2.3414184700,5570400
2023-08-25 10:00:00,2.3316217400,2.3610119300,2.3316217400,2.3610119300,4052300
2023-08-25 10:15:00,2.3512152000,2.3708086600,2.3512152000,2.3708086600,3684700
2023-08-25 10:30:00,2.3610119300,2.3708086600,2.3512152000,2.3610119300,1003400
2023-08-25 10:45:00,2.3610119300,2.3708086600,2.3512152000,2.3610119300,1701400
2023-08-25 11:00:00,2.3610119300,2.3708086600,2.3610119300,2.3610119300,1204600
2023-08-25 11:15:00,2.3610119300,2.3708086600,2.3512152000,2.3610119300,549900
2023-08-25 11:30:00,2.3610119300,2.3610119300,2.3512152000,2.3512152000,415400
2023-08-25 13:15:00,2.3610119300,2.3708086600,2.3512152000,2.3512152000,1450800
2023-08-25 13:30:00,2.3512152000,2.3708086600,2.3512152000,2.3610119300,1048400
2023-08-25 13:45:00,2.3512152000,2.3610119300,2.3512152000,2.3610119300,641100
2023-08-25 14:00:00,2.3610119300,2.3708086600,2.3512152000,2.3708086600,1168300
2023-08-25 14:15:00,2.3708086600,2.3708086600,2.3512152000,2.3512152000,1120100
2023-08-25 14:30:00,2.3610119300,2.3610119300,2.3414184700,2.3610119300,2402300
2023-08-25 14:45:00,2.3512152000,2.3610119300,2.3414184700,2.3414184700,1020600
2023-08-25 15:00:00,2.3414184700,2.3610119300,2.3414184700,2.3512152000,1478100
2023-08-28 09:45:00,2.4295890400,2.4491825000,2.3904021200,2.4099955800,15754800
2023-08-28 10:00:00,2.4099955800,2.4197923100,2.4001988500,2.4099955800,2784600
2023-08-28 10:15:00,2.4099955800,2.4099955800,2.3904021200,2.4099955800,6736000
2023-08-28 10:30:00,2.4099955800,2.4099955800,2.3904021200,2.4001988500,2528000
2023-08-28 10:45:00,2.4001988500,2.4099955800,2.4001988500,2.4099955800,836000
2023-08-28 11:00:00,2.4001988500,2.4197923100,2.4001988500,2.4197923100,2952400
2023-08-28 11:15:00,2.4197923100,2.4197923100,2.4001988500,2.4099955800,2074300
2023-08-28 11:30:00,2.4197923100,2.4197923100,2.4001988500,2.4001988500,2690300
2023-08-28 13:15:00,2.4001988500,2.4099955800,2.3904021200,2.3904021200,4097100
2023-08-28 13:30:00,2.3904021200,2.4001988500,2.3904021200,2.4001988500,1110300
2023-08-28 13:45:00,2.4001988500,2.4001988500,2.3904021200,2.4001988500,2051400
2023-08-28 14:00:00,2.4001988500,2.4001988500,2.3806053900,2.3806053900,3349000
2023-08-28 14:15:00,2.3806053900,2.4001988500,2.3806053900,2.3904021200,785300
2023-08-28 14:30:00,2.3806053900,2.3904021200,2.3708086600,2.3806053900,2733800
2023-08-28 14:45:00,2.3806053900,2.3806053900,2.3708086600,2.3806053900,795000
2023-08-28 15:00:00,2.3708086600,2.3806053900,2.3708086600,2.3806053900,2789800
2023-08-29 09:45:00,2.3708086600,2.3806053900,2.3610119300,2.3806053900,4425600
2023-08-29 10:00:00,2.3806053900,2.3806053900,2.3610119300,2.3708086600,4693000
2023-08-29 10:15:00,2.3708086600,2.3708086600,2.3512152000,2.3610119300,5712100
2023-08-29 10:30:00,2.3610119300,2.3610119300,2.3512152000,2.3610119300,1226700
2023-08-29 10:45:00,2.3610119300,2.3708086600,2.3512152000,2.3708086600,2552800
2023-08-29 11:00:00,2.3708086600,2.3806053900,2.3610119300,2.3806053900,1841500
2023-08-29 11:15:00,2.3708086600,2.3806053900,2.3708086600,2.3708086600,1363500
2023-08-29 11:30:00,2.3806053900,2.3904021200,2.3708086600,2.3806053900,3524500
2023-08-29 13:15:00,2.3806053900,2.3904021200,2.3708086600,2.3904021200,2927300
2023-08-29 13:30:00,2.3904021200,2.3904021200,2.3708086600,2.3904021200,3408300
2023-08-29 13:45:00,2.3904021200,2.3904021200,2.3806053900,2.3806053900,1572800
2023-08-29 14:00:00,2.3904021200,2.3904021200,2.3806053900,2.3806053900,1221800
2023-08-29 14:15:00,2.3904021200,2.3904021200,2.3806053900,2.3806053900,986600
2023-08-29 14:30:00,2.3806053900,2.3904021200,2.3806053900,2.3904021200,717800
2023-08-29 14:45:00,2.3904021200,2.3904021200,2.3806053900,2.3904021200,1160500
2023-08-29 15:00:00,2.3904021200,2.3904021200,2.3806053900,2.3806053900,1851800
2023-08-30 09:45:00,2.3806053900,2.3904021200,2.3806053900,2.3806053900,2827800
2023-08-30 10:00:00,2.3806053900,2.3904021200,2.3806053900,2.3904021200,1557400
2023-08-30 10:15:00,2.3806053900,2.3904021200,2.3806053900,2.3806053900,2151300
2023-08-30 10:30:00,2.3806053900,2.3904021200,2.3708086600,2.3708086600,3433100
2023-08-30 10:45:00,2.3708086600,2.3806053900,2.3610119300,2.3610119300,3350300
2023-08-30 11:00:00,2.3610119300,2.3806053900,2.3610119300,2.3610119300,1679500
2023-08-30 11:15:00,2.3708086600,2.3708086600,2.3610119300,2.3708086600,580700
2023-08-30 11:30:00,2.3708086600,2.3708086600,2.3610119300,2.3708086600,745000
2023-08-30 13:15:00,2.3708086600,2.3708086600,2.3610119300,2.3708086600,1239800
2023-08-30 13:30:00,2.3610119300,2.3708086600,2.3512152000,2.3512152000,3779300
2023-08-30 13:45:00,2.3610119300,2.3610119300,2.3512152000,2.3512152000,433400
2023-08-30 14:00:00,2.3610119300,2.3610119300,2.3512152000,2.3610119300,637600
2023-08-30 14:15:00,2.3512152000,2.3708086600,2.3512152000,2.3610119300,2962000
2023-08-30 14:30:00,2.3610119300,2.3708086600,2.3512152000,2.3610119300,1420500
2023-08-30 14:45:00,2.3512152000,2.3610119300,2.3512152000,2.3512152000,1435300
2023-08-30 15:00:00,2.3512152000,2.3610119300,2.3512152000,2.3512152000,3809000
2023-08-31 09:45:00,2.3512152000,2.3708086600,2.3512152000,2.3512152000,3559800
2023-08-31 10:00:00,2.3512152000,2.3610119300,2.3316217400,2.3414184700,6271400
2023-08-31 10:15:00,2.3414184700,2.3414184700,2.3316217400,2.3316217400,2235200
2023-08-31 10:30:00,2.3316217400,2.3414184700,2.3218250100,2.3316217400,5615900
2023-08-31 10:45:00,2.3414184700,2.3414184700,2.3316217400,2.3316217400,444900
2023-08-31 11:00:00,2.3316217400,2.3414184700,2.3316217400,2.3414184700,367500
2023-08-31 11:15:00,2.3414184700,2.3414184700,2.3316217400,2.3316217400,713000
2023-08-31 11:30:00,2.3316217400,2.3414184700,2.3316217400,2.3414184700,681500
2023-08-31 13:15:00,2.3414184700,2.3414184700,2.3218250100,2.3218250100,2017400
2023-08-31 13:30:00,2.3218250100,2.3316217400,2.3218250100,2.3218250100,632500
2023-08-31 13:45:00,2.3218250100,2.3316217400,2.3218250100,2.3316217400,651200
2023-08-31 14:00:00,2.3316217400,2.3414184700,2.3218250100,2.3414184700,3766800
2023-08-31 14:15:00,2.3414184700,2.3414184700,2.3218250100,2.3316217400,889800
2023-08-31 14:30:00,2.3316217400,2.3414184700,2.3218250100,2.3316217400,975100
2023-08-31 14:45:00,2.3316217400,2.3414184700,2.3218250100,2.3218250100,1236700
2023-08-31 15:00:00,2.3316217400,2.3414184700,2.3218250100,2.3316217400,3765600
2023-09-01 09:45:00,2.3316217400,2.3414184700,2.3218250100,2.3316217400,3672600
2023-09-01 10:00:00,2.3316217400,2.3414184700,2.3316217400,2.3316217400,1047400
2023-09-01 10:15:00,2.3414184700,2.3512152000,2.3316217400,2.3414184700,1541100
2023-09-01 10:30:00,2.3414184700,2.3512152000,2.3414184700,2.3512152000,446900
2023-09-01 10:45:00,2.3512152000,2.3512152000,2.3316217400,2.3414184700,2583200
2023-09-01 11:00:00,2.3414184700,2.3512152000,2.3316217400,2.3512152000,794900
2023-09-01 11:15:00,2.3512152000,2.3610119300,2.3414184700,2.3414184700,4258400
2023-09-01 11:30:00,2.3512152000,2.3512152000,2.3414184700,2.3512152000,231000
2023-09-01 13:15:00,2.3512152000,2.3512152000,2.3414184700,2.3414184700,481000
2023-09-01 13:30:00,2.3512152000,2.3512152000,2.3414184700,2.3414184700,381900
2023-09-01 13:45:00,2.3414184700,2.3512152000,2.3414184700,2.3512152000,318200
2023-09-01 14:00:00,2.3512152000,2.3512152000,2.3414184700,2.3512152000,336800
2023-09-01 14:15:00,2.3414184700,2.3512152000,2.3414184700,2.3414184700,345900
2023-09-01 14:30:00,2.3414184700,2.3512152000,2.3414184700,2.3414184700,411800
2023-09-01 14:45:00,2.3414184700,2.3512152000,2.3414184700,2.3512152000,1015700
2023-09-01 15:00:00,2.3414184700,2.3512152000,2.3414184700,2.3512152000,1610400
2023-09-04 09:45:00,2.3610119300,2.3708086600,2.3512152000,2.3512152000,3725300
2023-09-04 10:00:00,2.3512152000,2.3708086600,2.3512152000,2.3610119300,5043500
2023-09-04 10:15:00,2.3610119300,2.3806053900,2.3610119300,2.3708086600,2422000
2023-09-04 10:30:00,2.3708086600,2.3904021200,2.3708086600,2.3806053900,4741200
2023-09-04 10:45:00,2.3904021200,2.3904021200,2.3806053900,2.3806053900,1270700
2023-09-04 11:00:00,2.3806053900,2.3904021200,2.3806053900,2.3904021200,2953300
2023-09-04 11:15:00,2.3904021200,2.3904021200,2.3806053900,2.3904021200,1812000
2023-09-04 11:30:00,2.3806053900,2.3904021200,2.3806053900,2.3904021200,974700
2023-09-04 13:15:00,2.3904021200,2.3904021200,2.3806053900,2.3806053900,703100
2023-09-04 13:30:00,2.3806053900,2.3904021200,2.3806053900,2.3806053900,699200
2023-09-04 13:45:00,2.3806053900,2.3904021200,2.3806053900,2.3904021200,519900
2023-09-04 14:00:00,2.3806053900,2.3904021200,2.3806053900,2.3806053900,380700
2023-09-04 14:15:00,2.3806053900,2.3904021200,2.3806053900,2.3904021200,559400
2023-09-04 14:30:00,2.3904021200,2.3904021200,2.3806053900,2.3806053900,588800
2023-09-04 14:45:00,2.3806053900,2.3904021200,2.3806053900,2.3806053900,1342200
2023-09-04 15:00:00,2.3806053900,2.3904021200,2.3806053900,2.3806053900,2706500
2023-09-05 09:45:00,2.3806053900,2.3806053900,2.3708086600,2.3806053900,1960000
2023-09-05 10:00:00,2.3708086600,2.3806053900,2.3708086600,2.3806053900,2101400
2023-09-05 10:15:00,2.3708086600,2.3806053900,2.3610119300,2.3708086600,4412000
2023-09-05 10:30:00,2.3610119300,2.3708086600,2.3610119300,2.3610119300,444000
2023-09-05 10:45:00,2.3610119300,2.3708086600,2.3610119300,2.3610119300,820800
2023-09-05 11:00:00,2.3610119300,2.3708086600,2.3610119300,2.3708086600,457200
2023-09-05 11:15:00,2.3610119300,2.3708086600,2.3610119300,2.3708086600,328500
2023-09-05 11:30:00,2.3708086600,2.3708086600,2.3610119300,2.3610119300,1139600
2023-09-05 13:15:00,2.3708086600,2.3708086600,2.3610119300,2.3708086600,278300
2023-09-05 13:30:00,2.3708086600,2.3708086600,2.3610119300,2.3610119300,662200
2023-09-05 13:45:00,2.3610119300,2.3708086600,2.3610119300,2.3610119300,373100
2023-09-05 14:00:00,2.3610119300,2.3708086600,2.3610119300,2.3708086600,381000
2023-09-05 14:15:00,2.3708086600,2.3708086600,2.3610119300,2.3610119300,193900
2023-09-05 14:30:00,2.3610119300,2.3708086600,2.3610119300,2.3610119300,319100
2023-09-05 14:45:00,2.3610119300,2.3708086600,2.3610119300,2.3708086600,591100
2023-09-05 15:00:00,2.3708086600,2.3708086600,2.3610119300,2.3708086600,1859100
2023-09-06 09:45:00,2.3610119300,2.3610119300,2.3512152000,2.3610119300,2579900
2023-09-06 10:00:00,2.3512152000,2.3610119300,2.3414184700,2.3610119300,4258800
2023-09-06 10:15:00,2.3610119300,2.3610119300,2.3512152000,2.3512152000,723600
2023-09-06 10:30:00,2.3610119300,2.3610119300,2.3512152000,2.3610119300,297900
2023-09-06 10:45:00,2.3610119300,2.3610119300,2.3512152000,2.3512152000,2606100
2023-09-06 11:00:00,2.3512152000,2.3610119300,2.3512152000,2.3610119300,746300
2023-09-06 11:15:00,2.3610119300,2.3610119300,2.3512152000,2.3512152000,722800
2023-09-06 11:30:00,2.3512152000,2.3610119300,2.3512152000,2.3512152000,958300
2023-09-06 13:15:00,2.3610119300,2.3610119300,2.3512152000,2.3610119300,528200
2023-09-06 13:30:00,2.3610119300,2.3610119300,2.3512152000,2.3610119300,445800
2023-09-06 13:45:00,2.3610119300,2.3708086600,2.3512152000,2.3610119300,1673600
2023-09-06 14:00:00,2.3610119300,2.3708086600,2.3610119300,2.3708086600,511900
2023-09-06 14:15:00,2.3708086600,2.3708086600,2.3512152000,2.3708086600,1610500
2023-09-06 14:30:00,2.3708086600,2.3708086600,2.3610119300,2.3708086600,343800
2023-09-06 14:45:00,2.3708086600,2.3708086600,2.3610119300,2.3708086600,789400
2023-09-06 15:00:00,2.3708086600,2.3708086600,2.3610119300,2.3610119300,1407600
2023-09-07 09:45:00,2.3610119300,2.3610119300,2.3414184700,2.3512152000,3308600
2023-09-07 10:00:00,2.3512152000,2.3610119300,2.3414184700,2.3512152000,1108400
2023-09-07 10:15:00,2.3512152000,2.3610119300,2.3414184700,2.3512152000,967100
2023-09-07 10:30:00,2.3512152000,2.3610119300,2.3512152000,2.3610119300,570500
2023-09-07 10:45:00,2.3512152000,2.3610119300,2.3512152000,2.3610119300,523900
2023-09-07 11:00:00,2.3512152000,2.3610119300,2.3512152000,2.3512152000,237100
2023-09-07 11:15:00,2.3512152000,2.3610119300,2.3414184700,2.3610119300,1507500
2023-09-07 11:30:00,2.3610119300,2.3610119300,2.3414184700,2.3512152000,1296300
2023-09-07 13:15:00,2.3512152000,2.3610119300,2.3512152000,2.3610119300,831100
2023-09-07 13:30:00,2.3512152000,2.3610119300,2.3512152000,2.3512152000,396500
2023-09-07 13:45:00,2.3610119300,2.3610119300,2.3414184700,2.3512152000,556300
2023-09-07 14:00:00,2.3512152000,2.3512152000,2.3414184700,2.3512152000,736200
2023-09-07 14:15:00,2.3414184700,2.3512152000,2.3414184700,2.3512152000,1086400
2023-09-07 14:30:00,2.3414184700,2.3512152000,2.3414184700,2.3414184700,409000
2023-09-07 14:45:00,2.3414184700,2.3512152000,2.3414184700,2.3414184700,2992100
2023-09-07 15:00:00,2.3414184700,2.3512152000,2.3414184700,2.3414184700,1624500
2023-09-08 09:45:00,2.3414184700,2.3414184700,2.3316217400,2.3316217400,2361600
2023-09-08 10:00:00,2.3316217400,2.3414184700,2.3316217400,2.3316217400,1288900
2023-09-08 10:15:00,2.3316217400,2.3414184700,2.3316217400,2.3316217400,948600
2023-09-08 10:30:00,2.3316217400,2.3414184700,2.3316217400,2.3316217400,1418400
2023-09-08 10:45:00,2.3316217400,2.3414184700,2.3316217400,2.3414184700,1139800
2023-09-08 11:00:00,2.3414184700,2.3512152000,2.3316217400,2.3414184700,1660700
2023-09-08 11:15:00,2.3414184700,2.3512152000,2.3316217400,2.3512152000,1549100
2023-09-08 11:30:00,2.3414184700,2.3512152000,2.3414184700,2.3512152000,794900
2023-09-08 13:15:00,2.3512152000,2.3512152000,2.3316217400,2.3414184700,649100
2023-09-08 13:30:00,2.3414184700,2.3512152000,2.3316217400,2.3512152000,873500
2023-09-08 13:45:00,2.3414184700,2.3512152000,2.3414184700,2.3512152000,849200
2023-09-08 14:00:00,2.3512152000,2.3512152000,2.3414184700,2.3414184700,818200
2023-09-08 14:15:00,2.3414184700,2.3512152000,2.3414184700,2.3414184700,760000
2023-09-08 14:30:00,2.3512152000,2.3512152000,2.3414184700,2.3414184700,934800
2023-09-08 14:45:00,2.3414184700,2.3512152000,2.3414184700,2.3414184700,916500
2023-09-08 15:00:00,2.3414184700,2.3512152000,2.3414184700,2.3414184700,1770000
2023-09-11 09:45:00,2.3512152000,2.3512152000,2.3316217400,2.3414184700,2527200
2023-09-11 10:00:00,2.3512152000,2.3512152000,2.3316217400,2.3316217400,2051300
2023-09-11 10:15:00,2.3414184700,2.3414184700,2.3316217400,2.3414184700,1000400
2023-09-11 10:30:00,2.3414184700,2.3414184700,2.3316217400,2.3316217400,1178600
2023-09-11 10:45:00,2.3414184700,2.3414184700,2.3316217400,2.3414184700,1012400
2023-09-11 11:00:00,2.3414184700,2.3512152000,2.3316217400,2.3512152000,2278300
2023-09-11 11:15:00,2.3512152000,2.3512152000,2.3414184700,2.3512152000,687300
2023-09-11 11:30:00,2.3414184700,2.3512152000,2.3414184700,2.3414184700,1117800
2023-09-11 13:15:00,2.3512152000,2.3512152000,2.3414184700,2.3414184700,2964000
2023-09-11 13:30:00,2.3512152000,2.3610119300,2.3414184700,2.3512152000,1677200
2023-09-11 13:45:00,2.3610119300,2.3610119300,2.3512152000,2.3512152000,507100
2023-09-11 14:00:00,2.3512152000,2.3610119300,2.3512152000,2.3512152000,2040200
2023-09-11 14:15:00,2.3610119300,2.3610119300,2.3512152000,2.3610119300,595100
2023-09-11 14:30:00,2.3610119300,2.3610119300,2.3512152000,2.3512152000,631800
2023-09-11 14:45:00,2.3610119300,2.3610119300,2.3512152000,2.3610119300,857200
2023-09-11 15:00:00,2.3610119300,2.3610119300,2.3512152000,2.3512152000,2875100
2023-09-12 09:45:00,2.3512152000,2.3610119300,2.3512152000,2.3512152000,1193700
2023-09-12 10:00:00,2.3512152000,2.3610119300,2.3512152000,2.3610119300,876100
2023-09-12 10:15:00,2.3610119300,2.3610119300,2.3512152000,2.3610119300,738500
2023-09-12 10:30:00,2.3610119300,2.3610119300,2.3512152000,2.3610119300,598300
2023-09-12 10:45:00,2.3610119300,2.3610119300,2.3512152000,2.3512152000,307500
2023-09-12 11:00:00,2.3610119300,2.3610119300,2.3512152000,2.3610119300,280000
2023-09-12 11:15:00,2.3610119300,2.3610119300,2.3512152000,2.3610119300,541800
2023-09-12 11:30:00,2.3610119300,2.3610119300,2.3512152000,2.3610119300,353000
2023-09-12 13:15:00,2.3610119300,2.3610119300,2.3512152000,2.3512152000,1365600
2023-09-12 13:30:00,2.3512152000,2.3610119300,2.3512152000,2.3610119300,643600
2023-09-12 13:45:00,2.3610119300,2.3610119300,2.3512152000,2.3512152000,545000
2023-09-12 14:00:00,2.3512152000,2.3610119300,2.3512152000,2.3610119300,689000
2023-09-12 14:15:00,2.3610119300,2.3610119300,2.3512152000,2.3512152000,389600
2023-09-12 14:30:00,2.3610119300,2.3610119300,2.3512152000,2.3610119300,1111400
2023-09-12 14:45:00,2.3610119300,2.3610119300,2.3512152000,2.3610119300,718100
2023-09-12 15:00:00,2.3512152000,2.3610119300,2.3512152000,2.3512152000,2364200
2023-09-13 09:45:00,2.3512152000,2.3610119300,2.3512152000,2.3512152000,1379900
2023-09-13 10:00:00,2.3610119300,2.3610119300,2.3512152000,2.3610119300,1058500
2023-09-13 10:15:00,2.3610119300,2.3708086600,2.3512152000,2.3708086600,6168200
2023-09-13 10:30:00,2.3708086600,2.3708086600,2.3512152000,2.3610119300,2243200
2023-09-13 10:45:00,2.3610119300,2.3610119300,2.3512152000,2.3512152000,486000
2023-09-13 11:00:00,2.3512152000,2.3610119300,2.3512152000,2.3512152000,570500
2023-09-13 11:15:00,2.3512152000,2.3610119300,2.3512152000,2.3610119300,1471100
2023-09-13 11:30:00,2.3512152000,2.3610119300,2.3512152000,2.3610119300,966300
2023-09-13 13:15:00,2.3610119300,2.3610119300,2.3512152000,2.3512152000,813000
2023-09-13 13:30:00,2.3512152000,2.3610119300,2.3512152000,2.3610119300,713500
2023-09-13 13:45:00,2.3610119300,2.3610119300,2.3512152000,2.3512152000,477900
2023-09-13 14:00:00,2.3512152000,2.3610119300,2.3512152000,2.3610119300,598600
2023-09-13 14:15:00,2.3610119300,2.3610119300,2.3414184700,2.3512152000,3557300
2023-09-13 14:30:00,2.3414184700,2.3512152000,2.3414184700,2.3512152000,498400
2023-09-13 14:45:00,2.3512152000,2.3610119300,2.3414184700,2.3512152000,1626300
2023-09-13 15:00:00,2.3512152000,2.3610119300,2.3414184700,2.3414184700,2173300
2023-09-14 09:45:00,2.3512152000,2.3512152000,2.3414184700,2.3512152000,2664300
2023-09-14 10:00:00,2.3512152000,2.3610119300,2.3414184700,2.3512152000,3489500
2023-09-14 10:15:00,2.3512152000,2.3708086600,2.3512152000,2.3708086600,6839600
2023-09-14 10:30:00,2.3708086600,2.3708086600,2.3610119300,2.3610119300,1151200
2023-09-14 10:45:00,2.3708086600,2.3708086600,2.3610119300,2.3610119300,892300
2023-09-14 11:00:00,2.3610119300,2.3708086600,2.3512152000,2.3708086600,4439600
2023-09-14 11:15:00,2.3610119300,2.3708086600,2.3610119300,2.3708086600,804500
2023-09-14 11:30:00,2.3708086600,2.3708086600,2.3610119300,2.3610119300,1351800
2023-09-14 13:15:00,2.3610119300,2.3708086600,2.3610119300,2.3708086600,1083200
2023-09-14 13:30:00,2.3708086600,2.3708086600,2.3610119300,2.3610119300,907000
2023-09-14 13:45:00,2.3708086600,2.3708086600,2.3610119300,2.3708086600,1239800
2023-09-14 14:00:00,2.3708086600,2.3708086600,2.3512152000,2.3610119300,1767400
2023-09-14 14:15:00,2.3610119300,2.3610119300,2.3512152000,2.3610119300,539200
2023-09-14 14:30:00,2.3610119300,2.3610119300,2.3512152000,2.3610119300,1397700
2023-09-14 14:45:00,2.3610119300,2.3708086600,2.3512152000,2.3610119300,3490700
2023-09-14 15:00:00,2.3610119300,2.3708086600,2.3610119300,2.3708086600,1590100
2023-09-15 09:45:00,2.3708086600,2.3708086600,2.3610119300,2.3708086600,2047600
2023-09-15 10:00:00,2.3708086600,2.3708086600,2.3610119300,2.3708086600,928600
2023-09-15 10:15:00,2.3708086600,2.3708086600,2.3610119300,2.3610119300,805400
2023-09-15 10:30:00,2.3610119300,2.3806053900,2.3610119300,2.3708086600,3022300
2023-09-15 10:45:00,2.3806053900,2.3806053900,2.3708086600,2.3708086600,507200
2023-09-15 11:00:00,2.3806053900,2.3806053900,2.3708086600,2.3806053900,879000
2023-09-15 11:15:00,2.3806053900,2.3806053900,2.3708086600,2.3806053900,896100
2023-09-15 11:30:00,2.3708086600,2.3806053900,2.3708086600,2.3708086600,708000
2023-09-15 13:15:00,2.3708086600,2.3806053900,2.3610119300,2.3610119300,2857000
2023-09-15 13:30:00,2.3610119300,2.3708086600,2.3610119300,2.3708086600,540200
2023-09-15 13:45:00,2.3708086600,2.3708086600,2.3512152000,2.3610119300,4461000
2023-09-15 14:00:00,2.3610119300,2.3610119300,2.3512152000,2.3512152000,546200
2023-09-15 14:15:00,2.3512152000,2.3610119300,2.3512152000,2.3610119300,787900
2023-09-15 14:30:00,2.3610119300,2.3610119300,2.3512152000,2.3512152000,1055000
2023-09-15 14:45:00,2.3610119300,2.3708086600,2.3512152000,2.3610119300,1777800
2023-09-15 15:00:00,2.3610119300,2.3708086600,2.3512152000,2.3610119300,2447700
2023-09-18 09:45:00,2.3610119300,2.3610119300,2.3414184700,2.3512152000,5090700
2023-09-18 10:00:00,2.3512152000,2.3610119300,2.3414184700,2.3512152000,2087100
2023-09-18 10:15:00,2.3414184700,2.3610119300,2.3414184700,2.3610119300,2433400
2023-09-18 10:30:00,2.3512152000,2.3610119300,2.3414184700,2.3512152000,3362300
2023-09-18 10:45:00,2.3512152000,2.3610119300,2.3414184700,2.3512152000,1529800
2023-09-18 11:00:00,2.3512152000,2.3512152000,2.3414184700,2.3512152000,649100
2023-09-18 11:15:00,2.3414184700,2.3512152000,2.3414184700,2.3512152000,770500
2023-09-18 11:30:00,2.3512152000,2.3512152000,2.3414184700,2.3414184700,454400
2023-09-18 13:15:00,2.3512152000,2.3512152000,2.3414184700,2.3414184700,256900
2023-09-18 13:30:00,2.3512152000,2.3512152000,2.3414184700,2.3512152000,380900
2023-09-18 13:45:00,2.3512152000,2.3512152000,2.3414184700,2.3512152000,2563800
2023-09-18 14:00:00,2.3512152000,2.3610119300,2.3414184700,2.3512152000,1195700
2023-09-18 14:15:00,2.3610119300,2.3610119300,2.3512152000,2.3512152000,963900
2023-09-18 14:30:00,2.3512152000,2.3610119300,2.3512152000,2.3512152000,688300
2023-09-18 14:45:00,2.3512152000,2.3610119300,2.3512152000,2.3610119300,1238200
2023-09-18 15:00:00,2.3610119300,2.3610119300,2.3512152000,2.3512152000,1464600
2023-09-19 09:45:00,2.3512152000,2.3610119300,2.3512152000,2.3512152000,2775700
2023-09-19 10:00:00,2.3512152000,2.3610119300,2.3512152000,2.3512152000,1056300
2023-09-19 10:15:00,2.3610119300,2.3610119300,2.3512152000,2.3610119300,872500
2023-09-19 10:30:00,2.3512152000,2.3610119300,2.3414184700,2.3512152000,5458300
2023-09-19 10:45:00,2.3512152000,2.3610119300,2.3512152000,2.3610119300,995000
2023-09-19 11:00:00,2.3610119300,2.3610119300,2.3512152000,2.3512152000,353700
2023-09-19 11:15:00,2.3512152000,2.3610119300,2.3512152000,2.3512152000,1365700
2023-09-19 11:30:00,2.3512152000,2.3610119300,2.3512152000,2.3512152000,919700
2023-09-19 13:15:00,2.3610119300,2.3610119300,2.3512152000,2.3610119300,2248100
2023-09-19 13:30:00,2.3610119300,2.3610119300,2.3512152000,2.3512152000,793200
2023-09-19 13:45:00,2.3512152000,2.3610119300,2.3512152000,2.3512152000,1058300
2023-09-19 14:00:00,2.3610119300,2.3610119300,2.3414184700,2.3512152000,718900
2023-09-19 14:15:00,2.3512152000,2.3610119300,2.3414184700,2.3512152000,862200
2023-09-19 14:30:00,2.3512152000,2.3610119300,2.3512152000,2.3512152000,551300
2023-09-19 14:45:00,2.3610119300,2.3610119300,2.3512152000,2.3512152000,932800
2023-09-19 15:00:00,2.3512152000,2.3610119300,2.3512152000,2.3512152000,1585300
2023-09-20 09:45:00,2.3610119300,2.3610119300,2.3414184700,2.3610119300,2587700
2023-09-20 10:00:00,2.3512152000,2.3610119300,2.3512152000,2.3512152000,1249000
2023-09-20 10:15:00,2.3512152000,2.3610119300,2.3512152000,2.3512152000,613800
2023-09-20 10:30:00,2.3512152000,2.3610119300,2.3512152000,2.3512152000,888600
2023-09-20 10:45:00,2.3512152000,2.3610119300,2.3512152000,2.3610119300,1724100
2023-09-20 11:00:00,2.3610119300,2.3610119300,2.3512152000,2.3610119300,548300
2023-09-20 11:15:00,2.3610119300,2.3610119300,2.3512152000,2.3610119300,979600
2023-09-20 11:30:00,2.3610119300,2.3610119300,2.3512152000,2.3610119300,825400
2023-09-20 13:15:00,2.3512152000,2.3610119300,2.3512152000,2.3512152000,709300
2023-09-20 13:30:00,2.3512152000,2.3610119300,2.3512152000,2.3512152000,427100
2023-09-20 13:45:00,2.3512152000,2.3610119300,2.3512152000,2.3512152000,699500
2023-09-20 14:00:00,2.3512152000,2.3610119300,2.3512152000,2.3512152000,255700
2023-09-20 14:15:00,2.3610119300,2.3610119300,2.3512152000,2.3512152000,389800
2023-09-20 14:30:00,2.3610119300,2.3610119300,2.3512152000,2.3610119300,437800
2023-09-20 14:45:00,2.3610119300,2.3610119300,2.3512152000,2.3610119300,723000
2023-09-20 15:00:00,2.3610119300,2.3610119300,2.3512152000,2.3512152000,2623900
2023-09-21 09:45:00,2.3512152000,2.3610119300,2.3414184700,2.3610119300,3021900
2023-09-21 10:00:00,2.3610119300,2.3708086600,2.3512152000,2.3708086600,7288900
2023-09-21 10:15:00,2.3708086600,2.3708086600,2.3512152000,2.3610119300,4760400
2023-09-21 10:30:00,2.3610119300,2.3610119300,2.3512152000,2.3610119300,1294200
2023-09-21 10:45:00,2.3610119300,2.3708086600,2.3512152000,2.3610119300,1917300
2023-09-21 11:00:00,2.3708086600,2.3708086600,2.3610119300,2.3708086600,927700
2023-09-21 11:15:00,2.3610119300,2.3708086600,2.3610119300,2.3708086600,959200
2023-09-21 11:30:00,2.3708086600,2.3708086600,2.3512152000,2.3512152000,888800
2023-09-21 13:15:00,2.3610119300,2.3610119300,2.3512152000,2.3610119300,497200
2023-09-21 13:30:00,2.3610119300,2.3610119300,2.3512152000,2.3610119300,1067600
2023-09-21 13:45:00,2.3610119300,2.3610119300,2.3512152000,2.3610119300,778000
2023-09-21 14:00:00,2.3512152000,2.3610119300,2.3512152000,2.3512152000,1060200
2023-09-21 14:15:00,2.3512152000,2.3610119300,2.3512152000,2.3610119300,1071700
2023-09-21 14:30:00,2.3610119300,2.3610119300,2.3512152000,2.3610119300,643500
2023-09-21 14:45:00,2.3512152000,2.3610119300,2.3512152000,2.3512152000,696500
2023-09-21 15:00:00,2.3512152000,2.3610119300,2.3512152000,2.3512152000,2174900
2023-09-22 09:45:00,2.3610119300,2.3610119300,2.3414184700,2.3512152000,4459600
2023-09-22 10:00:00,2.3414184700,2.3512152000,2.3414184700,2.3512152000,1166800
2023-09-22 10:15:00,2.3512152000,2.3512152000,2.3414184700,2.3414184700,478500
2023-09-22 10:30:00,2.3414184700,2.3512152000,2.3414184700,2.3414184700,998700
2023-09-22 10:45:00,2.3512152000,2.3512152000,2.3414184700,2.3414184700,391000
2023-09-22 11:00:00,2.3414184700,2.3512152000,2.3414184700,2.3414184700,505300
2023-09-22 11:15:00,2.3512152000,2.3512152000,2.3414184700,2.3512152000,1389800
2023-09-22 11:30:00,2.3414184700,2.3512152000,2.3414184700,2.3414184700,1230600
2023-09-22 13:15:00,2.3414184700,2.3512152000,2.3414184700,2.3512152000,1721100
2023-09-22 13:30:00,2.3512152000,2.3512152000,2.3414184700,2.3414184700,373100
2023-09-22 13:45:00,2.3414184700,2.3512152000,2.3414184700,2.3512152000,491100
2023-09-22 14:00:00,2.3414184700,2.3512152000,2.3414184700,2.3512152000,917900
2023-09-22 14:15:00,2.3512152000,2.3610119300,2.3414184700,2.3512152000,8934700
2023-09-22 14:30:00,2.3512152000,2.3610119300,2.3512152000,2.3610119300,925000
2023-09-22 14:45:00,2.3610119300,2.3610119300,2.3512152000,2.3512152000,1027800
2023-09-22 15:00:00,2.3512152000,2.3610119300,2.3512152000,2.3512152000,2385500
2023-09-25 09:45:00,2.3610119300,2.3610119300,2.3512152000,2.3610119300,2236500
2023-09-25 10:00:00,2.3610119300,2.3610119300,2.3512152000,2.3610119300,1185000
2023-09-25 10:15:00,2.3610119300,2.3610119300,2.3512152000,2.3512152000,1129700
2023-09-25 10:30:00,2.3512152000,2.3512152000,2.3414184700,2.3414184700,3174700
2023-09-25 10:45:00,2.3414184700,2.3512152000,2.3414184700,2.3512152000,713200
2023-09-25 11:00:00,2.3414184700,2.3512152000,2.3414184700,2.3512152000,964500
2023-09-25 11:15:00,2.3414184700,2.3512152000,2.3414184700,2.3512152000,781700
2023-09-25 11:30:00,2.3512152000,2.3512152000,2.3414184700,2.3414184700,672200
2023-09-25 13:15:00,2.3414184700,2.3512152000,2.3414184700,2.3512152000,782300
2023-09-25 13:30:00,2.3512152000,2.3512152000,2.3414184700,2.3512152000,551100
2023-09-25 13:45:00,2.3414184700,2.3512152000,2.3414184700,2.3414184700,1150400
2023-09-25 14:00:00,2.3512152000,2.3512152000,2.3414184700,2.3512152000,1142000
2023-09-25 14:15:00,2.3414184700,2.3512152000,2.3414184700,2.3512152000,842500
2023-09-25 14:30:00,2.3512152000,2.3512152000,2.3414184700,2.3512152000,931900
2023-09-25 14:45:00,2.3512152000,2.3512152000,2.3414184700,2.3414184700,1296300
2023-09-25 15:00:00,2.3414184700,2.3512152000,2.3414184700,2.3414184700,2417100
2023-09-26 09:45:00,2.3414184700,2.3512152000,2.3316217400,2.3316217400,3035900
2023-09-26 10:00:00,2.3414184700,2.3414184700,2.3316217400,2.3316217400,1249700
2023-09-26 10:15:00,2.3316217400,2.3414184700,2.3316217400,2.3316217400,1768700
2023-09-26 10:30:00,2.3316217400,2.3414184700,2.3316217400,2.3316217400,1090800
2023-09-26 10:45:00,2.3316217400,2.3414184700,2.3316217400,2.3316217400,438800
2023-09-26 11:00:00,2.3414184700,2.3414184700,2.3316217400,2.3414184700,406000
2023-09-26 11:15:00,2.3414184700,2.3414184700,2.3316217400,2.3316217400,780800
2023-09-26 11:30:00,2.3316217400,2.3414184700,2.3316217400,2.3316217400,617800
2023-09-26 13:15:00,2.3316217400,2.3414184700,2.3316217400,2.3316217400,864000
2023-09-26 13:30:00,2.3316217400,2.3414184700,2.3316217400,2.3316217400,803500
2023-09-26 13:45:00,2.3414184700,2.3414184700,2.3316217400,2.3414184700,350900
2023-09-26 14:00:00,2.3414184700,2.3414184700,2.3316217400,2.3414184700,526000
2023-09-26 14:15:00,2.3414184700,2.3414184700,2.3316217400,2.3316217400,1713800
2023-09-26 14:30:00,2.3316217400,2.3414184700,2.3316217400,2.3414184700,566000
2023-09-26 14:45:00,2.3414184700,2.3414184700,2.3316217400,2.3414184700,1032100
2023-09-26 15:00:00,2.3414184700,2.3414184700,2.3316217400,2.3316217400,2940200
2023-09-27 09:45:00,2.3316217400,2.3414184700,2.3218250100,2.3316217400,1932000
2023-09-27 10:00:00,2.3316217400,2.3414184700,2.3316217400,2.3316217400,1197800
2023-09-27 10:15:00,2.3414184700,2.3414184700,2.3316217400,2.3316217400,654900
2023-09-27 10:30:00,2.3316217400,2.3414184700,2.3316217400,2.3316217400,684700
2023-09-27 10:45:00,2.3316217400,2.3414184700,2.3316217400,2.3316217400,578700
2023-09-27 11:00:00,2.3316217400,2.3414184700,2.3316217400,2.3414184700,1505300
2023-09-27 11:15:00,2.3414184700,2.3414184700,2.3316217400,2.3316217400,469200
2023-09-27 11:30:00,2.3316217400,2.3414184700,2.3316217400,2.3414184700,1122000
2023-09-27 13:15:00,2.3316217400,2.3414184700,2.3316217400,2.3316217400,392900
2023-09-27 13:30:00,2.3414184700,2.3414184700,2.3316217400,2.3316217400,192300
2023-09-27 13:45:00,2.3316217400,2.3414184700,2.3316217400,2.3414184700,463500
2023-09-27 14:00:00,2.3414184700,2.3414184700,2.3316217400,2.3316217400,491900
2023-09-27 14:15:00,2.3414184700,2.3414184700,2.3316217400,2.3316217400,978200
2023-09-27 14:30:00,2.3316217400,2.3414184700,2.3316217400,2.3414184700,656700
2023-09-27 14:45:00,2.3414184700,2.3414184700,2.3316217400,2.3414184700,1841200
2023-09-27 15:00:00,2.3414184700,2.3414184700,2.3316217400,2.3316217400,1543800
2023-09-28 09:45:00,2.3316217400,2.3414184700,2.3316217400,2.3414184700,1077400
2023-09-28 10:00:00,2.3414184700,2.3414184700,2.3316217400,2.3316217400,926500
2023-09-28 10:15:00,2.3316217400,2.3414184700,2.3218250100,2.3218250100,6085200
2023-09-28 10:30:00,2.3218250100,2.3316217400,2.3218250100,2.3218250100,816800
2023-09-28 10:45:00,2.3218250100,2.3316217400,2.3218250100,2.3218250100,528400
2023-09-28 11:00:00,2.3218250100,2.3316217400,2.3218250100,2.3218250100,602400
2023-09-28 11:15:00,2.3218250100,2.3316217400,2.3218250100,2.3316217400,845300
2023-09-28 11:30:00,2.3316217400,2.3414184700,2.3218250100,2.3218250100,1876600
2023-09-28 13:15:00,2.3316217400,2.3414184700,2.3218250100,2.3316217400,714300
2023-09-28 13:30:00,2.3316217400,2.3414184700,2.3316217400,2.3414184700,1280900
2023-09-28 13:45:00,2.3316217400,2.3414184700,2.3316217400,2.3316217400,601500
2023-09-28 14:00:00,2.3316217400,2.3414184700,2.3316217400,2.3414184700,573800
2023-09-28 14:15:00,2.3316217400,2.3414184700,2.3316217400,2.3414184700,595600
2023-09-28 14:30:00,2.3414184700,2.3414184700,2.3316217400,2.3316217400,1215200
2023-09-28 14:45:00,2.3414184700,2.3414184700,2.3218250100,2.3414184700,3318300
2023-09-28 15:00:00,2.3414184700,2.3414184700,2.3316217400,2.3316217400,2077100
2023-10-09 09:45:00,2.3316217400,2.3316217400,2.3218250100,2.3316217400,2735500
2023-10-09 10:00:00,2.3316217400,2.3316217400,2.3218250100,2.3316217400,2145500
2023-10-09 10:15:00,2.3316217400,2.3414184700,2.3218250100,2.3316217400,5464800
2023-10-09 10:30:00,2.3316217400,2.3414184700,2.3218250100,2.3414184700,1451500
2023-10-09 10:45:00,2.3414184700,2.3414184700,2.3316217400,2.3414184700,1331500
2023-10-09 11:00:00,2.3414184700,2.3414184700,2.3316217400,2.3316217400,1118000
2023-10-09 11:15:00,2.3316217400,2.3414184700,2.3316217400,2.3414184700,959700
2023-10-09 11:30:00,2.3316217400,2.3414184700,2.3316217400,2.3414184700,1078100
2023-10-09 13:15:00,2.3414184700,2.3414184700,2.3316217400,2.3414184700,1102600
2023-10-09 13:30:00,2.3414184700,2.3414184700,2.3316217400,2.3414184700,590300
2023-10-09 13:45:00,2.3414184700,2.3414184700,2.3316217400,2.3414184700,562200
2023-10-09 14:00:00,2.3316217400,2.3414184700,2.3316217400,2.3414184700,606700
2023-10-09 14:15:00,2.3316217400,2.3414184700,2.3316217400,2.3414184700,1005600
2023-10-09 14:30:00,2.3316217400,2.3414184700,2.3316217400,2.3414184700,534700
2023-10-09 14:45:00,2.3414184700,2.3414184700,2.3316217400,2.3316217400,1785700
2023-10-09 15:00:00,2.3316217400,2.3414184700,2.3316217400,2.3316217400,2470900
2023-10-10 09:45:00,2.3316217400,2.3512152000,2.3316217400,2.3316217400,7498700
2023-10-10 10:00:00,2.3316217400,2.3414184700,2.3316217400,2.3316217400,1657100
2023-10-10 10:15:00,2.3414184700,2.3414184700,2.3218250100,2.3218250100,4920500
2023-10-10 10:30:00,2.3218250100,2.3316217400,2.3218250100,2.3316217400,785800
2023-10-10 10:45:00,2.3218250100,2.3316217400,2.3218250100,2.3316217400,534500
2023-10-10 11:00:00,2.3218250100,2.3316217400,2.3120282800,2.3218250100,5795500
2023-10-10 11:15:00,2.3218250100,2.3316217400,2.3218250100,2.3218250100,262200
2023-10-10 11:30:00,2.3218250100,2.3316217400,2.3120282800,2.3316217400,2241400
2023-10-10 13:15:00,2.3316217400,2.3316217400,2.3218250100,2.3218250100,608000
2023-10-10 13:30:00,2.3218250100,2.3316217400,2.3120282800,2.3120282800,1185000
2023-10-10 13:45:00,2.3120282800,2.3218250100,2.3120282800,2.3218250100,356300
2023-10-10 14:00:00,2.3218250100,2.3218250100,2.3120282800,2.3218250100,796800
2023-10-10 14:15:00,2.3218250100,2.3218250100,2.3120282800,2.3120282800,563300
2023-10-10 14:30:00,2.3218250100,2.3218250100,2.3120282800,2.3120282800,2372700
2023-10-10 14:45:00,2.3120282800,2.3218250100,2.3120282800,2.3120282800,1336800
2023-10-10 15:00:00,2.3218250100,2.3218250100,2.3120282800,2.3120282800,2404300
2023-10-11 09:45:00,2.3218250100,2.3218250100,2.3022315500,2.3022315500,4517900
2023-10-11 10:00:00,2.3120282800,2.3120282800,2.3022315500,2.3120282800,741000
2023-10-11 10:15:00,2.3120282800,2.3218250100,2.3022315500,2.3120282800,3825300
2023-10-11 10:30:00,2.3120282800,2.3218250100,2.3022315500,2.3120282800,1014600
2023-10-11 10:45:00,2.3120282800,2.3218250100,2.3120282800,2.3218250100,528200
2023-10-11 11:00:00,2.3120282800,2.3218250100,2.3022315500,2.3022315500,1342200
2023-10-11 11:15:00,2.3120282800,2.3120282800,2.3022315500,2.3022315500,674300
2023-10-11 11:30:00,2.3022315500,2.3120282800,2.3022315500,2.3022315500,1704300
2023-10-11 13:15:00,2.3120282800,2.3120282800,2.3022315500,2.3022315500,783600
2023-10-11 13:30:00,2.3120282800,2.3120282800,2.3022315500,2.3022315500,802700
2023-10-11 13:45:00,2.3120282800,2.3120282800,2.3022315500,2.3120282800,309500
2023-10-11 14:00:00,2.3120282800,2.3120282800,2.3022315500,2.3022315500,499000
2023-10-11 14:15:00,2.3022315500,2.3120282800,2.3022315500,2.3120282800,1733600
2023-10-11 14:30:00,2.3120282800,2.3120282800,2.2924348200,2.3022315500,5236500
2023-10-11 14:45:00,2.2924348200,2.3022315500,2.2924348200,2.2924348200,1445700
2023-10-11 15:00:00,2.2924348200,2.3022315500,2.2924348200,2.2924348200,3528800
2023-10-12 09:45:00,2.2924348200,2.3120282800,2.2924348200,2.3022315500,4413600
2023-10-12 10:00:00,2.3022315500,2.3120282800,2.2924348200,2.3022315500,4516800
2023-10-12 10:15:00,2.3022315500,2.3120282800,2.2924348200,2.2924348200,5088600
2023-10-12 10:30:00,2.2924348200,2.3022315500,2.2924348200,2.2924348200,378400
2023-10-12 10:45:00,2.2924348200,2.3022315500,2.2924348200,2.2924348200,411400
2023-10-12 11:00:00,2.2924348200,2.3022315500,2.2924348200,2.3022315500,427200
2023-10-12 11:15:00,2.3022315500,2.3022315500,2.2924348200,2.3022315500,1742900
2023-10-12 11:30:00,2.2924348200,2.3120282800,2.2924348200,2.3022315500,2681300
2023-10-12 13:15:00,2.3022315500,2.3120282800,2.3022315500,2.3022315500,314700
2023-10-12 13:30:00,2.3120282800,2.3120282800,2.3022315500,2.3022315500,298300
2023-10-12 13:45:00,2.3120282800,2.3120282800,2.3022315500,2.3022315500,321900
2023-10-12 14:00:00,2.3022315500,2.3120282800,2.3022315500,2.3022315500,404600
2023-10-12 14:15:00,2.3022315500,2.3120282800,2.3022315500,2.3022315500,279600
2023-10-12 14:30:00,2.3022315500,2.3120282800,2.3022315500,2.3022315500,389900
2023-10-12 14:45:00,2.3022315500,2.3120282800,2.3022315500,2.3022315500,1041800
2023-10-12 15:00:00,2.3022315500,2.3120282800,2.3022315500,2.3022315500,2461400
2023-10-13 09:45:00,2.3022315500,2.3022315500,2.2826380900,2.2924348200,5728500
2023-10-13 10:00:00,2.2924348200,2.2924348200,2.2826380900,2.2826380900,795400
2023-10-13 10:15:00,2.2924348200,2.2924348200,2.2728413600,2.2728413600,4194300
2023-10-13 10:30:00,2.2728413600,2.2924348200,2.2728413600,2.2826380900,2039600
2023-10-13 10:45:00,2.2924348200,2.2924348200,2.2826380900,2.2924348200,986000
2023-10-13 11:00:00,2.2924348200,2.2924348200,2.2728413600,2.2728413600,1150900
2023-10-13 11:15:00,2.2826380900,2.2826380900,2.2728413600,2.2728413600,971200
2023-10-13 11:30:00,2.2728413600,2.2826380900,2.2728413600,2.2728413600,358600
2023-10-13 13:15:00,2.2728413600,2.2826380900,2.2728413600,2.2826380900,1199700
2023-10-13 13:30:00,2.2826380900,2.2826380900,2.2728413600,2.2826380900,506000
2023-10-13 13:45:00,2.2826380900,2.2826380900,2.2728413600,2.2826380900,1100700
2023-10-13 14:00:00,2.2826380900,2.2826380900,2.2728413600,2.2728413600,1029500
2023-10-13 14:15:00,2.2728413600,2.2826380900,2.2728413600,2.2826380900,640100
2023-10-13 14:30:00,2.2728413600,2.2826380900,2.2728413600,2.2728413600,438400
2023-10-13 14:45:00,2.2728413600,2.2826380900,2.2728413600,2.2826380900,1566000
2023-10-13 15:00:00,2.2826380900,2.2826380900,2.2728413600,2.2728413600,1470400
2023-10-16 09:45:00,2.2728413600,2.2826380900,2.2630446300,2.2728413600,2593800
2023-10-16 10:00:00,2.2728413600,2.2728413600,2.2630446300,2.2728413600,1263500
2023-10-16 10:15:00,2.2728413600,2.2826380900,2.2630446300,2.2728413600,3015300
2023-10-16 10:30:00,2.2728413600,2.2826380900,2.2728413600,2.2826380900,703200
2023-10-16 10:45:00,2.2728413600,2.2826380900,2.2728413600,2.2728413600,654700
2023-10-16 11:00:00,2.2728413600,2.2826380900,2.2728413600,2.2728413600,417400
2023-10-16 11:15:00,2.2728413600,2.2826380900,2.2728413600,2.2728413600,557300
2023-10-16 11:30:00,2.2826380900,2.2826380900,2.2728413600,2.2826380900,1244600
2023-10-16 13:15:00,2.2826380900,2.2924348200,2.2728413600,2.2826380900,3069000
2023-10-16 13:30:00,2.2826380900,2.2924348200,2.2826380900,2.2826380900,481800
2023-10-16 13:45:00,2.2924348200,2.2924348200,2.2826380900,2.2826380900,445800
2023-10-16 14:00:00,2.2826380900,2.2924348200,2.2728413600,2.2826380900,2708000
2023-10-16 14:15:00,2.2826380900,2.2924348200,2.2728413600,2.2728413600,888900
2023-10-16 14:30:00,2.2728413600,2.2826380900,2.2728413600,2.2728413600,741900
2023-10-16 14:45:00,2.2728413600,2.2924348200,2.2728413600,2.2826380900,640500
2023-10-16 15:00:00,2.2924348200,2.2924348200,2.2826380900,2.2826380900,1044500
2023-10-17 09:45:00,2.2924348200,2.2924348200,2.2728413600,2.2826380900,2369700
2023-10-17 10:00:00,2.2826380900,2.2826380900,2.2728413600,2.2826380900,591600
2023-10-17 10:15:00,2.2826380900,2.2826380900,2.2728413600,2.2826380900,581500
2023-10-17 10:30:00,2.2728413600,2.2826380900,2.2728413600,2.2728413600,463100
2023-10-17 10:45:00,2.2826380900,2.2826380900,2.2728413600,2.2826380900,294200
2023-10-17 11:00:00,2.2728413600,2.2826380900,2.2728413600,2.2728413600,472300
2023-10-17 11:15:00,2.2728413600,2.2924348200,2.2728413600,2.2924348200,1926300
2023-10-17 11:30:00,2.2826380900,2.2924348200,2.2826380900,2.2924348200,325500
2023-10-17 13:15:00,2.2924348200,2.2924348200,2.2728413600,2.2728413600,1954800
2023-10-17 13:30:00,2.2728413600,2.2826380900,2.2728413600,2.2826380900,895100
2023-10-17 13:45:00,2.2826380900,2.2826380900,2.2728413600,2.2728413600,731500
2023-10-17 14:00:00,2.2826380900,2.2826380900,2.2728413600,2.2728413600,425900
2023-10-17 14:15:00,2.2826380900,2.2826380900,2.2728413600,2.2826380900,283900
2023-10-17 14:30:00,2.2826380900,2.2826380900,2.2728413600,2.2728413600,203300
2023-10-17 14:45:00,2.2826380900,2.2826380900,2.2728413600,2.2728413600,4334800
2023-10-17 15:00:00,2.2728413600,2.2826380900,2.2728413600,2.2826380900,1682800
2023-10-18 09:45:00,2.2728413600,2.2826380900,2.2630446300,2.2630446300,3028200
2023-10-18 10:00:00,2.2630446300,2.2728413600,2.2630446300,2.2728413600,721100
2023-10-18 10:15:00,2.2728413600,2.2728413600,2.2630446300,2.2728413600,1989700
2023-10-18 10:30:00,2.2728413600,2.2728413600,2.2630446300,2.2630446300,637900
2023-10-18 10:45:00,2.2630446300,2.2728413600,2.2630446300,2.2728413600,900400
2023-10-18 11:00:00,2.2630446300,2.2728413600,2.2630446300,2.2630446300,1002200
2023-10-18 11:15:00,2.2630446300,2.2728413600,2.2630446300,2.2630446300,711700
2023-10-18 11:30:00,2.2630446300,2.2630446300,2.2532479000,2.2532479000,3268300
2023-10-18 13:15:00,2.2532479000,2.2630446300,2.2434511700,2.2434511700,5145200
2023-10-18 13:30:00,2.2532479000,2.2532479000,2.2434511700,2.2434511700,544700
2023-10-18 13:45:00,2.2434511700,2.2532479000,2.2434511700,2.2434511700,2040500
2023-10-18 14:00:00,2.2532479000,2.2532479000,2.2336544400,2.2336544400,4261000
2023-10-18 14:15:00,2.2336544400,2.2434511700,2.2238577100,2.2336544400,1731500
2023-10-18 14:30:00,2.2336544400,2.2434511700,2.2336544400,2.2336544400,906000
2023-10-18 14:45:00,2.2434511700,2.2434511700,2.2238577100,2.2434511700,2390800
2023-10-18 15:00:00,2.2336544400,2.2434511700,2.2336544400,2.2336544400,1264600
2023-10-19 09:45:00,2.2238577100,2.2238577100,2.1944675200,2.2042642500,7177500
2023-10-19 10:00:00,2.2042642500,2.2042642500,2.1846707900,2.1944675200,2897600
2023-10-19 10:15:00,2.1846707900,2.2042642500,2.1846707900,2.1944675200,3238400
2023-10-19 10:30:00,2.2042642500,2.2140609800,2.1944675200,2.2140609800,3201700
2023-10-19 10:45:00,2.2140609800,2.2140609800,2.2042642500,2.2140609800,613500
2023-10-19 11:00:00,2.2042642500,2.2140609800,2.2042642500,2.2140609800,412700
2023-10-19 11:15:00,2.2140609800,2.2140609800,2.2042642500,2.2042642500,1201000
2023-10-19 11:30:00,2.2140609800,2.2140609800,2.1944675200,2.2042642500,834900
2023-10-19 13:15:00,2.1944675200,2.2042642500,2.1944675200,2.2042642500,749700
2023-10-19 13:30:00,2.2042642500,2.2042642500,2.1944675200,2.2042642500,651800
2023-10-19 13:45:00,2.2042642500,2.2042642500,2.1846707900,2.1846707900,2817400
2023-10-19 14:00:00,2.1944675200,2.1944675200,2.1846707900,2.1846707900,892900
2023-10-19 14:15:00,2.1944675200,2.2042642500,2.1846707900,2.1846707900,2206800
2023-10-19 14:30:00,2.1944675200,2.1944675200,2.1846707900,2.1944675200,588300
2023-10-19 14:45:00,2.1944675200,2.1944675200,2.1846707900,2.1944675200,919600
2023-10-19 15:00:00,2.1944675200,2.1944675200,2.1846707900,2.1846707900,2257400
2023-10-20 09:45:00,2.1846707900,2.1846707900,2.1552806000,2.1748740600,3254200
2023-10-20 10:00:00,2.1748740600,2.1846707900,2.1748740600,2.1846707900,1304800
2023-10-20 10:15:00,2.1846707900,2.1846707900,2.1650773300,2.1846707900,2380400
2023-10-20 10:30:00,2.1748740600,2.1846707900,2.1748740600,2.1748740600,1552600
2023-10-20 10:45:00,2.1846707900,2.2042642500,2.1748740600,2.2042642500,5137100
2023-10-20 11:00:00,2.2042642500,2.2042642500,2.1944675200,2.2042642500,1487600
2023-10-20 11:15:00,2.2042642500,2.2042642500,2.1944675200,2.1944675200,1038600
2023-10-20 11:30:00,2.1944675200,2.2042642500,2.1944675200,2.2042642500,680300
2023-10-20 13:15:00,2.2042642500,2.2140609800,2.1944675200,2.2042642500,1930400
2023-10-20 13:30:00,2.1944675200,2.2042642500,2.1846707900,2.1944675200,1555000
2023-10-20 13:45:00,2.1846707900,2.1944675200,2.1846707900,2.1944675200,942200
2023-10-20 14:00:00,2.1944675200,2.1944675200,2.1846707900,2.1846707900,520100
2023-10-20 14:15:00,2.1944675200,2.1944675200,2.1846707900,2.1846707900,1496600
2023-10-20 14:30:00,2.1944675200,2.1944675200,2.1846707900,2.1846707900,715500
2023-10-20 14:45:00,2.1944675200,2.1944675200,2.1748740600,2.1846707900,2959600
2023-10-20 15:00:00,2.1846707900,2.1846707900,2.1748740600,2.1846707900,1719100
2023-10-23 09:45:00,2.1748740600,2.1748740600,2.1454838700,2.1552806000,6712500
2023-10-23 10:00:00,2.1552806000,2.1650773300,2.1356871400,2.1454838700,4159200
2023-10-23 10:15:00,2.1356871400,2.1552806000,2.1356871400,2.1356871400,2221200
2023-10-23 10:30:00,2.1356871400,2.1454838700,2.1258904100,2.1356871400,2766300
2023-10-23 10:45:00,2.1356871400,2.1454838700,2.1258904100,2.1356871400,1778100
2023-10-23 11:00:00,2.1356871400,2.1454838700,2.1356871400,2.1356871400,1117100
2023-10-23 11:15:00,2.1356871400,2.1454838700,2.1356871400,2.1356871400,411200
2023-10-23 11:30:00,2.1356871400,2.1454838700,2.1258904100,2.1356871400,659800
2023-10-23 13:15:00,2.1454838700,2.1454838700,2.1356871400,2.1356871400,696500
2023-10-23 13:30:00,2.1356871400,2.1454838700,2.1356871400,2.1454838700,408000
2023-10-23 13:45:00,2.1454838700,2.1454838700,2.1356871400,2.1356871400,330700
2023-10-23 14:00:00,2.1356871400,2.1454838700,2.1258904100,2.1258904100,2147600
2023-10-23 14:15:00,2.1258904100,2.1356871400,2.1258904100,2.1258904100,1017700
2023-10-23 14:30:00,2.1258904100,2.1356871400,2.1160936800,2.1160936800,3107200
2023-10-23 14:45:00,2.1160936800,2.1258904100,2.1062969500,2.1062969500,3556200
2023-10-23 15:00:00,2.1062969500,2.1258904100,2.1062969500,2.1160936800,2970400
2023-10-24 09:45:00,2.1258904100,2.1454838700,2.1258904100,2.1356871400,10774300
2023-10-24 10:00:00,2.1356871400,2.1356871400,2.1258904100,2.1356871400,1595000
2023-10-24 10:15:00,2.1258904100,2.1454838700,2.1258904100,2.1454838700,3176600
2023-10-24 10:30:00,2.1454838700,2.1454838700,2.1356871400,2.1356871400,1344300
2023-10-24 10:45:00,2.1454838700,2.1454838700,2.1356871400,2.1356871400,439100
2023-10-24 11:00:00,2.1356871400,2.1454838700,2.1356871400,2.1356871400,813700
2023-10-24 11:15:00,2.1454838700,2.1454838700,2.1356871400,2.1356871400,559800
2023-10-24 11:30:00,2.1356871400,2.1454838700,2.1356871400,2.1454838700,941100
2023-10-24 13:15:00,2.1454838700,2.1552806000,2.1356871400,2.1552806000,4739000
2023-10-24 13:30:00,2.1454838700,2.1552806000,2.1454838700,2.1454838700,644900
2023-10-24 13:45:00,2.1454838700,2.1552806000,2.1454838700,2.1552806000,356100
2023-10-24 14:00:00,2.1552806000,2.1650773300,2.1454838700,2.1552806000,3663700
2023-10-24 14:15:00,2.1552806000,2.1748740600,2.1552806000,2.1650773300,2621200
2023-10-24 14:30:00,2.1650773300,2.1748740600,2.1650773300,2.1748740600,1007000
2023-10-24 14:45:00,2.1650773300,2.1748740600,2.1650773300,2.1748740600,1238200
2023-10-24 15:00:00,2.1748740600,2.1748740600,2.1650773300,2.1650773300,2692700
2023-10-25 09:45:00,2.1846707900,2.2042642500,2.1748740600,2.2042642500,6473500
2023-10-25 10:00:00,2.2042642500,2.2238577100,2.1944675200,2.2140609800,4185000
2023-10-25 10:15:00,2.2140609800,2.2238577100,2.2042642500,2.2042642500,2350400
2023-10-25 10:30:00,2.2042642500,2.2238577100,2.2042642500,2.2140609800,3647200
2023-10-25 10:45:00,2.2140609800,2.2238577100,2.2042642500,2.2140609800,1386500
2023-10-25 11:00:00,2.2140609800,2.2238577100,2.2140609800,2.2238577100,988300
2023-10-25 11:15:00,2.2238577100,2.2238577100,2.2140609800,2.2140609800,881200
2023-10-25 11:30:00,2.2140609800,2.2238577100,2.2140609800,2.2140609800,974600
2023-10-25 13:15:00,2.2238577100,2.2238577100,2.1944675200,2.2140609800,4746500
2023-10-25 13:30:00,2.2140609800,2.2140609800,2.2042642500,2.2042642500,349000
2023-10-25 13:45:00,2.2140609800,2.2140609800,2.2042642500,2.2042642500,1206400
2023-10-25 14:00:00,2.2140609800,2.2238577100,2.2042642500,2.2140609800,2588000
2023-10-25 14:15:00,2.2140609800,2.2238577100,2.2042642500,2.2140609800,1076800
2023-10-25 14:30:00,2.2140609800,2.2140609800,2.2042642500,2.2140609800,660500
2023-10-25 14:45:00,2.2042642500,2.2238577100,2.2042642500,2.2140609800,1434300
2023-10-25 15:00:00,2.2238577100,2.2238577100,2.2140609800,2.2140609800,2202200
2023-10-26 09:45:00,2.2042642500,2.2238577100,2.2042642500,2.2238577100,2383300
2023-10-26 10:00:00,2.2140609800,2.2238577100,2.1944675200,2.1944675200,4164400
2023-10-26 10:15:00,2.1944675200,2.2140609800,2.1944675200,2.1944675200,1464000
2023-10-26 10:30:00,2.2042642500,2.2042642500,2.1944675200,2.1944675200,472300
2023-10-26 10:45:00,2.2042642500,2.2042642500,2.1944675200,2.1944675200,362700
2023-10-26 11:00:00,2.2042642500,2.2042642500,2.1944675200,2.2042642500,1088900
2023-10-26 11:15:00,2.2042642500,2.2042642500,2.1944675200,2.2042642500,254100
2023-10-26 11:30:00,2.2042642500,2.2042642500,2.1944675200,2.1944675200,632500
2023-10-26 13:15:00,2.2042642500,2.2042642500,2.1944675200,2.2042642500,518300
2023-10-26 13:30:00,2.1944675200,2.2140609800,2.1944675200,2.2042642500,3501800
2023-10-26 13:45:00,2.2042642500,2.2140609800,2.1944675200,2.2042642500,794900
2023-10-26 14:00:00,2.2042642500,2.2140609800,2.2042642500,2.2140609800,522600
2023-10-26 14:15:00,2.2140609800,2.2140609800,2.1944675200,2.2042642500,2541400
2023-10-26 14:30:00,2.2042642500,2.2140609800,2.2042642500,2.2140609800,360400
2023-10-26 14:45:00,2.2042642500,2.2238577100,2.2042642500,2.2140609800,2434400
2023-10-26 15:00:00,2.2140609800,2.2140609800,2.2042642500,2.2042642500,1379800
2023-10-27 09:45:00,2.2140609800,2.2238577100,2.1944675200,2.2238577100,3899700
2023-10-27 10:00:00,2.2238577100,2.2238577100,2.2140609800,2.2238577100,1502300
2023-10-27 10:15:00,2.2238577100,2.2336544400,2.2140609800,2.2336544400,2303100
2023-10-27 10:30:00,2.2336544400,2.2336544400,2.2238577100,2.2336544400,1089700
2023-10-27 10:45:00,2.2336544400,2.2434511700,2.2238577100,2.2434511700,2844000
2023-10-27 11:00:00,2.2336544400,2.2434511700,2.2336544400,2.2336544400,488900
2023-10-27 11:15:00,2.2434511700,2.2434511700,2.2238577100,2.2336544400,3185100
2023-10-27 11:30:00,2.2434511700,2.2434511700,2.2336544400,2.2434511700,420000
2023-10-27 13:15:00,2.2434511700,2.2434511700,2.2336544400,2.2336544400,376000
2023-10-27 13:30:00,2.2434511700,2.2532479000,2.2336544400,2.2434511700,3191600
2023-10-27 13:45:00,2.2336544400,2.2532479000,2.2336544400,2.2532479000,654000
2023-10-27 14:00:00,2.2532479000,2.2532479000,2.2434511700,2.2532479000,1654100
2023-10-27 14:15:00,2.2532479000,2.2532479000,2.2434511700,2.2532479000,543400
2023-10-27 14:30:00,2.2532479000,2.2532479000,2.2434511700,2.2532479000,479500
2023-10-27 14:45:00,2.2532479000,2.2532479000,2.2434511700,2.2532479000,1178800
2023-10-27 15:00:00,2.2434511700,2.2532479000,2.2434511700,2.2532479000,3008400
2023-10-30 09:45:00,2.2532479000,2.2728413600,2.2434511700,2.2630446300,4242700
2023-10-30 10:00:00,2.2630446300,2.2728413600,2.2532479000,2.2630446300,3378500
2023-10-30 10:15:00,2.2630446300,2.2728413600,2.2532479000,2.2532479000,1871300
2023-10-30 10:30:00,2.2532479000,2.2630446300,2.2532479000,2.2532479000,1009100
2023-10-30 10:45:00,2.2532479000,2.2630446300,2.2532479000,2.2532479000,551200
2023-10-30 11:00:00,2.2532479000,2.2630446300,2.2532479000,2.2630446300,482000
2023-10-30 11:15:00,2.2630446300,2.2728413600,2.2532479000,2.2630446300,729300
2023-10-30 11:30:00,2.2728413600,2.2728413600,2.2630446300,2.2630446300,545000
2023-10-30 13:15:00,2.2630446300,2.2728413600,2.2630446300,2.2728413600,584100
2023-10-30 13:30:00,2.2630446300,2.2728413600,2.2630446300,2.2728413600,721300
2023-10-30 13:45:00,2.2728413600,2.2728413600,2.2630446300,2.2630446300,944900
2023-10-30 14:00:00,2.2728413600,2.2728413600,2.2630446300,2.2728413600,966200
2023-10-30 14:15:00,2.2728413600,2.2728413600,2.2630446300,2.2728413600,536600
2023-10-30 14:30:00,2.2728413600,2.2728413600,2.2630446300,2.2728413600,1395300
2023-10-30 14:45:00,2.2630446300,2.2826380900,2.2630446300,2.2728413600,3800600
2023-10-30 15:00:00,2.2728413600,2.2728413600,2.2630446300,2.2630446300,1990800
2023-10-31 09:45:00,2.2630446300,2.2728413600,2.2532479000,2.2630446300,2137300
2023-10-31 10:00:00,2.2630446300,2.2630446300,2.2434511700,2.2532479000,3342200
2023-10-31 10:15:00,2.2434511700,2.2532479000,2.2434511700,2.2434511700,1348400
2023-10-31 10:30:00,2.2532479000,2.2532479000,2.2336544400,2.2336544400,2428600
2023-10-31 10:45:00,2.2434511700,2.2434511700,2.2336544400,2.2434511700,1695800
2023-10-31 11:00:00,2.2434511700,2.2434511700,2.2336544400,2.2336544400,707500
2023-10-31 11:15:00,2.2434511700,2.2630446300,2.2336544400,2.2630446300,5214500
2023-10-31 11:30:00,2.2532479000,2.2630446300,2.2434511700,2.2434511700,1583400
2023-10-31 13:15:00,2.2434511700,2.2532479000,2.2434511700,2.2434511700,362700
2023-10-31 13:30:00,2.2532479000,2.2532479000,2.2434511700,2.2434511700,475500
2023-10-31 13:45:00,2.2434511700,2.2630446300,2.2434511700,2.2532479000,1045800
2023-10-31 14:00:00,2.2532479000,2.2630446300,2.2434511700,2.2434511700,826900
2023-10-31 14:15:00,2.2532479000,2.2532479000,2.2434511700,2.2434511700,366900
2023-10-31 14:30:00,2.2434511700,2.2532479000,2.2434511700,2.2532479000,384200
2023-10-31 14:45:00,2.2532479000,2.2532479000,2.2434511700,2.2434511700,826900
2023-10-31 15:00:00,2.2532479000,2.2532479000,2.2434511700,2.2532479000,2345000
2023-11-01 09:45:00,2.2630446300,2.2728413600,2.2434511700,2.2434511700,4368200
2023-11-01 10:00:00,2.2434511700,2.2532479000,2.2336544400,2.2336544400,2379600
2023-11-01 10:15:00,2.2434511700,2.2434511700,2.2336544400,2.2434511700,723500
2023-11-01 10:30:00,2.2336544400,2.2532479000,2.2336544400,2.2434511700,1762900
2023-11-01 10:45:00,2.2532479000,2.2532479000,2.2434511700,2.2434511700,1322900
2023-11-01 11:00:00,2.2532479000,2.2532479000,2.2434511700,2.2434511700,487200
2023-11-01 11:15:00,2.2434511700,2.2532479000,2.2434511700,2.2434511700,517400
2023-11-01 11:30:00,2.2532479000,2.2532479000,2.2434511700,2.2532479000,1570600
2023-11-01 13:15:00,2.2434511700,2.2532479000,2.2434511700,2.2532479000,464400
2023-11-01 13:30:00,2.2532479000,2.2532479000,2.2434511700,2.2434511700,387700
2023-11-01 13:45:00,2.2532479000,2.2532479000,2.2434511700,2.2434511700,357800
2023-11-01 14:00:00,2.2532479000,2.2532479000,2.2434511700,2.2434511700,428600
2023-11-01 14:15:00,2.2434511700,2.2532479000,2.2434511700,2.2434511700,514500
2023-11-01 14:30:00,2.2532479000,2.2532479000,2.2434511700,2.2434511700,597000
2023-11-01 14:45:00,2.2532479000,2.2532479000,2.2434511700,2.2434511700,2125100
2023-11-01 15:00:00,2.2434511700,2.2532479000,2.2434511700,2.2434511700,5737500
2023-11-02 09:45:00,2.2434511700,2.2630446300,2.2434511700,2.2532479000,4410400
2023-11-02 10:00:00,2.2532479000,2.2630446300,2.2434511700,2.2532479000,722900
2023-11-02 10:15:00,2.2532479000,2.2532479000,2.2434511700,2.2532479000,604400
2023-11-02 10:30:00,2.2532479000,2.2532479000,2.2336544400,2.2336544400,1595900
2023-11-02 10:45:00,2.2434511700,2.2434511700,2.2336544400,2.2434511700,621300
2023-11-02 11:00:00,2.2434511700,2.2434511700,2.2336544400,2.2336544400,487900
2023-11-02 11:15:00,2.2336544400,2.2532479000,2.2336544400,2.2532479000,762300
2023-11-02 11:30:00,2.2532479000,2.2532479000,2.2434511700,2.2434511700,398700
2023-11-02 13:15:00,2.2434511700,2.2532479000,2.2434511700,2.2434511700,1584700
2023-11-02 13:30:00,2.2434511700,2.2532479000,2.2434511700,2.2532479000,430700
2023-11-02 13:45:00,2.2532479000,2.2532479000,2.2434511700,2.2434511700,565400
2023-11-02 14:00:00,2.2532479000,2.2532479000,2.2336544400,2.2434511700,1738700
2023-11-02 14:15:00,2.2434511700,2.2532479000,2.2336544400,2.2532479000,940700
2023-11-02 14:30:00,2.2434511700,2.2532479000,2.2336544400,2.2434511700,917300
2023-11-02 14:45:00,2.2434511700,2.2532479000,2.2336544400,2.2336544400,959000
2023-11-02 15:00:00,2.2434511700,2.2434511700,2.2336544400,2.2336544400,1379900
2023-11-03 09:45:00,2.2434511700,2.2532479000,2.2336544400,2.2434511700,2587900
2023-11-03 10:00:00,2.2336544400,2.2434511700,2.2336544400,2.2434511700,844900
2023-11-03 10:15:00,2.2434511700,2.2532479000,2.2336544400,2.2532479000,1736800
2023-11-03 10:30:00,2.2532479000,2.2532479000,2.2434511700,2.2532479000,838400
2023-11-03 10:45:00,2.2532479000,2.2532479000,2.2434511700,2.2532479000,2008300
2023-11-03 11:00:00,2.2532479000,2.2532479000,2.2434511700,2.2532479000,1448500
2023-11-03 11:15:00,2.2532479000,2.2532479000,2.2434511700,2.2434511700,601300
2023-11-03 11:30:00,2.2532479000,2.2532479000,2.2434511700,2.2434511700,345900
2023-11-03 13:15:00,2.2532479000,2.2532479000,2.2434511700,2.2434511700,779700
2023-11-03 13:30:00,2.2434511700,2.2532479000,2.2434511700,2.2532479000,588200
2023-11-03 13:45:00,2.2434511700,2.2532479000,2.2336544400,2.2336544400,1687300
2023-11-03 14:00:00,2.2336544400,2.2434511700,2.2336544400,2.2336544400,338000
2023-11-03 14:15:00,2.2336544400,2.2434511700,2.2336544400,2.2434511700,812500
2023-11-03 14:30:00,2.2434511700,2.2434511700,2.2336544400,2.2336544400,311100
2023-11-03 14:45:00,2.2336544400,2.2434511700,2.2336544400,2.2336544400,479600
2023-11-03 15:00:00,2.2336544400,2.2434511700,2.2336544400,2.2336544400,2380000
2023-11-06 09:45:00,2.2434511700,2.2532479000,2.2336544400,2.2434511700,4633000
2023-11-06 10:00:00,2.2434511700,2.2434511700,2.2336544400,2.2434511700,874800
2023-11-06 10:15:00,2.2434511700,2.2434511700,2.2336544400,2.2336544400,621400
2023-11-06 10:30:00,2.2434511700,2.2532479000,2.2336544400,2.2434511700,2369700
2023-11-06 10:45:00,2.2532479000,2.2532479000,2.2434511700,2.2434511700,558400
2023-11-06 11:00:00,2.2434511700,2.2532479000,2.2434511700,2.2532479000,921000
2023-11-06 11:15:00,2.2532479000,2.2532479000,2.2434511700,2.2434511700,512200
2023-11-06 11:30:00,2.2434511700,2.2532479000,2.2434511700,2.2532479000,502900
2023-11-06 13:15:00,2.2532479000,2.2532479000,2.2434511700,2.2434511700,1878100
2023-11-06 13:30:00,2.2434511700,2.2532479000,2.2434511700,2.2434511700,395900
2023-11-06 13:45:00,2.2434511700,2.2532479000,2.2434511700,2.2434511700,697600
2023-11-06 14:00:00,2.2434511700,2.2532479000,2.2434511700,2.2434511700,552800
2023-11-06 14:15:00,2.2434511700,2.2532479000,2.2434511700,2.2434511700,751000
2023-11-06 14:30:00,2.2434511700,2.2532479000,2.2434511700,2.2434511700,424600
2023-11-06 14:45:00,2.2434511700,2.2532479000,2.2434511700,2.2434511700,1189300
2023-11-06 15:00:00,2.2434511700,2.2532479000,2.2434511700,2.2434511700,4053600
2023-11-07 09:45:00,2.2532479000,2.2532479000,2.2336544400,2.2336544400,2403900
2023-11-07 10:00:00,2.2336544400,2.2434511700,2.2336544400,2.2336544400,960600
2023-11-07 10:15:00,2.2336544400,2.2434511700,2.2336544400,2.2336544400,1213600
2023-11-07 10:30:00,2.2336544400,2.2434511700,2.2336544400,2.2336544400,603100
2023-11-07 10:45:00,2.2336544400,2.2434511700,2.2336544400,2.2336544400,1049900
2023-11-07 11:00:00,2.2336544400,2.2434511700,2.2336544400,2.2434511700,1493400
2023-11-07 11:15:00,2.2336544400,2.2434511700,2.2336544400,2.2434511700,844200
2023-11-07 11:30:00,2.2434511700,2.2434511700,2.2336544400,2.2434511700,578200
2023-11-07 13:15:00,2.2336544400,2.2434511700,2.2336544400,2.2434511700,325000
2023-11-07 13:30:00,2.2336544400,2.2434511700,2.2336544400,2.2434511700,205200
2023-11-07 13:45:00,2.2336544400,2.2434511700,2.2336544400,2.2434511700,1240900
2023-11-07 14:00:00,2.2434511700,2.2434511700,2.2336544400,2.2434511700,223000
2023-11-07 14:15:00,2.2336544400,2.2434511700,2.2336544400,2.2336544400,1542700
2023-11-07 14:30:00,2.2336544400,2.2434511700,2.2336544400,2.2434511700,783900
2023-11-07 14:45:00,2.2434511700,2.2434511700,2.2336544400,2.2434511700,1027700
2023-11-07 15:00:00,2.2434511700,2.2434511700,2.2336544400,2.2336544400,3071000
2023-11-08 09:45:00,2.2336544400,2.2336544400,2.2238577100,2.2336544400,3326100
2023-11-08 10:00:00,2.2336544400,2.2336544400,2.2238577100,2.2238577100,3241400
2023-11-08 10:15:00,2.2336544400,2.2336544400,2.2238577100,2.2336544400,1086400
2023-11-08 10:30:00,2.2336544400,2.2434511700,2.2238577100,2.2336544400,1460200
2023-11-08 10:45:00,2.2434511700,2.2434511700,2.2238577100,2.2238577100,2340300
2023-11-08 11:00:00,2.2336544400,2.2336544400,2.2238577100,2.2336544400,1276300
2023-11-08 11:15:00,2.2336544400,2.2434511700,2.2336544400,2.2336544400,675600
2023-11-08 11:30:00,2.2336544400,2.2336544400,2.2238577100,2.2238577100,394100
2023-11-08 13:15:00,2.2238577100,2.2336544400,2.2238577100,2.2238577100,679800
2023-11-08 13:30:00,2.2238577100,2.2336544400,2.2238577100,2.2238577100,1226700
2023-11-08 13:45:00,2.2238577100,2.2336544400,2.2238577100,2.2238577100,1299800
2023-11-08 14:00:00,2.2238577100,2.2336544400,2.2140609800,2.2140609800,4289300
2023-11-08 14:15:00,2.2140609800,2.2238577100,2.2042642500,2.2140609800,2984000
2023-11-08 14:30:00,2.2042642500,2.2140609800,2.2042642500,2.2140609800,999900
2023-11-08 14:45:00,2.2140609800,2.2140609800,2.2042642500,2.2042642500,863800
2023-11-08 15:00:00,2.2140609800,2.2238577100,2.2042642500,2.2140609800,3252600
2023-11-09 09:45:00,2.2140609800,2.2336544400,2.2140609800,2.2336544400,2365400
2023-11-09 10:00:00,2.2238577100,2.2336544400,2.2238577100,2.2238577100,1539500
2023-11-09 10:15:00,2.2238577100,2.2434511700,2.2238577100,2.2336544400,5204300
2023-11-09 10:30:00,2.2336544400,2.2434511700,2.2238577100,2.2238577100,2618700
2023-11-09 10:45:00,2.2238577100,2.2336544400,2.2238577100,2.2238577100,774500
2023-11-09 11:00:00,2.2336544400,2.2336544400,2.2238577100,2.2238577100,417700
2023-11-09 11:15:00,2.2336544400,2.2336544400,2.2238577100,2.2336544400,695800
2023-11-09 11:30:00,2.2238577100,2.2336544400,2.2238577100,2.2336544400,1624000
2023-11-09 13:15:00,2.2336544400,2.2336544400,2.2140609800,2.2238577100,1016300
2023-11-09 13:30:00,2.2238577100,2.2336544400,2.2238577100,2.2336544400,345000
2023-11-09 13:45:00,2.2336544400,2.2336544400,2.2140609800,2.2238577100,1616000
2023-11-09 14:00:00,2.2238577100,2.2238577100,2.2140609800,2.2140609800,765400
2023-11-09 14:15:00,2.2140609800,2.2238577100,2.2140609800,2.2238577100,972800
2023-11-09 14:30:00,2.2238577100,2.2238577100,2.2140609800,2.2238577100,527000
2023-11-09 14:45:00,2.2140609800,2.2238577100,2.2140609800,2.2140609800,1502700
2023-11-09 15:00:00,2.2238577100,2.2336544400,2.2140609800,2.2238577100,1743900
2023-11-10 09:45:00,2.2336544400,2.2336544400,2.2042642500,2.2042642500,2870900
2023-11-10 10:00:00,2.2042642500,2.2140609800,2.2042642500,2.2042642500,1381800
2023-11-10 10:15:00,2.2140609800,2.2140609800,2.2042642500,2.2140609800,1530400
2023-11-10 10:30:00,2.2042642500,2.2140609800,2.1944675200,2.1944675200,3356800
2023-11-10 10:45:00,2.1944675200,2.2042642500,2.1944675200,2.1944675200,399500
2023-11-10 11:00:00,2.1944675200,2.2140609800,2.1944675200,2.2042642500,1423900
2023-11-10 11:15:00,2.2042642500,2.2140609800,2.2042642500,2.2042642500,772800
2023-11-10 11:30:00,2.2042642500,2.2140609800,2.2042642500,2.2140609800,234900
2023-11-10 13:15:00,2.2140609800,2.2140609800,2.2042642500,2.2140609800,314200
2023-11-10 13:30:00,2.2140609800,2.2140609800,2.2042642500,2.2042642500,351400
2023-11-10 13:45:00,2.2042642500,2.2140609800,2.1944675200,2.2140609800,2157000
2023-11-10 14:00:00,2.2042642500,2.2140609800,2.2042642500,2.2042642500,431900
2023-11-10 14:15:00,2.2042642500,2.2140609800,2.2042642500,2.2042642500,529200
2023-11-10 14:30:00,2.2140609800,2.2140609800,2.2042642500,2.2042642500,404900
2023-11-10 14:45:00,2.2042642500,2.2140609800,2.2042642500,2.2042642500,1023800
2023-11-10 15:00:00,2.2140609800,2.2140609800,2.2042642500,2.2042642500,2068600
2023-11-13 09:45:00,2.2140609800,2.2434511700,2.2140609800,2.2238577100,8926500
2023-11-13 10:00:00,2.2336544400,2.2336544400,2.2238577100,2.2238577100,1738600
2023-11-13 10:15:00,2.2336544400,2.2336544400,2.2238577100,2.2336544400,663800
2023-11-13 10:30:00,2.2238577100,2.2336544400,2.2238577100,2.2336544400,876600
2023-11-13 10:45:00,2.2238577100,2.2336544400,2.2238577100,2.2238577100,648600
2023-11-13 11:00:00,2.2238577100,2.2336544400,2.2238577100,2.2336544400,1002600
2023-11-13 11:15:00,2.2336544400,2.2336544400,2.2238577100,2.2238577100,569900
2023-11-13 11:30:00,2.2336544400,2.2434511700,2.2238577100,2.2434511700,4208500
2023-11-13 13:15:00,2.2336544400,2.2532479000,2.2336544400,2.2434511700,3837900
2023-11-13 13:30:00,2.2434511700,2.2532479000,2.2434511700,2.2532479000,366200
2023-11-13 13:45:00,2.2434511700,2.2532479000,2.2336544400,2.2532479000,1907600
2023-11-13 14:00:00,2.2434511700,2.2532479000,2.2434511700,2.2532479000,358000
2023-11-13 14:15:00,2.2532479000,2.2532479000,2.2434511700,2.2434511700,433900
2023-11-13 14:30:00,2.2434511700,2.2532479000,2.2434511700,2.2434511700,516400
2023-11-13 14:45:00,2.2532479000,2.2532479000,2.2434511700,2.2532479000,1542500
2023-11-13 15:00:00,2.2434511700,2.2532479000,2.2434511700,2.2532479000,1961600
2023-11-14 09:45:00,2.2434511700,2.2630446300,2.2434511700,2.2630446300,4234700
2023-11-14 10:00:00,2.2630446300,2.2630446300,2.2434511700,2.2532479000,1453200
2023-11-14 10:15:00,2.2532479000,2.2532479000,2.2434511700,2.2532479000,2309700
2023-11-14 10:30:00,2.2434511700,2.2630446300,2.2434511700,2.2630446300,2047700
2023-11-14 10:45:00,2.2630446300,2.2630446300,2.2532479000,2.2532479000,1054800
2023-11-14 11:00:00,2.2630446300,2.2630446300,2.2532479000,2.2532479000,933700
2023-11-14 11:15:00,2.2532479000,2.2630446300,2.2434511700,2.2532479000,1239500
2023-11-14 11:30:00,2.2434511700,2.2532479000,2.2434511700,2.2532479000,581800
2023-11-14 13:15:00,2.2532479000,2.2532479000,2.2434511700,2.2532479000,970300
2023-11-14 13:30:00,2.2434511700,2.2532479000,2.2434511700,2.2532479000,359800
2023-11-14 13:45:00,2.2532479000,2.2532479000,2.2434511700,2.2532479000,764900
2023-11-14 14:00:00,2.2434511700,2.2532479000,2.2434511700,2.2532479000,471500
2023-11-14 14:15:00,2.2532479000,2.2532479000,2.2434511700,2.2532479000,1361300
2023-11-14 14:30:00,2.2532479000,2.2532479000,2.2434511700,2.2434511700,574200
2023-11-14 14:45:00,2.2434511700,2.2532479000,2.2434511700,2.2434511700,597300
2023-11-14 15:00:00,2.2532479000,2.2532479000,2.2434511700,2.2434511700,2060600
2023-11-15 09:45:00,2.2630446300,2.2630446300,2.2434511700,2.2532479000,3274700
2023-11-15 10:00:00,2.2532479000,2.2532479000,2.2434511700,2.2434511700,1284100
2023-11-15 10:15:00,2.2434511700,2.2532479000,2.2434511700,2.2434511700,842300
2023-11-15 10:30:00,2.2532479000,2.2630446300,2.2434511700,2.2532479000,2090600
2023-11-15 10:45:00,2.2630446300,2.2630446300,2.2532479000,2.2630446300,377900
2023-11-15 11:00:00,2.2532479000,2.2630446300,2.2532479000,2.2630446300,589900
2023-11-15 11:15:00,2.2532479000,2.2630446300,2.2532479000,2.2532479000,2452200
2023-11-15 11:30:00,2.2532479000,2.2630446300,2.2532479000,2.2532479000,560200
2023-11-15 13:15:00,2.2630446300,2.2630446300,2.2532479000,2.2532479000,956700
2023-11-15 13:30:00,2.2532479000,2.2630446300,2.2532479000,2.2532479000,642200
2023-11-15 13:45:00,2.2532479000,2.2630446300,2.2532479000,2.2630446300,1115500
2023-11-15 14:00:00,2.2532479000,2.2630446300,2.2532479000,2.2532479000,1082300
2023-11-15 14:15:00,2.2532479000,2.2630446300,2.2532479000,2.2630446300,719400
2023-11-15 14:30:00,2.2532479000,2.2630446300,2.2532479000,2.2532479000,553100
2023-11-15 14:45:00,2.2630446300,2.2630446300,2.2532479000,2.2630446300,863200
2023-11-15 15:00:00,2.2532479000,2.2630446300,2.2532479000,2.2630446300,1925500
2023-11-16 09:45:00,2.2532479000,2.2532479000,2.2434511700,2.2532479000,1809000
2023-11-16 10:00:00,2.2434511700,2.2532479000,2.2434511700,2.2434511700,918700
2023-11-16 10:15:00,2.2434511700,2.2532479000,2.2434511700,2.2532479000,873900
2023-11-16 10:30:00,2.2532479000,2.2532479000,2.2434511700,2.2532479000,1049200
2023-11-16 10:45:00,2.2532479000,2.2532479000,2.2434511700,2.2532479000,1205400
2023-11-16 11:00:00,2.2434511700,2.2630446300,2.2434511700,2.2630446300,2628100
2023-11-16 11:15:00,2.2630446300,2.2630446300,2.2434511700,2.2532479000,1031500
2023-11-16 11:30:00,2.2434511700,2.2532479000,2.2434511700,2.2434511700,550600
2023-11-16 13:15:00,2.2434511700,2.2532479000,2.2434511700,2.2532479000,1002900
2023-11-16 13:30:00,2.2532479000,2.2630446300,2.2434511700,2.2630446300,1053700
2023-11-16 13:45:00,2.2532479000,2.2630446300,2.2532479000,2.2630446300,1020300
2023-11-16 14:00:00,2.2532479000,2.2630446300,2.2532479000,2.2630446300,502100
2023-11-16 14:15:00,2.2630446300,2.2630446300,2.2532479000,2.2532479000,525400
2023-11-16 14:30:00,2.2532479000,2.2630446300,2.2434511700,2.2630446300,1827500
2023-11-16 14:45:00,2.2630446300,2.2630446300,2.2434511700,2.2434511700,1398500
2023-11-16 15:00:00,2.2532479000,2.2532479000,2.2434511700,2.2434511700,1387800
2023-11-17 09:45:00,2.2532479000,2.2532479000,2.2434511700,2.2434511700,1133900
2023-11-17 10:00:00,2.2434511700,2.2532479000,2.2434511700,2.2434511700,719900
2023-11-17 10:15:00,2.2434511700,2.2532479000,2.2434511700,2.2532479000,1522100
2023-11-17 10:30:00,2.2434511700,2.2434511700,2.2336544400,2.2434511700,4341400
2023-11-17 10:45:00,2.2434511700,2.2532479000,2.2336544400,2.2532479000,1500000
2023-11-17 11:00:00,2.2532479000,2.2532479000,2.2336544400,2.2434511700,1358300
2023-11-17 11:15:00,2.2434511700,2.2532479000,2.2434511700,2.2434511700,356900
2023-11-17 11:30:00,2.2434511700,2.2532479000,2.2434511700,2.2532479000,624300
2023-11-17 13:15:00,2.2532479000,2.2532479000,2.2434511700,2.2434511700,562600
2023-11-17 13:30:00,2.2434511700,2.2532479000,2.2336544400,2.2434511700,1181800
2023-11-17 13:45:00,2.2434511700,2.2532479000,2.2336544400,2.2434511700,482800
2023-11-17 14:00:00,2.2434511700,2.2532479000,2.2336544400,2.2434511700,417300
2023-11-17 14:15:00,2.2434511700,2.2532479000,2.2336544400,2.2434511700,533100
2023-11-17 14:30:00,2.2532479000,2.2532479000,2.2434511700,2.2532479000,666900
2023-11-17 14:45:00,2.2532479000,2.2532479000,2.2434511700,2.2434511700,1195600
2023-11-17 15:00:00,2.2434511700,2.2532479000,2.2336544400,2.2434511700,1594200
2023-11-20 09:45:00,2.2434511700,2.2532479000,2.2434511700,2.2532479000,2113600
2023-11-20 10:00:00,2.2532479000,2.2532479000,2.2434511700,2.2532479000,789400
2023-11-20 10:15:00,2.2532479000,2.2532479000,2.2336544400,2.2434511700,2247000
2023-11-20 10:30:00,2.2336544400,2.2532479000,2.2336544400,2.2532479000,1164500
2023-11-20 10:45:00,2.2434511700,2.2532479000,2.2434511700,2.2434511700,661800
2023-11-20 11:00:00,2.2434511700,2.2532479000,2.2434511700,2.2532479000,455800
2023-11-20 11:15:00,2.2532479000,2.2532479000,2.2434511700,2.2434511700,437700
2023-11-20 11:30:00,2.2532479000,2.2532479000,2.2434511700,2.2532479000,1349700
2023-11-20 13:15:00,2.2532479000,2.2630446300,2.2434511700,2.2630446300,2559300
2023-11-20 13:30:00,2.2630446300,2.2630446300,2.2532479000,2.2532479000,411400
2023-11-20 13:45:00,2.2630446300,2.2630446300,2.2532479000,2.2630446300,1104900
2023-11-20 14:00:00,2.2630446300,2.2630446300,2.2532479000,2.2630446300,749200
2023-11-20 14:15:00,2.2630446300,2.2630446300,2.2532479000,2.2630446300,513600
2023-11-20 14:30:00,2.2532479000,2.2630446300,2.2532479000,2.2532479000,346800
2023-11-20 14:45:00,2.2532479000,2.2630446300,2.2532479000,2.2532479000,525700
2023-11-20 15:00:00,2.2630446300,2.2630446300,2.2532479000,2.2532479000,1611500
2023-11-21 09:45:00,2.2532479000,2.2728413600,2.2532479000,2.2728413600,2845000
2023-11-21 10:00:00,2.2728413600,2.2728413600,2.2630446300,2.2728413600,704800
2023-11-21 10:15:00,2.2728413600,2.2728413600,2.2630446300,2.2728413600,1014300
2023-11-21 10:30:00,2.2630446300,2.2728413600,2.2630446300,2.2728413600,726400
2023-11-21 10:45:00,2.2728413600,2.2728413600,2.2630446300,2.2630446300,801000
2023-11-21 11:00:00,2.2630446300,2.2728413600,2.2630446300,2.2728413600,589300
2023-11-21 11:15:00,2.2630446300,2.2728413600,2.2630446300,2.2630446300,589700
2023-11-21 11:30:00,2.2728413600,2.2728413600,2.2630446300,2.2630446300,944700
2023-11-21 13:15:00,2.2630446300,2.2728413600,2.2630446300,2.2728413600,623400
2023-11-21 13:30:00,2.2630446300,2.2728413600,2.2630446300,2.2630446300,439100
2023-11-21 13:45:00,2.2630446300,2.2728413600,2.2630446300,2.2728413600,729000
2023-11-21 14:00:00,2.2630446300,2.2728413600,2.2630446300,2.2728413600,1753000
2023-11-21 14:15:00,2.2630446300,2.2728413600,2.2532479000,2.2630446300,1774300
2023-11-21 14:30:00,2.2532479000,2.2630446300,2.2532479000,2.2630446300,769400
2023-11-21 14:45:00,2.2630446300,2.2630446300,2.2532479000,2.2630446300,2758400
2023-11-21 15:00:00,2.2532479000,2.2630446300,2.2532479000,2.2630446300,2511000
2023-11-22 09:45:00,2.2532479000,2.2630446300,2.2532479000,2.2532479000,1365800
2023-11-22 10:00:00,2.2532479000,2.2630446300,2.2532479000,2.2532479000,1092000
2023-11-22 10:15:00,2.2532479000,2.2630446300,2.2532479000,2.2532479000,728100
2023-11-22 10:30:00,2.2630446300,2.2630446300,2.2532479000,2.2532479000,620700
2023-11-22 10:45:00,2.2630446300,2.2630446300,2.2532479000,2.2532479000,622100
2023-11-22 11:00:00,2.2532479000,2.2630446300,2.2532479000,2.2532479000,631900
2023-11-22 11:15:00,2.2630446300,2.2630446300,2.2434511700,2.2532479000,2369400
2023-11-22 11:30:00,2.2532479000,2.2630446300,2.2532479000,2.2532479000,385600
2023-11-22 13:15:00,2.2532479000,2.2630446300,2.2434511700,2.2532479000,1104500
2023-11-22 13:30:00,2.2532479000,2.2630446300,2.2434511700,2.2532479000,999100
2023-11-22 13:45:00,2.2532479000,2.2630446300,2.2532479000,2.2532479000,523300
2023-11-22 14:00:00,2.2532479000,2.2630446300,2.2434511700,2.2434511700,542700
2023-11-22 14:15:00,2.2434511700,2.2532479000,2.2434511700,2.2434511700,685000
2023-11-22 14:30:00,2.2434511700,2.2532479000,2.2434511700,2.2434511700,365700
2023-11-22 14:45:00,2.2434511700,2.2532479000,2.2434511700,2.2434511700,1561600
2023-11-22 15:00:00,2.2434511700,2.2532479000,2.2434511700,2.2434511700,1706700
2023-11-23 09:45:00,2.2434511700,2.2532479000,2.2336544400,2.2434511700,2273400
2023-11-23 10:00:00,2.2336544400,2.2532479000,2.2336544400,2.2532479000,3233100
2023-11-23 10:15:00,2.2434511700,2.2532479000,2.2434511700,2.2532479000,551700
2023-11-23 10:30:00,2.2532479000,2.2532479000,2.2434511700,2.2532479000,596800
2023-11-23 10:45:00,2.2532479000,2.2532479000,2.2434511700,2.2532479000,491300
2023-11-23 11:00:00,2.2532479000,2.2630446300,2.2434511700,2.2630446300,2178200
2023-11-23 11:15:00,2.2630446300,2.2630446300,2.2532479000,2.2532479000,345000
2023-11-23 11:30:00,2.2532479000,2.2630446300,2.2532479000,2.2630446300,514500
2023-11-23 13:15:00,2.2630446300,2.2630446300,2.2532479000,2.2630446300,453200
2023-11-23 13:30:00,2.2630446300,2.2630446300,2.2532479000,2.2630446300,350200
2023-11-23 13:45:00,2.2532479000,2.2630446300,2.2532479000,2.2532479000,1256300
2023-11-23 14:00:00,2.2630446300,2.2630446300,2.2532479000,2.2630446300,575400
2023-11-23 14:15:00,2.2630446300,2.2630446300,2.2532479000,2.2630446300,1481700
2023-11-23 14:30:00,2.2532479000,2.2630446300,2.2532479000,2.2630446300,1130200
2023-11-23 14:45:00,2.2532479000,2.2728413600,2.2532479000,2.2728413600,4166000
2023-11-23 15:00:00,2.2728413600,2.2728413600,2.2630446300,2.2630446300,2487800
2023-11-24 09:45:00,2.2630446300,2.2728413600,2.2532479000,2.2630446300,2447900
2023-11-24 10:00:00,2.2532479000,2.2630446300,2.2532479000,2.2630446300,872300
2023-11-24 10:15:00,2.2532479000,2.2728413600,2.2532479000,2.2728413600,3700200
2023-11-24 10:30:00,2.2630446300,2.2826380900,2.2630446300,2.2826380900,4216900
2023-11-24 10:45:00,2.2826380900,2.2826380900,2.2630446300,2.2728413600,1659100
2023-11-24 11:00:00,2.2728413600,2.2728413600,2.2630446300,2.2728413600,1629100
2023-11-24 11:15:00,2.2630446300,2.2728413600,2.2630446300,2.2728413600,413500
2023-11-24 11:30:00,2.2728413600,2.2728413600,2.2630446300,2.2630446300,602200
2023-11-24 13:15:00,2.2728413600,2.2728413600,2.2630446300,2.2728413600,1357600
2023-11-24 13:30:00,2.2630446300,2.2728413600,2.2532479000,2.2532479000,2853100
2023-11-24 13:45:00,2.2532479000,2.2630446300,2.2532479000,2.2630446300,1021200
2023-11-24 14:00:00,2.2630446300,2.2728413600,2.2532479000,2.2532479000,856700
2023-11-24 14:15:00,2.2630446300,2.2728413600,2.2532479000,2.2630446300,782700
2023-11-24 14:30:00,2.2630446300,2.2728413600,2.2532479000,2.2630446300,1139400
2023-11-24 14:45:00,2.2630446300,2.2728413600,2.2532479000,2.2728413600,2758600
2023-11-24 15:00:00,2.2728413600,2.2728413600,2.2630446300,2.2630446300,2742500
2023-11-27 09:45:00,2.2630446300,2.2728413600,2.2532479000,2.2630446300,3355500
2023-11-27 10:00:00,2.2630446300,2.2728413600,2.2532479000,2.2728413600,1929100
2023-11-27 10:15:00,2.2728413600,2.2728413600,2.2532479000,2.2630446300,1143300
2023-11-27 10:30:00,2.2532479000,2.2630446300,2.2532479000,2.2532479000,1066900
2023-11-27 10:45:00,2.2532479000,2.2630446300,2.2434511700,2.2434511700,4642900
2023-11-27 11:00:00,2.2434511700,2.2532479000,2.2434511700,2.2532479000,1327000
2023-11-27 11:15:00,2.2434511700,2.2532479000,2.2434511700,2.2532479000,852300
2023-11-27 11:30:00,2.2434511700,2.2532479000,2.2434511700,2.2434511700,547100
2023-11-27 13:15:00,2.2532479000,2.2630446300,2.2434511700,2.2532479000,1218300
2023-11-27 13:30:00,2.2532479000,2.2630446300,2.2434511700,2.2532479000,800400
2023-11-27 13:45:00,2.2532479000,2.2630446300,2.2532479000,2.2630446300,276700
2023-11-27 14:00:00,2.2532479000,2.2630446300,2.2532479000,2.2532479000,640600
2023-11-27 14:15:00,2.2532479000,2.2630446300,2.2532479000,2.2630446300,512500
2023-11-27 14:30:00,2.2532479000,2.2630446300,2.2532479000,2.2630446300,301100
2023-11-27 14:45:00,2.2532479000,2.2630446300,2.2532479000,2.2630446300,1279200
2023-11-27 15:00:00,2.2532479000,2.2630446300,2.2532479000,2.2532479000,1724500
2023-11-28 09:45:00,2.2630446300,2.2630446300,2.2434511700,2.2532479000,2295800
2023-11-28 10:00:00,2.2434511700,2.2532479000,2.2434511700,2.2434511700,1333700
2023-11-28 10:15:00,2.2532479000,2.2630446300,2.2434511700,2.2532479000,2850500
2023-11-28 10:30:00,2.2532479000,2.2630446300,2.2532479000,2.2630446300,426200
2023-11-28 10:45:00,2.2630446300,2.2630446300,2.2532479000,2.2532479000,338100
2023-11-28 11:00:00,2.2532479000,2.2630446300,2.2532479000,2.2532479000,600500
2023-11-28 11:15:00,2.2532479000,2.2630446300,2.2532479000,2.2532479000,327400
2023-11-28 11:30:00,2.2532479000,2.2630446300,2.2532479000,2.2532479000,515000
2023-11-28 13:15:00,2.2532479000,2.2630446300,2.2532479000,2.2532479000,349000
2023-11-28 13:30:00,2.2532479000,2.2630446300,2.2532479000,2.2532479000,325100
2023-11-28 13:45:00,2.2532479000,2.2630446300,2.2532479000,2.2532479000,433700
2023-11-28 14:00:00,2.2532479000,2.2630446300,2.2532479000,2.2532479000,367100
2023-11-28 14:15:00,2.2630446300,2.2630446300,2.2532479000,2.2532479000,906500
2023-11-28 14:30:00,2.2532479000,2.2630446300,2.2532479000,2.2630446300,521500
2023-11-28 14:45:00,2.2532479000,2.2630446300,2.2532479000,2.2532479000,914900
2023-11-28 15:00:00,2.2532479000,2.2630446300,2.2532479000,2.2532479000,2718800
2023-11-29 09:45:00,2.2630446300,2.2630446300,2.2532479000,2.2532479000,1432500
2023-11-29 10:00:00,2.2630446300,2.2728413600,2.2532479000,2.2630446300,5150600
2023-11-29 10:15:00,2.2630446300,2.2728413600,2.2630446300,2.2630446300,699500
2023-11-29 10:30:00,2.2630446300,2.2728413600,2.2630446300,2.2728413600,892000
2023-11-29 10:45:00,2.2728413600,2.2728413600,2.2532479000,2.2532479000,2483200
2023-11-29 11:00:00,2.2532479000,2.2630446300,2.2532479000,2.2532479000,431800
2023-11-29 11:15:00,2.2532479000,2.2630446300,2.2532479000,2.2532479000,479200
2023-11-29 11:30:00,2.2532479000,2.2630446300,2.2532479000,2.2532479000,502400
2023-11-29 13:15:00,2.2532479000,2.2630446300,2.2532479000,2.2630446300,316100
2023-11-29 13:30:00,2.2532479000,2.2630446300,2.2434511700,2.2434511700,2317800
2023-11-29 13:45:00,2.2434511700,2.2532479000,2.2434511700,2.2434511700,818700
2023-11-29 14:00:00,2.2532479000,2.2630446300,2.2434511700,2.2532479000,4089000
2023-11-29 14:15:00,2.2532479000,2.2532479000,2.2434511700,2.2532479000,148900
2023-11-29 14:30:00,2.2532479000,2.2532479000,2.2434511700,2.2532479000,1330800
2023-11-29 14:45:00,2.2434511700,2.2532479000,2.2434511700,2.2434511700,821500
2023-11-29 15:00:00,2.2532479000,2.2630446300,2.2434511700,2.2532479000,1987100
2023-11-30 09:45:00,2.2532479000,2.2630446300,2.2434511700,2.2532479000,2556900
2023-11-30 10:00:00,2.2630446300,2.2630446300,2.2532479000,2.2532479000,1288300
2023-11-30 10:15:00,2.2532479000,2.2826380900,2.2532479000,2.2826380900,12544500
2023-11-30 10:30:00,2.2826380900,2.2924348200,2.2728413600,2.2728413600,2674700
2023-11-30 10:45:00,2.2826380900,2.2826380900,2.2728413600,2.2728413600,1262400
2023-11-30 11:00:00,2.2728413600,2.2826380900,2.2728413600,2.2826380900,821100
2023-11-30 11:15:00,2.2826380900,2.2826380900,2.2728413600,2.2826380900,471000
2023-11-30 11:30:00,2.2826380900,2.2826380900,2.2728413600,2.2728413600,1346100
2023-11-30 13:15:00,2.2728413600,2.2826380900,2.2630446300,2.2728413600,2494000
2023-11-30 13:30:00,2.2630446300,2.2728413600,2.2630446300,2.2728413600,499400
2023-11-30 13:45:00,2.2728413600,2.2728413600,2.2630446300,2.2630446300,426200
2023-11-30 14:00:00,2.2728413600,2.2728413600,2.2630446300,2.2728413600,2405100
2023-11-30 14:15:00,2.2630446300,2.2728413600,2.2630446300,2.2630446300,853900
2023-11-30 14:30:00,2.2728413600,2.2728413600,2.2630446300,2.2728413600,848300
2023-11-30 14:45:00,2.2728413600,2.2826380900,2.2630446300,2.2826380900,4358800
2023-11-30 15:00:00,2.2728413600,2.2826380900,2.2728413600,2.2826380900,3254900
2023-12-01 09:45:00,2.2826380900,2.3120282800,2.2728413600,2.3120282800,11733300
2023-12-01 10:00:00,2.3120282800,2.3218250100,2.3022315500,2.3022315500,6372800
2023-12-01 10:15:00,2.3120282800,2.3120282800,2.2924348200,2.3022315500,3279000
2023-12-01 10:30:00,2.2924348200,2.3022315500,2.2924348200,2.2924348200,1263800
2023-12-01 10:45:00,2.2924348200,2.3022315500,2.2924348200,2.3022315500,1472400
2023-12-01 11:00:00,2.3022315500,2.3022315500,2.2924348200,2.2924348200,391700
2023-12-01 11:15:00,2.3022315500,2.3022315500,2.2924348200,2.2924348200,550700
2023-12-01 11:30:00,2.2924348200,2.3022315500,2.2924348200,2.2924348200,634700
2023-12-01 13:15:00,2.3022315500,2.3022315500,2.2826380900,2.2826380900,3084200
2023-12-01 13:30:00,2.2826380900,2.2924348200,2.2826380900,2.2826380900,832400
2023-12-01 13:45:00,2.2924348200,2.3022315500,2.2826380900,2.3022315500,1898600
2023-12-01 14:00:00,2.2924348200,2.3120282800,2.2924348200,2.3120282800,5701100
2023-12-01 14:15:00,2.3120282800,2.3120282800,2.3022315500,2.3022315500,592500
2023-12-01 14:30:00,2.3022315500,2.3120282800,2.3022315500,2.3022315500,3136800
2023-12-01 14:45:00,2.3022315500,2.3120282800,2.3022315500,2.3120282800,2427300
2023-12-01 15:00:00,2.3120282800,2.3218250100,2.3022315500,2.3120282800,4794400
2023-12-04 09:45:00,2.3120282800,2.3316217400,2.3120282800,2.3218250100,7561300
2023-12-04 10:00:00,2.3218250100,2.3316217400,2.3218250100,2.3316217400,2232200
2023-12-04 10:15:00,2.3316217400,2.3316217400,2.3218250100,2.3218250100,1479800
2023-12-04 10:30:00,2.3218250100,2.3316217400,2.3218250100,2.3218250100,2157300
2023-12-04 10:45:00,2.3218250100,2.3316217400,2.3218250100,2.3218250100,640500
2023-12-04 11:00:00,2.3218250100,2.3316217400,2.3218250100,2.3316217400,1189300
2023-12-04 11:15:00,2.3316217400,2.3316217400,2.3218250100,2.3316217400,669200
2023-12-04 11:30:00,2.3316217400,2.3316217400,2.3218250100,2.3218250100,692800
2023-12-04 13:15:00,2.3316217400,2.3316217400,2.3218250100,2.3218250100,921200
2023-12-04 13:30:00,2.3218250100,2.3316217400,2.3218250100,2.3316217400,1811800
2023-12-04 13:45:00,2.3316217400,2.3512152000,2.3218250100,2.3512152000,10380600
2023-12-04 14:00:00,2.3512152000,2.3512152000,2.3414184700,2.3414184700,4348900
2023-12-04 14:15:00,2.3512152000,2.3512152000,2.3316217400,2.3414184700,2913100
2023-12-04 14:30:00,2.3414184700,2.3414184700,2.3316217400,2.3414184700,1378400
2023-12-04 14:45:00,2.3414184700,2.3512152000,2.3316217400,2.3414184700,1521900
2023-12-04 15:00:00,2.3414184700,2.3414184700,2.3316217400,2.3414184700,2724400
2023-12-05 09:45:00,2.3414184700,2.3512152000,2.3218250100,2.3316217400,10205900
2023-12-05 10:00:00,2.3316217400,2.3316217400,2.3218250100,2.3218250100,1625800
2023-12-05 10:15:00,2.3218250100,2.3316217400,2.3218250100,2.3218250100,833200
2023-12-05 10:30:00,2.3316217400,2.3316217400,2.3218250100,2.3218250100,1253100
2023-12-05 10:45:00,2.3218250100,2.3316217400,2.3218250100,2.3316217400,566900
2023-12-05 11:00:00,2.3218250100,2.3316217400,2.3120282800,2.3218250100,6367000
2023-12-05 11:15:00,2.3218250100,2.3316217400,2.3120282800,2.3218250100,370400
2023-12-05 11:30:00,2.3120282800,2.3218250100,2.3120282800,2.3218250100,688600
2023-12-05 13:15:00,2.3120282800,2.3218250100,2.3120282800,2.3218250100,368000
2023-12-05 13:30:00,2.3218250100,2.3218250100,2.3120282800,2.3218250100,1005400
2023-12-05 13:45:00,2.3120282800,2.3218250100,2.3120282800,2.3218250100,764300
2023-12-05 14:00:00,2.3218250100,2.3218250100,2.3120282800,2.3120282800,1111900
2023-12-05 14:15:00,2.3120282800,2.3218250100,2.3120282800,2.3218250100,776500
2023-12-05 14:30:00,2.3218250100,2.3218250100,2.3022315500,2.3022315500,2159400
2023-12-05 14:45:00,2.3022315500,2.3120282800,2.3022315500,2.3120282800,1882900
2023-12-05 15:00:00,2.3120282800,2.3120282800,2.2924348200,2.3022315500,2781700
2023-12-06 09:45:00,2.2924348200,2.2924348200,2.2630446300,2.2826380900,8223900
2023-12-06 10:00:00,2.2826380900,2.2924348200,2.2728413600,2.2826380900,3029800
2023-12-06 10:15:00,2.2924348200,2.3022315500,2.2826380900,2.2924348200,3353800
2023-12-06 10:30:00,2.2924348200,2.3022315500,2.2924348200,2.3022315500,1250300
2023-12-06 10:45:00,2.3022315500,2.3120282800,2.2924348200,2.3022315500,2590200
2023-12-06 11:00:00,2.3120282800,2.3120282800,2.3022315500,2.3022315500,866500
2023-12-06 11:15:00,2.3022315500,2.3218250100,2.3022315500,2.3022315500,3391700
2023-12-06 11:30:00,2.3120282800,2.3120282800,2.3022315500,2.3120282800,1163400
2023-12-06 13:15:00,2.3120282800,2.3120282800,2.3022315500,2.3120282800,705800
2023-12-06 13:30:00,2.3120282800,2.3218250100,2.3022315500,2.3218250100,1543600
2023-12-06 13:45:00,2.3218250100,2.3218250100,2.3120282800,2.3120282800,1240800
2023-12-06 14:00:00,2.3120282800,2.3316217400,2.3120282800,2.3218250100,1880100
2023-12-06 14:15:00,2.3218250100,2.3218250100,2.3120282800,2.3120282800,613400
2023-12-06 14:30:00,2.3120282800,2.3316217400,2.3120282800,2.3218250100,1578400
2023-12-06 14:45:00,2.3218250100,2.3316217400,2.3120282800,2.3218250100,2089600
2023-12-06 15:00:00,2.3218250100,2.3316217400,2.3120282800,2.3218250100,1895200
2023-12-07 09:45:00,2.3120282800,2.3218250100,2.3022315500,2.3120282800,4427400
2023-12-07 10:00:00,2.3120282800,2.3218250100,2.3022315500,2.3120282800,1303600
2023-12-07 10:15:00,2.3218250100,2.3218250100,2.3120282800,2.3120282800,1105600
2023-12-07 10:30:00,2.3120282800,2.3316217400,2.3120282800,2.3218250100,5419300
2023-12-07 10:45:00,2.3218250100,2.3316217400,2.3218250100,2.3316217400,1076400
2023-12-07 11:00:00,2.3218250100,2.3316217400,2.3218250100,2.3218250100,2975700
2023-12-07 11:15:00,2.3316217400,2.3414184700,2.3218250100,2.3316217400,4715300
2023-12-07 11:30:00,2.3414184700,2.3414184700,2.3316217400,2.3316217400,1220500
2023-12-07 13:15:00,2.3316217400,2.3414184700,2.3316217400,2.3414184700,2226900
2023-12-07 13:30:00,2.3316217400,2.3414184700,2.3316217400,2.3316217400,1749800
2023-12-07 13:45:00,2.3316217400,2.3414184700,2.3316217400,2.3414184700,1992300
2023-12-07 14:00:00,2.3414184700,2.3512152000,2.3316217400,2.3414184700,2352000
2023-12-07 14:15:00,2.3512152000,2.3512152000,2.3316217400,2.3414184700,2461200
2023-12-07 14:30:00,2.3414184700,2.3610119300,2.3316217400,2.3512152000,7873600
2023-12-07 14:45:00,2.3610119300,2.3610119300,2.3512152000,2.3512152000,3504000
2023-12-07 15:00:00,2.3512152000,2.3610119300,2.3512152000,2.3512152000,3691300
2023-12-08 09:45:00,2.3512152000,2.3610119300,2.3316217400,2.3414184700,6092600
2023-12-08 10:00:00,2.3414184700,2.3904021200,2.3414184700,2.3806053900,10861800
2023-12-08 10:15:00,2.3806053900,2.4001988500,2.3806053900,2.3904021200,5818200
2023-12-08 10:30:00,2.3904021200,2.3904021200,2.3708086600,2.3806053900,4433700
2023-12-08 10:45:00,2.3806053900,2.3904021200,2.3806053900,2.3806053900,2325100
2023-12-08 11:00:00,2.3904021200,2.3904021200,2.3708086600,2.3806053900,3513200
2023-12-08 11:15:00,2.3806053900,2.3904021200,2.3806053900,2.3806053900,2334600
2023-12-08 11:30:00,2.3904021200,2.4001988500,2.3806053900,2.3904021200,2681000
2023-12-08 13:15:00,2.3904021200,2.3904021200,2.3806053900,2.3904021200,2779800
2023-12-08 13:30:00,2.3904021200,2.3904021200,2.3806053900,2.3904021200,2870100
2023-12-08 13:45:00,2.3904021200,2.3904021200,2.3708086600,2.3904021200,4816700
2023-12-08 14:00:00,2.3904021200,2.4001988500,2.3806053900,2.3806053900,4913100
2023-12-08 14:15:00,2.3806053900,2.3904021200,2.3708086600,2.3708086600,3299900
2023-12-08 14:30:00,2.3806053900,2.3904021200,2.3708086600,2.3806053900,2999600
2023-12-08 14:45:00,2.3904021200,2.3904021200,2.3708086600,2.3708086600,3345600
2023-12-08 15:00:00,2.3708086600,2.3806053900,2.3610119300,2.3806053900,4264900
2023-12-11 09:45:00,2.3610119300,2.3610119300,2.3316217400,2.3512152000,8386600
2023-12-11 10:00:00,2.3414184700,2.3708086600,2.3414184700,2.3414184700,6183800
2023-12-11 10:15:00,2.3414184700,2.3806053900,2.3414184700,2.3708086600,5026600
2023-12-11 10:30:00,2.3708086600,2.4001988500,2.3708086600,2.3904021200,4812900
2023-12-11 10:45:00,2.3904021200,2.4001988500,2.3806053900,2.3904021200,2255200
2023-12-11 11:00:00,2.3904021200,2.4001988500,2.3806053900,2.3904021200,3460700
2023-12-11 11:15:00,2.3904021200,2.3904021200,2.3806053900,2.3904021200,1592700
2023-12-11 11:30:00,2.3904021200,2.3904021200,2.3806053900,2.3904021200,1512900
2023-12-11 13:15:00,2.3806053900,2.4001988500,2.3806053900,2.4001988500,4567400
2023-12-11 13:30:00,2.4001988500,2.4099955800,2.4001988500,2.4099955800,5300700
2023-12-11 13:45:00,2.4099955800,2.4099955800,2.4001988500,2.4001988500,2581700
2023-12-11 14:00:00,2.4099955800,2.4099955800,2.4001988500,2.4001988500,2576600
2023-12-11 14:15:00,2.4001988500,2.4197923100,2.4001988500,2.4197923100,4887600
2023-12-11 14:30:00,2.4197923100,2.4197923100,2.4099955800,2.4099955800,2408000
2023-12-11 14:45:00,2.4197923100,2.4197923100,2.4099955800,2.4197923100,2430700
2023-12-11 15:00:00,2.4197923100,2.4295890400,2.4099955800,2.4197923100,5155100
2023-12-12 09:45:00,2.4197923100,2.4197923100,2.3904021200,2.3904021200,3867800
2023-12-12 10:00:00,2.4001988500,2.4197923100,2.3904021200,2.4099955800,4059400
2023-12-12 10:15:00,2.4099955800,2.4197923100,2.4001988500,2.4001988500,1822600
2023-12-12 10:30:00,2.4099955800,2.4099955800,2.4001988500,2.4001988500,568900
2023-12-12 10:45:00,2.4001988500,2.4099955800,2.4001988500,2.4099955800,1425000
2023-12-12 11:00:00,2.4099955800,2.4197923100,2.4001988500,2.4197923100,2834900
2023-12-12 11:15:00,2.4099955800,2.4197923100,2.4099955800,2.4099955800,509600
2023-12-12 11:30:00,2.4099955800,2.4197923100,2.4001988500,2.4001988500,1314100
2023-12-12 13:15:00,2.4001988500,2.4099955800,2.4001988500,2.4001988500,1886800
2023-12-12 13:30:00,2.4001988500,2.4099955800,2.3904021200,2.4001988500,1092900
2023-12-12 13:45:00,2.4099955800,2.4099955800,2.4001988500,2.4001988500,671300
2023-12-12 14:00:00,2.4001988500,2.4099955800,2.4001988500,2.4099955800,926800
2023-12-12 14:15:00,2.4099955800,2.4099955800,2.4001988500,2.4001988500,560500
2023-12-12 14:30:00,2.4001988500,2.4099955800,2.4001988500,2.4001988500,848800
2023-12-12 14:45:00,2.4001988500,2.4099955800,2.4001988500,2.4099955800,968200
2023-12-12 15:00:00,2.4001988500,2.4099955800,2.4001988500,2.4001988500,2346700
2023-12-13 09:45:00,2.3904021200,2.4197923100,2.3904021200,2.3904021200,6787800
2023-12-13 10:00:00,2.4001988500,2.4099955800,2.3904021200,2.4099955800,2612900
2023-12-13 10:15:00,2.4001988500,2.4099955800,2.4001988500,2.4099955800,450200
2023-12-13 10:30:00,2.4099955800,2.4099955800,2.4001988500,2.4001988500,901100
2023-12-13 10:45:00,2.4099955800,2.4099955800,2.4001988500,2.4099955800,876700
2023-12-13 11:00:00,2.4001988500,2.4099955800,2.3904021200,2.3904021200,2705500
2023-12-13 11:15:00,2.4001988500,2.4001988500,2.3904021200,2.3904021200,716400
2023-12-13 11:30:00,2.3904021200,2.4001988500,2.3904021200,2.3904021200,476500
2023-12-13 13:15:00,2.3904021200,2.4001988500,2.3806053900,2.3904021200,2578900
2023-12-13 13:30:00,2.3904021200,2.3904021200,2.3806053900,2.3904021200,2091600
2023-12-13 13:45:00,2.3806053900,2.3904021200,2.3806053900,2.3806053900,1624600
2023-12-13 14:00:00,2.3806053900,2.3904021200,2.3806053900,2.3806053900,1173200
2023-12-13 14:15:00,2.3904021200,2.3904021200,2.3708086600,2.3904021200,1176100
2023-12-13 14:30:00,2.3904021200,2.3904021200,2.3806053900,2.3904021200,842900
2023-12-13 14:45:00,2.3806053900,2.3904021200,2.3806053900,2.3904021200,1033900
2023-12-13 15:00:00,2.3806053900,2.3904021200,2.3708086600,2.3806053900,3874200
2023-12-14 09:45:00,2.3806053900,2.4001988500,2.3806053900,2.4001988500,5398100
2023-12-14 10:00:00,2.4001988500,2.4099955800,2.3904021200,2.3904021200,5950900
2023-12-14 10:15:00,2.3904021200,2.4001988500,2.3806053900,2.4001988500,2492800
2023-12-14 10:30:00,2.3904021200,2.4001988500,2.3904021200,2.3904021200,1051600
2023-12-14 10:45:00,2.4001988500,2.4001988500,2.3904021200,2.4001988500,1411300
2023-12-14 11:00:00,2.4001988500,2.4001988500,2.3904021200,2.3904021200,695800
2023-12-14 11:15:00,2.4001988500,2.4001988500,2.3904021200,2.3904021200,418800
2023-12-14 11:30:00,2.4001988500,2.4001988500,2.3904021200,2.4001988500,1202800
2023-12-14 13:15:00,2.4001988500,2.4001988500,2.3904021200,2.4001988500,653300
2023-12-14 13:30:00,2.4001988500,2.4001988500,2.3904021200,2.3904021200,908600
2023-12-14 13:45:00,2.4001988500,2.4001988500,2.3806053900,2.3904021200,2272200
2023-12-14 14:00:00,2.3904021200,2.3904021200,2.3806053900,2.3806053900,407400
2023-12-14 14:15:00,2.3806053900,2.3904021200,2.3806053900,2.3904021200,548700
2023-12-14 14:30:00,2.3904021200,2.4001988500,2.3806053900,2.3904021200,1411600
2023-12-14 14:45:00,2.3904021200,2.4001988500,2.3806053900,2.3806053900,1128500
2023-12-14 15:00:00,2.3904021200,2.3904021200,2.3806053900,2.3904021200,1068600
2023-12-15 09:45:00,2.3904021200,2.4001988500,2.3806053900,2.3904021200,2223400
2023-12-15 10:00:00,2.3904021200,2.3904021200,2.3806053900,2.3904021200,1075100
2023-12-15 10:15:00,2.3904021200,2.3904021200,2.3806053900,2.3806053900,1812200
2023-12-15 10:30:00,2.3806053900,2.4001988500,2.3806053900,2.3806053900,4439900
2023-12-15 10:45:00,2.3806053900,2.3904021200,2.3806053900,2.3806053900,809000
2023-12-15 11:00:00,2.3806053900,2.3904021200,2.3806053900,2.3806053900,459500
2023-12-15 11:15:00,2.3806053900,2.3904021200,2.3806053900,2.3806053900,1232600
2023-12-15 11:30:00,2.3806053900,2.3904021200,2.3806053900,2.3806053900,655500
2023-12-15 13:15:00,2.3806053900,2.3904021200,2.3708086600,2.3708086600,1074000
2023-12-15 13:30:00,2.3708086600,2.3806053900,2.3610119300,2.3708086600,2509400
2023-12-15 13:45:00,2.3708086600,2.3708086600,2.3610119300,2.3610119300,1436100
2023-12-15 14:00:00,2.3708086600,2.3708086600,2.3610119300,2.3610119300,1308700
2023-12-15 14:15:00,2.3610119300,2.3708086600,2.3610119300,2.3610119300,2865600
2023-12-15 14:30:00,2.3610119300,2.3708086600,2.3512152000,2.3708086600,1744000
2023-12-15 14:45:00,2.3610119300,2.3708086600,2.3512152000,2.3610119300,1262300
2023-12-15 15:00:00,2.3610119300,2.3708086600,2.3610119300,2.3708086600,3405500
2023-12-18 09:45:00,2.3806053900,2.4197923100,2.3806053900,2.4001988500,10996400
2023-12-18 10:00:00,2.3904021200,2.4001988500,2.3806053900,2.3806053900,2953600
2023-12-18 10:15:00,2.3806053900,2.3904021200,2.3806053900,2.3806053900,1346900
2023-12-18 10:30:00,2.3904021200,2.3904021200,2.3708086600,2.3708086600,1916000
2023-12-18 10:45:00,2.3708086600,2.3806053900,2.3708086600,2.3806053900,1272100
2023-12-18 11:00:00,2.3806053900,2.3806053900,2.3610119300,2.3708086600,3375200
2023-12-18 11:15:00,2.3708086600,2.3806053900,2.3708086600,2.3708086600,944800
2023-12-18 11:30:00,2.3708086600,2.3806053900,2.3708086600,2.3806053900,2710400
2023-12-18 13:15:00,2.3806053900,2.4197923100,2.3708086600,2.4197923100,11347700
2023-12-18 13:30:00,2.4099955800,2.4099955800,2.3904021200,2.3904021200,6861600
2023-12-18 13:45:00,2.4001988500,2.4001988500,2.3806053900,2.3904021200,2212800
2023-12-18 14:00:00,2.3806053900,2.4001988500,2.3806053900,2.3806053900,1969500
2023-12-18 14:15:00,2.3806053900,2.3904021200,2.3708086600,2.3806053900,1811600
2023-12-18 14:30:00,2.3806053900,2.3904021200,2.3806053900,2.3904021200,1312700
2023-12-18 14:45:00,2.3904021200,2.3904021200,2.3806053900,2.3806053900,1349700
2023-12-18 15:00:00,2.3806053900,2.4001988500,2.3806053900,2.3904021200,3112100
2023-12-19 09:45:00,2.3806053900,2.3904021200,2.3512152000,2.3904021200,9490500
2023-12-19 10:00:00,2.3904021200,2.3904021200,2.3610119300,2.3708086600,5172300
2023-12-19 10:15:00,2.3708086600,2.3806053900,2.3610119300,2.3610119300,1655900
2023-12-19 10:30:00,2.3708086600,2.3708086600,2.3512152000,2.3708086600,2865300
2023-12-19 10:45:00,2.3708086600,2.3708086600,2.3610119300,2.3610119300,1698700
2023-12-19 11:00:00,2.3610119300,2.3708086600,2.3610119300,2.3708086600,1349900
2023-12-19 11:15:00,2.3708086600,2.3708086600,2.3610119300,2.3708086600,896400
2023-12-19 11:30:00,2.3708086600,2.3708086600,2.3610119300,2.3610119300,400400
2023-12-19 13:15:00,2.3610119300,2.3708086600,2.3610119300,2.3610119300,963600
2023-12-19 13:30:00,2.3708086600,2.3708086600,2.3512152000,2.3512152000,2971700
2023-12-19 13:45:00,2.3512152000,2.3708086600,2.3512152000,2.3610119300,1988900
2023-12-19 14:00:00,2.3610119300,2.3806053900,2.3610119300,2.3806053900,3206700
2023-12-19 14:15:00,2.3806053900,2.3806053900,2.3708086600,2.3708086600,2259600
2023-12-19 14:30:00,2.3708086600,2.3806053900,2.3610119300,2.3708086600,2187100
2023-12-19 14:45:00,2.3610119300,2.3806053900,2.3610119300,2.3806053900,1797100
2023-12-19 15:00:00,2.3806053900,2.3904021200,2.3708086600,2.3806053900,2541900
2023-12-20 09:45:00,2.3806053900,2.4197923100,2.3708086600,2.4197923100,8881600
2023-12-20 10:00:00,2.4197923100,2.4197923100,2.3904021200,2.4001988500,4710300
2023-12-20 10:15:00,2.3904021200,2.4001988500,2.3806053900,2.3806053900,2756500
2023-12-20 10:30:00,2.3806053900,2.3904021200,2.3708086600,2.3904021200,2059800
2023-12-20 10:45:00,2.3904021200,2.3904021200,2.3806053900,2.3806053900,619300
2023-12-20 11:00:00,2.3806053900,2.3904021200,2.3806053900,2.3806053900,357300
2023-12-20 11:15:00,2.3904021200,2.3904021200,2.3806053900,2.3904021200,662300
2023-12-20 11:30:00,2.3806053900,2.3904021200,2.3708086600,2.3806053900,3094900
2023-12-20 13:15:00,2.3708086600,2.3806053900,2.3708086600,2.3708086600,587300
2023-12-20 13:30:00,2.3708086600,2.3806053900,2.3610119300,2.3806053900,2193100
2023-12-20 13:45:00,2.3708086600,2.3806053900,2.3610119300,2.3708086600,1776000
2023-12-20 14:00:00,2.3708086600,2.3708086600,2.3610119300,2.3610119300,963800
2023-12-20 14:15:00,2.3610119300,2.3708086600,2.3610119300,2.3610119300,907200
2023-12-20 14:30:00,2.3610119300,2.3708086600,2.3610119300,2.3708086600,1333400
2023-12-20 14:45:00,2.3610119300,2.3708086600,2.3610119300,2.3708086600,1904200
2023-12-20 15:00:00,2.3708086600,2.3708086600,2.3512152000,2.3610119300,4096900
2023-12-21 09:45:00,2.3512152000,2.3708086600,2.3414184700,2.3512152000,6306500
2023-12-21 10:00:00,2.3610119300,2.3708086600,2.3414184700,2.3512152000,4472100
2023-12-21 10:15:00,2.3512152000,2.3610119300,2.3316217400,2.3414184700,3807400
2023-12-21 10:30:00,2.3414184700,2.3512152000,2.3316217400,2.3512152000,2576000
2023-12-21 10:45:00,2.3512152000,2.3512152000,2.3414184700,2.3512152000,1522900
2023-12-21 11:00:00,2.3512152000,2.3610119300,2.3512152000,2.3610119300,812200
2023-12-21 11:15:00,2.3610119300,2.3708086600,2.3512152000,2.3708086600,1217200
2023-12-21 11:30:00,2.3708086600,2.3708086600,2.3610119300,2.3708086600,284400
2023-12-21 13:15:00,2.3610119300,2.3708086600,2.3512152000,2.3610119300,3183200
2023-12-21 13:30:00,2.3610119300,2.3806053900,2.3610119300,2.3806053900,2743200
2023-12-21 13:45:00,2.3806053900,2.3806053900,2.3610119300,2.3806053900,1522600
2023-12-21 14:00:00,2.3806053900,2.3806053900,2.3610119300,2.3610119300,825500
2023-12-21 14:15:00,2.3708086600,2.3708086600,2.3610119300,2.3610119300,475100
2023-12-21 14:30:00,2.3708086600,2.3708086600,2.3610119300,2.3610119300,1366200
2023-12-21 14:45:00,2.3708086600,2.3708086600,2.3610119300,2.3610119300,758300
2023-12-21 15:00:00,2.3708086600,2.3708086600,2.3610119300,2.3708086600,2168000
2023-12-22 09:45:00,2.3708086600,2.3904021200,2.3610119300,2.3904021200,6474000
2023-12-22 10:00:00,2.3904021200,2.3904021200,2.3708086600,2.3904021200,2983900
2023-12-22 10:15:00,2.3904021200,2.4099955800,2.3806053900,2.3904021200,6800600
2023-12-22 10:30:00,2.3904021200,2.3904021200,2.3806053900,2.3806053900,919900
2023-12-22 10:45:00,2.3806053900,2.3904021200,2.3708086600,2.3806053900,2026500
2023-12-22 11:00:00,2.3806053900,2.3904021200,2.3708086600,2.3904021200,2042700
2023-12-22 11:15:00,2.3904021200,2.3904021200,2.3806053900,2.3904021200,1438900
2023-12-22 11:30:00,2.3904021200,2.4001988500,2.3806053900,2.3806053900,3537200
2023-12-22 13:15:00,2.3806053900,2.3904021200,2.3708086600,2.3708086600,3298600
2023-12-22 13:30:00,2.3708086600,2.3806053900,2.3610119300,2.3708086600,1907500
2023-12-22 13:45:00,2.3610119300,2.3708086600,2.3610119300,2.3610119300,772800
2023-12-22 14:00:00,2.3610119300,2.3708086600,2.3610119300,2.3708086600,821000
2023-12-22 14:15:00,2.3610119300,2.3708086600,2.3512152000,2.3610119300,2406300
2023-12-22 14:30:00,2.3610119300,2.3708086600,2.3512152000,2.3708086600,1557700
2023-12-22 14:45:00,2.3708086600,2.3708086600,2.3610119300,2.3708086600,2666700
2023-12-22 15:00:00,2.3708086600,2.3806053900,2.3708086600,2.3806053900,3119600
2023-12-25 09:45:00,2.3708086600,2.3708086600,2.3218250100,2.3316217400,10560600
2023-12-25 10:00:00,2.3218250100,2.3316217400,2.3120282800,2.3218250100,4041000
2023-12-25 10:15:00,2.3218250100,2.3218250100,2.3022315500,2.3022315500,6104100
2023-12-25 10:30:00,2.3022315500,2.3120282800,2.2924348200,2.3120282800,3327600
2023-12-25 10:45:00,2.3120282800,2.3120282800,2.3022315500,2.3022315500,1211200
2023-12-25 11:00:00,2.3022315500,2.3120282800,2.2924348200,2.3120282800,2675800
2023-12-25 11:15:00,2.3022315500,2.3120282800,2.3022315500,2.3022315500,880000
2023-12-25 11:30:00,2.3022315500,2.3120282800,2.2924348200,2.2924348200,677300
2023-12-25 13:15:00,2.3022315500,2.3120282800,2.2924348200,2.3022315500,2275400
2023-12-25 13:30:00,2.3022315500,2.3022315500,2.2924348200,2.2924348200,552200
2023-12-25 13:45:00,2.2924348200,2.3120282800,2.2924348200,2.3022315500,1439500
2023-12-25 14:00:00,2.3120282800,2.3120282800,2.3022315500,2.3022315500,3263400
2023-12-25 14:15:00,2.3120282800,2.3120282800,2.3022315500,2.3022315500,881400
2023-12-25 14:30:00,2.3022315500,2.3120282800,2.3022315500,2.3120282800,1800400
2023-12-25 14:45:00,2.3120282800,2.3218250100,2.3022315500,2.3218250100,4727400
2023-12-25 15:00:00,2.3218250100,2.3218250100,2.3120282800,2.3120282800,2854700
2023-12-26 09:45:00,2.3218250100,2.3512152000,2.3218250100,2.3316217400,8623200
2023-12-26 10:00:00,2.3316217400,2.3414184700,2.3316217400,2.3316217400,1435100
2023-12-26 10:15:00,2.3316217400,2.3414184700,2.3316217400,2.3316217400,1076800
2023-12-26 10:30:00,2.3316217400,2.3414184700,2.3218250100,2.3218250100,3585700
2023-12-26 10:45:00,2.3316217400,2.3414184700,2.3218250100,2.3414184700,2116000
2023-12-26 11:00:00,2.3414184700,2.3414184700,2.3316217400,2.3316217400,852500
2023-12-26 11:15:00,2.3316217400,2.3414184700,2.3316217400,2.3316217400,1306500
2023-12-26 11:30:00,2.3316217400,2.3414184700,2.3316217400,2.3414184700,594600
2023-12-26 13:15:00,2.3316217400,2.3414184700,2.3316217400,2.3316217400,730900
2023-12-26 13:30:00,2.3316217400,2.3414184700,2.3316217400,2.3316217400,1017800
2023-12-26 13:45:00,2.3316217400,2.3414184700,2.3316217400,2.3414184700,855600
2023-12-26 14:00:00,2.3316217400,2.3414184700,2.3316217400,2.3316217400,781500
2023-12-26 14:15:00,2.3414184700,2.3414184700,2.3316217400,2.3316217400,974500
2023-12-26 14:30:00,2.3316217400,2.3414184700,2.3316217400,2.3316217400,496400
2023-12-26 14:45:00,2.3414184700,2.3414184700,2.3218250100,2.3218250100,4771200
2023-12-26 15:00:00,2.3316217400,2.3316217400,2.3218250100,2.3316217400,1831400
2023-12-27 09:45:00,2.3218250100,2.3414184700,2.3218250100,2.3414184700,2852800
2023-12-27 10:00:00,2.3414184700,2.3414184700,2.3120282800,2.3316217400,2088100
2023-12-27 10:15:00,2.3316217400,2.3316217400,2.3120282800,2.3120282800,1536600
2023-12-27 10:30:00,2.3120282800,2.3316217400,2.3120282800,2.3120282800,1949400
2023-12-27 10:45:00,2.3120282800,2.3218250100,2.3022315500,2.3120282800,2346300
2023-12-27 11:00:00,2.3022315500,2.3218250100,2.3022315500,2.3218250100,1808800
2023-12-27 11:15:00,2.3120282800,2.3218250100,2.3022315500,2.3120282800,1458000
2023-12-27 11:30:00,2.3022315500,2.3218250100,2.3022315500,2.3218250100,1977500
2023-12-27 13:15:00,2.3218250100,2.3218250100,2.3120282800,2.3120282800,2411500
2023-12-27 13:30:00,2.3120282800,2.3218250100,2.3120282800,2.3218250100,275800
2023-12-27 13:45:00,2.3218250100,2.3218250100,2.3120282800,2.3120282800,426100
2023-12-27 14:00:00,2.3218250100,2.3218250100,2.3022315500,2.3120282800,1073000
2023-12-27 14:15:00,2.3120282800,2.3218250100,2.3022315500,2.3120282800,1241500
2023-12-27 14:30:00,2.3218250100,2.3218250100,2.3120282800,2.3120282800,218300
2023-12-27 14:45:00,2.3120282800,2.3218250100,2.3120282800,2.3218250100,1280600
2023-12-27 15:00:00,2.3218250100,2.3218250100,2.3120282800,2.3120282800,1931400
2023-12-28 09:45:00,2.3120282800,2.3218250100,2.3022315500,2.3120282800,3409300
2023-12-28 10:00:00,2.3120282800,2.3218250100,2.3022315500,2.3120282800,4468200
2023-12-28 10:15:00,2.3120282800,2.3218250100,2.3022315500,2.3120282800,3380000
2023-12-28 10:30:00,2.3120282800,2.3218250100,2.3022315500,2.3022315500,2645200
2023-12-28 10:45:00,2.3022315500,2.3218250100,2.3022315500,2.3120282800,3463100
2023-12-28 11:00:00,2.3120282800,2.3218250100,2.3022315500,2.3120282800,2076800
2023-12-28 11:15:00,2.3120282800,2.3218250100,2.3120282800,2.3120282800,1401800
2023-12-28 11:30:00,2.3120282800,2.3218250100,2.3022315500,2.3120282800,640900
2023-12-28 13:15:00,2.3120282800,2.3218250100,2.3120282800,2.3120282800,2247500
2023-12-28 13:30:00,2.3120282800,2.3316217400,2.3120282800,2.3218250100,1754900
2023-12-28 13:45:00,2.3218250100,2.3316217400,2.3120282800,2.3218250100,1506800
2023-12-28 14:00:00,2.3218250100,2.3316217400,2.3120282800,2.3218250100,1146800
2023-12-28 14:15:00,2.3120282800,2.3218250100,2.3120282800,2.3120282800,682200
2023-12-28 14:30:00,2.3120282800,2.3218250100,2.3120282800,2.3120282800,699900
2023-12-28 14:45:00,2.3120282800,2.3218250100,2.3120282800,2.3218250100,1146900
2023-12-28 15:00:00,2.3218250100,2.3218250100,2.3120282800,2.3120282800,2170100
2023-12-29 09:45:00,2.3120282800,2.3218250100,2.3022315500,2.3120282800,3265400
2023-12-29 10:00:00,2.3120282800,2.3120282800,2.3022315500,2.3120282800,2619100
2023-12-29 10:15:00,2.3120282800,2.3120282800,2.3022315500,2.3120282800,1835500
2023-12-29 10:30:00,2.3120282800,2.3120282800,2.3022315500,2.3022315500,805400
2023-12-29 10:45:00,2.3120282800,2.3120282800,2.2924348200,2.3022315500,4205000
2023-12-29 11:00:00,2.2924348200,2.3022315500,2.2924348200,2.3022315500,693000
2023-12-29 11:15:00,2.3022315500,2.3022315500,2.2924348200,2.2924348200,438300
2023-12-29 11:30:00,2.2924348200,2.3022315500,2.2826380900,2.2826380900,3493900
2023-12-29 13:15:00,2.2924348200,2.2924348200,2.2826380900,2.2924348200,1908600
2023-12-29 13:30:00,2.2924348200,2.2924348200,2.2826380900,2.2924348200,582000
2023-12-29 13:45:00,2.2924348200,2.2924348200,2.2826380900,2.2924348200,617900
2023-12-29 14:00:00,2.2826380900,2.3022315500,2.2826380900,2.3022315500,981700
2023-12-29 14:15:00,2.2924348200,2.3022315500,2.2924348200,2.3022315500,442800
2023-12-29 14:30:00,2.2924348200,2.3022315500,2.2924348200,2.3022315500,538200
2023-12-29 14:45:00,2.2924348200,2.3022315500,2.2826380900,2.3022315500,2578400
2023-12-29 15:00:00,2.2924348200,2.3022315500,2.2826380900,2.2924348200,1996100
2024-01-02 09:45:00,2.3022315500,2.3316217400,2.2924348200,2.3218250100,8649200
2024-01-02 10:00:00,2.3218250100,2.3414184700,2.3218250100,2.3316217400,6097500
2024-01-02 10:15:00,2.3316217400,2.3610119300,2.3316217400,2.3512152000,10469600
2024-01-02 10:30:00,2.3512152000,2.3610119300,2.3414184700,2.3414184700,2473900
2024-01-02 10:45:00,2.3414184700,2.3512152000,2.3414184700,2.3512152000,1120800
2024-01-02 11:00:00,2.3414184700,2.3512152000,2.3316217400,2.3316217400,2514600
2024-01-02 11:15:00,2.3316217400,2.3414184700,2.3316217400,2.3414184700,302000
2024-01-02 11:30:00,2.3414184700,2.3414184700,2.3316217400,2.3316217400,771500
2024-01-02 13:15:00,2.3316217400,2.3414184700,2.3316217400,2.3316217400,707700
2024-01-02 13:30:00,2.3316217400,2.3414184700,2.3316217400,2.3414184700,3018700
2024-01-02 13:45:00,2.3414184700,2.3512152000,2.3414184700,2.3414184700,1207600
2024-01-02 14:00:00,2.3414184700,2.3610119300,2.3414184700,2.3512152000,3979600
2024-01-02 14:15:00,2.3512152000,2.3610119300,2.3414184700,2.3414184700,1182100
2024-01-02 14:30:00,2.3512152000,2.3512152000,2.3414184700,2.3512152000,762300
2024-01-02 14:45:00,2.3512152000,2.3512152000,2.3414184700,2.3414184700,1729600
2024-01-02 15:00:00,2.3414184700,2.3512152000,2.3414184700,2.3414184700,3537900
2024-01-03 09:45:00,2.3414184700,2.3610119300,2.3414184700,2.3512152000,7476300
2024-01-03 10:00:00,2.3610119300,2.3708086600,2.3512152000,2.3610119300,5382800
2024-01-03 10:15:00,2.3610119300,2.3708086600,2.3512152000,2.3512152000,2953500
2024-01-03 10:30:00,2.3512152000,2.3610119300,2.3512152000,2.3512152000,1086300
2024-01-03 10:45:00,2.3512152000,2.3610119300,2.3512152000,2.3512152000,899100
2024-01-03 11:00:00,2.3512152000,2.3708086600,2.3512152000,2.3610119300,2857000
2024-01-03 11:15:00,2.3610119300,2.3708086600,2.3512152000,2.3512152000,789200
2024-01-03 11:30:00,2.3512152000,2.3610119300,2.3414184700,2.3512152000,1711500
2024-01-03 13:15:00,2.3512152000,2.3610119300,2.3414184700,2.3512152000,3545400
2024-01-03 13:30:00,2.3512152000,2.3610119300,2.3512152000,2.3512152000,953500
2024-01-03 13:45:00,2.3512152000,2.3708086600,2.3512152000,2.3512152000,1764300
2024-01-03 14:00:00,2.3512152000,2.3708086600,2.3512152000,2.3610119300,2131100
2024-01-03 14:15:00,2.3610119300,2.3708086600,2.3610119300,2.3610119300,1029400
2024-01-03 14:30:00,2.3610119300,2.3708086600,2.3610119300,2.3708086600,1026500
2024-01-03 14:45:00,2.3708086600,2.3806053900,2.3610119300,2.3708086600,3584200
2024-01-03 15:00:00,2.3708086600,2.3806053900,2.3610119300,2.3708086600,2842300
2024-01-04 09:45:00,2.3708086600,2.4099955800,2.3708086600,2.3904021200,8536200
2024-01-04 10:00:00,2.3904021200,2.4001988500,2.3806053900,2.3806053900,1542500
2024-01-04 10:15:00,2.3806053900,2.3904021200,2.3708086600,2.3806053900,2225700
2024-01-04 10:30:00,2.3806053900,2.3806053900,2.3708086600,2.3806053900,1943000
2024-01-04 10:45:00,2.3806053900,2.3806053900,2.3708086600,2.3806053900,1521900
2024-01-04 11:00:00,2.3708086600,2.3806053900,2.3708086600,2.3708086600,1063000
2024-01-04 11:15:00,2.3708086600,2.3806053900,2.3610119300,2.3708086600,2503200
2024-01-04 11:30:00,2.3708086600,2.3708086600,2.3610119300,2.3708086600,812400
2024-01-04 13:15:00,2.3708086600,2.3806053900,2.3610119300,2.3708086600,710900
2024-01-04 13:30:00,2.3610119300,2.3806053900,2.3610119300,2.3708086600,417900
2024-01-04 13:45:00,2.3708086600,2.3806053900,2.3610119300,2.3708086600,1248600
2024-01-04 14:00:00,2.3708086600,2.3708086600,2.3610119300,2.3708086600,657700
2024-01-04 14:15:00,2.3610119300,2.3806053900,2.3610119300,2.3708086600,1586200
2024-01-04 14:30:00,2.3708086600,2.3806053900,2.3708086600,2.3806053900,436700
2024-01-04 14:45:00,2.3708086600,2.3806053900,2.3708086600,2.3708086600,2079400
2024-01-04 15:00:00,2.3708086600,2.3904021200,2.3708086600,2.3806053900,2606400
2024-01-05 09:45:00,2.3806053900,2.3904021200,2.3708086600,2.3806053900,2599000
2024-01-05 10:00:00,2.3806053900,2.3904021200,2.3806053900,2.3904021200,4479100
2024-01-05 10:15:00,2.4001988500,2.4001988500,2.3904021200,2.4001988500,2673400
2024-01-05 10:30:00,2.4001988500,2.4099955800,2.3904021200,2.4099955800,7907600
2024-01-05 10:45:00,2.4099955800,2.4099955800,2.4001988500,2.4099955800,3668800
2024-01-05 11:00:00,2.4099955800,2.4197923100,2.4001988500,2.4099955800,5194600
2024-01-05 11:15:00,2.4099955800,2.4099955800,2.4001988500,2.4099955800,2200400
2024-01-05 11:30:00,2.4099955800,2.4099955800,2.3904021200,2.3904021200,2013700
2024-01-05 13:15:00,2.3904021200,2.4001988500,2.3904021200,2.4001988500,940000
2024-01-05 13:30:00,2.4001988500,2.4001988500,2.3904021200,2.3904021200,1230800
2024-01-05 13:45:00,2.4001988500,2.4001988500,2.3806053900,2.3904021200,2495800
2024-01-05 14:00:00,2.3904021200,2.3904021200,2.3806053900,2.3904021200,931400
2024-01-05 14:15:00,2.3904021200,2.3904021200,2.3806053900,2.3806053900,1389800
2024-01-05 14:30:00,2.3904021200,2.3904021200,2.3806053900,2.3904021200,1375600
2024-01-05 14:45:00,2.3904021200,2.3904021200,2.3708086600,2.3708086600,3907300
2024-01-05 15:00:00,2.3806053900,2.3904021200,2.3708086600,2.3904021200,3065200
2024-01-08 09:45:00,2.3904021200,2.3904021200,2.3610119300,2.3610119300,5390400
2024-01-08 10:00:00,2.3610119300,2.3708086600,2.3512152000,2.3610119300,2775700
2024-01-08 10:15:00,2.3512152000,2.3610119300,2.3512152000,2.3610119300,970700
2024-01-08 10:30:00,2.3512152000,2.3610119300,2.3414184700,2.3414184700,3309000
2024-01-08 10:45:00,2.3512152000,2.3610119300,2.3414184700,2.3414184700,4186000
2024-01-08 11:00:00,2.3414184700,2.3512152000,2.3414184700,2.3414184700,9398100
2024-01-08 11:15:00,2.3414184700,2.3512152000,2.3316217400,2.3512152000,1542400
2024-01-08 11:30:00,2.3512152000,2.3610119300,2.3414184700,2.3414184700,1548400
2024-01-08 13:15:00,2.3414184700,2.3512152000,2.3414184700,2.3414184700,719300
2024-01-08 13:30:00,2.3414184700,2.3512152000,2.3414184700,2.3414184700,905000
2024-01-08 13:45:00,2.3414184700,2.3512152000,2.3316217400,2.3316217400,1894300
2024-01-08 14:00:00,2.3316217400,2.3414184700,2.3316217400,2.3316217400,729000
2024-01-08 14:15:00,2.3316217400,2.3414184700,2.3218250100,2.3316217400,3053700
2024-01-08 14:30:00,2.3316217400,2.3414184700,2.3218250100,2.3316217400,946900
2024-01-08 14:45:00,2.3316217400,2.3414184700,2.3218250100,2.3316217400,3309500
2024-01-08 15:00:00,2.3316217400,2.3414184700,2.3218250100,2.3218250100,1999600
2024-01-09 09:45:00,2.3218250100,2.3218250100,2.2924348200,2.3120282800,8442400
2024-01-09 10:00:00,2.3022315500,2.3218250100,2.3022315500,2.3120282800,2784900
2024-01-09 10:15:00,2.3120282800,2.3218250100,2.3120282800,2.3218250100,1703300
2024-01-09 10:30:00,2.3120282800,2.3316217400,2.3120282800,2.3218250100,1719800
2024-01-09 10:45:00,2.3218250100,2.3316217400,2.3120282800,2.3218250100,1100100
2024-01-09 11:00:00,2.3120282800,2.3218250100,2.3120282800,2.3120282800,506900
2024-01-09 11:15:00,2.3120282800,2.3218250100,2.3120282800,2.3120282800,760600
2024-01-09 11:30:00,2.3120282800,2.3218250100,2.3120282800,2.3218250100,956300
2024-01-09 13:15:00,2.3120282800,2.3218250100,2.3022315500,2.3120282800,1759700
2024-01-09 13:30:00,2.3120282800,2.3120282800,2.3022315500,2.3120282800,907600
2024-01-09 13:45:00,2.3120282800,2.3120282800,2.3022315500,2.3120282800,1750900
2024-01-09 14:00:00,2.3022315500,2.3120282800,2.2924348200,2.3120282800,1966200
2024-01-09 14:15:00,2.3022315500,2.3120282800,2.3022315500,2.3022315500,717400
2024-01-09 14:30:00,2.3120282800,2.3218250100,2.3022315500,2.3218250100,2407700
2024-01-09 14:45:00,2.3218250100,2.3316217400,2.3120282800,2.3218250100,2149400
2024-01-09 15:00:00,2.3218250100,2.3316217400,2.3218250100,2.3218250100,1936600
2024-01-10 09:45:00,2.3120282800,2.3218250100,2.3022315500,2.3022315500,2664900
2024-01-10 10:00:00,2.3022315500,2.3218250100,2.3022315500,2.3120282800,4666600
2024-01-10 10:15:00,2.3120282800,2.3218250100,2.3022315500,2.3218250100,1755300
2024-01-10 10:30:00,2.3120282800,2.3218250100,2.3120282800,2.3120282800,796400
2024-01-10 10:45:00,2.3218250100,2.3218250100,2.3120282800,2.3120282800,168400
2024-01-10 11:00:00,2.3120282800,2.3218250100,2.3120282800,2.3120282800,397800
2024-01-10 11:15:00,2.3120282800,2.3218250100,2.3120282800,2.3120282800,442500
2024-01-10 11:30:00,2.3218250100,2.3218250100,2.3120282800,2.3120282800,765400
2024-01-10 13:15:00,2.3120282800,2.3218250100,2.3120282800,2.3218250100,603700
2024-01-10 13:30:00,2.3120282800,2.3218250100,2.3022315500,2.3120282800,1588400
2024-01-10 13:45:00,2.3120282800,2.3218250100,2.3022315500,2.3218250100,931400
2024-01-10 14:00:00,2.3120282800,2.3218250100,2.3120282800,2.3120282800,223100
2024-01-10 14:15:00,2.3120282800,2.3218250100,2.3022315500,2.3120282800,707500
2024-01-10 14:30:00,2.3218250100,2.3218250100,2.3022315500,2.3120282800,897200
2024-01-10 14:45:00,2.3120282800,2.3218250100,2.3022315500,2.3218250100,1241300
2024-01-10 15:00:00,2.3120282800,2.3218250100,2.3120282800,2.3120282800,1742900
2024-01-11 09:45:00,2.3120282800,2.3218250100,2.3120282800,2.3218250100,2018700
2024-01-11 10:00:00,2.3120282800,2.3218250100,2.3120282800,2.3120282800,864400
2024-01-11 10:15:00,2.3120282800,2.3218250100,2.3120282800,2.3218250100,1224100
2024-01-11 10:30:00,2.3218250100,2.3316217400,2.3120282800,2.3316217400,2482500
2024-01-11 10:45:00,2.3316217400,2.3414184700,2.3316217400,2.3414184700,5444600
2024-01-11 11:00:00,2.3414184700,2.3610119300,2.3316217400,2.3512152000,4049900
2024-01-11 11:15:00,2.3512152000,2.3610119300,2.3414184700,2.3512152000,2349700
2024-01-11 11:30:00,2.3512152000,2.3610119300,2.3512152000,2.3610119300,1545600
2024-01-11 13:15:00,2.3610119300,2.3708086600,2.3512152000,2.3610119300,3424100
2024-01-11 13:30:00,2.3610119300,2.3708086600,2.3512152000,2.3512152000,956100
2024-01-11 13:45:00,2.3512152000,2.3610119300,2.3512152000,2.3512152000,797400
2024-01-11 14:00:00,2.3512152000,2.3610119300,2.3512152000,2.3512152000,1088400
2024-01-11 14:15:00,2.3512152000,2.3610119300,2.3512152000,2.3512152000,878300
2024-01-11 14:30:00,2.3512152000,2.3610119300,2.3512152000,2.3512152000,933300
2024-01-11 14:45:00,2.3512152000,2.3610119300,2.3512152000,2.3512152000,1800100
2024-01-11 15:00:00,2.3512152000,2.3610119300,2.3512152000,2.3512152000,2502100
2024-01-12 09:45:00,2.3512152000,2.4197923100,2.3512152000,2.4001988500,18861300
2024-01-12 10:00:00,2.4001988500,2.4099955800,2.3904021200,2.3904021200,3821300
2024-01-12 10:15:00,2.3904021200,2.4001988500,2.3904021200,2.3904021200,1059300
2024-01-12 10:30:00,2.3904021200,2.4001988500,2.3806053900,2.3904021200,2204800
2024-01-12 10:45:00,2.3806053900,2.3904021200,2.3806053900,2.3806053900,510500
2024-01-12 11:00:00,2.3806053900,2.4001988500,2.3806053900,2.3904021200,2004100
2024-01-12 11:15:00,2.3904021200,2.3904021200,2.3708086600,2.3904021200,1456400
2024-01-12 11:30:00,2.3904021200,2.3904021200,2.3806053900,2.3904021200,592000
2024-01-12 13:15:00,2.3806053900,2.3904021200,2.3708086600,2.3806053900,1075700
2024-01-12 13:30:00,2.3806053900,2.3806053900,2.3708086600,2.3806053900,500100
2024-01-12 13:45:00,2.3708086600,2.3806053900,2.3708086600,2.3806053900,455900
2024-01-12 14:00:00,2.3708086600,2.3806053900,2.3610119300,2.3708086600,1282600
2024-01-12 14:15:00,2.3610119300,2.3708086600,2.3610119300,2.3708086600,392200
2024-01-12 14:30:00,2.3610119300,2.3806053900,2.3610119300,2.3708086600,1327200
2024-01-12 14:45:00,2.3806053900,2.3806053900,2.3610119300,2.3806053900,1416000
2024-01-12 15:00:00,2.3806053900,2.3806053900,2.3610119300,2.3610119300,1322100
2024-01-15 09:45:00,2.3806053900,2.4001988500,2.3708086600,2.3806053900,9268500
2024-01-15 10:00:00,2.3806053900,2.3904021200,2.3708086600,2.3806053900,3616600
2024-01-15 10:15:00,2.3806053900,2.3904021200,2.3708086600,2.3806053900,2203900
2024-01-15 10:30:00,2.3904021200,2.3904021200,2.3806053900,2.3806053900,1319300
2024-01-15 10:45:00,2.3904021200,2.4099955800,2.3904021200,2.4001988500,7877400
2024-01-15 11:00:00,2.4001988500,2.4099955800,2.3904021200,2.4001988500,3545100
2024-01-15 11:15:00,2.3904021200,2.4001988500,2.3904021200,2.4001988500,467600
2024-01-15 11:30:00,2.3904021200,2.4001988500,2.3904021200,2.4001988500,377600
2024-01-15 13:15:00,2.3904021200,2.4001988500,2.3806053900,2.3904021200,3370900
2024-01-15 13:30:00,2.3904021200,2.4001988500,2.3806053900,2.3904021200,1204400
2024-01-15 13:45:00,2.3806053900,2.3904021200,2.3806053900,2.3904021200,911600
2024-01-15 14:00:00,2.3904021200,2.3904021200,2.3806053900,2.3806053900,709100
2024-01-15 14:15:00,2.3806053900,2.3904021200,2.3708086600,2.3806053900,2257500
2024-01-15 14:30:00,2.3806053900,2.3806053900,2.3708086600,2.3806053900,903300
2024-01-15 14:45:00,2.3806053900,2.3904021200,2.3708086600,2.3904021200,1394300
2024-01-15 15:00:00,2.3904021200,2.3904021200,2.3806053900,2.3806053900,1977400
2024-01-16 09:45:00,2.3806053900,2.3806053900,2.3512152000,2.3610119300,5461100
2024-01-16 10:00:00,2.3610119300,2.3708086600,2.3512152000,2.3512152000,2448500
2024-01-16 10:15:00,2.3512152000,2.3708086600,2.3512152000,2.3610119300,3348200
2024-01-16 10:30:00,2.3610119300,2.3708086600,2.3512152000,2.3708086600,1280900
2024-01-16 10:45:00,2.3708086600,2.3708086600,2.3610119300,2.3610119300,1361600
2024-01-16 11:00:00,2.3708086600,2.3708086600,2.3610119300,2.3610119300,877500
2024-01-16 11:15:00,2.3610119300,2.3708086600,2.3610119300,2.3708086600,931500
2024-01-16 11:30:00,2.3708086600,2.3708086600,2.3512152000,2.3610119300,3333900
2024-01-16 13:15:00,2.3610119300,2.3610119300,2.3414184700,2.3512152000,4104500
2024-01-16 13:30:00,2.3512152000,2.3610119300,2.3414184700,2.3610119300,1139600
2024-01-16 13:45:00,2.3610119300,2.3610119300,2.3414184700,2.3512152000,1251000
2024-01-16 14:00:00,2.3512152000,2.3610119300,2.3414184700,2.3414184700,2177200
2024-01-16 14:15:00,2.3414184700,2.3708086600,2.3414184700,2.3610119300,2004700
2024-01-16 14:30:00,2.3708086600,2.3708086600,2.3512152000,2.3610119300,1060500
2024-01-16 14:45:00,2.3610119300,2.3708086600,2.3512152000,2.3610119300,2910500
2024-01-16 15:00:00,2.3610119300,2.3708086600,2.3610119300,2.3708086600,2350100
2024-01-17 09:45:00,2.3708086600,2.3806053900,2.3610119300,2.3610119300,2590900
2024-01-17 10:00:00,2.3610119300,2.3708086600,2.3512152000,2.3610119300,2723900
2024-01-17 10:15:00,2.3512152000,2.3610119300,2.3512152000,2.3610119300,358400
2024-01-17 10:30:00,2.3512152000,2.3610119300,2.3512152000,2.3512152000,813400
2024-01-17 10:45:00,2.3512152000,2.3610119300,2.3414184700,2.3512152000,3685000
2024-01-17 11:00:00,2.3512152000,2.3610119300,2.3414184700,2.3414184700,651600
2024-01-17 11:15:00,2.3512152000,2.3610119300,2.3414184700,2.3610119300,1075900
2024-01-17 11:30:00,2.3610119300,2.3610119300,2.3512152000,2.3512152000,285300
2024-01-17 13:15:00,2.3610119300,2.3610119300,2.3414184700,2.3512152000,1215400
2024-01-17 13:30:00,2.3414184700,2.3512152000,2.3414184700,2.3512152000,845300
2024-01-17 13:45:00,2.3414184700,2.3512152000,2.3414184700,2.3414184700,999900
2024-01-17 14:00:00,2.3414184700,2.3512152000,2.3414184700,2.3414184700,643600
2024-01-17 14:15:00,2.3512152000,2.3512152000,2.3316217400,2.3414184700,3619400
2024-01-17 14:30:00,2.3316217400,2.3414184700,2.3316217400,2.3316217400,855500
2024-01-17 14:45:00,2.3414184700,2.3414184700,2.3218250100,2.3316217400,2137300
2024-01-17 15:00:00,2.3218250100,2.3316217400,2.3120282800,2.3218250100,6137300
2024-01-18 09:45:00,2.3218250100,2.3218250100,2.2630446300,2.2728413600,9408500
2024-01-18 10:00:00,2.2630446300,2.2924348200,2.2630446300,2.2826380900,4446900
2024-01-18 10:15:00,2.2826380900,2.2826380900,2.2532479000,2.2630446300,4375100
2024-01-18 10:30:00,2.2630446300,2.2630446300,2.2434511700,2.2630446300,5512700
2024-01-18 10:45:00,2.2532479000,2.2630446300,2.2434511700,2.2434511700,2984200
2024-01-18 11:00:00,2.2434511700,2.2532479000,2.2238577100,2.2238577100,4328300
2024-01-18 11:15:00,2.2336544400,2.2434511700,2.2140609800,2.2140609800,3245600
2024-01-18 11:30:00,2.2140609800,2.2434511700,2.2140609800,2.2336544400,1875700
2024-01-18 13:15:00,2.2434511700,2.2434511700,2.2238577100,2.2336544400,2007500
2024-01-18 13:30:00,2.2336544400,2.2434511700,2.2238577100,2.2336544400,1628200
2024-01-18 13:45:00,2.2336544400,2.2434511700,2.2238577100,2.2336544400,1320300
2024-01-18 14:00:00,2.2336544400,2.2434511700,2.2238577100,2.2336544400,1812100
2024-01-18 14:15:00,2.2434511700,2.2630446300,2.2336544400,2.2434511700,3762600
2024-01-18 14:30:00,2.2532479000,2.2630446300,2.2434511700,2.2532479000,2645500
2024-01-18 14:45:00,2.2630446300,2.2826380900,2.2532479000,2.2728413600,4542600
2024-01-18 15:00:00,2.2728413600,2.2924348200,2.2630446300,2.2924348200,3024500
2024-01-19 09:45:00,2.2826380900,2.2826380900,2.2630446300,2.2630446300,3333000
2024-01-19 10:00:00,2.2630446300,2.2924348200,2.2630446300,2.2826380900,3208200
2024-01-19 10:15:00,2.2826380900,2.2924348200,2.2728413600,2.2728413600,1439300
2024-01-19 10:30:00,2.2826380900,2.2826380900,2.2728413600,2.2826380900,1179700
2024-01-19 10:45:00,2.2826380900,2.2924348200,2.2728413600,2.2924348200,1230000
2024-01-19 11:00:00,2.2924348200,2.3022315500,2.2826380900,2.2924348200,2180100
2024-01-19 11:15:00,2.2924348200,2.3022315500,2.2826380900,2.2924348200,1590100
2024-01-19 11:30:00,2.2826380900,2.2924348200,2.2728413600,2.2826380900,907900
2024-01-19 13:15:00,2.2826380900,2.2924348200,2.2630446300,2.2728413600,1791200
2024-01-19 13:30:00,2.2728413600,2.2728413600,2.2630446300,2.2728413600,450200
2024-01-19 13:45:00,2.2728413600,2.2826380900,2.2630446300,2.2826380900,875700
2024-01-19 14:00:00,2.2826380900,2.2826380900,2.2728413600,2.2826380900,347100
2024-01-19 14:15:00,2.2728413600,2.2826380900,2.2630446300,2.2728413600,1488000
2024-01-19 14:30:00,2.2728413600,2.2924348200,2.2728413600,2.2728413600,1382500
2024-01-19 14:45:00,2.2728413600,2.2924348200,2.2728413600,2.2728413600,1118400
2024-01-19 15:00:00,2.2826380900,2.2924348200,2.2728413600,2.2826380900,1329800
2024-01-22 09:45:00,2.2826380900,2.2826380900,2.2434511700,2.2434511700,6466000
2024-01-22 10:00:00,2.2434511700,2.2532479000,2.2238577100,2.2238577100,4543200
2024-01-22 10:15:00,2.2336544400,2.2336544400,2.2140609800,2.2238577100,3949800
2024-01-22 10:30:00,2.2238577100,2.2336544400,2.2140609800,2.2336544400,1217900
2024-01-22 10:45:00,2.2336544400,2.2336544400,2.2140609800,2.2238577100,1420900
2024-01-22 11:00:00,2.2238577100,2.2336544400,2.2140609800,2.2238577100,1283200
2024-01-22 11:15:00,2.2140609800,2.2336544400,2.2140609800,2.2140609800,1921300
2024-01-22 11:30:00,2.2140609800,2.2336544400,2.2140609800,2.2238577100,1559500
2024-01-22 13:15:00,2.2238577100,2.2238577100,2.1944675200,2.2042642500,4727100
2024-01-22 13:30:00,2.2042642500,2.2140609800,2.1944675200,2.2042642500,2005300
2024-01-22 13:45:00,2.2042642500,2.2140609800,2.1944675200,2.1944675200,1635900
2024-01-22 14:00:00,2.2042642500,2.2140609800,2.1944675200,2.1944675200,690900
2024-01-22 14:15:00,2.1944675200,2.2140609800,2.1944675200,2.1944675200,1486300
2024-01-22 14:30:00,2.1944675200,2.1944675200,2.1748740600,2.1748740600,4770800
2024-01-22 14:45:00,2.1748740600,2.1846707900,2.1258904100,2.1552806000,15397800
2024-01-22 15:00:00,2.1454838700,2.1748740600,2.1356871400,2.1552806000,3515300
2024-01-23 09:45:00,2.1454838700,2.1454838700,2.1160936800,2.1356871400,7982300
2024-01-23 10:00:00,2.1356871400,2.1454838700,2.1160936800,2.1356871400,4867200
2024-01-23 10:15:00,2.1356871400,2.1748740600,2.1356871400,2.1748740600,4600100
2024-01-23 10:30:00,2.1650773300,2.1748740600,2.1552806000,2.1552806000,1707000
2024-01-23 10:45:00,2.1552806000,2.1650773300,2.1454838700,2.1552806000,1824300
2024-01-23 11:00:00,2.1552806000,2.1650773300,2.1552806000,2.1650773300,664200
2024-01-23 11:15:00,2.1552806000,2.1650773300,2.1454838700,2.1552806000,1628200
2024-01-23 11:30:00,2.1552806000,2.1748740600,2.1454838700,2.1748740600,1684000
2024-01-23 13:15:00,2.1650773300,2.1846707900,2.1650773300,2.1748740600,2314300
2024-01-23 13:30:00,2.1748740600,2.1846707900,2.1650773300,2.1748740600,1201700
2024-01-23 13:45:00,2.1846707900,2.1846707900,2.1650773300,2.1650773300,1309800
2024-01-23 14:00:00,2.1748740600,2.1846707900,2.1552806000,2.1748740600,2134400
2024-01-23 14:15:00,2.1748740600,2.1944675200,2.1748740600,2.1846707900,2135300
2024-01-23 14:30:00,2.1846707900,2.2042642500,2.1846707900,2.1944675200,2522700
2024-01-23 14:45:00,2.2042642500,2.2042642500,2.1846707900,2.1846707900,3425900
2024-01-23 15:00:00,2.1944675200,2.1944675200,2.1846707900,2.1846707900,1662700
2024-01-24 09:45:00,2.2042642500,2.2532479000,2.1944675200,2.2336544400,9601100
2024-01-24 10:00:00,2.2336544400,2.2434511700,2.2238577100,2.2336544400,1336100
2024-01-24 10:15:00,2.2336544400,2.2434511700,2.2336544400,2.2336544400,3435500
2024-01-24 10:30:00,2.2336544400,2.2532479000,2.2238577100,2.2434511700,5890300
2024-01-24 10:45:00,2.2434511700,2.2434511700,2.2238577100,2.2336544400,2407800
2024-01-24 11:00:00,2.2434511700,2.2434511700,2.2238577100,2.2238577100,1426600
2024-01-24 11:15:00,2.2238577100,2.2336544400,2.2140609800,2.2238577100,3735900
2024-01-24 11:30:00,2.2238577100,2.2434511700,2.2238577100,2.2336544400,2182800
2024-01-24 13:15:00,2.2336544400,2.2434511700,2.2140609800,2.2238577100,3927100
2024-01-24 13:30:00,2.2238577100,2.2238577100,2.2042642500,2.2238577100,2162300
2024-01-24 13:45:00,2.2238577100,2.2532479000,2.2238577100,2.2434511700,3484700
2024-01-24 14:00:00,2.2532479000,2.2728413600,2.2434511700,2.2532479000,3755500
2024-01-24 14:15:00,2.2630446300,2.2826380900,2.2532479000,2.2728413600,2700700
2024-01-24 14:30:00,2.2728413600,2.2826380900,2.2728413600,2.2826380900,1279600
2024-01-24 14:45:00,2.2826380900,2.2924348200,2.2728413600,2.2826380900,2649100
2024-01-24 15:00:00,2.2826380900,2.3022315500,2.2826380900,2.3022315500,3549500
2024-01-25 09:45:00,2.2924348200,2.3120282800,2.2826380900,2.2924348200,5533500
2024-01-25 10:00:00,2.2924348200,2.3316217400,2.2924348200,2.3316217400,6326600
2024-01-25 10:15:00,2.3316217400,2.3414184700,2.3316217400,2.3414184700,3102000
2024-01-25 10:30:00,2.3414184700,2.3414184700,2.3218250100,2.3316217400,3950100
2024-01-25 10:45:00,2.3316217400,2.3512152000,2.3316217400,2.3414184700,3868100
2024-01-25 11:00:00,2.3316217400,2.3512152000,2.3316217400,2.3414184700,2877200
2024-01-25 11:15:00,2.3414184700,2.3512152000,2.3316217400,2.3316217400,1686500
2024-01-25 11:30:00,2.3414184700,2.3512152000,2.3316217400,2.3512152000,2464700
2024-01-25 13:15:00,2.3414184700,2.3806053900,2.3414184700,2.3708086600,8568500
2024-01-25 13:30:00,2.3708086600,2.3904021200,2.3610119300,2.3806053900,4592800
2024-01-25 13:45:00,2.3806053900,2.3806053900,2.3610119300,2.3708086600,3576300
2024-01-25 14:00:00,2.3708086600,2.3806053900,2.3708086600,2.3806053900,1440100
2024-01-25 14:15:00,2.3806053900,2.3904021200,2.3708086600,2.3806053900,4019800
2024-01-25 14:30:00,2.3904021200,2.3904021200,2.3708086600,2.3904021200,2368900
2024-01-25 14:45:00,2.3904021200,2.4001988500,2.3806053900,2.3904021200,4869100
2024-01-25 15:00:00,2.3806053900,2.4001988500,2.3806053900,2.3904021200,4148800
2024-01-26 09:45:00,2.3904021200,2.4197923100,2.3708086600,2.4001988500,15846600
2024-01-26 10:00:00,2.4001988500,2.4099955800,2.3904021200,2.3904021200,3636800
2024-01-26 10:15:00,2.4001988500,2.4099955800,2.3904021200,2.4099955800,4336600
2024-01-26 10:30:00,2.4099955800,2.4099955800,2.4001988500,2.4001988500,1314200
2024-01-26 10:45:00,2.4099955800,2.4099955800,2.3904021200,2.4001988500,6290600
2024-01-26 11:00:00,2.4001988500,2.4001988500,2.3806053900,2.4001988500,4304800
2024-01-26 11:15:00,2.4001988500,2.4099955800,2.3904021200,2.4099955800,2761500
2024-01-26 11:30:00,2.4099955800,2.4099955800,2.3904021200,2.4001988500,1460300
2024-01-26 13:15:00,2.3904021200,2.4001988500,2.3904021200,2.4001988500,1666400
2024-01-26 13:30:00,2.4001988500,2.4099955800,2.3904021200,2.4001988500,2363000
2024-01-26 13:45:00,2.3904021200,2.4099955800,2.3904021200,2.4099955800,1978200
2024-01-26 14:00:00,2.4099955800,2.4197923100,2.4001988500,2.4197923100,5189900
2024-01-26 14:15:00,2.4099955800,2.4197923100,2.4001988500,2.4099955800,4344300
2024-01-26 14:30:00,2.4001988500,2.4197923100,2.4001988500,2.4099955800,3704000
2024-01-26 14:45:00,2.4099955800,2.4197923100,2.4001988500,2.4197923100,4193000
2024-01-26 15:00:00,2.4099955800,2.4197923100,2.4001988500,2.4099955800,3974400
2024-01-29 09:45:00,2.4197923100,2.4295890400,2.4099955800,2.4099955800,11081100
2024-01-29 10:00:00,2.4099955800,2.4197923100,2.4001988500,2.4197923100,3499400
2024-01-29 10:15:00,2.4197923100,2.4197923100,2.3904021200,2.4001988500,3709600
2024-01-29 10:30:00,2.3904021200,2.4099955800,2.3806053900,2.4099955800,4219700
2024-01-29 10:45:00,2.4001988500,2.4099955800,2.3904021200,2.4001988500,3108700
2024-01-29 11:00:00,2.4001988500,2.4099955800,2.3904021200,2.4001988500,2494700
2024-01-29 11:15:00,2.4001988500,2.4197923100,2.4001988500,2.4197923100,4990900
2024-01-29 11:30:00,2.4197923100,2.4295890400,2.4099955800,2.4197923100,2732000
2024-01-29 13:15:00,2.4197923100,2.4295890400,2.4001988500,2.4197923100,5657400
2024-01-29 13:30:00,2.4197923100,2.4197923100,2.4001988500,2.4001988500,1766800
2024-01-29 13:45:00,2.4001988500,2.4099955800,2.3904021200,2.4001988500,3217400
2024-01-29 14:00:00,2.4001988500,2.4099955800,2.3904021200,2.3904021200,1987900
2024-01-29 14:15:00,2.4001988500,2.4099955800,2.3904021200,2.3904021200,2256400
2024-01-29 14:30:00,2.4001988500,2.4197923100,2.3904021200,2.4099955800,2210000
2024-01-29 14:45:00,2.4099955800,2.4197923100,2.4001988500,2.4001988500,2479200
2024-01-29 15:00:00,2.4001988500,2.4099955800,2.3904021200,2.3904021200,2757900
2024-01-30 09:45:00,2.3806053900,2.4001988500,2.3708086600,2.3708086600,7466500
2024-01-30 10:00:00,2.3806053900,2.3904021200,2.3708086600,2.3806053900,6141500
2024-01-30 10:15:00,2.3904021200,2.4099955800,2.3806053900,2.4001988500,4171000
2024-01-30 10:30:00,2.4001988500,2.4099955800,2.3904021200,2.3904021200,4355500
2024-01-30 10:45:00,2.3904021200,2.4001988500,2.3806053900,2.3904021200,2583800
2024-01-30 11:00:00,2.3904021200,2.4099955800,2.3806053900,2.3904021200,4166400
2024-01-30 11:15:00,2.3904021200,2.4001988500,2.3904021200,2.3904021200,2302400
2024-01-30 11:30:00,2.3904021200,2.4001988500,2.3904021200,2.3904021200,2197900
2024-01-30 13:15:00,2.3904021200,2.3904021200,2.3806053900,2.3806053900,902700
2024-01-30 13:30:00,2.3806053900,2.3904021200,2.3806053900,2.3806053900,860900
2024-01-30 13:45:00,2.3904021200,2.4001988500,2.3806053900,2.3904021200,2997500
2024-01-30 14:00:00,2.4001988500,2.4001988500,2.3806053900,2.3904021200,1261600
2024-01-30 14:15:00,2.3904021200,2.3904021200,2.3708086600,2.3806053900,2365400
2024-01-30 14:30:00,2.3708086600,2.3806053900,2.3610119300,2.3610119300,2711600
2024-01-30 14:45:00,2.3708086600,2.3708086600,2.3512152000,2.3512152000,4377800
2024-01-30 15:00:00,2.3610119300,2.3610119300,2.3414184700,2.3512152000,3246800
2024-01-31 09:45:00,2.3316217400,2.3610119300,2.3218250100,2.3512152000,7118200
2024-01-31 10:00:00,2.3414184700,2.3512152000,2.3218250100,2.3414184700,3389100
2024-01-31 10:15:00,2.3316217400,2.3414184700,2.3022315500,2.3022315500,6123700
2024-01-31 10:30:00,2.3022315500,2.3120282800,2.2826380900,2.2826380900,3619900
2024-01-31 10:45:00,2.2826380900,2.3120282800,2.2826380900,2.3120282800,3425600
2024-01-31 11:00:00,2.3120282800,2.3218250100,2.2924348200,2.3218250100,2347400
2024-01-31 11:15:00,2.3218250100,2.3414184700,2.3120282800,2.3316217400,3080300
2024-01-31 11:30:00,2.3414184700,2.3414184700,2.3218250100,2.3316217400,1632200
2024-01-31 13:15:00,2.3316217400,2.3414184700,2.3218250100,2.3316217400,1617200
2024-01-31 13:30:00,2.3316217400,2.3414184700,2.3120282800,2.3218250100,2348500
2024-01-31 13:45:00,2.3218250100,2.3316217400,2.3120282800,2.3218250100,1636000
2024-01-31 14:00:00,2.3218250100,2.3316217400,2.3120282800,2.3316217400,1716600
2024-01-31 14:15:00,2.3316217400,2.3316217400,2.3120282800,2.3218250100,1055100
2024-01-31 14:30:00,2.3218250100,2.3218250100,2.2924348200,2.3022315500,3737000
2024-01-31 14:45:00,2.3022315500,2.3218250100,2.2826380900,2.3022315500,3613700
2024-01-31 15:00:00,2.3022315500,2.3120282800,2.2924348200,2.3022315500,2052900
2024-02-01 09:45:00,2.2826380900,2.2826380900,2.2434511700,2.2434511700,10225900
2024-02-01 10:00:00,2.2434511700,2.2630446300,2.2336544400,2.2336544400,4098400
2024-02-01 10:15:00,2.2434511700,2.2728413600,2.2336544400,2.2532479000,5135000
2024-02-01 10:30:00,2.2532479000,2.3022315500,2.2532479000,2.2924348200,4109700
2024-02-01 10:45:00,2.2924348200,2.3022315500,2.2826380900,2.2924348200,2111800
2024-02-01 11:00:00,2.2826380900,2.2924348200,2.2728413600,2.2728413600,1889600
2024-02-01 11:15:00,2.2826380900,2.3022315500,2.2728413600,2.3022315500,3021200
2024-02-01 11:30:00,2.3022315500,2.3022315500,2.2826380900,2.2826380900,1435500
2024-02-01 13:15:00,2.2924348200,2.3022315500,2.2630446300,2.2728413600,2220000
2024-02-01 13:30:00,2.2728413600,2.2826380900,2.2630446300,2.2728413600,1229800
2024-02-01 13:45:00,2.2826380900,2.2826380900,2.2532479000,2.2728413600,2172400
2024-02-01 14:00:00,2.2728413600,2.2728413600,2.2630446300,2.2630446300,857600
2024-02-01 14:15:00,2.2630446300,2.2728413600,2.2532479000,2.2630446300,1186600
2024-02-01 14:30:00,2.2728413600,2.2728413600,2.2532479000,2.2630446300,1169600
2024-02-01 14:45:00,2.2728413600,2.2728413600,2.2532479000,2.2630446300,1902500
2024-02-01 15:00:00,2.2630446300,2.2728413600,2.2532479000,2.2532479000,2935700
2024-02-02 09:45:00,2.2532479000,2.2728413600,2.2434511700,2.2630446300,7700000
2024-02-02 10:00:00,2.2728413600,2.2826380900,2.2532479000,2.2826380900,4145400
2024-02-02 10:15:00,2.2826380900,2.3022315500,2.2826380900,2.2924348200,6603000
2024-02-02 10:30:00,2.2924348200,2.3120282800,2.2728413600,2.2924348200,6619600
2024-02-02 10:45:00,2.2826380900,2.2924348200,2.2728413600,2.2924348200,2434600
2024-02-02 11:00:00,2.2924348200,2.3022315500,2.2826380900,2.3022315500,3097400
2024-02-02 11:15:00,2.3022315500,2.3022315500,2.2728413600,2.2924348200,4873500
2024-02-02 11:30:00,2.2826380900,2.2924348200,2.2630446300,2.2630446300,2056500
2024-02-02 13:15:00,2.2630446300,2.2630446300,2.2434511700,2.2532479000,4560600
2024-02-02 13:30:00,2.2532479000,2.2630446300,2.2434511700,2.2532479000,2172400
2024-02-02 13:45:00,2.2532479000,2.2630446300,2.2238577100,2.2336544400,6626300
2024-02-02 14:00:00,2.2336544400,2.2434511700,2.2238577100,2.2238577100,2491400
2024-02-02 14:15:00,2.2238577100,2.2238577100,2.2042642500,2.2238577100,4501800
2024-02-02 14:30:00,2.2140609800,2.2336544400,2.1748740600,2.2336544400,7829600
2024-02-02 14:45:00,2.2336544400,2.2630446300,2.2238577100,2.2532479000,3120300
2024-02-02 15:00:00,2.2532479000,2.2532479000,2.2336544400,2.2336544400,2298600
2024-02-05 09:45:00,2.2336544400,2.2336544400,2.1846707900,2.1944675200,11708400
2024-02-05 10:00:00,2.2140609800,2.2140609800,2.1650773300,2.1846707900,6861400
2024-02-05 10:15:00,2.1748740600,2.1944675200,2.1552806000,2.1552806000,6898900
2024-02-05 10:30:00,2.1650773300,2.1748740600,2.1356871400,2.1552806000,5902800
2024-02-05 10:45:00,2.1552806000,2.1748740600,2.1356871400,2.1356871400,4164300
2024-02-05 11:00:00,2.1356871400,2.1552806000,2.1258904100,2.1356871400,3839000
2024-02-05 11:15:00,2.1356871400,2.1748740600,2.1356871400,2.1552806000,3525600
2024-02-05 11:30:00,2.1454838700,2.1552806000,2.1454838700,2.1552806000,1198000
2024-02-05 13:15:00,2.1552806000,2.1650773300,2.1356871400,2.1454838700,4194700
2024-02-05 13:30:00,2.1552806000,2.2042642500,2.1454838700,2.1846707900,4972500
2024-02-05 13:45:00,2.1846707900,2.2140609800,2.1846707900,2.1944675200,3605400
2024-02-05 14:00:00,2.1944675200,2.2434511700,2.1846707900,2.2336544400,4498800
2024-02-05 14:15:00,2.2336544400,2.2336544400,2.1944675200,2.2238577100,3025900
2024-02-05 14:30:00,2.2238577100,2.2336544400,2.1748740600,2.1944675200,3569600
2024-02-05 14:45:00,2.1846707900,2.2140609800,2.1748740600,2.1846707900,4188500
2024-02-05 15:00:00,2.1846707900,2.2042642500,2.1650773300,2.1748740600,4984600
2024-02-06 09:45:00,2.1650773300,2.1748740600,2.1356871400,2.1650773300,10680700
2024-02-06 10:00:00,2.1650773300,2.1846707900,2.1552806000,2.1552806000,7037000
2024-02-06 10:15:00,2.1552806000,2.1748740600,2.1552806000,2.1650773300,5401800
2024-02-06 10:30:00,2.1650773300,2.1650773300,2.1454838700,2.1552806000,3999200
2024-02-06 10:45:00,2.1552806000,2.1846707900,2.1552806000,2.1748740600,3808800
2024-02-06 11:00:00,2.1748740600,2.1944675200,2.1650773300,2.1846707900,3697600
2024-02-06 11:15:00,2.1748740600,2.1846707900,2.1650773300,2.1846707900,3365600
2024-02-06 11:30:00,2.1846707900,2.1846707900,2.1650773300,2.1748740600,1791800
2024-02-06 13:15:00,2.1748740600,2.2434511700,2.1748740600,2.2336544400,7408300
2024-02-06 13:30:00,2.2336544400,2.2434511700,2.2238577100,2.2336544400,3706800
2024-02-06 13:45:00,2.2336544400,2.2728413600,2.2238577100,2.2728413600,5245400
2024-02-06 14:00:00,2.2728413600,2.2826380900,2.2532479000,2.2630446300,5896800
2024-02-06 14:15:00,2.2630446300,2.2630446300,2.2434511700,2.2532479000,3596300
2024-02-06 14:30:00,2.2532479000,2.2630446300,2.2434511700,2.2532479000,2686100
2024-02-06 14:45:00,2.2434511700,2.2630446300,2.2434511700,2.2630446300,3124300
2024-02-06 15:00:00,2.2630446300,2.2728413600,2.2532479000,2.2728413600,3139700
2024-02-07 09:45:00,2.2532479000,2.3120282800,2.2434511700,2.2924348200,18980300
2024-02-07 10:00:00,2.2924348200,2.3218250100,2.2924348200,2.3218250100,8371800
2024-02-07 10:15:00,2.3218250100,2.3414184700,2.3120282800,2.3316217400,7523000
2024-02-07 10:30:00,2.3316217400,2.3610119300,2.3316217400,2.3512152000,9089300
2024-02-07 10:45:00,2.3512152000,2.3708086600,2.3414184700,2.3512152000,5989900
2024-02-07 11:00:00,2.3512152000,2.3708086600,2.3414184700,2.3610119300,4913000
2024-02-07 11:15:00,2.3610119300,2.3806053900,2.3512152000,2.3708086600,4777500
2024-02-07 11:30:00,2.3806053900,2.3904021200,2.3708086600,2.3904021200,5385600
2024-02-07 13:15:00,2.3806053900,2.3806053900,2.3512152000,2.3708086600,10508500
2024-02-07 13:30:00,2.3708086600,2.3708086600,2.3512152000,2.3708086600,6024400
2024-02-07 13:45:00,2.3708086600,2.3904021200,2.3610119300,2.3904021200,5025600
2024-02-07 14:00:00,2.3904021200,2.3904021200,2.3708086600,2.3806053900,5106900
2024-02-07 14:15:00,2.3904021200,2.3904021200,2.3610119300,2.3806053900,4039900
2024-02-07 14:30:00,2.3806053900,2.3806053900,2.3708086600,2.3806053900,3514600
2024-02-07 14:45:00,2.3806053900,2.4001988500,2.3708086600,2.4001988500,8764100
2024-02-07 15:00:00,2.4001988500,2.4099955800,2.3904021200,2.4001988500,7318400
2024-02-08 09:45:00,2.4001988500,2.4785726900,2.3904021200,2.4393857700,26487500
2024-02-08 10:00:00,2.4393857700,2.4687759600,2.4295890400,2.4687759600,8894000
2024-02-08 10:15:00,2.4589792300,2.4883694200,2.4589792300,2.4785726900,9821700
2024-02-08 10:30:00,2.4785726900,2.4883694200,2.4687759600,2.4883694200,8133100
2024-02-08 10:45:00,2.4883694200,2.4883694200,2.4589792300,2.4687759600,6562700
2024-02-08 11:00:00,2.4687759600,2.4785726900,2.4589792300,2.4589792300,5413500
2024-02-08 11:15:00,2.4589792300,2.4785726900,2.4589792300,2.4687759600,5022300
2024-02-08 11:30:00,2.4687759600,2.4785726900,2.4687759600,2.4687759600,4400100
2024-02-08 13:15:00,2.4687759600,2.4687759600,2.4295890400,2.4295890400,5829800
2024-02-08 13:30:00,2.4393857700,2.4491825000,2.4197923100,2.4295890400,4668000
2024-02-08 13:45:00,2.4295890400,2.4295890400,2.4099955800,2.4099955800,3509500
2024-02-08 14:00:00,2.4099955800,2.4197923100,2.4001988500,2.4099955800,4063000
2024-02-08 14:15:00,2.4197923100,2.4393857700,2.4099955800,2.4393857700,3666800
2024-02-08 14:30:00,2.4393857700,2.4393857700,2.4197923100,2.4197923100,2450900
2024-02-08 14:45:00,2.4197923100,2.4295890400,2.4099955800,2.4197923100,3116900
2024-02-08 15:00:00,2.4197923100,2.4197923100,2.4001988500,2.4099955800,4487200
2024-02-19 09:45:00,2.4491825000,2.4491825000,2.3806053900,2.4001988500,12255400
2024-02-19 10:00:00,2.4001988500,2.4197923100,2.3904021200,2.4001988500,8948800
2024-02-19 10:15:00,2.4001988500,2.4197923100,2.3904021200,2.4001988500,4932600
2024-02-19 10:30:00,2.3904021200,2.4197923100,2.3904021200,2.4197923100,4247800
2024-02-19 10:45:00,2.4099955800,2.4197923100,2.3904021200,2.3904021200,3553500
2024-02-19 11:00:00,2.3904021200,2.4001988500,2.3806053900,2.3904021200,2686100
2024-02-19 11:15:00,2.3904021200,2.3904021200,2.3806053900,2.3904021200,4020700
2024-02-19 11:30:00,2.3806053900,2.3904021200,2.3806053900,2.3904021200,2422900
2024-02-19 13:15:00,2.3904021200,2.3904021200,2.3610119300,2.3708086600,5301500
2024-02-19 13:30:00,2.3708086600,2.3806053900,2.3512152000,2.3512152000,5105700
2024-02-19 13:45:00,2.3512152000,2.3708086600,2.3512152000,2.3708086600,1859000
2024-02-19 14:00:00,2.3708086600,2.3708086600,2.3512152000,2.3512152000,2402500
2024-02-19 14:15:00,2.3512152000,2.3708086600,2.3512152000,2.3610119300,3246900
2024-02-19 14:30:00,2.3610119300,2.3708086600,2.3512152000,2.3610119300,3355400
2024-02-19 14:45:00,2.3708086600,2.3708086600,2.3610119300,2.3708086600,2642900
2024-02-19 15:00:00,2.3708086600,2.3806053900,2.3610119300,2.3708086600,3865400
2024-02-20 09:45:00,2.3708086600,2.3708086600,2.3316217400,2.3414184700,7486600
2024-02-20 10:00:00,2.3512152000,2.3708086600,2.3414184700,2.3610119300,6685800
2024-02-20 10:15:00,2.3610119300,2.3904021200,2.3512152000,2.3708086600,5111800
2024-02-20 10:30:00,2.3806053900,2.3806053900,2.3708086600,2.3708086600,1934200
2024-02-20 10:45:00,2.3708086600,2.3806053900,2.3708086600,2.3708086600,1946000
2024-02-20 11:00:00,2.3708086600,2.3904021200,2.3708086600,2.3806053900,2273400
2024-02-20 11:15:00,2.3806053900,2.3904021200,2.3806053900,2.3904021200,1851600
2024-02-20 11:30:00,2.3904021200,2.4001988500,2.3806053900,2.3904021200,3157200
2024-02-20 13:15:00,2.4001988500,2.4001988500,2.3708086600,2.3708086600,2844600
2024-02-20 13:30:00,2.3806053900,2.3806053900,2.3708086600,2.3806053900,670100
2024-02-20 13:45:00,2.3806053900,2.3806053900,2.3610119300,2.3708086600,2415000
2024-02-20 14:00:00,2.3708086600,2.3904021200,2.3708086600,2.3904021200,1824000
2024-02-20 14:15:00,2.3904021200,2.3904021200,2.3806053900,2.3806053900,1524200
2024-02-20 14:30:00,2.3806053900,2.3904021200,2.3806053900,2.3904021200,1347200
2024-02-20 14:45:00,2.3904021200,2.3904021200,2.3708086600,2.3806053900,1535700
2024-02-20 15:00:00,2.3806053900,2.3904021200,2.3708086600,2.3806053900,5249700
2024-02-21 09:45:00,2.3806053900,2.3904021200,2.3708086600,2.3708086600,4148000
2024-02-21 10:00:00,2.3708086600,2.3904021200,2.3708086600,2.3806053900,3002200
2024-02-21 10:15:00,2.3806053900,2.4001988500,2.3806053900,2.3904021200,2772700
2024-02-21 10:30:00,2.3904021200,2.4001988500,2.3806053900,2.4001988500,4421600
2024-02-21 10:45:00,2.4001988500,2.4197923100,2.3904021200,2.4197923100,5527500
2024-02-21 11:00:00,2.4197923100,2.4197923100,2.4001988500,2.4099955800,4087500
2024-02-21 11:15:00,2.4099955800,2.4295890400,2.4099955800,2.4197923100,4291100
2024-02-21 11:30:00,2.4099955800,2.4295890400,2.4099955800,2.4295890400,2006900
2024-02-21 13:15:00,2.4295890400,2.4393857700,2.4197923100,2.4295890400,2748900
2024-02-21 13:30:00,2.4295890400,2.4393857700,2.4197923100,2.4197923100,3361000
2024-02-21 13:45:00,2.4197923100,2.4295890400,2.4197923100,2.4197923100,2431200
2024-02-21 14:00:00,2.4197923100,2.4295890400,2.4099955800,2.4099955800,2715400
2024-02-21 14:15:00,2.4197923100,2.4197923100,2.4001988500,2.4001988500,3368200
2024-02-21 14:30:00,2.4001988500,2.4099955800,2.3904021200,2.3904021200,2162300
2024-02-21 14:45:00,2.4001988500,2.4099955800,2.3904021200,2.3904021200,2929000
2024-02-21 15:00:00,2.3904021200,2.4001988500,2.3904021200,2.3904021200,3220900
2024-02-22 09:45:00,2.3806053900,2.4099955800,2.3806053900,2.4001988500,4073500
2024-02-22 10:00:00,2.3904021200,2.4001988500,2.3806053900,2.3904021200,3718600
2024-02-22 10:15:00,2.3904021200,2.4001988500,2.3708086600,2.3708086600,5256600
2024-02-22 10:30:00,2.3708086600,2.3806053900,2.3708086600,2.3708086600,1856000
2024-02-22 10:45:00,2.3708086600,2.3904021200,2.3708086600,2.3904021200,2374700
2024-02-22 11:00:00,2.3904021200,2.3904021200,2.3708086600,2.3806053900,2616900
2024-02-22 11:15:00,2.3806053900,2.3904021200,2.3708086600,2.3806053900,2678700
2024-02-22 11:30:00,2.3806053900,2.3904021200,2.3708086600,2.3806053900,1281900
2024-02-22 13:15:00,2.3904021200,2.3904021200,2.3708086600,2.3708086600,1579700
2024-02-22 13:30:00,2.3806053900,2.3904021200,2.3708086600,2.3904021200,911000
2024-02-22 13:45:00,2.3806053900,2.3904021200,2.3708086600,2.3708086600,2237600
2024-02-22 14:00:00,2.3708086600,2.3904021200,2.3708086600,2.3806053900,2035600
2024-02-22 14:15:00,2.3708086600,2.3806053900,2.3708086600,2.3806053900,1310100
2024-02-22 14:30:00,2.3806053900,2.3806053900,2.3708086600,2.3806053900,2404600
2024-02-22 14:45:00,2.3806053900,2.4001988500,2.3708086600,2.3904021200,7807100
2024-02-22 15:00:00,2.3904021200,2.4001988500,2.3806053900,2.4001988500,1510500
2024-02-23 09:45:00,2.4099955800,2.4197923100,2.3904021200,2.4099955800,6107800
2024-02-23 10:00:00,2.4099955800,2.4197923100,2.3904021200,2.3904021200,4297800
2024-02-23 10:15:00,2.3904021200,2.4001988500,2.3806053900,2.3904021200,3248700
2024-02-23 10:30:00,2.3904021200,2.3904021200,2.3708086600,2.3708086600,2495300
2024-02-23 10:45:00,2.3806053900,2.3806053900,2.3708086600,2.3806053900,2721400
2024-02-23 11:00:00,2.3708086600,2.3904021200,2.3708086600,2.3806053900,2332800
2024-02-23 11:15:00,2.3806053900,2.3904021200,2.3708086600,2.3806053900,2018200
2024-02-23 11:30:00,2.3708086600,2.3806053900,2.3708086600,2.3708086600,1429100
2024-02-23 13:15:00,2.3708086600,2.4001988500,2.3708086600,2.4001988500,3393500
2024-02-23 13:30:00,2.3904021200,2.4001988500,2.3806053900,2.3806053900,1970300
2024-02-23 13:45:00,2.3904021200,2.3904021200,2.3806053900,2.3806053900,1855600
2024-02-23 14:00:00,2.3806053900,2.3904021200,2.3806053900,2.3806053900,863900
2024-02-23 14:15:00,2.3806053900,2.4001988500,2.3806053900,2.3806053900,3662900
2024-02-23 14:30:00,2.3806053900,2.4001988500,2.3806053900,2.3806053900,3309200
2024-02-23 14:45:00,2.3904021200,2.4001988500,2.3806053900,2.3904021200,2467400
2024-02-23 15:00:00,2.3806053900,2.4001988500,2.3806053900,2.3904021200,3147200
2024-02-26 09:45:00,2.4001988500,2.4099955800,2.3806053900,2.3904021200,6736700
2024-02-26 10:00:00,2.3904021200,2.4001988500,2.3806053900,2.3806053900,2719700
2024-02-26 10:15:00,2.3806053900,2.3904021200,2.3708086600,2.3708086600,5069500
2024-02-26 10:30:00,2.3708086600,2.3806053900,2.3610119300,2.3708086600,3352800
2024-02-26 10:45:00,2.3806053900,2.3904021200,2.3708086600,2.3806053900,3521800
2024-02-26 11:00:00,2.3806053900,2.3904021200,2.3708086600,2.3806053900,2401900
2024-02-26 11:15:00,2.3806053900,2.3806053900,2.3708086600,2.3708086600,2335500
2024-02-26 11:30:00,2.3708086600,2.3806053900,2.3708086600,2.3708086600,1463000
2024-02-26 13:15:00,2.3708086600,2.3806053900,2.3708086600,2.3806053900,1643100
2024-02-26 13:30:00,2.3708086600,2.3806053900,2.3708086600,2.3806053900,1933800
2024-02-26 13:45:00,2.3806053900,2.3806053900,2.3708086600,2.3806053900,2374900
2024-02-26 14:00:00,2.3806053900,2.3806053900,2.3708086600,2.3708086600,1641400
2024-02-26 14:15:00,2.3708086600,2.3806053900,2.3610119300,2.3610119300,6096800
2024-02-26 14:30:00,2.3610119300,2.3708086600,2.3512152000,2.3610119300,3282800
2024-02-26 14:45:00,2.3610119300,2.3708086600,2.3512152000,2.3610119300,1637400
2024-02-26 15:00:00,2.3610119300,2.3708086600,2.3610119300,2.3610119300,2774100
2024-02-27 09:45:00,2.3610119300,2.3806053900,2.3610119300,2.3610119300,4813300
2024-02-27 10:00:00,2.3610119300,2.3708086600,2.3512152000,2.3708086600,3568300
2024-02-27 10:15:00,2.3708086600,2.3806053900,2.3610119300,2.3806053900,2685700
2024-02-27 10:30:00,2.3806053900,2.3806053900,2.3610119300,2.3610119300,1548600
2024-02-27 10:45:00,2.3610119300,2.3806053900,2.3610119300,2.3708086600,1446100
2024-02-27 11:00:00,2.3708086600,2.3806053900,2.3610119300,2.3610119300,1152100
2024-02-27 11:15:00,2.3708086600,2.3708086600,2.3610119300,2.3610119300,1280700
2024-02-27 11:30:00,2.3610119300,2.3806053900,2.3610119300,2.3708086600,1766000
2024-02-27 13:15:00,2.3708086600,2.3806053900,2.3610119300,2.3708086600,2000200
2024-02-27 13:30:00,2.3708086600,2.3806053900,2.3610119300,2.3708086600,2082000
2024-02-27 13:45:00,2.3708086600,2.3806053900,2.3610119300,2.3610119300,1435500
2024-02-27 14:00:00,2.3708086600,2.3708086600,2.3610119300,2.3610119300,604900
2024-02-27 14:15:00,2.3610119300,2.3806053900,2.3610119300,2.3708086600,2795800
2024-02-27 14:30:00,2.3708086600,2.3806053900,2.3610119300,2.3708086600,1465700
2024-02-27 14:45:00,2.3708086600,2.3806053900,2.3708086600,2.3806053900,1150400
2024-02-27 15:00:00,2.3806053900,2.3806053900,2.3708086600,2.3806053900,3672800
2024-02-28 09:45:00,2.3806053900,2.3904021200,2.3708086600,2.3904021200,4005300
2024-02-28 10:00:00,2.3806053900,2.3904021200,2.3806053900,2.3806053900,2383200
2024-02-28 10:15:00,2.3806053900,2.4001988500,2.3806053900,2.3904021200,7525500
2024-02-28 10:30:00,2.3904021200,2.4001988500,2.3904021200,2.4001988500,3728300
2024-02-28 10:45:00,2.3904021200,2.4099955800,2.3806053900,2.3806053900,4519000
2024-02-28 11:00:00,2.3806053900,2.3904021200,2.3806053900,2.3806053900,1961200
2024-02-28 11:15:00,2.3904021200,2.3904021200,2.3708086600,2.3806053900,3647600
2024-02-28 11:30:00,2.3708086600,2.3806053900,2.3610119300,2.3806053900,3951700
2024-02-28 13:15:00,2.3806053900,2.4001988500,2.3708086600,2.4001988500,3820000
2024-02-28 13:30:00,2.4001988500,2.4099955800,2.3904021200,2.4001988500,6651700
2024-02-28 13:45:00,2.4001988500,2.4099955800,2.3904021200,2.4099955800,2567500
2024-02-28 14:00:00,2.4099955800,2.4099955800,2.3904021200,2.4001988500,2774300
2024-02-28 14:15:00,2.4001988500,2.4001988500,2.3904021200,2.4001988500,1658500
2024-02-28 14:30:00,2.3904021200,2.4099955800,2.3904021200,2.4099955800,3628000
2024-02-28 14:45:00,2.4001988500,2.4099955800,2.3806053900,2.3904021200,4293800
2024-02-28 15:00:00,2.3904021200,2.3904021200,2.3708086600,2.3806053900,3104300
2024-02-29 09:45:00,2.3708086600,2.3904021200,2.3610119300,2.3904021200,5805000
2024-02-29 10:00:00,2.3904021200,2.3904021200,2.3708086600,2.3708086600,2968100
2024-02-29 10:15:00,2.3708086600,2.3904021200,2.3708086600,2.3806053900,3957400
2024-02-29 10:30:00,2.3806053900,2.3904021200,2.3806053900,2.3806053900,2353400
2024-02-29 10:45:00,2.3904021200,2.3904021200,2.3806053900,2.3806053900,2194500
2024-02-29 11:00:00,2.3904021200,2.4001988500,2.3806053900,2.4001988500,4875600
2024-02-29 11:15:00,2.3904021200,2.4001988500,2.3806053900,2.3806053900,1987900
2024-02-29 11:30:00,2.3806053900,2.3904021200,2.3708086600,2.3806053900,3085700
2024-02-29 13:15:00,2.3806053900,2.3904021200,2.3708086600,2.3806053900,2125300
2024-02-29 13:30:00,2.3904021200,2.3904021200,2.3806053900,2.3806053900,2770800
2024-02-29 13:45:00,2.3806053900,2.3904021200,2.3806053900,2.3806053900,1169900
2024-02-29 14:00:00,2.3904021200,2.3904021200,2.3806053900,2.3806053900,1238300
2024-02-29 14:15:00,2.3806053900,2.3904021200,2.3708086600,2.3708086600,2386200
2024-02-29 14:30:00,2.3708086600,2.3904021200,2.3708086600,2.3806053900,2221700
2024-02-29 14:45:00,2.3806053900,2.4001988500,2.3806053900,2.4001988500,3136800
2024-02-29 15:00:00,2.4001988500,2.4099955800,2.3904021200,2.4099955800,6606600
2024-03-01 09:45:00,2.4099955800,2.4099955800,2.3806053900,2.3806053900,6543200
2024-03-01 10:00:00,2.3806053900,2.3904021200,2.3806053900,2.3806053900,2578200
2024-03-01 10:15:00,2.3806053900,2.3904021200,2.3708086600,2.3806053900,3475800
2024-03-01 10:30:00,2.3806053900,2.3904021200,2.3708086600,2.3708086600,1497900
2024-03-01 10:45:00,2.3806053900,2.3806053900,2.3708086600,2.3708086600,1167600
2024-03-01 11:00:00,2.3708086600,2.3904021200,2.3708086600,2.3708086600,2369700
2024-03-01 11:15:00,2.3708086600,2.3904021200,2.3708086600,2.3806053900,1584200
2024-03-01 11:30:00,2.3806053900,2.3806053900,2.3708086600,2.3806053900,1928300
2024-03-01 13:15:00,2.3806053900,2.3904021200,2.3708086600,2.3708086600,1246900
2024-03-01 13:30:00,2.3708086600,2.3806053900,2.3708086600,2.3708086600,1044100
2024-03-01 13:45:00,2.3708086600,2.3806053900,2.3708086600,2.3708086600,1833600
2024-03-01 14:00:00,2.3708086600,2.3806053900,2.3708086600,2.3708086600,1561400
2024-03-01 14:15:00,2.3708086600,2.3904021200,2.3708086600,2.3806053900,3195300
2024-03-01 14:30:00,2.3806053900,2.3904021200,2.3708086600,2.3904021200,1422300
2024-03-01 14:45:00,2.3904021200,2.3904021200,2.3806053900,2.3806053900,2277600
2024-03-01 15:00:00,2.3806053900,2.3904021200,2.3806053900,2.3806053900,3399300
2024-03-04 09:45:00,2.3708086600,2.3904021200,2.3610119300,2.3610119300,5396300
2024-03-04 10:00:00,2.3610119300,2.3708086600,2.3512152000,2.3512152000,5590100
2024-03-04 10:15:00,2.3512152000,2.3610119300,2.3414184700,2.3414184700,10995500
2024-03-04 10:30:00,2.3414184700,2.3512152000,2.3414184700,2.3512152000,2967700
2024-03-04 10:45:00,2.3512152000,2.3610119300,2.3414184700,2.3610119300,3131200
2024-03-04 11:00:00,2.3610119300,2.3610119300,2.3512152000,2.3610119300,1422500
2024-03-04 11:15:00,2.3610119300,2.3610119300,2.3414184700,2.3512152000,2008400
2024-03-04 11:30:00,2.3610119300,2.3610119300,2.3512152000,2.3512152000,1210000
2024-03-04 13:15:00,2.3610119300,2.3610119300,2.3512152000,2.3512152000,1433700
2024-03-04 13:30:00,2.3512152000,2.3610119300,2.3414184700,2.3512152000,2078400
2024-03-04 13:45:00,2.3414184700,2.3512152000,2.3414184700,2.3414184700,814300
2024-03-04 14:00:00,2.3414184700,2.3610119300,2.3414184700,2.3512152000,1553600
2024-03-04 14:15:00,2.3512152000,2.3610119300,2.3414184700,2.3512152000,2014100
2024-03-04 14:30:00,2.3512152000,2.3610119300,2.3512152000,2.3610119300,1218000
2024-03-04 14:45:00,2.3512152000,2.3610119300,2.3512152000,2.3610119300,1112400
2024-03-04 15:00:00,2.3512152000,2.3610119300,2.3512152000,2.3512152000,3025200
2024-03-05 09:45:00,2.3512152000,2.3512152000,2.3316217400,2.3316217400,4476800
2024-03-05 10:00:00,2.3414184700,2.3414184700,2.3218250100,2.3414184700,7703200
2024-03-05 10:15:00,2.3414184700,2.3414184700,2.3218250100,2.3316217400,3607100
2024-03-05 10:30:00,2.3316217400,2.3414184700,2.3218250100,2.3316217400,2135400
2024-03-05 10:45:00,2.3316217400,2.3414184700,2.3218250100,2.3414184700,1982900
2024-03-05 11:00:00,2.3414184700,2.3414184700,2.3316217400,2.3316217400,807100
2024-03-05 11:15:00,2.3316217400,2.3414184700,2.3316217400,2.3414184700,700400
2024-03-05 11:30:00,2.3316217400,2.3414184700,2.3316217400,2.3316217400,960200
2024-03-05 13:15:00,2.3316217400,2.3414184700,2.3316217400,2.3316217400,518600
2024-03-05 13:30:00,2.3316217400,2.3414184700,2.3218250100,2.3218250100,2518400
2024-03-05 13:45:00,2.3218250100,2.3414184700,2.3218250100,2.3316217400,1378400
2024-03-05 14:00:00,2.3316217400,2.3414184700,2.3316217400,2.3414184700,906900
2024-03-05 14:15:00,2.3316217400,2.3414184700,2.3316217400,2.3316217400,1119800
2024-03-05 14:30:00,2.3414184700,2.3512152000,2.3316217400,2.3512152000,3613700
2024-03-05 14:45:00,2.3512152000,2.3512152000,2.3414184700,2.3512152000,1584600
2024-03-05 15:00:00,2.3512152000,2.3610119300,2.3414184700,2.3512152000,3896400
2024-03-06 09:45:00,2.3414184700,2.3512152000,2.3414184700,2.3512152000,1549800
2024-03-06 10:00:00,2.3512152000,2.3512152000,2.3316217400,2.3316217400,2047100
2024-03-06 10:15:00,2.3316217400,2.3414184700,2.3316217400,2.3316217400,1478300
2024-03-06 10:30:00,2.3316217400,2.3414184700,2.3218250100,2.3316217400,2508300
2024-03-06 10:45:00,2.3316217400,2.3316217400,2.3218250100,2.3218250100,3224600
2024-03-06 11:00:00,2.3218250100,2.3316217400,2.3218250100,2.3218250100,1081500
2024-03-06 11:15:00,2.3316217400,2.3316217400,2.3218250100,2.3316217400,998900
2024-03-06 11:30:00,2.3218250100,2.3414184700,2.3218250100,2.3316217400,2656600
2024-03-06 13:15:00,2.3414184700,2.3512152000,2.3414184700,2.3414184700,2940500
2024-03-06 13:30:00,2.3414184700,2.3512152000,2.3414184700,2.3512152000,1227200
2024-03-06 13:45:00,2.3512152000,2.3708086600,2.3414184700,2.3610119300,7260800
2024-03-06 14:00:00,2.3610119300,2.3708086600,2.3512152000,2.3512152000,2377400
2024-03-06 14:15:00,2.3512152000,2.3610119300,2.3414184700,2.3512152000,2735400
2024-03-06 14:30:00,2.3414184700,2.3512152000,2.3316217400,2.3414184700,2368300
2024-03-06 14:45:00,2.3414184700,2.3512152000,2.3316217400,2.3316217400,1385100
2024-03-06 15:00:00,2.3414184700,2.3414184700,2.3316217400,2.3316217400,1492700
2024-03-07 09:45:00,2.3316217400,2.3414184700,2.3316217400,2.3414184700,1212700
2024-03-07 10:00:00,2.3316217400,2.3512152000,2.3316217400,2.3512152000,2763100
2024-03-07 10:15:00,2.3512152000,2.3610119300,2.3414184700,2.3414184700,3663300
2024-03-07 10:30:00,2.3414184700,2.3610119300,2.3414184700,2.3512152000,2595100
2024-03-07 10:45:00,2.3512152000,2.3610119300,2.3512152000,2.3610119300,1098400
2024-03-07 11:00:00,2.3512152000,2.3610119300,2.3512152000,2.3610119300,1118900
2024-03-07 11:15:00,2.3512152000,2.3610119300,2.3414184700,2.3414184700,1394600
2024-03-07 11:30:00,2.3414184700,2.3512152000,2.3316217400,2.3414184700,2813500
2024-03-07 13:15:00,2.3414184700,2.3512152000,2.3316217400,2.3414184700,2100000
2024-03-07 13:30:00,2.3414184700,2.3512152000,2.3414184700,2.3414184700,1082800
2024-03-07 13:45:00,2.3414184700,2.3512152000,2.3414184700,2.3414184700,631100
2024-03-07 14:00:00,2.3414184700,2.3512152000,2.3316217400,2.3316217400,1855300
2024-03-07 14:15:00,2.3316217400,2.3512152000,2.3316217400,2.3414184700,1374500
2024-03-07 14:30:00,2.3414184700,2.3512152000,2.3316217400,2.3316217400,1212900
2024-03-07 14:45:00,2.3414184700,2.3414184700,2.3316217400,2.3316217400,1029100
2024-03-07 15:00:00,2.3316217400,2.3414184700,2.3316217400,2.3316217400,2159900
2024-03-08 09:45:00,2.3316217400,2.3512152000,2.3316217400,2.3512152000,5757000
2024-03-08 10:00:00,2.3512152000,2.3512152000,2.3414184700,2.3414184700,2256600
2024-03-08 10:15:00,2.3414184700,2.3512152000,2.3316217400,2.3414184700,2322200
2024-03-08 10:30:00,2.3414184700,2.3414184700,2.3316217400,2.3316217400,3320800
2024-03-08 10:45:00,2.3414184700,2.3414184700,2.3218250100,2.3414184700,4123700
2024-03-08 11:00:00,2.3316217400,2.3414184700,2.3218250100,2.3218250100,2093000
2024-03-08 11:15:00,2.3218250100,2.3316217400,2.3218250100,2.3316217400,1694000
2024-03-08 11:30:00,2.3316217400,2.3414184700,2.3316217400,2.3316217400,1048200
2024-03-08 13:15:00,2.3316217400,2.3414184700,2.3316217400,2.3414184700,1759900
2024-03-08 13:30:00,2.3316217400,2.3414184700,2.3316217400,2.3316217400,863700
2024-03-08 13:45:00,2.3414184700,2.3414184700,2.3316217400,2.3316217400,891200
2024-03-08 14:00:00,2.3316217400,2.3414184700,2.3316217400,2.3316217400,1149000
2024-03-08 14:15:00,2.3316217400,2.3414184700,2.3316217400,2.3414184700,1914600
2024-03-08 14:30:00,2.3414184700,2.3414184700,2.3316217400,2.3316217400,2635100
2024-03-08 14:45:00,2.3414184700,2.3512152000,2.3316217400,2.3512152000,4286000
2024-03-08 15:00:00,2.3414184700,2.3512152000,2.3414184700,2.3512152000,1248600
2024-03-11 09:45:00,2.3512152000,2.3512152000,2.3316217400,2.3414184700,5030700
2024-03-11 10:00:00,2.3414184700,2.3610119300,2.3414184700,2.3610119300,4155000
2024-03-11 10:15:00,2.3512152000,2.3512152000,2.3316217400,2.3316217400,4729800
2024-03-11 10:30:00,2.3316217400,2.3414184700,2.3316217400,2.3414184700,1419400
2024-03-11 10:45:00,2.3414184700,2.3512152000,2.3316217400,2.3414184700,4311900
2024-03-11 11:00:00,2.3414184700,2.3512152000,2.3316217400,2.3414184700,4317000
2024-03-11 11:15:00,2.3414184700,2.3512152000,2.3316217400,2.3512152000,2069400
2024-03-11 11:30:00,2.3414184700,2.3512152000,2.3414184700,2.3512152000,611400
2024-03-11 13:15:00,2.3512152000,2.3512152000,2.3316217400,2.3414184700,2109800
2024-03-11 13:30:00,2.3414184700,2.3512152000,2.3316217400,2.3414184700,1398800
2024-03-11 13:45:00,2.3316217400,2.3512152000,2.3316217400,2.3512152000,1380900
2024-03-11 14:00:00,2.3414184700,2.3512152000,2.3316217400,2.3414184700,1805000
2024-03-11 14:15:00,2.3414184700,2.3512152000,2.3316217400,2.3512152000,1298900
2024-03-11 14:30:00,2.3414184700,2.3512152000,2.3414184700,2.3512152000,782800
2024-03-11 14:45:00,2.3512152000,2.3512152000,2.3414184700,2.3414184700,1803700
2024-03-11 15:00:00,2.3512152000,2.3610119300,2.3414184700,2.3610119300,3134600
2024-03-12 09:45:00,2.3610119300,2.3610119300,2.3414184700,2.3512152000,3224100
2024-03-12 10:00:00,2.3512152000,2.3610119300,2.3414184700,2.3414184700,5044600
2024-03-12 10:15:00,2.3414184700,2.3512152000,2.3316217400,2.3316217400,5900900
2024-03-12 10:30:00,2.3316217400,2.3414184700,2.3218250100,2.3218250100,4816900
2024-03-12 10:45:00,2.3218250100,2.3316217400,2.3218250100,2.3218250100,1279900
2024-03-12 11:00:00,2.3218250100,2.3316217400,2.3218250100,2.3218250100,1058900
2024-03-12 11:15:00,2.3218250100,2.3316217400,2.3218250100,2.3218250100,1896600
2024-03-12 11:30:00,2.3316217400,2.3316217400,2.3218250100,2.3316217400,1749000
2024-03-12 13:15:00,2.3316217400,2.3316217400,2.3218250100,2.3316217400,2363100
2024-03-12 13:30:00,2.3316217400,2.3414184700,2.3218250100,2.3414184700,4182800
2024-03-12 13:45:00,2.3414184700,2.3414184700,2.3218250100,2.3316217400,2603500
2024-03-12 14:00:00,2.3218250100,2.3414184700,2.3218250100,2.3316217400,2063500
2024-03-12 14:15:00,2.3316217400,2.3414184700,2.3218250100,2.3316217400,2037700
2024-03-12 14:30:00,2.3218250100,2.3316217400,2.3218250100,2.3218250100,1856700
2024-03-12 14:45:00,2.3218250100,2.3414184700,2.3218250100,2.3316217400,2456600
2024-03-12 15:00:00,2.3316217400,2.3414184700,2.3316217400,2.3316217400,1936900
2024-03-13 09:45:00,2.3414184700,2.3414184700,2.3120282800,2.3120282800,6767500
2024-03-13 10:00:00,2.3120282800,2.3218250100,2.3120282800,2.3218250100,2920100
2024-03-13 10:15:00,2.3218250100,2.3218250100,2.2924348200,2.3022315500,8966300
2024-03-13 10:30:00,2.3120282800,2.3120282800,2.2924348200,2.2924348200,4151800
2024-03-13 10:45:00,2.2924348200,2.3022315500,2.2826380900,2.2924348200,2828100
2024-03-13 11:00:00,2.2924348200,2.3022315500,2.2924348200,2.2924348200,1303500
2024-03-13 11:15:00,2.2924348200,2.3022315500,2.2924348200,2.2924348200,1620400
2024-03-13 11:30:00,2.2924348200,2.3120282800,2.2924348200,2.3120282800,2065300
2024-03-13 13:15:00,2.3022315500,2.3120282800,2.3022315500,2.3120282800,491100
2024-03-13 13:30:00,2.3022315500,2.3120282800,2.3022315500,2.3022315500,618100
2024-03-13 13:45:00,2.3120282800,2.3218250100,2.3022315500,2.3120282800,2710500
2024-03-13 14:00:00,2.3120282800,2.3218250100,2.3120282800,2.3120282800,1108600
2024-03-13 14:15:00,2.3120282800,2.3218250100,2.3022315500,2.3022315500,1851200
2024-03-13 14:30:00,2.3022315500,2.3120282800,2.3022315500,2.3120282800,1373000
2024-03-13 14:45:00,2.3120282800,2.3120282800,2.2924348200,2.3022315500,2430700
2024-03-13 15:00:00,2.3022315500,2.3022315500,2.2924348200,2.3022315500,2685300
2024-03-14 09:45:00,2.2924348200,2.3316217400,2.2924348200,2.3316217400,10726800
2024-03-14 10:00:00,2.3218250100,2.3316217400,2.3218250100,2.3218250100,2431200
2024-03-14 10:15:00,2.3218250100,2.3316217400,2.3120282800,2.3218250100,4360600
2024-03-14 10:30:00,2.3218250100,2.3316217400,2.3120282800,2.3218250100,2979400
2024-03-14 10:45:00,2.3218250100,2.3316217400,2.3218250100,2.3218250100,1023600
2024-03-14 11:00:00,2.3218250100,2.3316217400,2.3120282800,2.3218250100,1619300
2024-03-14 11:15:00,2.3218250100,2.3316217400,2.3120282800,2.3120282800,1194100
2024-03-14 11:30:00,2.3120282800,2.3218250100,2.3120282800,2.3120282800,396700
2024-03-14 13:15:00,2.3120282800,2.3218250100,2.3022315500,2.3022315500,3562900
2024-03-14 13:30:00,2.3120282800,2.3120282800,2.3022315500,2.3120282800,454500
2024-03-14 13:45:00,2.3022315500,2.3120282800,2.3022315500,2.3022315500,667000
2024-03-14 14:00:00,2.3022315500,2.3120282800,2.3022315500,2.3120282800,1885000
2024-03-14 14:15:00,2.3120282800,2.3120282800,2.2924348200,2.3022315500,4698600
2024-03-14 14:30:00,2.3022315500,2.3120282800,2.3022315500,2.3022315500,899300
2024-03-14 14:45:00,2.3120282800,2.3218250100,2.3022315500,2.3120282800,1920600
2024-03-14 15:00:00,2.3120282800,2.3218250100,2.3022315500,2.3120282800,1622800
2024-03-15 09:45:00,2.3022315500,2.3218250100,2.3022315500,2.3120282800,3603500
2024-03-15 10:00:00,2.3022315500,2.3120282800,2.3022315500,2.3120282800,1107700
2024-03-15 10:15:00,2.3120282800,2.3120282800,2.3022315500,2.3022315500,1134900
2024-03-15 10:30:00,2.3120282800,2.3120282800,2.3022315500,2.3022315500,2739300
2024-03-15 10:45:00,2.3022315500,2.3120282800,2.2924348200,2.3022315500,2168700
2024-03-15 11:00:00,2.3022315500,2.3022315500,2.2924348200,2.2924348200,1014300
2024-03-15 11:15:00,2.3022315500,2.3022315500,2.2924348200,2.2924348200,1216700
2024-03-15 11:30:00,2.2924348200,2.3120282800,2.2924348200,2.3120282800,2630900
2024-03-15 13:15:00,2.3120282800,2.3120282800,2.3022315500,2.3120282800,1265400
2024-03-15 13:30:00,2.3120282800,2.3120282800,2.3022315500,2.3022315500,2238300
2024-03-15 13:45:00,2.3022315500,2.3120282800,2.3022315500,2.3022315500,1304700
2024-03-15 14:00:00,2.3120282800,2.3316217400,2.3022315500,2.3218250100,5574800
2024-03-15 14:15:00,2.3218250100,2.3316217400,2.3218250100,2.3316217400,1902800
2024-03-15 14:30:00,2.3218250100,2.3316217400,2.3218250100,2.3316217400,2828600
2024-03-15 14:45:00,2.3316217400,2.3414184700,2.3218250100,2.3316217400,4136500
2024-03-15 15:00:00,2.3316217400,2.3414184700,2.3316217400,2.3316217400,5635000
2024-03-18 09:45:00,2.3316217400,2.3414184700,2.3218250100,2.3316217400,5546100
2024-03-18 10:00:00,2.3316217400,2.3512152000,2.3316217400,2.3414184700,10400300
2024-03-18 10:15:00,2.3414184700,2.3512152000,2.3316217400,2.3316217400,2607500
2024-03-18 10:30:00,2.3414184700,2.3512152000,2.3316217400,2.3414184700,1917600
2024-03-18 10:45:00,2.3414184700,2.3414184700,2.3316217400,2.3316217400,1688300
2024-03-18 11:00:00,2.3316217400,2.3414184700,2.3316217400,2.3316217400,731700
2024-03-18 11:15:00,2.3316217400,2.3414184700,2.3316217400,2.3316217400,710000
2024-03-18 11:30:00,2.3316217400,2.3512152000,2.3316217400,2.3414184700,1579100
2024-03-18 13:15:00,2.3414184700,2.3512152000,2.3316217400,2.3414184700,1612000
2024-03-18 13:30:00,2.3414184700,2.3512152000,2.3316217400,2.3414184700,2559800
2024-03-18 13:45:00,2.3414184700,2.3512152000,2.3316217400,2.3414184700,1799200
2024-03-18 14:00:00,2.3414184700,2.3512152000,2.3316217400,2.3414184700,648600
2024-03-18 14:15:00,2.3512152000,2.3512152000,2.3414184700,2.3414184700,835000
2024-03-18 14:30:00,2.3414184700,2.3512152000,2.3414184700,2.3414184700,1004800
2024-03-18 14:45:00,2.3414184700,2.3512152000,2.3414184700,2.3512152000,2067800
2024-03-18 15:00:00,2.3512152000,2.3512152000,2.3414184700,2.3414184700,4235100
2024-03-19 09:45:00,2.3414184700,2.3512152000,2.3316217400,2.3414184700,6236600
2024-03-19 10:00:00,2.3414184700,2.3512152000,2.3316217400,2.3316217400,3412800
2024-03-19 10:15:00,2.3316217400,2.3512152000,2.3316217400,2.3414184700,2025300
2024-03-19 10:30:00,2.3414184700,2.3512152000,2.3414184700,2.3512152000,1413100
2024-03-19 10:45:00,2.3512152000,2.3512152000,2.3316217400,2.3414184700,1751800
2024-03-19 11:00:00,2.3316217400,2.3414184700,2.3316217400,2.3316217400,764100
2024-03-19 11:15:00,2.3316217400,2.3414184700,2.3316217400,2.3316217400,1216500
2024-03-19 11:30:00,2.3414184700,2.3414184700,2.3316217400,2.3414184700,1150800
2024-03-19 13:15:00,2.3414184700,2.3414184700,2.3316217400,2.3316217400,794800
2024-03-19 13:30:00,2.3414184700,2.3414184700,2.3316217400,2.3316217400,529000
2024-03-19 13:45:00,2.3316217400,2.3414184700,2.3316217400,2.3316217400,645400
2024-03-19 14:00:00,2.3316217400,2.3414184700,2.3316217400,2.3414184700,857200
2024-03-19 14:15:00,2.3414184700,2.3414184700,2.3218250100,2.3218250100,5261500
2024-03-19 14:30:00,2.3218250100,2.3414184700,2.3218250100,2.3218250100,2263700
2024-03-19 14:45:00,2.3218250100,2.3316217400,2.3218250100,2.3218250100,1142000
2024-03-19 15:00:00,2.3316217400,2.3316217400,2.3218250100,2.3218250100,2338400
2024-03-20 09:45:00,2.3218250100,2.3316217400,2.3022315500,2.3120282800,3857700
2024-03-20 10:00:00,2.3120282800,2.3218250100,2.3120282800,2.3120282800,1104800
2024-03-20 10:15:00,2.3120282800,2.3316217400,2.3120282800,2.3218250100,4364500
2024-03-20 10:30:00,2.3120282800,2.3218250100,2.3120282800,2.3120282800,536500
2024-03-20 10:45:00,2.3218250100,2.3218250100,2.3120282800,2.3218250100,756400
2024-03-20 11:00:00,2.3218250100,2.3316217400,2.3120282800,2.3316217400,956000
2024-03-20 11:15:00,2.3316217400,2.3316217400,2.3120282800,2.3218250100,1885800
2024-03-20 11:30:00,2.3218250100,2.3316217400,2.3218250100,2.3218250100,1279200
2024-03-20 13:15:00,2.3218250100,2.3316217400,2.3218250100,2.3316217400,1617400
2024-03-20 13:30:00,2.3316217400,2.3316217400,2.3218250100,2.3316217400,1158600
2024-03-20 13:45:00,2.3316217400,2.3316217400,2.3218250100,2.3316217400,1231000
2024-03-20 14:00:00,2.3218250100,2.3316217400,2.3218250100,2.3316217400,1932200
2024-03-20 14:15:00,2.3316217400,2.3316217400,2.3218250100,2.3316217400,1106800
2024-03-20 14:30:00,2.3316217400,2.3316217400,2.3218250100,2.3218250100,2108400
2024-03-20 14:45:00,2.3218250100,2.3316217400,2.3120282800,2.3218250100,3696000
2024-03-20 15:00:00,2.3218250100,2.3316217400,2.3120282800,2.3218250100,1193300
2024-03-21 09:45:00,2.3218250100,2.3316217400,2.3120282800,2.3218250100,3021700
2024-03-21 10:00:00,2.3218250100,2.3218250100,2.3120282800,2.3218250100,1832000
2024-03-21 10:15:00,2.3120282800,2.3218250100,2.3120282800,2.3218250100,1682400
2024-03-21 10:30:00,2.3120282800,2.3218250100,2.3120282800,2.3218250100,2231200
2024-03-21 10:45:00,2.3120282800,2.3218250100,2.3120282800,2.3120282800,1348500
2024-03-21 11:00:00,2.3120282800,2.3218250100,2.3022315500,2.3022315500,2670500
2024-03-21 11:15:00,2.3120282800,2.3120282800,2.3022315500,2.3120282800,633700
2024-03-21 11:30:00,2.3120282800,2.3120282800,2.3022315500,2.3022315500,642800
2024-03-21 13:15:00,2.3022315500,2.3120282800,2.3022315500,2.3022315500,612500
2024-03-21 13:30:00,2.3022315500,2.3120282800,2.3022315500,2.3022315500,771500
2024-03-21 13:45:00,2.3120282800,2.3218250100,2.3022315500,2.3022315500,5731600
2024-03-21 14:00:00,2.3022315500,2.3218250100,2.3022315500,2.3120282800,2064700
2024-03-21 14:15:00,2.3120282800,2.3218250100,2.3120282800,2.3120282800,2420200
2024-03-21 14:30:00,2.3218250100,2.3218250100,2.3120282800,2.3120282800,992500
2024-03-21 14:45:00,2.3120282800,2.3218250100,2.3120282800,2.3218250100,825300
2024-03-21 15:00:00,2.3218250100,2.3218250100,2.3120282800,2.3120282800,2622200
2024-03-22 09:45:00,2.3120282800,2.3218250100,2.3022315500,2.3022315500,2749500
2024-03-22 10:00:00,2.3022315500,2.3120282800,2.2924348200,2.2924348200,3598100
2024-03-22 10:15:00,2.2924348200,2.3022315500,2.2728413600,2.2826380900,9666800
2024-03-22 10:30:00,2.2826380900,2.2924348200,2.2728413600,2.2728413600,2971500
2024-03-22 10:45:00,2.2728413600,2.2826380900,2.2728413600,2.2728413600,1421100
2024-03-22 11:00:00,2.2728413600,2.2826380900,2.2630446300,2.2728413600,6299400
2024-03-22 11:15:00,2.2728413600,2.2826380900,2.2630446300,2.2728413600,836100
2024-03-22 11:30:00,2.2728413600,2.2826380900,2.2630446300,2.2728413600,2344800
2024-03-22 13:15:00,2.2826380900,2.2826380900,2.2630446300,2.2728413600,1946300
2024-03-22 13:30:00,2.2826380900,2.2826380900,2.2728413600,2.2826380900,1127800
2024-03-22 13:45:00,2.2728413600,2.2826380900,2.2630446300,2.2826380900,1520400
2024-03-22 14:00:00,2.2728413600,2.2826380900,2.2728413600,2.2728413600,1383500
2024-03-22 14:15:00,2.2728413600,2.2826380900,2.2728413600,2.2728413600,1238400
2024-03-22 14:30:00,2.2728413600,2.2826380900,2.2728413600,2.2728413600,1742600
2024-03-22 14:45:00,2.2826380900,2.2826380900,2.2728413600,2.2728413600,2089800
2024-03-22 15:00:00,2.2728413600,2.2826380900,2.2630446300,2.2630446300,3126700
2024-03-25 09:45:00,2.2532479000,2.2826380900,2.2532479000,2.2826380900,5007300
2024-03-25 10:00:00,2.2728413600,2.2826380900,2.2532479000,2.2728413600,6498200
2024-03-25 10:15:00,2.2728413600,2.2826380900,2.2630446300,2.2728413600,5783400
2024-03-25 10:30:00,2.2630446300,2.2728413600,2.2630446300,2.2630446300,4284100
2024-03-25 10:45:00,2.2630446300,2.2728413600,2.2532479000,2.2630446300,3253500
2024-03-25 11:00:00,2.2630446300,2.2826380900,2.2630446300,2.2826380900,2056000
2024-03-25 11:15:00,2.2826380900,2.2924348200,2.2728413600,2.2924348200,2632000
2024-03-25 11:30:00,2.2924348200,2.2924348200,2.2826380900,2.2826380900,1770800
2024-03-25 13:15:00,2.2924348200,2.2924348200,2.2826380900,2.2924348200,1124400
2024-03-25 13:30:00,2.2924348200,2.2924348200,2.2826380900,2.2924348200,1061400
2024-03-25 13:45:00,2.2924348200,2.2924348200,2.2826380900,2.2924348200,1082300
2024-03-25 14:00:00,2.2826380900,2.2924348200,2.2728413600,2.2826380900,2087700
2024-03-25 14:15:00,2.2826380900,2.2924348200,2.2728413600,2.2826380900,1616100
2024-03-25 14:30:00,2.2826380900,2.2826380900,2.2630446300,2.2728413600,1986100
2024-03-25 14:45:00,2.2728413600,2.2826380900,2.2630446300,2.2630446300,1403300
2024-03-25 15:00:00,2.2630446300,2.2728413600,2.2630446300,2.2630446300,3098900
2024-03-26 09:45:00,2.2630446300,2.2728413600,2.2630446300,2.2728413600,3120800
2024-03-26 10:00:00,2.2728413600,2.2728413600,2.2532479000,2.2532479000,1916500
2024-03-26 10:15:00,2.2532479000,2.2630446300,2.2532479000,2.2532479000,2817700
2024-03-26 10:30:00,2.2532479000,2.2630446300,2.2532479000,2.2630446300,1177800
2024-03-26 10:45:00,2.2630446300,2.2728413600,2.2532479000,2.2728413600,2636300
2024-03-26 11:00:00,2.2728413600,2.2728413600,2.2532479000,2.2532479000,3453000
2024-03-26 11:15:00,2.2630446300,2.2630446300,2.2532479000,2.2630446300,417800
2024-03-26 11:30:00,2.2630446300,2.2630446300,2.2532479000,2.2532479000,891000
2024-03-26 13:15:00,2.2532479000,2.2630446300,2.2532479000,2.2532479000,911100
2024-03-26 13:30:00,2.2630446300,2.2630446300,2.2434511700,2.2532479000,4254300
2024-03-26 13:45:00,2.2434511700,2.2630446300,2.2434511700,2.2532479000,2610000
2024-03-26 14:00:00,2.2532479000,2.2630446300,2.2434511700,2.2532479000,530700
2024-03-26 14:15:00,2.2532479000,2.2728413600,2.2434511700,2.2630446300,4196400
2024-03-26 14:30:00,2.2630446300,2.2728413600,2.2532479000,2.2630446300,2138700
2024-03-26 14:45:00,2.2630446300,2.2728413600,2.2532479000,2.2630446300,1404800
2024-03-26 15:00:00,2.2630446300,2.2728413600,2.2630446300,2.2630446300,1739800
2024-03-27 09:45:00,2.2630446300,2.2728413600,2.2532479000,2.2728413600,5555400
2024-03-27 10:00:00,2.2728413600,2.2826380900,2.2630446300,2.2826380900,4240300
2024-03-27 10:15:00,2.2826380900,2.2826380900,2.2630446300,2.2728413600,3473400
2024-03-27 10:30:00,2.2728413600,2.2826380900,2.2630446300,2.2728413600,776500
2024-03-27 10:45:00,2.2728413600,2.2826380900,2.2630446300,2.2728413600,1020700
2024-03-27 11:00:00,2.2728413600,2.2728413600,2.2630446300,2.2728413600,803400
2024-03-27 11:15:00,2.2728413600,2.2728413600,2.2630446300,2.2630446300,595100
2024-03-27 11:30:00,2.2630446300,2.2728413600,2.2630446300,2.2630446300,480600
2024-03-27 13:15:00,2.2630446300,2.2728413600,2.2630446300,2.2728413600,422600
2024-03-27 13:30:00,2.2728413600,2.2728413600,2.2630446300,2.2630446300,573300
2024-03-27 13:45:00,2.2728413600,2.2826380900,2.2630446300,2.2826380900,2631400
2024-03-27 14:00:00,2.2826380900,2.2826380900,2.2630446300,2.2728413600,1932300
2024-03-27 14:15:00,2.2728413600,2.2826380900,2.2630446300,2.2728413600,523300
2024-03-27 14:30:00,2.2728413600,2.2826380900,2.2630446300,2.2630446300,1792100
2024-03-27 14:45:00,2.2630446300,2.2728413600,2.2532479000,2.2630446300,4030900
2024-03-27 15:00:00,2.2532479000,2.2630446300,2.2532479000,2.2532479000,3318500
2024-03-28 09:45:00,2.2532479000,2.2532479000,2.2336544400,2.2336544400,6931300
2024-03-28 10:00:00,2.2336544400,2.2532479000,2.2336544400,2.2336544400,2647400
2024-03-28 10:15:00,2.2336544400,2.2532479000,2.2336544400,2.2434511700,2593000
2024-03-28 10:30:00,2.2434511700,2.2532479000,2.2336544400,2.2434511700,1826500
2024-03-28 10:45:00,2.2336544400,2.2630446300,2.2336544400,2.2532479000,3601200
2024-03-28 11:00:00,2.2532479000,2.2630446300,2.2532479000,2.2532479000,596600
2024-03-28 11:15:00,2.2630446300,2.2630446300,2.2532479000,2.2630446300,771000
2024-03-28 11:30:00,2.2630446300,2.2728413600,2.2532479000,2.2630446300,2940400
2024-03-28 13:15:00,2.2630446300,2.2728413600,2.2532479000,2.2532479000,2195000
2024-03-28 13:30:00,2.2630446300,2.2630446300,2.2532479000,2.2630446300,942900
2024-03-28 13:45:00,2.2630446300,2.2630446300,2.2532479000,2.2532479000,1727600
2024-03-28 14:00:00,2.2532479000,2.2532479000,2.2434511700,2.2434511700,1323900
2024-03-28 14:15:00,2.2434511700,2.2630446300,2.2434511700,2.2532479000,1548000
2024-03-28 14:30:00,2.2532479000,2.2630446300,2.2434511700,2.2532479000,1450300
2024-03-28 14:45:00,2.2434511700,2.2532479000,2.2434511700,2.2434511700,1437400
2024-03-28 15:00:00,2.2434511700,2.2532479000,2.2434511700,2.2434511700,2015600
2024-03-29 09:45:00,2.2434511700,2.2532479000,2.2336544400,2.2434511700,3369900
2024-03-29 10:00:00,2.2434511700,2.2532479000,2.2336544400,2.2532479000,4313400
2024-03-29 10:15:00,2.2532479000,2.2532479000,2.2336544400,2.2434511700,2999800
2024-03-29 10:30:00,2.2434511700,2.2532479000,2.2434511700,2.2434511700,1177600
2024-03-29 10:45:00,2.2532479000,2.2630446300,2.2434511700,2.2532479000,3064900
2024-03-29 11:00:00,2.2630446300,2.2630446300,2.2532479000,2.2630446300,1232500
2024-03-29 11:15:00,2.2630446300,2.2728413600,2.2532479000,2.2630446300,3686000
2024-03-29 11:30:00,2.2532479000,2.2630446300,2.2532479000,2.2532479000,565500
2024-03-29 13:15:00,2.2630446300,2.2728413600,2.2532479000,2.2728413600,2865600
2024-03-29 13:30:00,2.2728413600,2.2728413600,2.2630446300,2.2630446300,700700
2024-03-29 13:45:00,2.2630446300,2.2728413600,2.2630446300,2.2728413600,1154000
2024-03-29 14:00:00,2.2630446300,2.2728413600,2.2630446300,2.2630446300,812700
2024-03-29 14:15:00,2.2728413600,2.2826380900,2.2630446300,2.2826380900,3858100
2024-03-29 14:30:00,2.2728413600,2.2826380900,2.2728413600,2.2826380900,1151400
2024-03-29 14:45:00,2.2826380900,2.2826380900,2.2728413600,2.2826380900,882200
2024-03-29 15:00:00,2.2826380900,2.2924348200,2.2728413600,2.2826380900,4818900
2024-04-01 09:45:00,2.2924348200,2.3120282800,2.2826380900,2.3022315500,8919600
2024-04-01 10:00:00,2.3022315500,2.3120282800,2.3022315500,2.3120282800,1908700
2024-04-01 10:15:00,2.3120282800,2.3120282800,2.3022315500,2.3120282800,2418400
2024-04-01 10:30:00,2.3120282800,2.3218250100,2.3022315500,2.3218250100,4158300
2024-04-01 10:45:00,2.3120282800,2.3218250100,2.3022315500,2.3120282800,2776100
2024-04-01 11:00:00,2.3120282800,2.3120282800,2.3022315500,2.3022315500,4650300
2024-04-01 11:15:00,2.3120282800,2.3120282800,2.3022315500,2.3120282800,685400
2024-04-01 11:30:00,2.3022315500,2.3120282800,2.3022315500,2.3022315500,778900
2024-04-01 13:15:00,2.3120282800,2.3120282800,2.3022315500,2.3120282800,927600
2024-04-01 13:30:00,2.3022315500,2.3120282800,2.3022315500,2.3120282800,1071700
2024-04-01 13:45:00,2.3022315500,2.3120282800,2.3022315500,2.3120282800,705600
2024-04-01 14:00:00,2.3022315500,2.3120282800,2.3022315500,2.3022315500,1225300
2024-04-01 14:15:00,2.3022315500,2.3120282800,2.3022315500,2.3022315500,739000
2024-04-01 14:30:00,2.3022315500,2.3120282800,2.3022315500,2.3120282800,1607400
2024-04-01 14:45:00,2.3120282800,2.3120282800,2.3022315500,2.3120282800,1874500
2024-04-01 15:00:00,2.3022315500,2.3218250100,2.3022315500,2.3120282800,2354300
2024-04-02 09:45:00,2.3218250100,2.3708086600,2.3120282800,2.3610119300,18681000
2024-04-02 10:00:00,2.3610119300,2.3610119300,2.3512152000,2.3512152000,5226200
2024-04-02 10:15:00,2.3512152000,2.3610119300,2.3414184700,2.3512152000,6136800
2024-04-02 10:30:00,2.3512152000,2.3512152000,2.3414184700,2.3414184700,2669700
2024-04-02 10:45:00,2.3414184700,2.3512152000,2.3414184700,2.3414184700,1629200
2024-04-02 11:00:00,2.3414184700,2.3512152000,2.3414184700,2.3512152000,2018600
2024-04-02 11:15:00,2.3414184700,2.3610119300,2.3414184700,2.3512152000,2247000
2024-04-02 11:30:00,2.3512152000,2.3512152000,2.3414184700,2.3512152000,2105700
2024-04-02 13:15:00,2.3414184700,2.3512152000,2.3316217400,2.3414184700,2958200
2024-04-02 13:30:00,2.3414184700,2.3512152000,2.3316217400,2.3414184700,1383300
2024-04-02 13:45:00,2.3414184700,2.3512152000,2.3414184700,2.3414184700,726000
2024-04-02 14:00:00,2.3512152000,2.3512152000,2.3316217400,2.3512152000,2344600
2024-04-02 14:15:00,2.3414184700,2.3512152000,2.3414184700,2.3414184700,534600
2024-04-02 14:30:00,2.3512152000,2.3512152000,2.3414184700,2.3512152000,1087500
2024-04-02 14:45:00,2.3512152000,2.3512152000,2.3414184700,2.3512152000,2232300
2024-04-02 15:00:00,2.3512152000,2.3512152000,2.3414184700,2.3512152000,3681900
2024-04-03 09:45:00,2.3610119300,2.3806053900,2.3610119300,2.3708086600,11126300
2024-04-03 10:00:00,2.3708086600,2.3806053900,2.3512152000,2.3708086600,13069600
2024-04-03 10:15:00,2.3708086600,2.3806053900,2.3610119300,2.3708086600,4975300
2024-04-03 10:30:00,2.3708086600,2.3806053900,2.3708086600,2.3708086600,4432000
2024-04-03 10:45:00,2.3708086600,2.3806053900,2.3610119300,2.3708086600,3274500
2024-04-03 11:00:00,2.3708086600,2.3806053900,2.3610119300,2.3610119300,2041200
2024-04-03 11:15:00,2.3610119300,2.3708086600,2.3610119300,2.3708086600,707900
2024-04-03 11:30:00,2.3610119300,2.3708086600,2.3610119300,2.3610119300,1353200
2024-04-03 13:15:00,2.3610119300,2.3708086600,2.3610119300,2.3610119300,803400
2024-04-03 13:30:00,2.3610119300,2.3708086600,2.3610119300,2.3610119300,1609500
2024-04-03 13:45:00,2.3708086600,2.3806053900,2.3610119300,2.3806053900,5825900
2024-04-03 14:00:00,2.3806053900,2.3806053900,2.3708086600,2.3806053900,1405500
2024-04-03 14:15:00,2.3806053900,2.3806053900,2.3708086600,2.3806053900,1922700
2024-04-03 14:30:00,2.3806053900,2.3904021200,2.3708086600,2.3904021200,9220800
2024-04-03 14:45:00,2.3806053900,2.4001988500,2.3806053900,2.4001988500,5851300
2024-04-03 15:00:00,2.4001988500,2.4001988500,2.3904021200,2.3904021200,6203300
2024-04-08 09:45:00,2.3904021200,2.4099955800,2.3806053900,2.3904021200,11215000
2024-04-08 10:00:00,2.3904021200,2.4099955800,2.3904021200,2.4001988500,6911500
2024-04-08 10:15:00,2.4099955800,2.4197923100,2.4001988500,2.4197923100,6854900
2024-04-08 10:30:00,2.4197923100,2.4295890400,2.4099955800,2.4197923100,7036600
2024-04-08 10:45:00,2.4197923100,2.4295890400,2.4099955800,2.4197923100,4227500
2024-04-08 11:00:00,2.4197923100,2.4295890400,2.4197923100,2.4197923100,2430000
2024-04-08 11:15:00,2.4295890400,2.4295890400,2.4099955800,2.4197923100,3550600
2024-04-08 11:30:00,2.4099955800,2.4197923100,2.4099955800,2.4099955800,1365400
2024-04-08 13:15:00,2.4099955800,2.4197923100,2.4099955800,2.4099955800,1683700
2024-04-08 13:30:00,2.4197923100,2.4197923100,2.4099955800,2.4197923100,2088600
2024-04-08 13:45:00,2.4197923100,2.4197923100,2.4099955800,2.4197923100,4668900
2024-04-08 14:00:00,2.4197923100,2.4197923100,2.4001988500,2.4099955800,3525600
2024-04-08 14:15:00,2.4099955800,2.4099955800,2.3904021200,2.4001988500,3340200
2024-04-08 14:30:00,2.3904021200,2.4001988500,2.3904021200,2.3904021200,1744300
2024-04-08 14:45:00,2.3904021200,2.4099955800,2.3904021200,2.4001988500,3754000
2024-04-08 15:00:00,2.4099955800,2.4099955800,2.3904021200,2.4001988500,5150300
2024-04-09 09:45:00,2.3904021200,2.4001988500,2.3708086600,2.3904021200,9624400
2024-04-09 10:00:00,2.3904021200,2.4099955800,2.3904021200,2.4001988500,5547100
2024-04-09 10:15:00,2.4001988500,2.4099955800,2.3904021200,2.4001988500,4045400
2024-04-09 10:30:00,2.4001988500,2.4001988500,2.3806053900,2.4001988500,2584600
2024-04-09 10:45:00,2.3904021200,2.4001988500,2.3904021200,2.3904021200,1205600
2024-04-09 11:00:00,2.4001988500,2.4001988500,2.3904021200,2.3904021200,2575500
2024-04-09 11:15:00,2.4001988500,2.4099955800,2.3904021200,2.3904021200,2533400
2024-04-09 11:30:00,2.3904021200,2.4099955800,2.3904021200,2.3904021200,1738900
2024-04-09 13:15:00,2.3904021200,2.4001988500,2.3904021200,2.4001988500,1281200
2024-04-09 13:30:00,2.4001988500,2.4001988500,2.3806053900,2.3904021200,2191200
2024-04-09 13:45:00,2.3904021200,2.3904021200,2.3806053900,2.3806053900,733200
2024-04-09 14:00:00,2.3806053900,2.3904021200,2.3806053900,2.3904021200,897300
2024-04-09 14:15:00,2.3904021200,2.3904021200,2.3806053900,2.3904021200,1320500
2024-04-09 14:30:00,2.3904021200,2.3904021200,2.3806053900,2.3806053900,1713400
2024-04-09 14:45:00,2.3806053900,2.3904021200,2.3806053900,2.3806053900,2338900
2024-04-09 15:00:00,2.3806053900,2.3904021200,2.3708086600,2.3806053900,4112200
2024-04-10 09:45:00,2.3806053900,2.4197923100,2.3806053900,2.4001988500,11998900
2024-04-10 10:00:00,2.4001988500,2.4099955800,2.3904021200,2.4001988500,5202300
2024-04-10 10:15:00,2.3904021200,2.4001988500,2.3904021200,2.3904021200,1471400
2024-04-10 10:30:00,2.3904021200,2.4001988500,2.3806053900,2.3904021200,4665600
2024-04-10 10:45:00,2.3904021200,2.3904021200,2.3806053900,2.3904021200,1225100
2024-04-10 11:00:00,2.3904021200,2.4001988500,2.3806053900,2.4001988500,2882300
2024-04-10 11:15:00,2.4001988500,2.4099955800,2.3904021200,2.4001988500,2128900
2024-04-10 11:30:00,2.4001988500,2.4099955800,2.4001988500,2.4099955800,873200
2024-04-10 13:15:00,2.4099955800,2.4099955800,2.3904021200,2.4001988500,1944700
2024-04-10 13:30:00,2.3904021200,2.4001988500,2.3806053900,2.3806053900,3467900
2024-04-10 13:45:00,2.3904021200,2.4001988500,2.3806053900,2.3806053900,1288700
2024-04-10 14:00:00,2.3904021200,2.3904021200,2.3708086600,2.3806053900,2446900
2024-04-10 14:15:00,2.3806053900,2.3904021200,2.3806053900,2.3806053900,2306200
2024-04-10 14:30:00,2.3806053900,2.3904021200,2.3806053900,2.3904021200,1263500
2024-04-10 14:45:00,2.3806053900,2.3904021200,2.3806053900,2.3904021200,1692400
2024-04-10 15:00:00,2.3806053900,2.3904021200,2.3806053900,2.3904021200,2768700
2024-04-11 09:45:00,2.3806053900,2.3904021200,2.3610119300,2.3708086600,6446600
2024-04-11 10:00:00,2.3708086600,2.4001988500,2.3708086600,2.3904021200,5388800
2024-04-11 10:15:00,2.3904021200,2.4001988500,2.3806053900,2.4001988500,1450800
2024-04-11 10:30:00,2.3904021200,2.4099955800,2.3904021200,2.4099955800,9543400
2024-04-11 10:45:00,2.4099955800,2.4197923100,2.4001988500,2.4197923100,2720500
2024-04-11 11:00:00,2.4099955800,2.4197923100,2.4001988500,2.4099955800,2324300
2024-04-11 11:15:00,2.4099955800,2.4197923100,2.4099955800,2.4099955800,1506900
2024-04-11 11:30:00,2.4197923100,2.4295890400,2.4099955800,2.4197923100,6684000
2024-04-11 13:15:00,2.4099955800,2.4197923100,2.4099955800,2.4099955800,1401600
2024-04-11 13:30:00,2.4197923100,2.4197923100,2.4099955800,2.4099955800,1393100
2024-04-11 13:45:00,2.4099955800,2.4197923100,2.4099955800,2.4197923100,1749800
2024-04-11 14:00:00,2.4197923100,2.4197923100,2.4099955800,2.4197923100,1005900
2024-04-11 14:15:00,2.4099955800,2.4197923100,2.4001988500,2.4099955800,2500900
2024-04-11 14:30:00,2.4099955800,2.4099955800,2.4001988500,2.4001988500,1312100
2024-04-11 14:45:00,2.4001988500,2.4099955800,2.4001988500,2.4001988500,1393900
2024-04-11 15:00:00,2.4001988500,2.4099955800,2.4001988500,2.4099955800,3076900
2024-04-12 09:45:00,2.4001988500,2.4099955800,2.4001988500,2.4001988500,2415000
2024-04-12 10:00:00,2.4001988500,2.4099955800,2.3904021200,2.4001988500,3505900
2024-04-12 10:15:00,2.4001988500,2.4099955800,2.3904021200,2.3904021200,2631200
2024-04-12 10:30:00,2.3904021200,2.4197923100,2.3806053900,2.4099955800,7871600
2024-04-12 10:45:00,2.4099955800,2.4295890400,2.4001988500,2.4295890400,5603800
2024-04-12 11:00:00,2.4295890400,2.4295890400,2.4197923100,2.4295890400,1537200
2024-04-12 11:15:00,2.4197923100,2.4295890400,2.4197923100,2.4295890400,3194200
2024-04-12 11:30:00,2.4295890400,2.4295890400,2.4197923100,2.4295890400,1731400
2024-04-12 13:15:00,2.4295890400,2.4295890400,2.4197923100,2.4295890400,2447700
2024-04-12 13:30:00,2.4295890400,2.4295890400,2.4197923100,2.4295890400,1337000
2024-04-12 13:45:00,2.4197923100,2.4295890400,2.4197923100,2.4295890400,1762500
2024-04-12 14:00:00,2.4197923100,2.4393857700,2.4197923100,2.4295890400,7188100
2024-04-12 14:15:00,2.4295890400,2.4393857700,2.4197923100,2.4197923100,1427100
2024-04-12 14:30:00,2.4295890400,2.4295890400,2.4099955800,2.4099955800,4972800
2024-04-12 14:45:00,2.4099955800,2.4295890400,2.4099955800,2.4197923100,1994900
2024-04-12 15:00:00,2.4099955800,2.4295890400,2.4099955800,2.4197923100,3618600
2024-04-15 09:45:00,2.4099955800,2.4295890400,2.3904021200,2.3904021200,7917800
2024-04-15 10:00:00,2.3904021200,2.4001988500,2.3708086600,2.3904021200,6976500
2024-04-15 10:15:00,2.3904021200,2.4197923100,2.3904021200,2.4099955800,6812300
2024-04-15 10:30:00,2.4099955800,2.4491825000,2.4099955800,2.4491825000,10116400
2024-04-15 10:45:00,2.4491825000,2.4589792300,2.4393857700,2.4491825000,6312000
2024-04-15 11:00:00,2.4491825000,2.4589792300,2.4393857700,2.4491825000,4299500
2024-04-15 11:15:00,2.4491825000,2.4589792300,2.4393857700,2.4491825000,2981100
2024-04-15 11:30:00,2.4491825000,2.4589792300,2.4393857700,2.4491825000,2630200
2024-04-15 13:15:00,2.4491825000,2.4589792300,2.4393857700,2.4491825000,3810600
2024-04-15 13:30:00,2.4491825000,2.4589792300,2.4491825000,2.4589792300,1488800
2024-04-15 13:45:00,2.4491825000,2.4589792300,2.4393857700,2.4491825000,3077300
2024-04-15 14:00:00,2.4491825000,2.4589792300,2.4393857700,2.4491825000,2552200
2024-04-15 14:15:00,2.4491825000,2.4491825000,2.4295890400,2.4393857700,2835900
2024-04-15 14:30:00,2.4295890400,2.4393857700,2.4295890400,2.4393857700,2769600
2024-04-15 14:45:00,2.4295890400,2.4393857700,2.4197923100,2.4295890400,3520800
2024-04-15 15:00:00,2.4393857700,2.4491825000,2.4295890400,2.4491825000,4875000
2024-04-16 09:45:00,2.4491825000,2.4785726900,2.4393857700,2.4687759600,14177800
2024-04-16 10:00:00,2.4687759600,2.4785726900,2.4491825000,2.4589792300,13608500
2024-04-16 10:15:00,2.4589792300,2.4785726900,2.4393857700,2.4393857700,11708600
2024-04-16 10:30:00,2.4491825000,2.4491825000,2.4295890400,2.4393857700,4511800
2024-04-16 10:45:00,2.4295890400,2.4393857700,2.4197923100,2.4295890400,6162600
2024-04-16 11:00:00,2.4295890400,2.4295890400,2.4099955800,2.4099955800,3727900
2024-04-16 11:15:00,2.4099955800,2.4197923100,2.4001988500,2.4099955800,3882300
2024-04-16 11:30:00,2.4099955800,2.4197923100,2.4099955800,2.4099955800,2300000
2024-04-16 13:15:00,2.4099955800,2.4393857700,2.4099955800,2.4295890400,3920400
2024-04-16 13:30:00,2.4393857700,2.4491825000,2.4295890400,2.4491825000,3063900
2024-04-16 13:45:00,2.4491825000,2.4589792300,2.4393857700,2.4491825000,3794700
2024-04-16 14:00:00,2.4491825000,2.4491825000,2.4295890400,2.4393857700,2439700
2024-04-16 14:15:00,2.4295890400,2.4393857700,2.4295890400,2.4295890400,1763000
2024-04-16 14:30:00,2.4295890400,2.4393857700,2.4197923100,2.4295890400,3272500
2024-04-16 14:45:00,2.4295890400,2.4295890400,2.4099955800,2.4197923100,4596200
2024-04-16 15:00:00,2.4099955800,2.4197923100,2.4001988500,2.4001988500,5291200
2024-04-17 09:45:00,2.4001988500,2.4197923100,2.3904021200,2.3904021200,10753700
2024-04-17 10:00:00,2.3904021200,2.4295890400,2.3904021200,2.4197923100,10184400
2024-04-17 10:15:00,2.4197923100,2.4295890400,2.4001988500,2.4197923100,7939400
2024-04-17 10:30:00,2.4099955800,2.4197923100,2.4001988500,2.4099955800,3090000
2024-04-17 10:45:00,2.4197923100,2.4197923100,2.4099955800,2.4099955800,2023800
2024-04-17 11:00:00,2.4099955800,2.4197923100,2.4001988500,2.4001988500,3569500
2024-04-17 11:15:00,2.4001988500,2.4197923100,2.4001988500,2.4197923100,2459200
2024-04-17 11:30:00,2.4099955800,2.4197923100,2.4099955800,2.4197923100,1055400
2024-04-17 13:15:00,2.4197923100,2.4197923100,2.4001988500,2.4099955800,1963100
2024-04-17 13:30:00,2.4001988500,2.4099955800,2.4001988500,2.4099955800,2390900
2024-04-17 13:45:00,2.4001988500,2.4099955800,2.4001988500,2.4001988500,1231400
2024-04-17 14:00:00,2.4099955800,2.4295890400,2.4001988500,2.4295890400,6527700
2024-04-17 14:15:00,2.4197923100,2.4295890400,2.4099955800,2.4197923100,2733300
2024-04-17 14:30:00,2.4197923100,2.4295890400,2.4099955800,2.4197923100,2909800
2024-04-17 14:45:00,2.4295890400,2.4393857700,2.4197923100,2.4295890400,3023500
2024-04-17 15:00:00,2.4197923100,2.4393857700,2.4197923100,2.4295890400,2420800
2024-04-18 09:45:00,2.4393857700,2.4687759600,2.4295890400,2.4589792300,15309200
2024-04-18 10:00:00,2.4491825000,2.4589792300,2.4491825000,2.4589792300,3125100
2024-04-18 10:15:00,2.4589792300,2.4589792300,2.4393857700,2.4393857700,5833800
2024-04-18 10:30:00,2.4491825000,2.4589792300,2.4393857700,2.4491825000,3315600
2024-04-18 10:45:00,2.4589792300,2.4687759600,2.4491825000,2.4589792300,4336200
2024-04-18 11:00:00,2.4491825000,2.4687759600,2.4491825000,2.4491825000,3253900
2024-04-18 11:15:00,2.4589792300,2.4589792300,2.4393857700,2.4491825000,2655200
2024-04-18 11:30:00,2.4491825000,2.4491825000,2.4295890400,2.4393857700,2676300
2024-04-18 13:15:00,2.4393857700,2.4393857700,2.4197923100,2.4393857700,4027400
2024-04-18 13:30:00,2.4295890400,2.4393857700,2.4295890400,2.4393857700,546600
2024-04-18 13:45:00,2.4295890400,2.4393857700,2.4197923100,2.4295890400,4135900
2024-04-18 14:00:00,2.4295890400,2.4393857700,2.4295890400,2.4295890400,1706500
2024-04-18 14:15:00,2.4295890400,2.4491825000,2.4295890400,2.4393857700,2706200
2024-04-18 14:30:00,2.4393857700,2.4491825000,2.4393857700,2.4393857700,1165700
2024-04-18 14:45:00,2.4393857700,2.4491825000,2.4295890400,2.4295890400,2245300
2024-04-18 15:00:00,2.4393857700,2.4393857700,2.4295890400,2.4295890400,2861500
2024-04-19 09:45:00,2.4295890400,2.4883694200,2.4197923100,2.4883694200,16760600
2024-04-19 10:00:00,2.4883694200,2.5079628800,2.4785726900,2.4981661500,14967000
2024-04-19 10:15:00,2.4883694200,2.5177596100,2.4883694200,2.4981661500,9974800
2024-04-19 10:30:00,2.4981661500,2.5079628800,2.4883694200,2.4883694200,3473600
2024-04-19 10:45:00,2.4981661500,2.5079628800,2.4883694200,2.5079628800,3546200
2024-04-19 11:00:00,2.5079628800,2.5079628800,2.4883694200,2.4883694200,4235800
2024-04-19 11:15:00,2.4883694200,2.5079628800,2.4883694200,2.4981661500,2459700
2024-04-19 11:30:00,2.5079628800,2.5079628800,2.4883694200,2.4981661500,7195800
2024-04-19 13:15:00,2.4981661500,2.4981661500,2.4785726900,2.4785726900,4825000
2024-04-19 13:30:00,2.4785726900,2.4883694200,2.4687759600,2.4883694200,3460400
2024-04-19 13:45:00,2.4883694200,2.4883694200,2.4687759600,2.4687759600,1269600
2024-04-19 14:00:00,2.4687759600,2.4785726900,2.4687759600,2.4785726900,810900
2024-04-19 14:15:00,2.4785726900,2.4785726900,2.4687759600,2.4687759600,1079500
2024-04-19 14:30:00,2.4785726900,2.4785726900,2.4687759600,2.4687759600,1836100
2024-04-19 14:45:00,2.4785726900,2.4785726900,2.4687759600,2.4687759600,2129800
2024-04-19 15:00:00,2.4785726900,2.4883694200,2.4687759600,2.4785726900,5553000
2024-04-22 09:45:00,2.4785726900,2.4981661500,2.4687759600,2.4785726900,10740900
2024-04-22 10:00:00,2.4883694200,2.4981661500,2.4785726900,2.4883694200,6504400
2024-04-22 10:15:00,2.4981661500,2.4981661500,2.4687759600,2.4687759600,5519900
2024-04-22 10:30:00,2.4687759600,2.4883694200,2.4687759600,2.4785726900,2764100
2024-04-22 10:45:00,2.4883694200,2.4883694200,2.4687759600,2.4785726900,2519800
2024-04-22 11:00:00,2.4785726900,2.4785726900,2.4589792300,2.4785726900,4173800
2024-04-22 11:15:00,2.4687759600,2.4785726900,2.4589792300,2.4687759600,1056200
2024-04-22 11:30:00,2.4589792300,2.4687759600,2.4393857700,2.4491825000,6741700
2024-04-22 13:15:00,2.4393857700,2.4491825000,2.4393857700,2.4393857700,1754500
2024-04-22 13:30:00,2.4393857700,2.4491825000,2.4295890400,2.4393857700,3712100
2024-04-22 13:45:00,2.4393857700,2.4491825000,2.4295890400,2.4295890400,1853000
2024-04-22 14:00:00,2.4295890400,2.4491825000,2.4295890400,2.4491825000,1219700
2024-04-22 14:15:00,2.4393857700,2.4491825000,2.4295890400,2.4491825000,2238300
2024-04-22 14:30:00,2.4491825000,2.4491825000,2.4393857700,2.4393857700,1012100
2024-04-22 14:45:00,2.4393857700,2.4491825000,2.4295890400,2.4393857700,2478700
2024-04-22 15:00:00,2.4393857700,2.4491825000,2.4295890400,2.4393857700,2578600
2024-04-23 09:45:00,2.4393857700,2.4393857700,2.3904021200,2.4001988500,11743800
2024-04-23 10:00:00,2.4001988500,2.4099955800,2.3904021200,2.4099955800,4364700
2024-04-23 10:15:00,2.4001988500,2.4099955800,2.3904021200,2.3904021200,4131500
2024-04-23 10:30:00,2.3904021200,2.4001988500,2.3806053900,2.3806053900,3746700
2024-04-23 10:45:00,2.3904021200,2.4099955800,2.3806053900,2.4001988500,6610300
2024-04-23 11:00:00,2.4001988500,2.4197923100,2.3904021200,2.4099955800,3481500
2024-04-23 11:15:00,2.4099955800,2.4197923100,2.4001988500,2.4001988500,1853500
2024-04-23 11:30:00,2.4099955800,2.4197923100,2.4001988500,2.4099955800,1698100
2024-04-23 13:15:00,2.4001988500,2.4099955800,2.4001988500,2.4001988500,1103600
2024-04-23 13:30:00,2.4001988500,2.4099955800,2.3904021200,2.3904021200,2576400
2024-04-23 13:45:00,2.4001988500,2.4001988500,2.3904021200,2.3904021200,1802800
2024-04-23 14:00:00,2.4001988500,2.4001988500,2.3806053900,2.3904021200,2664000
2024-04-23 14:15:00,2.3806053900,2.3904021200,2.3708086600,2.3806053900,2989500
2024-04-23 14:30:00,2.3708086600,2.3904021200,2.3708086600,2.3806053900,2887900
2024-04-23 14:45:00,2.3904021200,2.3904021200,2.3806053900,2.3904021200,2315300
2024-04-23 15:00:00,2.3806053900,2.3904021200,2.3708086600,2.3806053900,3235100
2024-04-24 09:45:00,2.3904021200,2.4001988500,2.3708086600,2.4001988500,6524900
2024-04-24 10:00:00,2.4001988500,2.4001988500,2.3708086600,2.3806053900,2570700
2024-04-24 10:15:00,2.3806053900,2.3904021200,2.3708086600,2.3806053900,2827000
2024-04-24 10:30:00,2.3806053900,2.3904021200,2.3708086600,2.3708086600,1570100
2024-04-24 10:45:00,2.3806053900,2.3904021200,2.3708086600,2.3806053900,1818100
2024-04-24 11:00:00,2.3806053900,2.4001988500,2.3806053900,2.4001988500,4407100
2024-04-24 11:15:00,2.4001988500,2.4001988500,2.3806053900,2.3904021200,2158800
2024-04-24 11:30:00,2.3904021200,2.3904021200,2.3806053900,2.3806053900,650800
2024-04-24 13:15:00,2.3904021200,2.3904021200,2.3806053900,2.3806053900,606300
2024-04-24 13:30:00,2.3806053900,2.3904021200,2.3806053900,2.3904021200,589900
2024-04-24 13:45:00,2.3806053900,2.3904021200,2.3806053900,2.3904021200,676900
2024-04-24 14:00:00,2.3904021200,2.3904021200,2.3806053900,2.3806053900,852400
2024-04-24 14:15:00,2.3806053900,2.3904021200,2.3806053900,2.3806053900,861100
2024-04-24 14:30:00,2.3806053900,2.3904021200,2.3708086600,2.3806053900,4228400
2024-04-24 14:45:00,2.3806053900,2.3904021200,2.3708086600,2.3904021200,3248700
2024-04-24 15:00:00,2.3806053900,2.3904021200,2.3806053900,2.3806053900,2678500
2024-04-25 09:45:00,2.3806053900,2.4099955800,2.3806053900,2.4001988500,9645700
2024-04-25 10:00:00,2.4001988500,2.4197923100,2.4001988500,2.4099955800,3717000
2024-04-25 10:15:00,2.4099955800,2.4099955800,2.3904021200,2.4001988500,3553800
2024-04-25 10:30:00,2.4001988500,2.4099955800,2.3904021200,2.4099955800,1258900
2024-04-25 10:45:00,2.4001988500,2.4197923100,2.4001988500,2.4099955800,4554300
2024-04-25 11:00:00,2.4099955800,2.4099955800,2.4001988500,2.4099955800,778000
2024-04-25 11:15:00,2.4099955800,2.4099955800,2.3904021200,2.3904021200,2452500
2024-04-25 11:30:00,2.3904021200,2.4001988500,2.3904021200,2.3904021200,1125400
2024-04-25 13:15:00,2.4001988500,2.4001988500,2.3904021200,2.4001988500,774900
2024-04-25 13:30:00,2.4001988500,2.4001988500,2.3806053900,2.3904021200,2056600
2024-04-25 13:45:00,2.3904021200,2.4001988500,2.3806053900,2.3904021200,2668600
2024-04-25 14:00:00,2.4001988500,2.4001988500,2.3806053900,2.3904021200,2262800
2024-04-25 14:15:00,2.3904021200,2.3904021200,2.3806053900,2.3806053900,901600
2024-04-25 14:30:00,2.3806053900,2.3904021200,2.3806053900,2.3904021200,918300
2024-04-25 14:45:00,2.3904021200,2.4001988500,2.3806053900,2.3904021200,2313000
2024-04-25 15:00:00,2.3904021200,2.4001988500,2.3904021200,2.3904021200,2916400
2024-04-26 09:45:00,2.3904021200,2.4393857700,2.3904021200,2.4197923100,19671500
2024-04-26 10:00:00,2.4197923100,2.4197923100,2.3904021200,2.4001988500,5989100
2024-04-26 10:15:00,2.3904021200,2.4001988500,2.3806053900,2.3904021200,5830800
2024-04-26 10:30:00,2.3904021200,2.3904021200,2.3708086600,2.3904021200,5604800
2024-04-26 10:45:00,2.3904021200,2.4001988500,2.3806053900,2.3904021200,2894000
2024-04-26 11:00:00,2.3904021200,2.4001988500,2.3806053900,2.3904021200,2224200
2024-04-26 11:15:00,2.3904021200,2.4001988500,2.3806053900,2.3904021200,2424000
2024-04-26 11:30:00,2.3904021200,2.4099955800,2.3806053900,2.4001988500,3212400
2024-04-26 13:15:00,2.4001988500,2.4099955800,2.3904021200,2.4001988500,2462000
2024-04-26 13:30:00,2.4099955800,2.4099955800,2.4001988500,2.4001988500,1328600
2024-04-26 13:45:00,2.4099955800,2.4197923100,2.4001988500,2.4099955800,2616600
2024-04-26 14:00:00,2.4001988500,2.4099955800,2.4001988500,2.4001988500,994400
2024-04-26 14:15:00,2.4099955800,2.4197923100,2.4001988500,2.4099955800,2700800
2024-04-26 14:30:00,2.4099955800,2.4295890400,2.4099955800,2.4197923100,3458300
2024-04-26 14:45:00,2.4197923100,2.4295890400,2.4197923100,2.4295890400,3141600
2024-04-26 15:00:00,2.4295890400,2.4295890400,2.4197923100,2.4197923100,3639900
2024-04-29 09:45:00,2.4197923100,2.4295890400,2.4001988500,2.4001988500,10904700
2024-04-29 10:00:00,2.4001988500,2.4099955800,2.3904021200,2.4001988500,5117300
2024-04-29 10:15:00,2.4099955800,2.4099955800,2.4001988500,2.4099955800,2735100
2024-04-29 10:30:00,2.4001988500,2.4099955800,2.3904021200,2.4099955800,10456200
2024-04-29 10:45:00,2.4099955800,2.4099955800,2.4001988500,2.4099955800,1897400
2024-04-29 11:00:00,2.4099955800,2.4099955800,2.3806053900,2.3806053900,7321400
2024-04-29 11:15:00,2.3806053900,2.4001988500,2.3806053900,2.3806053900,3917400
2024-04-29 11:30:00,2.3904021200,2.4001988500,2.3806053900,2.3806053900,2267500
2024-04-29 13:15:00,2.3904021200,2.3904021200,2.3806053900,2.3904021200,4342600
2024-04-29 13:30:00,2.3904021200,2.3904021200,2.3806053900,2.3904021200,951000
2024-04-29 13:45:00,2.3904021200,2.3904021200,2.3806053900,2.3806053900,1229400
2024-04-29 14:00:00,2.3904021200,2.3904021200,2.3806053900,2.3806053900,3301600
2024-04-29 14:15:00,2.3806053900,2.3904021200,2.3806053900,2.3806053900,1512600
2024-04-29 14:30:00,2.3806053900,2.3904021200,2.3806053900,2.3806053900,4761000
2024-04-29 14:45:00,2.3904021200,2.3904021200,2.3806053900,2.3806053900,2669300
2024-04-29 15:00:00,2.3806053900,2.3904021200,2.3806053900,2.3806053900,5873700
2024-04-30 09:45:00,2.4001988500,2.4393857700,2.3904021200,2.4197923100,20722500
2024-04-30 10:00:00,2.4099955800,2.4197923100,2.4001988500,2.4197923100,6538700
2024-04-30 10:15:00,2.4099955800,2.4295890400,2.4099955800,2.4197923100,6018400
2024-04-30 10:30:00,2.4197923100,2.4295890400,2.4001988500,2.4001988500,3660600
2024-04-30 10:45:00,2.4001988500,2.4197923100,2.4001988500,2.4099955800,2233900
2024-04-30 11:00:00,2.4001988500,2.4197923100,2.4001988500,2.4001988500,3218500
2024-04-30 11:15:00,2.4099955800,2.4099955800,2.4001988500,2.4001988500,1776300
2024-04-30 11:30:00,2.4001988500,2.4099955800,2.4001988500,2.4001988500,1141200
2024-04-30 13:15:00,2.4099955800,2.4197923100,2.4001988500,2.4099955800,3186400
2024-04-30 13:30:00,2.4099955800,2.4197923100,2.4001988500,2.4197923100,1310700
2024-04-30 13:45:00,2.4099955800,2.4197923100,2.4099955800,2.4197923100,1171600
2024-04-30 14:00:00,2.4099955800,2.4197923100,2.4099955800,2.4197923100,2476200
2024-04-30 14:15:00,2.4099955800,2.4197923100,2.4099955800,2.4099955800,1847500
2024-04-30 14:30:00,2.4099955800,2.4197923100,2.4099955800,2.4197923100,1257500
2024-04-30 14:45:00,2.4197923100,2.4197923100,2.4099955800,2.4197923100,2500600
2024-04-30 15:00:00,2.4197923100,2.4197923100,2.4099955800,2.4099955800,5930300
2024-05-06 09:45:00,2.4295890400,2.4491825000,2.4197923100,2.4393857700,14433700
2024-05-06 10:00:00,2.4393857700,2.4491825000,2.4295890400,2.4491825000,5067800
2024-05-06 10:15:00,2.4491825000,2.4589792300,2.4393857700,2.4491825000,5565500
2024-05-06 10:30:00,2.4589792300,2.4785726900,2.4491825000,2.4785726900,11839500
2024-05-06 10:45:00,2.4785726900,2.4883694200,2.4687759600,2.4785726900,4755800
2024-05-06 11:00:00,2.4687759600,2.4785726900,2.4589792300,2.4785726900,3326700
2024-05-06 11:15:00,2.4785726900,2.4785726900,2.4687759600,2.4785726900,1164200
2024-05-06 11:30:00,2.4785726900,2.4785726900,2.4687759600,2.4687759600,1411900
2024-05-06 13:15:00,2.4785726900,2.4785726900,2.4687759600,2.4687759600,1827600
2024-05-06 13:30:00,2.4785726900,2.4785726900,2.4589792300,2.4687759600,3914000
2024-05-06 13:45:00,2.4589792300,2.4785726900,2.4589792300,2.4687759600,3055800
2024-05-06 14:00:00,2.4687759600,2.4687759600,2.4589792300,2.4589792300,1418100
2024-05-06 14:15:00,2.4687759600,2.4687759600,2.4589792300,2.4687759600,1875300
2024-05-06 14:30:00,2.4687759600,2.4785726900,2.4589792300,2.4785726900,3352500
2024-05-06 14:45:00,2.4785726900,2.4785726900,2.4589792300,2.4687759600,4021100
2024-05-06 15:00:00,2.4687759600,2.4785726900,2.4589792300,2.4687759600,4280700
2024-05-07 09:45:00,2.4687759600,2.4687759600,2.4491825000,2.4589792300,8027800
2024-05-07 10:00:00,2.4491825000,2.4589792300,2.4393857700,2.4491825000,7489200
2024-05-07 10:15:00,2.4491825000,2.4589792300,2.4393857700,2.4589792300,5911000
2024-05-07 10:30:00,2.4491825000,2.4589792300,2.4393857700,2.4491825000,2338400
2024-05-07 10:45:00,2.4393857700,2.4491825000,2.4393857700,2.4491825000,1937100
2024-05-07 11:00:00,2.4393857700,2.4491825000,2.4295890400,2.4393857700,5137200
2024-05-07 11:15:00,2.4393857700,2.4393857700,2.4295890400,2.4393857700,1217600
2024-05-07 11:30:00,2.4393857700,2.4393857700,2.4295890400,2.4295890400,996900
2024-05-07 13:15:00,2.4295890400,2.4491825000,2.4295890400,2.4491825000,1977400
2024-05-07 13:30:00,2.4491825000,2.4491825000,2.4393857700,2.4393857700,803400
2024-05-07 13:45:00,2.4393857700,2.4491825000,2.4393857700,2.4491825000,847400
2024-05-07 14:00:00,2.4393857700,2.4589792300,2.4393857700,2.4491825000,4044000
2024-05-07 14:15:00,2.4491825000,2.4589792300,2.4393857700,2.4491825000,1683100
2024-05-07 14:30:00,2.4491825000,2.4491825000,2.4393857700,2.4491825000,1090900
2024-05-07 14:45:00,2.4491825000,2.4491825000,2.4393857700,2.4393857700,1874200
2024-05-07 15:00:00,2.4393857700,2.4491825000,2.4393857700,2.4491825000,3020100
2024-05-08 09:45:00,2.4393857700,2.4393857700,2.4197923100,2.4197923100,6430900
2024-05-08 10:00:00,2.4197923100,2.4393857700,2.4197923100,2.4197923100,6515300
2024-05-08 10:15:00,2.4197923100,2.4295890400,2.4099955800,2.4197923100,6939900
2024-05-08 10:30:00,2.4197923100,2.4197923100,2.4001988500,2.4099955800,5596600
2024-05-08 10:45:00,2.4099955800,2.4197923100,2.4099955800,2.4099955800,990800
2024-05-08 11:00:00,2.4197923100,2.4197923100,2.4099955800,2.4197923100,823000
2024-05-08 11:15:00,2.4197923100,2.4197923100,2.4099955800,2.4099955800,870700
2024-05-08 11:30:00,2.4099955800,2.4197923100,2.4099955800,2.4099955800,1672100
2024-05-08 13:15:00,2.4099955800,2.4197923100,2.4001988500,2.4001988500,1974900
2024-05-08 13:30:00,2.4099955800,2.4099955800,2.4001988500,2.4099955800,366400
2024-05-08 13:45:00,2.4001988500,2.4197923100,2.4001988500,2.4099955800,2324500
2024-05-08 14:00:00,2.4099955800,2.4197923100,2.4001988500,2.4001988500,1179000
2024-05-08 14:15:00,2.4001988500,2.4099955800,2.4001988500,2.4099955800,1136300
2024-05-08 14:30:00,2.4001988500,2.4099955800,2.4001988500,2.4001988500,1062300
2024-05-08 14:45:00,2.4099955800,2.4099955800,2.3904021200,2.4001988500,5321700
2024-05-08 15:00:00,2.4001988500,2.4001988500,2.3904021200,2.3904021200,2254800
2024-05-09 09:45:00,2.3904021200,2.4491825000,2.3904021200,2.4491825000,13076900
2024-05-09 10:00:00,2.4491825000,2.4883694200,2.4393857700,2.4589792300,23238300
2024-05-09 10:15:00,2.4687759600,2.4785726900,2.4589792300,2.4589792300,5299200
2024-05-09 10:30:00,2.4589792300,2.4785726900,2.4589792300,2.4785726900,4795200
2024-05-09 10:45:00,2.4785726900,2.5373530700,2.4687759600,2.5275563400,29145900
2024-05-09 11:00:00,2.5275563400,2.5471498000,2.5177596100,2.5373530700,20636900
2024-05-09 11:15:00,2.5373530700,2.6255236400,2.5373530700,2.6255236400,45802400
2024-05-09 11:30:00,2.6255236400,2.6255236400,2.6255236400,2.6255236400,8107700
2024-05-09 13:15:00,2.6255236400,2.6255236400,2.6255236400,2.6255236400,9303300
2024-05-09 13:30:00,2.6255236400,2.6255236400,2.6255236400,2.6255236400,2991600
2024-05-09 13:45:00,2.6255236400,2.6255236400,2.6255236400,2.6255236400,1885300
2024-05-09 14:00:00,2.6255236400,2.6255236400,2.6255236400,2.6255236400,2491500
2024-05-09 14:15:00,2.6255236400,2.6255236400,2.6255236400,2.6255236400,3262900
2024-05-09 14:30:00,2.6255236400,2.6255236400,2.6255236400,2.6255236400,2292900
2024-05-09 14:45:00,2.6255236400,2.6255236400,2.6255236400,2.6255236400,1316100
2024-05-09 15:00:00,2.6255236400,2.6255236400,2.6255236400,2.6255236400,3035700
2024-05-10 09:45:00,2.7626778600,2.8018647800,2.6353203700,2.6745072900,157390600
2024-05-10 10:00:00,2.6647105600,2.7626778600,2.6451171000,2.7038974800,90740900
2024-05-10 10:15:00,2.7038974800,2.7234909400,2.6941007500,2.7038974800,20246100
2024-05-10 10:30:00,2.7038974800,2.7038974800,2.6647105600,2.6745072900,13207300
2024-05-10 10:45:00,2.6745072900,2.6941007500,2.6647105600,2.6647105600,10916400
2024-05-10 11:00:00,2.6647105600,2.6843040200,2.6549138300,2.6647105600,9910000
2024-05-10 11:15:00,2.6647105600,2.6745072900,2.6549138300,2.6549138300,8412100
2024-05-10 11:30:00,2.6549138300,2.6647105600,2.6353203700,2.6451171000,9559900
2024-05-10 13:15:00,2.6451171000,2.6647105600,2.6451171000,2.6451171000,5802400
2024-05-10 13:30:00,2.6549138300,2.6549138300,2.6451171000,2.6451171000,5740500
2024-05-10 13:45:00,2.6451171000,2.6549138300,2.6451171000,2.6451171000,4612800
2024-05-10 14:00:00,2.6451171000,2.6549138300,2.6353203700,2.6353203700,8501000
2024-05-10 14:15:00,2.6451171000,2.6549138300,2.6353203700,2.6353203700,7369300
2024-05-10 14:30:00,2.6353203700,2.6451171000,2.6255236400,2.6353203700,8705900
2024-05-10 14:45:00,2.6353203700,2.6451171000,2.6353203700,2.6353203700,6242800
2024-05-10 15:00:00,2.6353203700,2.6549138300,2.6353203700,2.6451171000,16810200
2024-05-13 09:45:00,2.6451171000,2.7136942100,2.6353203700,2.6353203700,68567700
2024-05-13 10:00:00,2.6353203700,2.6647105600,2.5961334500,2.6059301800,34808900
2024-05-13 10:15:00,2.6157269100,2.6647105600,2.6059301800,2.6549138300,19809900
2024-05-13 10:30:00,2.6549138300,2.6941007500,2.6451171000,2.6745072900,25445600
2024-05-13 10:45:00,2.6745072900,2.7038974800,2.6647105600,2.6941007500,19161400
2024-05-13 11:00:00,2.6941007500,2.7038974800,2.6843040200,2.6843040200,10057100
2024-05-13 11:15:00,2.6843040200,2.6941007500,2.6745072900,2.6843040200,6215600
2024-05-13 11:30:00,2.6745072900,2.6941007500,2.6745072900,2.6843040200,5811700
2024-05-13 13:15:00,2.6843040200,2.6941007500,2.6647105600,2.6745072900,9820900
2024-05-13 13:30:00,2.6745072900,2.6843040200,2.6647105600,2.6745072900,6063300
2024-05-13 13:45:00,2.6745072900,2.6843040200,2.6647105600,2.6745072900,5652200
2024-05-13 14:00:00,2.6647105600,2.6941007500,2.6647105600,2.6843040200,9744100
2024-05-13 14:15:00,2.6843040200,2.7626778600,2.6745072900,2.7332876700,53562000
2024-05-13 14:30:00,2.7332876700,2.7430844000,2.7136942100,2.7332876700,15196600
2024-05-13 14:45:00,2.7332876700,2.7332876700,2.7136942100,2.7332876700,12051800
2024-05-13 15:00:00,2.7234909400,2.7430844000,2.7136942100,2.7332876700,22385400
2024-05-14 09:45:00,2.7430844000,2.7430844000,2.6647105600,2.6941007500,56182900
2024-05-14 10:00:00,2.6941007500,2.6941007500,2.6549138300,2.6549138300,31089100
2024-05-14 10:15:00,2.6549138300,2.6647105600,2.6353203700,2.6549138300,20322200
2024-05-14 10:30:00,2.6647105600,2.6745072900,2.6451171000,2.6647105600,13394900
2024-05-14 10:45:00,2.6647105600,2.6745072900,2.6353203700,2.6549138300,9313400
2024-05-14 11:00:00,2.6549138300,2.6647105600,2.6549138300,2.6549138300,4625000
2024-05-14 11:15:00,2.6549138300,2.6647105600,2.6451171000,2.6549138300,5229400
2024-05-14 11:30:00,2.6451171000,2.6549138300,2.6451171000,2.6549138300,4552600
2024-05-14 13:15:00,2.6549138300,2.6549138300,2.6451171000,2.6451171000,4584900
2024-05-14 13:30:00,2.6549138300,2.6549138300,2.6353203700,2.6451171000,11165100
2024-05-14 13:45:00,2.6549138300,2.6549138300,2.6353203700,2.6451171000,7158800
2024-05-14 14:00:00,2.6451171000,2.6549138300,2.6353203700,2.6549138300,6161200
2024-05-14 14:15:00,2.6549138300,2.6549138300,2.6353203700,2.6353203700,6320200
2024-05-14 14:30:00,2.6353203700,2.6549138300,2.6353203700,2.6549138300,5298600
2024-05-14 14:45:00,2.6451171000,2.6549138300,2.6451171000,2.6549138300,5500500
2024-05-14 15:00:00,2.6451171000,2.6647105600,2.6451171000,2.6451171000,14636200
2024-05-15 09:45:00,2.6451171000,2.6843040200,2.6255236400,2.6451171000,43264700
2024-05-15 10:00:00,2.6451171000,2.6549138300,2.6255236400,2.6549138300,13790200
2024-05-15 10:15:00,2.6549138300,2.6549138300,2.6255236400,2.6353203700,11117900
2024-05-15 10:30:00,2.6451171000,2.6843040200,2.6353203700,2.6647105600,19232000
2024-05-15 10:45:00,2.6647105600,2.6843040200,2.6549138300,2.6647105600,12407700
2024-05-15 11:00:00,2.6745072900,2.6843040200,2.6647105600,2.6647105600,5759300
2024-05-15 11:15:00,2.6745072900,2.6745072900,2.6549138300,2.6549138300,3783600
2024-05-15 11:30:00,2.6549138300,2.6647105600,2.6549138300,2.6647105600,2085300
2024-05-15 13:15:00,2.6647105600,2.6647105600,2.6549138300,2.6549138300,3109600
2024-05-15 13:30:00,2.6549138300,2.6647105600,2.6451171000,2.6451171000,2901700
2024-05-15 13:45:00,2.6549138300,2.6549138300,2.6451171000,2.6451171000,2371800
2024-05-15 14:00:00,2.6451171000,2.6549138300,2.6353203700,2.6353203700,4448300
2024-05-15 14:15:00,2.6353203700,2.6451171000,2.6255236400,2.6353203700,7218000
2024-05-15 14:30:00,2.6353203700,2.6549138300,2.6353203700,2.6451171000,5946800
2024-05-15 14:45:00,2.6451171000,2.6549138300,2.6353203700,2.6353203700,4569600
2024-05-15 15:00:00,2.6353203700,2.6549138300,2.6353203700,2.6549138300,10338700
2024-05-16 09:45:00,2.6549138300,2.6745072900,2.6451171000,2.6549138300,25041000
2024-05-16 10:00:00,2.6549138300,2.6549138300,2.6255236400,2.6353203700,14507900
2024-05-16 10:15:00,2.6353203700,2.6451171000,2.6059301800,2.6059301800,19609700
2024-05-16 10:30:00,2.6059301800,2.6157269100,2.5961334500,2.6157269100,12206700
2024-05-16 10:45:00,2.6157269100,2.6157269100,2.5961334500,2.5961334500,7603200
2024-05-16 11:00:00,2.6059301800,2.6059301800,2.5863367200,2.5863367200,12335100
2024-05-16 11:15:00,2.5863367200,2.5961334500,2.5765399900,2.5863367200,19336000
2024-05-16 11:30:00,2.5863367200,2.5961334500,2.5863367200,2.5961334500,2340400
2024-05-16 13:15:00,2.5961334500,2.6157269100,2.5863367200,2.6157269100,6612700
2024-05-16 13:30:00,2.6059301800,2.6157269100,2.5863367200,2.5961334500,4988800
2024-05-16 13:45:00,2.5961334500,2.6059301800,2.5961334500,2.5961334500,2929300
2024-05-16 14:00:00,2.5961334500,2.6059301800,2.5863367200,2.5863367200,5815000
2024-05-16 14:15:00,2.5863367200,2.5961334500,2.5863367200,2.5863367200,3505100
2024-05-16 14:30:00,2.5863367200,2.5961334500,2.5765399900,2.5765399900,5715200
2024-05-16 14:45:00,2.5765399900,2.5863367200,2.5667432600,2.5765399900,12116600
2024-05-16 15:00:00,2.5765399900,2.5765399900,2.5667432600,2.5765399900,10736500
2024-05-17 09:45:00,2.5667432600,2.5961334500,2.5667432600,2.5765399900,20762300
2024-05-17 10:00:00,2.5765399900,2.5961334500,2.5667432600,2.5961334500,12618800
2024-05-17 10:15:00,2.5961334500,2.5961334500,2.5667432600,2.5765399900,5804400
2024-05-17 10:30:00,2.5765399900,2.5765399900,2.5667432600,2.5765399900,5199300
2024-05-17 10:45:00,2.5765399900,2.5765399900,2.5569465300,2.5569465300,3928200
2024-05-17 11:00:00,2.5569465300,2.5667432600,2.5569465300,2.5667432600,5223800
2024-05-17 11:15:00,2.5667432600,2.5667432600,2.5471498000,2.5471498000,6071000
2024-05-17 11:30:00,2.5471498000,2.5569465300,2.5373530700,2.5373530700,3606800
2024-05-17 13:15:00,2.5373530700,2.5471498000,2.5373530700,2.5471498000,3945900
2024-05-17 13:30:00,2.5373530700,2.5471498000,2.5373530700,2.5373530700,5178700
2024-05-17 13:45:00,2.5373530700,2.5569465300,2.5373530700,2.5569465300,3386600
2024-05-17 14:00:00,2.5569465300,2.5667432600,2.5471498000,2.5667432600,3797700
2024-05-17 14:15:00,2.5569465300,2.5667432600,2.5471498000,2.5569465300,3503100
2024-05-17 14:30:00,2.5471498000,2.5569465300,2.5471498000,2.5569465300,3602800
2024-05-17 14:45:00,2.5471498000,2.5765399900,2.5471498000,2.5765399900,6667500
2024-05-17 15:00:00,2.5765399900,2.5863367200,2.5667432600,2.5863367200,10488800
2024-05-20 09:45:00,2.5863367200,2.6255236400,2.5667432600,2.6255236400,26902600
2024-05-20 10:00:00,2.6255236400,2.6255236400,2.6059301800,2.6059301800,10881800
2024-05-20 10:15:00,2.6157269100,2.6255236400,2.6059301800,2.6255236400,6247200
2024-05-20 10:30:00,2.6255236400,2.6353203700,2.6157269100,2.6353203700,7880300
2024-05-20 10:45:00,2.6353203700,2.6353203700,2.6157269100,2.6255236400,5189000
2024-05-20 11:00:00,2.6157269100,2.6353203700,2.6157269100,2.6353203700,5182400
2024-05-20 11:15:00,2.6353203700,2.6353203700,2.6255236400,2.6255236400,3166300
2024-05-20 11:30:00,2.6255236400,2.6353203700,2.6157269100,2.6255236400,4413900
2024-05-20 13:15:00,2.6255236400,2.6353203700,2.6255236400,2.6353203700,1741300
2024-05-20 13:30:00,2.6353203700,2.6353203700,2.6255236400,2.6255236400,2312400
2024-05-20 13:45:00,2.6255236400,2.6549138300,2.6255236400,2.6549138300,16232500
2024-05-20 14:00:00,2.6451171000,2.6549138300,2.6353203700,2.6451171000,5530700
2024-05-20 14:15:00,2.6451171000,2.6451171000,2.6353203700,2.6353203700,2088600
2024-05-20 14:30:00,2.6451171000,2.6451171000,2.6255236400,2.6255236400,6622100
2024-05-20 14:45:00,2.6353203700,2.6451171000,2.6255236400,2.6353203700,4893500
2024-05-20 15:00:00,2.6353203700,2.6451171000,2.6255236400,2.6353203700,7248300
2024-05-21 09:45:00,2.6255236400,2.6255236400,2.6059301800,2.6059301800,8516800
2024-05-21 10:00:00,2.6157269100,2.6353203700,2.6059301800,2.6059301800,8803200
2024-05-21 10:15:00,2.6059301800,2.6059301800,2.5961334500,2.6059301800,8704200
2024-05-21 10:30:00,2.6059301800,2.6157269100,2.5961334500,2.6059301800,5784800
2024-05-21 10:45:00,2.6059301800,2.6157269100,2.5961334500,2.6157269100,3317900
2024-05-21 11:00:00,2.6157269100,2.6157269100,2.5961334500,2.6059301800,3821900
2024-05-21 11:15:00,2.6059301800,2.6157269100,2.5961334500,2.6059301800,1947300
2024-05-21 11:30:00,2.6059301800,2.6157269100,2.6059301800,2.6157269100,1066000
2024-05-21 13:15:00,2.6059301800,2.6157269100,2.5961334500,2.6059301800,3505000
2024-05-21 13:30:00,2.6059301800,2.6059301800,2.5961334500,2.6059301800,2705000
2024-05-21 13:45:00,2.6059301800,2.6157269100,2.6059301800,2.6059301800,1565200
2024-05-21 14:00:00,2.6059301800,2.6157269100,2.5961334500,2.6059301800,3034200
2024-05-21 14:15:00,2.5961334500,2.6059301800,2.5961334500,2.5961334500,2280600
2024-05-21 14:30:00,2.5961334500,2.6059301800,2.5863367200,2.5961334500,3426600
2024-05-21 14:45:00,2.5961334500,2.6059301800,2.5863367200,2.5961334500,2270500
2024-05-21 15:00:00,2.5961334500,2.6157269100,2.5961334500,2.6059301800,6116000
2024-05-22 09:45:00,2.6059301800,2.6843040200,2.6059301800,2.6843040200,42126200
2024-05-22 10:00:00,2.6745072900,2.7038974800,2.6647105600,2.6843040200,28442300
2024-05-22 10:15:00,2.6843040200,2.6941007500,2.6647105600,2.6941007500,17609200
2024-05-22 10:30:00,2.6941007500,2.7136942100,2.6843040200,2.7038974800,17768700
2024-05-22 10:45:00,2.7038974800,2.7038974800,2.6843040200,2.6843040200,7656300
2024-05-22 11:00:00,2.6843040200,2.6941007500,2.6745072900,2.6843040200,3463300
2024-05-22 11:15:00,2.6843040200,2.6941007500,2.6843040200,2.6843040200,2566300
2024-05-22 11:30:00,2.6941007500,2.6941007500,2.6745072900,2.6843040200,3702000
2024-05-22 13:15:00,2.6745072900,2.6941007500,2.6745072900,2.6843040200,4675200
2024-05-22 13:30:00,2.6843040200,2.6843040200,2.6647105600,2.6745072900,5389300
2024-05-22 13:45:00,2.6647105600,2.6745072900,2.6647105600,2.6745072900,1325900
2024-05-22 14:00:00,2.6745072900,2.6745072900,2.6647105600,2.6647105600,1666500
2024-05-22 14:15:00,2.6647105600,2.6843040200,2.6647105600,2.6745072900,6086200
2024-05-22 14:30:00,2.6647105600,2.6745072900,2.6647105600,2.6745072900,1982200
2024-05-22 14:45:00,2.6745072900,2.6745072900,2.6549138300,2.6647105600,5011300
2024-05-22 15:00:00,2.6647105600,2.6745072900,2.6549138300,2.6745072900,8870000
2024-05-23 09:45:00,2.6745072900,2.6745072900,2.6255236400,2.6255236400,20773400
2024-05-23 10:00:00,2.6353203700,2.6451171000,2.6157269100,2.6255236400,9413500
2024-05-23 10:15:00,2.6255236400,2.6353203700,2.6059301800,2.6255236400,10265100
2024-05-23 10:30:00,2.6157269100,2.6353203700,2.6157269100,2.6255236400,3780300
2024-05-23 10:45:00,2.6255236400,2.6451171000,2.6255236400,2.6451171000,4311900
2024-05-23 11:00:00,2.6451171000,2.6549138300,2.6255236400,2.6353203700,5428200
2024-05-23 11:15:00,2.6255236400,2.6451171000,2.6255236400,2.6353203700,1995700
2024-05-23 11:30:00,2.6353203700,2.6353203700,2.6255236400,2.6353203700,1900400
2024-05-23 13:15:00,2.6353203700,2.6353203700,2.6157269100,2.6255236400,3031700
2024-05-23 13:30:00,2.6157269100,2.6255236400,2.6059301800,2.6059301800,4294100
2024-05-23 13:45:00,2.6157269100,2.6157269100,2.6059301800,2.6059301800,2841300
2024-05-23 14:00:00,2.6059301800,2.6157269100,2.5961334500,2.5961334500,4302100
2024-05-23 14:15:00,2.5961334500,2.6157269100,2.5961334500,2.6059301800,2754300
2024-05-23 14:30:00,2.6059301800,2.6157269100,2.5961334500,2.6059301800,3500400
2024-05-23 14:45:00,2.6059301800,2.6157269100,2.5961334500,2.6059301800,4436600
2024-05-23 15:00:00,2.6059301800,2.6157269100,2.5863367200,2.6059301800,8221900
2024-05-24 09:45:00,2.6157269100,2.6255236400,2.5863367200,2.6157269100,9803100
2024-05-24 10:00:00,2.6157269100,2.6353203700,2.6059301800,2.6157269100,7820500
2024-05-24 10:15:00,2.6059301800,2.6157269100,2.6059301800,2.6059301800,4257900
2024-05-24 10:30:00,2.6059301800,2.6157269100,2.6059301800,2.6059301800,2652700
2024-05-24 10:45:00,2.6059301800,2.6157269100,2.5961334500,2.6157269100,3544100
2024-05-24 11:00:00,2.6059301800,2.6451171000,2.6059301800,2.6255236400,8996600
2024-05-24 11:15:00,2.6255236400,2.6353203700,2.6255236400,2.6255236400,2314500
2024-05-24 11:30:00,2.6255236400,2.6353203700,2.6157269100,2.6255236400,2626800
2024-05-24 13:15:00,2.6255236400,2.6255236400,2.6059301800,2.6157269100,3457500
2024-05-24 13:30:00,2.6059301800,2.6157269100,2.6059301800,2.6157269100,1508300
2024-05-24 13:45:00,2.6157269100,2.6157269100,2.6059301800,2.6157269100,837000
2024-05-24 14:00:00,2.6059301800,2.6157269100,2.5961334500,2.5961334500,4478000
2024-05-24 14:15:00,2.6059301800,2.6157269100,2.5961334500,2.6157269100,2516400
2024-05-24 14:30:00,2.6157269100,2.6157269100,2.6059301800,2.6059301800,1820700
2024-05-24 14:45:00,2.6157269100,2.6157269100,2.5961334500,2.5961334500,3026400
2024-05-24 15:00:00,2.5961334500,2.6059301800,2.5863367200,2.6059301800,6978300
2024-05-27 09:45:00,2.6059301800,2.6647105600,2.6059301800,2.6549138300,33776000
2024-05-27 10:00:00,2.6647105600,2.7038974800,2.6549138300,2.7038974800,28910500
2024-05-27 10:15:00,2.6941007500,2.7038974800,2.6745072900,2.6843040200,17340100
2024-05-27 10:30:00,2.6843040200,2.6843040200,2.6647105600,2.6647105600,6212900
2024-05-27 10:45:00,2.6647105600,2.6843040200,2.6647105600,2.6843040200,8388700
2024-05-27 11:00:00,2.6843040200,2.6843040200,2.6647105600,2.6745072900,4282700
2024-05-27 11:15:00,2.6745072900,2.6843040200,2.6745072900,2.6843040200,2371300
2024-05-27 11:30:00,2.6843040200,2.6843040200,2.6745072900,2.6843040200,4188400
2024-05-27 13:15:00,2.6843040200,2.6843040200,2.6647105600,2.6647105600,3906700
2024-05-27 13:30:00,2.6647105600,2.6745072900,2.6549138300,2.6647105600,3322400
2024-05-27 13:45:00,2.6647105600,2.6745072900,2.6549138300,2.6647105600,3437600
2024-05-27 14:00:00,2.6647105600,2.6745072900,2.6647105600,2.6647105600,2067600
2024-05-27 14:15:00,2.6745072900,2.6843040200,2.6647105600,2.6843040200,5927000
2024-05-27 14:30:00,2.6843040200,2.6843040200,2.6745072900,2.6745072900,2200000
2024-05-27 14:45:00,2.6843040200,2.6941007500,2.6745072900,2.6843040200,6887600
2024-05-27 15:00:00,2.6843040200,2.6941007500,2.6745072900,2.6941007500,8987100
2024-05-28 09:45:00,2.6745072900,2.6941007500,2.6549138300,2.6647105600,19126000
2024-05-28 10:00:00,2.6647105600,2.6843040200,2.6549138300,2.6549138300,8735400
2024-05-28 10:15:00,2.6549138300,2.6843040200,2.6549138300,2.6745072900,7903700
2024-05-28 10:30:00,2.6745072900,2.6941007500,2.6647105600,2.6745072900,8888200
2024-05-28 10:45:00,2.6745072900,2.7038974800,2.6745072900,2.7038974800,10002200
2024-05-28 11:00:00,2.6941007500,2.7038974800,2.6745072900,2.6843040200,5605100
2024-05-28 11:15:00,2.6941007500,2.6941007500,2.6745072900,2.6745072900,2406600
2024-05-28 11:30:00,2.6843040200,2.6941007500,2.6745072900,2.6843040200,3497600
2024-05-28 13:15:00,2.6941007500,2.7234909400,2.6843040200,2.7136942100,13995200
2024-05-28 13:30:00,2.7136942100,2.7430844000,2.7038974800,2.7136942100,15812800
2024-05-28 13:45:00,2.7136942100,2.7136942100,2.6843040200,2.6941007500,6047000
2024-05-28 14:00:00,2.6843040200,2.6941007500,2.6745072900,2.6745072900,5131500
2024-05-28 14:15:00,2.6745072900,2.6843040200,2.6647105600,2.6843040200,4753800
2024-05-28 14:30:00,2.6745072900,2.6843040200,2.6745072900,2.6745072900,1987800
2024-05-28 14:45:00,2.6745072900,2.6843040200,2.6745072900,2.6843040200,2713300
2024-05-28 15:00:00,2.6843040200,2.6941007500,2.6745072900,2.6941007500,7566100
2024-05-29 09:45:00,2.6647105600,2.6745072900,2.6255236400,2.6549138300,30625000
2024-05-29 10:00:00,2.6451171000,2.6647105600,2.6353203700,2.6451171000,7384400
2024-05-29 10:15:00,2.6353203700,2.6549138300,2.6353203700,2.6451171000,6772400
2024-05-29 10:30:00,2.6353203700,2.6549138300,2.6353203700,2.6549138300,5312100
2024-05-29 10:45:00,2.6549138300,2.6549138300,2.6353203700,2.6451171000,5667700
2024-05-29 11:00:00,2.6353203700,2.6549138300,2.6353203700,2.6353203700,2465200
2024-05-29 11:15:00,2.6353203700,2.6451171000,2.6353203700,2.6353203700,1801800
2024-05-29 11:30:00,2.6353203700,2.6451171000,2.6353203700,2.6451171000,1391100
2024-05-29 13:15:00,2.6353203700,2.6451171000,2.6353203700,2.6353203700,2611500
2024-05-29 13:30:00,2.6353203700,2.6451171000,2.6255236400,2.6451171000,6177000
2024-05-29 13:45:00,2.6451171000,2.6549138300,2.6353203700,2.6353203700,2980200
2024-05-29 14:00:00,2.6353203700,2.6451171000,2.6353203700,2.6353203700,1582300
2024-05-29 14:15:00,2.6353203700,2.6451171000,2.6255236400,2.6255236400,3975300
2024-05-29 14:30:00,2.6353203700,2.6451171000,2.6255236400,2.6451171000,4060300
2024-05-29 14:45:00,2.6451171000,2.6451171000,2.6353203700,2.6451171000,2093300
2024-05-29 15:00:00,2.6451171000,2.6451171000,2.6353203700,2.6451171000,4157000
2024-05-30 09:45:00,2.6353203700,2.6549138300,2.6059301800,2.6255236400,14959100
2024-05-30 10:00:00,2.6157269100,2.6255236400,2.6157269100,2.6255236400,5169800
2024-05-30 10:15:00,2.6255236400,2.6255236400,2.6157269100,2.6157269100,2890600
2024-05-30 10:30:00,2.6255236400,2.6353203700,2.6157269100,2.6255236400,4484100
2024-05-30 10:45:00,2.6157269100,2.6255236400,2.6059301800,2.6059301800,5496700
2024-05-30 11:00:00,2.6059301800,2.6157269100,2.5961334500,2.6059301800,5476600
2024-05-30 11:15:00,2.5961334500,2.6157269100,2.5961334500,2.6059301800,3982000
2024-05-30 11:30:00,2.6059301800,2.6157269100,2.5961334500,2.6059301800,3908400
2024-05-30 13:15:00,2.6059301800,2.6157269100,2.5961334500,2.6059301800,5750800
2024-05-30 13:30:00,2.6059301800,2.6157269100,2.5961334500,2.6157269100,2738700
2024-05-30 13:45:00,2.6157269100,2.6255236400,2.6059301800,2.6157269100,5332200
2024-05-30 14:00:00,2.6157269100,2.6255236400,2.6059301800,2.6157269100,2526600
2024-05-30 14:15:00,2.6157269100,2.6255236400,2.6059301800,2.6157269100,2447000
2024-05-30 14:30:00,2.6157269100,2.6255236400,2.6059301800,2.6255236400,2481500
2024-05-30 14:45:00,2.6255236400,2.6255236400,2.6059301800,2.6059301800,2233700
2024-05-30 15:00:00,2.6157269100,2.6157269100,2.6059301800,2.6157269100,4171200
2024-05-31 09:45:00,2.6157269100,2.6451171000,2.6059301800,2.6353203700,10919700
2024-05-31 10:00:00,2.6255236400,2.6353203700,2.6059301800,2.6255236400,6313700
2024-05-31 10:15:00,2.6255236400,2.6353203700,2.6157269100,2.6353203700,4362700
2024-05-31 10:30:00,2.6255236400,2.6353203700,2.6157269100,2.6255236400,2994000
2024-05-31 10:45:00,2.6157269100,2.6255236400,2.6059301800,2.6157269100,3753400
2024-05-31 11:00:00,2.6059301800,2.6157269100,2.6059301800,2.6059301800,2716300
2024-05-31 11:15:00,2.6059301800,2.6157269100,2.5961334500,2.5961334500,6408500
2024-05-31 11:30:00,2.5961334500,2.6157269100,2.5863367200,2.6157269100,5421700
2024-05-31 13:15:00,2.6157269100,2.6255236400,2.6059301800,2.6059301800,4046200
2024-05-31 13:30:00,2.6059301800,2.6157269100,2.6059301800,2.6059301800,1204300
2024-05-31 13:45:00,2.6157269100,2.6255236400,2.6059301800,2.6255236400,2526000
2024-05-31 14:00:00,2.6157269100,2.6255236400,2.6157269100,2.6157269100,1329600
2024-05-31 14:15:00,2.6157269100,2.6255236400,2.6059301800,2.6157269100,3065200
2024-05-31 14:30:00,2.6157269100,2.6157269100,2.5961334500,2.6059301800,4296200
2024-05-31 14:45:00,2.6059301800,2.6157269100,2.6059301800,2.6059301800,2250800
2024-05-31 15:00:00,2.6059301800,2.6255236400,2.6059301800,2.6059301800,9506600
2024-06-03 09:45:00,2.6157269100,2.6549138300,2.6157269100,2.6451171000,30288500
2024-06-03 10:00:00,2.6451171000,2.6451171000,2.6157269100,2.6353203700,9392200
2024-06-03 10:15:00,2.6353203700,2.6451171000,2.6255236400,2.6451171000,5174500
2024-06-03 10:30:00,2.6353203700,2.6647105600,2.6353203700,2.6549138300,13231500
2024-06-03 10:45:00,2.6549138300,2.6647105600,2.6353203700,2.6451171000,8301400
2024-06-03 11:00:00,2.6451171000,2.6451171000,2.6255236400,2.6255236400,4285400
2024-06-03 11:15:00,2.6255236400,2.6353203700,2.6157269100,2.6157269100,6667400
2024-06-03 11:30:00,2.6157269100,2.6255236400,2.6059301800,2.6157269100,3540400
2024-06-03 13:15:00,2.6157269100,2.6255236400,2.6059301800,2.6255236400,4042700
2024-06-03 13:30:00,2.6255236400,2.6353203700,2.6059301800,2.6353203700,5026000
2024-06-03 13:45:00,2.6353203700,2.6353203700,2.6255236400,2.6255236400,1803300
2024-06-03 14:00:00,2.6255236400,2.6353203700,2.6255236400,2.6255236400,1554500
2024-06-03 14:15:00,2.6255236400,2.6353203700,2.6157269100,2.6255236400,2996400
2024-06-03 14:30:00,2.6255236400,2.6255236400,2.6059301800,2.6255236400,4924700
2024-06-03 14:45:00,2.6255236400,2.6255236400,2.6157269100,2.6157269100,2035200
2024-06-03 15:00:00,2.6157269100,2.6255236400,2.6157269100,2.6255236400,4814100
2024-06-04 09:45:00,2.6059301800,2.6157269100,2.5569465300,2.5961334500,29943300
2024-06-04 10:00:00,2.5863367200,2.6059301800,2.5863367200,2.5961334500,10159900
2024-06-04 10:15:00,2.6059301800,2.6255236400,2.6059301800,2.6157269100,7019500
2024-06-04 10:30:00,2.6157269100,2.6255236400,2.5961334500,2.6157269100,5878000
2024-06-04 10:45:00,2.6059301800,2.6157269100,2.6059301800,2.6059301800,1885000
2024-06-04 11:00:00,2.6157269100,2.6549138300,2.6059301800,2.6451171000,10536800
2024-06-04 11:15:00,2.6549138300,2.6549138300,2.6353203700,2.6451171000,3569600
2024-06-04 11:30:00,2.6451171000,2.6451171000,2.6255236400,2.6353203700,4073300
2024-06-04 13:15:00,2.6451171000,2.6451171000,2.6353203700,2.6451171000,2096600
2024-06-04 13:30:00,2.6451171000,2.6451171000,2.6353203700,2.6353203700,1153800
2024-06-04 13:45:00,2.6353203700,2.6647105600,2.6353203700,2.6549138300,8728300
2024-06-04 14:00:00,2.6549138300,2.6647105600,2.6451171000,2.6549138300,6602200
2024-06-04 14:15:00,2.6549138300,2.6941007500,2.6549138300,2.6843040200,13826000
2024-06-04 14:30:00,2.6941007500,2.6941007500,2.6745072900,2.6745072900,5936500
2024-06-04 14:45:00,2.6745072900,2.6941007500,2.6745072900,2.6941007500,7201000
2024-06-04 15:00:00,2.6941007500,2.6941007500,2.6745072900,2.6941007500,11766000
2024-06-05 09:45:00,2.6843040200,2.6843040200,2.6647105600,2.6843040200,13987600
2024-06-05 10:00:00,2.6843040200,2.6843040200,2.6549138300,2.6843040200,15203800
2024-06-05 10:15:00,2.6843040200,2.6843040200,2.6647105600,2.6745072900,5154300
2024-06-05 10:30:00,2.6745072900,2.6843040200,2.6647105600,2.6745072900,3756100
2024-06-05 10:45:00,2.6745072900,2.7038974800,2.6745072900,2.6843040200,7793500
2024-06-05 11:00:00,2.6843040200,2.6941007500,2.6745072900,2.6843040200,2687100
2024-06-05 11:15:00,2.6745072900,2.6941007500,2.6745072900,2.6843040200,3225200
2024-06-05 11:30:00,2.6843040200,2.6843040200,2.6745072900,2.6843040200,1260000
2024-06-05 13:15:00,2.6745072900,2.6745072900,2.6647105600,2.6647105600,3604000
2024-06-05 13:30:00,2.6745072900,2.6745072900,2.6647105600,2.6647105600,3245000
2024-06-05 13:45:00,2.6647105600,2.6745072900,2.6549138300,2.6549138300,2615800
2024-06-05 14:00:00,2.6549138300,2.6647105600,2.6549138300,2.6647105600,1241400
2024-06-05 14:15:00,2.6647105600,2.6745072900,2.6549138300,2.6647105600,3127700
2024-06-05 14:30:00,2.6647105600,2.6647105600,2.6549138300,2.6647105600,1373500
2024-06-05 14:45:00,2.6549138300,2.6647105600,2.6451171000,2.6549138300,4723300
2024-06-05 15:00:00,2.6451171000,2.6647105600,2.6353203700,2.6647105600,8588400
2024-06-06 09:45:00,2.6745072900,2.7332876700,2.6745072900,2.7038974800,38718500
2024-06-06 10:00:00,2.7038974800,2.7234909400,2.7038974800,2.7038974800,14890500
2024-06-06 10:15:00,2.7038974800,2.7234909400,2.6941007500,2.7234909400,14525400
2024-06-06 10:30:00,2.7234909400,2.7234909400,2.7038974800,2.7136942100,9852200
2024-06-06 10:45:00,2.7136942100,2.7528811300,2.7038974800,2.7430844000,27118400
2024-06-06 11:00:00,2.7430844000,2.7430844000,2.7234909400,2.7332876700,11765800
2024-06-06 11:15:00,2.7332876700,2.7430844000,2.7234909400,2.7332876700,5023200
2024-06-06 11:30:00,2.7332876700,2.7430844000,2.6941007500,2.7038974800,8875500
2024-06-06 13:15:00,2.7038974800,2.7038974800,2.6843040200,2.6843040200,7336000
2024-06-06 13:30:00,2.6843040200,2.6941007500,2.6745072900,2.6941007500,6308800
2024-06-06 13:45:00,2.6843040200,2.6941007500,2.6647105600,2.6745072900,5999400
2024-06-06 14:00:00,2.6745072900,2.6843040200,2.6647105600,2.6745072900,4268100
2024-06-06 14:15:00,2.6745072900,2.6843040200,2.6647105600,2.6843040200,4063100
2024-06-06 14:30:00,2.6745072900,2.6843040200,2.6549138300,2.6549138300,6263900
2024-06-06 14:45:00,2.6549138300,2.6647105600,2.6549138300,2.6549138300,4291000
2024-06-06 15:00:00,2.6549138300,2.6647105600,2.6549138300,2.6549138300,5713100
2024-06-07 09:45:00,2.6353203700,2.6843040200,2.6157269100,2.6843040200,29491800
2024-06-07 10:00:00,2.6843040200,2.7136942100,2.6745072900,2.7136942100,18596200
2024-06-07 10:15:00,2.7136942100,2.7234909400,2.6843040200,2.6941007500,13988000
2024-06-07 10:30:00,2.6941007500,2.7038974800,2.6843040200,2.6941007500,5827500
2024-06-07 10:45:00,2.6941007500,2.7038974800,2.6745072900,2.6745072900,4499600
2024-06-07 11:00:00,2.6745072900,2.7038974800,2.6745072900,2.6941007500,4073800
2024-06-07 11:15:00,2.7038974800,2.7038974800,2.6843040200,2.6941007500,4052000
2024-06-07 11:30:00,2.6941007500,2.6941007500,2.6745072900,2.6843040200,2741800
2024-06-07 13:15:00,2.6843040200,2.7038974800,2.6843040200,2.6941007500,4450700
2024-06-07 13:30:00,2.6843040200,2.6941007500,2.6843040200,2.6941007500,1539000
2024-06-07 13:45:00,2.6843040200,2.6941007500,2.6745072900,2.6843040200,4731700
2024-06-07 14:00:00,2.6843040200,2.7234909400,2.6745072900,2.7136942100,17476500
2024-06-07 14:15:00,2.7136942100,2.7234909400,2.7136942100,2.7136942100,4021400
2024-06-07 14:30:00,2.7136942100,2.7234909400,2.7038974800,2.7234909400,8587100
2024-06-07 14:45:00,2.7234909400,2.7234909400,2.7136942100,2.7136942100,4110900
2024-06-07 15:00:00,2.7136942100,2.7332876700,2.7136942100,2.7332876700,14714500
2024-06-11 09:45:00,2.7332876700,2.7920680500,2.6745072900,2.6745072900,48406300
2024-06-11 10:00:00,2.6745072900,2.6843040200,2.6157269100,2.6255236400,32553500
2024-06-11 10:15:00,2.6255236400,2.6353203700,2.5765399900,2.5863367200,27381900
2024-06-11 10:30:00,2.5863367200,2.6255236400,2.5863367200,2.6255236400,7106800
2024-06-11 10:45:00,2.6255236400,2.6255236400,2.5863367200,2.5863367200,6547200
2024-06-11 11:00:00,2.5863367200,2.6157269100,2.5863367200,2.6157269100,6581300
2024-06-11 11:15:00,2.6157269100,2.6157269100,2.5765399900,2.5765399900,9267200
2024-06-11 11:30:00,2.5765399900,2.5863367200,2.5569465300,2.5667432600,8388400
2024-06-11 13:15:00,2.5765399900,2.5765399900,2.5275563400,2.5373530700,10527700
2024-06-11 13:30:00,2.5373530700,2.5471498000,2.5373530700,2.5373530700,3866400
2024-06-11 13:45:00,2.5471498000,2.5471498000,2.5275563400,2.5373530700,5128000
2024-06-11 14:00:00,2.5471498000,2.5569465300,2.5373530700,2.5569465300,4442500
2024-06-11 14:15:00,2.5471498000,2.5667432600,2.5373530700,2.5667432600,7646800
2024-06-11 14:30:00,2.5667432600,2.6157269100,2.5667432600,2.5961334500,10388500
2024-06-11 14:45:00,2.6059301800,2.6059301800,2.5863367200,2.5863367200,4960300
2024-06-11 15:00:00,2.5863367200,2.6059301800,2.5863367200,2.5863367200,7298500
2024-06-12 09:45:00,2.5863367200,2.6157269100,2.5667432600,2.5961334500,30191300
2024-06-12 10:00:00,2.5863367200,2.5961334500,2.5765399900,2.5863367200,4705000
2024-06-12 10:15:00,2.5863367200,2.5863367200,2.5569465300,2.5667432600,8863000
2024-06-12 10:30:00,2.5667432600,2.5765399900,2.5569465300,2.5667432600,3134600
2024-06-12 10:45:00,2.5667432600,2.5765399900,2.5373530700,2.5569465300,12364900
2024-06-12 11:00:00,2.5569465300,2.5569465300,2.5471498000,2.5471498000,2293900
2024-06-12 11:15:00,2.5471498000,2.5569465300,2.5471498000,2.5471498000,2631700
2024-06-12 11:30:00,2.5471498000,2.5667432600,2.5471498000,2.5569465300,2127500
2024-06-12 13:15:00,2.5667432600,2.5667432600,2.5471498000,2.5569465300,8568500
2024-06-12 13:30:00,2.5569465300,2.5765399900,2.5471498000,2.5569465300,6766800
2024-06-12 13:45:00,2.5569465300,2.5765399900,2.5569465300,2.5667432600,2926700
2024-06-12 14:00:00,2.5667432600,2.5961334500,2.5667432600,2.5961334500,6578400
2024-06-12 14:15:00,2.5863367200,2.5961334500,2.5765399900,2.5961334500,3264900
2024-06-12 14:30:00,2.5863367200,2.6353203700,2.5863367200,2.6157269100,16631100
2024-06-12 14:45:00,2.6157269100,2.6255236400,2.6059301800,2.6157269100,6827900
2024-06-12 15:00:00,2.6157269100,2.6255236400,2.6157269100,2.6157269100,5227200
2024-06-13 09:45:00,2.6059301800,2.6353203700,2.6059301800,2.6059301800,16262400
2024-06-13 10:00:00,2.6059301800,2.6157269100,2.6059301800,2.6157269100,4144800
2024-06-13 10:15:00,2.6059301800,2.6157269100,2.5863367200,2.5961334500,5003300
2024-06-13 10:30:00,2.5961334500,2.5961334500,2.5667432600,2.5667432600,6706200
2024-06-13 10:45:00,2.5667432600,2.5765399900,2.5569465300,2.5569465300,4942600
2024-06-13 11:00:00,2.5667432600,2.5667432600,2.5471498000,2.5569465300,5633400
2024-06-13 11:15:00,2.5569465300,2.5765399900,2.5471498000,2.5765399900,2193700
2024-06-13 11:30:00,2.5765399900,2.5765399900,2.5569465300,2.5667432600,2986900
2024-06-13 13:15:00,2.5569465300,2.5667432600,2.5471498000,2.5667432600,4717500
2024-06-13 13:30:00,2.5667432600,2.5667432600,2.5471498000,2.5471498000,1987500
2024-06-13 13:45:00,2.5569465300,2.5569465300,2.5373530700,2.5373530700,6626700
2024-06-13 14:00:00,2.5373530700,2.5569465300,2.5373530700,2.5569465300,3412500
2024-06-13 14:15:00,2.5569465300,2.5569465300,2.5373530700,2.5471498000,5424300
2024-06-13 14:30:00,2.5471498000,2.5471498000,2.5373530700,2.5373530700,1756100
2024-06-13 14:45:00,2.5471498000,2.5667432600,2.5373530700,2.5471498000,5142800
2024-06-13 15:00:00,2.5471498000,2.5569465300,2.5471498000,2.5471498000,4493800
2024-06-14 09:45:00,2.5569465300,2.5863367200,2.5569465300,2.5667432600,11756100
2024-06-14 10:00:00,2.5667432600,2.5765399900,2.5569465300,2.5765399900,3782800
2024-06-14 10:15:00,2.5765399900,2.5863367200,2.5667432600,2.5667432600,4941200
2024-06-14 10:30:00,2.5667432600,2.5765399900,2.5471498000,2.5569465300,4438400
2024-06-14 10:45:00,2.5569465300,2.5569465300,2.5373530700,2.5471498000,6562200
2024-06-14 11:00:00,2.5471498000,2.5471498000,2.5373530700,2.5373530700,1315900
2024-06-14 11:15:00,2.5373530700,2.5569465300,2.5275563400,2.5471498000,7150400
2024-06-14 11:30:00,2.5471498000,2.5569465300,2.5373530700,2.5569465300,2541000
2024-06-14 13:15:00,2.5471498000,2.5569465300,2.5373530700,2.5471498000,2554600
2024-06-14 13:30:00,2.5471498000,2.5569465300,2.5373530700,2.5569465300,2661100
2024-06-14 13:45:00,2.5569465300,2.5569465300,2.5471498000,2.5471498000,2400800
2024-06-14 14:00:00,2.5569465300,2.5569465300,2.5471498000,2.5569465300,2067800
2024-06-14 14:15:00,2.5569465300,2.5569465300,2.5471498000,2.5471498000,1623800
2024-06-14 14:30:00,2.5471498000,2.5569465300,2.5373530700,2.5471498000,3667000
2024-06-14 14:45:00,2.5471498000,2.5569465300,2.5373530700,2.5569465300,2857100
2024-06-14 15:00:00,2.5569465300,2.5569465300,2.5471498000,2.5471498000,5645900
2024-06-17 09:45:00,2.5373530700,2.5373530700,2.4785726900,2.5079628800,16867700
2024-06-17 10:00:00,2.5079628800,2.5275563400,2.5079628800,2.5177596100,4630200
2024-06-17 10:15:00,2.5177596100,2.5177596100,2.4981661500,2.5177596100,4246300
2024-06-17 10:30:00,2.5079628800,2.5177596100,2.4981661500,2.5177596100,3999900
2024-06-17 10:45:00,2.5079628800,2.5177596100,2.4981661500,2.4981661500,1856700
2024-06-17 11:00:00,2.4981661500,2.5079628800,2.4981661500,2.4981661500,1676700
2024-06-17 11:15:00,2.4981661500,2.5079628800,2.4883694200,2.5079628800,4368400
2024-06-17 11:30:00,2.5079628800,2.5079628800,2.4981661500,2.5079628800,1233400
2024-06-17 13:15:00,2.4981661500,2.5079628800,2.4883694200,2.4981661500,2525700
2024-06-17 13:30:00,2.4981661500,2.5079628800,2.4883694200,2.4981661500,1444800
2024-06-17 13:45:00,2.4981661500,2.5079628800,2.4981661500,2.5079628800,2238700
2024-06-17 14:00:00,2.4981661500,2.5079628800,2.4883694200,2.5079628800,2536800
2024-06-17 14:15:00,2.5079628800,2.5079628800,2.4981661500,2.4981661500,1698700
2024-06-17 14:30:00,2.5079628800,2.5079628800,2.4981661500,2.4981661500,1086000
2024-06-17 14:45:00,2.4981661500,2.5079628800,2.4981661500,2.4981661500,1993500
2024-06-17 15:00:00,2.4981661500,2.5079628800,2.4981661500,2.5079628800,4237700
2024-06-18 09:45:00,2.5177596100,2.5373530700,2.5177596100,2.5177596100,11672000
2024-06-18 10:00:00,2.5177596100,2.5275563400,2.4981661500,2.5079628800,5693400
2024-06-18 10:15:00,2.5079628800,2.5373530700,2.5079628800,2.5373530700,5390100
2024-06-18 10:30:00,2.5373530700,2.5569465300,2.5373530700,2.5569465300,9340600
2024-06-18 10:45:00,2.5569465300,2.5765399900,2.5471498000,2.5667432600,6487200
2024-06-18 11:00:00,2.5765399900,2.5765399900,2.5667432600,2.5667432600,2937300
2024-06-18 11:15:00,2.5667432600,2.5667432600,2.5569465300,2.5569465300,4130200
2024-06-18 11:30:00,2.5569465300,2.5667432600,2.5471498000,2.5667432600,2106900
2024-06-18 13:15:00,2.5569465300,2.5667432600,2.5471498000,2.5667432600,2249000
2024-06-18 13:30:00,2.5667432600,2.5667432600,2.5569465300,2.5667432600,1350000
2024-06-18 13:45:00,2.5569465300,2.5667432600,2.5569465300,2.5569465300,2116800
2024-06-18 14:00:00,2.5569465300,2.5667432600,2.5471498000,2.5569465300,3400100
2024-06-18 14:15:00,2.5569465300,2.5667432600,2.5471498000,2.5569465300,2358400
2024-06-18 14:30:00,2.5569465300,2.5569465300,2.5471498000,2.5471498000,1524400
2024-06-18 14:45:00,2.5569465300,2.5667432600,2.5471498000,2.5569465300,2909400
2024-06-18 15:00:00,2.5569465300,2.5667432600,2.5569465300,2.5667432600,3936000
2024-06-19 09:45:00,2.5667432600,2.5667432600,2.5373530700,2.5569465300,9738400
2024-06-19 10:00:00,2.5471498000,2.5667432600,2.5471498000,2.5569465300,3165900
2024-06-19 10:15:00,2.5471498000,2.5569465300,2.5373530700,2.5373530700,4746900
2024-06-19 10:30:00,2.5373530700,2.5569465300,2.5373530700,2.5471498000,2360400
2024-06-19 10:45:00,2.5471498000,2.5569465300,2.5373530700,2.5471498000,3093200
2024-06-19 11:00:00,2.5471498000,2.5569465300,2.5373530700,2.5471498000,1819400
2024-06-19 11:15:00,2.5373530700,2.5569465300,2.5373530700,2.5373530700,1322900
2024-06-19 11:30:00,2.5373530700,2.5471498000,2.5275563400,2.5275563400,2754500
2024-06-19 13:15:00,2.5275563400,2.5373530700,2.5275563400,2.5275563400,1245100
2024-06-19 13:30:00,2.5275563400,2.5373530700,2.5177596100,2.5373530700,4290000
2024-06-19 13:45:00,2.5373530700,2.5373530700,2.5275563400,2.5373530700,606400
2024-06-19 14:00:00,2.5373530700,2.5471498000,2.5275563400,2.5373530700,2056500
2024-06-19 14:15:00,2.5373530700,2.5471498000,2.5275563400,2.5373530700,2478600
2024-06-19 14:30:00,2.5373530700,2.5471498000,2.5275563400,2.5275563400,2396300
2024-06-19 14:45:00,2.5373530700,2.5471498000,2.5275563400,2.5471498000,3531400
2024-06-19 15:00:00,2.5471498000,2.5471498000,2.5275563400,2.5373530700,3866600
2024-06-20 09:45:00,2.5373530700,2.5765399900,2.5373530700,2.5569465300,8415600
2024-06-20 10:00:00,2.5569465300,2.5765399900,2.5471498000,2.5667432600,9356500
2024-06-20 10:15:00,2.5569465300,2.5667432600,2.5471498000,2.5471498000,4436000
2024-06-20 10:30:00,2.5569465300,2.5667432600,2.5471498000,2.5471498000,2702500
2024-06-20 10:45:00,2.5471498000,2.5569465300,2.5275563400,2.5373530700,4930000
2024-06-20 11:00:00,2.5373530700,2.5373530700,2.5177596100,2.5275563400,3041500
2024-06-20 11:15:00,2.5275563400,2.5275563400,2.5177596100,2.5275563400,2053400
2024-06-20 11:30:00,2.5177596100,2.5275563400,2.5079628800,2.5177596100,1466300
2024-06-20 13:15:00,2.5177596100,2.5275563400,2.5079628800,2.5177596100,8069100
2024-06-20 13:30:00,2.5177596100,2.5177596100,2.5079628800,2.5079628800,698500
2024-06-20 13:45:00,2.5177596100,2.5275563400,2.5079628800,2.5079628800,2969700
2024-06-20 14:00:00,2.5079628800,2.5275563400,2.5079628800,2.5275563400,1621700
2024-06-20 14:15:00,2.5275563400,2.5373530700,2.5177596100,2.5275563400,2383100
2024-06-20 14:30:00,2.5275563400,2.5275563400,2.5079628800,2.5079628800,1897200
2024-06-20 14:45:00,2.5079628800,2.5275563400,2.5079628800,2.5275563400,2127000
2024-06-20 15:00:00,2.5275563400,2.5275563400,2.5177596100,2.5177596100,2772600
2024-06-21 09:45:00,2.5177596100,2.5275563400,2.4981661500,2.5275563400,7711600
2024-06-21 10:00:00,2.5177596100,2.5275563400,2.5079628800,2.5275563400,3607500
2024-06-21 10:15:00,2.5275563400,2.5471498000,2.5177596100,2.5373530700,5808800
2024-06-21 10:30:00,2.5373530700,2.5373530700,2.5275563400,2.5373530700,2509400
2024-06-21 10:45:00,2.5373530700,2.5373530700,2.5079628800,2.5177596100,2309300
2024-06-21 11:00:00,2.5177596100,2.5275563400,2.5079628800,2.5275563400,984100
2024-06-21 11:15:00,2.5275563400,2.5275563400,2.5177596100,2.5275563400,936100
2024-06-21 11:30:00,2.5275563400,2.5373530700,2.5177596100,2.5373530700,1895200
2024-06-21 13:15:00,2.5275563400,2.5275563400,2.5079628800,2.5079628800,2873200
2024-06-21 13:30:00,2.5079628800,2.5275563400,2.5079628800,2.5177596100,2300200
2024-06-21 13:45:00,2.5275563400,2.5275563400,2.5177596100,2.5275563400,868100
2024-06-21 14:00:00,2.5275563400,2.5275563400,2.5079628800,2.5177596100,2062500
2024-06-21 14:15:00,2.5177596100,2.5275563400,2.5079628800,2.5177596100,1689400
2024-06-21 14:30:00,2.5177596100,2.5275563400,2.5079628800,2.5177596100,1941300
2024-06-21 14:45:00,2.5275563400,2.5275563400,2.5079628800,2.5079628800,1366900
2024-06-21 15:00:00,2.5079628800,2.5275563400,2.5079628800,2.5177596100,9247200
2024-06-24 09:45:00,2.5177596100,2.5177596100,2.4883694200,2.5079628800,8945600
2024-06-24 10:00:00,2.5079628800,2.5177596100,2.4785726900,2.4883694200,4947200
2024-06-24 10:15:00,2.4883694200,2.4883694200,2.4687759600,2.4883694200,4962000
2024-06-24 10:30:00,2.4883694200,2.4883694200,2.4687759600,2.4785726900,4175100
2024-06-24 10:45:00,2.4785726900,2.4883694200,2.4589792300,2.4687759600,3083800
2024-06-24 11:00:00,2.4589792300,2.4785726900,2.4491825000,2.4687759600,4213800
2024-06-24 11:15:00,2.4687759600,2.4785726900,2.4687759600,2.4785726900,1171800
2024-06-24 11:30:00,2.4687759600,2.4883694200,2.4687759600,2.4785726900,2307400
2024-06-24 13:15:00,2.4883694200,2.4981661500,2.4785726900,2.4883694200,2720000
2024-06-24 13:30:00,2.4883694200,2.4981661500,2.4785726900,2.4883694200,1839800
2024-06-24 13:45:00,2.4785726900,2.4883694200,2.4785726900,2.4883694200,624800
2024-06-24 14:00:00,2.4883694200,2.4883694200,2.4785726900,2.4883694200,679000
2024-06-24 14:15:00,2.4883694200,2.4883694200,2.4785726900,2.4883694200,1161400
2024-06-24 14:30:00,2.4883694200,2.4883694200,2.4687759600,2.4687759600,2456900
2024-06-24 14:45:00,2.4785726900,2.4785726900,2.4589792300,2.4785726900,6112700
2024-06-24 15:00:00,2.4687759600,2.4687759600,2.4589792300,2.4687759600,4391900
2024-06-25 09:45:00,2.4589792300,2.4883694200,2.4589792300,2.4883694200,8647000
2024-06-25 10:00:00,2.4883694200,2.5079628800,2.4785726900,2.5079628800,8928400
2024-06-25 10:15:00,2.5079628800,2.5079628800,2.4883694200,2.4981661500,3390400
2024-06-25 10:30:00,2.4883694200,2.5079628800,2.4883694200,2.4981661500,2125900
2024-06-25 10:45:00,2.4981661500,2.5079628800,2.4785726900,2.4883694200,2132000
2024-06-25 11:00:00,2.4883694200,2.4981661500,2.4785726900,2.4883694200,1081600
2024-06-25 11:15:00,2.4883694200,2.4981661500,2.4785726900,2.4883694200,1212400
2024-06-25 11:30:00,2.4883694200,2.4883694200,2.4785726900,2.4785726900,707200
2024-06-25 13:15:00,2.4883694200,2.4981661500,2.4785726900,2.4883694200,1868800
2024-06-25 13:30:00,2.4883694200,2.5177596100,2.4883694200,2.5079628800,5969300
2024-06-25 13:45:00,2.5079628800,2.5177596100,2.4981661500,2.4981661500,1601600
2024-06-25 14:00:00,2.5079628800,2.5079628800,2.4883694200,2.4981661500,2299900
2024-06-25 14:15:00,2.4981661500,2.4981661500,2.4785726900,2.4883694200,3674700
2024-06-25 14:30:00,2.4883694200,2.4981661500,2.4785726900,2.4883694200,3058400
2024-06-25 14:45:00,2.4981661500,2.4981661500,2.4785726900,2.4981661500,1759500
2024-06-25 15:00:00,2.4981661500,2.4981661500,2.4785726900,2.4883694200,3538000
2024-06-26 09:45:00,2.4785726900,2.4981661500,2.4687759600,2.4883694200,5521900
2024-06-26 10:00:00,2.4883694200,2.4883694200,2.4687759600,2.4785726900,3102100
2024-06-26 10:15:00,2.4785726900,2.4883694200,2.4589792300,2.4589792300,4673900
2024-06-26 10:30:00,2.4589792300,2.4687759600,2.4491825000,2.4491825000,4623300
2024-06-26 10:45:00,2.4491825000,2.4589792300,2.4491825000,2.4491825000,913900
2024-06-26 11:00:00,2.4589792300,2.4589792300,2.4393857700,2.4393857700,3736200
2024-06-26 11:15:00,2.4393857700,2.4491825000,2.4393857700,2.4393857700,1710600
2024-06-26 11:30:00,2.4393857700,2.4589792300,2.4393857700,2.4491825000,1930900
2024-06-26 13:15:00,2.4491825000,2.4687759600,2.4491825000,2.4687759600,4834700
2024-06-26 13:30:00,2.4687759600,2.4687759600,2.4589792300,2.4589792300,978800
2024-06-26 13:45:00,2.4589792300,2.4687759600,2.4491825000,2.4687759600,3370300
2024-06-26 14:00:00,2.4589792300,2.4785726900,2.4589792300,2.4687759600,3556900
2024-06-26 14:15:00,2.4687759600,2.4883694200,2.4687759600,2.4785726900,2847800
2024-06-26 14:30:00,2.4785726900,2.4883694200,2.4785726900,2.4883694200,2117600
2024-06-26 14:45:00,2.4883694200,2.5373530700,2.4785726900,2.5373530700,19780900
2024-06-26 15:00:00,2.5373530700,2.5471498000,2.5177596100,2.5177596100,13526900
2024-06-27 09:45:00,2.5079628800,2.5079628800,2.4883694200,2.4883694200,8683500
2024-06-27 10:00:00,2.4883694200,2.4981661500,2.4785726900,2.4785726900,4968300
2024-06-27 10:15:00,2.4785726900,2.4785726900,2.4687759600,2.4687759600,4462300
2024-06-27 10:30:00,2.4687759600,2.4785726900,2.4589792300,2.4687759600,5141800
2024-06-27 10:45:00,2.4687759600,2.4785726900,2.4589792300,2.4589792300,3479000
2024-06-27 11:00:00,2.4687759600,2.4785726900,2.4589792300,2.4589792300,2168600
2024-06-27 11:15:00,2.4589792300,2.4785726900,2.4589792300,2.4687759600,2418200
2024-06-27 11:30:00,2.4687759600,2.4883694200,2.4589792300,2.4785726900,2493100
2024-06-27 13:15:00,2.4883694200,2.4883694200,2.4687759600,2.4785726900,1848900
2024-06-27 13:30:00,2.4687759600,2.4785726900,2.4687759600,2.4687759600,748900
2024-06-27 13:45:00,2.4687759600,2.4785726900,2.4687759600,2.4785726900,799500
2024-06-27 14:00:00,2.4785726900,2.4785726900,2.4687759600,2.4687759600,1527000
2024-06-27 14:15:00,2.4687759600,2.4785726900,2.4589792300,2.4687759600,3418000
2024-06-27 14:30:00,2.4589792300,2.4785726900,2.4589792300,2.4785726900,3051400
2024-06-27 14:45:00,2.4687759600,2.4785726900,2.4589792300,2.4589792300,1871500
2024-06-27 15:00:00,2.4589792300,2.4785726900,2.4589792300,2.4687759600,3911200
2024-06-28 09:45:00,2.4687759600,2.5079628800,2.4589792300,2.4981661500,10136600
2024-06-28 10:00:00,2.4981661500,2.5177596100,2.4981661500,2.5079628800,8657800
2024-06-28 10:15:00,2.5177596100,2.5177596100,2.4981661500,2.5079628800,3364400
2024-06-28 10:30:00,2.5079628800,2.5177596100,2.5079628800,2.5177596100,1266800
2024-06-28 10:45:00,2.5177596100,2.5275563400,2.5079628800,2.5275563400,5890500
2024-06-28 11:00:00,2.5275563400,2.5373530700,2.5177596100,2.5373530700,3896100
2024-06-28 11:15:00,2.5373530700,2.5373530700,2.5079628800,2.5177596100,2737900
2024-06-28 11:30:00,2.5177596100,2.5471498000,2.5177596100,2.5373530700,4473600
2024-06-28 13:15:00,2.5373530700,2.5471498000,2.5275563400,2.5471498000,3015800
2024-06-28 13:30:00,2.5471498000,2.5471498000,2.5373530700,2.5373530700,1473100
2024-06-28 13:45:00,2.5373530700,2.5569465300,2.5373530700,2.5471498000,7627900
2024-06-28 14:00:00,2.5471498000,2.5569465300,2.5275563400,2.5275563400,2381400
2024-06-28 14:15:00,2.5373530700,2.5373530700,2.5177596100,2.5275563400,3571600
2024-06-28 14:30:00,2.5275563400,2.5373530700,2.5177596100,2.5275563400,2242800
2024-06-28 14:45:00,2.5177596100,2.5275563400,2.5177596100,2.5275563400,2365000
2024-06-28 15:00:00,2.5275563400,2.5373530700,2.5177596100,2.5275563400,4008400
2024-07-01 09:45:00,2.5373530700,2.5765399900,2.5373530700,2.5569465300,7716800
2024-07-01 10:00:00,2.5569465300,2.5765399900,2.5569465300,2.5765399900,8485100
2024-07-01 10:15:00,2.5765399900,2.5765399900,2.5569465300,2.5667432600,3161600
2024-07-01 10:30:00,2.5667432600,2.5765399900,2.5569465300,2.5667432600,2670600
2024-07-01 10:45:00,2.5667432600,2.5765399900,2.5569465300,2.5667432600,1502800
2024-07-01 11:00:00,2.5765399900,2.5765399900,2.5667432600,2.5667432600,795600
2024-07-01 11:15:00,2.5667432600,2.5765399900,2.5569465300,2.5765399900,2157100
2024-07-01 11:30:00,2.5765399900,2.5765399900,2.5667432600,2.5765399900,1043700
2024-07-01 13:15:00,2.5765399900,2.5765399900,2.5667432600,2.5765399900,2845500
2024-07-01 13:30:00,2.5667432600,2.5765399900,2.5667432600,2.5765399900,898900
2024-07-01 13:45:00,2.5765399900,2.5765399900,2.5667432600,2.5667432600,1211300
2024-07-01 14:00:00,2.5667432600,2.5765399900,2.5569465300,2.5667432600,1820200
2024-07-01 14:15:00,2.5667432600,2.5765399900,2.5667432600,2.5667432600,549100
2024-07-01 14:30:00,2.5667432600,2.5765399900,2.5667432600,2.5765399900,1063300
2024-07-01 14:45:00,2.5765399900,2.5765399900,2.5667432600,2.5667432600,2210800
2024-07-01 15:00:00,2.5667432600,2.5765399900,2.5667432600,2.5667432600,3682800
2024-07-02 09:45:00,2.5765399900,2.5961334500,2.5667432600,2.5667432600,10623500
2024-07-02 10:00:00,2.5667432600,2.5765399900,2.5569465300,2.5667432600,3717900
2024-07-02 10:15:00,2.5667432600,2.5765399900,2.5569465300,2.5765399900,3248100
2024-07-02 10:30:00,2.5765399900,2.5765399900,2.5667432600,2.5765399900,869300
2024-07-02 10:45:00,2.5765399900,2.5765399900,2.5667432600,2.5765399900,2432000
2024-07-02 11:00:00,2.5765399900,2.5765399900,2.5569465300,2.5765399900,2903000
2024-07-02 11:15:00,2.5765399900,2.5765399900,2.5667432600,2.5765399900,486900
2024-07-02 11:30:00,2.5765399900,2.5765399900,2.5569465300,2.5667432600,2478200
2024-07-02 13:15:00,2.5765399900,2.5961334500,2.5667432600,2.5765399900,6653800
2024-07-02 13:30:00,2.5765399900,2.5863367200,2.5667432600,2.5667432600,1834800
2024-07-02 13:45:00,2.5667432600,2.5765399900,2.5667432600,2.5667432600,576800
2024-07-02 14:00:00,2.5667432600,2.5765399900,2.5667432600,2.5667432600,536000
2024-07-02 14:15:00,2.5765399900,2.5863367200,2.5667432600,2.5667432600,3986400
2024-07-02 14:30:00,2.5667432600,2.5765399900,2.5667432600,2.5765399900,801900
2024-07-02 14:45:00,2.5667432600,2.5765399900,2.5569465300,2.5765399900,5213400
2024-07-02 15:00:00,2.5667432600,2.5765399900,2.5667432600,2.5667432600,2462800
2024-07-03 09:45:00,2.5765399900,2.5863367200,2.5569465300,2.5765399900,5967200
2024-07-03 10:00:00,2.5863367200,2.5863367200,2.5667432600,2.5765399900,3530300
2024-07-03 10:15:00,2.5765399900,2.5863367200,2.5667432600,2.5765399900,2730600
2024-07-03 10:30:00,2.5765399900,2.5863367200,2.5765399900,2.5863367200,3318900
2024-07-03 10:45:00,2.5765399900,2.5863367200,2.5667432600,2.5667432600,2862600
2024-07-03 11:00:00,2.5765399900,2.5765399900,2.5667432600,2.5667432600,926100
2024-07-03 11:15:00,2.5667432600,2.5765399900,2.5667432600,2.5765399900,1215800
2024-07-03 11:30:00,2.5667432600,2.5765399900,2.5667432600,2.5765399900,1012500
2024-07-03 13:15:00,2.5667432600,2.5765399900,2.5667432600,2.5765399900,794300
2024-07-03 13:30:00,2.5667432600,2.5765399900,2.5667432600,2.5765399900,695100
2024-07-03 13:45:00,2.5667432600,2.5765399900,2.5667432600,2.5667432600,1033900
2024-07-03 14:00:00,2.5765399900,2.5765399900,2.5569465300,2.5667432600,3168700
2024-07-03 14:15:00,2.5569465300,2.5667432600,2.5569465300,2.5667432600,1802500
2024-07-03 14:30:00,2.5569465300,2.5667432600,2.5471498000,2.5569465300,3368800
2024-07-03 14:45:00,2.5471498000,2.5569465300,2.5471498000,2.5569465300,1930100
2024-07-03 15:00:00,2.5569465300,2.5667432600,2.5471498000,2.5471498000,4215600
2024-07-04 09:45:00,2.5667432600,2.5863367200,2.5569465300,2.5667432600,8524800
2024-07-04 10:00:00,2.5667432600,2.5765399900,2.5569465300,2.5667432600,1694000
2024-07-04 10:15:00,2.5569465300,2.5667432600,2.5471498000,2.5569465300,3147200
2024-07-04 10:30:00,2.5569465300,2.5765399900,2.5569465300,2.5765399900,2646700
2024-07-04 10:45:00,2.5765399900,2.5765399900,2.5569465300,2.5569465300,1225700
2024-07-04 11:00:00,2.5667432600,2.5667432600,2.5569465300,2.5569465300,490600
2024-07-04 11:15:00,2.5569465300,2.5667432600,2.5569465300,2.5569465300,711400
2024-07-04 11:30:00,2.5569465300,2.5667432600,2.5373530700,2.5373530700,4429500
2024-07-04 13:15:00,2.5373530700,2.5471498000,2.5373530700,2.5373530700,3121100
2024-07-04 13:30:00,2.5373530700,2.5471498000,2.5275563400,2.5275563400,2280200
2024-07-04 13:45:00,2.5275563400,2.5471498000,2.5275563400,2.5373530700,2110600
2024-07-04 14:00:00,2.5373530700,2.5569465300,2.5373530700,2.5569465300,3343400
2024-07-04 14:15:00,2.5471498000,2.5569465300,2.5275563400,2.5373530700,3300200
2024-07-04 14:30:00,2.5373530700,2.5471498000,2.5275563400,2.5373530700,1848800
2024-07-04 14:45:00,2.5373530700,2.5471498000,2.5177596100,2.5373530700,4820300
2024-07-04 15:00:00,2.5275563400,2.5471498000,2.5275563400,2.5373530700,2690500
2024-07-05 09:45:00,2.5275563400,2.5373530700,2.5177596100,2.5275563400,6863700
2024-07-05 10:00:00,2.5275563400,2.5373530700,2.5177596100,2.5275563400,1988200
2024-07-05 10:15:00,2.5275563400,2.5275563400,2.5079628800,2.5079628800,4039500
2024-07-05 10:30:00,2.5177596100,2.5275563400,2.5079628800,2.5177596100,1586800
2024-07-05 10:45:00,2.5177596100,2.5275563400,2.5079628800,2.5275563400,2473400
2024-07-05 11:00:00,2.5275563400,2.5275563400,2.5079628800,2.5177596100,1047200
2024-07-05 11:15:00,2.5177596100,2.5275563400,2.5079628800,2.5079628800,711300
2024-07-05 11:30:00,2.5079628800,2.5177596100,2.5079628800,2.5079628800,641800
2024-07-05 13:15:00,2.5079628800,2.5177596100,2.4981661500,2.5079628800,3583000
2024-07-05 13:30:00,2.5079628800,2.5177596100,2.4981661500,2.4981661500,1458600
2024-07-05 13:45:00,2.4981661500,2.5177596100,2.4981661500,2.5079628800,2272400
2024-07-05 14:00:00,2.5079628800,2.5275563400,2.5079628800,2.5275563400,1952700
2024-07-05 14:15:00,2.5275563400,2.5373530700,2.5177596100,2.5373530700,2136100
2024-07-05 14:30:00,2.5373530700,2.5373530700,2.5177596100,2.5275563400,1593300
2024-07-05 14:45:00,2.5275563400,2.5373530700,2.5275563400,2.5373530700,706000
2024-07-05 15:00:00,2.5373530700,2.5373530700,2.5275563400,2.5275563400,2483400
2024-07-08 09:45:00,2.5373530700,2.5373530700,2.4883694200,2.4981661500,11041900
2024-07-08 10:00:00,2.4981661500,2.4981661500,2.4785726900,2.4883694200,6337800
2024-07-08 10:15:00,2.4883694200,2.4981661500,2.4687759600,2.4883694200,3975500
2024-07-08 10:30:00,2.4883694200,2.5079628800,2.4883694200,2.4981661500,1690300
2024-07-08 10:45:00,2.4981661500,2.4981661500,2.4785726900,2.4785726900,1404800
2024-07-08 11:00:00,2.4785726900,2.4981661500,2.4785726900,2.4883694200,2077600
2024-07-08 11:15:00,2.4981661500,2.4981661500,2.4785726900,2.4981661500,975100
2024-07-08 11:30:00,2.4883694200,2.5079628800,2.4883694200,2.4981661500,1343000
2024-07-08 13:15:00,2.4883694200,2.4981661500,2.4883694200,2.4981661500,745700
2024-07-08 13:30:00,2.4883694200,2.4981661500,2.4883694200,2.4981661500,552800
2024-07-08 13:45:00,2.4883694200,2.4981661500,2.4883694200,2.4981661500,664000
2024-07-08 14:00:00,2.4883694200,2.4981661500,2.4785726900,2.4785726900,2097800
2024-07-08 14:15:00,2.4883694200,2.4883694200,2.4785726900,2.4785726900,648900
2024-07-08 14:30:00,2.4785726900,2.4883694200,2.4785726900,2.4883694200,1911200
2024-07-08 14:45:00,2.4883694200,2.4883694200,2.4687759600,2.4687759600,2535100
2024-07-08 15:00:00,2.4785726900,2.4981661500,2.4687759600,2.4785726900,3940500
2024-07-09 09:45:00,2.4687759600,2.4883694200,2.4687759600,2.4785726900,6834300
2024-07-09 10:00:00,2.4785726900,2.4785726900,2.4687759600,2.4687759600,1937600
2024-07-09 10:15:00,2.4687759600,2.4785726900,2.4589792300,2.4589792300,5219800
2024-07-09 10:30:00,2.4589792300,2.4687759600,2.4491825000,2.4589792300,2747700
2024-07-09 10:45:00,2.4589792300,2.4687759600,2.4491825000,2.4491825000,3911800
2024-07-09 11:00:00,2.4491825000,2.4687759600,2.4491825000,2.4589792300,2675600
2024-07-09 11:15:00,2.4589792300,2.4883694200,2.4589792300,2.4785726900,3240400
2024-07-09 11:30:00,2.4785726900,2.4981661500,2.4785726900,2.4883694200,3749800
2024-07-09 13:15:00,2.4785726900,2.5079628800,2.4785726900,2.4981661500,1747100
2024-07-09 13:30:00,2.4981661500,2.5079628800,2.4883694200,2.5079628800,2451600
2024-07-09 13:45:00,2.4981661500,2.5177596100,2.4981661500,2.5177596100,2468400
2024-07-09 14:00:00,2.5177596100,2.5177596100,2.5079628800,2.5177596100,1207400
2024-07-09 14:15:00,2.5079628800,2.5177596100,2.4981661500,2.5079628800,2818600
2024-07-09 14:30:00,2.5079628800,2.5177596100,2.4981661500,2.5177596100,1125000
2024-07-09 14:45:00,2.5177596100,2.5177596100,2.5079628800,2.5079628800,1982400
2024-07-09 15:00:00,2.5079628800,2.5177596100,2.4981661500,2.5079628800,2266500
2024-07-10 09:45:00,2.5177596100,2.5275563400,2.4981661500,2.5079628800,5539100
2024-07-10 10:00:00,2.5079628800,2.5079628800,2.4883694200,2.4883694200,5357600
2024-07-10 10:15:00,2.4883694200,2.4981661500,2.4785726900,2.4883694200,3124800
2024-07-10 10:30:00,2.4883694200,2.4883694200,2.4785726900,2.4785726900,1510200
2024-07-10 10:45:00,2.4785726900,2.4981661500,2.4785726900,2.4785726900,3750900
2024-07-10 11:00:00,2.4785726900,2.4883694200,2.4687759600,2.4883694200,4041300
2024-07-10 11:15:00,2.4883694200,2.4883694200,2.4785726900,2.4785726900,974800
2024-07-10 11:30:00,2.4883694200,2.4981661500,2.4785726900,2.4785726900,3194900
2024-07-10 13:15:00,2.4883694200,2.4883694200,2.4687759600,2.4785726900,1042800
2024-07-10 13:30:00,2.4785726900,2.4785726900,2.4687759600,2.4687759600,1059200
2024-07-10 13:45:00,2.4687759600,2.4785726900,2.4687759600,2.4785726900,710200
2024-07-10 14:00:00,2.4687759600,2.4785726900,2.4687759600,2.4687759600,1705900
2024-07-10 14:15:00,2.4687759600,2.4785726900,2.4687759600,2.4687759600,809600
2024-07-10 14:30:00,2.4785726900,2.4785726900,2.4589792300,2.4589792300,3123400
2024-07-10 14:45:00,2.4687759600,2.4687759600,2.4589792300,2.4589792300,1510500
2024-07-10 15:00:00,2.4589792300,2.4687759600,2.4589792300,2.4589792300,3803100
2024-07-11 09:45:00,2.4687759600,2.4883694200,2.4687759600,2.4687759600,7056700
2024-07-11 10:00:00,2.4687759600,2.4883694200,2.4589792300,2.4785726900,6662000
2024-07-11 10:15:00,2.4785726900,2.4883694200,2.4687759600,2.4785726900,4333100
2024-07-11 10:30:00,2.4883694200,2.4883694200,2.4785726900,2.4883694200,1350600
2024-07-11 10:45:00,2.4785726900,2.4883694200,2.4687759600,2.4785726900,6786100
2024-07-11 11:00:00,2.4883694200,2.4883694200,2.4687759600,2.4785726900,2382500
2024-07-11 11:15:00,2.4785726900,2.4883694200,2.4687759600,2.4785726900,1227600
2024-07-11 11:30:00,2.4785726900,2.4883694200,2.4785726900,2.4785726900,489100
2024-07-11 13:15:00,2.4785726900,2.4883694200,2.4785726900,2.4785726900,1234400
2024-07-11 13:30:00,2.4785726900,2.4883694200,2.4687759600,2.4883694200,2022100
2024-07-11 13:45:00,2.4785726900,2.4883694200,2.4687759600,2.4883694200,1725600
2024-07-11 14:00:00,2.4883694200,2.4883694200,2.4687759600,2.4785726900,2149700
2024-07-11 14:15:00,2.4785726900,2.4883694200,2.4687759600,2.4687759600,4008200
2024-07-11 14:30:00,2.4687759600,2.4785726900,2.4687759600,2.4687759600,2639000
2024-07-11 14:45:00,2.4687759600,2.4785726900,2.4589792300,2.4589792300,2973200
2024-07-11 15:00:00,2.4589792300,2.4785726900,2.4589792300,2.4687759600,4081600
2024-07-12 09:45:00,2.4687759600,2.4785726900,2.4589792300,2.4785726900,5807400
2024-07-12 10:00:00,2.4785726900,2.4785726900,2.4589792300,2.4687759600,2654100
2024-07-12 10:15:00,2.4589792300,2.4687759600,2.4491825000,2.4491825000,4123400
2024-07-12 10:30:00,2.4491825000,2.4589792300,2.4393857700,2.4393857700,6709100
2024-07-12 10:45:00,2.4393857700,2.4491825000,2.4393857700,2.4393857700,2480000
2024-07-12 11:00:00,2.4393857700,2.4491825000,2.4197923100,2.4197923100,7506800
2024-07-12 11:15:00,2.4295890400,2.4295890400,2.4197923100,2.4197923100,2475100
2024-07-12 11:30:00,2.4197923100,2.4295890400,2.4099955800,2.4197923100,5228100
2024-07-12 13:15:00,2.4197923100,2.4197923100,2.4099955800,2.4099955800,1985700
2024-07-12 13:30:00,2.4099955800,2.4197923100,2.4099955800,2.4197923100,1177700
2024-07-12 13:45:00,2.4197923100,2.4295890400,2.4099955800,2.4197923100,6249700
2024-07-12 14:00:00,2.4197923100,2.4295890400,2.4197923100,2.4197923100,5539000
2024-07-12 14:15:00,2.4197923100,2.4393857700,2.4197923100,2.4295890400,2567600
2024-07-12 14:30:00,2.4295890400,2.4393857700,2.4197923100,2.4295890400,2013500
2024-07-12 14:45:00,2.4295890400,2.4393857700,2.4197923100,2.4295890400,2809100
2024-07-12 15:00:00,2.4295890400,2.4393857700,2.4197923100,2.4295890400,3844600
2024-07-15 09:45:00,2.4099955800,2.4197923100,2.3904021200,2.4099955800,13238800
2024-07-15 10:00:00,2.4099955800,2.4295890400,2.3904021200,2.4099955800,8053000
2024-07-15 10:15:00,2.4099955800,2.4197923100,2.4001988500,2.4001988500,3894000
2024-07-15 10:30:00,2.4001988500,2.4099955800,2.3904021200,2.4001988500,3293800
2024-07-15 10:45:00,2.4001988500,2.4099955800,2.3904021200,2.4001988500,1223200
2024-07-15 11:00:00,2.4001988500,2.4099955800,2.4001988500,2.4001988500,780700
2024-07-15 11:15:00,2.4001988500,2.4099955800,2.4001988500,2.4001988500,1030500
2024-07-15 11:30:00,2.4001988500,2.4099955800,2.4001988500,2.4001988500,907400
2024-07-15 13:15:00,2.4099955800,2.4197923100,2.4001988500,2.4001988500,3538200
2024-07-15 13:30:00,2.4001988500,2.4099955800,2.4001988500,2.4001988500,858300
2024-07-15 13:45:00,2.4001988500,2.4099955800,2.4001988500,2.4099955800,613800
2024-07-15 14:00:00,2.4099955800,2.4099955800,2.4001988500,2.4001988500,972300
2024-07-15 14:15:00,2.4099955800,2.4099955800,2.3904021200,2.4001988500,3152800
2024-07-15 14:30:00,2.4001988500,2.4099955800,2.4001988500,2.4001988500,818600
2024-07-15 14:45:00,2.4001988500,2.4099955800,2.4001988500,2.4099955800,1164100
2024-07-15 15:00:00,2.4001988500,2.4099955800,2.4001988500,2.4001988500,3753000
2024-07-16 09:45:00,2.4001988500,2.4197923100,2.4001988500,2.4099955800,6395500
2024-07-16 10:00:00,2.4099955800,2.4197923100,2.4099955800,2.4099955800,857900
2024-07-16 10:15:00,2.4099955800,2.4295890400,2.4099955800,2.4295890400,7924600
2024-07-16 10:30:00,2.4295890400,2.4295890400,2.4001988500,2.4197923100,5021600
2024-07-16 10:45:00,2.4197923100,2.4197923100,2.4001988500,2.4197923100,922900
2024-07-16 11:00:00,2.4197923100,2.4197923100,2.4001988500,2.4099955800,1298000
2024-07-16 11:15:00,2.4099955800,2.4099955800,2.4001988500,2.4099955800,997900
2024-07-16 11:30:00,2.4099955800,2.4197923100,2.4099955800,2.4197923100,708000
2024-07-16 13:15:00,2.4099955800,2.4197923100,2.4001988500,2.4099955800,1754600
2024-07-16 13:30:00,2.4001988500,2.4099955800,2.4001988500,2.4001988500,474700
2024-07-16 13:45:00,2.4001988500,2.4197923100,2.4001988500,2.4099955800,2796600
2024-07-16 14:00:00,2.4197923100,2.4197923100,2.4001988500,2.4099955800,728400
2024-07-16 14:15:00,2.4001988500,2.4099955800,2.4001988500,2.4001988500,470600
2024-07-16 14:30:00,2.4099955800,2.4099955800,2.4001988500,2.4001988500,718700
2024-07-16 14:45:00,2.4099955800,2.4197923100,2.4001988500,2.4099955800,2545100
2024-07-16 15:00:00,2.4197923100,2.4197923100,2.4001988500,2.4197923100,3381700
2024-07-17 09:45:00,2.4099955800,2.4197923100,2.3904021200,2.3904021200,6564300
2024-07-17 10:00:00,2.3904021200,2.4001988500,2.3806053900,2.3806053900,5242300
2024-07-17 10:15:00,2.3806053900,2.4001988500,2.3806053900,2.3904021200,2160600
2024-07-17 10:30:00,2.3904021200,2.4001988500,2.3904021200,2.3904021200,1437600
2024-07-17 10:45:00,2.3904021200,2.4001988500,2.3806053900,2.3904021200,4130400
2024-07-17 11:00:00,2.3904021200,2.4001988500,2.3904021200,2.3904021200,1354700
2024-07-17 11:15:00,2.4001988500,2.4001988500,2.3904021200,2.3904021200,1130500
2024-07-17 11:30:00,2.4001988500,2.4001988500,2.3904021200,2.4001988500,1274300
2024-07-17 13:15:00,2.3904021200,2.4001988500,2.3904021200,2.3904021200,1175700
2024-07-17 13:30:00,2.3904021200,2.4001988500,2.3806053900,2.3806053900,1516000
2024-07-17 13:45:00,2.3806053900,2.4001988500,2.3806053900,2.3904021200,1941700
2024-07-17 14:00:00,2.3904021200,2.4001988500,2.3806053900,2.3904021200,2761900
2024-07-17 14:15:00,2.3904021200,2.4001988500,2.3806053900,2.4001988500,1194800
2024-07-17 14:30:00,2.4001988500,2.4001988500,2.3806053900,2.3806053900,1379300
2024-07-17 14:45:00,2.3904021200,2.3904021200,2.3806053900,2.3904021200,932900
2024-07-17 15:00:00,2.3904021200,2.3904021200,2.3806053900,2.3904021200,3157600
2024-07-18 09:45:00,2.3806053900,2.3806053900,2.3512152000,2.3708086600,11499300
2024-07-18 10:00:00,2.3708086600,2.3806053900,2.3610119300,2.3708086600,5093500
2024-07-18 10:15:00,2.3708086600,2.3806053900,2.3708086600,2.3708086600,2781000
2024-07-18 10:30:00,2.3708086600,2.3806053900,2.3610119300,2.3708086600,2389900
2024-07-18 10:45:00,2.3806053900,2.3806053900,2.3708086600,2.3806053900,834600
2024-07-18 11:00:00,2.3806053900,2.3806053900,2.3708086600,2.3708086600,648200
2024-07-18 11:15:00,2.3708086600,2.3806053900,2.3708086600,2.3708086600,614900
2024-07-18 11:30:00,2.3806053900,2.3904021200,2.3708086600,2.3806053900,4335000
2024-07-18 13:15:00,2.3806053900,2.3904021200,2.3806053900,2.3904021200,510400
2024-07-18 13:30:00,2.3904021200,2.4001988500,2.3806053900,2.4001988500,3128500
2024-07-18 13:45:00,2.4001988500,2.4001988500,2.3904021200,2.4001988500,753900
2024-07-18 14:00:00,2.4001988500,2.4001988500,2.3904021200,2.3904021200,600800
2024-07-18 14:15:00,2.3904021200,2.4001988500,2.3904021200,2.4001988500,597600
2024-07-18 14:30:00,2.3904021200,2.4099955800,2.3904021200,2.4099955800,4737300
2024-07-18 14:45:00,2.4099955800,2.4099955800,2.4001988500,2.4001988500,1454100
2024-07-18 15:00:00,2.4001988500,2.4099955800,2.4001988500,2.4001988500,4041200
2024-07-19 09:45:00,2.4001988500,2.4001988500,2.3806053900,2.4001988500,2993100
2024-07-19 10:00:00,2.3904021200,2.4001988500,2.3806053900,2.3806053900,3036900
2024-07-19 10:15:00,2.3806053900,2.4001988500,2.3708086600,2.4001988500,7209200
2024-07-19 10:30:00,2.4001988500,2.4001988500,2.3806053900,2.3904021200,3042400
2024-07-19 10:45:00,2.3904021200,2.3904021200,2.3806053900,2.3904021200,1168500
2024-07-19 11:00:00,2.3904021200,2.4001988500,2.3806053900,2.3904021200,1624900
2024-07-19 11:15:00,2.4001988500,2.4001988500,2.3806053900,2.4001988500,1262300
2024-07-19 11:30:00,2.3904021200,2.4001988500,2.3806053900,2.3904021200,2038500
2024-07-19 13:15:00,2.3904021200,2.4001988500,2.3806053900,2.3904021200,1014100
2024-07-19 13:30:00,2.3904021200,2.3904021200,2.3806053900,2.3904021200,1050500
2024-07-19 13:45:00,2.3904021200,2.3904021200,2.3806053900,2.3806053900,774900
2024-07-19 14:00:00,2.3806053900,2.3904021200,2.3806053900,2.3806053900,778000
2024-07-19 14:15:00,2.3806053900,2.3904021200,2.3806053900,2.3806053900,1144100
2024-07-19 14:30:00,2.3904021200,2.3904021200,2.3806053900,2.3806053900,1192600
2024-07-19 14:45:00,2.3806053900,2.3904021200,2.3806053900,2.3904021200,1866400
2024-07-19 15:00:00,2.3904021200,2.4001988500,2.3806053900,2.3904021200,3785500
2024-07-22 09:45:00,2.3806053900,2.3904021200,2.3708086600,2.3806053900,7379400
2024-07-22 10:00:00,2.3806053900,2.4001988500,2.3806053900,2.4001988500,5805600
2024-07-22 10:15:00,2.4001988500,2.4099955800,2.3904021200,2.3904021200,7431600
2024-07-22 10:30:00,2.4001988500,2.4001988500,2.3806053900,2.3806053900,3152700
2024-07-22 10:45:00,2.3806053900,2.4001988500,2.3806053900,2.4001988500,2863400
2024-07-22 11:00:00,2.4001988500,2.4001988500,2.3806053900,2.3806053900,1158700
2024-07-22 11:15:00,2.3904021200,2.3904021200,2.3806053900,2.3904021200,899500
2024-07-22 11:30:00,2.3904021200,2.3904021200,2.3806053900,2.3904021200,895600
2024-07-22 13:15:00,2.3904021200,2.3904021200,2.3806053900,2.3806053900,689300
2024-07-22 13:30:00,2.3806053900,2.3904021200,2.3708086600,2.3708086600,4010200
2024-07-22 13:45:00,2.3806053900,2.3806053900,2.3708086600,2.3708086600,640900
2024-07-22 14:00:00,2.3708086600,2.3806053900,2.3610119300,2.3610119300,3677600
2024-07-22 14:15:00,2.3610119300,2.3708086600,2.3610119300,2.3708086600,844900
2024-07-22 14:30:00,2.3708086600,2.3708086600,2.3610119300,2.3610119300,981200
2024-07-22 14:45:00,2.3708086600,2.3806053900,2.3610119300,2.3708086600,3119200
2024-07-22 15:00:00,2.3806053900,2.3806053900,2.3708086600,2.3708086600,3020800
2024-07-23 09:45:00,2.3708086600,2.4001988500,2.3708086600,2.3904021200,7799000
2024-07-23 10:00:00,2.4001988500,2.4099955800,2.3904021200,2.3904021200,9976500
2024-07-23 10:15:00,2.3904021200,2.4001988500,2.3904021200,2.3904021200,1063600
2024-07-23 10:30:00,2.3904021200,2.4001988500,2.3806053900,2.3904021200,2695200
2024-07-23 10:45:00,2.3904021200,2.3904021200,2.3806053900,2.3904021200,1059300
2024-07-23 11:00:00,2.3806053900,2.3904021200,2.3708086600,2.3708086600,3362200
2024-07-23 11:15:00,2.3806053900,2.3806053900,2.3708086600,2.3708086600,964900
2024-07-23 11:30:00,2.3708086600,2.3806053900,2.3610119300,2.3708086600,2387500
2024-07-23 13:15:00,2.3806053900,2.3806053900,2.3708086600,2.3708086600,1716500
2024-07-23 13:30:00,2.3708086600,2.3806053900,2.3610119300,2.3708086600,3184300
2024-07-23 13:45:00,2.3708086600,2.3806053900,2.3610119300,2.3610119300,1094300
2024-07-23 14:00:00,2.3610119300,2.3708086600,2.3610119300,2.3708086600,1944600
2024-07-23 14:15:00,2.3708086600,2.3708086600,2.3512152000,2.3512152000,3677100
2024-07-23 14:30:00,2.3512152000,2.3610119300,2.3414184700,2.3414184700,3742900
2024-07-23 14:45:00,2.3512152000,2.3512152000,2.3316217400,2.3414184700,4219800
2024-07-23 15:00:00,2.3316217400,2.3414184700,2.3316217400,2.3316217400,4526200
2024-07-24 09:45:00,2.3316217400,2.3414184700,2.3120282800,2.3218250100,8180000
2024-07-24 10:00:00,2.3120282800,2.3316217400,2.3120282800,2.3120282800,6437900
2024-07-24 10:15:00,2.3120282800,2.3316217400,2.3120282800,2.3218250100,7760200
2024-07-24 10:30:00,2.3218250100,2.3316217400,2.3120282800,2.3120282800,2484200
2024-07-24 10:45:00,2.3120282800,2.3218250100,2.3022315500,2.3022315500,3796300
2024-07-24 11:00:00,2.3022315500,2.3218250100,2.3022315500,2.3120282800,1272500
2024-07-24 11:15:00,2.3120282800,2.3316217400,2.3120282800,2.3316217400,5393100
2024-07-24 11:30:00,2.3316217400,2.3414184700,2.3218250100,2.3414184700,3898800
2024-07-24 13:15:00,2.3316217400,2.3512152000,2.3316217400,2.3316217400,2305600
2024-07-24 13:30:00,2.3414184700,2.3414184700,2.3218250100,2.3218250100,2529100
2024-07-24 13:45:00,2.3316217400,2.3316217400,2.3120282800,2.3218250100,2604000
2024-07-24 14:00:00,2.3218250100,2.3218250100,2.3120282800,2.3218250100,2338800
2024-07-24 14:15:00,2.3218250100,2.3218250100,2.3120282800,2.3120282800,2456700
2024-07-24 14:30:00,2.3218250100,2.3218250100,2.3022315500,2.3120282800,1716500
2024-07-24 14:45:00,2.3120282800,2.3218250100,2.3022315500,2.3022315500,2106300
2024-07-24 15:00:00,2.3022315500,2.3218250100,2.3022315500,2.3120282800,2628100
2024-07-25 09:45:00,2.3022315500,2.3316217400,2.2924348200,2.3120282800,6138600
2024-07-25 10:00:00,2.3120282800,2.3218250100,2.3022315500,2.3022315500,3521500
2024-07-25 10:15:00,2.3022315500,2.3120282800,2.2924348200,2.3022315500,4960800
2024-07-25 10:30:00,2.3022315500,2.3120282800,2.3022315500,2.3022315500,851600
2024-07-25 10:45:00,2.3022315500,2.3120282800,2.3022315500,2.3120282800,826100
2024-07-25 11:00:00,2.3022315500,2.3218250100,2.3022315500,2.3120282800,2572100
2024-07-25 11:15:00,2.3120282800,2.3218250100,2.3120282800,2.3120282800,652300
2024-07-25 11:30:00,2.3218250100,2.3316217400,2.3120282800,2.3218250100,2941400
2024-07-25 13:15:00,2.3316217400,2.3316217400,2.3120282800,2.3120282800,2776500
2024-07-25 13:30:00,2.3120282800,2.3218250100,2.3120282800,2.3120282800,1034100
2024-07-25 13:45:00,2.3218250100,2.3218250100,2.3120282800,2.3120282800,1278800
2024-07-25 14:00:00,2.3120282800,2.3218250100,2.3022315500,2.3120282800,2933800
2024-07-25 14:15:00,2.3120282800,2.3218250100,2.3120282800,2.3218250100,871600
2024-07-25 14:30:00,2.3120282800,2.3218250100,2.3120282800,2.3120282800,839600
2024-07-25 14:45:00,2.3218250100,2.3218250100,2.3120282800,2.3218250100,901900
2024-07-25 15:00:00,2.3120282800,2.3218250100,2.3120282800,2.3218250100,2412500
2024-07-26 09:45:00,2.3120282800,2.3414184700,2.3120282800,2.3414184700,5780700
2024-07-26 10:00:00,2.3414184700,2.3414184700,2.3316217400,2.3414184700,4308300
2024-07-26 10:15:00,2.3414184700,2.3414184700,2.3218250100,2.3316217400,2011200
2024-07-26 10:30:00,2.3316217400,2.3316217400,2.3218250100,2.3316217400,563700
2024-07-26 10:45:00,2.3316217400,2.3316217400,2.3218250100,2.3316217400,540500
2024-07-26 11:00:00,2.3316217400,2.3316217400,2.3218250100,2.3218250100,984700
2024-07-26 11:15:00,2.3316217400,2.3414184700,2.3218250100,2.3414184700,3064100
2024-07-26 11:30:00,2.3414184700,2.3414184700,2.3316217400,2.3414184700,610300
2024-07-26 13:15:00,2.3316217400,2.3414184700,2.3218250100,2.3218250100,2046500
2024-07-26 13:30:00,2.3218250100,2.3414184700,2.3218250100,2.3316217400,2799900
2024-07-26 13:45:00,2.3316217400,2.3414184700,2.3218250100,2.3316217400,1259800
2024-07-26 14:00:00,2.3218250100,2.3316217400,2.3218250100,2.3316217400,583000
2024-07-26 14:15:00,2.3316217400,2.3316217400,2.3218250100,2.3316217400,1996700
2024-07-26 14:30:00,2.3218250100,2.3316217400,2.3218250100,2.3218250100,1248200
2024-07-26 14:45:00,2.3316217400,2.3316217400,2.3218250100,2.3218250100,1924400
2024-07-26 15:00:00,2.3316217400,2.3414184700,2.3218250100,2.3316217400,3016400
2024-07-29 09:45:00,2.3414184700,2.3414184700,2.3120282800,2.3218250100,6608000
2024-07-29 10:00:00,2.3218250100,2.3610119300,2.3218250100,2.3512152000,9548600
2024-07-29 10:15:00,2.3512152000,2.3512152000,2.3414184700,2.3512152000,1041100
2024-07-29 10:30:00,2.3512152000,2.3512152000,2.3316217400,2.3414184700,3060800
2024-07-29 10:45:00,2.3414184700,2.3414184700,2.3316217400,2.3414184700,637500
2024-07-29 11:00:00,2.3414184700,2.3414184700,2.3316217400,2.3414184700,971700
2024-07-29 11:15:00,2.3316217400,2.3512152000,2.3316217400,2.3512152000,1868300
2024-07-29 11:30:00,2.3512152000,2.3512152000,2.3414184700,2.3414184700,1182000
2024-07-29 13:15:00,2.3414184700,2.3512152000,2.3414184700,2.3512152000,516200
2024-07-29 13:30:00,2.3414184700,2.3512152000,2.3414184700,2.3512152000,848200
2024-07-29 13:45:00,2.3414184700,2.3512152000,2.3414184700,2.3512152000,596200
2024-07-29 14:00:00,2.3512152000,2.3512152000,2.3414184700,2.3414184700,896200
2024-07-29 14:15:00,2.3414184700,2.3610119300,2.3414184700,2.3610119300,4148900
2024-07-29 14:30:00,2.3610119300,2.3610119300,2.3414184700,2.3414184700,3655100
2024-07-29 14:45:00,2.3414184700,2.3512152000,2.3414184700,2.3512152000,2079300
2024-07-29 15:00:00,2.3512152000,2.3610119300,2.3414184700,2.3414184700,2837300
2024-07-30 09:45:00,2.3513386200,2.3612598800,2.3414173600,2.3612598800,2996300
2024-07-30 10:00:00,2.3513386200,2.3711811400,2.3513386200,2.3612598800,5928300
2024-07-30 10:15:00,2.3513386200,2.3612598800,2.3414173600,2.3513386200,2405600
2024-07-30 10:30:00,2.3513386200,2.3612598800,2.3414173600,2.3513386200,3649400
2024-07-30 10:45:00,2.3513386200,2.3612598800,2.3414173600,2.3612598800,1156900
2024-07-30 11:00:00,2.3612598800,2.3612598800,2.3513386200,2.3612598800,649400
2024-07-30 11:15:00,2.3612598800,2.3711811400,2.3513386200,2.3612598800,2583600
2024-07-30 11:30:00,2.3612598800,2.3711811400,2.3513386200,2.3612598800,3178900
2024-07-30 13:15:00,2.3612598800,2.3612598800,2.3513386200,2.3612598800,391900
2024-07-30 13:30:00,2.3513386200,2.3612598800,2.3513386200,2.3513386200,563500
2024-07-30 13:45:00,2.3513386200,2.3711811400,2.3513386200,2.3711811400,1682000
2024-07-30 14:00:00,2.3711811400,2.3711811400,2.3513386200,2.3612598800,913700
2024-07-30 14:15:00,2.3612598800,2.3612598800,2.3513386200,2.3612598800,1083900
2024-07-30 14:30:00,2.3513386200,2.3612598800,2.3513386200,2.3612598800,1195100
2024-07-30 14:45:00,2.3612598800,2.3612598800,2.3513386200,2.3612598800,1091600
2024-07-30 15:00:00,2.3513386200,2.3711811400,2.3513386200,2.3612598800,4754000
2024-07-31 09:45:00,2.3612598800,2.4009449200,2.3513386200,2.3811024000,10789600
2024-07-31 10:00:00,2.3811024000,2.4009449200,2.3811024000,2.4009449200,5265700
2024-07-31 10:15:00,2.4009449200,2.4009449200,2.3811024000,2.3910236600,3398600
2024-07-31 10:30:00,2.3910236600,2.4009449200,2.3910236600,2.4009449200,1609400
2024-07-31 10:45:00,2.4009449200,2.4009449200,2.3910236600,2.4009449200,1411100
2024-07-31 11:00:00,2.3910236600,2.4108661800,2.3910236600,2.4108661800,5230600
2024-07-31 11:15:00,2.4108661800,2.4108661800,2.3910236600,2.4108661800,1595700
2024-07-31 11:30:00,2.4108661800,2.4207874400,2.4009449200,2.4207874400,3751700
2024-07-31 13:15:00,2.4207874400,2.4207874400,2.4108661800,2.4207874400,1491000
2024-07-31 13:30:00,2.4207874400,2.4307087000,2.4108661800,2.4207874400,3257400
2024-07-31 13:45:00,2.4207874400,2.4307087000,2.4108661800,2.4307087000,3363300
2024-07-31 14:00:00,2.4307087000,2.4307087000,2.4207874400,2.4307087000,1307900
2024-07-31 14:15:00,2.4207874400,2.4307087000,2.4108661800,2.4307087000,2492000
2024-07-31 14:30:00,2.4207874400,2.4307087000,2.4207874400,2.4207874400,1241600
2024-07-31 14:45:00,2.4307087000,2.4307087000,2.4207874400,2.4207874400,3643900
2024-07-31 15:00:00,2.4207874400,2.4307087000,2.4207874400,2.4307087000,6104300
2024-08-01 09:45:00,2.4207874400,2.4406299600,2.4207874400,2.4406299600,3770800
2024-08-01 10:00:00,2.4307087000,2.4406299600,2.4108661800,2.4406299600,7210600
2024-08-01 10:15:00,2.4307087000,2.4505512200,2.4307087000,2.4406299600,4389800
2024-08-01 10:30:00,2.4406299600,2.4505512200,2.4307087000,2.4406299600,3090900
2024-08-01 10:45:00,2.4307087000,2.4406299600,2.4307087000,2.4307087000,1382800
2024-08-01 11:00:00,2.4406299600,2.4406299600,2.4207874400,2.4307087000,3111600
2024-08-01 11:15:00,2.4207874400,2.4307087000,2.4207874400,2.4307087000,930100
2024-08-01 11:30:00,2.4307087000,2.4307087000,2.4207874400,2.4307087000,1355300
2024-08-01 13:15:00,2.4307087000,2.4307087000,2.4207874400,2.4207874400,1165500
2024-08-01 13:30:00,2.4307087000,2.4406299600,2.4207874400,2.4207874400,2034000
2024-08-01 13:45:00,2.4307087000,2.4307087000,2.4207874400,2.4307087000,475100
2024-08-01 14:00:00,2.4307087000,2.4307087000,2.4207874400,2.4207874400,1659500
2024-08-01 14:15:00,2.4207874400,2.4307087000,2.4108661800,2.4207874400,3199700
2024-08-01 14:30:00,2.4207874400,2.4307087000,2.4108661800,2.4207874400,591100
2024-08-01 14:45:00,2.4207874400,2.4307087000,2.4207874400,2.4307087000,1561400
2024-08-01 15:00:00,2.4307087000,2.4307087000,2.4108661800,2.4207874400,3064100
2024-08-02 09:45:00,2.4108661800,2.4207874400,2.3910236600,2.4108661800,8245200
2024-08-02 10:00:00,2.4108661800,2.4307087000,2.4108661800,2.4207874400,3666000
2024-08-02 10:15:00,2.4207874400,2.4307087000,2.4108661800,2.4207874400,1276400
2024-08-02 10:30:00,2.4207874400,2.4307087000,2.4108661800,2.4207874400,1572400
2024-08-02 10:45:00,2.4207874400,2.4207874400,2.4108661800,2.4108661800,449900
2024-08-02 11:00:00,2.4207874400,2.4207874400,2.4108661800,2.4207874400,742000
2024-08-02 11:15:00,2.4207874400,2.4207874400,2.4108661800,2.4108661800,412600
2024-08-02 11:30:00,2.4108661800,2.4307087000,2.4108661800,2.4108661800,2367100
2024-08-02 13:15:00,2.4108661800,2.4307087000,2.4108661800,2.4307087000,1005300
2024-08-02 13:30:00,2.4307087000,2.4307087000,2.4108661800,2.4207874400,4822900
2024-08-02 13:45:00,2.4207874400,2.4207874400,2.4108661800,2.4108661800,568700
2024-08-02 14:00:00,2.4207874400,2.4207874400,2.4009449200,2.4108661800,2731100
2024-08-02 14:15:00,2.4108661800,2.4207874400,2.4009449200,2.4009449200,1568100
2024-08-02 14:30:00,2.4108661800,2.4108661800,2.4009449200,2.4108661800,1403700
2024-08-02 14:45:00,2.4108661800,2.4108661800,2.3910236600,2.4009449200,2596700
2024-08-02 15:00:00,2.4009449200,2.4108661800,2.4009449200,2.4009449200,2995700
2024-08-05 09:45:00,2.4009449200,2.4406299600,2.3910236600,2.4207874400,13165400
2024-08-05 10:00:00,2.4207874400,2.4604724800,2.4207874400,2.4505512200,11845600
2024-08-05 10:15:00,2.4505512200,2.4505512200,2.4207874400,2.4207874400,5127200
2024-08-05 10:30:00,2.4307087000,2.4406299600,2.4207874400,2.4406299600,2394000
2024-08-05 10:45:00,2.4406299600,2.4505512200,2.4307087000,2.4406299600,2736800
2024-08-05 11:00:00,2.4505512200,2.4505512200,2.4406299600,2.4406299600,871400
2024-08-05 11:15:00,2.4406299600,2.4604724800,2.4406299600,2.4406299600,5411300
2024-08-05 11:30:00,2.4505512200,2.4604724800,2.4406299600,2.4406299600,1198100
2024-08-05 13:15:00,2.4406299600,2.4505512200,2.4207874400,2.4307087000,4619200
2024-08-05 13:30:00,2.4207874400,2.4307087000,2.4207874400,2.4207874400,2068700
2024-08-05 13:45:00,2.4207874400,2.4307087000,2.4108661800,2.4207874400,2523500
2024-08-05 14:00:00,2.4207874400,2.4207874400,2.4009449200,2.4009449200,2764600
2024-08-05 14:15:00,2.4009449200,2.4207874400,2.4009449200,2.4108661800,1431400
2024-08-05 14:30:00,2.4009449200,2.4207874400,2.4009449200,2.4108661800,922400
2024-08-05 14:45:00,2.4108661800,2.4207874400,2.4009449200,2.4009449200,2423000
2024-08-05 15:00:00,2.4009449200,2.4108661800,2.4009449200,2.4009449200,2780200
2024-08-06 09:45:00,2.4009449200,2.4406299600,2.4009449200,2.4307087000,8816800
2024-08-06 10:00:00,2.4307087000,2.4406299600,2.4207874400,2.4307087000,2794600
2024-08-06 10:15:00,2.4307087000,2.4307087000,2.4009449200,2.4108661800,3775400
2024-08-06 10:30:00,2.4108661800,2.4207874400,2.4009449200,2.4207874400,991500
2024-08-06 10:45:00,2.4207874400,2.4207874400,2.4108661800,2.4108661800,268500
2024-08-06 11:00:00,2.4108661800,2.4207874400,2.4108661800,2.4108661800,493500
2024-08-06 11:15:00,2.4108661800,2.4207874400,2.4108661800,2.4207874400,559400
2024-08-06 11:30:00,2.4207874400,2.4207874400,2.4009449200,2.4009449200,2208000
2024-08-06 13:15:00,2.4009449200,2.4108661800,2.3910236600,2.3910236600,2441800
2024-08-06 13:30:00,2.3910236600,2.4108661800,2.3910236600,2.4009449200,1889700
2024-08-06 13:45:00,2.3910236600,2.4108661800,2.3910236600,2.4009449200,1349000
2024-08-06 14:00:00,2.4009449200,2.4108661800,2.3910236600,2.4009449200,1464900
2024-08-06 14:15:00,2.4009449200,2.4009449200,2.3910236600,2.3910236600,718200
2024-08-06 14:30:00,2.4009449200,2.4009449200,2.3910236600,2.4009449200,946400
2024-08-06 14:45:00,2.4009449200,2.4108661800,2.3910236600,2.4009449200,1446700
2024-08-06 15:00:00,2.4009449200,2.4108661800,2.4009449200,2.4108661800,2598000
2024-08-07 09:45:00,2.4108661800,2.4108661800,2.3811024000,2.3811024000,6312300
2024-08-07 10:00:00,2.3910236600,2.4009449200,2.3811024000,2.3811024000,5549600
2024-08-07 10:15:00,2.3811024000,2.3910236600,2.3811024000,2.3811024000,934500
2024-08-07 10:30:00,2.3811024000,2.3910236600,2.3811024000,2.3910236600,1154300
2024-08-07 10:45:00,2.3910236600,2.3910236600,2.3811024000,2.3811024000,578600
2024-08-07 11:00:00,2.3811024000,2.3910236600,2.3811024000,2.3910236600,704200
2024-08-07 11:15:00,2.3811024000,2.3910236600,2.3811024000,2.3811024000,938700
2024-08-07 11:30:00,2.3910236600,2.3910236600,2.3811024000,2.3811024000,978400
2024-08-07 13:15:00,2.3910236600,2.3910236600,2.3811024000,2.3910236600,773800
2024-08-07 13:30:00,2.3910236600,2.4009449200,2.3811024000,2.4009449200,3069600
2024-08-07 13:45:00,2.4009449200,2.4009449200,2.3910236600,2.3910236600,938000
2024-08-07 14:00:00,2.3910236600,2.4009449200,2.3811024000,2.3910236600,2735700
2024-08-07 14:15:00,2.3811024000,2.3910236600,2.3811024000,2.3910236600,889300
2024-08-07 14:30:00,2.3910236600,2.3910236600,2.3811024000,2.3811024000,853700
2024-08-07 14:45:00,2.3811024000,2.3910236600,2.3811024000,2.3811024000,1650900
2024-08-07 15:00:00,2.3811024000,2.3910236600,2.3811024000,2.3811024000,3505900
2024-08-08 09:45:00,2.3811024000,2.3910236600,2.3711811400,2.3711811400,5671100
2024-08-08 10:00:00,2.3711811400,2.3811024000,2.3612598800,2.3711811400,2253200
2024-08-08 10:15:00,2.3612598800,2.3711811400,2.3612598800,2.3612598800,1099700
2024-08-08 10:30:00,2.3711811400,2.3811024000,2.3612598800,2.3811024000,4114700
2024-08-08 10:45:00,2.3811024000,2.3811024000,2.3711811400,2.3811024000,567000
2024-08-08 11:00:00,2.3811024000,2.3910236600,2.3711811400,2.3910236600,3228800
2024-08-08 11:15:00,2.3910236600,2.4009449200,2.3811024000,2.4009449200,3377900
2024-08-08 11:30:00,2.4009449200,2.4009449200,2.3910236600,2.4009449200,1348700
2024-08-08 13:15:00,2.4009449200,2.4009449200,2.3910236600,2.3910236600,877900
2024-08-08 13:30:00,2.4009449200,2.4108661800,2.3910236600,2.4108661800,3146500
2024-08-08 13:45:00,2.4108661800,2.4108661800,2.4009449200,2.4108661800,808200
2024-08-08 14:00:00,2.4108661800,2.4108661800,2.4009449200,2.4009449200,1266900
2024-08-08 14:15:00,2.4108661800,2.4108661800,2.3910236600,2.4009449200,5652800
2024-08-08 14:30:00,2.4009449200,2.4108661800,2.4009449200,2.4009449200,1333700
2024-08-08 14:45:00,2.4009449200,2.4108661800,2.3910236600,2.4009449200,2014900
2024-08-08 15:00:00,2.3910236600,2.4108661800,2.3910236600,2.3910236600,2689900
2024-08-09 09:45:00,2.3910236600,2.4207874400,2.3910236600,2.4108661800,8354200
2024-08-09 10:00:00,2.4108661800,2.4108661800,2.3910236600,2.3910236600,2137500
2024-08-09 10:15:00,2.4009449200,2.4009449200,2.3910236600,2.3910236600,694500
2024-08-09 10:30:00,2.3910236600,2.4009449200,2.3811024000,2.3910236600,3961900
2024-08-09 10:45:00,2.3811024000,2.4009449200,2.3811024000,2.4009449200,1614200
2024-08-09 11:00:00,2.4009449200,2.4009449200,2.3811024000,2.3811024000,1687300
2024-08-09 11:15:00,2.3910236600,2.4009449200,2.3811024000,2.3910236600,868700
2024-08-09 11:30:00,2.4009449200,2.4009449200,2.3811024000,2.3811024000,1016200
2024-08-09 13:15:00,2.3910236600,2.3910236600,2.3711811400,2.3711811400,4877300
2024-08-09 13:30:00,2.3811024000,2.3811024000,2.3711811400,2.3711811400,745700
2024-08-09 13:45:00,2.3811024000,2.3811024000,2.3711811400,2.3711811400,801300
2024-08-09 14:00:00,2.3711811400,2.3811024000,2.3612598800,2.3612598800,3841400
2024-08-09 14:15:00,2.3612598800,2.3711811400,2.3612598800,2.3612598800,501800
2024-08-09 14:30:00,2.3612598800,2.3711811400,2.3612598800,2.3612598800,748800
2024-08-09 14:45:00,2.3612598800,2.3811024000,2.3612598800,2.3711811400,2055500
2024-08-09 15:00:00,2.3711811400,2.3811024000,2.3612598800,2.3612598800,2930500
2024-08-12 09:45:00,2.3612598800,2.3711811400,2.3513386200,2.3612598800,3911600
2024-08-12 10:00:00,2.3513386200,2.3711811400,2.3513386200,2.3513386200,3076900
2024-08-12 10:15:00,2.3612598800,2.3612598800,2.3513386200,2.3612598800,778800
2024-08-12 10:30:00,2.3612598800,2.3612598800,2.3513386200,2.3612598800,852300
2024-08-12 10:45:00,2.3612598800,2.3612598800,2.3513386200,2.3513386200,1817100
2024-08-12 11:00:00,2.3612598800,2.3612598800,2.3513386200,2.3513386200,913400
2024-08-12 11:15:00,2.3612598800,2.3612598800,2.3414173600,2.3513386200,3319600
2024-08-12 11:30:00,2.3513386200,2.3513386200,2.3414173600,2.3414173600,863500
2024-08-12 13:15:00,2.3513386200,2.3612598800,2.3414173600,2.3612598800,3175200
2024-08-12 13:30:00,2.3612598800,2.3612598800,2.3513386200,2.3612598800,1021700
2024-08-12 13:45:00,2.3612598800,2.3612598800,2.3414173600,2.3414173600,1989000
2024-08-12 14:00:00,2.3513386200,2.3513386200,2.3414173600,2.3513386200,806600
2024-08-12 14:15:00,2.3414173600,2.3513386200,2.3414173600,2.3414173600,3077200
2024-08-12 14:30:00,2.3414173600,2.3513386200,2.3414173600,2.3414173600,663500
2024-08-12 14:45:00,2.3513386200,2.3513386200,2.3414173600,2.3414173600,715700
2024-08-12 15:00:00,2.3414173600,2.3513386200,2.3414173600,2.3414173600,2904200
2024-08-13 09:45:00,2.3513386200,2.3811024000,2.3414173600,2.3513386200,12080000
2024-08-13 10:00:00,2.3612598800,2.3711811400,2.3414173600,2.3612598800,2874800
2024-08-13 10:15:00,2.3711811400,2.3711811400,2.3513386200,2.3612598800,3308300
2024-08-13 10:30:00,2.3711811400,2.3711811400,2.3612598800,2.3711811400,354400
2024-08-13 10:45:00,2.3711811400,2.3711811400,2.3513386200,2.3612598800,876400
2024-08-13 11:00:00,2.3612598800,2.3612598800,2.3513386200,2.3612598800,503000
2024-08-13 11:15:00,2.3513386200,2.3612598800,2.3414173600,2.3513386200,2678400
2024-08-13 11:30:00,2.3513386200,2.3612598800,2.3414173600,2.3513386200,753900
2024-08-13 13:15:00,2.3513386200,2.3513386200,2.3414173600,2.3414173600,572800
2024-08-13 13:30:00,2.3414173600,2.3612598800,2.3414173600,2.3513386200,1214500
2024-08-13 13:45:00,2.3513386200,2.3612598800,2.3414173600,2.3513386200,1211500
2024-08-13 14:00:00,2.3414173600,2.3513386200,2.3414173600,2.3513386200,309500
2024-08-13 14:15:00,2.3513386200,2.3513386200,2.3314961000,2.3314961000,3608000
2024-08-13 14:30:00,2.3314961000,2.3513386200,2.3314961000,2.3513386200,865000
2024-08-13 14:45:00,2.3513386200,2.3513386200,2.3414173600,2.3513386200,2097500
2024-08-13 15:00:00,2.3513386200,2.3612598800,2.3414173600,2.3513386200,2042900
2024-08-14 09:45:00,2.3513386200,2.3612598800,2.3314961000,2.3314961000,6013900
2024-08-14 10:00:00,2.3314961000,2.3414173600,2.3215748400,2.3314961000,5721100
2024-08-14 10:15:00,2.3314961000,2.3414173600,2.3215748400,2.3314961000,4470500
2024-08-14 10:30:00,2.3414173600,2.3414173600,2.3314961000,2.3314961000,985000
2024-08-14 10:45:00,2.3414173600,2.3414173600,2.3314961000,2.3314961000,923500
2024-08-14 11:00:00,2.3314961000,2.3513386200,2.3314961000,2.3414173600,2263200
2024-08-14 11:15:00,2.3414173600,2.3414173600,2.3314961000,2.3314961000,239200
2024-08-14 11:30:00,2.3414173600,2.3414173600,2.3314961000,2.3314961000,325000
2024-08-14 13:15:00,2.3314961000,2.3414173600,2.3314961000,2.3314961000,995600
2024-08-14 13:30:00,2.3314961000,2.3414173600,2.3314961000,2.3314961000,507700
2024-08-14 13:45:00,2.3314961000,2.3414173600,2.3314961000,2.3314961000,344900
2024-08-14 14:00:00,2.3414173600,2.3414173600,2.3215748400,2.3215748400,3654700
2024-08-14 14:15:00,2.3314961000,2.3314961000,2.3215748400,2.3314961000,664300
2024-08-14 14:30:00,2.3314961000,2.3314961000,2.3215748400,2.3314961000,661600
2024-08-14 14:45:00,2.3215748400,2.3314961000,2.3215748400,2.3314961000,1435100
2024-08-14 15:00:00,2.3215748400,2.3414173600,2.3215748400,2.3215748400,6022100
2024-08-15 09:45:00,2.3215748400,2.3414173600,2.3215748400,2.3215748400,6415300
2024-08-15 10:00:00,2.3215748400,2.3414173600,2.3215748400,2.3215748400,1872000
2024-08-15 10:15:00,2.3215748400,2.3513386200,2.3215748400,2.3513386200,8410700
2024-08-15 10:30:00,2.3513386200,2.3612598800,2.3414173600,2.3612598800,8107300
2024-08-15 10:45:00,2.3612598800,2.3612598800,2.3513386200,2.3612598800,1425000
2024-08-15 11:00:00,2.3612598800,2.3612598800,2.3414173600,2.3414173600,1559000
2024-08-15 11:15:00,2.3513386200,2.3513386200,2.3414173600,2.3513386200,999900
2024-08-15 11:30:00,2.3513386200,2.3513386200,2.3414173600,2.3414173600,522600
2024-08-15 13:15:00,2.3513386200,2.3513386200,2.3414173600,2.3513386200,900800
2024-08-15 13:30:00,2.3513386200,2.3513386200,2.3414173600,2.3513386200,954200
2024-08-15 13:45:00,2.3513386200,2.3513386200,2.3314961000,2.3314961000,2565400
2024-08-15 14:00:00,2.3314961000,2.3414173600,2.3314961000,2.3314961000,647100
2024-08-15 14:15:00,2.3314961000,2.3414173600,2.3314961000,2.3414173600,992700
2024-08-15 14:30:00,2.3414173600,2.3414173600,2.3314961000,2.3414173600,1539400
2024-08-15 14:45:00,2.3414173600,2.3513386200,2.3314961000,2.3513386200,1575400
2024-08-15 15:00:00,2.3513386200,2.3513386200,2.3414173600,2.3513386200,2226900
2024-08-16 09:45:00,2.3513386200,2.3711811400,2.3414173600,2.3612598800,7740600
2024-08-16 10:00:00,2.3612598800,2.3711811400,2.3513386200,2.3612598800,3354600
2024-08-16 10:15:00,2.3612598800,2.3711811400,2.3513386200,2.3612598800,4750400
2024-08-16 10:30:00,2.3711811400,2.3711811400,2.3612598800,2.3711811400,1151700
2024-08-16 10:45:00,2.3711811400,2.3711811400,2.3513386200,2.3612598800,2316700
2024-08-16 11:00:00,2.3612598800,2.3612598800,2.3513386200,2.3612598800,576600
2024-08-16 11:15:00,2.3513386200,2.3612598800,2.3513386200,2.3612598800,529300
2024-08-16 11:30:00,2.3612598800,2.3612598800,2.3513386200,2.3612598800,881100
2024-08-16 13:15:00,2.3513386200,2.3612598800,2.3414173600,2.3612598800,3416200
2024-08-16 13:30:00,2.3612598800,2.3612598800,2.3513386200,2.3513386200,592000
2024-08-16 13:45:00,2.3513386200,2.3612598800,2.3513386200,2.3513386200,2049500
2024-08-16 14:00:00,2.3513386200,2.3612598800,2.3513386200,2.3513386200,1054300
2024-08-16 14:15:00,2.3513386200,2.3612598800,2.3414173600,2.3612598800,985400
2024-08-16 14:30:00,2.3513386200,2.3612598800,2.3513386200,2.3513386200,985800
2024-08-16 14:45:00,2.3513386200,2.3612598800,2.3513386200,2.3513386200,1142100
2024-08-16 15:00:00,2.3513386200,2.3612598800,2.3513386200,2.3612598800,2630500
2024-08-19 09:45:00,2.3513386200,2.3910236600,2.3513386200,2.3711811400,12432400
2024-08-19 10:00:00,2.3811024000,2.4009449200,2.3811024000,2.3910236600,7957500
2024-08-19 10:15:00,2.4009449200,2.4009449200,2.3910236600,2.4009449200,1720100
2024-08-19 10:30:00,2.4009449200,2.4009449200,2.3910236600,2.4009449200,1894900
2024-08-19 10:45:00,2.4009449200,2.4009449200,2.3811024000,2.3910236600,3226700
2024-08-19 11:00:00,2.3910236600,2.4009449200,2.3910236600,2.3910236600,792300
2024-08-19 11:15:00,2.4009449200,2.4009449200,2.3910236600,2.4009449200,507300
2024-08-19 11:30:00,2.3910236600,2.4009449200,2.3910236600,2.3910236600,928000
2024-08-19 13:15:00,2.4009449200,2.4009449200,2.3811024000,2.3811024000,3013300
2024-08-19 13:30:00,2.3811024000,2.4009449200,2.3811024000,2.4009449200,2216200
2024-08-19 13:45:00,2.4009449200,2.4009449200,2.3910236600,2.4009449200,1053800
2024-08-19 14:00:00,2.3910236600,2.4009449200,2.3910236600,2.3910236600,1357900
2024-08-19 14:15:00,2.3910236600,2.4009449200,2.3910236600,2.4009449200,758200
2024-08-19 14:30:00,2.4009449200,2.4009449200,2.3910236600,2.4009449200,1296300
2024-08-19 14:45:00,2.4009449200,2.4009449200,2.3910236600,2.3910236600,2706300
2024-08-19 15:00:00,2.3910236600,2.4009449200,2.3910236600,2.4009449200,3129100
2024-08-20 09:45:00,2.4009449200,2.4108661800,2.3811024000,2.3811024000,5445400
2024-08-20 10:00:00,2.3910236600,2.3910236600,2.3711811400,2.3711811400,6619200
2024-08-20 10:15:00,2.3711811400,2.3811024000,2.3612598800,2.3711811400,8009900
2024-08-20 10:30:00,2.3711811400,2.3711811400,2.3513386200,2.3513386200,5537600
2024-08-20 10:45:00,2.3612598800,2.3612598800,2.3513386200,2.3513386200,1656600
2024-08-20 11:00:00,2.3513386200,2.3612598800,2.3414173600,2.3612598800,4151200
2024-08-20 11:15:00,2.3513386200,2.3612598800,2.3414173600,2.3612598800,1921200
2024-08-20 11:30:00,2.3612598800,2.3612598800,2.3513386200,2.3612598800,740700
2024-08-20 13:15:00,2.3513386200,2.3612598800,2.3414173600,2.3513386200,1259000
2024-08-20 13:30:00,2.3513386200,2.3612598800,2.3513386200,2.3612598800,639600
2024-08-20 13:45:00,2.3612598800,2.3612598800,2.3414173600,2.3513386200,2695300
2024-08-20 14:00:00,2.3414173600,2.3612598800,2.3414173600,2.3513386200,2267400
2024-08-20 14:15:00,2.3513386200,2.3612598800,2.3414173600,2.3414173600,542100
2024-08-20 14:30:00,2.3414173600,2.3513386200,2.3414173600,2.3513386200,1322900
2024-08-20 14:45:00,2.3414173600,2.3612598800,2.3414173600,2.3414173600,2555600
2024-08-20 15:00:00,2.3414173600,2.3612598800,2.3414173600,2.3513386200,1569800
2024-08-21 09:45:00,2.3414173600,2.3513386200,2.3314961000,2.3414173600,3878800
2024-08-21 10:00:00,2.3414173600,2.3513386200,2.3314961000,2.3314961000,1806700
2024-08-21 10:15:00,2.3314961000,2.3414173600,2.3314961000,2.3414173600,1444300
2024-08-21 10:30:00,2.3314961000,2.3414173600,2.3314961000,2.3414173600,760400
2024-08-21 10:45:00,2.3414173600,2.3414173600,2.3116535800,2.3116535800,8768600
2024-08-21 11:00:00,2.3116535800,2.3215748400,2.3017323200,2.3215748400,4374600
2024-08-21 11:15:00,2.3215748400,2.3215748400,2.3116535800,2.3215748400,982300
2024-08-21 11:30:00,2.3116535800,2.3215748400,2.3116535800,2.3116535800,698600
2024-08-21 13:15:00,2.3116535800,2.3215748400,2.3116535800,2.3116535800,1763700
2024-08-21 13:30:00,2.3116535800,2.3215748400,2.3116535800,2.3215748400,694800
2024-08-21 13:45:00,2.3215748400,2.3314961000,2.3116535800,2.3314961000,2962000
2024-08-21 14:00:00,2.3314961000,2.3314961000,2.3215748400,2.3215748400,677800
2024-08-21 14:15:00,2.3314961000,2.3314961000,2.3116535800,2.3215748400,1833400
2024-08-21 14:30:00,2.3215748400,2.3314961000,2.3215748400,2.3215748400,614500
2024-08-21 14:45:00,2.3314961000,2.3314961000,2.3215748400,2.3314961000,722000
2024-08-21 15:00:00,2.3314961000,2.3314961000,2.3215748400,2.3314961000,1996200
2024-08-22 09:45:00,2.3215748400,2.3314961000,2.3116535800,2.3215748400,3756700
2024-08-22 10:00:00,2.3215748400,2.3314961000,2.3116535800,2.3116535800,1521900
2024-08-22 10:15:00,2.3215748400,2.3314961000,2.3116535800,2.3215748400,2618500
2024-08-22 10:30:00,2.3116535800,2.3215748400,2.3116535800,2.3215748400,456800
2024-08-22 10:45:00,2.3116535800,2.3314961000,2.3116535800,2.3215748400,792800
2024-08-22 11:00:00,2.3215748400,2.3314961000,2.3116535800,2.3215748400,1806900
2024-08-22 11:15:00,2.3215748400,2.3314961000,2.3116535800,2.3215748400,1951700
2024-08-22 11:30:00,2.3215748400,2.3314961000,2.3116535800,2.3215748400,511200
2024-08-22 13:15:00,2.3215748400,2.3314961000,2.3116535800,2.3215748400,1134500
2024-08-22 13:30:00,2.3215748400,2.3314961000,2.3116535800,2.3314961000,532200
2024-08-22 13:45:00,2.3314961000,2.3314961000,2.3116535800,2.3215748400,809500
2024-08-22 14:00:00,2.3215748400,2.3215748400,2.3116535800,2.3116535800,776400
2024-08-22 14:15:00,2.3116535800,2.3215748400,2.3116535800,2.3116535800,1449700
2024-08-22 14:30:00,2.3116535800,2.3215748400,2.3116535800,2.3116535800,976200
2024-08-22 14:45:00,2.3116535800,2.3215748400,2.3116535800,2.3116535800,1137400
2024-08-22 15:00:00,2.3116535800,2.3215748400,2.3116535800,2.3116535800,2945300
2024-08-23 09:45:00,2.3116535800,2.3215748400,2.3017323200,2.3215748400,3039300
2024-08-23 10:00:00,2.3116535800,2.3215748400,2.3017323200,2.3116535800,2362300
2024-08-23 10:15:00,2.3116535800,2.3116535800,2.2918110600,2.3116535800,3356700
2024-08-23 10:30:00,2.3017323200,2.3116535800,2.2918110600,2.3017323200,1978300
2024-08-23 10:45:00,2.2918110600,2.3017323200,2.2818898000,2.2818898000,4682800
2024-08-23 11:00:00,2.2818898000,2.2918110600,2.2818898000,2.2918110600,1010100
2024-08-23 11:15:00,2.2918110600,2.3116535800,2.2818898000,2.3017323200,2728000
2024-08-23 11:30:00,2.2918110600,2.3116535800,2.2918110600,2.3116535800,2986200
2024-08-23 13:15:00,2.3116535800,2.3116535800,2.2918110600,2.2918110600,2216500
2024-08-23 13:30:00,2.3017323200,2.3017323200,2.2918110600,2.3017323200,404000
2024-08-23 13:45:00,2.3017323200,2.3116535800,2.2918110600,2.3017323200,2406400
2024-08-23 14:00:00,2.3017323200,2.3116535800,2.2918110600,2.2918110600,1474700
2024-08-23 14:15:00,2.3017323200,2.3017323200,2.2918110600,2.2918110600,389300
2024-08-23 14:30:00,2.3017323200,2.3017323200,2.2918110600,2.3017323200,783600
2024-08-23 14:45:00,2.3017323200,2.3116535800,2.3017323200,2.3017323200,800700
2024-08-23 15:00:00,2.3116535800,2.3215748400,2.3017323200,2.3116535800,3694900
2024-08-26 09:45:00,2.3116535800,2.3116535800,2.2918110600,2.3017323200,4149400
2024-08-26 10:00:00,2.3017323200,2.3116535800,2.2918110600,2.3116535800,2692100
2024-08-26 10:15:00,2.3116535800,2.3215748400,2.3017323200,2.3215748400,2261000
2024-08-26 10:30:00,2.3116535800,2.3215748400,2.3017323200,2.3116535800,2308300
2024-08-26 10:45:00,2.3116535800,2.3215748400,2.3017323200,2.3017323200,1092900
2024-08-26 11:00:00,2.3116535800,2.3116535800,2.3017323200,2.3017323200,681400
2024-08-26 11:15:00,2.3017323200,2.3116535800,2.3017323200,2.3017323200,373200
2024-08-26 11:30:00,2.3017323200,2.3116535800,2.3017323200,2.3116535800,516700
2024-08-26 13:15:00,2.3017323200,2.3116535800,2.2918110600,2.2918110600,2985000
2024-08-26 13:30:00,2.3017323200,2.3017323200,2.2918110600,2.2918110600,1669200
2024-08-26 13:45:00,2.2918110600,2.3017323200,2.2918110600,2.3017323200,496700
2024-08-26 14:00:00,2.3017323200,2.3017323200,2.2918110600,2.3017323200,1182400
2024-08-26 14:15:00,2.2918110600,2.3017323200,2.2918110600,2.2918110600,1819600
2024-08-26 14:30:00,2.2918110600,2.3017323200,2.2918110600,2.2918110600,595700
2024-08-26 14:45:00,2.2918110600,2.3017323200,2.2918110600,2.2918110600,1204600
2024-08-26 15:00:00,2.2918110600,2.3017323200,2.2918110600,2.3017323200,2383200
2024-08-27 09:45:00,2.2918110600,2.3017323200,2.2818898000,2.3017323200,4169800
2024-08-27 10:00:00,2.2918110600,2.3017323200,2.2818898000,2.3017323200,4059700
2024-08-27 10:15:00,2.3017323200,2.3017323200,2.2818898000,2.3017323200,1799400
2024-08-27 10:30:00,2.3017323200,2.3017323200,2.2818898000,2.2818898000,1966900
2024-08-27 10:45:00,2.2818898000,2.3017323200,2.2818898000,2.2918110600,1039700
2024-08-27 11:00:00,2.2918110600,2.3017323200,2.2818898000,2.2818898000,789700
2024-08-27 11:15:00,2.2918110600,2.2918110600,2.2818898000,2.2918110600,1237700
2024-08-27 11:30:00,2.2918110600,2.2918110600,2.2818898000,2.2918110600,497800
2024-08-27 13:15:00,2.2818898000,2.2918110600,2.2818898000,2.2918110600,456900
2024-08-27 13:30:00,2.2818898000,2.2918110600,2.2818898000,2.2918110600,539700
2024-08-27 13:45:00,2.2818898000,2.2918110600,2.2818898000,2.2818898000,224500
2024-08-27 14:00:00,2.2818898000,2.2918110600,2.2818898000,2.2918110600,692000
2024-08-27 14:15:00,2.2818898000,2.2918110600,2.2818898000,2.2918110600,504800
2024-08-27 14:30:00,2.2818898000,2.2918110600,2.2719685400,2.2918110600,3575100
2024-08-27 14:45:00,2.2918110600,2.2918110600,2.2719685400,2.2818898000,1115700
2024-08-27 15:00:00,2.2818898000,2.2918110600,2.2719685400,2.2719685400,1370500
2024-08-28 09:45:00,2.2818898000,2.3017323200,2.2818898000,2.3017323200,5751500
2024-08-28 10:00:00,2.3017323200,2.3017323200,2.2918110600,2.3017323200,790900
2024-08-28 10:15:00,2.3017323200,2.3116535800,2.2918110600,2.3017323200,5509500
2024-08-28 10:30:00,2.3017323200,2.3116535800,2.3017323200,2.3017323200,735700
2024-08-28 10:45:00,2.3017323200,2.3116535800,2.3017323200,2.3116535800,610100
2024-08-28 11:00:00,2.3116535800,2.3215748400,2.3017323200,2.3116535800,5731300
2024-08-28 11:15:00,2.3116535800,2.3215748400,2.3017323200,2.3116535800,875900
2024-08-28 11:30:00,2.3116535800,2.3116535800,2.3017323200,2.3017323200,757500
2024-08-28 13:15:00,2.3017323200,2.3017323200,2.2918110600,2.3017323200,1937100
2024-08-28 13:30:00,2.2918110600,2.3017323200,2.2918110600,2.2918110600,1196600
2024-08-28 13:45:00,2.2918110600,2.3017323200,2.2818898000,2.2918110600,3227500
2024-08-28 14:00:00,2.2918110600,2.3017323200,2.2818898000,2.3017323200,630900
2024-08-28 14:15:00,2.3017323200,2.3017323200,2.2818898000,2.2818898000,1155400
2024-08-28 14:30:00,2.2918110600,2.3017323200,2.2818898000,2.2918110600,889900
2024-08-28 14:45:00,2.3017323200,2.3017323200,2.2818898000,2.2818898000,680200
2024-08-28 15:00:00,2.2818898000,2.2918110600,2.2818898000,2.2918110600,964600
2024-08-29 09:45:00,2.2918110600,2.2918110600,2.2719685400,2.2818898000,3851700
2024-08-29 10:00:00,2.2719685400,2.2818898000,2.2719685400,2.2818898000,1501700
2024-08-29 10:15:00,2.2818898000,2.2818898000,2.2620472800,2.2620472800,5651000
2024-08-29 10:30:00,2.2620472800,2.2719685400,2.2620472800,2.2620472800,4535200
2024-08-29 10:45:00,2.2719685400,2.2818898000,2.2620472800,2.2818898000,2445600
2024-08-29 11:00:00,2.2818898000,2.2918110600,2.2719685400,2.2818898000,4324900
2024-08-29 11:15:00,2.2818898000,2.2918110600,2.2719685400,2.2719685400,1136100
2024-08-29 11:30:00,2.2719685400,2.2818898000,2.2719685400,2.2719685400,516000
2024-08-29 13:15:00,2.2719685400,2.2818898000,2.2719685400,2.2818898000,504500
2024-08-29 13:30:00,2.2719685400,2.2918110600,2.2719685400,2.2818898000,1720000
2024-08-29 13:45:00,2.2719685400,2.2818898000,2.2719685400,2.2719685400,380500
2024-08-29 14:00:00,2.2719685400,2.2818898000,2.2719685400,2.2818898000,327300
2024-08-29 14:15:00,2.2719685400,2.2818898000,2.2719685400,2.2719685400,1629900
2024-08-29 14:30:00,2.2719685400,2.2818898000,2.2719685400,2.2818898000,744100
2024-08-29 14:45:00,2.2818898000,2.2818898000,2.2719685400,2.2719685400,890200
2024-08-29 15:00:00,2.2719685400,2.2818898000,2.2719685400,2.2719685400,2377900
2024-08-30 09:45:00,2.2719685400,2.3017323200,2.2719685400,2.3017323200,7925400
2024-08-30 10:00:00,2.2918110600,2.3116535800,2.2918110600,2.3116535800,5724200
2024-08-30 10:15:00,2.3116535800,2.3116535800,2.3017323200,2.3116535800,3681700
2024-08-30 10:30:00,2.3116535800,2.3116535800,2.3017323200,2.3116535800,2170600
2024-08-30 10:45:00,2.3116535800,2.3116535800,2.3017323200,2.3116535800,1085300
2024-08-30 11:00:00,2.3116535800,2.3314961000,2.3017323200,2.3215748400,7512400
2024-08-30 11:15:00,2.3314961000,2.3314961000,2.3116535800,2.3215748400,1281700
2024-08-30 11:30:00,2.3215748400,2.3314961000,2.3116535800,2.3314961000,1105400
2024-08-30 13:15:00,2.3215748400,2.3314961000,2.3116535800,2.3314961000,3228700
2024-08-30 13:30:00,2.3314961000,2.3414173600,2.3215748400,2.3414173600,2009400
2024-08-30 13:45:00,2.3414173600,2.3414173600,2.3215748400,2.3314961000,2647400
2024-08-30 14:00:00,2.3314961000,2.3414173600,2.3215748400,2.3215748400,3240200
2024-08-30 14:15:00,2.3314961000,2.3314961000,2.3215748400,2.3215748400,836800
2024-08-30 14:30:00,2.3215748400,2.3314961000,2.3215748400,2.3215748400,1310000
2024-08-30 14:45:00,2.3314961000,2.3314961000,2.3215748400,2.3314961000,2064000
2024-08-30 15:00:00,2.3215748400,2.3414173600,2.3215748400,2.3414173600,8461600
2024-09-02 09:45:00,2.3116535800,2.3116535800,2.2422047600,2.2521260200,29282400
2024-09-02 10:00:00,2.2422047600,2.2620472800,2.2422047600,2.2521260200,6961800
2024-09-02 10:15:00,2.2422047600,2.2521260200,2.2322835000,2.2322835000,13047200
2024-09-02 10:30:00,2.2322835000,2.2422047600,2.2322835000,2.2322835000,4190400
2024-09-02 10:45:00,2.2422047600,2.2422047600,2.2223622400,2.2223622400,4412800
2024-09-02 11:00:00,2.2322835000,2.2322835000,2.2223622400,2.2223622400,3951700
2024-09-02 11:15:00,2.2223622400,2.2322835000,2.2223622400,2.2223622400,2130100
2024-09-02 11:30:00,2.2223622400,2.2322835000,2.2124409800,2.2223622400,3326900
2024-09-02 13:15:00,2.2223622400,2.2322835000,2.2223622400,2.2223622400,2216400
2024-09-02 13:30:00,2.2322835000,2.2322835000,2.2223622400,2.2223622400,1271800
2024-09-02 13:45:00,2.2223622400,2.2322835000,2.2124409800,2.2223622400,2785500
2024-09-02 14:00:00,2.2223622400,2.2322835000,2.2223622400,2.2322835000,1217700
2024-09-02 14:15:00,2.2223622400,2.2422047600,2.2223622400,2.2322835000,4760600
2024-09-02 14:30:00,2.2322835000,2.2422047600,2.2223622400,2.2422047600,1941100
2024-09-02 14:45:00,2.2422047600,2.2422047600,2.2322835000,2.2322835000,1485900
2024-09-02 15:00:00,2.2322835000,2.2422047600,2.2223622400,2.2223622400,2830000
2024-09-03 09:45:00,2.2322835000,2.2521260200,2.2223622400,2.2422047600,10338000
2024-09-03 10:00:00,2.2422047600,2.2521260200,2.2322835000,2.2422047600,3303200
2024-09-03 10:15:00,2.2322835000,2.2422047600,2.2223622400,2.2422047600,3332900
2024-09-03 10:30:00,2.2322835000,2.2422047600,2.2223622400,2.2322835000,2286600
2024-09-03 10:45:00,2.2223622400,2.2422047600,2.2223622400,2.2322835000,2172400
2024-09-03 11:00:00,2.2322835000,2.2322835000,2.2223622400,2.2223622400,804300
2024-09-03 11:15:00,2.2223622400,2.2322835000,2.2124409800,2.2223622400,3319800
2024-09-03 11:30:00,2.2223622400,2.2223622400,2.2124409800,2.2124409800,1179900
2024-09-03 13:15:00,2.2223622400,2.2223622400,2.2124409800,2.2124409800,768700
2024-09-03 13:30:00,2.2124409800,2.2223622400,2.2124409800,2.2223622400,624100
2024-09-03 13:45:00,2.2124409800,2.2223622400,2.2124409800,2.2124409800,560200
2024-09-03 14:00:00,2.2124409800,2.2223622400,2.2124409800,2.2124409800,732600
2024-09-03 14:15:00,2.2124409800,2.2223622400,2.2124409800,2.2223622400,890700
2024-09-03 14:30:00,2.2223622400,2.2322835000,2.2124409800,2.2322835000,2309200
2024-09-03 14:45:00,2.2223622400,2.2322835000,2.2223622400,2.2223622400,875100
2024-09-03 15:00:00,2.2223622400,2.2322835000,2.2223622400,2.2223622400,2746900
2024-09-04 09:45:00,2.2124409800,2.2124409800,2.1925984600,2.1925984600,6024700
2024-09-04 10:00:00,2.1925984600,2.2025197200,2.1826772000,2.1826772000,3081000
2024-09-04 10:15:00,2.1925984600,2.2025197200,2.1826772000,2.1925984600,3631100
2024-09-04 10:30:00,2.1826772000,2.1925984600,2.1727559400,2.1826772000,7793200
2024-09-04 10:45:00,2.1826772000,2.1925984600,2.1826772000,2.1826772000,2090000
2024-09-04 11:00:00,2.1826772000,2.1925984600,2.1826772000,2.1826772000,1126900
2024-09-04 11:15:00,2.1826772000,2.1925984600,2.1826772000,2.1826772000,2981400
2024-09-04 11:30:00,2.1826772000,2.1925984600,2.1826772000,2.1925984600,437400
2024-09-04 13:15:00,2.1826772000,2.1826772000,2.1628346800,2.1628346800,8695200
2024-09-04 13:30:00,2.1727559400,2.1727559400,2.1628346800,2.1727559400,1467600
2024-09-04 13:45:00,2.1628346800,2.1727559400,2.1628346800,2.1628346800,4081900
2024-09-04 14:00:00,2.1628346800,2.1727559400,2.1628346800,2.1628346800,1109900
2024-09-04 14:15:00,2.1628346800,2.1727559400,2.1529134200,2.1529134200,2941200
2024-09-04 14:30:00,2.1529134200,2.1628346800,2.1529134200,2.1628346800,1466900
2024-09-04 14:45:00,2.1529134200,2.1628346800,2.1529134200,2.1529134200,1691900
2024-09-04 15:00:00,2.1628346800,2.1628346800,2.1529134200,2.1529134200,5090800
2024-09-05 09:45:00,2.1628346800,2.1727559400,2.1529134200,2.1529134200,7271500
2024-09-05 10:00:00,2.1529134200,2.1628346800,2.1529134200,2.1529134200,1752600
2024-09-05 10:15:00,2.1529134200,2.1727559400,2.1529134200,2.1628346800,3982000
2024-09-05 10:30:00,2.1529134200,2.1727559400,2.1529134200,2.1628346800,1905100
2024-09-05 10:45:00,2.1628346800,2.1727559400,2.1529134200,2.1727559400,1732400
2024-09-05 11:00:00,2.1628346800,2.1727559400,2.1628346800,2.1628346800,540200
2024-09-05 11:15:00,2.1628346800,2.1727559400,2.1628346800,2.1727559400,456500
2024-09-05 11:30:00,2.1628346800,2.1727559400,2.1628346800,2.1628346800,1009100
2024-09-05 13:15:00,2.1727559400,2.1727559400,2.1628346800,2.1628346800,676800
2024-09-05 13:30:00,2.1628346800,2.1727559400,2.1529134200,2.1628346800,2048400
2024-09-05 13:45:00,2.1529134200,2.1727559400,2.1529134200,2.1529134200,1027200
2024-09-05 14:00:00,2.1529134200,2.1628346800,2.1529134200,2.1628346800,903200
2024-09-05 14:15:00,2.1529134200,2.1628346800,2.1529134200,2.1529134200,492300
2024-09-05 14:30:00,2.1529134200,2.1727559400,2.1529134200,2.1727559400,1563200
2024-09-05 14:45:00,2.1628346800,2.1727559400,2.1628346800,2.1727559400,526400
2024-09-05 15:00:00,2.1727559400,2.1727559400,2.1628346800,2.1628346800,2711800
2024-09-06 09:45:00,2.1727559400,2.1727559400,2.1628346800,2.1628346800,1921600
2024-09-06 10:00:00,2.1628346800,2.1826772000,2.1628346800,2.1826772000,4162000
2024-09-06 10:15:00,2.1826772000,2.1826772000,2.1727559400,2.1727559400,1215900
2024-09-06 10:30:00,2.1727559400,2.1826772000,2.1727559400,2.1727559400,1334100
2024-09-06 10:45:00,2.1826772000,2.1826772000,2.1727559400,2.1727559400,1035000
2024-09-06 11:00:00,2.1826772000,2.1826772000,2.1628346800,2.1727559400,3984500
2024-09-06 11:15:00,2.1727559400,2.1826772000,2.1628346800,2.1628346800,1316200
2024-09-06 11:30:00,2.1628346800,2.1727559400,2.1529134200,2.1529134200,4455600
2024-09-06 13:15:00,2.1529134200,2.1628346800,2.1529134200,2.1529134200,1719400
2024-09-06 13:30:00,2.1529134200,2.1628346800,2.1429921600,2.1529134200,2976000
2024-09-06 13:45:00,2.1529134200,2.1628346800,2.1429921600,2.1529134200,883900
2024-09-06 14:00:00,2.1529134200,2.1628346800,2.1429921600,2.1529134200,767900
2024-09-06 14:15:00,2.1529134200,2.1529134200,2.1429921600,2.1429921600,925500
2024-09-06 14:30:00,2.1429921600,2.1529134200,2.1429921600,2.1429921600,2876000
2024-09-06 14:45:00,2.1529134200,2.1529134200,2.1429921600,2.1429921600,931300
2024-09-06 15:00:00,2.1429921600,2.1529134200,2.1429921600,2.1429921600,2378500
2024-09-09 09:45:00,2.1429921600,2.1429921600,2.1132283800,2.1231496400,6451800
2024-09-09 10:00:00,2.1231496400,2.1330709000,2.1132283800,2.1132283800,1998500
2024-09-09 10:15:00,2.1231496400,2.1330709000,2.1033071200,2.1231496400,6836000
2024-09-09 10:30:00,2.1330709000,2.1330709000,2.1132283800,2.1231496400,1335400
2024-09-09 10:45:00,2.1132283800,2.1330709000,2.1132283800,2.1330709000,1283400
2024-09-09 11:00:00,2.1330709000,2.1330709000,2.1132283800,2.1231496400,955100
2024-09-09 11:15:00,2.1231496400,2.1330709000,2.1231496400,2.1231496400,510600
2024-09-09 11:30:00,2.1231496400,2.1330709000,2.1231496400,2.1330709000,989600
2024-09-09 13:15:00,2.1330709000,2.1330709000,2.1231496400,2.1231496400,1457000
2024-09-09 13:30:00,2.1231496400,2.1330709000,2.1132283800,2.1231496400,1764900
2024-09-09 13:45:00,2.1231496400,2.1231496400,2.1132283800,2.1132283800,650700
2024-09-09 14:00:00,2.1132283800,2.1231496400,2.1132283800,2.1231496400,1271700
2024-09-09 14:15:00,2.1132283800,2.1231496400,2.1033071200,2.1132283800,3115100
2024-09-09 14:30:00,2.1132283800,2.1231496400,2.1132283800,2.1132283800,1364700
2024-09-09 14:45:00,2.1132283800,2.1231496400,2.1033071200,2.1132283800,2419700
2024-09-09 15:00:00,2.1132283800,2.1231496400,2.1132283800,2.1132283800,2735700
2024-09-10 09:45:00,2.1231496400,2.1330709000,2.1132283800,2.1132283800,5864600
2024-09-10 10:00:00,2.1132283800,2.1231496400,2.1033071200,2.1132283800,3569100
2024-09-10 10:15:00,2.1033071200,2.1132283800,2.0834646000,2.0933858600,6136500
2024-09-10 10:30:00,2.0933858600,2.0933858600,2.0834646000,2.0834646000,1297700
2024-09-10 10:45:00,2.0834646000,2.0933858600,2.0834646000,2.0834646000,1399900
2024-09-10 11:00:00,2.0834646000,2.0933858600,2.0834646000,2.0834646000,3756600
2024-09-10 11:15:00,2.0834646000,2.0834646000,2.0735433400,2.0735433400,1827900
2024-09-10 11:30:00,2.0735433400,2.0834646000,2.0636220800,2.0636220800,3252100
2024-09-10 13:15:00,2.0735433400,2.0834646000,2.0636220800,2.0834646000,3085100
2024-09-10 13:30:00,2.0834646000,2.0834646000,2.0636220800,2.0735433400,3852700
2024-09-10 13:45:00,2.0735433400,2.0735433400,2.0636220800,2.0636220800,993600
2024-09-10 14:00:00,2.0636220800,2.0834646000,2.0636220800,2.0735433400,3009900
2024-09-10 14:15:00,2.0735433400,2.0933858600,2.0735433400,2.0933858600,5103100
2024-09-10 14:30:00,2.1033071200,2.1033071200,2.0834646000,2.0834646000,2196700
2024-09-10 14:45:00,2.0834646000,2.0933858600,2.0834646000,2.0933858600,1055900
2024-09-10 15:00:00,2.0933858600,2.0933858600,2.0834646000,2.0933858600,2237500
2024-09-11 09:45:00,2.0834646000,2.0834646000,2.0537008200,2.0735433400,8446100
2024-09-11 10:00:00,2.0636220800,2.0735433400,2.0537008200,2.0537008200,2554400
2024-09-11 10:15:00,2.0537008200,2.0636220800,2.0537008200,2.0537008200,1298600
2024-09-11 10:30:00,2.0537008200,2.0636220800,2.0537008200,2.0636220800,1297600
2024-09-11 10:45:00,2.0636220800,2.0735433400,2.0537008200,2.0636220800,2672500
2024-09-11 11:00:00,2.0636220800,2.0735433400,2.0537008200,2.0537008200,841300
2024-09-11 11:15:00,2.0636220800,2.0636220800,2.0537008200,2.0636220800,657900
2024-09-11 11:30:00,2.0636220800,2.0636220800,2.0437795600,2.0537008200,4320600
2024-09-11 13:15:00,2.0537008200,2.0636220800,2.0437795600,2.0636220800,2936100
2024-09-11 13:30:00,2.0537008200,2.0636220800,2.0437795600,2.0437795600,805900
2024-09-11 13:45:00,2.0437795600,2.0537008200,2.0437795600,2.0537008200,727700
2024-09-11 14:00:00,2.0537008200,2.0537008200,2.0437795600,2.0537008200,1402300
2024-09-11 14:15:00,2.0437795600,2.0537008200,2.0437795600,2.0437795600,3016200
2024-09-11 14:30:00,2.0537008200,2.0636220800,2.0437795600,2.0537008200,2322100
2024-09-11 14:45:00,2.0537008200,2.0636220800,2.0437795600,2.0537008200,3050900
2024-09-11 15:00:00,2.0636220800,2.0636220800,2.0537008200,2.0537008200,3010900
2024-09-12 09:45:00,2.0636220800,2.1033071200,2.0537008200,2.0834646000,14936600
2024-09-12 10:00:00,2.0834646000,2.0933858600,2.0735433400,2.0834646000,2825800
2024-09-12 10:15:00,2.0735433400,2.0834646000,2.0636220800,2.0735433400,2964500
2024-09-12 10:30:00,2.0735433400,2.0834646000,2.0735433400,2.0735433400,765500
2024-09-12 10:45:00,2.0834646000,2.0834646000,2.0735433400,2.0735433400,1298900
2024-09-12 11:00:00,2.0735433400,2.0834646000,2.0636220800,2.0735433400,1394000
2024-09-12 11:15:00,2.0735433400,2.0834646000,2.0636220800,2.0735433400,698300
2024-09-12 11:30:00,2.0735433400,2.0834646000,2.0636220800,2.0735433400,677700
2024-09-12 13:15:00,2.0735433400,2.0933858600,2.0636220800,2.0834646000,4195700
2024-09-12 13:30:00,2.0834646000,2.1033071200,2.0834646000,2.0933858600,2595300
2024-09-12 13:45:00,2.1033071200,2.1033071200,2.0834646000,2.0834646000,1029000
2024-09-12 14:00:00,2.0834646000,2.0933858600,2.0834646000,2.0834646000,333500
2024-09-12 14:15:00,2.0933858600,2.0933858600,2.0834646000,2.0834646000,538500
2024-09-12 14:30:00,2.0834646000,2.0933858600,2.0834646000,2.0834646000,1398600
2024-09-12 14:45:00,2.0933858600,2.0933858600,2.0834646000,2.0834646000,2491800
2024-09-12 15:00:00,2.0834646000,2.0933858600,2.0735433400,2.0834646000,2217700
2024-09-13 09:45:00,2.0834646000,2.0933858600,2.0735433400,2.0933858600,3038000
2024-09-13 10:00:00,2.0834646000,2.1033071200,2.0834646000,2.0933858600,5772800
2024-09-13 10:15:00,2.0834646000,2.1033071200,2.0834646000,2.0933858600,5209700
2024-09-13 10:30:00,2.0933858600,2.1033071200,2.0834646000,2.0834646000,2124500
2024-09-13 10:45:00,2.0933858600,2.0933858600,2.0834646000,2.0834646000,643700
2024-09-13 11:00:00,2.0834646000,2.0933858600,2.0735433400,2.0735433400,2568000
2024-09-13 11:15:00,2.0735433400,2.0834646000,2.0735433400,2.0834646000,983700
2024-09-13 11:30:00,2.0735433400,2.0834646000,2.0735433400,2.0834646000,2321100
2024-09-13 13:15:00,2.0735433400,2.0933858600,2.0735433400,2.0834646000,1660100
2024-09-13 13:30:00,2.0933858600,2.0933858600,2.0834646000,2.0834646000,1586800
2024-09-13 13:45:00,2.0834646000,2.1033071200,2.0834646000,2.0933858600,2024400
2024-09-13 14:00:00,2.0933858600,2.1033071200,2.0834646000,2.0933858600,3225000
2024-09-13 14:15:00,2.0933858600,2.0933858600,2.0834646000,2.0933858600,1628600
2024-09-13 14:30:00,2.0933858600,2.0933858600,2.0834646000,2.0834646000,1153900
2024-09-13 14:45:00,2.0834646000,2.0933858600,2.0735433400,2.0834646000,2880800
2024-09-13 15:00:00,2.0834646000,2.0933858600,2.0735433400,2.0834646000,1728400
2024-09-18 09:45:00,2.0735433400,2.0933858600,2.0636220800,2.0834646000,3720200
2024-09-18 10:00:00,2.0834646000,2.0834646000,2.0636220800,2.0735433400,2738700
2024-09-18 10:15:00,2.0735433400,2.0735433400,2.0537008200,2.0537008200,3276600
2024-09-18 10:30:00,2.0636220800,2.0636220800,2.0437795600,2.0537008200,2959300
2024-09-18 10:45:00,2.0537008200,2.0636220800,2.0537008200,2.0537008200,1194200
2024-09-18 11:00:00,2.0537008200,2.0636220800,2.0437795600,2.0437795600,3063300
2024-09-18 11:15:00,2.0537008200,2.0537008200,2.0338583000,2.0338583000,1348600
2024-09-18 11:30:00,2.0338583000,2.0437795600,2.0239370400,2.0338583000,3069100
2024-09-18 13:15:00,2.0437795600,2.0437795600,2.0338583000,2.0437795600,1112800
2024-09-18 13:30:00,2.0437795600,2.0537008200,2.0338583000,2.0338583000,2465800
2024-09-18 13:45:00,2.0437795600,2.0537008200,2.0338583000,2.0437795600,1055800
2024-09-18 14:00:00,2.0537008200,2.0735433400,2.0437795600,2.0636220800,4642000
2024-09-18 14:15:00,2.0735433400,2.0735433400,2.0636220800,2.0735433400,1290300
2024-09-18 14:30:00,2.0735433400,2.0735433400,2.0537008200,2.0636220800,2292500
2024-09-18 14:45:00,2.0636220800,2.0735433400,2.0636220800,2.0636220800,712800
2024-09-18 15:00:00,2.0735433400,2.0735433400,2.0636220800,2.0636220800,1381400
2024-09-19 09:45:00,2.0735433400,2.0834646000,2.0735433400,2.0735433400,4023700
2024-09-19 10:00:00,2.0834646000,2.0834646000,2.0636220800,2.0834646000,5176000
2024-09-19 10:15:00,2.0834646000,2.1132283800,2.0735433400,2.1033071200,9129700
2024-09-19 10:30:00,2.1033071200,2.1330709000,2.1033071200,2.1231496400,8677600
2024-09-19 10:45:00,2.1330709000,2.1330709000,2.1132283800,2.1231496400,3930900
2024-09-19 11:00:00,2.1231496400,2.1330709000,2.1132283800,2.1231496400,1244900
2024-09-19 11:15:00,2.1231496400,2.1231496400,2.1132283800,2.1231496400,1202800
2024-09-19 11:30:00,2.1231496400,2.1330709000,2.1132283800,2.1231496400,2232500
2024-09-19 13:15:00,2.1330709000,2.1330709000,2.1231496400,2.1330709000,1404500
2024-09-19 13:30:00,2.1330709000,2.1330709000,2.1231496400,2.1231496400,991100
2024-09-19 13:45:00,2.1231496400,2.1330709000,2.1231496400,2.1330709000,799400
2024-09-19 14:00:00,2.1330709000,2.1330709000,2.1231496400,2.1330709000,1578500
2024-09-19 14:15:00,2.1330709000,2.1330709000,2.1231496400,2.1330709000,2361900
2024-09-19 14:30:00,2.1330709000,2.1330709000,2.1231496400,2.1330709000,657100
2024-09-19 14:45:00,2.1330709000,2.1330709000,2.1231496400,2.1231496400,4926700
2024-09-19 15:00:00,2.1231496400,2.1330709000,2.1231496400,2.1330709000,3997000
2024-09-20 09:45:00,2.1429921600,2.1429921600,2.1033071200,2.1132283800,8107500
2024-09-20 10:00:00,2.1033071200,2.1132283800,2.1033071200,2.1033071200,1094300
2024-09-20 10:15:00,2.1132283800,2.1132283800,2.1033071200,2.1033071200,1146100
2024-09-20 10:30:00,2.1132283800,2.1231496400,2.1033071200,2.1231496400,2549700
2024-09-20 10:45:00,2.1231496400,2.1231496400,2.1033071200,2.1033071200,2862900
2024-09-20 11:00:00,2.1033071200,2.1132283800,2.1033071200,2.1132283800,985900
2024-09-20 11:15:00,2.1033071200,2.1132283800,2.1033071200,2.1132283800,1146300
2024-09-20 11:30:00,2.1132283800,2.1132283800,2.1033071200,2.1132283800,985000
2024-09-20 13:15:00,2.1033071200,2.1132283800,2.0933858600,2.1033071200,5941400
2024-09-20 13:30:00,2.1033071200,2.1132283800,2.0933858600,2.1033071200,1391500
2024-09-20 13:45:00,2.1033071200,2.1033071200,2.0933858600,2.0933858600,470800
2024-09-20 14:00:00,2.0933858600,2.1033071200,2.0933858600,2.0933858600,1116600
2024-09-20 14:15:00,2.0933858600,2.1033071200,2.0933858600,2.0933858600,1984200
2024-09-20 14:30:00,2.1033071200,2.1033071200,2.0933858600,2.1033071200,689000
2024-09-20 14:45:00,2.1033071200,2.1132283800,2.0933858600,2.1132283800,2210000
2024-09-20 15:00:00,2.1132283800,2.1132283800,2.1033071200,2.1132283800,4863300
2024-09-23 09:45:00,2.1033071200,2.1231496400,2.0933858600,2.1132283800,6480100
2024-09-23 10:00:00,2.1231496400,2.1231496400,2.1132283800,2.1231496400,1300700
2024-09-23 10:15:00,2.1231496400,2.1231496400,2.1132283800,2.1231496400,1262300
2024-09-23 10:30:00,2.1132283800,2.1330709000,2.1132283800,2.1231496400,3837400
2024-09-23 10:45:00,2.1231496400,2.1330709000,2.1132283800,2.1231496400,1145800
2024-09-23 11:00:00,2.1132283800,2.1231496400,2.1132283800,2.1231496400,1254200
2024-09-23 11:15:00,2.1231496400,2.1231496400,2.1132283800,2.1231496400,1453300
2024-09-23 11:30:00,2.1231496400,2.1231496400,2.1132283800,2.1231496400,568600
2024-09-23 13:15:00,2.1231496400,2.1231496400,2.1132283800,2.1132283800,916300
2024-09-23 13:30:00,2.1231496400,2.1231496400,2.1132283800,2.1132283800,586900
2024-09-23 13:45:00,2.1231496400,2.1231496400,2.1132283800,2.1132283800,664500
2024-09-23 14:00:00,2.1132283800,2.1231496400,2.1033071200,2.1132283800,3565300
2024-09-23 14:15:00,2.1132283800,2.1132283800,2.1033071200,2.1033071200,569100
2024-09-23 14:30:00,2.1132283800,2.1132283800,2.1033071200,2.1132283800,1215600
2024-09-23 14:45:00,2.1132283800,2.1132283800,2.1033071200,2.1033071200,1228900
2024-09-23 15:00:00,2.1132283800,2.1132283800,2.1033071200,2.1033071200,2902400
2024-09-24 09:45:00,2.1132283800,2.1429921600,2.1132283800,2.1330709000,9877000
2024-09-24 10:00:00,2.1330709000,2.1529134200,2.1330709000,2.1529134200,7938300
2024-09-24 10:15:00,2.1529134200,2.1529134200,2.1330709000,2.1429921600,3151000
2024-09-24 10:30:00,2.1330709000,2.1529134200,2.1330709000,2.1529134200,3217200
2024-09-24 10:45:00,2.1529134200,2.1529134200,2.1429921600,2.1429921600,1312200
2024-09-24 11:00:00,2.1529134200,2.1727559400,2.1429921600,2.1727559400,8022900
2024-09-24 11:15:00,2.1727559400,2.1826772000,2.1628346800,2.1727559400,4376900
2024-09-24 11:30:00,2.1727559400,2.1826772000,2.1628346800,2.1727559400,2006100
2024-09-24 13:15:00,2.1727559400,2.2025197200,2.1727559400,2.1925984600,7564400
2024-09-24 13:30:00,2.1925984600,2.1925984600,2.1826772000,2.1826772000,1593100
2024-09-24 13:45:00,2.1925984600,2.2025197200,2.1826772000,2.1925984600,3106200
2024-09-24 14:00:00,2.1925984600,2.1925984600,2.1826772000,2.1925984600,1504800
2024-09-24 14:15:00,2.1925984600,2.1925984600,2.1727559400,2.1925984600,3041600
2024-09-24 14:30:00,2.1925984600,2.1925984600,2.1826772000,2.1925984600,1159100
2024-09-24 14:45:00,2.1925984600,2.2025197200,2.1826772000,2.1925984600,3497600
2024-09-24 15:00:00,2.2025197200,2.2025197200,2.1925984600,2.2025197200,5183300
2024-09-25 09:45:00,2.2223622400,2.2918110600,2.2223622400,2.2818898000,22100400
2024-09-25 10:00:00,2.2818898000,2.2918110600,2.2719685400,2.2818898000,5581800
2024-09-25 10:15:00,2.2818898000,2.3116535800,2.2818898000,2.3017323200,10087900
2024-09-25 10:30:00,2.2918110600,2.3017323200,2.2818898000,2.2818898000,3507100
2024-09-25 10:45:00,2.2818898000,2.2918110600,2.2719685400,2.2719685400,3667600
2024-09-25 11:00:00,2.2818898000,2.2918110600,2.2719685400,2.2818898000,2316800
2024-09-25 11:15:00,2.2818898000,2.2818898000,2.2521260200,2.2620472800,3969100
2024-09-25 11:30:00,2.2620472800,2.2620472800,2.2422047600,2.2521260200,2692900
2024-09-25 13:15:00,2.2521260200,2.2719685400,2.2521260200,2.2620472800,2281800
2024-09-25 13:30:00,2.2521260200,2.2620472800,2.2422047600,2.2521260200,1924800
2024-09-25 13:45:00,2.2521260200,2.2620472800,2.2422047600,2.2422047600,880800
2024-09-25 14:00:00,2.2422047600,2.2521260200,2.2223622400,2.2422047600,5274400
2024-09-25 14:15:00,2.2422047600,2.2620472800,2.2422047600,2.2521260200,2371700
2024-09-25 14:30:00,2.2521260200,2.2521260200,2.2422047600,2.2422047600,1560500
2024-09-25 14:45:00,2.2521260200,2.2521260200,2.2322835000,2.2521260200,1680500
2024-09-25 15:00:00,2.2422047600,2.2521260200,2.2322835000,2.2521260200,3569900
2024-09-26 09:45:00,2.2521260200,2.2719685400,2.2322835000,2.2521260200,11240500
2024-09-26 10:00:00,2.2521260200,2.2818898000,2.2521260200,2.2719685400,5683000
2024-09-26 10:15:00,2.2719685400,2.2818898000,2.2620472800,2.2818898000,2764500
2024-09-26 10:30:00,2.2719685400,2.2818898000,2.2719685400,2.2719685400,1539900
2024-09-26 10:45:00,2.2719685400,2.2818898000,2.2620472800,2.2719685400,3302500
2024-09-26 11:00:00,2.2719685400,2.2818898000,2.2620472800,2.2719685400,1099300
2024-09-26 11:15:00,2.2719685400,2.2818898000,2.2620472800,2.2719685400,2813300
2024-09-26 11:30:00,2.2620472800,2.2818898000,2.2620472800,2.2719685400,1261300
2024-09-26 13:15:00,2.2719685400,2.2918110600,2.2620472800,2.2918110600,7961300
2024-09-26 13:30:00,2.2918110600,2.3017323200,2.2818898000,2.3017323200,5430700
2024-09-26 13:45:00,2.3017323200,2.3116535800,2.2918110600,2.3017323200,6382100
2024-09-26 14:00:00,2.3017323200,2.3215748400,2.3017323200,2.3116535800,5601200
2024-09-26 14:15:00,2.3116535800,2.3215748400,2.3017323200,2.3116535800,2269600
2024-09-26 14:30:00,2.3116535800,2.3215748400,2.3017323200,2.3215748400,4579200
2024-09-26 14:45:00,2.3215748400,2.3314961000,2.3116535800,2.3314961000,5577400
2024-09-26 15:00:00,2.3215748400,2.3414173600,2.3215748400,2.3414173600,6619800
2024-09-27 09:45:00,2.3711811400,2.4108661800,2.3513386200,2.3513386200,17541400
2024-09-27 10:00:00,2.3513386200,2.3811024000,2.3513386200,2.3711811400,7397300
2024-09-27 10:15:00,2.3711811400,2.3711811400,2.3513386200,2.3612598800,3346500
2024-09-27 10:30:00,2.3513386200,2.3612598800,2.3513386200,2.3513386200,439300
2024-09-27 10:45:00,2.3513386200,2.3513386200,2.3513386200,2.3513386200,1100
2024-09-27 11:00:00,2.3513386200,2.3513386200,2.3513386200,2.3513386200,0
2024-09-27 11:15:00,2.3513386200,2.3612598800,2.3513386200,2.3513386200,2305900
2024-09-27 11:30:00,2.3513386200,2.4009449200,2.3513386200,2.3910236600,13835100
2024-09-27 13:15:00,2.3910236600,2.4009449200,2.3811024000,2.3811024000,2198800
2024-09-27 13:30:00,2.3811024000,2.3811024000,2.3711811400,2.3811024000,1822400
2024-09-27 13:45:00,2.3811024000,2.3910236600,2.3711811400,2.3910236600,1194000
2024-09-27 14:00:00,2.3811024000,2.3910236600,2.3811024000,2.3910236600,589400
2024-09-27 14:15:00,2.3811024000,2.3910236600,2.3811024000,2.3910236600,863400
2024-09-27 14:30:00,2.3910236600,2.3910236600,2.3811024000,2.3910236600,5133600
2024-09-27 14:45:00,2.3910236600,2.4009449200,2.3811024000,2.4009449200,2071500
2024-09-27 15:00:00,2.4009449200,2.4009449200,2.3811024000,2.3910236600,3128500
2024-09-30 09:45:00,2.4703937400,2.5596850800,2.4604724800,2.5001575200,28950600
2024-09-30 10:00:00,2.5001575200,2.5200000400,2.4703937400,2.4902362600,15440800
2024-09-30 10:15:00,2.5001575200,2.5200000400,2.4803150000,2.5001575200,8084600
2024-09-30 10:30:00,2.5001575200,2.5398425600,2.5001575200,2.5398425600,9578700
2024-09-30 10:45:00,2.5299213000,2.5398425600,2.5200000400,2.5299213000,5509300
2024-09-30 11:00:00,2.5398425600,2.5795276000,2.5299213000,2.5696063400,13245900
2024-09-30 11:15:00,2.5696063400,2.5795276000,2.5497638200,2.5596850800,6337900
2024-09-30 11:30:00,2.5596850800,2.5696063400,2.5497638200,2.5696063400,4587100
2024-09-30 13:15:00,2.5696063400,2.6192126400,2.5596850800,2.5795276000,14074900
2024-09-30 13:30:00,2.5894488600,2.5993701200,2.5795276000,2.5795276000,4506800
2024-09-30 13:45:00,2.5795276000,2.6092913800,2.5795276000,2.6092913800,4265500
2024-09-30 14:00:00,2.6092913800,2.6192126400,2.5993701200,2.6092913800,7781300
2024-09-30 14:15:00,2.6092913800,2.6291339000,2.6092913800,2.6291339000,7001300
2024-09-30 14:30:00,2.6192126400,2.6291339000,2.5596850800,2.5795276000,10460000
2024-09-30 14:45:00,2.5696063400,2.5993701200,2.5696063400,2.5993701200,5895800
2024-09-30 15:00:00,2.5993701200,2.6192126400,2.5894488600,2.6192126400,7897400
2024-10-08 09:45:00,2.8771654000,2.8771654000,2.7382677600,2.7382677600,57439200
2024-10-08 10:00:00,2.7382677600,2.8077165800,2.7283465000,2.7680315400,21058900
2024-10-08 10:15:00,2.7680315400,2.7779528000,2.6886614600,2.6886614600,17205200
2024-10-08 10:30:00,2.6985827200,2.7283465000,2.6787402000,2.6886614600,11514300
2024-10-08 10:45:00,2.6787402000,2.6985827200,2.5795276000,2.6985827200,24722400
2024-10-08 11:00:00,2.6985827200,2.6985827200,2.6390551600,2.6390551600,6154500
2024-10-08 11:15:00,2.6489764200,2.7085039800,2.6390551600,2.7085039800,8027400
2024-10-08 11:30:00,2.7085039800,2.7283465000,2.6787402000,2.6985827200,9213100
2024-10-08 13:15:00,2.6985827200,2.7184252400,2.6688189400,2.6787402000,7693900
2024-10-08 13:30:00,2.6787402000,2.6886614600,2.6489764200,2.6688189400,5177600
2024-10-08 13:45:00,2.6688189400,2.7085039800,2.6588976800,2.6787402000,13848600
2024-10-08 14:00:00,2.6688189400,2.6985827200,2.6489764200,2.6985827200,11279900
2024-10-08 14:15:00,2.6985827200,2.7184252400,2.6787402000,2.6985827200,5421800
2024-10-08 14:30:00,2.6886614600,2.7184252400,2.6787402000,2.7184252400,4885100
2024-10-08 14:45:00,2.7184252400,2.7382677600,2.7085039800,2.7184252400,8134800
2024-10-08 15:00:00,2.7085039800,2.7283465000,2.6985827200,2.7184252400,7805100
2024-10-09 09:45:00,2.6787402000,2.6787402000,2.5497638200,2.6192126400,26109500
2024-10-09 10:00:00,2.6192126400,2.6390551600,2.5894488600,2.5894488600,11589800
2024-10-09 10:15:00,2.5894488600,2.6092913800,2.5596850800,2.5696063400,13932000
2024-10-09 10:30:00,2.5696063400,2.5894488600,2.5497638200,2.5497638200,7248000
2024-10-09 10:45:00,2.5497638200,2.5596850800,2.5100787800,2.5398425600,16410200
2024-10-09 11:00:00,2.5497638200,2.5497638200,2.5001575200,2.5001575200,12786200
2024-10-09 11:15:00,2.5001575200,2.5200000400,2.4703937400,2.4803150000,17887800
2024-10-09 11:30:00,2.4803150000,2.5001575200,2.4505512200,2.5001575200,23189000
2024-10-09 13:15:00,2.5001575200,2.5497638200,2.5001575200,2.5100787800,14509900
2024-10-09 13:30:00,2.5100787800,2.5398425600,2.4902362600,2.5200000400,6404700
2024-10-09 13:45:00,2.5200000400,2.5596850800,2.5001575200,2.5100787800,8182600
2024-10-09 14:00:00,2.5100787800,2.5200000400,2.4604724800,2.4803150000,13123100
2024-10-09 14:15:00,2.4703937400,2.5001575200,2.4505512200,2.4505512200,18873900
2024-10-09 14:30:00,2.4505512200,2.4604724800,2.4505512200,2.4604724800,9331000
2024-10-09 14:45:00,2.4604724800,2.4604724800,2.4505512200,2.4505512200,4426200
2024-10-09 15:00:00,2.4505512200,2.4505512200,2.4505512200,2.4505512200,3068700
2024-10-10 09:45:00,2.4505512200,2.5001575200,2.4406299600,2.4703937400,22290100
2024-10-10 10:00:00,2.4604724800,2.4703937400,2.4108661800,2.4108661800,18683700
2024-10-10 10:15:00,2.4207874400,2.4406299600,2.3910236600,2.4009449200,13014300
2024-10-10 10:30:00,2.4009449200,2.4108661800,2.3711811400,2.4108661800,15837800
2024-10-10 10:45:00,2.4108661800,2.4505512200,2.4108661800,2.4406299600,6381600
2024-10-10 11:00:00,2.4406299600,2.4902362600,2.4207874400,2.4803150000,13744600
2024-10-10 11:15:00,2.4703937400,2.5299213000,2.4505512200,2.5001575200,25458600
2024-10-10 11:30:00,2.5001575200,2.5200000400,2.4902362600,2.5001575200,12295800
2024-10-10 13:15:00,2.5100787800,2.5795276000,2.5100787800,2.5299213000,21423700
2024-10-10 13:30:00,2.5398425600,2.5497638200,2.5200000400,2.5398425600,5760200
2024-10-10 13:45:00,2.5497638200,2.5497638200,2.5200000400,2.5398425600,8633600
2024-10-10 14:00:00,2.5299213000,2.5398425600,2.5001575200,2.5100787800,6671800
2024-10-10 14:15:00,2.5100787800,2.5200000400,2.5001575200,2.5100787800,5389200
2024-10-10 14:30:00,2.5100787800,2.5200000400,2.4902362600,2.5001575200,5484000
2024-10-10 14:45:00,2.5001575200,2.5100787800,2.4902362600,2.4902362600,4321200
2024-10-10 15:00:00,2.5001575200,2.5299213000,2.4902362600,2.5299213000,11763700
2024-10-11 09:45:00,2.5001575200,2.5001575200,2.4406299600,2.4703937400,21793600
2024-10-11 10:00:00,2.4703937400,2.4703937400,2.4406299600,2.4505512200,10817300
2024-10-11 10:15:00,2.4505512200,2.4505512200,2.4207874400,2.4307087000,8947500
2024-10-11 10:30:00,2.4307087000,2.4505512200,2.4207874400,2.4406299600,5342600
2024-10-11 10:45:00,2.4406299600,2.4505512200,2.4307087000,2.4505512200,4728600
2024-10-11 11:00:00,2.4505512200,2.4505512200,2.4307087000,2.4406299600,3196300
2024-10-11 11:15:00,2.4406299600,2.4604724800,2.4406299600,2.4406299600,2504300
2024-10-11 11:30:00,2.4406299600,2.4505512200,2.4307087000,2.4307087000,2988100
2024-10-11 13:15:00,2.4406299600,2.4406299600,2.4108661800,2.4307087000,5236400
2024-10-11 13:30:00,2.4207874400,2.4505512200,2.4108661800,2.4307087000,5600600
2024-10-11 13:45:00,2.4307087000,2.4406299600,2.4207874400,2.4207874400,1793600
2024-10-11 14:00:00,2.4108661800,2.4207874400,2.4009449200,2.4108661800,6497200
2024-10-11 14:15:00,2.4009449200,2.4108661800,2.3910236600,2.3910236600,6224700
2024-10-11 14:30:00,2.3910236600,2.4009449200,2.3811024000,2.4009449200,5740700
2024-10-11 14:45:00,2.4009449200,2.4009449200,2.3811024000,2.3910236600,6271200
2024-10-11 15:00:00,2.3910236600,2.4108661800,2.3811024000,2.4009449200,6919700
2024-10-14 09:45:00,2.4307087000,2.4505512200,2.4108661800,2.4406299600,23059800
2024-10-14 10:00:00,2.4406299600,2.4604724800,2.4108661800,2.4307087000,9058800
2024-10-14 10:15:00,2.4307087000,2.4307087000,2.4108661800,2.4307087000,4841300
2024-10-14 10:30:00,2.4307087000,2.4307087000,2.4108661800,2.4207874400,2922900
2024-10-14 10:45:00,2.4207874400,2.4406299600,2.4108661800,2.4207874400,4564900
2024-10-14 11:00:00,2.4207874400,2.4406299600,2.4207874400,2.4307087000,2443600
2024-10-14 11:15:00,2.4307087000,2.4406299600,2.4207874400,2.4406299600,2207700
2024-10-14 11:30:00,2.4406299600,2.4604724800,2.4307087000,2.4406299600,8898300
2024-10-14 13:15:00,2.4505512200,2.4703937400,2.4406299600,2.4505512200,7774900
2024-10-14 13:30:00,2.4505512200,2.4703937400,2.4505512200,2.4604724800,4765300
2024-10-14 13:45:00,2.4604724800,2.4604724800,2.4406299600,2.4505512200,3293300
2024-10-14 14:00:00,2.4505512200,2.4505512200,2.4406299600,2.4505512200,2539300
2024-10-14 14:15:00,2.4505512200,2.4505512200,2.4307087000,2.4307087000,3560100
2024-10-14 14:30:00,2.4406299600,2.4406299600,2.4307087000,2.4307087000,1471900
2024-10-14 14:45:00,2.4307087000,2.4505512200,2.4307087000,2.4406299600,3522300
2024-10-14 15:00:00,2.4505512200,2.4505512200,2.4406299600,2.4505512200,5179100
2024-10-15 09:45:00,2.4505512200,2.4604724800,2.4108661800,2.4406299600,8817800
2024-10-15 10:00:00,2.4406299600,2.4505512200,2.4207874400,2.4307087000,7549100
2024-10-15 10:15:00,2.4307087000,2.4505512200,2.4207874400,2.4406299600,6519700
2024-10-15 10:30:00,2.4406299600,2.4505512200,2.4307087000,2.4406299600,5265700
2024-10-15 10:45:00,2.4307087000,2.4505512200,2.4207874400,2.4307087000,3567800
2024-10-15 11:00:00,2.4307087000,2.4406299600,2.4207874400,2.4406299600,2639100
2024-10-15 11:15:00,2.4406299600,2.4505512200,2.4207874400,2.4207874400,5865600
2024-10-15 11:30:00,2.4207874400,2.4406299600,2.4207874400,2.4406299600,3192100
2024-10-15 13:15:00,2.4307087000,2.4505512200,2.4207874400,2.4207874400,6329600
2024-10-15 13:30:00,2.4207874400,2.4307087000,2.4009449200,2.4009449200,8211300
2024-10-15 13:45:00,2.4009449200,2.4207874400,2.4009449200,2.4207874400,2968500
2024-10-15 14:00:00,2.4108661800,2.4307087000,2.4108661800,2.4207874400,3490000
2024-10-15 14:15:00,2.4207874400,2.4207874400,2.4009449200,2.4108661800,4182100
2024-10-15 14:30:00,2.4108661800,2.4207874400,2.3910236600,2.4009449200,4348200
2024-10-15 14:45:00,2.4009449200,2.4108661800,2.3910236600,2.4009449200,3990100
2024-10-15 15:00:00,2.3910236600,2.4108661800,2.3910236600,2.3910236600,4258000
2024-10-16 09:45:00,2.3811024000,2.4108661800,2.3811024000,2.4009449200,12696400
2024-10-16 10:00:00,2.4108661800,2.4207874400,2.4009449200,2.4108661800,5238200
2024-10-16 10:15:00,2.4108661800,2.4406299600,2.4009449200,2.4207874400,9550800
2024-10-16 10:30:00,2.4207874400,2.4207874400,2.4009449200,2.4009449200,2242100
2024-10-16 10:45:00,2.4009449200,2.4207874400,2.4009449200,2.4108661800,2514800
2024-10-16 11:00:00,2.4108661800,2.4207874400,2.4009449200,2.4108661800,1007600
2024-10-16 11:15:00,2.4207874400,2.4307087000,2.4108661800,2.4307087000,4167400
2024-10-16 11:30:00,2.4307087000,2.4307087000,2.4108661800,2.4307087000,3615800
2024-10-16 13:15:00,2.4307087000,2.4307087000,2.4108661800,2.4207874400,2815100
2024-10-16 13:30:00,2.4108661800,2.4207874400,2.4009449200,2.4207874400,4714500
2024-10-16 13:45:00,2.4207874400,2.4207874400,2.4009449200,2.4108661800,3606500
2024-10-16 14:00:00,2.4009449200,2.4207874400,2.4009449200,2.4108661800,1288900
2024-10-16 14:15:00,2.4108661800,2.4207874400,2.3910236600,2.3910236600,5560200
2024-10-16 14:30:00,2.3910236600,2.4108661800,2.3910236600,2.4009449200,2422600
2024-10-16 14:45:00,2.4009449200,2.4207874400,2.4009449200,2.4207874400,2297400
2024-10-16 15:00:00,2.4207874400,2.4207874400,2.4009449200,2.4108661800,2401900
2024-10-17 09:45:00,2.4207874400,2.4307087000,2.4108661800,2.4307087000,7762700
2024-10-17 10:00:00,2.4207874400,2.4207874400,2.4009449200,2.4108661800,4951500
2024-10-17 10:15:00,2.4108661800,2.4207874400,2.3910236600,2.3910236600,7782500
2024-10-17 10:30:00,2.3910236600,2.4009449200,2.3811024000,2.3811024000,6623300
2024-10-17 10:45:00,2.3811024000,2.3910236600,2.3612598800,2.3711811400,9182300
2024-10-17 11:00:00,2.3711811400,2.3910236600,2.3711811400,2.3910236600,3187500
2024-10-17 11:15:00,2.3910236600,2.3910236600,2.3711811400,2.3811024000,3106000
2024-10-17 11:30:00,2.3811024000,2.3910236600,2.3711811400,2.3811024000,2708100
2024-10-17 13:15:00,2.3811024000,2.3910236600,2.3711811400,2.3811024000,3601500
2024-10-17 13:30:00,2.3811024000,2.3910236600,2.3711811400,2.3811024000,2519800
2024-10-17 13:45:00,2.3811024000,2.3910236600,2.3711811400,2.3811024000,4043300
2024-10-17 14:00:00,2.3811024000,2.3811024000,2.3711811400,2.3711811400,651200
2024-10-17 14:15:00,2.3711811400,2.3811024000,2.3612598800,2.3711811400,4455900
2024-10-17 14:30:00,2.3711811400,2.3811024000,2.3612598800,2.3711811400,2448700
2024-10-17 14:45:00,2.3711811400,2.3711811400,2.3612598800,2.3711811400,1904200
2024-10-17 15:00:00,2.3711811400,2.3711811400,2.3513386200,2.3513386200,5972100
2024-10-18 09:45:00,2.3612598800,2.3711811400,2.3414173600,2.3612598800,8522000
2024-10-18 10:00:00,2.3612598800,2.3612598800,2.3414173600,2.3513386200,3534700
2024-10-18 10:15:00,2.3414173600,2.3612598800,2.3414173600,2.3513386200,2799000
2024-10-18 10:30:00,2.3513386200,2.3711811400,2.3414173600,2.3612598800,5173000
2024-10-18 10:45:00,2.3612598800,2.3910236600,2.3612598800,2.3711811400,7426300
2024-10-18 11:00:00,2.3711811400,2.3910236600,2.3612598800,2.3711811400,5860100
2024-10-18 11:15:00,2.3711811400,2.3811024000,2.3612598800,2.3711811400,1357700
2024-10-18 11:30:00,2.3612598800,2.3711811400,2.3513386200,2.3612598800,2350100
2024-10-18 13:15:00,2.3612598800,2.4009449200,2.3612598800,2.4009449200,9228300
2024-10-18 13:30:00,2.4009449200,2.4009449200,2.3811024000,2.4009449200,6487000
2024-10-18 13:45:00,2.4009449200,2.4009449200,2.3811024000,2.3910236600,2780900
2024-10-18 14:00:00,2.3910236600,2.4108661800,2.3910236600,2.4009449200,4824200
2024-10-18 14:15:00,2.4009449200,2.4207874400,2.4009449200,2.4207874400,7199300
2024-10-18 14:30:00,2.4207874400,2.4307087000,2.4108661800,2.4307087000,5629400
2024-10-18 14:45:00,2.4307087000,2.4505512200,2.4207874400,2.4307087000,13647900
2024-10-18 15:00:00,2.4307087000,2.4307087000,2.4009449200,2.4108661800,7078800
2024-10-21 09:45:00,2.5497638200,2.5596850800,2.4703937400,2.5001575200,52856000
2024-10-21 10:00:00,2.5001575200,2.5001575200,2.4703937400,2.4703937400,14098300
2024-10-21 10:15:00,2.4703937400,2.5100787800,2.4703937400,2.5100787800,12421600
2024-10-21 10:30:00,2.5200000400,2.5398425600,2.5001575200,2.5200000400,13200500
2024-10-21 10:45:00,2.5299213000,2.5299213000,2.5100787800,2.5100787800,4326700
2024-10-21 11:00:00,2.5200000400,2.5200000400,2.5001575200,2.5100787800,3217600
2024-10-21 11:15:00,2.5100787800,2.5200000400,2.5001575200,2.5100787800,3482600
2024-10-21 11:30:00,2.5100787800,2.5200000400,2.5001575200,2.5200000400,2873300
2024-10-21 13:15:00,2.5200000400,2.5200000400,2.5001575200,2.5001575200,5397300
2024-10-21 13:30:00,2.5001575200,2.5100787800,2.4902362600,2.4902362600,4850900
2024-10-21 13:45:00,2.5001575200,2.5001575200,2.4803150000,2.4902362600,5171600
2024-10-21 14:00:00,2.4902362600,2.5001575200,2.4703937400,2.4703937400,5924000
2024-10-21 14:15:00,2.4803150000,2.4902362600,2.4703937400,2.4803150000,2589600
2024-10-21 14:30:00,2.4902362600,2.4902362600,2.4703937400,2.4902362600,3519000
2024-10-21 14:45:00,2.4803150000,2.4902362600,2.4803150000,2.4902362600,1725800
2024-10-21 15:00:00,2.4902362600,2.4902362600,2.4703937400,2.4803150000,6951600
2024-10-22 09:45:00,2.4803150000,2.6092913800,2.4803150000,2.5497638200,53105800
2024-10-22 10:00:00,2.5398425600,2.5497638200,2.5299213000,2.5299213000,11626700
2024-10-22 10:15:00,2.5299213000,2.5497638200,2.5299213000,2.5299213000,6747400
2024-10-22 10:30:00,2.5299213000,2.5398425600,2.5200000400,2.5200000400,5369500
2024-10-22 10:45:00,2.5200000400,2.5299213000,2.5100787800,2.5100787800,4813800
2024-10-22 11:00:00,2.5100787800,2.5200000400,2.5001575200,2.5200000400,4884000
2024-10-22 11:15:00,2.5200000400,2.5200000400,2.5100787800,2.5200000400,2496800
2024-10-22 11:30:00,2.5200000400,2.5299213000,2.5100787800,2.5299213000,2759600
2024-10-22 13:15:00,2.5299213000,2.5398425600,2.5200000400,2.5299213000,2327600
2024-10-22 13:30:00,2.5200000400,2.5299213000,2.5100787800,2.5200000400,2836400
2024-10-22 13:45:00,2.5200000400,2.5299213000,2.5100787800,2.5100787800,2054700
2024-10-22 14:00:00,2.5100787800,2.5200000400,2.5100787800,2.5200000400,2740400
2024-10-22 14:15:00,2.5200000400,2.5200000400,2.5100787800,2.5100787800,1490200
2024-10-22 14:30:00,2.5200000400,2.5299213000,2.5100787800,2.5200000400,3289600
2024-10-22 14:45:00,2.5299213000,2.5299213000,2.5200000400,2.5200000400,2113900
2024-10-22 15:00:00,2.5200000400,2.5299213000,2.5200000400,2.5299213000,6861200
2024-10-23 09:45:00,2.5398425600,2.5497638200,2.5100787800,2.5299213000,18820000
2024-10-23 10:00:00,2.5200000400,2.5299213000,2.5100787800,2.5100787800,6634200
2024-10-23 10:15:00,2.5100787800,2.5299213000,2.5100787800,2.5299213000,3795900
2024-10-23 10:30:00,2.5200000400,2.5299213000,2.5100787800,2.5100787800,6213000
2024-10-23 10:45:00,2.5100787800,2.5299213000,2.5100787800,2.5200000400,3842600
2024-10-23 11:00:00,2.5200000400,2.5200000400,2.5100787800,2.5200000400,5832200
2024-10-23 11:15:00,2.5100787800,2.5299213000,2.5100787800,2.5200000400,3764100
2024-10-23 11:30:00,2.5200000400,2.5299213000,2.5100787800,2.5299213000,2809300
2024-10-23 13:15:00,2.5299213000,2.5398425600,2.5200000400,2.5398425600,9458700
2024-10-23 13:30:00,2.5398425600,2.5398425600,2.5200000400,2.5200000400,3698100
2024-10-23 13:45:00,2.5200000400,2.5398425600,2.5200000400,2.5200000400,3682200
2024-10-23 14:00:00,2.5200000400,2.5299213000,2.5200000400,2.5299213000,1203200
2024-10-23 14:15:00,2.5200000400,2.5299213000,2.5100787800,2.5200000400,3801400
2024-10-23 14:30:00,2.5100787800,2.5200000400,2.5100787800,2.5100787800,1169800
2024-10-23 14:45:00,2.5200000400,2.5200000400,2.5100787800,2.5100787800,3136600
2024-10-23 15:00:00,2.5100787800,2.5200000400,2.5001575200,2.5200000400,6212400
2024-10-24 09:45:00,2.5001575200,2.5200000400,2.4902362600,2.5001575200,10599700
2024-10-24 10:00:00,2.5001575200,2.5100787800,2.4902362600,2.5001575200,6355700
2024-10-24 10:15:00,2.4902362600,2.5100787800,2.4902362600,2.5001575200,6795000
2024-10-24 10:30:00,2.5001575200,2.5100787800,2.4902362600,2.5100787800,5659200
2024-10-24 10:45:00,2.5100787800,2.5100787800,2.4902362600,2.5001575200,2422500
2024-10-24 11:00:00,2.4902362600,2.5001575200,2.4902362600,2.4902362600,1286000
2024-10-24 11:15:00,2.5001575200,2.5100787800,2.4902362600,2.5001575200,2548600
2024-10-24 11:30:00,2.5001575200,2.5100787800,2.4902362600,2.5100787800,2276900
2024-10-24 13:15:00,2.5001575200,2.5100787800,2.4902362600,2.5001575200,3573500
2024-10-24 13:30:00,2.4902362600,2.5001575200,2.4902362600,2.4902362600,962200
2024-10-24 13:45:00,2.4902362600,2.5001575200,2.4902362600,2.5001575200,925200
2024-10-24 14:00:00,2.5001575200,2.5001575200,2.4902362600,2.4902362600,1649700
2024-10-24 14:15:00,2.4902362600,2.5100787800,2.4902362600,2.5001575200,4678500
2024-10-24 14:30:00,2.5001575200,2.5100787800,2.4902362600,2.5001575200,1480200
2024-10-24 14:45:00,2.5001575200,2.5100787800,2.5001575200,2.5001575200,2847500
2024-10-24 15:00:00,2.5100787800,2.5100787800,2.5001575200,2.5100787800,1976900
2024-10-25 09:45:00,2.5001575200,2.5596850800,2.5001575200,2.5299213000,22498900
2024-10-25 10:00:00,2.5398425600,2.5398425600,2.5200000400,2.5299213000,4607500
2024-10-25 10:15:00,2.5200000400,2.5398425600,2.5200000400,2.5200000400,2661200
2024-10-25 10:30:00,2.5200000400,2.5299213000,2.5200000400,2.5299213000,1532900
2024-10-25 10:45:00,2.5299213000,2.5299213000,2.5100787800,2.5100787800,4402100
2024-10-25 11:00:00,2.5100787800,2.5299213000,2.5100787800,2.5100787800,3498200
2024-10-25 11:15:00,2.5100787800,2.5299213000,2.5100787800,2.5200000400,3664300
2024-10-25 11:30:00,2.5200000400,2.5299213000,2.5100787800,2.5299213000,3362900
2024-10-25 13:15:00,2.5200000400,2.5299213000,2.5100787800,2.5200000400,7790800
2024-10-25 13:30:00,2.5200000400,2.5299213000,2.5100787800,2.5299213000,2542500
2024-10-25 13:45:00,2.5200000400,2.5299213000,2.5100787800,2.5200000400,2587500
2024-10-25 14:00:00,2.5100787800,2.5299213000,2.5100787800,2.5200000400,3529000
2024-10-25 14:15:00,2.5200000400,2.5200000400,2.5100787800,2.5200000400,1571400
2024-10-25 14:30:00,2.5200000400,2.5200000400,2.5100787800,2.5100787800,1084300
2024-10-25 14:45:00,2.5100787800,2.5299213000,2.5100787800,2.5200000400,4063300
2024-10-25 15:00:00,2.5200000400,2.5299213000,2.5200000400,2.5200000400,3362000
2024-10-28 09:45:00,2.5400000000,2.5500000000,2.5200000000,2.5400000000,13936200
2024-10-28 10:00:00,2.5400000000,2.5600000000,2.5400000000,2.5500000000,10698700
2024-10-28 10:15:00,2.5600000000,2.5600000000,2.5500000000,2.5500000000,2325000
2024-10-28 10:30:00,2.5600000000,2.5600000000,2.5400000000,2.5400000000,3735200
2024-10-28 10:45:00,2.5400000000,2.5500000000,2.5400000000,2.5500000000,1438700
2024-10-28 11:00:00,2.5500000000,2.5500000000,2.5300000000,2.5400000000,5315700
2024-10-28 11:15:00,2.5500000000,2.5500000000,2.5300000000,2.5400000000,2966800
2024-10-28 11:30:00,2.5400000000,2.5600000000,2.5300000000,2.5500000000,8847200
2024-10-28 13:15:00,2.5500000000,2.5700000000,2.5500000000,2.5700000000,11819500
2024-10-28 13:30:00,2.5700000000,2.5700000000,2.5600000000,2.5600000000,2245400
2024-10-28 13:45:00,2.5600000000,2.5700000000,2.5500000000,2.5600000000,4614700
2024-10-28 14:00:00,2.5600000000,2.5600000000,2.5500000000,2.5500000000,782900
2024-10-28 14:15:00,2.5500000000,2.5600000000,2.5500000000,2.5500000000,1326100
2024-10-28 14:30:00,2.5500000000,2.5600000000,2.5500000000,2.5500000000,2184000
2024-10-28 14:45:00,2.5500000000,2.5600000000,2.5500000000,2.5600000000,3530500
2024-10-28 15:00:00,2.5600000000,2.5600000000,2.5500000000,2.5600000000,9594700
2024-10-29 09:45:00,2.5700000000,2.5900000000,2.5400000000,2.5600000000,15064200
2024-10-29 10:00:00,2.5500000000,2.5600000000,2.5400000000,2.5500000000,5936000
2024-10-29 10:15:00,2.5400000000,2.5500000000,2.5300000000,2.5400000000,5265100
2024-10-29 10:30:00,2.5300000000,2.5500000000,2.5300000000,2.5400000000,2414500
2024-10-29 10:45:00,2.5500000000,2.5500000000,2.5300000000,2.5400000000,2472600
2024-10-29 11:00:00,2.5300000000,2.5400000000,2.5200000000,2.5200000000,7366900
2024-10-29 11:15:00,2.5200000000,2.5300000000,2.5200000000,2.5200000000,1341600
2024-10-29 11:30:00,2.5200000000,2.5300000000,2.5100000000,2.5100000000,6311900
2024-10-29 13:15:00,2.5100000000,2.5200000000,2.5000000000,2.5100000000,7999700
2024-10-29 13:30:00,2.5000000000,2.5200000000,2.5000000000,2.5100000000,3129600
2024-10-29 13:45:00,2.5200000000,2.5200000000,2.5100000000,2.5100000000,1607400
2024-10-29 14:00:00,2.5200000000,2.5200000000,2.5000000000,2.5000000000,2643800
2024-10-29 14:15:00,2.5000000000,2.5100000000,2.5000000000,2.5000000000,2242300
2024-10-29 14:30:00,2.5000000000,2.5200000000,2.5000000000,2.5200000000,2343200
2024-10-29 14:45:00,2.5100000000,2.5200000000,2.5000000000,2.5100000000,3648400
2024-10-29 15:00:00,2.5100000000,2.5200000000,2.5000000000,2.5100000000,3896000
2024-10-30 09:45:00,2.5100000000,2.5300000000,2.5000000000,2.5200000000,8046400
2024-10-30 10:00:00,2.5100000000,2.5400000000,2.5100000000,2.5400000000,5201300
2024-10-30 10:15:00,2.5400000000,2.5400000000,2.5200000000,2.5300000000,3813300
2024-10-30 10:30:00,2.5200000000,2.5300000000,2.5100000000,2.5200000000,3773300
2024-10-30 10:45:00,2.5200000000,2.5400000000,2.5100000000,2.5400000000,5067500
2024-10-30 11:00:00,2.5300000000,2.5500000000,2.5300000000,2.5500000000,9759300
2024-10-30 11:15:00,2.5500000000,2.5500000000,2.5300000000,2.5500000000,4316100
2024-10-30 11:30:00,2.5500000000,2.5500000000,2.5200000000,2.5200000000,4244100
2024-10-30 13:15:00,2.5300000000,2.5300000000,2.5100000000,2.5200000000,3731400
2024-10-30 13:30:00,2.5200000000,2.5200000000,2.5100000000,2.5200000000,1477500
2024-10-30 13:45:00,2.5200000000,2.5300000000,2.5100000000,2.5200000000,4616200
2024-10-30 14:00:00,2.5200000000,2.5300000000,2.5100000000,2.5300000000,3123500
2024-10-30 14:15:00,2.5300000000,2.5300000000,2.5200000000,2.5200000000,1186000
2024-10-30 14:30:00,2.5300000000,2.5400000000,2.5200000000,2.5400000000,3689000
2024-10-30 14:45:00,2.5400000000,2.5400000000,2.5300000000,2.5300000000,2024200
2024-10-30 15:00:00,2.5300000000,2.5400000000,2.5300000000,2.5400000000,4533600
2024-10-31 09:45:00,2.5500000000,2.6100000000,2.5500000000,2.6100000000,37567500
2024-10-31 10:00:00,2.6100000000,2.6100000000,2.5700000000,2.5800000000,12303600
2024-10-31 10:15:00,2.5800000000,2.6300000000,2.5800000000,2.6300000000,16288000
2024-10-31 10:30:00,2.6300000000,2.6300000000,2.6100000000,2.6200000000,6390300
2024-10-31 10:45:00,2.6200000000,2.6400000000,2.6100000000,2.6200000000,11239500
2024-10-31 11:00:00,2.6300000000,2.6300000000,2.6100000000,2.6200000000,3421500
2024-10-31 11:15:00,2.6200000000,2.6300000000,2.6100000000,2.6300000000,3905900
2024-10-31 11:30:00,2.6300000000,2.6400000000,2.6200000000,2.6300000000,5673600
2024-10-31 13:15:00,2.6300000000,2.6400000000,2.6200000000,2.6200000000,4614300
2024-10-31 13:30:00,2.6200000000,2.6300000000,2.6200000000,2.6300000000,2823600
2024-10-31 13:45:00,2.6300000000,2.6400000000,2.6200000000,2.6400000000,6124400
2024-10-31 14:00:00,2.6400000000,2.6400000000,2.6200000000,2.6400000000,6038100
2024-10-31 14:15:00,2.6300000000,2.6500000000,2.6300000000,2.6400000000,6587200
2024-10-31 14:30:00,2.6400000000,2.6500000000,2.6300000000,2.6500000000,6169800
2024-10-31 14:45:00,2.6500000000,2.6500000000,2.6300000000,2.6300000000,9624800
2024-10-31 15:00:00,2.6300000000,2.6500000000,2.6300000000,2.6500000000,10214700
2024-11-01 09:45:00,2.6600000000,2.7000000000,2.6400000000,2.6500000000,29667400
2024-11-01 10:00:00,2.6500000000,2.6800000000,2.6400000000,2.6700000000,13995800
2024-11-01 10:15:00,2.6700000000,2.6700000000,2.6200000000,2.6300000000,14800500
2024-11-01 10:30:00,2.6300000000,2.6900000000,2.6200000000,2.6900000000,11398800
2024-11-01 10:45:00,2.6800000000,2.7000000000,2.6700000000,2.6800000000,11207600
2024-11-01 11:00:00,2.6900000000,2.7000000000,2.6900000000,2.6900000000,4064500
2024-11-01 11:15:00,2.6900000000,2.7000000000,2.6700000000,2.6800000000,7196200
2024-11-01 11:30:00,2.6900000000,2.6900000000,2.6700000000,2.6800000000,2633200
2024-11-01 13:15:00,2.6800000000,2.6900000000,2.6600000000,2.6700000000,6011600
2024-11-01 13:30:00,2.6700000000,2.6700000000,2.6600000000,2.6700000000,4819000
2024-11-01 13:45:00,2.6700000000,2.6700000000,2.6500000000,2.6700000000,5684600
2024-11-01 14:00:00,2.6600000000,2.6800000000,2.6500000000,2.6800000000,7488100
2024-11-01 14:15:00,2.6700000000,2.6800000000,2.6700000000,2.6800000000,3613800
2024-11-01 14:30:00,2.6800000000,2.6800000000,2.6600000000,2.6800000000,4563500
2024-11-01 14:45:00,2.6800000000,2.6800000000,2.6600000000,2.6600000000,3938400
2024-11-01 15:00:00,2.6700000000,2.6700000000,2.6500000000,2.6600000000,6620600
2024-11-04 09:45:00,2.6700000000,2.6700000000,2.6200000000,2.6400000000,15680200
2024-11-04 10:00:00,2.6400000000,2.6400000000,2.6200000000,2.6300000000,8726900
2024-11-04 10:15:00,2.6300000000,2.6500000000,2.6200000000,2.6400000000,7149500
2024-11-04 10:30:00,2.6400000000,2.6500000000,2.6300000000,2.6500000000,3312300
2024-11-04 10:45:00,2.6500000000,2.6500000000,2.6300000000,2.6400000000,2437600
2024-11-04 11:00:00,2.6400000000,2.6500000000,2.6300000000,2.6500000000,4402500
2024-11-04 11:15:00,2.6500000000,2.6500000000,2.6300000000,2.6400000000,4984100
2024-11-04 11:30:00,2.6400000000,2.6500000000,2.6400000000,2.6500000000,1046600
2024-11-04 13:15:00,2.6400000000,2.6500000000,2.6300000000,2.6400000000,2865100
2024-11-04 13:30:00,2.6300000000,2.6400000000,2.6200000000,2.6300000000,6955000
2024-11-04 13:45:00,2.6300000000,2.6400000000,2.6200000000,2.6400000000,2178100
2024-11-04 14:00:00,2.6400000000,2.6400000000,2.6200000000,2.6400000000,2537000
2024-11-04 14:15:00,2.6300000000,2.6500000000,2.6300000000,2.6500000000,3836000
2024-11-04 14:30:00,2.6500000000,2.6500000000,2.6400000000,2.6500000000,2105900
2024-11-04 14:45:00,2.6500000000,2.6600000000,2.6400000000,2.6500000000,5192700
2024-11-04 15:00:00,2.6500000000,2.6600000000,2.6500000000,2.6500000000,5630800
2024-11-05 09:45:00,2.6600000000,2.7100000000,2.6500000000,2.6900000000,19202000
2024-11-05 10:00:00,2.6900000000,2.7000000000,2.6700000000,2.7000000000,11464600
2024-11-05 10:15:00,2.7000000000,2.7000000000,2.6900000000,2.7000000000,7605000
2024-11-05 10:30:00,2.7000000000,2.7000000000,2.6800000000,2.6900000000,7315200
2024-11-05 10:45:00,2.6900000000,2.7000000000,2.6800000000,2.7000000000,3880000
2024-11-05 11:00:00,2.7000000000,2.7100000000,2.6900000000,2.7100000000,7236700
2024-11-05 11:15:00,2.7100000000,2.7200000000,2.7000000000,2.7200000000,11269400
2024-11-05 11:30:00,2.7200000000,2.7200000000,2.7100000000,2.7200000000,2387400
2024-11-05 13:15:00,2.7200000000,2.7300000000,2.7200000000,2.7300000000,7090500
2024-11-05 13:30:00,2.7300000000,2.7400000000,2.7200000000,2.7200000000,6227800
2024-11-05 13:45:00,2.7200000000,2.7300000000,2.7200000000,2.7300000000,2845400
2024-11-05 14:00:00,2.7300000000,2.7300000000,2.7200000000,2.7300000000,2049100
2024-11-05 14:15:00,2.7300000000,2.7300000000,2.7100000000,2.7200000000,7548500
2024-11-05 14:30:00,2.7200000000,2.7400000000,2.7200000000,2.7300000000,5497000
2024-11-05 14:45:00,2.7300000000,2.7400000000,2.7300000000,2.7300000000,4870700
2024-11-05 15:00:00,2.7300000000,2.7500000000,2.7300000000,2.7400000000,9793300
2024-11-06 09:45:00,2.7500000000,2.7600000000,2.6800000000,2.7100000000,27130800
2024-11-06 10:00:00,2.7000000000,2.7100000000,2.6900000000,2.7000000000,10002700
2024-11-06 10:15:00,2.7000000000,2.7300000000,2.7000000000,2.7200000000,11139000
2024-11-06 10:30:00,2.7200000000,2.7300000000,2.7100000000,2.7200000000,5426600
2024-11-06 10:45:00,2.7100000000,2.7200000000,2.7000000000,2.7100000000,4394100
2024-11-06 11:00:00,2.7100000000,2.7400000000,2.7100000000,2.7300000000,6006300
2024-11-06 11:15:00,2.7300000000,2.7400000000,2.7200000000,2.7300000000,5458900
2024-11-06 11:30:00,2.7200000000,2.7600000000,2.7200000000,2.7600000000,10551200
2024-11-06 13:15:00,2.7600000000,2.7600000000,2.7300000000,2.7400000000,4420200
2024-11-06 13:30:00,2.7400000000,2.7500000000,2.7300000000,2.7500000000,4948700
2024-11-06 13:45:00,2.7500000000,2.7700000000,2.7400000000,2.7700000000,7425400
2024-11-06 14:00:00,2.7600000000,2.7700000000,2.7600000000,2.7600000000,2779100
2024-11-06 14:15:00,2.7600000000,2.7700000000,2.7500000000,2.7600000000,5142600
2024-11-06 14:30:00,2.7600000000,2.7700000000,2.7500000000,2.7500000000,5016900
2024-11-06 14:45:00,2.7600000000,2.7600000000,2.7300000000,2.7400000000,8673000
2024-11-06 15:00:00,2.7300000000,2.7500000000,2.7300000000,2.7500000000,6003900
2024-11-07 09:45:00,2.7300000000,2.7400000000,2.7000000000,2.7300000000,18053800
2024-11-07 10:00:00,2.7400000000,2.7500000000,2.7300000000,2.7300000000,8026600
2024-11-07 10:15:00,2.7400000000,2.7500000000,2.7200000000,2.7300000000,7022300
2024-11-07 10:30:00,2.7200000000,2.7400000000,2.7200000000,2.7400000000,5024000
2024-11-07 10:45:00,2.7300000000,2.7400000000,2.7300000000,2.7400000000,3557200
2024-11-07 11:00:00,2.7400000000,2.7600000000,2.7300000000,2.7500000000,8647400
2024-11-07 11:15:00,2.7500000000,2.7700000000,2.7500000000,2.7600000000,6767600
2024-11-07 11:30:00,2.7700000000,2.7700000000,2.7500000000,2.7600000000,4442900
2024-11-07 13:15:00,2.7600000000,2.7900000000,2.7600000000,2.7800000000,11131000
2024-11-07 13:30:00,2.7800000000,2.8000000000,2.7800000000,2.8000000000,8084400
2024-11-07 13:45:00,2.8000000000,2.8100000000,2.7900000000,2.8000000000,8156100
2024-11-07 14:00:00,2.8000000000,2.8100000000,2.7900000000,2.7900000000,7954400
2024-11-07 14:15:00,2.7900000000,2.8100000000,2.7800000000,2.7900000000,7828400
2024-11-07 14:30:00,2.8000000000,2.8000000000,2.7800000000,2.8000000000,3486600
2024-11-07 14:45:00,2.7900000000,2.8000000000,2.7900000000,2.7900000000,3924600
2024-11-07 15:00:00,2.8000000000,2.8000000000,2.7900000000,2.8000000000,8224000
2024-11-08 09:45:00,2.8300000000,2.8500000000,2.7700000000,2.7800000000,26373600
2024-11-08 10:00:00,2.7800000000,2.8000000000,2.7700000000,2.7900000000,11763000
2024-11-08 10:15:00,2.7900000000,2.8100000000,2.7800000000,2.7800000000,9602300
2024-11-08 10:30:00,2.7800000000,2.8000000000,2.7800000000,2.7800000000,3842100
2024-11-08 10:45:00,2.7900000000,2.7900000000,2.7600000000,2.7600000000,9168700
2024-11-08 11:00:00,2.7700000000,2.7700000000,2.7600000000,2.7700000000,2933100
2024-11-08 11:15:00,2.7700000000,2.7700000000,2.7500000000,2.7600000000,9083200
2024-11-08 11:30:00,2.7600000000,2.7600000000,2.7300000000,2.7400000000,10897600
2024-11-08 13:15:00,2.7500000000,2.7600000000,2.7400000000,2.7500000000,6024000
2024-11-08 13:30:00,2.7400000000,2.7800000000,2.7400000000,2.7700000000,5785800
2024-11-08 13:45:00,2.7700000000,2.7800000000,2.7700000000,2.7700000000,3122400
2024-11-08 14:00:00,2.7800000000,2.7800000000,2.7600000000,2.7600000000,4309900
2024-11-08 14:15:00,2.7600000000,2.7800000000,2.7600000000,2.7700000000,2950900
2024-11-08 14:30:00,2.7700000000,2.7700000000,2.7500000000,2.7600000000,4376500
2024-11-08 14:45:00,2.7700000000,2.7700000000,2.7500000000,2.7600000000,4497100
2024-11-08 15:00:00,2.7600000000,2.7700000000,2.7500000000,2.7700000000,5714700
2024-11-11 09:45:00,2.7500000000,2.7500000000,2.7200000000,2.7200000000,19464200
2024-11-11 10:00:00,2.7200000000,2.7500000000,2.7200000000,2.7300000000,11908400
2024-11-11 10:15:00,2.7300000000,2.7400000000,2.7200000000,2.7300000000,3799700
2024-11-11 10:30:00,2.7300000000,2.7300000000,2.7000000000,2.7100000000,13577400
2024-11-11 10:45:00,2.7100000000,2.7100000000,2.6900000000,2.7000000000,6824700
2024-11-11 11:00:00,2.7100000000,2.7100000000,2.6900000000,2.7100000000,5365200
2024-11-11 11:15:00,2.7100000000,2.7100000000,2.7000000000,2.7100000000,2188100
2024-11-11 11:30:00,2.7100000000,2.7200000000,2.7000000000,2.7200000000,4267900
2024-11-11 13:15:00,2.7100000000,2.7300000000,2.7100000000,2.7300000000,4706700
2024-11-11 13:30:00,2.7300000000,2.7300000000,2.7100000000,2.7200000000,4804800
2024-11-11 13:45:00,2.7200000000,2.7300000000,2.7000000000,2.7200000000,5001900
2024-11-11 14:00:00,2.7100000000,2.7300000000,2.7100000000,2.7200000000,3351500
2024-11-11 14:15:00,2.7200000000,2.7300000000,2.7100000000,2.7100000000,3198700
2024-11-11 14:30:00,2.7200000000,2.7200000000,2.7100000000,2.7200000000,2532000
2024-11-11 14:45:00,2.7200000000,2.7300000000,2.7200000000,2.7200000000,5825100
2024-11-11 15:00:00,2.7200000000,2.7300000000,2.7200000000,2.7200000000,4485100
2024-11-12 09:45:00,2.7300000000,2.7500000000,2.7100000000,2.7200000000,14038400
2024-11-12 10:00:00,2.7200000000,2.7200000000,2.7000000000,2.7100000000,9476400
2024-11-12 10:15:00,2.7100000000,2.7200000000,2.7000000000,2.7000000000,4543500
2024-11-12 10:30:00,2.7000000000,2.7200000000,2.7000000000,2.7000000000,3417700
2024-11-12 10:45:00,2.7100000000,2.7100000000,2.6900000000,2.7000000000,6960500
2024-11-12 11:00:00,2.7000000000,2.7100000000,2.6900000000,2.7000000000,2491200
2024-11-12 11:15:00,2.7000000000,2.7100000000,2.7000000000,2.7100000000,1243300
2024-11-12 11:30:00,2.7000000000,2.7100000000,2.6900000000,2.7000000000,2841700
2024-11-12 13:15:00,2.7000000000,2.7100000000,2.7000000000,2.7000000000,2832500
2024-11-12 13:30:00,2.7000000000,2.7100000000,2.6900000000,2.7000000000,4842700
2024-11-12 13:45:00,2.7000000000,2.7100000000,2.6800000000,2.6900000000,7555900
2024-11-12 14:00:00,2.6900000000,2.7000000000,2.6800000000,2.6800000000,3560400
2024-11-12 14:15:00,2.6800000000,2.6900000000,2.6700000000,2.6800000000,4988800
2024-11-12 14:30:00,2.6700000000,2.6800000000,2.6600000000,2.6600000000,8381400
2024-11-12 14:45:00,2.6600000000,2.6700000000,2.6500000000,2.6600000000,6469500
2024-11-12 15:00:00,2.6600000000,2.6800000000,2.6500000000,2.6800000000,5883700
2024-11-13 09:45:00,2.6700000000,2.7100000000,2.6500000000,2.7000000000,14188000
2024-11-13 10:00:00,2.7000000000,2.7100000000,2.7000000000,2.7000000000,7566400
2024-11-13 10:15:00,2.7000000000,2.7200000000,2.6800000000,2.7100000000,10401700
2024-11-13 10:30:00,2.7100000000,2.7300000000,2.7000000000,2.7000000000,11654000
2024-11-13 10:45:00,2.7000000000,2.7100000000,2.6900000000,2.6900000000,3857400
2024-11-13 11:00:00,2.7000000000,2.7100000000,2.6900000000,2.7000000000,3042200
2024-11-13 11:15:00,2.7000000000,2.7100000000,2.6900000000,2.7100000000,2054900
2024-11-13 11:30:00,2.7000000000,2.7100000000,2.6900000000,2.6900000000,1741300
2024-11-13 13:15:00,2.7000000000,2.7000000000,2.6900000000,2.7000000000,1484500
2024-11-13 13:30:00,2.7000000000,2.7000000000,2.6800000000,2.6800000000,3970100
2024-11-13 13:45:00,2.6800000000,2.7000000000,2.6800000000,2.7000000000,3285800
2024-11-13 14:00:00,2.6900000000,2.7100000000,2.6900000000,2.7100000000,2526100
2024-11-13 14:15:00,2.7100000000,2.7100000000,2.7000000000,2.7000000000,1373300
2024-11-13 14:30:00,2.7000000000,2.7100000000,2.6900000000,2.6900000000,3396300
2024-11-13 14:45:00,2.6900000000,2.7000000000,2.6900000000,2.6900000000,1966100
2024-11-13 15:00:00,2.6900000000,2.7000000000,2.6900000000,2.7000000000,3114100
2024-11-14 09:45:00,2.6900000000,2.7000000000,2.6700000000,2.6800000000,8095800
2024-11-14 10:00:00,2.6800000000,2.6900000000,2.6700000000,2.6700000000,6018800
2024-11-14 10:15:00,2.6700000000,2.6900000000,2.6700000000,2.6800000000,3792100
2024-11-14 10:30:00,2.6800000000,2.6800000000,2.6600000000,2.6600000000,2614000
2024-11-14 10:45:00,2.6700000000,2.6700000000,2.6500000000,2.6600000000,4720900
2024-11-14 11:00:00,2.6700000000,2.6700000000,2.6500000000,2.6600000000,4758900
2024-11-14 11:15:00,2.6600000000,2.6800000000,2.6600000000,2.6700000000,2308000
2024-11-14 11:30:00,2.6700000000,2.6800000000,2.6600000000,2.6600000000,1725400
2024-11-14 13:15:00,2.6600000000,2.6700000000,2.6500000000,2.6600000000,2986300
2024-11-14 13:30:00,2.6600000000,2.6600000000,2.6500000000,2.6500000000,5506800
2024-11-14 13:45:00,2.6500000000,2.6600000000,2.6400000000,2.6600000000,1861200
2024-11-14 14:00:00,2.6600000000,2.6600000000,2.6400000000,2.6500000000,2014600
2024-11-14 14:15:00,2.6400000000,2.6500000000,2.6400000000,2.6500000000,2541200
2024-11-14 14:30:00,2.6500000000,2.6500000000,2.6300000000,2.6500000000,6192700
2024-11-14 14:45:00,2.6400000000,2.6500000000,2.6300000000,2.6400000000,3999900
2024-11-14 15:00:00,2.6400000000,2.6500000000,2.6300000000,2.6400000000,7709400
2024-11-15 09:45:00,2.6300000000,2.6600000000,2.6200000000,2.6500000000,8907000
2024-11-15 10:00:00,2.6500000000,2.6700000000,2.6400000000,2.6700000000,8141900
2024-11-15 10:15:00,2.6700000000,2.6800000000,2.6600000000,2.6800000000,8113200
2024-11-15 10:30:00,2.6800000000,2.6900000000,2.6700000000,2.6800000000,8846800
2024-11-15 10:45:00,2.6700000000,2.6800000000,2.6600000000,2.6700000000,4680100
2024-11-15 11:00:00,2.6700000000,2.6800000000,2.6700000000,2.6700000000,1129900
2024-11-15 11:15:00,2.6700000000,2.6800000000,2.6500000000,2.6500000000,3961600
2024-11-15 11:30:00,2.6600000000,2.6600000000,2.6400000000,2.6600000000,3360900
2024-11-15 13:15:00,2.6500000000,2.6700000000,2.6500000000,2.6700000000,3733900
2024-11-15 13:30:00,2.6600000000,2.6800000000,2.6600000000,2.6700000000,4330400
2024-11-15 13:45:00,2.6700000000,2.6800000000,2.6600000000,2.6600000000,4164400
2024-11-15 14:00:00,2.6700000000,2.6700000000,2.6500000000,2.6600000000,3641300
2024-11-15 14:15:00,2.6500000000,2.6600000000,2.6400000000,2.6500000000,3283300
2024-11-15 14:30:00,2.6400000000,2.6500000000,2.6400000000,2.6400000000,2440600
2024-11-15 14:45:00,2.6400000000,2.6500000000,2.6300000000,2.6400000000,6289300
2024-11-15 15:00:00,2.6400000000,2.6400000000,2.6300000000,2.6300000000,6561900
2024-11-18 09:45:00,2.6300000000,2.7000000000,2.6300000000,2.6800000000,22753300
2024-11-18 10:00:00,2.6800000000,2.7000000000,2.6600000000,2.7000000000,12778900
2024-11-18 10:15:00,2.7000000000,2.7200000000,2.6700000000,2.7100000000,12939900
2024-11-18 10:30:00,2.7000000000,2.7200000000,2.7000000000,2.7100000000,4172400
2024-11-18 10:45:00,2.7100000000,2.7200000000,2.7000000000,2.7100000000,4411800
2024-11-18 11:00:00,2.7000000000,2.7100000000,2.6900000000,2.7000000000,2898500
2024-11-18 11:15:00,2.6900000000,2.7000000000,2.6800000000,2.7000000000,2546700
2024-11-18 11:30:00,2.7000000000,2.7300000000,2.6800000000,2.7200000000,11576600
2024-11-18 13:15:00,2.7200000000,2.7300000000,2.7100000000,2.7200000000,6270000
2024-11-18 13:30:00,2.7200000000,2.7200000000,2.7000000000,2.7000000000,3691200
2024-11-18 13:45:00,2.7100000000,2.7100000000,2.6900000000,2.7000000000,5508300
2024-11-18 14:00:00,2.7000000000,2.7000000000,2.6800000000,2.6900000000,4459300
2024-11-18 14:15:00,2.6900000000,2.6900000000,2.6700000000,2.6800000000,5664200
2024-11-18 14:30:00,2.6800000000,2.6900000000,2.6600000000,2.6800000000,3789800
2024-11-18 14:45:00,2.6900000000,2.6900000000,2.6700000000,2.6700000000,3466000
2024-11-18 15:00:00,2.6700000000,2.6800000000,2.6600000000,2.6700000000,5816400
2024-11-19 09:45:00,2.6700000000,2.6900000000,2.6400000000,2.6800000000,13983300
2024-11-19 10:00:00,2.6800000000,2.7000000000,2.6600000000,2.6900000000,6787000
2024-11-19 10:15:00,2.6900000000,2.6900000000,2.6500000000,2.6600000000,6314400
2024-11-19 10:30:00,2.6600000000,2.6600000000,2.6400000000,2.6500000000,5560500
2024-11-19 10:45:00,2.6600000000,2.6700000000,2.6500000000,2.6600000000,4397500
2024-11-19 11:00:00,2.6600000000,2.6700000000,2.6500000000,2.6600000000,1978900
2024-11-19 11:15:00,2.6600000000,2.6800000000,2.6600000000,2.6600000000,2166300
2024-11-19 11:30:00,2.6600000000,2.6700000000,2.6500000000,2.6600000000,1221300
2024-11-19 13:15:00,2.6600000000,2.6600000000,2.6400000000,2.6500000000,4641400
2024-11-19 13:30:00,2.6500000000,2.6600000000,2.6400000000,2.6500000000,2405000
2024-11-19 13:45:00,2.6500000000,2.6500000000,2.6300000000,2.6400000000,4916700
2024-11-19 14:00:00,2.6400000000,2.6500000000,2.6300000000,2.6500000000,2428500
2024-11-19 14:15:00,2.6500000000,2.6700000000,2.6400000000,2.6600000000,3595200
2024-11-19 14:30:00,2.6500000000,2.6800000000,2.6500000000,2.6800000000,4133300
2024-11-19 14:45:00,2.6800000000,2.6800000000,2.6600000000,2.6700000000,6406600
2024-11-19 15:00:00,2.6700000000,2.6800000000,2.6600000000,2.6700000000,4135600
2024-11-20 09:45:00,2.6600000000,2.6700000000,2.6300000000,2.6400000000,12220300
2024-11-20 10:00:00,2.6400000000,2.6600000000,2.6400000000,2.6500000000,5297800
2024-11-20 10:15:00,2.6500000000,2.6500000000,2.6400000000,2.6500000000,2701000
2024-11-20 10:30:00,2.6500000000,2.6500000000,2.6400000000,2.6400000000,5210900
2024-11-20 10:45:00,2.6400000000,2.6600000000,2.6400000000,2.6400000000,3248200
2024-11-20 11:00:00,2.6400000000,2.6700000000,2.6400000000,2.6700000000,3906800
2024-11-20 11:15:00,2.6700000000,2.6700000000,2.6500000000,2.6600000000,2762800
2024-11-20 11:30:00,2.6600000000,2.6700000000,2.6600000000,2.6600000000,847300
2024-11-20 13:15:00,2.6700000000,2.6800000000,2.6600000000,2.6800000000,4866500
2024-11-20 13:30:00,2.6800000000,2.6800000000,2.6600000000,2.6700000000,4529200
2024-11-20 13:45:00,2.6700000000,2.6800000000,2.6600000000,2.6800000000,2663100
2024-11-20 14:00:00,2.6700000000,2.6700000000,2.6600000000,2.6600000000,2432800
2024-11-20 14:15:00,2.6700000000,2.6700000000,2.6500000000,2.6600000000,2751300
2024-11-20 14:30:00,2.6700000000,2.6800000000,2.6600000000,2.6700000000,4698200
2024-11-20 14:45:00,2.6800000000,2.6800000000,2.6700000000,2.6700000000,3594900
2024-11-20 15:00:00,2.6700000000,2.6800000000,2.6700000000,2.6700000000,3533800
2024-11-21 09:45:00,2.6600000000,2.7100000000,2.6600000000,2.6900000000,13911200
2024-11-21 10:00:00,2.6900000000,2.6900000000,2.6600000000,2.6800000000,5600400
2024-11-21 10:15:00,2.6800000000,2.6800000000,2.6600000000,2.6600000000,3423300
2024-11-21 10:30:00,2.6600000000,2.6700000000,2.6600000000,2.6600000000,1579300
2024-11-21 10:45:00,2.6600000000,2.6700000000,2.6600000000,2.6700000000,2376700
2024-11-21 11:00:00,2.6700000000,2.6700000000,2.6600000000,2.6600000000,972900
2024-11-21 11:15:00,2.6600000000,2.6700000000,2.6600000000,2.6600000000,844100
2024-11-21 11:30:00,2.6700000000,2.6800000000,2.6600000000,2.6700000000,3433700
2024-11-21 13:15:00,2.6700000000,2.6700000000,2.6500000000,2.6700000000,4391300
2024-11-21 13:30:00,2.6700000000,2.6800000000,2.6600000000,2.6700000000,3527900
2024-11-21 13:45:00,2.6700000000,2.6800000000,2.6600000000,2.6700000000,2599600
2024-11-21 14:00:00,2.6700000000,2.6800000000,2.6600000000,2.6700000000,1409500
2024-11-21 14:15:00,2.6700000000,2.6700000000,2.6600000000,2.6600000000,2105900
2024-11-21 14:30:00,2.6600000000,2.6700000000,2.6500000000,2.6700000000,4110600
2024-11-21 14:45:00,2.6600000000,2.6700000000,2.6600000000,2.6600000000,1457500
2024-11-21 15:00:00,2.6600000000,2.6800000000,2.6600000000,2.6700000000,4769200
2024-11-22 09:45:00,2.6600000000,2.7000000000,2.6600000000,2.6700000000,12466000
2024-11-22 10:00:00,2.6700000000,2.6900000000,2.6600000000,2.6900000000,3891500
2024-11-22 10:15:00,2.6900000000,2.6900000000,2.6700000000,2.6800000000,3562900
2024-11-22 10:30:00,2.6800000000,2.6900000000,2.6800000000,2.6800000000,1977500
2024-11-22 10:45:00,2.6800000000,2.6900000000,2.6700000000,2.6800000000,13047400
2024-11-22 11:00:00,2.6800000000,2.6900000000,2.6700000000,2.6700000000,3019400
2024-11-22 11:15:00,2.6800000000,2.6900000000,2.6700000000,2.6900000000,2717900
2024-11-22 11:30:00,2.6800000000,2.6900000000,2.6700000000,2.6700000000,3189500
2024-11-22 13:15:00,2.6700000000,2.6700000000,2.6500000000,2.6600000000,9690200
2024-11-22 13:30:00,2.6600000000,2.6600000000,2.6500000000,2.6500000000,4456500
2024-11-22 13:45:00,2.6500000000,2.6600000000,2.6400000000,2.6500000000,2283600
2024-11-22 14:00:00,2.6400000000,2.6600000000,2.6400000000,2.6400000000,4411700
2024-11-22 14:15:00,2.6400000000,2.6500000000,2.6200000000,2.6300000000,6503200
2024-11-22 14:30:00,2.6300000000,2.6400000000,2.6200000000,2.6400000000,5571300
2024-11-22 14:45:00,2.6400000000,2.6400000000,2.6100000000,2.6200000000,6356400
2024-11-22 15:00:00,2.6200000000,2.6200000000,2.6000000000,2.6000000000,8340500
2024-11-25 09:45:00,2.5800000000,2.6000000000,2.5600000000,2.5800000000,15642000
2024-11-25 10:00:00,2.5800000000,2.6000000000,2.5800000000,2.5900000000,6821100
2024-11-25 10:15:00,2.5900000000,2.6100000000,2.5800000000,2.6000000000,5135700
2024-11-25 10:30:00,2.6100000000,2.6200000000,2.6000000000,2.6100000000,3556000
2024-11-25 10:45:00,2.6100000000,2.6300000000,2.6000000000,2.6100000000,4365800
2024-11-25 11:00:00,2.6100000000,2.6100000000,2.5900000000,2.6000000000,2253700
2024-11-25 11:15:00,2.6000000000,2.6000000000,2.5900000000,2.6000000000,1488500
2024-11-25 11:30:00,2.6000000000,2.6100000000,2.5800000000,2.5900000000,3182600
2024-11-25 13:15:00,2.5900000000,2.6000000000,2.5700000000,2.6000000000,4393600
2024-11-25 13:30:00,2.6000000000,2.6000000000,2.5800000000,2.5800000000,3052600
2024-11-25 13:45:00,2.5800000000,2.5900000000,2.5700000000,2.5700000000,8248900
2024-11-25 14:00:00,2.5700000000,2.5900000000,2.5600000000,2.5700000000,3286400
2024-11-25 14:15:00,2.5600000000,2.5700000000,2.5600000000,2.5600000000,3993600
2024-11-25 14:30:00,2.5700000000,2.5800000000,2.5500000000,2.5800000000,9601800
2024-11-25 14:45:00,2.5700000000,2.5800000000,2.5600000000,2.5700000000,5244700
2024-11-25 15:00:00,2.5700000000,2.5800000000,2.5200000000,2.5200000000,50479300
2024-11-26 09:45:00,2.5500000000,2.5800000000,2.5500000000,2.5800000000,17121200
2024-11-26 10:00:00,2.5800000000,2.5900000000,2.5600000000,2.5800000000,9160000
2024-11-26 10:15:00,2.5800000000,2.6000000000,2.5700000000,2.5900000000,7966300
2024-11-26 10:30:00,2.5900000000,2.5900000000,2.5700000000,2.5800000000,2736400
2024-11-26 10:45:00,2.5800000000,2.5800000000,2.5600000000,2.5700000000,3273400
2024-11-26 11:00:00,2.5700000000,2.5800000000,2.5600000000,2.5700000000,3706000
2024-11-26 11:15:00,2.5700000000,2.5700000000,2.5600000000,2.5600000000,959300
2024-11-26 11:30:00,2.5600000000,2.5800000000,2.5600000000,2.5800000000,2628900
2024-11-26 13:15:00,2.5700000000,2.5900000000,2.5700000000,2.5800000000,5528500
2024-11-26 13:30:00,2.5800000000,2.5800000000,2.5600000000,2.5700000000,3604200
2024-11-26 13:45:00,2.5700000000,2.5800000000,2.5700000000,2.5800000000,2654300
2024-11-26 14:00:00,2.5800000000,2.5800000000,2.5600000000,2.5700000000,4319500
2024-11-26 14:15:00,2.5700000000,2.5800000000,2.5600000000,2.5800000000,3346700
2024-11-26 14:30:00,2.5800000000,2.5800000000,2.5700000000,2.5800000000,1888400
2024-11-26 14:45:00,2.5800000000,2.5800000000,2.5600000000,2.5600000000,6385800
2024-11-26 15:00:00,2.5700000000,2.5700000000,2.5500000000,2.5600000000,4569600
2024-11-27 09:45:00,2.5600000000,2.5600000000,2.5200000000,2.5300000000,10176300
2024-11-27 10:00:00,2.5300000000,2.5400000000,2.5200000000,2.5300000000,4748200
2024-11-27 10:15:00,2.5200000000,2.5200000000,2.5000000000,2.5200000000,7044300
2024-11-27 10:30:00,2.5200000000,2.5300000000,2.5100000000,2.5300000000,2238100
2024-11-27 10:45:00,2.5300000000,2.5400000000,2.5100000000,2.5400000000,4097000
2024-11-27 11:00:00,2.5400000000,2.5600000000,2.5300000000,2.5500000000,3152300
2024-11-27 11:15:00,2.5500000000,2.5600000000,2.5400000000,2.5400000000,2453000
2024-11-27 11:30:00,2.5500000000,2.5600000000,2.5400000000,2.5600000000,2632100
2024-11-27 13:15:00,2.5500000000,2.5700000000,2.5400000000,2.5600000000,6131900
2024-11-27 13:30:00,2.5700000000,2.5700000000,2.5400000000,2.5500000000,3094000
2024-11-27 13:45:00,2.5500000000,2.5600000000,2.5500000000,2.5600000000,898600
2024-11-27 14:00:00,2.5600000000,2.5700000000,2.5500000000,2.5600000000,2367900
2024-11-27 14:15:00,2.5600000000,2.5600000000,2.5500000000,2.5600000000,1263400
2024-11-27 14:30:00,2.5600000000,2.5800000000,2.5600000000,2.5800000000,3902300
2024-11-27 14:45:00,2.5800000000,2.5900000000,2.5700000000,2.5800000000,6389400
2024-11-27 15:00:00,2.5800000000,2.6000000000,2.5800000000,2.5900000000,7073800
2024-11-28 09:45:00,2.5800000000,2.6100000000,2.5800000000,2.6000000000,10272000
2024-11-28 10:00:00,2.6000000000,2.6200000000,2.6000000000,2.6100000000,5427300
2024-11-28 10:15:00,2.6100000000,2.6100000000,2.5900000000,2.5900000000,3408600
2024-11-28 10:30:00,2.6000000000,2.6000000000,2.5900000000,2.5900000000,1199600
2024-11-28 10:45:00,2.5900000000,2.6000000000,2.5800000000,2.6000000000,2827100
2024-11-28 11:00:00,2.6000000000,2.6000000000,2.5900000000,2.5900000000,1219200
2024-11-28 11:15:00,2.5900000000,2.6000000000,2.5800000000,2.5900000000,2528700
2024-11-28 11:30:00,2.5900000000,2.5900000000,2.5800000000,2.5900000000,2282200
2024-11-28 13:15:00,2.5900000000,2.6100000000,2.5800000000,2.6100000000,5772900
2024-11-28 13:30:00,2.6000000000,2.6100000000,2.6000000000,2.6100000000,1254700
2024-11-28 13:45:00,2.6100000000,2.6200000000,2.6000000000,2.6200000000,5287400
2024-11-28 14:00:00,2.6200000000,2.6300000000,2.6100000000,2.6100000000,5388700
2024-11-28 14:15:00,2.6100000000,2.6200000000,2.6100000000,2.6100000000,722600
2024-11-28 14:30:00,2.6100000000,2.6200000000,2.6100000000,2.6200000000,1484600
2024-11-28 14:45:00,2.6200000000,2.6200000000,2.6000000000,2.6000000000,4727200
2024-11-28 15:00:00,2.6000000000,2.6100000000,2.6000000000,2.6000000000,3284500
2024-11-29 09:45:00,2.6000000000,2.6300000000,2.5900000000,2.6200000000,5183500
2024-11-29 10:00:00,2.6200000000,2.6200000000,2.6000000000,2.6000000000,4252900
2024-11-29 10:15:00,2.6100000000,2.6100000000,2.5900000000,2.6000000000,3844200
2024-11-29 10:30:00,2.6100000000,2.6100000000,2.6000000000,2.6000000000,1391600
2024-11-29 10:45:00,2.6000000000,2.6200000000,2.6000000000,2.6100000000,3470200
2024-11-29 11:00:00,2.6100000000,2.6200000000,2.6000000000,2.6200000000,3923700
2024-11-29 11:15:00,2.6200000000,2.6300000000,2.6200000000,2.6300000000,5228100
2024-11-29 11:30:00,2.6300000000,2.6400000000,2.6200000000,2.6300000000,6190200
2024-11-29 13:15:00,2.6300000000,2.6300000000,2.6200000000,2.6200000000,3686500
2024-11-29 13:30:00,2.6300000000,2.6300000000,2.6100000000,2.6200000000,4213900
2024-11-29 13:45:00,2.6200000000,2.6300000000,2.6200000000,2.6200000000,1745900
2024-11-29 14:00:00,2.6200000000,2.6300000000,2.6200000000,2.6200000000,1825700
2024-11-29 14:15:00,2.6300000000,2.6300000000,2.6100000000,2.6200000000,4078400
2024-11-29 14:30:00,2.6200000000,2.6200000000,2.6000000000,2.6200000000,5274900
2024-11-29 14:45:00,2.6200000000,2.6200000000,2.6000000000,2.6100000000,2657000
2024-11-29 15:00:00,2.6100000000,2.6200000000,2.6000000000,2.6100000000,3460000
2024-12-02 09:45:00,2.6200000000,2.6400000000,2.6100000000,2.6400000000,18235600
2024-12-02 10:00:00,2.6400000000,2.6400000000,2.6200000000,2.6300000000,8152800
2024-12-02 10:15:00,2.6300000000,2.6300000000,2.6100000000,2.6100000000,6713300
2024-12-02 10:30:00,2.6100000000,2.6300000000,2.6100000000,2.6300000000,3379800
2024-12-02 10:45:00,2.6300000000,2.6400000000,2.6200000000,2.6300000000,5817600
2024-12-02 11:00:00,2.6300000000,2.6400000000,2.6200000000,2.6300000000,3675800
2024-12-02 11:15:00,2.6400000000,2.6500000000,2.6300000000,2.6500000000,5247700
2024-12-02 11:30:00,2.6400000000,2.6700000000,2.6400000000,2.6500000000,8502300
2024-12-02 13:15:00,2.6600000000,2.6700000000,2.6500000000,2.6600000000,6341300
2024-12-02 13:30:00,2.6600000000,2.6700000000,2.6600000000,2.6700000000,1589300
2024-12-02 13:45:00,2.6600000000,2.6700000000,2.6600000000,2.6600000000,1803000
2024-12-02 14:00:00,2.6600000000,2.6700000000,2.6500000000,2.6600000000,2991700
2024-12-02 14:15:00,2.6500000000,2.6700000000,2.6500000000,2.6500000000,3155800
2024-12-02 14:30:00,2.6500000000,2.6600000000,2.6500000000,2.6600000000,1659200
2024-12-02 14:45:00,2.6600000000,2.6700000000,2.6500000000,2.6600000000,3064500
2024-12-02 15:00:00,2.6600000000,2.6700000000,2.6500000000,2.6600000000,4316000
2024-12-03 09:45:00,2.6600000000,2.6700000000,2.6300000000,2.6400000000,9993400
2024-12-03 10:00:00,2.6400000000,2.6600000000,2.6300000000,2.6500000000,7762100
2024-12-03 10:15:00,2.6500000000,2.6600000000,2.6300000000,2.6500000000,7397200
2024-12-03 10:30:00,2.6500000000,2.6600000000,2.6400000000,2.6500000000,3587400
2024-12-03 10:45:00,2.6500000000,2.6600000000,2.6400000000,2.6600000000,2008000
2024-12-03 11:00:00,2.6600000000,2.6600000000,2.6500000000,2.6600000000,1222700
2024-12-03 11:15:00,2.6600000000,2.6600000000,2.6400000000,2.6500000000,3670300
2024-12-03 11:30:00,2.6400000000,2.6700000000,2.6400000000,2.6700000000,4916200
2024-12-03 13:15:00,2.6700000000,2.6700000000,2.6500000000,2.6600000000,3695800
2024-12-03 13:30:00,2.6600000000,2.6700000000,2.6500000000,2.6600000000,2911300
2024-12-03 13:45:00,2.6600000000,2.6700000000,2.6500000000,2.6500000000,2377200
2024-12-03 14:00:00,2.6600000000,2.6700000000,2.6500000000,2.6700000000,4188200
2024-12-03 14:15:00,2.6700000000,2.6900000000,2.6700000000,2.6800000000,9782800
2024-12-03 14:30:00,2.6800000000,2.6900000000,2.6700000000,2.6900000000,5192400
2024-12-03 14:45:00,2.6900000000,2.6900000000,2.6800000000,2.6800000000,4925800
2024-12-03 15:00:00,2.6800000000,2.6900000000,2.6800000000,2.6900000000,5203400
2024-12-04 09:45:00,2.6800000000,2.6800000000,2.6500000000,2.6600000000,7906000
2024-12-04 10:00:00,2.6600000000,2.6800000000,2.6500000000,2.6800000000,5237000
2024-12-04 10:15:00,2.6700000000,2.6800000000,2.6600000000,2.6800000000,5127700
2024-12-04 10:30:00,2.6700000000,2.6800000000,2.6600000000,2.6700000000,2120400
2024-12-04 10:45:00,2.6700000000,2.6800000000,2.6600000000,2.6700000000,3505400
2024-12-04 11:00:00,2.6700000000,2.6700000000,2.6600000000,2.6700000000,1902500
2024-12-04 11:15:00,2.6600000000,2.6700000000,2.6600000000,2.6600000000,1073200
2024-12-04 11:30:00,2.6700000000,2.6700000000,2.6600000000,2.6700000000,2131500
2024-12-04 13:15:00,2.6600000000,2.6700000000,2.6500000000,2.6600000000,3724500
2024-12-04 13:30:00,2.6700000000,2.6800000000,2.6600000000,2.6600000000,3688200
2024-12-04 13:45:00,2.6700000000,2.6700000000,2.6600000000,2.6700000000,3674500
2024-12-04 14:00:00,2.6700000000,2.6700000000,2.6600000000,2.6700000000,1161400
2024-12-04 14:15:00,2.6700000000,2.6700000000,2.6500000000,2.6500000000,3597200
2024-12-04 14:30:00,2.6500000000,2.6600000000,2.6400000000,2.6500000000,7562200
2024-12-04 14:45:00,2.6400000000,2.6600000000,2.6400000000,2.6500000000,5106500
2024-12-04 15:00:00,2.6500000000,2.6600000000,2.6400000000,2.6500000000,4012700
2024-12-05 09:45:00,2.6500000000,2.6500000000,2.6300000000,2.6500000000,7267600
2024-12-05 10:00:00,2.6400000000,2.6500000000,2.6300000000,2.6400000000,4745500
2024-12-05 10:15:00,2.6400000000,2.6500000000,2.6400000000,2.6500000000,2522900
2024-12-05 10:30:00,2.6500000000,2.6500000000,2.6400000000,2.6500000000,3428300
2024-12-05 10:45:00,2.6500000000,2.6600000000,2.6300000000,2.6600000000,8923800
2024-12-05 11:00:00,2.6600000000,2.6600000000,2.6500000000,2.6500000000,1199300
2024-12-05 11:15:00,2.6500000000,2.6600000000,2.6500000000,2.6500000000,2194000
2024-12-05 11:30:00,2.6500000000,2.6600000000,2.6400000000,2.6500000000,5300900
2024-12-05 13:15:00,2.6500000000,2.6700000000,2.6500000000,2.6600000000,4777600
2024-12-05 13:30:00,2.6600000000,2.6700000000,2.6600000000,2.6600000000,2900300
2024-12-05 13:45:00,2.6600000000,2.6800000000,2.6600000000,2.6700000000,4742000
2024-12-05 14:00:00,2.6800000000,2.6800000000,2.6700000000,2.6800000000,2161000
2024-12-05 14:15:00,2.6800000000,2.6800000000,2.6600000000,2.6800000000,3240000
2024-12-05 14:30:00,2.6800000000,2.6800000000,2.6600000000,2.6700000000,2504700
2024-12-05 14:45:00,2.6700000000,2.6800000000,2.6700000000,2.6800000000,1406900
2024-12-05 15:00:00,2.6800000000,2.6800000000,2.6600000000,2.6800000000,3773300
2024-12-06 09:45:00,2.6800000000,2.7200000000,2.6700000000,2.7100000000,18192800
2024-12-06 10:00:00,2.7100000000,2.7200000000,2.6900000000,2.7000000000,9479100
2024-12-06 10:15:00,2.7000000000,2.7300000000,2.7000000000,2.7300000000,19544800
2024-12-06 10:30:00,2.7300000000,2.7400000000,2.7200000000,2.7400000000,6309700
2024-12-06 10:45:00,2.7400000000,2.7500000000,2.7300000000,2.7500000000,7814900
2024-12-06 11:00:00,2.7500000000,2.7500000000,2.7300000000,2.7400000000,6605900
2024-12-06 11:15:00,2.7500000000,2.7500000000,2.7400000000,2.7500000000,3385600
2024-12-06 11:30:00,2.7500000000,2.7600000000,2.7400000000,2.7500000000,6794100
2024-12-06 13:15:00,2.7500000000,2.7700000000,2.7400000000,2.7600000000,14223000
2024-12-06 13:30:00,2.7600000000,2.7700000000,2.7600000000,2.7700000000,7147800
2024-12-06 13:45:00,2.7700000000,2.7700000000,2.7500000000,2.7700000000,5729000
2024-12-06 14:00:00,2.7700000000,2.7700000000,2.7500000000,2.7700000000,4325700
2024-12-06 14:15:00,2.7700000000,2.7700000000,2.7500000000,2.7700000000,2972100
2024-12-06 14:30:00,2.7700000000,2.7700000000,2.7500000000,2.7600000000,3430300
2024-12-06 14:45:00,2.7600000000,2.7700000000,2.7500000000,2.7600000000,5901600
2024-12-06 15:00:00,2.7500000000,2.7700000000,2.7500000000,2.7500000000,6351400
2024-12-09 09:45:00,2.7600000000,2.8000000000,2.7500000000,2.7500000000,18648300
2024-12-09 10:00:00,2.7500000000,2.7800000000,2.7500000000,2.7800000000,8227000
2024-12-09 10:15:00,2.7800000000,2.7900000000,2.7700000000,2.7700000000,8882500
2024-12-09 10:30:00,2.7700000000,2.7800000000,2.7600000000,2.7700000000,4421300
2024-12-09 10:45:00,2.7700000000,2.7800000000,2.7600000000,2.7600000000,4087300
2024-12-09 11:00:00,2.7600000000,2.7700000000,2.7600000000,2.7600000000,2279300
2024-12-09 11:15:00,2.7600000000,2.7700000000,2.7500000000,2.7600000000,6494000
2024-12-09 11:30:00,2.7600000000,2.7600000000,2.7400000000,2.7500000000,3625600
2024-12-09 13:15:00,2.7400000000,2.7600000000,2.7300000000,2.7600000000,8041600
2024-12-09 13:30:00,2.7600000000,2.7600000000,2.7500000000,2.7600000000,1921300
2024-12-09 13:45:00,2.7600000000,2.7600000000,2.7400000000,2.7400000000,3477400
2024-12-09 14:00:00,2.7400000000,2.7500000000,2.7300000000,2.7400000000,3550000
2024-12-09 14:15:00,2.7400000000,2.7500000000,2.7300000000,2.7400000000,3363700
2024-12-09 14:30:00,2.7400000000,2.7500000000,2.7300000000,2.7300000000,4453700
2024-12-09 14:45:00,2.7400000000,2.7500000000,2.7300000000,2.7500000000,4477400
2024-12-09 15:00:00,2.7500000000,2.7500000000,2.7400000000,2.7400000000,4585300
2024-12-10 09:45:00,2.7800000000,2.8000000000,2.7400000000,2.7600000000,23656200
2024-12-10 10:00:00,2.7500000000,2.7600000000,2.7500000000,2.7600000000,8474200
2024-12-10 10:15:00,2.7600000000,2.7600000000,2.7400000000,2.7600000000,5777200
2024-12-10 10:30:00,2.7600000000,2.7600000000,2.7300000000,2.7400000000,10579600
2024-12-10 10:45:00,2.7400000000,2.7500000000,2.7300000000,2.7400000000,5719300
2024-12-10 11:00:00,2.7400000000,2.7400000000,2.7200000000,2.7300000000,5684100
2024-12-10 11:15:00,2.7300000000,2.7400000000,2.7200000000,2.7300000000,2940400
2024-12-10 11:30:00,2.7300000000,2.7400000000,2.7200000000,2.7400000000,3845700
2024-12-10 13:15:00,2.7300000000,2.7400000000,2.7200000000,2.7200000000,4243500
2024-12-10 13:30:00,2.7200000000,2.7300000000,2.7200000000,2.7300000000,1409000
2024-12-10 13:45:00,2.7300000000,2.7300000000,2.7100000000,2.7200000000,7879100
2024-12-10 14:00:00,2.7200000000,2.7200000000,2.7100000000,2.7200000000,2333400
2024-12-10 14:15:00,2.7200000000,2.7200000000,2.7000000000,2.7000000000,6103000
2024-12-10 14:30:00,2.7100000000,2.7100000000,2.7000000000,2.7100000000,2243600
2024-12-10 14:45:00,2.7100000000,2.7100000000,2.7000000000,2.7000000000,4961100
2024-12-10 15:00:00,2.7000000000,2.7100000000,2.6900000000,2.7000000000,6942700
2024-12-11 09:45:00,2.6900000000,2.7200000000,2.6900000000,2.7100000000,10192700
2024-12-11 10:00:00,2.7100000000,2.7400000000,2.7100000000,2.7400000000,11029200
2024-12-11 10:15:00,2.7400000000,2.7500000000,2.7300000000,2.7400000000,6314000
2024-12-11 10:30:00,2.7400000000,2.7500000000,2.7400000000,2.7400000000,5726200
2024-12-11 10:45:00,2.7400000000,2.7500000000,2.7300000000,2.7400000000,2992000
2024-12-11 11:00:00,2.7300000000,2.7400000000,2.7300000000,2.7400000000,2944100
2024-12-11 11:15:00,2.7300000000,2.7400000000,2.7300000000,2.7400000000,4065500
2024-12-11 11:30:00,2.7400000000,2.7500000000,2.7300000000,2.7300000000,7018300
2024-12-11 13:15:00,2.7400000000,2.7500000000,2.7300000000,2.7400000000,2928500
2024-12-11 13:30:00,2.7400000000,2.7700000000,2.7400000000,2.7600000000,14017900
2024-12-11 13:45:00,2.7600000000,2.7600000000,2.7400000000,2.7500000000,5016200
2024-12-11 14:00:00,2.7500000000,2.7500000000,2.7400000000,2.7500000000,3053500
2024-12-11 14:15:00,2.7500000000,2.7500000000,2.7400000000,2.7400000000,2299100
2024-12-11 14:30:00,2.7400000000,2.7600000000,2.7400000000,2.7400000000,5257000
2024-12-11 14:45:00,2.7500000000,2.7500000000,2.7400000000,2.7400000000,4520500
2024-12-11 15:00:00,2.7500000000,2.7600000000,2.7400000000,2.7500000000,7682400
2024-12-12 09:45:00,2.7600000000,2.7600000000,2.7200000000,2.7500000000,11793100
2024-12-12 10:00:00,2.7400000000,2.7700000000,2.7400000000,2.7500000000,10788100
2024-12-12 10:15:00,2.7500000000,2.7600000000,2.7400000000,2.7400000000,6227500
2024-12-12 10:30:00,2.7400000000,2.7500000000,2.7300000000,2.7400000000,6063600
2024-12-12 10:45:00,2.7400000000,2.7400000000,2.7300000000,2.7300000000,2418300
2024-12-12 11:00:00,2.7400000000,2.7400000000,2.7200000000,2.7200000000,6557700
2024-12-12 11:15:00,2.7200000000,2.7400000000,2.7200000000,2.7300000000,3110400
2024-12-12 11:30:00,2.7300000000,2.7500000000,2.7300000000,2.7500000000,4301400
2024-12-12 13:15:00,2.7400000000,2.7500000000,2.7400000000,2.7400000000,5344400
2024-12-12 13:30:00,2.7400000000,2.7600000000,2.7400000000,2.7600000000,4487600
2024-12-12 13:45:00,2.7600000000,2.7600000000,2.7400000000,2.7500000000,5206300
2024-12-12 14:00:00,2.7500000000,2.7600000000,2.7400000000,2.7600000000,3567400
2024-12-12 14:15:00,2.7600000000,2.7600000000,2.7500000000,2.7500000000,4099200
2024-12-12 14:30:00,2.7600000000,2.7600000000,2.7500000000,2.7600000000,5660500
2024-12-12 14:45:00,2.7600000000,2.7600000000,2.7400000000,2.7400000000,5726900
2024-12-12 15:00:00,2.7400000000,2.7600000000,2.7400000000,2.7500000000,7502800
2024-12-13 09:45:00,2.7500000000,2.7500000000,2.7200000000,2.7200000000,13919400
2024-12-13 10:00:00,2.7300000000,2.7300000000,2.7000000000,2.7100000000,14798400
2024-12-13 10:15:00,2.7100000000,2.7100000000,2.6900000000,2.6900000000,11950900
2024-12-13 10:30:00,2.6900000000,2.7000000000,2.6800000000,2.6900000000,9914900
2024-12-13 10:45:00,2.6900000000,2.7000000000,2.6800000000,2.7000000000,7887000
2024-12-13 11:00:00,2.6900000000,2.7000000000,2.6800000000,2.7000000000,5445400
2024-12-13 11:15:00,2.7000000000,2.7000000000,2.6800000000,2.7000000000,5426600
2024-12-13 11:30:00,2.7000000000,2.7000000000,2.6800000000,2.7000000000,4717100
2024-12-13 13:15:00,2.6900000000,2.7000000000,2.6900000000,2.7000000000,8053200
2024-12-13 13:30:00,2.7000000000,2.7000000000,2.6800000000,2.7000000000,6115900
2024-12-13 13:45:00,2.7000000000,2.7100000000,2.6900000000,2.7000000000,8889400
2024-12-13 14:00:00,2.7000000000,2.7200000000,2.7000000000,2.7100000000,6783000
2024-12-13 14:15:00,2.7100000000,2.7300000000,2.7100000000,2.7200000000,9352400
2024-12-13 14:30:00,2.7200000000,2.7200000000,2.7000000000,2.7000000000,10198800
2024-12-13 14:45:00,2.7000000000,2.7100000000,2.6900000000,2.7100000000,12232200
2024-12-13 15:00:00,2.7100000000,2.7100000000,2.6800000000,2.6900000000,13590000
2024-12-16 09:45:00,2.6900000000,2.7200000000,2.6900000000,2.7200000000,10560600
2024-12-16 10:00:00,2.7200000000,2.7300000000,2.7100000000,2.7100000000,7757800
2024-12-16 10:15:00,2.7200000000,2.7200000000,2.6800000000,2.6900000000,8574400
2024-12-16 10:30:00,2.6900000000,2.7000000000,2.6800000000,2.6900000000,6128100
2024-12-16 10:45:00,2.6900000000,2.7000000000,2.6800000000,2.6900000000,7050400
2024-12-16 11:00:00,2.6900000000,2.7100000000,2.6800000000,2.7000000000,5898600
2024-12-16 11:15:00,2.7000000000,2.7100000000,2.6900000000,2.7100000000,4834000
2024-12-16 11:30:00,2.7100000000,2.7100000000,2.7000000000,2.7000000000,4557800
2024-12-16 13:15:00,2.7100000000,2.7100000000,2.6900000000,2.7000000000,5338300
2024-12-16 13:30:00,2.7000000000,2.7000000000,2.6800000000,2.6800000000,5471400
2024-12-16 13:45:00,2.6900000000,2.6900000000,2.6800000000,2.6900000000,4407600
2024-12-16 14:00:00,2.6900000000,2.6900000000,2.6800000000,2.6900000000,2698800
2024-12-16 14:15:00,2.6900000000,2.6900000000,2.6700000000,2.6700000000,4234300
2024-12-16 14:30:00,2.6700000000,2.6900000000,2.6700000000,2.6900000000,4380500
2024-12-16 14:45:00,2.6800000000,2.6900000000,2.6800000000,2.6900000000,5233100
2024-12-16 15:00:00,2.6900000000,2.7000000000,2.6800000000,2.6900000000,4830700
2024-12-17 09:45:00,2.6800000000,2.7000000000,2.6700000000,2.6700000000,10281500
2024-12-17 10:00:00,2.6800000000,2.6800000000,2.6600000000,2.6800000000,5072800
2024-12-17 10:15:00,2.6700000000,2.6900000000,2.6600000000,2.6800000000,5088100
2024-12-17 10:30:00,2.6700000000,2.6800000000,2.6600000000,2.6600000000,6263500
2024-12-17 10:45:00,2.6700000000,2.6700000000,2.6500000000,2.6600000000,5495500
2024-12-17 11:00:00,2.6600000000,2.6600000000,2.6400000000,2.6500000000,7103700
2024-12-17 11:15:00,2.6500000000,2.6600000000,2.6400000000,2.6500000000,4127800
2024-12-17 11:30:00,2.6500000000,2.6600000000,2.6400000000,2.6500000000,3470900
2024-12-17 13:15:00,2.6500000000,2.6500000000,2.6300000000,2.6400000000,3994000
2024-12-17 13:30:00,2.6400000000,2.6600000000,2.6300000000,2.6600000000,5092300
2024-12-17 13:45:00,2.6600000000,2.6800000000,2.6500000000,2.6800000000,8323200
2024-12-17 14:00:00,2.6800000000,2.6800000000,2.6600000000,2.6600000000,2867800
2024-12-17 14:15:00,2.6700000000,2.6700000000,2.6500000000,2.6500000000,2635100
2024-12-17 14:30:00,2.6500000000,2.6600000000,2.6400000000,2.6400000000,3268700
2024-12-17 14:45:00,2.6400000000,2.6600000000,2.6400000000,2.6600000000,4062100
2024-12-17 15:00:00,2.6600000000,2.6600000000,2.6400000000,2.6500000000,4211000
2024-12-18 09:45:00,2.6600000000,2.7000000000,2.6600000000,2.6900000000,17932700
2024-12-18 10:00:00,2.6900000000,2.7100000000,2.6900000000,2.7100000000,4150600
2024-12-18 10:15:00,2.7100000000,2.7100000000,2.6900000000,2.7000000000,5340700
2024-12-18 10:30:00,2.7000000000,2.7000000000,2.6800000000,2.6800000000,3995100
2024-12-18 10:45:00,2.6800000000,2.7000000000,2.6800000000,2.7000000000,3056100
2024-12-18 11:00:00,2.6900000000,2.7000000000,2.6800000000,2.6800000000,1761900
2024-12-18 11:15:00,2.6800000000,2.6900000000,2.6800000000,2.6800000000,4007200
2024-12-18 11:30:00,2.6800000000,2.6900000000,2.6800000000,2.6800000000,1986000
2024-12-18 13:15:00,2.6800000000,2.6900000000,2.6700000000,2.6700000000,4010100
2024-12-18 13:30:00,2.6700000000,2.6900000000,2.6700000000,2.6900000000,2204100
2024-12-18 13:45:00,2.6900000000,2.6900000000,2.6700000000,2.6700000000,2414500
2024-12-18 14:00:00,2.6700000000,2.6800000000,2.6700000000,2.6700000000,2760600
2024-12-18 14:15:00,2.6800000000,2.6800000000,2.6600000000,2.6800000000,3057100
2024-12-18 14:30:00,2.6700000000,2.6800000000,2.6600000000,2.6700000000,3628500
2024-12-18 14:45:00,2.6800000000,2.6800000000,2.6600000000,2.6600000000,1568000
2024-12-18 15:00:00,2.6700000000,2.6800000000,2.6600000000,2.6700000000,4649300
2024-12-19 09:45:00,2.6500000000,2.6600000000,2.6300000000,2.6400000000,10009600
2024-12-19 10:00:00,2.6400000000,2.6600000000,2.6300000000,2.6300000000,6209600
2024-12-19 10:15:00,2.6300000000,2.6400000000,2.6200000000,2.6300000000,7556000
2024-12-19 10:30:00,2.6200000000,2.6400000000,2.6200000000,2.6200000000,3081100
2024-12-19 10:45:00,2.6300000000,2.6400000000,2.6200000000,2.6400000000,2635300
2024-12-19 11:00:00,2.6400000000,2.6400000000,2.6300000000,2.6400000000,1075100
2024-12-19 11:15:00,2.6300000000,2.6400000000,2.6300000000,2.6300000000,1191100
2024-12-19 11:30:00,2.6300000000,2.6400000000,2.6200000000,2.6300000000,3333100
2024-12-19 13:15:00,2.6200000000,2.6400000000,2.6100000000,2.6300000000,8632000
2024-12-19 13:30:00,2.6300000000,2.6400000000,2.6200000000,2.6400000000,2212200
2024-12-19 13:45:00,2.6400000000,2.6500000000,2.6300000000,2.6300000000,5919900
2024-12-19 14:00:00,2.6400000000,2.6400000000,2.6300000000,2.6300000000,1644000
2024-12-19 14:15:00,2.6400000000,2.6400000000,2.6300000000,2.6300000000,1354900
2024-12-19 14:30:00,2.6400000000,2.6500000000,2.6300000000,2.6500000000,2617000
2024-12-19 14:45:00,2.6500000000,2.6500000000,2.6400000000,2.6500000000,2387800
2024-12-19 15:00:00,2.6500000000,2.6500000000,2.6300000000,2.6400000000,4547200
2024-12-20 09:45:00,2.6400000000,2.6600000000,2.6100000000,2.6100000000,7060800
2024-12-20 10:00:00,2.6100000000,2.6300000000,2.6100000000,2.6300000000,2132600
2024-12-20 10:15:00,2.6300000000,2.6300000000,2.6100000000,2.6100000000,6019900
2024-12-20 10:30:00,2.6200000000,2.6200000000,2.6100000000,2.6200000000,920600
2024-12-20 10:45:00,2.6200000000,2.6200000000,2.6100000000,2.6100000000,2251400
2024-12-20 11:00:00,2.6200000000,2.6200000000,2.6000000000,2.6200000000,4795100
2024-12-20 11:15:00,2.6200000000,2.6200000000,2.6100000000,2.6200000000,1658500
2024-12-20 11:30:00,2.6100000000,2.6200000000,2.6100000000,2.6100000000,1945000
2024-12-20 13:15:00,2.6100000000,2.6200000000,2.6000000000,2.6100000000,8276800
2024-12-20 13:30:00,2.6100000000,2.6200000000,2.6000000000,2.6100000000,3254700
2024-12-20 13:45:00,2.6100000000,2.6100000000,2.6000000000,2.6100000000,2690800
2024-12-20 14:00:00,2.6100000000,2.6100000000,2.6000000000,2.6100000000,1927000
2024-12-20 14:15:00,2.6100000000,2.6100000000,2.5900000000,2.6000000000,11071400
2024-12-20 14:30:00,2.6100000000,2.6100000000,2.6000000000,2.6000000000,1038000
2024-12-20 14:45:00,2.6000000000,2.6100000000,2.6000000000,2.6000000000,2607000
2024-12-20 15:00:00,2.6000000000,2.6100000000,2.6000000000,2.6100000000,8276400
2024-12-23 09:45:00,2.6000000000,2.6200000000,2.5900000000,2.6200000000,5936400
2024-12-23 10:00:00,2.6200000000,2.6300000000,2.6100000000,2.6200000000,6383400
2024-12-23 10:15:00,2.6200000000,2.6200000000,2.6000000000,2.6100000000,2861600
2024-12-23 10:30:00,2.6000000000,2.6100000000,2.5900000000,2.6000000000,5978500
2024-12-23 10:45:00,2.6000000000,2.6100000000,2.6000000000,2.6100000000,1364900
2024-12-23 11:00:00,2.6100000000,2.6200000000,2.6000000000,2.6200000000,2979000
2024-12-23 11:15:00,2.6200000000,2.6200000000,2.6000000000,2.6000000000,2981400
2024-12-23 11:30:00,2.6000000000,2.6200000000,2.6000000000,2.6100000000,2098400
2024-12-23 13:15:00,2.6100000000,2.6200000000,2.6000000000,2.6000000000,3331400
2024-12-23 13:30:00,2.6000000000,2.6100000000,2.6000000000,2.6000000000,3738900
2024-12-23 13:45:00,2.6100000000,2.6100000000,2.6000000000,2.6000000000,1089600
2024-12-23 14:00:00,2.6000000000,2.6100000000,2.5900000000,2.6000000000,4265700
2024-12-23 14:15:00,2.6000000000,2.6000000000,2.5900000000,2.6000000000,3300100
2024-12-23 14:30:00,2.5900000000,2.6000000000,2.5900000000,2.6000000000,1978300
2024-12-23 14:45:00,2.6000000000,2.6000000000,2.5900000000,2.6000000000,1588400
2024-12-23 15:00:00,2.6000000000,2.6000000000,2.5800000000,2.5900000000,5342200
2024-12-24 09:45:00,2.5800000000,2.6200000000,2.5800000000,2.6100000000,11079000
2024-12-24 10:00:00,2.6100000000,2.6300000000,2.6100000000,2.6200000000,8413600
2024-12-24 10:15:00,2.6200000000,2.6400000000,2.6200000000,2.6200000000,7445800
2024-12-24 10:30:00,2.6200000000,2.6400000000,2.6200000000,2.6300000000,5024800
2024-12-24 10:45:00,2.6300000000,2.6400000000,2.6200000000,2.6300000000,4038300
2024-12-24 11:00:00,2.6200000000,2.6300000000,2.6200000000,2.6200000000,1846200
2024-12-24 11:15:00,2.6200000000,2.6300000000,2.6200000000,2.6300000000,1989500
2024-12-24 11:30:00,2.6300000000,2.6300000000,2.6200000000,2.6300000000,1687400
2024-12-24 13:15:00,2.6300000000,2.6300000000,2.6100000000,2.6200000000,2901500
2024-12-24 13:30:00,2.6300000000,2.6400000000,2.6200000000,2.6300000000,5600500
2024-12-24 13:45:00,2.6300000000,2.6400000000,2.6200000000,2.6400000000,2853000
2024-12-24 14:00:00,2.6400000000,2.6400000000,2.6200000000,2.6400000000,1439700
2024-12-24 14:15:00,2.6300000000,2.6400000000,2.6300000000,2.6300000000,1359500
2024-12-24 14:30:00,2.6300000000,2.6400000000,2.6300000000,2.6300000000,2155600
2024-12-24 14:45:00,2.6300000000,2.6400000000,2.6300000000,2.6400000000,1820200
2024-12-24 15:00:00,2.6400000000,2.6400000000,2.6200000000,2.6300000000,5717600
2024-12-25 09:45:00,2.6400000000,2.6500000000,2.6200000000,2.6200000000,7333400
2024-12-25 10:00:00,2.6200000000,2.6400000000,2.6200000000,2.6300000000,4893400
2024-12-25 10:15:00,2.6300000000,2.6300000000,2.6100000000,2.6100000000,4111400
2024-12-25 10:30:00,2.6100000000,2.6300000000,2.6100000000,2.6300000000,1495700
2024-12-25 10:45:00,2.6300000000,2.6300000000,2.6200000000,2.6200000000,1195600
2024-12-25 11:00:00,2.6200000000,2.6400000000,2.6100000000,2.6300000000,4692600
2024-12-25 11:15:00,2.6200000000,2.6300000000,2.6100000000,2.6100000000,2350100
2024-12-25 11:30:00,2.6100000000,2.6200000000,2.6100000000,2.6100000000,1707000
2024-12-25 13:15:00,2.6100000000,2.6200000000,2.6100000000,2.6200000000,1060800
2024-12-25 13:30:00,2.6100000000,2.6300000000,2.6100000000,2.6300000000,3239000
2024-12-25 13:45:00,2.6200000000,2.6300000000,2.6200000000,2.6300000000,817400
2024-12-25 14:00:00,2.6300000000,2.6300000000,2.6200000000,2.6300000000,554400
2024-12-25 14:15:00,2.6300000000,2.6300000000,2.6100000000,2.6100000000,4518900
2024-12-25 14:30:00,2.6100000000,2.6200000000,2.6100000000,2.6200000000,826600
2024-12-25 14:45:00,2.6200000000,2.6200000000,2.6100000000,2.6200000000,2050400
2024-12-25 15:00:00,2.6200000000,2.6200000000,2.6100000000,2.6200000000,3327000
2024-12-26 09:45:00,2.6200000000,2.6300000000,2.6000000000,2.6000000000,6208300
2024-12-26 10:00:00,2.6000000000,2.6100000000,2.5900000000,2.6000000000,6650500
2024-12-26 10:15:00,2.5900000000,2.6000000000,2.5900000000,2.6000000000,3863600
2024-12-26 10:30:00,2.5900000000,2.6100000000,2.5900000000,2.6000000000,3450300
2024-12-26 10:45:00,2.5900000000,2.6000000000,2.5900000000,2.5900000000,1976000
2024-12-26 11:00:00,2.5900000000,2.6000000000,2.5800000000,2.6000000000,6491800
2024-12-26 11:15:00,2.5900000000,2.6000000000,2.5800000000,2.5900000000,1732600
2024-12-26 11:30:00,2.5800000000,2.5900000000,2.5700000000,2.5800000000,8320100
2024-12-26 13:15:00,2.5800000000,2.5800000000,2.5700000000,2.5800000000,3596400
2024-12-26 13:30:00,2.5700000000,2.5800000000,2.5600000000,2.5700000000,5464400
2024-12-26 13:45:00,2.5700000000,2.5800000000,2.5700000000,2.5800000000,1468100
2024-12-26 14:00:00,2.5700000000,2.5800000000,2.5600000000,2.5700000000,2395400
2024-12-26 14:15:00,2.5600000000,2.5800000000,2.5600000000,2.5800000000,1733100
2024-12-26 14:30:00,2.5700000000,2.5800000000,2.5700000000,2.5800000000,1023100
2024-12-26 14:45:00,2.5800000000,2.5800000000,2.5700000000,2.5800000000,1146000
2024-12-26 15:00:00,2.5800000000,2.5800000000,2.5700000000,2.5700000000,5392500
2024-12-27 09:45:00,2.5800000000,2.6200000000,2.5600000000,2.6100000000,17363700
2024-12-27 10:00:00,2.6100000000,2.6200000000,2.6000000000,2.6100000000,8185500
2024-12-27 10:15:00,2.6100000000,2.6300000000,2.6100000000,2.6200000000,5330000
2024-12-27 10:30:00,2.6200000000,2.6200000000,2.6100000000,2.6200000000,1652800
2024-12-27 10:45:00,2.6100000000,2.6300000000,2.6100000000,2.6300000000,3575400
2024-12-27 11:00:00,2.6300000000,2.6300000000,2.6200000000,2.6300000000,1860400
2024-12-27 11:15:00,2.6300000000,2.6400000000,2.6200000000,2.6400000000,8193000
2024-12-27 11:30:00,2.6400000000,2.6400000000,2.6300000000,2.6300000000,1860600
2024-12-27 13:15:00,2.6400000000,2.6500000000,2.6300000000,2.6500000000,7088200
2024-12-27 13:30:00,2.6500000000,2.6600000000,2.6400000000,2.6500000000,8372000
2024-12-27 13:45:00,2.6500000000,2.6500000000,2.6400000000,2.6500000000,2336500
2024-12-27 14:00:00,2.6500000000,2.6500000000,2.6400000000,2.6500000000,2744900
2024-12-27 14:15:00,2.6500000000,2.6500000000,2.6300000000,2.6400000000,6228300
2024-12-27 14:30:00,2.6400000000,2.6500000000,2.6400000000,2.6500000000,2144500
2024-12-27 14:45:00,2.6500000000,2.6500000000,2.6300000000,2.6400000000,3173900
2024-12-27 15:00:00,2.6400000000,2.6500000000,2.6300000000,2.6400000000,6130500
2024-12-30 09:45:00,2.6400000000,2.6500000000,2.6300000000,2.6400000000,7788100
2024-12-30 10:00:00,2.6300000000,2.6400000000,2.6200000000,2.6400000000,4743100
2024-12-30 10:15:00,2.6400000000,2.6400000000,2.6200000000,2.6200000000,2579500
2024-12-30 10:30:00,2.6200000000,2.6300000000,2.6200000000,2.6300000000,1105900
2024-12-30 10:45:00,2.6300000000,2.6400000000,2.6200000000,2.6400000000,3063200
2024-12-30 11:00:00,2.6400000000,2.6400000000,2.6300000000,2.6400000000,1920800
2024-12-30 11:15:00,2.6300000000,2.6400000000,2.6300000000,2.6400000000,2082300
2024-12-30 11:30:00,2.6300000000,2.6500000000,2.6300000000,2.6400000000,4150100
2024-12-30 13:15:00,2.6300000000,2.6600000000,2.6300000000,2.6500000000,5195300
2024-12-30 13:30:00,2.6500000000,2.6600000000,2.6400000000,2.6600000000,3093300
2024-12-30 13:45:00,2.6600000000,2.6600000000,2.6400000000,2.6500000000,1854100
2024-12-30 14:00:00,2.6500000000,2.6600000000,2.6400000000,2.6600000000,3518300
2024-12-30 14:15:00,2.6600000000,2.6600000000,2.6500000000,2.6600000000,1628800
2024-12-30 14:30:00,2.6600000000,2.6600000000,2.6400000000,2.6600000000,4636900
2024-12-30 14:45:00,2.6600000000,2.6600000000,2.6400000000,2.6500000000,3092800
2024-12-30 15:00:00,2.6500000000,2.6600000000,2.6500000000,2.6500000000,3245400
2024-12-31 09:45:00,2.6600000000,2.6800000000,2.6500000000,2.6600000000,10751000
2024-12-31 10:00:00,2.6600000000,2.6700000000,2.6500000000,2.6500000000,5390100
2024-12-31 10:15:00,2.6600000000,2.6700000000,2.6500000000,2.6600000000,2360500
2024-12-31 10:30:00,2.6600000000,2.6700000000,2.6500000000,2.6500000000,2732800
2024-12-31 10:45:00,2.6500000000,2.6700000000,2.6500000000,2.6600000000,4667000
2024-12-31 11:00:00,2.6600000000,2.6700000000,2.6500000000,2.6600000000,2605400
2024-12-31 11:15:00,2.6600000000,2.6600000000,2.6300000000,2.6400000000,9474000
2024-12-31 11:30:00,2.6400000000,2.6600000000,2.6300000000,2.6400000000,4378600
2024-12-31 13:15:00,2.6400000000,2.6600000000,2.6400000000,2.6400000000,2880800
2024-12-31 13:30:00,2.6400000000,2.6500000000,2.6300000000,2.6400000000,3247600
2024-12-31 13:45:00,2.6400000000,2.6400000000,2.6200000000,2.6300000000,4531400
2024-12-31 14:00:00,2.6300000000,2.6400000000,2.6200000000,2.6300000000,2734400
2024-12-31 14:15:00,2.6300000000,2.6300000000,2.6100000000,2.6200000000,5413000
2024-12-31 14:30:00,2.6200000000,2.6200000000,2.6000000000,2.6100000000,6228800
2024-12-31 14:45:00,2.6100000000,2.6300000000,2.6000000000,2.6300000000,4496800
2024-12-31 15:00:00,2.6200000000,2.6300000000,2.6100000000,2.6100000000,4687400
2025-01-02 09:45:00,2.6100000000,2.6300000000,2.6000000000,2.6200000000,8035300
2025-01-02 10:00:00,2.6100000000,2.6200000000,2.5900000000,2.6000000000,4061400
2025-01-02 10:15:00,2.6000000000,2.6000000000,2.5800000000,2.5900000000,4610000
2025-01-02 10:30:00,2.5800000000,2.5900000000,2.5700000000,2.5800000000,6964400
2025-01-02 10:45:00,2.5700000000,2.5900000000,2.5700000000,2.5700000000,3644400
2025-01-02 11:00:00,2.5700000000,2.5800000000,2.5700000000,2.5700000000,1440400
2025-01-02 11:15:00,2.5700000000,2.5800000000,2.5600000000,2.5600000000,4303200
2025-01-02 11:30:00,2.5600000000,2.5700000000,2.5500000000,2.5600000000,4384700
2025-01-02 13:15:00,2.5600000000,2.5600000000,2.5400000000,2.5500000000,4025400
2025-01-02 13:30:00,2.5500000000,2.5500000000,2.5200000000,2.5300000000,9253600
2025-01-02 13:45:00,2.5300000000,2.5300000000,2.5100000000,2.5200000000,6230300
2025-01-02 14:00:00,2.5100000000,2.5200000000,2.5000000000,2.5200000000,5964600
2025-01-02 14:15:00,2.5200000000,2.5200000000,2.4800000000,2.4900000000,8029800
2025-01-02 14:30:00,2.4900000000,2.5100000000,2.4800000000,2.4900000000,6054800
2025-01-02 14:45:00,2.4900000000,2.5000000000,2.4600000000,2.4800000000,7747400
2025-01-02 15:00:00,2.4700000000,2.5000000000,2.4700000000,2.4900000000,6957900
2025-01-03 09:45:00,2.4900000000,2.5200000000,2.4800000000,2.5100000000,14004300
2025-01-03 10:00:00,2.5100000000,2.5100000000,2.4800000000,2.5100000000,5193800
2025-01-03 10:15:00,2.5100000000,2.5100000000,2.4900000000,2.5000000000,3751900
2025-01-03 10:30:00,2.5000000000,2.5400000000,2.5000000000,2.5300000000,11177000
2025-01-03 10:45:00,2.5300000000,2.5400000000,2.5200000000,2.5300000000,3061200
2025-01-03 11:00:00,2.5300000000,2.5300000000,2.5100000000,2.5200000000,3713200
2025-01-03 11:15:00,2.5200000000,2.5300000000,2.5100000000,2.5300000000,1805100
2025-01-03 11:30:00,2.5300000000,2.5300000000,2.5000000000,2.5000000000,2935700
2025-01-03 13:15:00,2.5000000000,2.5100000000,2.4800000000,2.4900000000,5477200
2025-01-03 13:30:00,2.4900000000,2.5000000000,2.4800000000,2.5000000000,3425900
2025-01-03 13:45:00,2.5000000000,2.5100000000,2.4900000000,2.5000000000,2791100
2025-01-03 14:00:00,2.4900000000,2.5000000000,2.4700000000,2.4800000000,5833300
2025-01-03 14:15:00,2.4800000000,2.4900000000,2.4600000000,2.4700000000,4278700
2025-01-03 14:30:00,2.4700000000,2.5000000000,2.4600000000,2.4900000000,3789900
2025-01-03 14:45:00,2.4900000000,2.4900000000,2.4700000000,2.4900000000,3102900
2025-01-03 15:00:00,2.4800000000,2.4900000000,2.4600000000,2.4700000000,4237700
2025-01-06 09:45:00,2.4700000000,2.4700000000,2.4500000000,2.4600000000,9713200
2025-01-06 10:00:00,2.4500000000,2.4800000000,2.4500000000,2.4700000000,6984500
2025-01-06 10:15:00,2.4700000000,2.4900000000,2.4500000000,2.4900000000,5518800
2025-01-06 10:30:00,2.4800000000,2.4900000000,2.4700000000,2.4900000000,3595200
2025-01-06 10:45:00,2.4900000000,2.4900000000,2.4700000000,2.4700000000,2097000
2025-01-06 11:00:00,2.4700000000,2.4900000000,2.4700000000,2.4900000000,2865300
2025-01-06 11:15:00,2.4800000000,2.4900000000,2.4700000000,2.4800000000,2781000
2025-01-06 11:30:00,2.4800000000,2.4800000000,2.4600000000,2.4800000000,2969800
2025-01-06 13:15:00,2.4700000000,2.4900000000,2.4700000000,2.4800000000,2923800
2025-01-06 13:30:00,2.4800000000,2.4900000000,2.4700000000,2.4700000000,2972600
2025-01-06 13:45:00,2.4700000000,2.4800000000,2.4600000000,2.4600000000,3270800
2025-01-06 14:00:00,2.4600000000,2.4800000000,2.4600000000,2.4800000000,1622900
2025-01-06 14:15:00,2.4800000000,2.4900000000,2.4700000000,2.4800000000,3718800
2025-01-06 14:30:00,2.4800000000,2.4800000000,2.4700000000,2.4700000000,1275800
2025-01-06 14:45:00,2.4700000000,2.4900000000,2.4700000000,2.4900000000,3092300
2025-01-06 15:00:00,2.4800000000,2.4900000000,2.4800000000,2.4900000000,2665500
2025-01-07 09:45:00,2.4900000000,2.5000000000,2.4600000000,2.4800000000,7952300
2025-01-07 10:00:00,2.4800000000,2.5000000000,2.4700000000,2.4700000000,4417300
2025-01-07 10:15:00,2.4700000000,2.4800000000,2.4600000000,2.4700000000,4400900
2025-01-07 10:30:00,2.4700000000,2.4800000000,2.4700000000,2.4700000000,1522000
2025-01-07 10:45:00,2.4700000000,2.4800000000,2.4600000000,2.4600000000,3588300
2025-01-07 11:00:00,2.4600000000,2.4700000000,2.4500000000,2.4500000000,5221800
2025-01-07 11:15:00,2.4500000000,2.4600000000,2.4500000000,2.4500000000,743800
2025-01-07 11:30:00,2.4500000000,2.4600000000,2.4400000000,2.4500000000,4177800
2025-01-07 13:15:00,2.4500000000,2.4600000000,2.4400000000,2.4400000000,3495600
2025-01-07 13:30:00,2.4400000000,2.4700000000,2.4400000000,2.4600000000,2547500
2025-01-07 13:45:00,2.4600000000,2.4700000000,2.4500000000,2.4700000000,2462300
2025-01-07 14:00:00,2.4700000000,2.4700000000,2.4500000000,2.4500000000,1492900
2025-01-07 14:15:00,2.4500000000,2.4700000000,2.4500000000,2.4700000000,2476300
2025-01-07 14:30:00,2.4700000000,2.4800000000,2.4600000000,2.4700000000,2252900
2025-01-07 14:45:00,2.4700000000,2.4800000000,2.4700000000,2.4700000000,1529900
2025-01-07 15:00:00,2.4700000000,2.4900000000,2.4700000000,2.4800000000,4333000
2025-01-08 09:45:00,2.4700000000,2.5000000000,2.4700000000,2.4800000000,10146400
2025-01-08 10:00:00,2.4800000000,2.5000000000,2.4800000000,2.4900000000,3712300
2025-01-08 10:15:00,2.4800000000,2.5000000000,2.4800000000,2.4900000000,5050800
2025-01-08 10:30:00,2.5000000000,2.5000000000,2.4700000000,2.4700000000,4485100
2025-01-08 10:45:00,2.4800000000,2.4800000000,2.4500000000,2.4600000000,6001400
2025-01-08 11:00:00,2.4700000000,2.4700000000,2.4500000000,2.4600000000,1419600
2025-01-08 11:15:00,2.4500000000,2.4600000000,2.4300000000,2.4300000000,7561900
2025-01-08 11:30:00,2.4300000000,2.4500000000,2.4200000000,2.4300000000,5626000
2025-01-08 13:15:00,2.4300000000,2.4400000000,2.4200000000,2.4400000000,3888600
2025-01-08 13:30:00,2.4300000000,2.4400000000,2.4200000000,2.4400000000,2651500
2025-01-08 13:45:00,2.4300000000,2.4500000000,2.4300000000,2.4400000000,2976700
2025-01-08 14:00:00,2.4400000000,2.4700000000,2.4300000000,2.4600000000,3957000
2025-01-08 14:15:00,2.4600000000,2.4800000000,2.4600000000,2.4800000000,2617800
2025-01-08 14:30:00,2.4700000000,2.4800000000,2.4600000000,2.4600000000,1788500
2025-01-08 14:45:00,2.4600000000,2.4700000000,2.4500000000,2.4600000000,1476400
2025-01-08 15:00:00,2.4600000000,2.4700000000,2.4600000000,2.4600000000,2427700
2025-01-09 09:45:00,2.4600000000,2.4600000000,2.4300000000,2.4300000000,8564000
2025-01-09 10:00:00,2.4300000000,2.4400000000,2.4300000000,2.4400000000,4571700
2025-01-09 10:15:00,2.4400000000,2.4400000000,2.4200000000,2.4300000000,6030700
2025-01-09 10:30:00,2.4300000000,2.4400000000,2.4200000000,2.4400000000,4087300
2025-01-09 10:45:00,2.4400000000,2.4400000000,2.4300000000,2.4400000000,1377600
2025-01-09 11:00:00,2.4400000000,2.4400000000,2.4200000000,2.4300000000,2676300
2025-01-09 11:15:00,2.4300000000,2.4400000000,2.4200000000,2.4300000000,2876600
2025-01-09 11:30:00,2.4200000000,2.4300000000,2.4200000000,2.4300000000,2258600
2025-01-09 13:15:00,2.4300000000,2.4300000000,2.4100000000,2.4200000000,3567400
2025-01-09 13:30:00,2.4200000000,2.4300000000,2.4100000000,2.4300000000,5141600
2025-01-09 13:45:00,2.4200000000,2.4300000000,2.4100000000,2.4200000000,2609300
2025-01-09 14:00:00,2.4200000000,2.4300000000,2.4200000000,2.4200000000,3299100
2025-01-09 14:15:00,2.4200000000,2.4300000000,2.4100000000,2.4200000000,1913400
2025-01-09 14:30:00,2.4300000000,2.4300000000,2.4200000000,2.4200000000,703600
2025-01-09 14:45:00,2.4300000000,2.4300000000,2.4200000000,2.4300000000,1107300
2025-01-09 15:00:00,2.4300000000,2.4300000000,2.4200000000,2.4200000000,2920800
