time,label
2019-01-23 13:30:00,1
2019-01-23 13:45:00,1
2019-01-23 14:00:00,1
2019-01-23 14:15:00,1
2019-01-23 14:30:00,1
2019-01-25 13:45:00,3
2019-01-25 14:00:00,3
2019-01-25 14:15:00,3
2019-01-25 14:30:00,3
2019-01-25 14:45:00,3
2019-01-28 14:45:00,2
2019-01-28 15:00:00,2
2019-01-29 09:45:00,2
2019-01-29 10:00:00,2
2019-01-29 10:15:00,2
2019-01-30 10:45:00,3
2019-01-30 11:00:00,3
2019-01-30 11:15:00,3
2019-01-30 11:30:00,3
2019-01-30 13:15:00,3
2019-02-01 11:30:00,1
2019-02-01 13:15:00,1
2019-02-01 13:30:00,1
2019-02-01 13:45:00,1
2019-02-01 14:00:00,1
2019-02-12 11:30:00,1
2019-02-12 13:15:00,1
2019-02-12 13:30:00,1
2019-02-12 13:45:00,1
2019-02-12 14:00:00,1
2019-02-14 13:45:00,1
2019-02-14 14:00:00,1
2019-02-14 14:15:00,1
2019-02-14 14:30:00,1
2019-02-14 14:45:00,1
2019-02-18 09:45:00,1
2019-02-18 10:00:00,1
2019-02-18 10:15:00,1
2019-02-18 10:30:00,1
2019-02-18 10:45:00,1
2019-02-19 10:00:00,1
2019-02-19 10:15:00,1
2019-02-19 10:30:00,1
2019-02-19 10:45:00,1
2019-02-19 11:00:00,1
2019-02-20 09:45:00,2
2019-02-20 10:00:00,2
2019-02-20 10:15:00,2
2019-02-20 10:30:00,2
2019-02-20 10:45:00,2
2019-02-21 14:15:00,2
2019-02-21 14:30:00,2
2019-02-21 14:45:00,2
2019-02-21 15:00:00,2
2019-02-22 09:45:00,2
2019-02-22 14:15:00,1
2019-02-22 14:30:00,1
2019-02-22 14:45:00,1
2019-02-22 15:00:00,1
2019-02-25 09:45:00,1
2019-02-28 13:15:00,3
2019-02-28 13:30:00,3
2019-02-28 13:45:00,3
2019-02-28 14:00:00,3
2019-02-28 14:15:00,3
2019-03-01 14:00:00,1
2019-03-01 14:15:00,1
2019-03-01 14:30:00,1
2019-03-01 14:45:00,1
2019-03-01 15:00:00,1
2019-03-06 10:00:00,3
2019-03-06 10:15:00,3
2019-03-06 10:30:00,3
2019-03-06 10:45:00,3
2019-03-06 11:00:00,3
2019-03-07 10:45:00,3
2019-03-07 11:00:00,3
2019-03-07 11:15:00,3
2019-03-07 11:30:00,3
2019-03-07 13:15:00,3
2019-03-08 10:00:00,2
2019-03-08 10:15:00,2
2019-03-08 10:30:00,2
2019-03-08 10:45:00,2
2019-03-08 11:00:00,2
2019-03-11 10:45:00,1
2019-03-11 11:00:00,1
2019-03-11 11:15:00,1
2019-03-11 11:30:00,1
2019-03-11 13:15:00,1
2019-03-13 10:15:00,3
2019-03-13 10:30:00,3
2019-03-13 10:45:00,3
2019-03-13 11:00:00,3
2019-03-13 11:15:00,3
2019-03-14 09:45:00,3
2019-03-14 10:00:00,3
2019-03-14 10:15:00,3
2019-03-14 10:30:00,3
2019-03-14 10:45:00,3
2019-03-18 10:30:00,1
2019-03-18 10:45:00,1
2019-03-18 11:00:00,1
2019-03-18 11:15:00,1
2019-03-18 11:30:00,1
2019-03-19 14:45:00,3
2019-03-19 15:00:00,3
2019-03-20 09:45:00,3
2019-03-20 10:00:00,3
2019-03-20 10:15:00,3
2019-03-21 10:15:00,1
2019-03-21 10:30:00,1
2019-03-21 10:45:00,1
2019-03-21 11:00:00,1
2019-03-21 11:15:00,1
2019-03-22 10:30:00,3
2019-03-22 10:45:00,3
2019-03-22 11:00:00,3
2019-03-22 11:15:00,3
2019-03-22 11:30:00,3
2019-03-25 09:45:00,3
2019-03-25 10:00:00,3
2019-03-25 10:15:00,3
2019-03-25 10:30:00,3
2019-03-25 10:45:00,3
2019-03-26 10:15:00,2
2019-03-26 10:30:00,2
2019-03-26 10:45:00,2
2019-03-26 11:00:00,2
2019-03-26 11:15:00,2
2019-03-28 10:00:00,1
2019-03-28 10:15:00,1
2019-03-28 10:30:00,1
2019-03-28 10:45:00,1
2019-03-28 11:00:00,1
2019-03-29 15:00:00,1
2019-04-01 09:45:00,1
2019-04-01 10:00:00,1
2019-04-01 10:15:00,1
2019-04-01 10:30:00,1
2019-04-02 15:00:00,1
2019-04-03 09:45:00,1
2019-04-03 10:00:00,1
2019-04-03 10:15:00,1
2019-04-03 10:30:00,1
2019-04-09 10:00:00,3
2019-04-09 10:15:00,3
2019-04-09 10:30:00,3
2019-04-09 10:45:00,3
2019-04-09 11:00:00,3
2019-04-09 13:30:00,3
2019-04-09 13:45:00,3
2019-04-09 14:00:00,3
2019-04-09 14:15:00,3
2019-04-09 14:30:00,3
2019-04-10 14:15:00,3
2019-04-10 14:30:00,3
2019-04-10 14:45:00,3
2019-04-10 15:00:00,3
2019-04-11 09:45:00,3
2019-04-12 10:00:00,2
2019-04-12 10:15:00,2
2019-04-12 10:30:00,2
2019-04-12 10:45:00,2
2019-04-12 11:00:00,2
2019-04-17 10:30:00,1
2019-04-17 10:45:00,1
2019-04-17 11:00:00,1
2019-04-17 11:15:00,1
2019-04-17 11:30:00,1
2019-04-19 13:45:00,3
2019-04-19 14:00:00,3
2019-04-19 14:15:00,3
2019-04-19 14:30:00,3
2019-04-19 14:45:00,3
2019-04-22 13:30:00,2
2019-04-22 13:45:00,2
2019-04-22 14:00:00,2
2019-04-22 14:15:00,2
2019-04-22 14:30:00,2
2019-04-25 13:45:00,2
2019-04-25 14:00:00,2
2019-04-25 14:15:00,2
2019-04-25 14:30:00,2
2019-04-25 14:45:00,2
2019-05-06 09:45:00,2
2019-05-06 10:00:00,2
2019-05-06 10:15:00,2
2019-05-06 10:30:00,2
2019-05-06 10:45:00,2
2019-05-09 09:45:00,2
2019-05-09 10:00:00,2
2019-05-09 10:15:00,2
2019-05-09 10:30:00,2
2019-05-09 10:45:00,2
2019-05-15 10:15:00,3
2019-05-15 10:30:00,3
2019-05-15 10:45:00,3
2019-05-15 11:00:00,3
2019-05-15 11:15:00,3
2019-05-17 09:45:00,2
2019-05-17 10:00:00,2
2019-05-17 10:15:00,2
2019-05-17 10:30:00,2
2019-05-17 10:45:00,2
2019-05-21 10:00:00,1
2019-05-21 10:15:00,1
2019-05-21 10:30:00,1
2019-05-21 10:45:00,1
2019-05-21 11:00:00,1
2019-05-22 11:00:00,3
2019-05-22 11:15:00,3
2019-05-22 11:30:00,3
2019-05-22 13:15:00,3
2019-05-22 13:30:00,3
2019-05-23 09:45:00,2
2019-05-23 10:00:00,2
2019-05-23 10:15:00,2
2019-05-23 10:30:00,2
2019-05-23 10:45:00,2
2019-05-27 13:30:00,1
2019-05-27 13:45:00,1
2019-05-27 14:00:00,1
2019-05-27 14:15:00,1
2019-05-27 14:30:00,1
2019-05-29 13:30:00,3
2019-05-29 13:45:00,3
2019-05-29 14:00:00,3
2019-05-29 14:15:00,3
2019-05-29 14:30:00,3
2019-05-31 11:15:00,2
2019-05-31 11:30:00,2
2019-05-31 13:15:00,2
2019-05-31 13:30:00,2
2019-05-31 13:45:00,2
2019-06-05 14:45:00,2
2019-06-05 15:00:00,2
2019-06-06 09:45:00,2
2019-06-06 10:00:00,2
2019-06-06 10:15:00,2
2019-06-10 11:15:00,1
2019-06-10 11:30:00,1
2019-06-10 13:15:00,1
2019-06-10 13:30:00,1
2019-06-10 13:45:00,1
2019-06-13 09:45:00,3
2019-06-13 10:00:00,3
2019-06-13 10:15:00,3
2019-06-13 10:30:00,3
2019-06-13 10:45:00,3
2019-06-17 13:45:00,3
2019-06-17 14:00:00,3
2019-06-17 14:15:00,3
2019-06-17 14:30:00,3
2019-06-17 14:45:00,3
2019-06-18 15:00:00,1
2019-06-19 09:45:00,1
2019-06-19 10:00:00,1
2019-06-19 10:15:00,1
2019-06-19 10:30:00,1
2019-06-26 11:30:00,3
2019-06-26 13:15:00,3
2019-06-26 13:30:00,3
2019-06-26 13:45:00,3
2019-06-26 14:00:00,3
2019-06-27 09:45:00,1
2019-06-27 10:00:00,1
2019-06-27 10:15:00,1
2019-06-27 10:30:00,1
2019-06-27 10:45:00,1
2019-06-28 14:30:00,1
2019-06-28 14:45:00,1
2019-06-28 15:00:00,1
2019-07-01 09:45:00,1
2019-07-01 10:00:00,1
2019-07-02 13:30:00,2
2019-07-02 13:45:00,2
2019-07-02 14:00:00,2
2019-07-02 14:15:00,2
2019-07-02 14:30:00,2
2019-07-03 13:30:00,3
2019-07-03 13:45:00,3
2019-07-03 14:00:00,3
2019-07-03 14:15:00,3
2019-07-03 14:30:00,3
2019-07-08 09:45:00,2
2019-07-08 10:00:00,2
2019-07-08 10:15:00,2
2019-07-08 10:30:00,2
2019-07-08 10:45:00,2
2019-07-09 13:30:00,1
2019-07-09 13:45:00,1
2019-07-09 14:00:00,1
2019-07-09 14:15:00,1
2019-07-09 14:30:00,1
2019-07-10 14:45:00,2
2019-07-10 15:00:00,2
2019-07-11 09:45:00,2
2019-07-11 10:00:00,2
2019-07-11 10:15:00,2
2019-07-12 10:00:00,2
2019-07-12 10:15:00,2
2019-07-12 10:30:00,2
2019-07-12 10:45:00,2
2019-07-12 11:00:00,2
2019-07-17 09:45:00,1
2019-07-17 10:00:00,1
2019-07-17 10:15:00,1
2019-07-17 10:30:00,1
2019-07-17 10:45:00,1
2019-07-18 10:30:00,2
2019-07-18 10:45:00,2
2019-07-18 11:00:00,2
2019-07-18 11:15:00,2
2019-07-18 11:30:00,2
2019-07-19 14:30:00,2
2019-07-19 14:45:00,2
2019-07-19 15:00:00,2
2019-07-22 09:45:00,2
2019-07-22 10:00:00,2
2019-07-25 13:30:00,2
2019-07-25 13:45:00,2
2019-07-25 14:00:00,2
2019-07-25 14:15:00,2
2019-07-25 14:30:00,2
2019-07-31 10:15:00,3
2019-07-31 10:30:00,3
2019-07-31 10:45:00,3
2019-07-31 11:00:00,3
2019-07-31 11:15:00,3
2019-07-31 13:30:00,3
2019-07-31 13:45:00,3
2019-07-31 14:00:00,3
2019-07-31 14:15:00,3
2019-07-31 14:30:00,3
2019-08-01 10:30:00,2
2019-08-01 10:45:00,2
2019-08-01 11:00:00,2
2019-08-01 11:15:00,2
2019-08-01 11:30:00,2
2019-08-06 10:00:00,2
2019-08-06 10:15:00,2
2019-08-06 10:30:00,2
2019-08-06 10:45:00,2
2019-08-06 11:00:00,2
2019-08-07 13:30:00,3
2019-08-07 13:45:00,3
2019-08-07 14:00:00,3
2019-08-07 14:15:00,3
2019-08-07 14:30:00,3
2019-08-08 13:30:00,3
2019-08-08 13:45:00,3
2019-08-08 14:00:00,3
2019-08-08 14:15:00,3
2019-08-08 14:30:00,3
2019-08-12 13:45:00,2
2019-08-12 14:00:00,2
2019-08-12 14:15:00,2
2019-08-12 14:30:00,2
2019-08-12 14:45:00,2
2019-08-19 10:00:00,1
2019-08-19 10:15:00,1
2019-08-19 10:30:00,1
2019-08-19 10:45:00,1
2019-08-19 11:00:00,1
2019-08-21 14:45:00,3
2019-08-21 15:00:00,3
2019-08-22 09:45:00,3
2019-08-22 10:00:00,3
2019-08-22 10:15:00,3
2019-08-22 14:00:00,3
2019-08-22 14:15:00,3
2019-08-22 14:30:00,3
2019-08-22 14:45:00,3
2019-08-22 15:00:00,3
2019-08-26 09:45:00,2
2019-08-26 10:00:00,2
2019-08-26 10:15:00,2
2019-08-26 10:30:00,2
2019-08-26 10:45:00,2
2019-08-27 09:45:00,1
2019-08-27 10:00:00,1
2019-08-27 10:15:00,1
2019-08-27 10:30:00,1
2019-08-27 10:45:00,1
2019-08-29 10:45:00,3
2019-08-29 11:00:00,3
2019-08-29 11:15:00,3
2019-08-29 11:30:00,3
2019-08-29 13:15:00,3
2019-09-02 10:30:00,3
2019-09-02 10:45:00,3
2019-09-02 11:00:00,3
2019-09-02 11:15:00,3
2019-09-02 11:30:00,3
2019-09-03 09:45:00,3
2019-09-03 10:00:00,3
2019-09-03 10:15:00,3
2019-09-03 10:30:00,3
2019-09-03 10:45:00,3
2019-09-04 09:45:00,3
2019-09-04 10:00:00,3
2019-09-04 10:15:00,3
2019-09-04 10:30:00,3
2019-09-04 10:45:00,3
2019-09-04 14:45:00,1
2019-09-04 15:00:00,1
2019-09-05 09:45:00,1
2019-09-05 10:00:00,1
2019-09-05 10:15:00,1
2019-09-10 14:45:00,3
2019-09-10 15:00:00,3
2019-09-11 09:45:00,3
2019-09-11 10:00:00,3
2019-09-11 10:15:00,3
2019-09-12 14:45:00,1
2019-09-12 15:00:00,1
2019-09-16 09:45:00,1
2019-09-16 10:00:00,1
2019-09-16 10:15:00,1
2019-09-17 10:00:00,2
2019-09-17 10:15:00,2
2019-09-17 10:30:00,2
2019-09-17 10:45:00,2
2019-09-17 11:00:00,2
2019-09-18 15:00:00,3
2019-09-19 09:45:00,3
2019-09-19 10:00:00,3
2019-09-19 10:15:00,3
2019-09-19 10:30:00,3
2019-09-20 11:00:00,2
2019-09-20 11:15:00,2
2019-09-20 11:30:00,2
2019-09-20 13:15:00,2
2019-09-20 13:30:00,2
2019-09-23 15:00:00,1
2019-09-24 09:45:00,1
2019-09-24 10:00:00,1
2019-09-24 10:15:00,1
2019-09-24 10:30:00,1
2019-09-25 09:45:00,2
2019-09-25 10:00:00,2
2019-09-25 10:15:00,2
2019-09-25 10:30:00,2
2019-09-25 10:45:00,2
2019-09-26 13:30:00,3
2019-09-26 13:45:00,3
2019-09-26 14:00:00,3
2019-09-26 14:15:00,3
2019-09-26 14:30:00,3
2019-10-08 11:30:00,3
2019-10-08 13:15:00,3
2019-10-08 13:30:00,3
2019-10-08 13:45:00,3
2019-10-08 14:00:00,3
2019-10-08 14:30:00,2
2019-10-08 14:45:00,2
2019-10-08 15:00:00,2
2019-10-09 09:45:00,2
2019-10-09 10:00:00,2
2019-10-10 10:30:00,3
2019-10-10 10:45:00,3
2019-10-10 11:00:00,3
2019-10-10 11:15:00,3
2019-10-10 11:30:00,3
2019-10-14 10:00:00,1
2019-10-14 10:15:00,1
2019-10-14 10:30:00,1
2019-10-14 10:45:00,1
2019-10-14 11:00:00,1
2019-10-16 10:00:00,2
2019-10-16 10:15:00,2
2019-10-16 10:30:00,2
2019-10-16 10:45:00,2
2019-10-16 11:00:00,2
2019-10-22 14:30:00,3
2019-10-22 14:45:00,3
2019-10-22 15:00:00,3
2019-10-23 09:45:00,3
2019-10-23 10:00:00,3
2019-10-28 09:45:00,1
2019-10-28 10:00:00,1
2019-10-28 10:15:00,1
2019-10-28 10:30:00,1
2019-10-28 10:45:00,1
2019-10-29 10:00:00,2
2019-10-29 10:15:00,2
2019-10-29 10:30:00,2
2019-10-29 10:45:00,2
2019-10-29 11:00:00,2
2019-10-31 11:15:00,3
2019-10-31 11:30:00,3
2019-10-31 13:15:00,3
2019-10-31 13:30:00,3
2019-10-31 13:45:00,3
2019-11-01 11:30:00,3
2019-11-01 13:15:00,3
2019-11-01 13:30:00,3
2019-11-01 13:45:00,3
2019-11-01 14:00:00,3
2019-11-04 13:30:00,1
2019-11-04 13:45:00,1
2019-11-04 14:00:00,1
2019-11-04 14:15:00,1
2019-11-04 14:30:00,1
2019-11-11 10:30:00,2
2019-11-11 10:45:00,2
2019-11-11 11:00:00,2
2019-11-11 11:15:00,2
2019-11-11 11:30:00,2
2019-11-15 10:00:00,3
2019-11-15 10:15:00,3
2019-11-15 10:30:00,3
2019-11-15 10:45:00,3
2019-11-15 11:00:00,3
2019-11-18 11:30:00,3
2019-11-18 13:15:00,3
2019-11-18 13:30:00,3
2019-11-18 13:45:00,3
2019-11-18 14:00:00,3
2019-11-20 11:00:00,3
2019-11-20 11:15:00,3
2019-11-20 11:30:00,3
2019-11-20 13:15:00,3
2019-11-20 13:30:00,3
2019-11-22 11:30:00,2
2019-11-22 13:15:00,2
2019-11-22 13:30:00,2
2019-11-22 13:45:00,2
2019-11-22 14:00:00,2
2019-11-26 11:30:00,3
2019-11-26 13:15:00,3
2019-11-26 13:30:00,3
2019-11-26 13:45:00,3
2019-11-26 14:00:00,3
2019-11-28 09:45:00,1
2019-11-28 10:00:00,1
2019-11-28 10:15:00,1
2019-11-28 10:30:00,1
2019-11-28 10:45:00,1
2019-11-29 11:30:00,3
2019-11-29 13:15:00,3
2019-11-29 13:30:00,3
2019-11-29 13:45:00,3
2019-11-29 14:00:00,3
2019-12-03 09:45:00,3
2019-12-03 10:00:00,3
2019-12-03 10:15:00,3
2019-12-03 10:30:00,3
2019-12-03 10:45:00,3
2019-12-03 14:30:00,1
2019-12-03 14:45:00,1
2019-12-03 15:00:00,1
2019-12-04 09:45:00,1
2019-12-04 10:00:00,1
2019-12-04 15:00:00,1
2019-12-05 09:45:00,1
2019-12-05 10:00:00,1
2019-12-05 10:15:00,1
2019-12-05 10:30:00,1
2019-12-06 11:30:00,1
2019-12-06 13:15:00,1
2019-12-06 13:30:00,1
2019-12-06 13:45:00,1
2019-12-06 14:00:00,1
2019-12-11 10:30:00,1
2019-12-11 10:45:00,1
2019-12-11 11:00:00,1
2019-12-11 11:15:00,1
2019-12-11 11:30:00,1
2019-12-12 14:45:00,1
2019-12-12 15:00:00,1
2019-12-13 09:45:00,1
2019-12-13 10:00:00,1
2019-12-13 10:15:00,1
2019-12-17 11:00:00,1
2019-12-17 11:15:00,1
2019-12-17 11:30:00,1
2019-12-17 13:15:00,1
2019-12-17 13:30:00,1
2019-12-18 14:15:00,3
2019-12-18 14:30:00,3
2019-12-18 14:45:00,3
2019-12-18 15:00:00,3
2019-12-19 09:45:00,3
2019-12-20 14:15:00,2
2019-12-20 14:30:00,2
2019-12-20 14:45:00,2
2019-12-20 15:00:00,2
2019-12-23 09:45:00,2
2019-12-24 13:45:00,1
2019-12-24 14:00:00,1
2019-12-24 14:15:00,1
2019-12-24 14:30:00,1
2019-12-24 14:45:00,1
2019-12-25 13:15:00,3
2019-12-25 13:30:00,3
2019-12-25 13:45:00,3
2019-12-25 14:00:00,3
2019-12-25 14:15:00,3
2019-12-26 09:45:00,3
2019-12-26 10:00:00,3
2019-12-26 10:15:00,3
2019-12-26 10:30:00,3
2019-12-26 10:45:00,3
2019-12-26 13:30:00,3
2019-12-26 13:45:00,3
2019-12-26 14:00:00,3
2019-12-26 14:15:00,3
2019-12-26 14:30:00,3
2019-12-30 10:30:00,1
2019-12-30 10:45:00,1
2019-12-30 11:00:00,1
2019-12-30 11:15:00,1
2019-12-30 11:30:00,1
2019-12-31 10:00:00,2
2019-12-31 10:15:00,2
2019-12-31 10:30:00,2
2019-12-31 10:45:00,2
2019-12-31 11:00:00,2
2020-01-07 11:00:00,3
2020-01-07 11:15:00,3
2020-01-07 11:30:00,3
2020-01-07 13:15:00,3
2020-01-07 13:30:00,3
2020-01-09 14:30:00,3
2020-01-09 14:45:00,3
2020-01-09 15:00:00,3
2020-01-10 09:45:00,3
2020-01-10 10:00:00,3
2020-01-10 11:30:00,3
2020-01-10 13:15:00,3
2020-01-10 13:30:00,3
2020-01-10 13:45:00,3
2020-01-10 14:00:00,3
2020-01-14 14:15:00,2
2020-01-14 14:30:00,2
2020-01-14 14:45:00,2
2020-01-14 15:00:00,2
2020-01-15 09:45:00,2
2020-01-17 09:45:00,3
2020-01-17 10:00:00,3
2020-01-17 10:15:00,3
2020-01-17 10:30:00,3
2020-01-17 10:45:00,3
2020-01-17 13:15:00,3
2020-01-17 13:30:00,3
2020-01-17 13:45:00,3
2020-01-17 14:00:00,3
2020-01-17 14:15:00,3
2020-01-20 13:15:00,3
2020-01-20 13:30:00,3
2020-01-20 13:45:00,3
2020-01-20 14:00:00,3
2020-01-20 14:15:00,3
2020-01-21 10:00:00,2
2020-01-21 10:15:00,2
2020-01-21 10:30:00,2
2020-01-21 10:45:00,2
2020-01-21 11:00:00,2
2020-02-03 10:00:00,2
2020-02-03 10:15:00,2
2020-02-03 10:30:00,2
2020-02-03 10:45:00,2
2020-02-03 11:00:00,2
2020-02-04 10:00:00,2
2020-02-04 10:15:00,2
2020-02-04 10:30:00,2
2020-02-04 10:45:00,2
2020-02-04 11:00:00,2
2020-02-06 10:00:00,3
2020-02-06 10:15:00,3
2020-02-06 10:30:00,3
2020-02-06 10:45:00,3
2020-02-06 11:00:00,3
2020-02-07 10:00:00,2
2020-02-07 10:15:00,2
2020-02-07 10:30:00,2
2020-02-07 10:45:00,2
2020-02-07 11:00:00,2
2020-02-10 10:15:00,1
2020-02-10 10:30:00,1
2020-02-10 10:45:00,1
2020-02-10 11:00:00,1
2020-02-10 11:15:00,1
2020-02-13 14:00:00,3
2020-02-13 14:15:00,3
2020-02-13 14:30:00,3
2020-02-13 14:45:00,3
2020-02-13 15:00:00,3
2020-02-17 10:00:00,1
2020-02-17 10:15:00,1
2020-02-17 10:30:00,1
2020-02-17 10:45:00,1
2020-02-17 11:00:00,1
2020-02-19 10:00:00,3
2020-02-19 10:15:00,3
2020-02-19 10:30:00,3
2020-02-19 10:45:00,3
2020-02-19 11:00:00,3
2020-02-25 10:00:00,2
2020-02-25 10:15:00,2
2020-02-25 10:30:00,2
2020-02-25 10:45:00,2
2020-02-25 11:00:00,2
2020-02-27 10:15:00,2
2020-02-27 10:30:00,2
2020-02-27 10:45:00,2
2020-02-27 11:00:00,2
2020-02-27 11:15:00,2
2020-03-02 09:45:00,1
2020-03-02 10:00:00,1
2020-03-02 10:15:00,1
2020-03-02 10:30:00,1
2020-03-02 10:45:00,1
2020-03-04 15:00:00,1
2020-03-05 09:45:00,1
2020-03-05 10:00:00,1
2020-03-05 10:15:00,1
2020-03-05 10:30:00,1
2020-03-09 10:00:00,2
2020-03-09 10:15:00,2
2020-03-09 10:30:00,2
2020-03-09 10:45:00,2
2020-03-09 11:00:00,2
2020-03-12 09:45:00,2
2020-03-12 10:00:00,2
2020-03-12 10:15:00,2
2020-03-12 10:30:00,2
2020-03-12 10:45:00,2
2020-03-13 10:00:00,2
2020-03-13 10:15:00,2
2020-03-13 10:30:00,2
2020-03-13 10:45:00,2
2020-03-13 11:00:00,2
2020-03-16 11:00:00,3
2020-03-16 11:15:00,3
2020-03-16 11:30:00,3
2020-03-16 13:15:00,3
2020-03-16 13:30:00,3
2020-03-16 14:15:00,2
2020-03-16 14:30:00,2
2020-03-16 14:45:00,2
2020-03-16 15:00:00,2
2020-03-17 09:45:00,2
2020-03-17 15:00:00,3
2020-03-18 09:45:00,3
2020-03-18 10:00:00,3
2020-03-18 10:15:00,3
2020-03-18 10:30:00,3
2020-03-18 14:15:00,2
2020-03-18 14:30:00,2
2020-03-18 14:45:00,2
2020-03-18 15:00:00,2
2020-03-19 09:45:00,2
2020-03-20 11:00:00,3
2020-03-20 11:15:00,3
2020-03-20 11:30:00,3
2020-03-20 13:15:00,3
2020-03-20 13:30:00,3
2020-03-23 10:00:00,2
2020-03-23 10:15:00,2
2020-03-23 10:30:00,2
2020-03-23 10:45:00,2
2020-03-23 11:00:00,2
2020-03-25 10:30:00,1
2020-03-25 10:45:00,1
2020-03-25 11:00:00,1
2020-03-25 11:15:00,1
2020-03-25 11:30:00,1
2020-03-27 13:15:00,2
2020-03-27 13:30:00,2
2020-03-27 13:45:00,2
2020-03-27 14:00:00,2
2020-03-27 14:15:00,2
2020-03-30 13:30:00,1
2020-03-30 13:45:00,1
2020-03-30 14:00:00,1
2020-03-30 14:15:00,1
2020-03-30 14:30:00,1
2020-04-01 13:45:00,2
2020-04-01 14:00:00,2
2020-04-01 14:15:00,2
2020-04-01 14:30:00,2
2020-04-01 14:45:00,2
2020-04-07 10:00:00,1
2020-04-07 10:15:00,1
2020-04-07 10:30:00,1
2020-04-07 10:45:00,1
2020-04-07 11:00:00,1
2020-04-08 09:45:00,2
2020-04-08 10:00:00,2
2020-04-08 10:15:00,2
2020-04-08 10:30:00,2
2020-04-08 10:45:00,2
2020-04-09 13:45:00,1
2020-04-09 14:00:00,1
2020-04-09 14:15:00,1
2020-04-09 14:30:00,1
2020-04-09 14:45:00,1
2020-04-13 10:15:00,3
2020-04-13 10:30:00,3
2020-04-13 10:45:00,3
2020-04-13 11:00:00,3
2020-04-13 11:15:00,3
2020-04-14 10:00:00,1
2020-04-14 10:15:00,1
2020-04-14 10:30:00,1
2020-04-14 10:45:00,1
2020-04-14 11:00:00,1
2020-04-15 09:45:00,2
2020-04-15 10:00:00,2
2020-04-15 10:15:00,2
2020-04-15 10:30:00,2
2020-04-15 10:45:00,2
2020-04-21 14:30:00,1
2020-04-21 14:45:00,1
2020-04-21 15:00:00,1
2020-04-22 09:45:00,1
2020-04-22 10:00:00,1
2020-04-24 10:15:00,2
2020-04-24 10:30:00,2
2020-04-24 10:45:00,2
2020-04-24 11:00:00,2
2020-04-24 11:15:00,2
2020-04-27 10:45:00,3
2020-04-27 11:00:00,3
2020-04-27 11:15:00,3
2020-04-27 11:30:00,3
2020-04-27 13:15:00,3
2020-04-29 14:00:00,3
2020-04-29 14:15:00,3
2020-04-29 14:30:00,3
2020-04-29 14:45:00,3
2020-04-29 15:00:00,3
2020-04-30 10:30:00,1
2020-04-30 10:45:00,1
2020-04-30 11:00:00,1
2020-04-30 11:15:00,1
2020-04-30 11:30:00,1
2020-05-07 10:00:00,1
2020-05-07 10:15:00,1
2020-05-07 10:30:00,1
2020-05-07 10:45:00,1
2020-05-07 11:00:00,1
2020-05-11 14:00:00,2
2020-05-11 14:15:00,2
2020-05-11 14:30:00,2
2020-05-11 14:45:00,2
2020-05-11 15:00:00,2
2020-05-13 15:00:00,2
2020-05-14 09:45:00,2
2020-05-14 10:00:00,2
2020-05-14 10:15:00,2
2020-05-14 10:30:00,2
2020-05-15 14:45:00,2
2020-05-15 15:00:00,2
2020-05-18 09:45:00,2
2020-05-18 10:00:00,2
2020-05-18 10:15:00,2
2020-05-19 13:15:00,2
2020-05-19 13:30:00,2
2020-05-19 13:45:00,2
2020-05-19 14:00:00,2
2020-05-19 14:15:00,2
2020-05-22 10:00:00,2
2020-05-22 10:15:00,2
2020-05-22 10:30:00,2
2020-05-22 10:45:00,2
2020-05-22 11:00:00,2
2020-05-29 14:30:00,1
2020-05-29 14:45:00,1
2020-05-29 15:00:00,1
2020-06-01 09:45:00,1
2020-06-01 10:00:00,1
2020-06-02 09:45:00,1
2020-06-02 10:00:00,1
2020-06-02 10:15:00,1
2020-06-02 10:30:00,1
2020-06-02 10:45:00,1
2020-06-04 14:30:00,3
2020-06-04 14:45:00,3
2020-06-04 15:00:00,3
2020-06-05 09:45:00,3
2020-06-05 10:00:00,3
2020-06-09 13:15:00,3
2020-06-09 13:30:00,3
2020-06-09 13:45:00,3
2020-06-09 14:00:00,3
2020-06-09 14:15:00,3
2020-06-10 10:30:00,2
2020-06-10 10:45:00,2
2020-06-10 11:00:00,2
2020-06-10 11:15:00,2
2020-06-10 11:30:00,2
2020-06-11 10:00:00,2
2020-06-11 10:15:00,2
2020-06-11 10:30:00,2
2020-06-11 10:45:00,2
2020-06-11 11:00:00,2
2020-06-12 14:15:00,1
2020-06-12 14:30:00,1
2020-06-12 14:45:00,1
2020-06-12 15:00:00,1
2020-06-15 09:45:00,1
2020-06-18 10:45:00,1
2020-06-18 11:00:00,1
2020-06-18 11:15:00,1
2020-06-18 11:30:00,1
2020-06-18 13:15:00,1
2020-06-22 10:00:00,3
2020-06-22 10:15:00,3
2020-06-22 10:30:00,3
2020-06-22 10:45:00,3
2020-06-22 11:00:00,3
2020-06-24 09:45:00,1
2020-06-24 10:00:00,1
2020-06-24 10:15:00,1
2020-06-24 10:30:00,1
2020-06-24 10:45:00,1
2020-06-29 10:00:00,2
2020-06-29 10:15:00,2
2020-06-29 10:30:00,2
2020-06-29 10:45:00,2
2020-06-29 11:00:00,2
2020-06-30 14:45:00,3
2020-06-30 15:00:00,3
2020-07-01 09:45:00,3
2020-07-01 10:00:00,3
2020-07-01 10:15:00,3
2020-07-01 13:30:00,3
2020-07-01 13:45:00,3
2020-07-01 14:00:00,3
2020-07-01 14:15:00,3
2020-07-01 14:30:00,3
2020-07-02 10:00:00,1
2020-07-02 10:15:00,1
2020-07-02 10:30:00,1
2020-07-02 10:45:00,1
2020-07-02 11:00:00,1
2020-07-03 10:00:00,1
2020-07-03 10:15:00,1
2020-07-03 10:30:00,1
2020-07-03 10:45:00,1
2020-07-03 11:00:00,1
2020-07-07 10:00:00,1
2020-07-07 10:15:00,1
2020-07-07 10:30:00,1
2020-07-07 10:45:00,1
2020-07-07 11:00:00,1
2020-07-08 13:45:00,1
2020-07-08 14:00:00,1
2020-07-08 14:15:00,1
2020-07-08 14:30:00,1
2020-07-08 14:45:00,1
2020-07-10 10:30:00,1
2020-07-10 10:45:00,1
2020-07-10 11:00:00,1
2020-07-10 11:15:00,1
2020-07-10 11:30:00,1
2020-07-13 11:00:00,1
2020-07-13 11:15:00,1
2020-07-13 11:30:00,1
2020-07-13 13:15:00,1
2020-07-13 13:30:00,1
2020-07-16 10:15:00,2
2020-07-16 10:30:00,2
2020-07-16 10:45:00,2
2020-07-16 11:00:00,2
2020-07-16 11:15:00,2
2020-07-17 15:00:00,1
2020-07-20 09:45:00,1
2020-07-20 10:00:00,1
2020-07-20 10:15:00,1
2020-07-20 10:30:00,1
2020-07-21 11:30:00,3
2020-07-21 13:15:00,3
2020-07-21 13:30:00,3
2020-07-21 13:45:00,3
2020-07-21 14:00:00,3
2020-07-23 10:15:00,2
2020-07-23 10:30:00,2
2020-07-23 10:45:00,2
2020-07-23 11:00:00,2
2020-07-23 11:15:00,2
2020-07-24 11:30:00,2
2020-07-24 13:15:00,2
2020-07-24 13:30:00,2
2020-07-24 13:45:00,2
2020-07-24 14:00:00,2
2020-07-28 09:45:00,1
2020-07-28 10:00:00,1
2020-07-28 10:15:00,1
2020-07-28 10:30:00,1
2020-07-28 10:45:00,1
2020-08-03 09:45:00,1
2020-08-03 10:00:00,1
2020-08-03 10:15:00,1
2020-08-03 10:30:00,1
2020-08-03 10:45:00,1
2020-08-05 13:45:00,3
2020-08-05 14:00:00,3
2020-08-05 14:15:00,3
2020-08-05 14:30:00,3
2020-08-05 14:45:00,3
2020-08-06 09:45:00,2
2020-08-06 10:00:00,2
2020-08-06 10:15:00,2
2020-08-06 10:30:00,2
2020-08-06 10:45:00,2
2020-08-11 13:30:00,1
2020-08-11 13:45:00,1
2020-08-11 14:00:00,1
2020-08-11 14:15:00,1
2020-08-11 14:30:00,1
2020-08-13 14:45:00,2
2020-08-13 15:00:00,2
2020-08-14 09:45:00,2
2020-08-14 10:00:00,2
2020-08-14 10:15:00,2
2020-08-14 14:30:00,1
2020-08-14 14:45:00,1
2020-08-14 15:00:00,1
2020-08-17 09:45:00,1
2020-08-17 10:00:00,1
2020-08-17 14:00:00,3
2020-08-17 14:15:00,3
2020-08-17 14:30:00,3
2020-08-17 14:45:00,3
2020-08-17 15:00:00,3
2020-08-27 10:00:00,2
2020-08-27 10:15:00,2
2020-08-27 10:30:00,2
2020-08-27 10:45:00,2
2020-08-27 11:00:00,2
2020-08-31 10:15:00,3
2020-08-31 10:30:00,3
2020-08-31 10:45:00,3
2020-08-31 11:00:00,3
2020-08-31 11:15:00,3
2020-08-31 13:15:00,2
2020-08-31 13:30:00,2
2020-08-31 13:45:00,2
2020-08-31 14:00:00,2
2020-08-31 14:15:00,2
2020-09-02 11:30:00,3
2020-09-02 13:15:00,3
2020-09-02 13:30:00,3
2020-09-02 13:45:00,3
2020-09-02 14:00:00,3
2020-09-08 11:00:00,1
2020-09-08 11:15:00,1
2020-09-08 11:30:00,1
2020-09-08 13:15:00,1
2020-09-08 13:30:00,1
2020-09-09 13:45:00,3
2020-09-09 14:00:00,3
2020-09-09 14:15:00,3
2020-09-09 14:30:00,3
2020-09-09 14:45:00,3
2020-09-10 11:15:00,2
2020-09-10 11:30:00,2
2020-09-10 13:15:00,2
2020-09-10 13:30:00,2
2020-09-10 13:45:00,2
2020-09-14 11:15:00,1
2020-09-14 11:30:00,1
2020-09-14 13:15:00,1
2020-09-14 13:30:00,1
2020-09-14 13:45:00,1
2020-09-15 15:00:00,1
2020-09-16 09:45:00,1
2020-09-16 10:00:00,1
2020-09-16 10:15:00,1
2020-09-16 10:30:00,1
2020-09-18 10:00:00,3
2020-09-18 10:15:00,3
2020-09-18 10:30:00,3
2020-09-18 10:45:00,3
2020-09-18 11:00:00,3
2020-09-22 10:00:00,2
2020-09-22 10:15:00,2
2020-09-22 10:30:00,2
2020-09-22 10:45:00,2
2020-09-22 11:00:00,2
2020-09-24 09:45:00,2
2020-09-24 10:00:00,2
2020-09-24 10:15:00,2
2020-09-24 10:30:00,2
2020-09-24 10:45:00,2
2020-09-25 10:15:00,1
2020-09-25 10:30:00,1
2020-09-25 10:45:00,1
2020-09-25 11:00:00,1
2020-09-25 11:15:00,1
2020-10-09 09:45:00,1
2020-10-09 10:00:00,1
2020-10-09 10:15:00,1
2020-10-09 10:30:00,1
2020-10-09 10:45:00,1
2020-10-14 14:30:00,3
2020-10-14 14:45:00,3
2020-10-14 15:00:00,3
2020-10-15 09:45:00,3
2020-10-15 10:00:00,3
2020-10-15 14:15:00,3
2020-10-15 14:30:00,3
2020-10-15 14:45:00,3
2020-10-15 15:00:00,3
2020-10-16 09:45:00,3
2020-10-20 10:15:00,1
2020-10-20 10:30:00,1
2020-10-20 10:45:00,1
2020-10-20 11:00:00,1
2020-10-20 11:15:00,1
2020-10-27 14:45:00,1
2020-10-27 15:00:00,1
2020-10-28 09:45:00,1
2020-10-28 10:00:00,1
2020-10-28 10:15:00,1
2020-10-30 14:45:00,1
2020-10-30 15:00:00,1
2020-11-02 09:45:00,1
2020-11-02 10:00:00,1
2020-11-02 10:15:00,1
2020-11-04 13:30:00,1
2020-11-04 13:45:00,1
2020-11-04 14:00:00,1
2020-11-04 14:15:00,1
2020-11-04 14:30:00,1
2020-11-11 10:00:00,2
2020-11-11 10:15:00,2
2020-11-11 10:30:00,2
2020-11-11 10:45:00,2
2020-11-11 11:00:00,2
2020-11-13 13:15:00,3
2020-11-13 13:30:00,3
2020-11-13 13:45:00,3
2020-11-13 14:00:00,3
2020-11-13 14:15:00,3
2020-11-18 10:00:00,2
2020-11-18 10:15:00,2
2020-11-18 10:30:00,2
2020-11-18 10:45:00,2
2020-11-18 11:00:00,2
2020-11-19 10:45:00,3
2020-11-19 11:00:00,3
2020-11-19 11:15:00,3
2020-11-19 11:30:00,3
2020-11-19 13:15:00,3
2020-11-20 10:00:00,1
2020-11-20 10:15:00,1
2020-11-20 10:30:00,1
2020-11-20 10:45:00,1
2020-11-20 11:00:00,1
2020-11-23 11:15:00,1
2020-11-23 11:30:00,1
2020-11-23 13:15:00,1
2020-11-23 13:30:00,1
2020-11-23 13:45:00,1
2020-11-25 11:30:00,2
2020-11-25 13:15:00,2
2020-11-25 13:30:00,2
2020-11-25 13:45:00,2
2020-11-25 14:00:00,2
2020-11-30 10:45:00,2
2020-11-30 11:00:00,2
2020-11-30 11:15:00,2
2020-11-30 11:30:00,2
2020-11-30 13:15:00,2
2020-12-01 13:45:00,3
2020-12-01 14:00:00,3
2020-12-01 14:15:00,3
2020-12-01 14:30:00,3
2020-12-01 14:45:00,3
2020-12-02 13:45:00,3
2020-12-02 14:00:00,3
2020-12-02 14:15:00,3
2020-12-02 14:30:00,3
2020-12-02 14:45:00,3
2020-12-08 09:45:00,3
2020-12-08 10:00:00,3
2020-12-08 10:15:00,3
2020-12-08 10:30:00,3
2020-12-08 10:45:00,3
2020-12-08 13:30:00,1
2020-12-08 13:45:00,1
2020-12-08 14:00:00,1
2020-12-08 14:15:00,1
2020-12-08 14:30:00,1
2020-12-11 09:45:00,2
2020-12-11 10:00:00,2
2020-12-11 10:15:00,2
2020-12-11 10:30:00,2
2020-12-11 10:45:00,2
2020-12-15 10:45:00,2
2020-12-15 11:00:00,2
2020-12-15 11:15:00,2
2020-12-15 11:30:00,2
2020-12-15 13:15:00,2
2020-12-17 10:15:00,1
2020-12-17 10:30:00,1
2020-12-17 10:45:00,1
2020-12-17 11:00:00,1
2020-12-17 11:15:00,1
2020-12-18 11:15:00,3
2020-12-18 11:30:00,3
2020-12-18 13:15:00,3
2020-12-18 13:30:00,3
2020-12-18 13:45:00,3
2020-12-21 10:30:00,1
2020-12-21 10:45:00,1
2020-12-21 11:00:00,1
2020-12-21 11:15:00,1
2020-12-21 11:30:00,1
2020-12-24 10:00:00,3
2020-12-24 10:15:00,3
2020-12-24 10:30:00,3
2020-12-24 10:45:00,3
2020-12-24 11:00:00,3
2020-12-25 11:00:00,1
2020-12-25 11:15:00,1
2020-12-25 11:30:00,1
2020-12-25 13:15:00,1
2020-12-25 13:30:00,1
2020-12-29 10:00:00,2
2020-12-29 10:15:00,2
2020-12-29 10:30:00,2
2020-12-29 10:45:00,2
2020-12-29 11:00:00,2
2021-01-04 09:45:00,1
2021-01-04 10:00:00,1
2021-01-04 10:15:00,1
2021-01-04 10:30:00,1
2021-01-04 10:45:00,1
2021-01-05 10:00:00,2
2021-01-05 10:15:00,2
2021-01-05 10:30:00,2
2021-01-05 10:45:00,2
2021-01-05 11:00:00,2
2021-01-05 14:45:00,1
2021-01-05 15:00:00,1
2021-01-06 09:45:00,1
2021-01-06 10:00:00,1
2021-01-06 10:15:00,1
2021-01-11 14:30:00,2
2021-01-11 14:45:00,2
2021-01-11 15:00:00,2
2021-01-12 09:45:00,2
2021-01-12 10:00:00,2
2021-01-15 09:45:00,3
2021-01-15 10:00:00,3
2021-01-15 10:15:00,3
2021-01-15 10:30:00,3
2021-01-15 10:45:00,3
2021-01-15 13:15:00,3
2021-01-15 13:30:00,3
2021-01-15 13:45:00,3
2021-01-15 14:00:00,3
2021-01-15 14:15:00,3
2021-01-19 10:00:00,2
2021-01-19 10:15:00,2
2021-01-19 10:30:00,2
2021-01-19 10:45:00,2
2021-01-19 11:00:00,2
2021-01-20 10:00:00,3
2021-01-20 10:15:00,3
2021-01-20 10:30:00,3
2021-01-20 10:45:00,3
2021-01-20 11:00:00,3
2021-01-20 15:00:00,1
2021-01-21 09:45:00,1
2021-01-21 10:00:00,1
2021-01-21 10:15:00,1
2021-01-21 10:30:00,1
2021-01-22 10:30:00,1
2021-01-22 10:45:00,1
2021-01-22 11:00:00,1
2021-01-22 11:15:00,1
2021-01-22 11:30:00,1
2021-01-26 10:30:00,2
2021-01-26 10:45:00,2
2021-01-26 11:00:00,2
2021-01-26 11:15:00,2
2021-01-26 11:30:00,2
2021-01-27 10:15:00,2
2021-01-27 10:30:00,2
2021-01-27 10:45:00,2
2021-01-27 11:00:00,2
2021-01-27 11:15:00,2
2021-01-29 11:00:00,2
2021-01-29 11:15:00,2
2021-01-29 11:30:00,2
2021-01-29 13:15:00,2
2021-01-29 13:30:00,2
2021-02-02 10:00:00,2
2021-02-02 10:15:00,2
2021-02-02 10:30:00,2
2021-02-02 10:45:00,2
2021-02-02 11:00:00,2
2021-02-09 10:00:00,1
2021-02-09 10:15:00,1
2021-02-09 10:30:00,1
2021-02-09 10:45:00,1
2021-02-09 11:00:00,1
2021-02-10 10:30:00,1
2021-02-10 10:45:00,1
2021-02-10 11:00:00,1
2021-02-10 11:15:00,1
2021-02-10 11:30:00,1
2021-02-19 14:00:00,1
2021-02-19 14:15:00,1
2021-02-19 14:30:00,1
2021-02-19 14:45:00,1
2021-02-19 15:00:00,1
2021-02-23 13:30:00,3
2021-02-23 13:45:00,3
2021-02-23 14:00:00,3
2021-02-23 14:15:00,3
2021-02-23 14:30:00,3
2021-02-24 11:15:00,3
2021-02-24 11:30:00,3
2021-02-24 13:15:00,3
2021-02-24 13:30:00,3
2021-02-24 13:45:00,3
2021-02-25 11:00:00,3
2021-02-25 11:15:00,3
2021-02-25 11:30:00,3
2021-02-25 13:15:00,3
2021-02-25 13:30:00,3
2021-03-01 10:45:00,1
2021-03-01 11:00:00,1
2021-03-01 11:15:00,1
2021-03-01 11:30:00,1
2021-03-01 13:15:00,1
2021-03-02 10:00:00,2
2021-03-02 10:15:00,2
2021-03-02 10:30:00,2
2021-03-02 10:45:00,2
2021-03-02 11:00:00,2
2021-03-03 10:45:00,3
2021-03-03 11:00:00,3
2021-03-03 11:15:00,3
2021-03-03 11:30:00,3
2021-03-03 13:15:00,3
2021-03-05 11:00:00,3
2021-03-05 11:15:00,3
2021-03-05 11:30:00,3
2021-03-05 13:15:00,3
2021-03-05 13:30:00,3
2021-03-08 10:45:00,2
2021-03-08 11:00:00,2
2021-03-08 11:15:00,2
2021-03-08 11:30:00,2
2021-03-08 13:15:00,2
2021-03-09 15:00:00,2
2021-03-10 09:45:00,2
2021-03-10 10:00:00,2
2021-03-10 10:15:00,2
2021-03-10 10:30:00,2
2021-03-11 14:00:00,3
2021-03-11 14:15:00,3
2021-03-11 14:30:00,3
2021-03-11 14:45:00,3
2021-03-11 15:00:00,3
2021-03-12 15:00:00,1
2021-03-15 09:45:00,1
2021-03-15 10:00:00,1
2021-03-15 10:15:00,1
2021-03-15 10:30:00,1
2021-03-16 11:15:00,3
2021-03-16 11:30:00,3
2021-03-16 13:15:00,3
2021-03-16 13:30:00,3
2021-03-16 13:45:00,3
2021-03-17 10:00:00,1
2021-03-17 10:15:00,1
2021-03-17 10:30:00,1
2021-03-17 10:45:00,1
2021-03-17 11:00:00,1
2021-03-19 10:00:00,2
2021-03-19 10:15:00,2
2021-03-19 10:30:00,2
2021-03-19 10:45:00,2
2021-03-19 11:00:00,2
2021-03-22 09:45:00,1
2021-03-22 10:00:00,1
2021-03-22 10:15:00,1
2021-03-22 10:30:00,1
2021-03-22 10:45:00,1
2021-03-25 09:45:00,3
2021-03-25 10:00:00,3
2021-03-25 10:15:00,3
2021-03-25 10:30:00,3
2021-03-25 10:45:00,3
2021-03-26 10:15:00,1
2021-03-26 10:30:00,1
2021-03-26 10:45:00,1
2021-03-26 11:00:00,1
2021-03-26 11:15:00,1
2021-03-30 09:45:00,2
2021-03-30 10:00:00,2
2021-03-30 10:15:00,2
2021-03-30 10:30:00,2
2021-03-30 10:45:00,2
2021-03-31 09:45:00,1
2021-03-31 10:00:00,1
2021-03-31 10:15:00,1
2021-03-31 10:30:00,1
2021-03-31 10:45:00,1
2021-04-02 10:45:00,2
2021-04-02 11:00:00,2
2021-04-02 11:15:00,2
2021-04-02 11:30:00,2
2021-04-02 13:15:00,2
2021-04-07 10:00:00,1
2021-04-07 10:15:00,1
2021-04-07 10:30:00,1
2021-04-07 10:45:00,1
2021-04-07 11:00:00,1
2021-04-08 13:45:00,3
2021-04-08 14:00:00,3
2021-04-08 14:15:00,3
2021-04-08 14:30:00,3
2021-04-08 14:45:00,3
2021-04-09 10:00:00,1
2021-04-09 10:15:00,1
2021-04-09 10:30:00,1
2021-04-09 10:45:00,1
2021-04-09 11:00:00,1
2021-04-12 10:15:00,2
2021-04-12 10:30:00,2
2021-04-12 10:45:00,2
2021-04-12 11:00:00,2
2021-04-12 11:15:00,2
2021-04-13 14:15:00,3
2021-04-13 14:30:00,3
2021-04-13 14:45:00,3
2021-04-13 15:00:00,3
2021-04-14 09:45:00,3
2021-04-15 09:45:00,2
2021-04-15 10:00:00,2
2021-04-15 10:15:00,2
2021-04-15 10:30:00,2
2021-04-15 10:45:00,2
2021-04-16 11:30:00,3
2021-04-16 13:15:00,3
2021-04-16 13:30:00,3
2021-04-16 13:45:00,3
2021-04-16 14:00:00,3
2021-04-20 11:15:00,2
2021-04-20 11:30:00,2
2021-04-20 13:15:00,2
2021-04-20 13:30:00,2
2021-04-20 13:45:00,2
2021-04-22 14:45:00,2
2021-04-22 15:00:00,2
2021-04-23 09:45:00,2
2021-04-23 10:00:00,2
2021-04-23 10:15:00,2
2021-04-26 13:45:00,2
2021-04-26 14:00:00,2
2021-04-26 14:15:00,2
2021-04-26 14:30:00,2
2021-04-26 14:45:00,2
2021-04-29 10:00:00,1
2021-04-29 10:15:00,1
2021-04-29 10:30:00,1
2021-04-29 10:45:00,1
2021-04-29 11:00:00,1
2021-05-06 13:15:00,1
2021-05-06 13:30:00,1
2021-05-06 13:45:00,1
2021-05-06 14:00:00,1
2021-05-06 14:15:00,1
2021-05-10 10:00:00,1
2021-05-10 10:15:00,1
2021-05-10 10:30:00,1
2021-05-10 10:45:00,1
2021-05-10 11:00:00,1
2021-05-12 10:45:00,3
2021-05-12 11:00:00,3
2021-05-12 11:15:00,3
2021-05-12 11:30:00,3
2021-05-12 13:15:00,3
2021-05-13 09:45:00,2
2021-05-13 10:00:00,2
2021-05-13 10:15:00,2
2021-05-13 10:30:00,2
2021-05-13 10:45:00,2
2021-05-18 11:30:00,3
2021-05-18 13:15:00,3
2021-05-18 13:30:00,3
2021-05-18 13:45:00,3
2021-05-18 14:00:00,3
2021-05-19 10:30:00,3
2021-05-19 10:45:00,3
2021-05-19 11:00:00,3
2021-05-19 11:15:00,3
2021-05-19 11:30:00,3
2021-05-19 15:00:00,2
2021-05-20 09:45:00,2
2021-05-20 10:00:00,2
2021-05-20 10:15:00,2
2021-05-20 10:30:00,2
2021-05-21 09:45:00,3
2021-05-21 10:00:00,3
2021-05-21 10:15:00,3
2021-05-21 10:30:00,3
2021-05-21 10:45:00,3
2021-05-24 10:00:00,2
2021-05-24 10:15:00,2
2021-05-24 10:30:00,2
2021-05-24 10:45:00,2
2021-05-24 11:00:00,2
2021-05-26 11:00:00,2
2021-05-26 11:15:00,2
2021-05-26 11:30:00,2
2021-05-26 13:15:00,2
2021-05-26 13:30:00,2
2021-05-31 10:45:00,2
2021-05-31 11:00:00,2
2021-05-31 11:15:00,2
2021-05-31 11:30:00,2
2021-05-31 13:15:00,2
2021-06-02 14:15:00,3
2021-06-02 14:30:00,3
2021-06-02 14:45:00,3
2021-06-02 15:00:00,3
2021-06-03 09:45:00,3
2021-06-03 15:00:00,2
2021-06-04 09:45:00,2
2021-06-04 10:00:00,2
2021-06-04 10:15:00,2
2021-06-04 10:30:00,2
2021-06-07 10:15:00,1
2021-06-07 10:30:00,1
2021-06-07 10:45:00,1
2021-06-07 11:00:00,1
2021-06-07 11:15:00,1
2021-06-08 10:00:00,1
2021-06-08 10:15:00,1
2021-06-08 10:30:00,1
2021-06-08 10:45:00,1
2021-06-08 11:00:00,1
2021-06-09 13:45:00,3
2021-06-09 14:00:00,3
2021-06-09 14:15:00,3
2021-06-09 14:30:00,3
2021-06-09 14:45:00,3
2021-06-10 09:45:00,1
2021-06-10 10:00:00,1
2021-06-10 10:15:00,1
2021-06-10 10:30:00,1
2021-06-10 10:45:00,1
2021-06-11 10:00:00,2
2021-06-11 10:15:00,2
2021-06-11 10:30:00,2
2021-06-11 10:45:00,2
2021-06-11 11:00:00,2
2021-06-17 10:30:00,1
2021-06-17 10:45:00,1
2021-06-17 11:00:00,1
2021-06-17 11:15:00,1
2021-06-17 11:30:00,1
2021-06-18 11:15:00,3
2021-06-18 11:30:00,3
2021-06-18 13:15:00,3
2021-06-18 13:30:00,3
2021-06-18 13:45:00,3
2021-06-21 10:15:00,1
2021-06-21 10:30:00,1
2021-06-21 10:45:00,1
2021-06-21 11:00:00,1
2021-06-21 11:15:00,1
2021-06-22 10:15:00,1
2021-06-22 10:30:00,1
2021-06-22 10:45:00,1
2021-06-22 11:00:00,1
2021-06-22 11:15:00,1
2021-06-23 14:30:00,3
2021-06-23 14:45:00,3
2021-06-23 15:00:00,3
2021-06-24 09:45:00,3
2021-06-24 10:00:00,3
2021-06-24 11:15:00,3
2021-06-24 11:30:00,3
2021-06-24 13:15:00,3
2021-06-24 13:30:00,3
2021-06-24 13:45:00,3
2021-06-25 10:00:00,1
2021-06-25 10:15:00,1
2021-06-25 10:30:00,1
2021-06-25 10:45:00,1
2021-06-25 11:00:00,1
2021-06-29 10:45:00,3
2021-06-29 11:00:00,3
2021-06-29 11:15:00,3
2021-06-29 11:30:00,3
2021-06-29 13:15:00,3
2021-07-02 10:15:00,1
2021-07-02 10:30:00,1
2021-07-02 10:45:00,1
2021-07-02 11:00:00,1
2021-07-02 11:15:00,1
2021-07-06 10:00:00,2
2021-07-06 10:15:00,2
2021-07-06 10:30:00,2
2021-07-06 10:45:00,2
2021-07-06 11:00:00,2
2021-07-07 11:15:00,3
2021-07-07 11:30:00,3
2021-07-07 13:15:00,3
2021-07-07 13:30:00,3
2021-07-07 13:45:00,3
2021-07-08 09:45:00,2
2021-07-08 10:00:00,2
2021-07-08 10:15:00,2
2021-07-08 10:30:00,2
2021-07-08 10:45:00,2
2021-07-14 10:00:00,2
2021-07-14 10:15:00,2
2021-07-14 10:30:00,2
2021-07-14 10:45:00,2
2021-07-14 11:00:00,2
2021-07-16 10:45:00,3
2021-07-16 11:00:00,3
2021-07-16 11:15:00,3
2021-07-16 11:30:00,3
2021-07-16 13:15:00,3
2021-07-19 11:15:00,2
2021-07-19 11:30:00,2
2021-07-19 13:15:00,2
2021-07-19 13:30:00,2
2021-07-19 13:45:00,2
2021-07-21 11:00:00,3
2021-07-21 11:15:00,3
2021-07-21 11:30:00,3
2021-07-21 13:15:00,3
2021-07-21 13:30:00,3
2021-07-21 14:45:00,1
2021-07-21 15:00:00,1
2021-07-22 09:45:00,1
2021-07-22 10:00:00,1
2021-07-22 10:15:00,1
2021-07-23 10:15:00,3
2021-07-23 10:30:00,3
2021-07-23 10:45:00,3
2021-07-23 11:00:00,3
2021-07-23 11:15:00,3
2021-07-23 13:15:00,2
2021-07-23 13:30:00,2
2021-07-23 13:45:00,2
2021-07-23 14:00:00,2
2021-07-23 14:15:00,2
2021-07-27 11:30:00,2
2021-07-27 13:15:00,2
2021-07-27 13:30:00,2
2021-07-27 13:45:00,2
2021-07-27 14:00:00,2
2021-07-30 10:00:00,2
2021-07-30 10:15:00,2
2021-07-30 10:30:00,2
2021-07-30 10:45:00,2
2021-07-30 11:00:00,2
2021-08-02 10:00:00,1
2021-08-02 10:15:00,1
2021-08-02 10:30:00,1
2021-08-02 10:45:00,1
2021-08-02 11:00:00,1
2021-08-04 13:15:00,3
2021-08-04 13:30:00,3
2021-08-04 13:45:00,3
2021-08-04 14:00:00,3
2021-08-04 14:15:00,3
2021-08-05 13:30:00,3
2021-08-05 13:45:00,3
2021-08-05 14:00:00,3
2021-08-05 14:15:00,3
2021-08-05 14:30:00,3
2021-08-06 10:15:00,1
2021-08-06 10:30:00,1
2021-08-06 10:45:00,1
2021-08-06 11:00:00,1
2021-08-06 11:15:00,1
2021-08-10 14:45:00,1
2021-08-10 15:00:00,1
2021-08-11 09:45:00,1
2021-08-11 10:00:00,1
2021-08-11 10:15:00,1
2021-08-17 14:15:00,2
2021-08-17 14:30:00,2
2021-08-17 14:45:00,2
2021-08-17 15:00:00,2
2021-08-18 09:45:00,2
2021-08-23 10:00:00,1
2021-08-23 10:15:00,1
2021-08-23 10:30:00,1
2021-08-23 10:45:00,1
2021-08-23 11:00:00,1
2021-08-25 10:30:00,1
2021-08-25 10:45:00,1
2021-08-25 11:00:00,1
2021-08-25 11:15:00,1
2021-08-25 11:30:00,1
2021-08-26 11:00:00,1
2021-08-26 11:15:00,1
2021-08-26 11:30:00,1
2021-08-26 13:15:00,1
2021-08-26 13:30:00,1
2021-09-01 10:00:00,1
2021-09-01 10:15:00,1
2021-09-01 10:30:00,1
2021-09-01 10:45:00,1
2021-09-01 11:00:00,1
2021-09-02 14:45:00,1
2021-09-02 15:00:00,1
2021-09-03 09:45:00,1
2021-09-03 10:00:00,1
2021-09-03 10:15:00,1
2021-09-06 10:00:00,2
2021-09-06 10:15:00,2
2021-09-06 10:30:00,2
2021-09-06 10:45:00,2
2021-09-06 11:00:00,2
2021-09-07 10:00:00,1
2021-09-07 10:15:00,1
2021-09-07 10:30:00,1
2021-09-07 10:45:00,1
2021-09-07 11:00:00,1
2021-09-08 09:45:00,1
2021-09-08 10:00:00,1
2021-09-08 10:15:00,1
2021-09-08 10:30:00,1
2021-09-08 10:45:00,1
2021-09-14 10:00:00,2
2021-09-14 10:15:00,2
2021-09-14 10:30:00,2
2021-09-14 10:45:00,2
2021-09-14 11:00:00,2
2021-09-15 11:15:00,3
2021-09-15 11:30:00,3
2021-09-15 13:15:00,3
2021-09-15 13:30:00,3
2021-09-15 13:45:00,3
2021-09-17 13:30:00,3
2021-09-17 13:45:00,3
2021-09-17 14:00:00,3
2021-09-17 14:15:00,3
2021-09-17 14:30:00,3
2021-09-23 10:30:00,3
2021-09-23 10:45:00,3
2021-09-23 11:00:00,3
2021-09-23 11:15:00,3
2021-09-23 11:30:00,3
2021-09-24 10:45:00,2
2021-09-24 11:00:00,2
2021-09-24 11:15:00,2
2021-09-24 11:30:00,2
2021-09-24 13:15:00,2
2021-09-27 10:30:00,2
2021-09-27 10:45:00,2
2021-09-27 11:00:00,2
2021-09-27 11:15:00,2
2021-09-27 11:30:00,2
2021-10-08 10:00:00,2
2021-10-08 10:15:00,2
2021-10-08 10:30:00,2
2021-10-08 10:45:00,2
2021-10-08 11:00:00,2
2021-10-14 10:00:00,1
2021-10-14 10:15:00,1
2021-10-14 10:30:00,1
2021-10-14 10:45:00,1
2021-10-14 11:00:00,1
2021-10-20 14:00:00,3
2021-10-20 14:15:00,3
2021-10-20 14:30:00,3
2021-10-20 14:45:00,3
2021-10-20 15:00:00,3
2021-10-21 10:45:00,3
2021-10-21 11:00:00,3
2021-10-21 11:15:00,3
2021-10-21 11:30:00,3
2021-10-21 13:15:00,3
2021-10-22 10:00:00,2
2021-10-22 10:15:00,2
2021-10-22 10:30:00,2
2021-10-22 10:45:00,2
2021-10-22 11:00:00,2
2021-10-25 10:45:00,1
2021-10-25 11:00:00,1
2021-10-25 11:15:00,1
2021-10-25 11:30:00,1
2021-10-25 13:15:00,1
2021-10-28 10:00:00,2
2021-10-28 10:15:00,2
2021-10-28 10:30:00,2
2021-10-28 10:45:00,2
2021-10-28 11:00:00,2
2021-10-29 10:00:00,1
2021-10-29 10:15:00,1
2021-10-29 10:30:00,1
2021-10-29 10:45:00,1
2021-10-29 11:00:00,1
2021-11-01 09:45:00,2
2021-11-01 10:00:00,2
2021-11-01 10:15:00,2
2021-11-01 10:30:00,2
2021-11-01 10:45:00,2
2021-11-04 09:45:00,2
2021-11-04 10:00:00,2
2021-11-04 10:15:00,2
2021-11-04 10:30:00,2
2021-11-04 10:45:00,2
2021-11-05 10:00:00,2
2021-11-05 10:15:00,2
2021-11-05 10:30:00,2
2021-11-05 10:45:00,2
2021-11-05 11:00:00,2
2021-11-12 13:30:00,3
2021-11-12 13:45:00,3
2021-11-12 14:00:00,3
2021-11-12 14:15:00,3
2021-11-12 14:30:00,3
2021-11-15 10:00:00,3
2021-11-15 10:15:00,3
2021-11-15 10:30:00,3
2021-11-15 10:45:00,3
2021-11-15 11:00:00,3
2021-11-17 13:15:00,3
2021-11-17 13:30:00,3
2021-11-17 13:45:00,3
2021-11-17 14:00:00,3
2021-11-17 14:15:00,3
2021-11-18 10:00:00,1
2021-11-18 10:15:00,1
2021-11-18 10:30:00,1
2021-11-18 10:45:00,1
2021-11-18 11:00:00,1
2021-11-22 13:30:00,3
2021-11-22 13:45:00,3
2021-11-22 14:00:00,3
2021-11-22 14:15:00,3
2021-11-22 14:30:00,3
2021-11-23 10:00:00,1
2021-11-23 10:15:00,1
2021-11-23 10:30:00,1
2021-11-23 10:45:00,1
2021-11-23 11:00:00,1
2021-11-25 14:30:00,3
2021-11-25 14:45:00,3
2021-11-25 15:00:00,3
2021-11-26 09:45:00,3
2021-11-26 10:00:00,3
2021-11-26 13:30:00,3
2021-11-26 13:45:00,3
2021-11-26 14:00:00,3
2021-11-26 14:15:00,3
2021-11-26 14:30:00,3
2021-11-29 10:00:00,1
2021-11-29 10:15:00,1
2021-11-29 10:30:00,1
2021-11-29 10:45:00,1
2021-11-29 11:00:00,1
2021-12-01 09:45:00,3
2021-12-01 10:00:00,3
2021-12-01 10:15:00,3
2021-12-01 10:30:00,3
2021-12-01 10:45:00,3
2021-12-01 13:15:00,1
2021-12-01 13:30:00,1
2021-12-01 13:45:00,1
2021-12-01 14:00:00,1
2021-12-01 14:15:00,1
2021-12-03 10:45:00,1
2021-12-03 11:00:00,1
2021-12-03 11:15:00,1
2021-12-03 11:30:00,1
2021-12-03 13:15:00,1
2021-12-07 13:30:00,3
2021-12-07 13:45:00,3
2021-12-07 14:00:00,3
2021-12-07 14:15:00,3
2021-12-07 14:30:00,3
2021-12-08 10:30:00,3
2021-12-08 10:45:00,3
2021-12-08 11:00:00,3
2021-12-08 11:15:00,3
2021-12-08 11:30:00,3
2021-12-09 11:15:00,3
2021-12-09 11:30:00,3
2021-12-09 13:15:00,3
2021-12-09 13:30:00,3
2021-12-09 13:45:00,3
2021-12-10 10:00:00,3
2021-12-10 10:15:00,3
2021-12-10 10:30:00,3
2021-12-10 10:45:00,3
2021-12-10 11:00:00,3
2021-12-13 14:45:00,2
2021-12-13 15:00:00,2
2021-12-14 09:45:00,2
2021-12-14 10:00:00,2
2021-12-14 10:15:00,2
2021-12-17 10:00:00,1
2021-12-17 10:15:00,1
2021-12-17 10:30:00,1
2021-12-17 10:45:00,1
2021-12-17 11:00:00,1
2021-12-20 09:45:00,2
2021-12-20 10:00:00,2
2021-12-20 10:15:00,2
2021-12-20 10:30:00,2
2021-12-20 10:45:00,2
2021-12-22 10:00:00,2
2021-12-22 10:15:00,2
2021-12-22 10:30:00,2
2021-12-22 10:45:00,2
2021-12-22 11:00:00,2
2021-12-23 13:45:00,3
2021-12-23 14:00:00,3
2021-12-23 14:15:00,3
2021-12-23 14:30:00,3
2021-12-23 14:45:00,3
2021-12-24 14:15:00,3
2021-12-24 14:30:00,3
2021-12-24 14:45:00,3
2021-12-24 15:00:00,3
2021-12-27 09:45:00,3
2021-12-27 13:30:00,3
2021-12-27 13:45:00,3
2021-12-27 14:00:00,3
2021-12-27 14:15:00,3
2021-12-27 14:30:00,3
2021-12-29 09:45:00,3
2021-12-29 10:00:00,3
2021-12-29 10:15:00,3
2021-12-29 10:30:00,3
2021-12-29 10:45:00,3
2021-12-29 14:00:00,3
2021-12-29 14:15:00,3
2021-12-29 14:30:00,3
2021-12-29 14:45:00,3
2021-12-29 15:00:00,3
2021-12-31 13:45:00,1
2021-12-31 14:00:00,1
2021-12-31 14:15:00,1
2021-12-31 14:30:00,1
2021-12-31 14:45:00,1
2022-01-05 10:15:00,2
2022-01-05 10:30:00,2
2022-01-05 10:45:00,2
2022-01-05 11:00:00,2
2022-01-05 11:15:00,2
2022-01-06 10:00:00,1
2022-01-06 10:15:00,1
2022-01-06 10:30:00,1
2022-01-06 10:45:00,1
2022-01-06 11:00:00,1
2022-01-11 13:30:00,2
2022-01-11 13:45:00,2
2022-01-11 14:00:00,2
2022-01-11 14:15:00,2
2022-01-11 14:30:00,2
2022-01-12 13:15:00,1
2022-01-12 13:30:00,1
2022-01-12 13:45:00,1
2022-01-12 14:00:00,1
2022-01-12 14:15:00,1
2022-01-14 10:00:00,2
2022-01-14 10:15:00,2
2022-01-14 10:30:00,2
2022-01-14 10:45:00,2
2022-01-14 11:00:00,2
2022-01-17 13:30:00,1
2022-01-17 13:45:00,1
2022-01-17 14:00:00,1
2022-01-17 14:15:00,1
2022-01-17 14:30:00,1
2022-01-19 14:00:00,2
2022-01-19 14:15:00,2
2022-01-19 14:30:00,2
2022-01-19 14:45:00,2
2022-01-19 15:00:00,2
2022-01-21 10:00:00,2
2022-01-21 10:15:00,2
2022-01-21 10:30:00,2
2022-01-21 10:45:00,2
2022-01-21 11:00:00,2
2022-01-24 10:00:00,2
2022-01-24 10:15:00,2
2022-01-24 10:30:00,2
2022-01-24 10:45:00,2
2022-01-24 11:00:00,2
2022-01-25 11:00:00,3
2022-01-25 11:15:00,3
2022-01-25 11:30:00,3
2022-01-25 13:15:00,3
2022-01-25 13:30:00,3
2022-01-25 14:30:00,2
2022-01-25 14:45:00,2
2022-01-25 15:00:00,2
2022-01-26 09:45:00,2
2022-01-26 10:00:00,2
2022-02-07 09:45:00,1
2022-02-07 10:00:00,1
2022-02-07 10:15:00,1
2022-02-07 10:30:00,1
2022-02-07 10:45:00,1
2022-02-11 10:45:00,3
2022-02-11 11:00:00,3
2022-02-11 11:15:00,3
2022-02-11 11:30:00,3
2022-02-11 13:15:00,3
2022-02-14 09:45:00,2
2022-02-14 10:00:00,2
2022-02-14 10:15:00,2
2022-02-14 10:30:00,2
2022-02-14 10:45:00,2
2022-02-16 09:45:00,1
2022-02-16 10:00:00,1
2022-02-16 10:15:00,1
2022-02-16 10:30:00,1
2022-02-16 10:45:00,1
2022-02-17 09:45:00,2
2022-02-17 10:00:00,2
2022-02-17 10:15:00,2
2022-02-17 10:30:00,2
2022-02-17 10:45:00,2
2022-02-18 11:00:00,3
2022-02-18 11:15:00,3
2022-02-18 11:30:00,3
2022-02-18 13:15:00,3
2022-02-18 13:30:00,3
2022-02-21 13:15:00,3
2022-02-21 13:30:00,3
2022-02-21 13:45:00,3
2022-02-21 14:00:00,3
2022-02-21 14:15:00,3
2022-02-23 11:00:00,1
2022-02-23 11:15:00,1
2022-02-23 11:30:00,1
2022-02-23 13:15:00,1
2022-02-23 13:30:00,1
2022-02-24 11:00:00,2
2022-02-24 11:15:00,2
2022-02-24 11:30:00,2
2022-02-24 13:15:00,2
2022-02-24 13:30:00,2
2022-02-28 11:15:00,1
2022-02-28 11:30:00,1
2022-02-28 13:15:00,1
2022-02-28 13:30:00,1
2022-02-28 13:45:00,1
2022-03-03 09:45:00,1
2022-03-03 10:00:00,1
2022-03-03 10:15:00,1
2022-03-03 10:30:00,1
2022-03-03 10:45:00,1
2022-03-04 09:45:00,2
2022-03-04 10:00:00,2
2022-03-04 10:15:00,2
2022-03-04 10:30:00,2
2022-03-04 10:45:00,2
2022-03-08 13:15:00,2
2022-03-08 13:30:00,2
2022-03-08 13:45:00,2
2022-03-08 14:00:00,2
2022-03-08 14:15:00,2
2022-03-10 09:45:00,1
2022-03-10 10:00:00,1
2022-03-10 10:15:00,1
2022-03-10 10:30:00,1
2022-03-10 10:45:00,1
2022-03-11 14:15:00,1
2022-03-11 14:30:00,1
2022-03-11 14:45:00,1
2022-03-11 15:00:00,1
2022-03-14 09:45:00,1
2022-03-15 10:00:00,2
2022-03-15 10:15:00,2
2022-03-15 10:30:00,2
2022-03-15 10:45:00,2
2022-03-15 11:00:00,2
2022-03-16 13:45:00,1
2022-03-16 14:00:00,1
2022-03-16 14:15:00,1
2022-03-16 14:30:00,1
2022-03-16 14:45:00,1
2022-03-22 10:45:00,1
2022-03-22 11:00:00,1
2022-03-22 11:15:00,1
2022-03-22 11:30:00,1
2022-03-22 13:15:00,1
2022-03-24 10:15:00,3
2022-03-24 10:30:00,3
2022-03-24 10:45:00,3
2022-03-24 11:00:00,3
2022-03-24 11:15:00,3
2022-03-28 13:30:00,3
2022-03-28 13:45:00,3
2022-03-28 14:00:00,3
2022-03-28 14:15:00,3
2022-03-28 14:30:00,3
2022-03-29 10:00:00,2
2022-03-29 10:15:00,2
2022-03-29 10:30:00,2
2022-03-29 10:45:00,2
2022-03-29 11:00:00,2
2022-03-30 11:30:00,1
2022-03-30 13:15:00,1
2022-03-30 13:30:00,1
2022-03-30 13:45:00,1
2022-03-30 14:00:00,1
2022-03-31 13:45:00,2
2022-03-31 14:00:00,2
2022-03-31 14:15:00,2
2022-03-31 14:30:00,2
2022-03-31 14:45:00,2
2022-04-07 09:45:00,2
2022-04-07 10:00:00,2
2022-04-07 10:15:00,2
2022-04-07 10:30:00,2
2022-04-07 10:45:00,2
2022-04-11 10:45:00,2
2022-04-11 11:00:00,2
2022-04-11 11:15:00,2
2022-04-11 11:30:00,2
2022-04-11 13:15:00,2
2022-04-14 10:45:00,3
2022-04-14 11:00:00,3
2022-04-14 11:15:00,3
2022-04-14 11:30:00,3
2022-04-14 13:15:00,3
2022-04-14 14:00:00,3
2022-04-14 14:15:00,3
2022-04-14 14:30:00,3
2022-04-14 14:45:00,3
2022-04-14 15:00:00,3
2022-04-15 11:00:00,3
2022-04-15 11:15:00,3
2022-04-15 11:30:00,3
2022-04-15 13:15:00,3
2022-04-15 13:30:00,3
2022-04-18 10:00:00,2
2022-04-18 10:15:00,2
2022-04-18 10:30:00,2
2022-04-18 10:45:00,2
2022-04-18 11:00:00,2
2022-04-19 14:30:00,3
2022-04-19 14:45:00,3
2022-04-19 15:00:00,3
2022-04-20 09:45:00,3
2022-04-20 10:00:00,3
2022-04-21 10:00:00,2
2022-04-21 10:15:00,2
2022-04-21 10:30:00,2
2022-04-21 10:45:00,2
2022-04-21 11:00:00,2
2022-04-25 09:45:00,2
2022-04-25 10:00:00,2
2022-04-25 10:15:00,2
2022-04-25 10:30:00,2
2022-04-25 10:45:00,2
2022-04-28 10:00:00,1
2022-04-28 10:15:00,1
2022-04-28 10:30:00,1
2022-04-28 10:45:00,1
2022-04-28 11:00:00,1
2022-05-06 13:45:00,3
2022-05-06 14:00:00,3
2022-05-06 14:15:00,3
2022-05-06 14:30:00,3
2022-05-06 14:45:00,3
2022-05-09 10:45:00,2
2022-05-09 11:00:00,2
2022-05-09 11:15:00,2
2022-05-09 11:30:00,2
2022-05-09 13:15:00,2
2022-05-10 13:15:00,3
2022-05-10 13:30:00,3
2022-05-10 13:45:00,3
2022-05-10 14:00:00,3
2022-05-10 14:15:00,3
2022-05-13 11:30:00,1
2022-05-13 13:15:00,1
2022-05-13 13:30:00,1
2022-05-13 13:45:00,1
2022-05-13 14:00:00,1
2022-05-16 14:15:00,3
2022-05-16 14:30:00,3
2022-05-16 14:45:00,3
2022-05-16 15:00:00,3
2022-05-17 09:45:00,3
2022-05-18 10:30:00,3
2022-05-18 10:45:00,3
2022-05-18 11:00:00,3
2022-05-18 11:15:00,3
2022-05-18 11:30:00,3
2022-05-19 15:00:00,1
2022-05-20 09:45:00,1
2022-05-20 10:00:00,1
2022-05-20 10:15:00,1
2022-05-20 10:30:00,1
2022-05-25 11:00:00,1
2022-05-25 11:15:00,1
2022-05-25 11:30:00,1
2022-05-25 13:15:00,1
2022-05-25 13:30:00,1
2022-05-30 10:30:00,3
2022-05-30 10:45:00,3
2022-05-30 11:00:00,3
2022-05-30 11:15:00,3
2022-05-30 11:30:00,3
2022-05-31 13:45:00,3
2022-05-31 14:00:00,3
2022-05-31 14:15:00,3
2022-05-31 14:30:00,3
2022-05-31 14:45:00,3
2022-06-01 09:45:00,1
2022-06-01 10:00:00,1
2022-06-01 10:15:00,1
2022-06-01 10:30:00,1
2022-06-01 10:45:00,1
2022-06-07 13:30:00,3
2022-06-07 13:45:00,3
2022-06-07 14:00:00,3
2022-06-07 14:15:00,3
2022-06-07 14:30:00,3
2022-06-09 13:15:00,2
2022-06-09 13:30:00,2
2022-06-09 13:45:00,2
2022-06-09 14:00:00,2
2022-06-09 14:15:00,2
2022-06-14 14:45:00,1
2022-06-14 15:00:00,1
2022-06-15 09:45:00,1
2022-06-15 10:00:00,1
2022-06-15 10:15:00,1
2022-06-16 10:00:00,2
2022-06-16 10:15:00,2
2022-06-16 10:30:00,2
2022-06-16 10:45:00,2
2022-06-16 11:00:00,2
2022-06-20 10:15:00,3
2022-06-20 10:30:00,3
2022-06-20 10:45:00,3
2022-06-20 11:00:00,3
2022-06-20 11:15:00,3
2022-06-20 14:00:00,3
2022-06-20 14:15:00,3
2022-06-20 14:30:00,3
2022-06-20 14:45:00,3
2022-06-20 15:00:00,3
2022-06-21 11:15:00,3
2022-06-21 11:30:00,3
2022-06-21 13:15:00,3
2022-06-21 13:30:00,3
2022-06-21 13:45:00,3
2022-06-21 14:15:00,2
2022-06-21 14:30:00,2
2022-06-21 14:45:00,2
2022-06-21 15:00:00,2
2022-06-22 09:45:00,2
2022-06-23 11:30:00,1
2022-06-23 13:15:00,1
2022-06-23 13:30:00,1
2022-06-23 13:45:00,1
2022-06-23 14:00:00,1
2022-06-28 09:45:00,1
2022-06-28 10:00:00,1
2022-06-28 10:15:00,1
2022-06-28 10:30:00,1
2022-06-28 10:45:00,1
2022-07-01 11:30:00,3
2022-07-01 13:15:00,3
2022-07-01 13:30:00,3
2022-07-01 13:45:00,3
2022-07-01 14:00:00,3
2022-07-06 09:45:00,2
2022-07-06 10:00:00,2
2022-07-06 10:15:00,2
2022-07-06 10:30:00,2
2022-07-06 10:45:00,2
2022-07-08 14:00:00,2
2022-07-08 14:15:00,2
2022-07-08 14:30:00,2
2022-07-08 14:45:00,2
2022-07-08 15:00:00,2
2022-07-12 13:15:00,2
2022-07-12 13:30:00,2
2022-07-12 13:45:00,2
2022-07-12 14:00:00,2
2022-07-12 14:15:00,2
2022-07-15 10:45:00,2
2022-07-15 11:00:00,2
2022-07-15 11:15:00,2
2022-07-15 11:30:00,2
2022-07-15 13:15:00,2
2022-07-18 11:15:00,1
2022-07-18 11:30:00,1
2022-07-18 13:15:00,1
2022-07-18 13:30:00,1
2022-07-18 13:45:00,1
2022-07-19 14:45:00,1
2022-07-19 15:00:00,1
2022-07-20 09:45:00,1
2022-07-20 10:00:00,1
2022-07-20 10:15:00,1
2022-07-25 14:00:00,2
2022-07-25 14:15:00,2
2022-07-25 14:30:00,2
2022-07-25 14:45:00,2
2022-07-25 15:00:00,2
2022-07-27 13:45:00,1
2022-07-27 14:00:00,1
2022-07-27 14:15:00,1
2022-07-27 14:30:00,1
2022-07-27 14:45:00,1
2022-07-28 13:15:00,3
2022-07-28 13:30:00,3
2022-07-28 13:45:00,3
2022-07-28 14:00:00,3
2022-07-28 14:15:00,3
2022-07-29 10:30:00,2
2022-07-29 10:45:00,2
2022-07-29 11:00:00,2
2022-07-29 11:15:00,2
2022-07-29 11:30:00,2
2022-08-02 10:00:00,2
2022-08-02 10:15:00,2
2022-08-02 10:30:00,2
2022-08-02 10:45:00,2
2022-08-02 11:00:00,2
2022-08-03 09:45:00,1
2022-08-03 10:00:00,1
2022-08-03 10:15:00,1
2022-08-03 10:30:00,1
2022-08-03 10:45:00,1
2022-08-03 14:45:00,2
2022-08-03 15:00:00,2
2022-08-04 09:45:00,2
2022-08-04 10:00:00,2
2022-08-04 10:15:00,2
2022-08-05 13:45:00,1
2022-08-05 14:00:00,1
2022-08-05 14:15:00,1
2022-08-05 14:30:00,1
2022-08-05 14:45:00,1
2022-08-10 10:00:00,1
2022-08-10 10:15:00,1
2022-08-10 10:30:00,1
2022-08-10 10:45:00,1
2022-08-10 11:00:00,1
2022-08-11 10:00:00,1
2022-08-11 10:15:00,1
2022-08-11 10:30:00,1
2022-08-11 10:45:00,1
2022-08-11 11:00:00,1
2022-08-18 10:00:00,2
2022-08-18 10:15:00,2
2022-08-18 10:30:00,2
2022-08-18 10:45:00,2
2022-08-18 11:00:00,2
2022-08-19 10:00:00,2
2022-08-19 10:15:00,2
2022-08-19 10:30:00,2
2022-08-19 10:45:00,2
2022-08-19 11:00:00,2
2022-08-23 11:15:00,3
2022-08-23 11:30:00,3
2022-08-23 13:15:00,3
2022-08-23 13:30:00,3
2022-08-23 13:45:00,3
2022-08-24 10:30:00,2
2022-08-24 10:45:00,2
2022-08-24 11:00:00,2
2022-08-24 11:15:00,2
2022-08-24 11:30:00,2
2022-08-25 10:00:00,1
2022-08-25 10:15:00,1
2022-08-25 10:30:00,1
2022-08-25 10:45:00,1
2022-08-25 11:00:00,1
2022-08-29 10:00:00,2
2022-08-29 10:15:00,2
2022-08-29 10:30:00,2
2022-08-29 10:45:00,2
2022-08-29 11:00:00,2
2022-08-30 10:00:00,2
2022-08-30 10:15:00,2
2022-08-30 10:30:00,2
2022-08-30 10:45:00,2
2022-08-30 11:00:00,2
2022-09-01 11:30:00,2
2022-09-01 13:15:00,2
2022-09-01 13:30:00,2
2022-09-01 13:45:00,2
2022-09-01 14:00:00,2
2022-09-05 14:00:00,3
2022-09-05 14:15:00,3
2022-09-05 14:30:00,3
2022-09-05 14:45:00,3
2022-09-05 15:00:00,3
2022-09-06 10:15:00,1
2022-09-06 10:30:00,1
2022-09-06 10:45:00,1
2022-09-06 11:00:00,1
2022-09-06 11:15:00,1
2022-09-08 11:00:00,2
2022-09-08 11:15:00,2
2022-09-08 11:30:00,2
2022-09-08 13:15:00,2
2022-09-08 13:30:00,2
2022-09-09 10:30:00,1
2022-09-09 10:45:00,1
2022-09-09 11:00:00,1
2022-09-09 11:15:00,1
2022-09-09 11:30:00,1
2022-09-13 10:45:00,2
2022-09-13 11:00:00,2
2022-09-13 11:15:00,2
2022-09-13 11:30:00,2
2022-09-13 13:15:00,2
2022-09-19 10:00:00,2
2022-09-19 10:15:00,2
2022-09-19 10:30:00,2
2022-09-19 10:45:00,2
2022-09-19 11:00:00,2
2022-09-22 13:30:00,3
2022-09-22 13:45:00,3
2022-09-22 14:00:00,3
2022-09-22 14:15:00,3
2022-09-22 14:30:00,3
2022-09-26 11:00:00,2
2022-09-26 11:15:00,2
2022-09-26 11:30:00,2
2022-09-26 13:15:00,2
2022-09-26 13:30:00,2
2022-09-28 10:00:00,2
2022-09-28 10:15:00,2
2022-09-28 10:30:00,2
2022-09-28 10:45:00,2
2022-09-28 11:00:00,2
2022-09-30 10:45:00,3
2022-09-30 11:00:00,3
2022-09-30 11:15:00,3
2022-09-30 11:30:00,3
2022-09-30 13:15:00,3
2022-10-10 11:15:00,3
2022-10-10 11:30:00,3
2022-10-10 13:15:00,3
2022-10-10 13:30:00,3
2022-10-10 13:45:00,3
2022-10-11 13:30:00,3
2022-10-11 13:45:00,3
2022-10-11 14:00:00,3
2022-10-11 14:15:00,3
2022-10-11 14:30:00,3
2022-10-12 14:15:00,1
2022-10-12 14:30:00,1
2022-10-12 14:45:00,1
2022-10-12 15:00:00,1
2022-10-13 09:45:00,1
2022-10-17 13:30:00,1
2022-10-17 13:45:00,1
2022-10-17 14:00:00,1
2022-10-17 14:15:00,1
2022-10-17 14:30:00,1
2022-10-19 10:45:00,3
2022-10-19 11:00:00,3
2022-10-19 11:15:00,3
2022-10-19 11:30:00,3
2022-10-19 13:15:00,3
2022-10-21 10:15:00,3
2022-10-21 10:30:00,3
2022-10-21 10:45:00,3
2022-10-21 11:00:00,3
2022-10-21 11:15:00,3
2022-10-21 14:00:00,2
2022-10-21 14:15:00,2
2022-10-21 14:30:00,2
2022-10-21 14:45:00,2
2022-10-21 15:00:00,2
2022-10-25 15:00:00,3
2022-10-26 09:45:00,3
2022-10-26 10:00:00,3
2022-10-26 10:15:00,3
2022-10-26 10:30:00,3
2022-10-27 09:45:00,3
2022-10-27 10:00:00,3
2022-10-27 10:15:00,3
2022-10-27 10:30:00,3
2022-10-27 10:45:00,3
2022-10-27 14:15:00,2
2022-10-27 14:30:00,2
2022-10-27 14:45:00,2
2022-10-27 15:00:00,2
2022-10-28 09:45:00,2
2022-10-28 14:45:00,2
2022-10-28 15:00:00,2
2022-10-31 09:45:00,2
2022-10-31 10:00:00,2
2022-10-31 10:15:00,2
2022-11-01 09:45:00,1
2022-11-01 10:00:00,1
2022-11-01 10:15:00,1
2022-11-01 10:30:00,1
2022-11-01 10:45:00,1
2022-11-03 11:30:00,3
2022-11-03 13:15:00,3
2022-11-03 13:30:00,3
2022-11-03 13:45:00,3
2022-11-03 14:00:00,3
2022-11-04 09:45:00,1
2022-11-04 10:00:00,1
2022-11-04 10:15:00,1
2022-11-04 10:30:00,1
2022-11-04 10:45:00,1
2022-11-07 10:00:00,1
2022-11-07 10:15:00,1
2022-11-07 10:30:00,1
2022-11-07 10:45:00,1
2022-11-07 11:00:00,1
2022-11-08 10:30:00,3
2022-11-08 10:45:00,3
2022-11-08 11:00:00,3
2022-11-08 11:15:00,3
2022-11-08 11:30:00,3
2022-11-09 14:00:00,2
2022-11-09 14:15:00,2
2022-11-09 14:30:00,2
2022-11-09 14:45:00,2
2022-11-09 15:00:00,2
2022-11-11 10:00:00,1
2022-11-11 10:15:00,1
2022-11-11 10:30:00,1
2022-11-11 10:45:00,1
2022-11-11 11:00:00,1
2022-11-15 09:45:00,1
2022-11-15 10:00:00,1
2022-11-15 10:15:00,1
2022-11-15 10:30:00,1
2022-11-15 10:45:00,1
2022-11-18 10:00:00,3
2022-11-18 10:15:00,3
2022-11-18 10:30:00,3
2022-11-18 10:45:00,3
2022-11-18 11:00:00,3
2022-11-18 14:45:00,2
2022-11-18 15:00:00,2
2022-11-21 09:45:00,2
2022-11-21 10:00:00,2
2022-11-21 10:15:00,2
2022-11-22 10:15:00,3
2022-11-22 10:30:00,3
2022-11-22 10:45:00,3
2022-11-22 11:00:00,3
2022-11-22 11:15:00,3
2022-11-23 14:15:00,3
2022-11-23 14:30:00,3
2022-11-23 14:45:00,3
2022-11-23 15:00:00,3
2022-11-24 09:45:00,3
2022-11-25 10:15:00,1
2022-11-25 10:30:00,1
2022-11-25 10:45:00,1
2022-11-25 11:00:00,1
2022-11-25 11:15:00,1
2022-11-28 10:00:00,2
2022-11-28 10:15:00,2
2022-11-28 10:30:00,2
2022-11-28 10:45:00,2
2022-11-28 11:00:00,2
2022-11-29 10:00:00,1
2022-11-29 10:15:00,1
2022-11-29 10:30:00,1
2022-11-29 10:45:00,1
2022-11-29 11:00:00,1
2022-12-02 09:45:00,2
2022-12-02 10:00:00,2
2022-12-02 10:15:00,2
2022-12-02 10:30:00,2
2022-12-02 10:45:00,2
2022-12-05 09:45:00,1
2022-12-05 10:00:00,1
2022-12-05 10:15:00,1
2022-12-05 10:30:00,1
2022-12-05 10:45:00,1
2022-12-06 11:30:00,3
2022-12-06 13:15:00,3
2022-12-06 13:30:00,3
2022-12-06 13:45:00,3
2022-12-06 14:00:00,3
2022-12-07 11:00:00,2
2022-12-07 11:15:00,2
2022-12-07 11:30:00,2
2022-12-07 13:15:00,2
2022-12-07 13:30:00,2
2022-12-12 10:00:00,2
2022-12-12 10:15:00,2
2022-12-12 10:30:00,2
2022-12-12 10:45:00,2
2022-12-12 11:00:00,2
2022-12-13 14:45:00,3
2022-12-13 15:00:00,3
2022-12-14 09:45:00,3
2022-12-14 10:00:00,3
2022-12-14 10:15:00,3
2022-12-14 13:30:00,2
2022-12-14 13:45:00,2
2022-12-14 14:00:00,2
2022-12-14 14:15:00,2
2022-12-14 14:30:00,2
2022-12-19 10:00:00,2
2022-12-19 10:15:00,2
2022-12-19 10:30:00,2
2022-12-19 10:45:00,2
2022-12-19 11:00:00,2
2022-12-26 14:15:00,3
2022-12-26 14:30:00,3
2022-12-26 14:45:00,3
2022-12-26 15:00:00,3
2022-12-27 09:45:00,3
2022-12-29 09:45:00,2
2022-12-29 10:00:00,2
2022-12-29 10:15:00,2
2022-12-29 10:30:00,2
2022-12-29 10:45:00,2
2022-12-30 10:45:00,3
2022-12-30 11:00:00,3
2022-12-30 11:15:00,3
2022-12-30 11:30:00,3
2022-12-30 13:15:00,3
2023-01-05 11:30:00,1
2023-01-05 13:15:00,1
2023-01-05 13:30:00,1
2023-01-05 13:45:00,1
2023-01-05 14:00:00,1
2023-01-10 09:45:00,2
2023-01-10 10:00:00,2
2023-01-10 10:15:00,2
2023-01-10 10:30:00,2
2023-01-10 10:45:00,2
2023-01-11 11:00:00,2
2023-01-11 11:15:00,2
2023-01-11 11:30:00,2
2023-01-11 13:15:00,2
2023-01-11 13:30:00,2
2023-01-13 10:30:00,3
2023-01-13 10:45:00,3
2023-01-13 11:00:00,3
2023-01-13 11:15:00,3
2023-01-13 11:30:00,3
2023-01-16 10:00:00,1
2023-01-16 10:15:00,1
2023-01-16 10:30:00,1
2023-01-16 10:45:00,1
2023-01-16 11:00:00,1
2023-01-17 13:30:00,1
2023-01-17 13:45:00,1
2023-01-17 14:00:00,1
2023-01-17 14:15:00,1
2023-01-17 14:30:00,1
2023-01-19 10:15:00,1
2023-01-19 10:30:00,1
2023-01-19 10:45:00,1
2023-01-19 11:00:00,1
2023-01-19 11:15:00,1
2023-01-31 13:45:00,3
2023-01-31 14:00:00,3
2023-01-31 14:15:00,3
2023-01-31 14:30:00,3
2023-01-31 14:45:00,3
2023-02-02 09:45:00,3
2023-02-02 10:00:00,3
2023-02-02 10:15:00,3
2023-02-02 10:30:00,3
2023-02-02 10:45:00,3
2023-02-02 13:45:00,3
2023-02-02 14:00:00,3
2023-02-02 14:15:00,3
2023-02-02 14:30:00,3
2023-02-02 14:45:00,3
2023-02-06 13:45:00,3
2023-02-06 14:00:00,3
2023-02-06 14:15:00,3
2023-02-06 14:30:00,3
2023-02-06 14:45:00,3
2023-02-07 14:30:00,1
2023-02-07 14:45:00,1
2023-02-07 15:00:00,1
2023-02-08 09:45:00,1
2023-02-08 10:00:00,1
2023-02-09 10:00:00,1
2023-02-09 10:15:00,1
2023-02-09 10:30:00,1
2023-02-09 10:45:00,1
2023-02-09 11:00:00,1
2023-02-10 10:30:00,1
2023-02-10 10:45:00,1
2023-02-10 11:00:00,1
2023-02-10 11:15:00,1
2023-02-10 11:30:00,1
2023-02-13 11:00:00,1
2023-02-13 11:15:00,1
2023-02-13 11:30:00,1
2023-02-13 13:15:00,1
2023-02-13 13:30:00,1
2023-02-16 15:00:00,2
2023-02-17 09:45:00,2
2023-02-17 10:00:00,2
2023-02-17 10:15:00,2
2023-02-17 10:30:00,2
2023-02-20 14:15:00,1
2023-02-20 14:30:00,1
2023-02-20 14:45:00,1
2023-02-20 15:00:00,1
2023-02-21 09:45:00,1
2023-02-22 09:45:00,3
2023-02-22 10:00:00,3
2023-02-22 10:15:00,3
2023-02-22 10:30:00,3
2023-02-22 10:45:00,3
2023-02-23 11:00:00,3
2023-02-23 11:15:00,3
2023-02-23 11:30:00,3
2023-02-23 13:15:00,3
2023-02-23 13:30:00,3
2023-02-24 09:45:00,2
2023-02-24 10:00:00,2
2023-02-24 10:15:00,2
2023-02-24 10:30:00,2
2023-02-24 10:45:00,2
2023-02-27 09:45:00,2
2023-02-27 10:00:00,2
2023-02-27 10:15:00,2
2023-02-27 10:30:00,2
2023-02-27 10:45:00,2
2023-03-02 09:45:00,1
2023-03-02 10:00:00,1
2023-03-02 10:15:00,1
2023-03-02 10:30:00,1
2023-03-02 10:45:00,1
2023-03-06 10:30:00,2
2023-03-06 10:45:00,2
2023-03-06 11:00:00,2
2023-03-06 11:15:00,2
2023-03-06 11:30:00,2
2023-03-08 10:00:00,2
2023-03-08 10:15:00,2
2023-03-08 10:30:00,2
2023-03-08 10:45:00,2
2023-03-08 11:00:00,2
2023-03-09 10:15:00,3
2023-03-09 10:30:00,3
2023-03-09 10:45:00,3
2023-03-09 11:00:00,3
2023-03-09 11:15:00,3
2023-03-10 13:45:00,3
2023-03-10 14:00:00,3
2023-03-10 14:15:00,3
2023-03-10 14:30:00,3
2023-03-10 14:45:00,3
2023-03-13 09:45:00,2
2023-03-13 10:00:00,2
2023-03-13 10:15:00,2
2023-03-13 10:30:00,2
2023-03-13 10:45:00,2
2023-03-14 14:45:00,3
2023-03-14 15:00:00,3
2023-03-15 09:45:00,3
2023-03-15 10:00:00,3
2023-03-15 10:15:00,3
2023-03-15 11:15:00,1
2023-03-15 11:30:00,1
2023-03-15 13:15:00,1
2023-03-15 13:30:00,1
2023-03-15 13:45:00,1
2023-03-16 10:30:00,2
2023-03-16 10:45:00,2
2023-03-16 11:00:00,2
2023-03-16 11:15:00,2
2023-03-16 11:30:00,2
2023-03-20 13:30:00,2
2023-03-20 13:45:00,2
2023-03-20 14:00:00,2
2023-03-20 14:15:00,2
2023-03-20 14:30:00,2
2023-03-22 09:45:00,3
2023-03-22 10:00:00,3
2023-03-22 10:15:00,3
2023-03-22 10:30:00,3
2023-03-22 10:45:00,3
2023-03-24 10:15:00,2
2023-03-24 10:30:00,2
2023-03-24 10:45:00,2
2023-03-24 11:00:00,2
2023-03-24 11:15:00,2
2023-03-27 10:00:00,2
2023-03-27 10:15:00,2
2023-03-27 10:30:00,2
2023-03-27 10:45:00,2
2023-03-27 11:00:00,2
2023-03-30 10:15:00,1
2023-03-30 10:30:00,1
2023-03-30 10:45:00,1
2023-03-30 11:00:00,1
2023-03-30 11:15:00,1
2023-04-03 10:00:00,1
2023-04-03 10:15:00,1
2023-04-03 10:30:00,1
2023-04-03 10:45:00,1
2023-04-03 11:00:00,1
2023-04-06 09:45:00,2
2023-04-06 10:00:00,2
2023-04-06 10:15:00,2
2023-04-06 10:30:00,2
2023-04-06 10:45:00,2
2023-04-07 11:15:00,3
2023-04-07 11:30:00,3
2023-04-07 13:15:00,3
2023-04-07 13:30:00,3
2023-04-07 13:45:00,3
2023-04-11 10:00:00,2
2023-04-11 10:15:00,2
2023-04-11 10:30:00,2
2023-04-11 10:45:00,2
2023-04-11 11:00:00,2
2023-04-12 09:45:00,1
2023-04-12 10:00:00,1
2023-04-12 10:15:00,1
2023-04-12 10:30:00,1
2023-04-12 10:45:00,1
2023-04-13 10:30:00,2
2023-04-13 10:45:00,2
2023-04-13 11:00:00,2
2023-04-13 11:15:00,2
2023-04-13 11:30:00,2
2023-04-17 10:00:00,2
2023-04-17 10:15:00,2
2023-04-17 10:30:00,2
2023-04-17 10:45:00,2
2023-04-17 11:00:00,2
2023-04-20 10:00:00,2
2023-04-20 10:15:00,2
2023-04-20 10:30:00,2
2023-04-20 10:45:00,2
2023-04-20 11:00:00,2
2023-04-21 10:45:00,2
2023-04-21 11:00:00,2
2023-04-21 11:15:00,2
2023-04-21 11:30:00,2
2023-04-21 13:15:00,2
2023-04-26 10:00:00,1
2023-04-26 10:15:00,1
2023-04-26 10:30:00,1
2023-04-26 10:45:00,1
2023-04-26 11:00:00,1
2023-04-26 14:45:00,3
2023-04-26 15:00:00,3
2023-04-27 09:45:00,3
2023-04-27 10:00:00,3
2023-04-27 10:15:00,3
2023-05-08 09:45:00,1
2023-05-08 10:00:00,1
2023-05-08 10:15:00,1
2023-05-08 10:30:00,1
2023-05-08 10:45:00,1
2023-05-10 10:00:00,2
2023-05-10 10:15:00,2
2023-05-10 10:30:00,2
2023-05-10 10:45:00,2
2023-05-10 11:00:00,2
2023-05-11 10:30:00,3
2023-05-11 10:45:00,3
2023-05-11 11:00:00,3
2023-05-11 11:15:00,3
2023-05-11 11:30:00,3
2023-05-12 10:15:00,2
2023-05-12 10:30:00,2
2023-05-12 10:45:00,2
2023-05-12 11:00:00,2
2023-05-12 11:15:00,2
2023-05-16 11:00:00,2
2023-05-16 11:15:00,2
2023-05-16 11:30:00,2
2023-05-16 13:15:00,2
2023-05-16 13:30:00,2
2023-05-17 10:45:00,3
2023-05-17 11:00:00,3
2023-05-17 11:15:00,3
2023-05-17 11:30:00,3
2023-05-17 13:15:00,3
2023-05-17 14:45:00,3
2023-05-17 15:00:00,3
2023-05-18 09:45:00,3
2023-05-18 10:00:00,3
2023-05-18 10:15:00,3
2023-05-19 13:15:00,3
2023-05-19 13:30:00,3
2023-05-19 13:45:00,3
2023-05-19 14:00:00,3
2023-05-19 14:15:00,3
2023-05-22 13:15:00,3
2023-05-22 13:30:00,3
2023-05-22 13:45:00,3
2023-05-22 14:00:00,3
2023-05-22 14:15:00,3
2023-05-23 10:30:00,2
2023-05-23 10:45:00,2
2023-05-23 11:00:00,2
2023-05-23 11:15:00,2
2023-05-23 11:30:00,2
2023-05-25 11:00:00,2
2023-05-25 11:15:00,2
2023-05-25 11:30:00,2
2023-05-25 13:15:00,2
2023-05-25 13:30:00,2
2023-05-26 13:15:00,1
2023-05-26 13:30:00,1
2023-05-26 13:45:00,1
2023-05-26 14:00:00,1
2023-05-26 14:15:00,1
2023-05-29 15:00:00,2
2023-05-30 09:45:00,2
2023-05-30 10:00:00,2
2023-05-30 10:15:00,2
2023-05-30 10:30:00,2
2023-06-01 10:00:00,3
2023-06-01 10:15:00,3
2023-06-01 10:30:00,3
2023-06-01 10:45:00,3
2023-06-01 11:00:00,3
2023-06-02 14:15:00,3
2023-06-02 14:30:00,3
2023-06-02 14:45:00,3
2023-06-02 15:00:00,3
2023-06-05 09:45:00,3
2023-06-06 13:15:00,2
2023-06-06 13:30:00,2
2023-06-06 13:45:00,2
2023-06-06 14:00:00,2
2023-06-06 14:15:00,2
2023-06-13 10:00:00,3
2023-06-13 10:15:00,3
2023-06-13 10:30:00,3
2023-06-13 10:45:00,3
2023-06-13 11:00:00,3
2023-06-13 13:15:00,2
2023-06-13 13:30:00,2
2023-06-13 13:45:00,2
2023-06-13 14:00:00,2
2023-06-13 14:15:00,2
2023-06-15 14:00:00,1
2023-06-15 14:15:00,1
2023-06-15 14:30:00,1
2023-06-15 14:45:00,1
2023-06-15 15:00:00,1
2023-06-19 09:45:00,2
2023-06-19 10:00:00,2
2023-06-19 10:15:00,2
2023-06-19 10:30:00,2
2023-06-19 10:45:00,2
2023-06-21 10:00:00,2
2023-06-21 10:15:00,2
2023-06-21 10:30:00,2
2023-06-21 10:45:00,2
2023-06-21 11:00:00,2
2023-06-26 10:00:00,2
2023-06-26 10:15:00,2
2023-06-26 10:30:00,2
2023-06-26 10:45:00,2
2023-06-26 11:00:00,2
2023-06-29 10:00:00,1
2023-06-29 10:15:00,1
2023-06-29 10:30:00,1
2023-06-29 10:45:00,1
2023-06-29 11:00:00,1
2023-06-30 15:00:00,1
2023-07-03 09:45:00,1
2023-07-03 10:00:00,1
2023-07-03 10:15:00,1
2023-07-03 10:30:00,1
2023-07-04 15:00:00,1
2023-07-05 09:45:00,1
2023-07-05 10:00:00,1
2023-07-05 10:15:00,1
2023-07-05 10:30:00,1
2023-07-06 13:15:00,3
2023-07-06 13:30:00,3
2023-07-06 13:45:00,3
2023-07-06 14:00:00,3
2023-07-06 14:15:00,3
2023-07-06 15:00:00,1
2023-07-07 09:45:00,1
2023-07-07 10:00:00,1
2023-07-07 10:15:00,1
2023-07-07 10:30:00,1
2023-07-11 10:45:00,1
2023-07-11 11:00:00,1
2023-07-11 11:15:00,1
2023-07-11 11:30:00,1
2023-07-11 13:15:00,1
2023-07-14 10:15:00,3
2023-07-14 10:30:00,3
2023-07-14 10:45:00,3
2023-07-14 11:00:00,3
2023-07-14 11:15:00,3
2023-07-17 14:15:00,1
2023-07-17 14:30:00,1
2023-07-17 14:45:00,1
2023-07-17 15:00:00,1
2023-07-18 09:45:00,1
2023-07-21 14:45:00,3
2023-07-21 15:00:00,3
2023-07-24 09:45:00,3
2023-07-24 10:00:00,3
2023-07-24 10:15:00,3
2023-07-24 10:45:00,1
2023-07-24 11:00:00,1
2023-07-24 11:15:00,1
2023-07-24 11:30:00,1
2023-07-24 13:15:00,1
2023-07-26 15:00:00,1
2023-07-27 09:45:00,1
2023-07-27 10:00:00,1
2023-07-27 10:15:00,1
2023-07-27 10:30:00,1
2023-07-28 11:15:00,1
2023-07-28 11:30:00,1
2023-07-28 13:15:00,1
2023-07-28 13:30:00,1
2023-07-28 13:45:00,1
2023-08-04 14:45:00,2
2023-08-04 15:00:00,2
2023-08-07 09:45:00,2
2023-08-07 10:00:00,2
2023-08-07 10:15:00,2
2023-08-08 14:15:00,3
2023-08-08 14:30:00,3
2023-08-08 14:45:00,3
2023-08-08 15:00:00,3
2023-08-09 09:45:00,3
2023-08-10 10:30:00,1
2023-08-10 10:45:00,1
2023-08-10 11:00:00,1
2023-08-10 11:15:00,1
2023-08-10 11:30:00,1
2023-08-11 10:15:00,2
2023-08-11 10:30:00,2
2023-08-11 10:45:00,2
2023-08-11 11:00:00,2
2023-08-11 11:15:00,2
2023-08-16 13:30:00,2
2023-08-16 13:45:00,2
2023-08-16 14:00:00,2
2023-08-16 14:15:00,2
2023-08-16 14:30:00,2
2023-08-18 13:45:00,2
2023-08-18 14:00:00,2
2023-08-18 14:15:00,2
2023-08-18 14:30:00,2
2023-08-18 14:45:00,2
2023-08-29 14:15:00,3
2023-08-29 14:30:00,3
2023-08-29 14:45:00,3
2023-08-29 15:00:00,3
2023-08-30 09:45:00,3
2023-08-31 09:45:00,2
2023-08-31 10:00:00,2
2023-08-31 10:15:00,2
2023-08-31 10:30:00,2
2023-08-31 10:45:00,2
2023-09-01 10:45:00,1
2023-09-01 11:00:00,1
2023-09-01 11:15:00,1
2023-09-01 11:30:00,1
2023-09-01 13:15:00,1
2023-09-05 13:15:00,3
2023-09-05 13:30:00,3
2023-09-05 13:45:00,3
2023-09-05 14:00:00,3
2023-09-05 14:15:00,3
2023-09-06 10:00:00,2
2023-09-06 10:15:00,2
2023-09-06 10:30:00,2
2023-09-06 10:45:00,2
2023-09-06 11:00:00,2
2023-09-07 13:15:00,3
2023-09-07 13:30:00,3
2023-09-07 13:45:00,3
2023-09-07 14:00:00,3
2023-09-07 14:15:00,3
2023-09-07 15:00:00,2
2023-09-08 09:45:00,2
2023-09-08 10:00:00,2
2023-09-08 10:15:00,2
2023-09-08 10:30:00,2
2023-09-11 09:45:00,1
2023-09-11 10:00:00,1
2023-09-11 10:15:00,1
2023-09-11 10:30:00,1
2023-09-11 10:45:00,1
2023-09-12 11:00:00,2
2023-09-12 11:15:00,2
2023-09-12 11:30:00,2
2023-09-12 13:15:00,2
2023-09-12 13:30:00,2
2023-09-18 14:15:00,1
2023-09-18 14:30:00,1
2023-09-18 14:45:00,1
2023-09-18 15:00:00,1
2023-09-19 09:45:00,1
2023-09-20 09:45:00,3
2023-09-20 10:00:00,3
2023-09-20 10:15:00,3
2023-09-20 10:30:00,3
2023-09-20 10:45:00,3
2023-09-20 14:15:00,2
2023-09-20 14:30:00,2
2023-09-20 14:45:00,2
2023-09-20 15:00:00,2
2023-09-21 09:45:00,2
2023-09-22 10:30:00,1
2023-09-22 10:45:00,1
2023-09-22 11:00:00,1
2023-09-22 11:15:00,1
2023-09-22 11:30:00,1
2023-09-26 09:45:00,3
2023-09-26 10:00:00,3
2023-09-26 10:15:00,3
2023-09-26 10:30:00,3
2023-09-26 10:45:00,3
2023-10-10 10:15:00,2
2023-10-10 10:30:00,2
2023-10-10 10:45:00,2
2023-10-10 11:00:00,2
2023-10-10 11:15:00,2
2023-10-12 09:45:00,1
2023-10-12 10:00:00,1
2023-10-12 10:15:00,1
2023-10-12 10:30:00,1
2023-10-12 10:45:00,1
2023-10-13 09:45:00,2
2023-10-13 10:00:00,2
2023-10-13 10:15:00,2
2023-10-13 10:30:00,2
2023-10-13 10:45:00,2
2023-10-18 13:30:00,3
2023-10-18 13:45:00,3
2023-10-18 14:00:00,3
2023-10-18 14:15:00,3
2023-10-18 14:30:00,3
2023-10-19 10:00:00,2
2023-10-19 10:15:00,2
2023-10-19 10:30:00,2
2023-10-19 10:45:00,2
2023-10-19 11:00:00,2
2023-10-25 10:15:00,1
2023-10-25 10:30:00,1
2023-10-25 10:45:00,1
2023-10-25 11:00:00,1
2023-10-25 11:15:00,1
2023-10-26 13:15:00,1
2023-10-26 13:30:00,1
2023-10-26 13:45:00,1
2023-10-26 14:00:00,1
2023-10-26 14:15:00,1
2023-10-27 15:00:00,1
2023-10-30 09:45:00,1
2023-10-30 10:00:00,1
2023-10-30 10:15:00,1
2023-10-30 10:30:00,1
2023-10-31 10:30:00,3
2023-10-31 10:45:00,3
2023-10-31 11:00:00,3
2023-10-31 11:15:00,3
2023-10-31 11:30:00,3
2023-11-01 14:15:00,1
2023-11-01 14:30:00,1
2023-11-01 14:45:00,1
2023-11-01 15:00:00,1
2023-11-02 09:45:00,1
2023-11-06 09:45:00,1
2023-11-06 10:00:00,1
2023-11-06 10:15:00,1
2023-11-06 10:30:00,1
2023-11-06 10:45:00,1
2023-11-07 10:00:00,1
2023-11-07 10:15:00,1
2023-11-07 10:30:00,1
2023-11-07 10:45:00,1
2023-11-07 11:00:00,1
2023-11-09 09:45:00,1
2023-11-09 10:00:00,1
2023-11-09 10:15:00,1
2023-11-09 10:30:00,1
2023-11-09 10:45:00,1
2023-11-09 14:45:00,2
2023-11-09 15:00:00,2
2023-11-10 09:45:00,2
2023-11-10 10:00:00,2
2023-11-10 10:15:00,2
2023-11-10 14:30:00,1
2023-11-10 14:45:00,1
2023-11-10 15:00:00,1
2023-11-13 09:45:00,1
2023-11-13 10:00:00,1
2023-11-14 10:00:00,1
2023-11-14 10:15:00,1
2023-11-14 10:30:00,1
2023-11-14 10:45:00,1
2023-11-14 11:00:00,1
2023-11-15 10:00:00,1
2023-11-15 10:15:00,1
2023-11-15 10:30:00,1
2023-11-15 10:45:00,1
2023-11-15 11:00:00,1
2023-11-16 13:30:00,3
2023-11-16 13:45:00,3
2023-11-16 14:00:00,3
2023-11-16 14:15:00,3
2023-11-16 14:30:00,3
2023-11-17 09:45:00,1
2023-11-17 10:00:00,1
2023-11-17 10:15:00,1
2023-11-17 10:30:00,1
2023-11-17 10:45:00,1
2023-11-22 09:45:00,2
2023-11-22 10:00:00,2
2023-11-22 10:15:00,2
2023-11-22 10:30:00,2
2023-11-22 10:45:00,2
2023-11-23 11:30:00,1
2023-11-23 13:15:00,1
2023-11-23 13:30:00,1
2023-11-23 13:45:00,1
2023-11-23 14:00:00,1
2023-11-24 14:15:00,3
2023-11-24 14:30:00,3
2023-11-24 14:45:00,3
2023-11-24 15:00:00,3
2023-11-27 09:45:00,3
2023-11-28 14:45:00,1
2023-11-28 15:00:00,1
2023-11-29 09:45:00,1
2023-11-29 10:00:00,1
2023-11-29 10:15:00,1
2023-12-07 11:15:00,1
2023-12-07 11:30:00,1
2023-12-07 13:15:00,1
2023-12-07 13:30:00,1
2023-12-07 13:45:00,1
2023-12-08 14:30:00,3
2023-12-08 14:45:00,3
2023-12-08 15:00:00,3
2023-12-11 09:45:00,3
2023-12-11 10:00:00,3
2023-12-12 14:00:00,3
2023-12-12 14:15:00,3
2023-12-12 14:30:00,3
2023-12-12 14:45:00,3
2023-12-12 15:00:00,3
2023-12-18 13:45:00,2
2023-12-18 14:00:00,2
2023-12-18 14:15:00,2
2023-12-18 14:30:00,2
2023-12-18 14:45:00,2
2023-12-20 13:45:00,2
2023-12-20 14:00:00,2
2023-12-20 14:15:00,2
2023-12-20 14:30:00,2
2023-12-20 14:45:00,2
2023-12-22 14:00:00,2
2023-12-22 14:15:00,2
2023-12-22 14:30:00,2
2023-12-22 14:45:00,2
2023-12-22 15:00:00,2
2023-12-26 13:45:00,3
2023-12-26 14:00:00,3
2023-12-26 14:15:00,3
2023-12-26 14:30:00,3
2023-12-26 14:45:00,3
2023-12-27 10:15:00,3
2023-12-27 10:30:00,3
2023-12-27 10:45:00,3
2023-12-27 11:00:00,3
2023-12-27 11:15:00,3
2023-12-28 11:15:00,2
2023-12-28 11:30:00,2
2023-12-28 13:15:00,2
2023-12-28 13:30:00,2
2023-12-28 13:45:00,2
2024-01-02 10:00:00,1
2024-01-02 10:15:00,1
2024-01-02 10:30:00,1
2024-01-02 10:45:00,1
2024-01-02 11:00:00,1
2024-01-04 14:15:00,1
2024-01-04 14:30:00,1
2024-01-04 14:45:00,1
2024-01-04 15:00:00,1
2024-01-05 09:45:00,1
2024-01-05 14:30:00,2
2024-01-05 14:45:00,2
2024-01-05 15:00:00,2
2024-01-08 09:45:00,2
2024-01-08 10:00:00,2
2024-01-09 11:15:00,1
2024-01-09 11:30:00,1
2024-01-09 13:15:00,1
2024-01-09 13:30:00,1
2024-01-09 13:45:00,1
2024-01-11 10:00:00,1
2024-01-11 10:15:00,1
2024-01-11 10:30:00,1
2024-01-11 10:45:00,1
2024-01-11 11:00:00,1
2024-01-16 11:30:00,2
2024-01-16 13:15:00,2
2024-01-16 13:30:00,2
2024-01-16 13:45:00,2
2024-01-16 14:00:00,2
2024-01-18 10:00:00,2
2024-01-18 10:15:00,2
2024-01-18 10:30:00,2
2024-01-18 10:45:00,2
2024-01-18 11:00:00,2
2024-01-19 14:15:00,2
2024-01-19 14:30:00,2
2024-01-19 14:45:00,2
2024-01-19 15:00:00,2
2024-01-22 09:45:00,2
2024-01-23 15:00:00,3
2024-01-24 09:45:00,3
2024-01-24 10:00:00,3
2024-01-24 10:15:00,3
2024-01-24 10:30:00,3
2024-01-24 14:00:00,1
2024-01-24 14:15:00,1
2024-01-24 14:30:00,1
2024-01-24 14:45:00,1
2024-01-24 15:00:00,1
2024-01-29 11:30:00,3
2024-01-29 13:15:00,3
2024-01-29 13:30:00,3
2024-01-29 13:45:00,3
2024-01-29 14:00:00,3
2024-02-01 11:15:00,3
2024-02-01 11:30:00,3
2024-02-01 13:15:00,3
2024-02-01 13:30:00,3
2024-02-01 13:45:00,3
2024-02-02 13:30:00,3
2024-02-02 13:45:00,3
2024-02-02 14:00:00,3
2024-02-02 14:15:00,3
2024-02-02 14:30:00,3
2024-02-05 13:30:00,1
2024-02-05 13:45:00,1
2024-02-05 14:00:00,1
2024-02-05 14:15:00,1
2024-02-05 14:30:00,1
2024-02-19 10:15:00,2
2024-02-19 10:30:00,2
2024-02-19 10:45:00,2
2024-02-19 11:00:00,2
2024-02-19 11:15:00,2
2024-02-20 09:45:00,1
2024-02-20 10:00:00,1
2024-02-20 10:15:00,1
2024-02-20 10:30:00,1
2024-02-20 10:45:00,1
2024-02-21 10:30:00,3
2024-02-21 10:45:00,3
2024-02-21 11:00:00,3
2024-02-21 11:15:00,3
2024-02-21 11:30:00,3
2024-02-21 15:00:00,2
2024-02-22 09:45:00,2
2024-02-22 10:00:00,2
2024-02-22 10:15:00,2
2024-02-22 10:30:00,2
2024-02-26 10:15:00,2
2024-02-26 10:30:00,2
2024-02-26 10:45:00,2
2024-02-26 11:00:00,2
2024-02-26 11:15:00,2
2024-02-28 14:00:00,1
2024-02-28 14:15:00,1
2024-02-28 14:30:00,1
2024-02-28 14:45:00,1
2024-02-28 15:00:00,1
2024-03-04 14:30:00,3
2024-03-04 14:45:00,3
2024-03-04 15:00:00,3
2024-03-05 09:45:00,3
2024-03-05 10:00:00,3
2024-03-11 10:45:00,2
2024-03-11 11:00:00,2
2024-03-11 11:15:00,2
2024-03-11 11:30:00,2
2024-03-11 13:15:00,2
2024-03-14 10:15:00,1
2024-03-14 10:30:00,1
2024-03-14 10:45:00,1
2024-03-14 11:00:00,1
2024-03-14 11:15:00,1
2024-03-15 10:15:00,3
2024-03-15 10:30:00,3
2024-03-15 10:45:00,3
2024-03-15 11:00:00,3
2024-03-15 11:15:00,3
2024-03-18 13:45:00,1
2024-03-18 14:00:00,1
2024-03-18 14:15:00,1
2024-03-18 14:30:00,1
2024-03-18 14:45:00,1
2024-03-20 10:00:00,1
2024-03-20 10:15:00,1
2024-03-20 10:30:00,1
2024-03-20 10:45:00,1
2024-03-20 11:00:00,1
2024-03-22 09:45:00,2
2024-03-22 10:00:00,2
2024-03-22 10:15:00,2
2024-03-22 10:30:00,2
2024-03-22 10:45:00,2
2024-03-25 10:15:00,1
2024-03-25 10:30:00,1
2024-03-25 10:45:00,1
2024-03-25 11:00:00,1
2024-03-25 11:15:00,1
2024-03-25 15:00:00,2
2024-03-26 09:45:00,2
2024-03-26 10:00:00,2
2024-03-26 10:15:00,2
2024-03-26 10:30:00,2
2024-03-26 15:00:00,3
2024-03-27 09:45:00,3
2024-03-27 10:00:00,3
2024-03-27 10:15:00,3
2024-03-27 10:30:00,3
2024-03-28 11:15:00,1
2024-03-28 11:30:00,1
2024-03-28 13:15:00,1
2024-03-28 13:30:00,1
2024-03-28 13:45:00,1
2024-04-09 10:00:00,2
2024-04-09 10:15:00,2
2024-04-09 10:30:00,2
2024-04-09 10:45:00,2
2024-04-09 11:00:00,2
2024-04-11 10:30:00,1
2024-04-11 10:45:00,1
2024-04-11 11:00:00,1
2024-04-11 11:15:00,1
2024-04-11 11:30:00,1
2024-04-15 10:00:00,1
2024-04-15 10:15:00,1
2024-04-15 10:30:00,1
2024-04-15 10:45:00,1
2024-04-15 11:00:00,1
2024-04-16 14:15:00,3
2024-04-16 14:30:00,3
2024-04-16 14:45:00,3
2024-04-16 15:00:00,3
2024-04-17 09:45:00,3
2024-04-18 10:00:00,3
2024-04-18 10:15:00,3
2024-04-18 10:30:00,3
2024-04-18 10:45:00,3
2024-04-18 11:00:00,3
2024-04-22 10:00:00,2
2024-04-22 10:15:00,2
2024-04-22 10:30:00,2
2024-04-22 10:45:00,2
2024-04-22 11:00:00,2
2024-04-25 10:30:00,1
2024-04-25 10:45:00,1
2024-04-25 11:00:00,1
2024-04-25 11:15:00,1
2024-04-25 11:30:00,1
2024-04-29 14:00:00,3
2024-04-29 14:15:00,3
2024-04-29 14:30:00,3
2024-04-29 14:45:00,3
2024-04-29 15:00:00,3
2024-05-06 10:45:00,1
2024-05-06 11:00:00,1
2024-05-06 11:15:00,1
2024-05-06 11:30:00,1
2024-05-06 13:15:00,1
2024-05-08 10:30:00,3
2024-05-08 10:45:00,3
2024-05-08 11:00:00,3
2024-05-08 11:15:00,3
2024-05-08 11:30:00,3
2024-05-09 10:30:00,1
2024-05-09 10:45:00,1
2024-05-09 11:00:00,1
2024-05-09 11:15:00,1
2024-05-09 11:30:00,1
2024-05-10 13:30:00,3
2024-05-10 13:45:00,3
2024-05-10 14:00:00,3
2024-05-10 14:15:00,3
2024-05-10 14:30:00,3
2024-05-15 14:00:00,2
2024-05-15 14:15:00,2
2024-05-15 14:30:00,2
2024-05-15 14:45:00,2
2024-05-15 15:00:00,2
2024-05-17 14:45:00,3
2024-05-17 15:00:00,3
2024-05-20 09:45:00,3
2024-05-20 10:00:00,3
2024-05-20 10:15:00,3
2024-05-22 11:30:00,2
2024-05-22 13:15:00,2
2024-05-22 13:30:00,2
2024-05-22 13:45:00,2
2024-05-22 14:00:00,2
2024-05-24 09:45:00,1
2024-05-24 10:00:00,1
2024-05-24 10:15:00,1
2024-05-24 10:30:00,1
2024-05-24 10:45:00,1
2024-05-27 10:00:00,1
2024-05-27 10:15:00,1
2024-05-27 10:30:00,1
2024-05-27 10:45:00,1
2024-05-27 11:00:00,1
2024-05-28 11:00:00,3
2024-05-28 11:15:00,3
2024-05-28 11:30:00,3
2024-05-28 13:15:00,3
2024-05-28 13:30:00,3
2024-05-30 10:30:00,1
2024-05-30 10:45:00,1
2024-05-30 11:00:00,1
2024-05-30 11:15:00,1
2024-05-30 11:30:00,1
2024-05-31 10:15:00,3
2024-05-31 10:30:00,3
2024-05-31 10:45:00,3
2024-05-31 11:00:00,3
2024-05-31 11:15:00,3
2024-05-31 13:45:00,1
2024-05-31 14:00:00,1
2024-05-31 14:15:00,1
2024-05-31 14:30:00,1
2024-05-31 14:45:00,1
2024-06-05 10:00:00,1
2024-06-05 10:15:00,1
2024-06-05 10:30:00,1
2024-06-05 10:45:00,1
2024-06-05 11:00:00,1
2024-06-07 11:15:00,3
2024-06-07 11:30:00,3
2024-06-07 13:15:00,3
2024-06-07 13:30:00,3
2024-06-07 13:45:00,3
2024-06-11 10:45:00,2
2024-06-11 11:00:00,2
2024-06-11 11:15:00,2
2024-06-11 11:30:00,2
2024-06-11 13:15:00,2
2024-06-13 14:45:00,3
2024-06-13 15:00:00,3
2024-06-14 09:45:00,3
2024-06-14 10:00:00,3
2024-06-14 10:15:00,3
2024-06-14 11:00:00,2
2024-06-14 11:15:00,2
2024-06-14 11:30:00,2
2024-06-14 13:15:00,2
2024-06-14 13:30:00,2
2024-06-18 09:45:00,1
2024-06-18 10:00:00,1
2024-06-18 10:15:00,1
2024-06-18 10:30:00,1
2024-06-18 10:45:00,1
2024-06-19 11:00:00,2
2024-06-19 11:15:00,2
2024-06-19 11:30:00,2
2024-06-19 13:15:00,2
2024-06-19 13:30:00,2
2024-06-20 10:30:00,2
2024-06-20 10:45:00,2
2024-06-20 11:00:00,2
2024-06-20 11:15:00,2
2024-06-20 11:30:00,2
2024-06-21 13:45:00,3
2024-06-21 14:00:00,3
2024-06-21 14:15:00,3
2024-06-21 14:30:00,3
2024-06-21 14:45:00,3
2024-06-24 09:45:00,2
2024-06-24 10:00:00,2
2024-06-24 10:15:00,2
2024-06-24 10:30:00,2
2024-06-24 10:45:00,2
2024-06-26 09:45:00,2
2024-06-26 10:00:00,2
2024-06-26 10:15:00,2
2024-06-26 10:30:00,2
2024-06-26 10:45:00,2
2024-06-28 10:00:00,3
2024-06-28 10:15:00,3
2024-06-28 10:30:00,3
2024-06-28 10:45:00,3
2024-06-28 11:00:00,3
2024-07-01 10:15:00,1
2024-07-01 10:30:00,1
2024-07-01 10:45:00,1
2024-07-01 11:00:00,1
2024-07-01 11:15:00,1
2024-07-02 09:45:00,2
2024-07-02 10:00:00,2
2024-07-02 10:15:00,2
2024-07-02 10:30:00,2
2024-07-02 10:45:00,2
2024-07-03 10:00:00,2
2024-07-03 10:15:00,2
2024-07-03 10:30:00,2
2024-07-03 10:45:00,2
2024-07-03 11:00:00,2
2024-07-08 09:45:00,2
2024-07-08 10:00:00,2
2024-07-08 10:15:00,2
2024-07-08 10:30:00,2
2024-07-08 10:45:00,2
2024-07-09 13:30:00,3
2024-07-09 13:45:00,3
2024-07-09 14:00:00,3
2024-07-09 14:15:00,3
2024-07-09 14:30:00,3
2024-07-10 10:45:00,3
2024-07-10 11:00:00,3
2024-07-10 11:15:00,3
2024-07-10 11:30:00,3
2024-07-10 13:15:00,3
2024-07-12 10:15:00,2
2024-07-12 10:30:00,2
2024-07-12 10:45:00,2
2024-07-12 11:00:00,2
2024-07-12 11:15:00,2
2024-07-15 10:00:00,1
2024-07-15 10:15:00,1
2024-07-15 10:30:00,1
2024-07-15 10:45:00,1
2024-07-15 11:00:00,1
2024-07-16 09:45:00,2
2024-07-16 10:00:00,2
2024-07-16 10:15:00,2
2024-07-16 10:30:00,2
2024-07-16 10:45:00,2
2024-07-17 13:45:00,3
2024-07-17 14:00:00,3
2024-07-17 14:15:00,3
2024-07-17 14:30:00,3
2024-07-17 14:45:00,3
2024-07-19 11:00:00,2
2024-07-19 11:15:00,2
2024-07-19 11:30:00,2
2024-07-19 13:15:00,2
2024-07-19 13:30:00,2
2024-07-23 11:00:00,2
2024-07-23 11:15:00,2
2024-07-23 11:30:00,2
2024-07-23 13:15:00,2
2024-07-23 13:30:00,2
2024-07-26 09:45:00,1
2024-07-26 10:00:00,1
2024-07-26 10:15:00,1
2024-07-26 10:30:00,1
2024-07-26 10:45:00,1
2024-07-29 14:00:00,2
2024-07-29 14:15:00,2
2024-07-29 14:30:00,2
2024-07-29 14:45:00,2
2024-07-29 15:00:00,2
2024-07-31 10:15:00,1
2024-07-31 10:30:00,1
2024-07-31 10:45:00,1
2024-07-31 11:00:00,1
2024-07-31 11:15:00,1
2024-08-01 14:15:00,2
2024-08-01 14:30:00,2
2024-08-01 14:45:00,2
2024-08-01 15:00:00,2
2024-08-02 09:45:00,2
2024-08-08 10:00:00,2
2024-08-08 10:15:00,2
2024-08-08 10:30:00,2
2024-08-08 10:45:00,2
2024-08-08 11:00:00,2
2024-08-12 10:00:00,3
2024-08-12 10:15:00,3
2024-08-12 10:30:00,3
2024-08-12 10:45:00,3
2024-08-12 11:00:00,3
2024-08-14 11:00:00,3
2024-08-14 11:15:00,3
2024-08-14 11:30:00,3
2024-08-14 13:15:00,3
2024-08-14 13:30:00,3
2024-08-15 10:30:00,1
2024-08-15 10:45:00,1
2024-08-15 11:00:00,1
2024-08-15 11:15:00,1
2024-08-15 11:30:00,1
2024-08-19 09:45:00,1
2024-08-19 10:00:00,1
2024-08-19 10:15:00,1
2024-08-19 10:30:00,1
2024-08-19 10:45:00,1
2024-08-21 11:15:00,3
2024-08-21 11:30:00,3
2024-08-21 13:15:00,3
2024-08-21 13:30:00,3
2024-08-21 13:45:00,3
2024-08-23 13:45:00,3
2024-08-23 14:00:00,3
2024-08-23 14:15:00,3
2024-08-23 14:30:00,3
2024-08-23 14:45:00,3
2024-08-27 10:15:00,2
2024-08-27 10:30:00,2
2024-08-27 10:45:00,2
2024-08-27 11:00:00,2
2024-08-27 11:15:00,2
2024-08-29 10:00:00,1
2024-08-29 10:15:00,1
2024-08-29 10:30:00,1
2024-08-29 10:45:00,1
2024-08-29 11:00:00,1
2024-08-30 14:15:00,3
2024-08-30 14:30:00,3
2024-08-30 14:45:00,3
2024-08-30 15:00:00,3
2024-09-02 09:45:00,3
2024-09-02 11:00:00,2
2024-09-02 11:15:00,2
2024-09-02 11:30:00,2
2024-09-02 13:15:00,2
2024-09-02 13:30:00,2
2024-09-04 09:45:00,2
2024-09-04 10:00:00,2
2024-09-04 10:15:00,2
2024-09-04 10:30:00,2
2024-09-04 10:45:00,2
2024-09-05 09:45:00,2
2024-09-05 10:00:00,2
2024-09-05 10:15:00,2
2024-09-05 10:30:00,2
2024-09-05 10:45:00,2
2024-09-06 14:45:00,2
2024-09-06 15:00:00,2
2024-09-09 09:45:00,2
2024-09-09 10:00:00,2
2024-09-09 10:15:00,2
2024-09-11 10:30:00,2
2024-09-11 10:45:00,2
2024-09-11 11:00:00,2
2024-09-11 11:15:00,2
2024-09-11 11:30:00,2
2024-09-13 09:45:00,2
2024-09-13 10:00:00,2
2024-09-13 10:15:00,2
2024-09-13 10:30:00,2
2024-09-13 10:45:00,2
2024-09-18 09:45:00,3
2024-09-18 10:00:00,3
2024-09-18 10:15:00,3
2024-09-18 10:30:00,3
2024-09-18 10:45:00,3
2024-09-18 14:15:00,1
2024-09-18 14:30:00,1
2024-09-18 14:45:00,1
2024-09-18 15:00:00,1
2024-09-19 09:45:00,1
2024-09-20 10:15:00,3
2024-09-20 10:30:00,3
2024-09-20 10:45:00,3
2024-09-20 11:00:00,3
2024-09-20 11:15:00,3
2024-09-23 09:45:00,1
2024-09-23 10:00:00,1
2024-09-23 10:15:00,1
2024-09-23 10:30:00,1
2024-09-23 10:45:00,1
2024-09-25 10:00:00,1
2024-09-25 10:15:00,1
2024-09-25 10:30:00,1
2024-09-25 10:45:00,1
2024-09-25 11:00:00,1
2024-09-27 10:00:00,1
2024-09-27 10:15:00,1
2024-09-27 10:30:00,1
2024-09-27 10:45:00,1
2024-09-27 11:00:00,1
2024-09-30 10:00:00,1
2024-09-30 10:15:00,1
2024-09-30 10:30:00,1
2024-09-30 10:45:00,1
2024-09-30 11:00:00,1
2024-10-10 09:45:00,3
2024-10-10 10:00:00,3
2024-10-10 10:15:00,3
2024-10-10 10:30:00,3
2024-10-10 10:45:00,3
2024-10-11 10:00:00,2
2024-10-11 10:15:00,2
2024-10-11 10:30:00,2
2024-10-11 10:45:00,2
2024-10-11 11:00:00,2
2024-10-14 13:15:00,3
2024-10-14 13:30:00,3
2024-10-14 13:45:00,3
2024-10-14 14:00:00,3
2024-10-14 14:15:00,3
2024-10-15 10:45:00,2
2024-10-15 11:00:00,2
2024-10-15 11:15:00,2
2024-10-15 11:30:00,2
2024-10-15 13:15:00,2
2024-10-17 10:00:00,2
2024-10-17 10:15:00,2
2024-10-17 10:30:00,2
2024-10-17 10:45:00,2
2024-10-17 11:00:00,2
2024-10-18 14:15:00,1
2024-10-18 14:30:00,1
2024-10-18 14:45:00,1
2024-10-18 15:00:00,1
2024-10-21 09:45:00,1
2024-10-22 14:15:00,1
2024-10-22 14:30:00,1
2024-10-22 14:45:00,1
2024-10-22 15:00:00,1
2024-10-23 09:45:00,1
2024-10-24 09:45:00,2
2024-10-24 10:00:00,2
2024-10-24 10:15:00,2
2024-10-24 10:30:00,2
2024-10-24 10:45:00,2
2024-10-25 09:45:00,1
2024-10-25 10:00:00,1
2024-10-25 10:15:00,1
2024-10-25 10:30:00,1
2024-10-25 10:45:00,1
2024-10-30 10:00:00,1
2024-10-30 10:15:00,1
2024-10-30 10:30:00,1
2024-10-30 10:45:00,1
2024-10-30 11:00:00,1
2024-10-31 11:30:00,3
2024-10-31 13:15:00,3
2024-10-31 13:30:00,3
2024-10-31 13:45:00,3
2024-10-31 14:00:00,3
2024-11-01 11:00:00,3
2024-11-01 11:15:00,3
2024-11-01 11:30:00,3
2024-11-01 13:15:00,3
2024-11-01 13:30:00,3
2024-11-04 10:00:00,1
2024-11-04 10:15:00,1
2024-11-04 10:30:00,1
2024-11-04 10:45:00,1
2024-11-04 11:00:00,1
2024-11-06 09:45:00,3
2024-11-06 10:00:00,3
2024-11-06 10:15:00,3
2024-11-06 10:30:00,3
2024-11-06 10:45:00,3
2024-11-07 10:15:00,3
2024-11-07 10:30:00,3
2024-11-07 10:45:00,3
2024-11-07 11:00:00,3
2024-11-07 11:15:00,3
2024-11-08 15:00:00,2
2024-11-11 09:45:00,2
2024-11-11 10:00:00,2
2024-11-11 10:15:00,2
2024-11-11 10:30:00,2
2024-11-12 09:45:00,1
2024-11-12 10:00:00,1
2024-11-12 10:15:00,1
2024-11-12 10:30:00,1
2024-11-12 10:45:00,1
2024-11-13 10:15:00,3
2024-11-13 10:30:00,3
2024-11-13 10:45:00,3
2024-11-13 11:00:00,3
2024-11-13 11:15:00,3
2024-11-13 14:00:00,3
2024-11-13 14:15:00,3
2024-11-13 14:30:00,3
2024-11-13 14:45:00,3
2024-11-13 15:00:00,3
2024-11-18 14:45:00,2
2024-11-18 15:00:00,2
2024-11-19 09:45:00,2
2024-11-19 10:00:00,2
2024-11-19 10:15:00,2
2024-11-20 10:15:00,3
2024-11-20 10:30:00,3
2024-11-20 10:45:00,3
2024-11-20 11:00:00,3
2024-11-20 11:15:00,3
2024-11-21 14:30:00,2
2024-11-21 14:45:00,2
2024-11-21 15:00:00,2
2024-11-22 09:45:00,2
2024-11-22 10:00:00,2
2024-11-29 09:45:00,3
2024-11-29 10:00:00,3
2024-11-29 10:15:00,3
2024-11-29 10:30:00,3
2024-11-29 10:45:00,3
2024-12-02 10:00:00,1
2024-12-02 10:15:00,1
2024-12-02 10:30:00,1
2024-12-02 10:45:00,1
2024-12-02 11:00:00,1
2024-12-04 10:45:00,2
2024-12-04 11:00:00,2
2024-12-04 11:15:00,2
2024-12-04 11:30:00,2
2024-12-04 13:15:00,2
2024-12-06 10:45:00,1
2024-12-06 11:00:00,1
2024-12-06 11:15:00,1
2024-12-06 11:30:00,1
2024-12-06 13:15:00,1
2024-12-11 11:00:00,3
2024-12-11 11:15:00,3
2024-12-11 11:30:00,3
2024-12-11 13:15:00,3
2024-12-11 13:30:00,3
2024-12-12 09:45:00,3
2024-12-12 10:00:00,3
2024-12-12 10:15:00,3
2024-12-12 10:30:00,3
2024-12-12 10:45:00,3
2024-12-13 10:15:00,2
2024-12-13 10:30:00,2
2024-12-13 10:45:00,2
2024-12-13 11:00:00,2
2024-12-13 11:15:00,2
2024-12-18 14:15:00,2
2024-12-18 14:30:00,2
2024-12-18 14:45:00,2
2024-12-18 15:00:00,2
2024-12-19 09:45:00,2
2024-12-25 10:00:00,3
2024-12-25 10:15:00,3
2024-12-25 10:30:00,3
2024-12-25 10:45:00,3
2024-12-25 11:00:00,3
2024-12-26 10:00:00,2
2024-12-26 10:15:00,2
2024-12-26 10:30:00,2
2024-12-26 10:45:00,2
2024-12-26 11:00:00,2
2024-12-31 09:45:00,2
2024-12-31 10:00:00,2
2024-12-31 10:15:00,2
2024-12-31 10:30:00,2
2024-12-31 10:45:00,2
2025-01-09 09:45:00,2
2025-01-09 10:00:00,2
2025-01-09 10:15:00,2
2025-01-09 10:30:00,2
2025-01-09 10:45:00,2
