time,label
2019-01-23 13:30:00,3
2019-01-23 13:45:00,3
2019-01-23 14:00:00,3
2019-01-23 14:15:00,3
2019-01-23 14:30:00,3
2019-01-24 10:45:00,2
2019-01-24 11:00:00,2
2019-01-24 11:15:00,2
2019-01-24 11:30:00,2
2019-01-24 13:15:00,2
2019-01-25 11:15:00,3
2019-01-25 11:30:00,3
2019-01-25 13:15:00,3
2019-01-25 13:30:00,3
2019-01-25 13:45:00,3
2019-01-25 14:45:00,2
2019-01-25 15:00:00,2
2019-01-28 09:45:00,2
2019-01-28 10:00:00,2
2019-01-28 10:15:00,2
2019-01-30 09:45:00,2
2019-01-30 10:00:00,2
2019-01-30 10:15:00,2
2019-01-30 10:30:00,2
2019-01-30 10:45:00,2
2019-02-01 14:15:00,1
2019-02-01 14:30:00,1
2019-02-01 14:45:00,1
2019-02-01 15:00:00,1
2019-02-11 09:45:00,1
2019-02-13 11:30:00,1
2019-02-13 13:15:00,1
2019-02-13 13:30:00,1
2019-02-13 13:45:00,1
2019-02-13 14:00:00,1
2019-02-15 11:30:00,1
2019-02-15 13:15:00,1
2019-02-15 13:30:00,1
2019-02-15 13:45:00,1
2019-02-15 14:00:00,1
2019-02-22 10:30:00,1
2019-02-22 10:45:00,1
2019-02-22 11:00:00,1
2019-02-22 11:15:00,1
2019-02-22 11:30:00,1
2019-02-25 10:00:00,1
2019-02-25 10:15:00,1
2019-02-25 10:30:00,1
2019-02-25 10:45:00,1
2019-02-25 11:00:00,1
2019-02-28 14:45:00,3
2019-02-28 15:00:00,3
2019-03-01 09:45:00,3
2019-03-01 10:00:00,3
2019-03-01 10:15:00,3
2019-03-04 09:45:00,1
2019-03-04 10:00:00,1
2019-03-04 10:15:00,1
2019-03-04 10:30:00,1
2019-03-04 10:45:00,1
2019-03-05 13:15:00,1
2019-03-05 13:30:00,1
2019-03-05 13:45:00,1
2019-03-05 14:00:00,1
2019-03-05 14:15:00,1
2019-03-08 10:00:00,3
2019-03-08 10:15:00,3
2019-03-08 10:30:00,3
2019-03-08 10:45:00,3
2019-03-08 11:00:00,3
2019-03-11 10:15:00,1
2019-03-11 10:30:00,1
2019-03-11 10:45:00,1
2019-03-11 11:00:00,1
2019-03-11 11:15:00,1
2019-03-15 09:45:00,1
2019-03-15 10:00:00,1
2019-03-15 10:15:00,1
2019-03-15 10:30:00,1
2019-03-15 10:45:00,1
2019-03-19 09:45:00,3
2019-03-19 10:00:00,3
2019-03-19 10:15:00,3
2019-03-19 10:30:00,3
2019-03-19 10:45:00,3
2019-03-20 14:30:00,3
2019-03-20 14:45:00,3
2019-03-20 15:00:00,3
2019-03-21 09:45:00,3
2019-03-21 10:00:00,3
2019-03-22 11:15:00,3
2019-03-22 11:30:00,3
2019-03-22 13:15:00,3
2019-03-22 13:30:00,3
2019-03-22 13:45:00,3
2019-03-25 14:15:00,3
2019-03-25 14:30:00,3
2019-03-25 14:45:00,3
2019-03-25 15:00:00,3
2019-03-26 09:45:00,3
2019-03-26 10:30:00,2
2019-03-26 10:45:00,2
2019-03-26 11:00:00,2
2019-03-26 11:15:00,2
2019-03-26 11:30:00,2
2019-03-28 09:45:00,2
2019-03-28 10:00:00,2
2019-03-28 10:15:00,2
2019-03-28 10:30:00,2
2019-03-28 10:45:00,2
2019-03-29 10:45:00,1
2019-03-29 11:00:00,1
2019-03-29 11:15:00,1
2019-03-29 11:30:00,1
2019-03-29 13:15:00,1
2019-04-02 10:30:00,1
2019-04-02 10:45:00,1
2019-04-02 11:00:00,1
2019-04-02 11:15:00,1
2019-04-02 11:30:00,1
2019-04-11 13:45:00,2
2019-04-11 14:00:00,2
2019-04-11 14:15:00,2
2019-04-11 14:30:00,2
2019-04-11 14:45:00,2
2019-04-15 11:15:00,2
2019-04-15 11:30:00,2
2019-04-15 13:15:00,2
2019-04-15 13:30:00,2
2019-04-15 13:45:00,2
2019-04-17 10:30:00,3
2019-04-17 10:45:00,3
2019-04-17 11:00:00,3
2019-04-17 11:15:00,3
2019-04-17 11:30:00,3
2019-04-18 09:45:00,2
2019-04-18 10:00:00,2
2019-04-18 10:15:00,2
2019-04-18 10:30:00,2
2019-04-18 10:45:00,2
2019-04-19 10:15:00,2
2019-04-19 10:30:00,2
2019-04-19 10:45:00,2
2019-04-19 11:00:00,2
2019-04-19 11:15:00,2
2019-04-22 10:30:00,2
2019-04-22 10:45:00,2
2019-04-22 11:00:00,2
2019-04-22 11:15:00,2
2019-04-22 11:30:00,2
2019-04-23 13:45:00,3
2019-04-23 14:00:00,3
2019-04-23 14:15:00,3
2019-04-23 14:30:00,3
2019-04-23 14:45:00,3
2019-04-24 09:45:00,2
2019-04-24 10:00:00,2
2019-04-24 10:15:00,2
2019-04-24 10:30:00,2
2019-04-24 10:45:00,2
2019-04-26 10:00:00,2
2019-04-26 10:15:00,2
2019-04-26 10:30:00,2
2019-04-26 10:45:00,2
2019-04-26 11:00:00,2
2019-04-30 10:15:00,1
2019-04-30 10:30:00,1
2019-04-30 10:45:00,1
2019-04-30 11:00:00,1
2019-04-30 11:15:00,1
2019-05-06 09:45:00,2
2019-05-06 10:00:00,2
2019-05-06 10:15:00,2
2019-05-06 10:30:00,2
2019-05-06 10:45:00,2
2019-05-08 11:15:00,3
2019-05-08 11:30:00,3
2019-05-08 13:15:00,3
2019-05-08 13:30:00,3
2019-05-08 13:45:00,3
2019-05-09 09:45:00,2
2019-05-09 10:00:00,2
2019-05-09 10:15:00,2
2019-05-09 10:30:00,2
2019-05-09 10:45:00,2
2019-05-14 09:45:00,3
2019-05-14 10:00:00,3
2019-05-14 10:15:00,3
2019-05-14 10:30:00,3
2019-05-14 10:45:00,3
2019-05-15 09:45:00,3
2019-05-15 10:00:00,3
2019-05-15 10:15:00,3
2019-05-15 10:30:00,3
2019-05-15 10:45:00,3
2019-05-17 10:00:00,2
2019-05-17 10:15:00,2
2019-05-17 10:30:00,2
2019-05-17 10:45:00,2
2019-05-17 11:00:00,2
2019-05-21 14:15:00,3
2019-05-21 14:30:00,3
2019-05-21 14:45:00,3
2019-05-21 15:00:00,3
2019-05-22 09:45:00,3
2019-05-22 15:00:00,3
2019-05-23 09:45:00,3
2019-05-23 10:00:00,3
2019-05-23 10:15:00,3
2019-05-23 10:30:00,3
2019-05-23 11:30:00,2
2019-05-23 13:15:00,2
2019-05-23 13:30:00,2
2019-05-23 13:45:00,2
2019-05-23 14:00:00,2
2019-05-24 13:30:00,3
2019-05-24 13:45:00,3
2019-05-24 14:00:00,3
2019-05-24 14:15:00,3
2019-05-24 14:30:00,3
2019-05-27 14:00:00,1
2019-05-27 14:15:00,1
2019-05-27 14:30:00,1
2019-05-27 14:45:00,1
2019-05-27 15:00:00,1
2019-05-30 10:00:00,2
2019-05-30 10:15:00,2
2019-05-30 10:30:00,2
2019-05-30 10:45:00,2
2019-05-30 11:00:00,2
2019-06-03 10:15:00,2
2019-06-03 10:30:00,2
2019-06-03 10:45:00,2
2019-06-03 11:00:00,2
2019-06-03 11:15:00,2
2019-06-04 10:30:00,3
2019-06-04 10:45:00,3
2019-06-04 11:00:00,3
2019-06-04 11:15:00,3
2019-06-04 11:30:00,3
2019-06-04 14:45:00,2
2019-06-04 15:00:00,2
2019-06-05 09:45:00,2
2019-06-05 10:00:00,2
2019-06-05 10:15:00,2
2019-06-11 10:00:00,1
2019-06-11 10:15:00,1
2019-06-11 10:30:00,1
2019-06-11 10:45:00,1
2019-06-11 11:00:00,1
2019-06-14 14:15:00,2
2019-06-14 14:30:00,2
2019-06-14 14:45:00,2
2019-06-14 15:00:00,2
2019-06-17 09:45:00,2
2019-06-18 10:45:00,3
2019-06-18 11:00:00,3
2019-06-18 11:15:00,3
2019-06-18 11:30:00,3
2019-06-18 13:15:00,3
2019-06-19 10:00:00,1
2019-06-19 10:15:00,1
2019-06-19 10:30:00,1
2019-06-19 10:45:00,1
2019-06-19 11:00:00,1
2019-06-20 09:45:00,1
2019-06-20 10:00:00,1
2019-06-20 10:15:00,1
2019-06-20 10:30:00,1
2019-06-20 10:45:00,1
2019-06-21 10:00:00,1
2019-06-21 10:15:00,1
2019-06-21 10:30:00,1
2019-06-21 10:45:00,1
2019-06-21 11:00:00,1
2019-06-24 11:15:00,3
2019-06-24 11:30:00,3
2019-06-24 13:15:00,3
2019-06-24 13:30:00,3
2019-06-24 13:45:00,3
2019-06-25 14:45:00,1
2019-06-25 15:00:00,1
2019-06-26 09:45:00,1
2019-06-26 10:00:00,1
2019-06-26 10:15:00,1
2019-06-28 13:45:00,3
2019-06-28 14:00:00,3
2019-06-28 14:15:00,3
2019-06-28 14:30:00,3
2019-06-28 14:45:00,3
2019-07-02 11:15:00,3
2019-07-02 11:30:00,3
2019-07-02 13:15:00,3
2019-07-02 13:30:00,3
2019-07-02 13:45:00,3
2019-07-04 10:45:00,1
2019-07-04 11:00:00,1
2019-07-04 11:15:00,1
2019-07-04 11:30:00,1
2019-07-04 13:15:00,1
2019-07-05 10:45:00,1
2019-07-05 11:00:00,1
2019-07-05 11:15:00,1
2019-07-05 11:30:00,1
2019-07-05 13:15:00,1
2019-07-09 15:00:00,3
2019-07-10 09:45:00,3
2019-07-10 10:00:00,3
2019-07-10 10:15:00,3
2019-07-10 10:30:00,3
2019-07-10 11:00:00,1
2019-07-10 11:15:00,1
2019-07-10 11:30:00,1
2019-07-10 13:15:00,1
2019-07-10 13:30:00,1
2019-07-12 11:00:00,3
2019-07-12 11:15:00,3
2019-07-12 11:30:00,3
2019-07-12 13:15:00,3
2019-07-12 13:30:00,3
2019-07-15 10:00:00,1
2019-07-15 10:15:00,1
2019-07-15 10:30:00,1
2019-07-15 10:45:00,1
2019-07-15 11:00:00,1
2019-07-16 11:30:00,3
2019-07-16 13:15:00,3
2019-07-16 13:30:00,3
2019-07-16 13:45:00,3
2019-07-16 14:00:00,3
2019-07-23 10:30:00,1
2019-07-23 10:45:00,1
2019-07-23 11:00:00,1
2019-07-23 11:15:00,1
2019-07-23 11:30:00,1
2019-07-24 10:30:00,3
2019-07-24 10:45:00,3
2019-07-24 11:00:00,3
2019-07-24 11:15:00,3
2019-07-24 11:30:00,3
2019-07-25 14:00:00,3
2019-07-25 14:15:00,3
2019-07-25 14:30:00,3
2019-07-25 14:45:00,3
2019-07-25 15:00:00,3
2019-07-29 15:00:00,1
2019-07-30 09:45:00,1
2019-07-30 10:00:00,1
2019-07-30 10:15:00,1
2019-07-30 10:30:00,1
2019-08-02 10:00:00,2
2019-08-02 10:15:00,2
2019-08-02 10:30:00,2
2019-08-02 10:45:00,2
2019-08-02 11:00:00,2
2019-08-08 11:00:00,3
2019-08-08 11:15:00,3
2019-08-08 11:30:00,3
2019-08-08 13:15:00,3
2019-08-08 13:30:00,3
2019-08-09 10:45:00,2
2019-08-09 11:00:00,2
2019-08-09 11:15:00,2
2019-08-09 11:30:00,2
2019-08-09 13:15:00,2
2019-08-12 13:30:00,3
2019-08-12 13:45:00,3
2019-08-12 14:00:00,3
2019-08-12 14:15:00,3
2019-08-12 14:30:00,3
2019-08-13 15:00:00,1
2019-08-14 09:45:00,1
2019-08-14 10:00:00,1
2019-08-14 10:15:00,1
2019-08-14 10:30:00,1
2019-08-15 10:45:00,1
2019-08-15 11:00:00,1
2019-08-15 11:15:00,1
2019-08-15 11:30:00,1
2019-08-15 13:15:00,1
2019-08-19 10:00:00,1
2019-08-19 10:15:00,1
2019-08-19 10:30:00,1
2019-08-19 10:45:00,1
2019-08-19 11:00:00,1
2019-08-20 13:45:00,2
2019-08-20 14:00:00,2
2019-08-20 14:15:00,2
2019-08-20 14:30:00,2
2019-08-20 14:45:00,2
2019-08-22 10:15:00,1
2019-08-22 10:30:00,1
2019-08-22 10:45:00,1
2019-08-22 11:00:00,1
2019-08-22 11:15:00,1
2019-08-28 10:15:00,2
2019-08-28 10:30:00,2
2019-08-28 10:45:00,2
2019-08-28 11:00:00,2
2019-08-28 11:15:00,2
2019-08-29 13:30:00,3
2019-08-29 13:45:00,3
2019-08-29 14:00:00,3
2019-08-29 14:15:00,3
2019-08-29 14:30:00,3
2019-09-02 10:00:00,1
2019-09-02 10:15:00,1
2019-09-02 10:30:00,1
2019-09-02 10:45:00,1
2019-09-02 11:00:00,1
2019-09-03 10:00:00,1
2019-09-03 10:15:00,1
2019-09-03 10:30:00,1
2019-09-03 10:45:00,1
2019-09-03 11:00:00,1
2019-09-04 10:15:00,1
2019-09-04 10:30:00,1
2019-09-04 10:45:00,1
2019-09-04 11:00:00,1
2019-09-04 11:15:00,1
2019-09-05 14:30:00,3
2019-09-05 14:45:00,3
2019-09-05 15:00:00,3
2019-09-06 09:45:00,3
2019-09-06 10:00:00,3
2019-09-06 13:15:00,3
2019-09-06 13:30:00,3
2019-09-06 13:45:00,3
2019-09-06 14:00:00,3
2019-09-06 14:15:00,3
2019-09-09 10:00:00,1
2019-09-09 10:15:00,1
2019-09-09 10:30:00,1
2019-09-09 10:45:00,1
2019-09-09 11:00:00,1
2019-09-10 11:15:00,3
2019-09-10 11:30:00,3
2019-09-10 13:15:00,3
2019-09-10 13:30:00,3
2019-09-10 13:45:00,3
2019-09-11 14:45:00,2
2019-09-11 15:00:00,2
2019-09-12 09:45:00,2
2019-09-12 10:00:00,2
2019-09-12 10:15:00,2
2019-09-16 10:00:00,2
2019-09-16 10:15:00,2
2019-09-16 10:30:00,2
2019-09-16 10:45:00,2
2019-09-16 11:00:00,2
2019-09-17 10:00:00,2
2019-09-17 10:15:00,2
2019-09-17 10:30:00,2
2019-09-17 10:45:00,2
2019-09-17 11:00:00,2
2019-09-19 10:00:00,1
2019-09-19 10:15:00,1
2019-09-19 10:30:00,1
2019-09-19 10:45:00,1
2019-09-19 11:00:00,1
2019-09-20 11:30:00,3
2019-09-20 13:15:00,3
2019-09-20 13:30:00,3
2019-09-20 13:45:00,3
2019-09-20 14:00:00,3
2019-09-23 09:45:00,2
2019-09-23 10:00:00,2
2019-09-23 10:15:00,2
2019-09-23 10:30:00,2
2019-09-23 10:45:00,2
2019-09-25 10:45:00,2
2019-09-25 11:00:00,2
2019-09-25 11:15:00,2
2019-09-25 11:30:00,2
2019-09-25 13:15:00,2
2019-09-27 10:30:00,3
2019-09-27 10:45:00,3
2019-09-27 11:00:00,3
2019-09-27 11:15:00,3
2019-09-27 11:30:00,3
2019-10-08 09:45:00,3
2019-10-08 10:00:00,3
2019-10-08 10:15:00,3
2019-10-08 10:30:00,3
2019-10-08 10:45:00,3
2019-10-11 13:15:00,3
2019-10-11 13:30:00,3
2019-10-11 13:45:00,3
2019-10-11 14:00:00,3
2019-10-11 14:15:00,3
2019-10-14 11:00:00,1
2019-10-14 11:15:00,1
2019-10-14 11:30:00,1
2019-10-14 13:15:00,1
2019-10-14 13:30:00,1
2019-10-17 10:30:00,2
2019-10-17 10:45:00,2
2019-10-17 11:00:00,2
2019-10-17 11:15:00,2
2019-10-17 11:30:00,2
2019-10-18 10:00:00,1
2019-10-18 10:15:00,1
2019-10-18 10:30:00,1
2019-10-18 10:45:00,1
2019-10-18 11:00:00,1
2019-10-21 10:30:00,2
2019-10-21 10:45:00,2
2019-10-21 11:00:00,2
2019-10-21 11:15:00,2
2019-10-21 11:30:00,2
2019-10-22 10:00:00,1
2019-10-22 10:15:00,1
2019-10-22 10:30:00,1
2019-10-22 10:45:00,1
2019-10-22 11:00:00,1
2019-10-24 10:45:00,3
2019-10-24 11:00:00,3
2019-10-24 11:15:00,3
2019-10-24 11:30:00,3
2019-10-24 13:15:00,3
2019-10-29 10:00:00,1
2019-10-29 10:15:00,1
2019-10-29 10:30:00,1
2019-10-29 10:45:00,1
2019-10-29 11:00:00,1
2019-10-31 11:30:00,3
2019-10-31 13:15:00,3
2019-10-31 13:30:00,3
2019-10-31 13:45:00,3
2019-10-31 14:00:00,3
2019-11-05 11:00:00,3
2019-11-05 11:15:00,3
2019-11-05 11:30:00,3
2019-11-05 13:15:00,3
2019-11-05 13:30:00,3
2019-11-06 10:00:00,3
2019-11-06 10:15:00,3
2019-11-06 10:30:00,3
2019-11-06 10:45:00,3
2019-11-06 11:00:00,3
2019-11-07 10:15:00,1
2019-11-07 10:30:00,1
2019-11-07 10:45:00,1
2019-11-07 11:00:00,1
2019-11-07 11:15:00,1
2019-11-13 14:30:00,3
2019-11-13 14:45:00,3
2019-11-13 15:00:00,3
2019-11-14 09:45:00,3
2019-11-14 10:00:00,3
2019-11-14 10:45:00,1
2019-11-14 11:00:00,1
2019-11-14 11:15:00,1
2019-11-14 11:30:00,1
2019-11-14 13:15:00,1
2019-11-18 10:00:00,3
2019-11-18 10:15:00,3
2019-11-18 10:30:00,3
2019-11-18 10:45:00,3
2019-11-18 11:00:00,3
2019-11-19 11:00:00,3
2019-11-19 11:15:00,3
2019-11-19 11:30:00,3
2019-11-19 13:15:00,3
2019-11-19 13:30:00,3
2019-11-21 10:15:00,2
2019-11-21 10:30:00,2
2019-11-21 10:45:00,2
2019-11-21 11:00:00,2
2019-11-21 11:15:00,2
2019-11-22 10:30:00,2
2019-11-22 10:45:00,2
2019-11-22 11:00:00,2
2019-11-22 11:15:00,2
2019-11-22 11:30:00,2
2019-12-03 09:45:00,2
2019-12-03 10:00:00,2
2019-12-03 10:15:00,2
2019-12-03 10:30:00,2
2019-12-03 10:45:00,2
2019-12-06 10:15:00,2
2019-12-06 10:30:00,2
2019-12-06 10:45:00,2
2019-12-06 11:00:00,2
2019-12-06 11:15:00,2
2019-12-10 09:45:00,1
2019-12-10 10:00:00,1
2019-12-10 10:15:00,1
2019-12-10 10:30:00,1
2019-12-10 10:45:00,1
2019-12-11 11:00:00,2
2019-12-11 11:15:00,2
2019-12-11 11:30:00,2
2019-12-11 13:15:00,2
2019-12-11 13:30:00,2
2019-12-17 10:00:00,1
2019-12-17 10:15:00,1
2019-12-17 10:30:00,1
2019-12-17 10:45:00,1
2019-12-17 11:00:00,1
2019-12-18 10:00:00,1
2019-12-18 10:15:00,1
2019-12-18 10:30:00,1
2019-12-18 10:45:00,1
2019-12-18 11:00:00,1
2019-12-20 09:45:00,2
2019-12-20 10:00:00,2
2019-12-20 10:15:00,2
2019-12-20 10:30:00,2
2019-12-20 10:45:00,2
2019-12-23 09:45:00,2
2019-12-23 10:00:00,2
2019-12-23 10:15:00,2
2019-12-23 10:30:00,2
2019-12-23 10:45:00,2
2019-12-24 10:00:00,2
2019-12-24 10:15:00,2
2019-12-24 10:30:00,2
2019-12-24 10:45:00,2
2019-12-24 11:00:00,2
2019-12-26 10:00:00,3
2019-12-26 10:15:00,3
2019-12-26 10:30:00,3
2019-12-26 10:45:00,3
2019-12-26 11:00:00,3
2019-12-27 09:45:00,3
2019-12-27 10:00:00,3
2019-12-27 10:15:00,3
2019-12-27 10:30:00,3
2019-12-27 10:45:00,3
2019-12-27 14:30:00,2
2019-12-27 14:45:00,2
2019-12-27 15:00:00,2
2019-12-30 09:45:00,2
2019-12-30 10:00:00,2
2020-01-02 15:00:00,1
2020-01-03 09:45:00,1
2020-01-03 10:00:00,1
2020-01-03 10:15:00,1
2020-01-03 10:30:00,1
2020-01-06 13:15:00,3
2020-01-06 13:30:00,3
2020-01-06 13:45:00,3
2020-01-06 14:00:00,3
2020-01-06 14:15:00,3
2020-01-07 10:00:00,3
2020-01-07 10:15:00,3
2020-01-07 10:30:00,3
2020-01-07 10:45:00,3
2020-01-07 11:00:00,3
2020-01-08 09:45:00,2
2020-01-08 10:00:00,2
2020-01-08 10:15:00,2
2020-01-08 10:30:00,2
2020-01-08 10:45:00,2
2020-01-09 13:15:00,1
2020-01-09 13:30:00,1
2020-01-09 13:45:00,1
2020-01-09 14:00:00,1
2020-01-09 14:15:00,1
2020-01-17 09:45:00,1
2020-01-17 10:00:00,1
2020-01-17 10:15:00,1
2020-01-17 10:30:00,1
2020-01-17 10:45:00,1
2020-01-20 10:00:00,3
2020-01-20 10:15:00,3
2020-01-20 10:30:00,3
2020-01-20 10:45:00,3
2020-01-20 11:00:00,3
2020-01-20 14:45:00,1
2020-01-20 15:00:00,1
2020-01-21 09:45:00,1
2020-01-21 10:00:00,1
2020-01-21 10:15:00,1
2020-01-22 09:45:00,2
2020-01-22 10:00:00,2
2020-01-22 10:15:00,2
2020-01-22 10:30:00,2
2020-01-22 10:45:00,2
2020-01-23 10:30:00,2
2020-01-23 10:45:00,2
2020-01-23 11:00:00,2
2020-01-23 11:15:00,2
2020-01-23 11:30:00,2
2020-02-03 10:00:00,2
2020-02-03 10:15:00,2
2020-02-03 10:30:00,2
2020-02-03 10:45:00,2
2020-02-03 11:00:00,2
2020-02-04 14:00:00,1
2020-02-04 14:15:00,1
2020-02-04 14:30:00,1
2020-02-04 14:45:00,1
2020-02-04 15:00:00,1
2020-02-06 10:00:00,1
2020-02-06 10:15:00,1
2020-02-06 10:30:00,1
2020-02-06 10:45:00,1
2020-02-06 11:00:00,1
2020-02-12 10:30:00,3
2020-02-12 10:45:00,3
2020-02-12 11:00:00,3
2020-02-12 11:15:00,3
2020-02-12 11:30:00,3
2020-02-12 13:30:00,1
2020-02-12 13:45:00,1
2020-02-12 14:00:00,1
2020-02-12 14:15:00,1
2020-02-12 14:30:00,1
2020-02-13 14:45:00,3
2020-02-13 15:00:00,3
2020-02-14 09:45:00,3
2020-02-14 10:00:00,3
2020-02-14 10:15:00,3
2020-02-14 11:00:00,1
2020-02-14 11:15:00,1
2020-02-14 11:30:00,1
2020-02-14 13:15:00,1
2020-02-14 13:30:00,1
2020-02-18 10:00:00,2
2020-02-18 10:15:00,2
2020-02-18 10:30:00,2
2020-02-18 10:45:00,2
2020-02-18 11:00:00,2
2020-02-24 10:30:00,1
2020-02-24 10:45:00,1
2020-02-24 11:00:00,1
2020-02-24 11:15:00,1
2020-02-24 11:30:00,1
2020-02-25 10:15:00,1
2020-02-25 10:30:00,1
2020-02-25 10:45:00,1
2020-02-25 11:00:00,1
2020-02-25 11:15:00,1
2020-02-27 11:15:00,3
2020-02-27 11:30:00,3
2020-02-27 13:15:00,3
2020-02-27 13:30:00,3
2020-02-27 13:45:00,3
2020-03-03 09:45:00,1
2020-03-03 10:00:00,1
2020-03-03 10:15:00,1
2020-03-03 10:30:00,1
2020-03-03 10:45:00,1
2020-03-05 09:45:00,1
2020-03-05 10:00:00,1
2020-03-05 10:15:00,1
2020-03-05 10:30:00,1
2020-03-05 10:45:00,1
2020-03-11 13:30:00,2
2020-03-11 13:45:00,2
2020-03-11 14:00:00,2
2020-03-11 14:15:00,2
2020-03-11 14:30:00,2
2020-03-13 13:30:00,1
2020-03-13 13:45:00,1
2020-03-13 14:00:00,1
2020-03-13 14:15:00,1
2020-03-13 14:30:00,1
2020-03-17 11:30:00,1
2020-03-17 13:15:00,1
2020-03-17 13:30:00,1
2020-03-17 13:45:00,1
2020-03-17 14:00:00,1
2020-03-18 11:30:00,3
2020-03-18 13:15:00,3
2020-03-18 13:30:00,3
2020-03-18 13:45:00,3
2020-03-18 14:00:00,3
2020-03-18 14:30:00,2
2020-03-18 14:45:00,2
2020-03-18 15:00:00,2
2020-03-19 09:45:00,2
2020-03-19 10:00:00,2
2020-03-20 13:45:00,3
2020-03-20 14:00:00,3
2020-03-20 14:15:00,3
2020-03-20 14:30:00,3
2020-03-20 14:45:00,3
2020-03-24 14:30:00,3
2020-03-24 14:45:00,3
2020-03-24 15:00:00,3
2020-03-25 09:45:00,3
2020-03-25 10:00:00,3
2020-03-26 10:00:00,1
2020-03-26 10:15:00,1
2020-03-26 10:30:00,1
2020-03-26 10:45:00,1
2020-03-26 11:00:00,1
2020-03-27 10:00:00,1
2020-03-27 10:15:00,1
2020-03-27 10:30:00,1
2020-03-27 10:45:00,1
2020-03-27 11:00:00,1
2020-04-02 14:45:00,1
2020-04-02 15:00:00,1
2020-04-03 09:45:00,1
2020-04-03 10:00:00,1
2020-04-03 10:15:00,1
2020-04-08 14:00:00,3
2020-04-08 14:15:00,3
2020-04-08 14:30:00,3
2020-04-08 14:45:00,3
2020-04-08 15:00:00,3
2020-04-10 10:00:00,1
2020-04-10 10:15:00,1
2020-04-10 10:30:00,1
2020-04-10 10:45:00,1
2020-04-10 11:00:00,1
2020-04-16 09:45:00,3
2020-04-16 10:00:00,3
2020-04-16 10:15:00,3
2020-04-16 10:30:00,3
2020-04-16 10:45:00,3
2020-04-17 11:15:00,3
2020-04-17 11:30:00,3
2020-04-17 13:15:00,3
2020-04-17 13:30:00,3
2020-04-17 13:45:00,3
2020-04-20 10:00:00,1
2020-04-20 10:15:00,1
2020-04-20 10:30:00,1
2020-04-20 10:45:00,1
2020-04-20 11:00:00,1
2020-04-21 14:30:00,3
2020-04-21 14:45:00,3
2020-04-21 15:00:00,3
2020-04-22 09:45:00,3
2020-04-22 10:00:00,3
2020-04-23 10:30:00,3
2020-04-23 10:45:00,3
2020-04-23 11:00:00,3
2020-04-23 11:15:00,3
2020-04-23 11:30:00,3
2020-04-23 13:45:00,3
2020-04-23 14:00:00,3
2020-04-23 14:15:00,3
2020-04-23 14:30:00,3
2020-04-23 14:45:00,3
2020-04-24 10:00:00,2
2020-04-24 10:15:00,2
2020-04-24 10:30:00,2
2020-04-24 10:45:00,2
2020-04-24 11:00:00,2
2020-04-27 14:45:00,2
2020-04-27 15:00:00,2
2020-04-28 09:45:00,2
2020-04-28 10:00:00,2
2020-04-28 10:15:00,2
2020-04-30 10:30:00,2
2020-04-30 10:45:00,2
2020-04-30 11:00:00,2
2020-04-30 11:15:00,2
2020-04-30 11:30:00,2
2020-05-06 10:15:00,1
2020-05-06 10:30:00,1
2020-05-06 10:45:00,1
2020-05-06 11:00:00,1
2020-05-06 11:15:00,1
2020-05-11 09:45:00,2
2020-05-11 10:00:00,2
2020-05-11 10:15:00,2
2020-05-11 10:30:00,2
2020-05-11 10:45:00,2
2020-05-12 13:45:00,1
2020-05-12 14:00:00,1
2020-05-12 14:15:00,1
2020-05-12 14:30:00,1
2020-05-12 14:45:00,1
2020-05-14 09:45:00,2
2020-05-14 10:00:00,2
2020-05-14 10:15:00,2
2020-05-14 10:30:00,2
2020-05-14 10:45:00,2
2020-05-19 11:30:00,3
2020-05-19 13:15:00,3
2020-05-19 13:30:00,3
2020-05-19 13:45:00,3
2020-05-19 14:00:00,3
2020-05-21 09:45:00,2
2020-05-21 10:00:00,2
2020-05-21 10:15:00,2
2020-05-21 10:30:00,2
2020-05-21 10:45:00,2
2020-05-26 10:45:00,2
2020-05-26 11:00:00,2
2020-05-26 11:15:00,2
2020-05-26 11:30:00,2
2020-05-26 13:15:00,2
2020-05-29 10:00:00,1
2020-05-29 10:15:00,1
2020-05-29 10:30:00,1
2020-05-29 10:45:00,1
2020-05-29 11:00:00,1
2020-06-02 11:30:00,1
2020-06-02 13:15:00,1
2020-06-02 13:30:00,1
2020-06-02 13:45:00,1
2020-06-02 14:00:00,1
2020-06-03 13:15:00,3
2020-06-03 13:30:00,3
2020-06-03 13:45:00,3
2020-06-03 14:00:00,3
2020-06-03 14:15:00,3
2020-06-04 14:15:00,1
2020-06-04 14:30:00,1
2020-06-04 14:45:00,1
2020-06-04 15:00:00,1
2020-06-05 09:45:00,1
2020-06-10 09:45:00,1
2020-06-10 10:00:00,1
2020-06-10 10:15:00,1
2020-06-10 10:30:00,1
2020-06-10 10:45:00,1
2020-06-12 10:15:00,3
2020-06-12 10:30:00,3
2020-06-12 10:45:00,3
2020-06-12 11:00:00,3
2020-06-12 11:15:00,3
2020-06-15 10:00:00,1
2020-06-15 10:15:00,1
2020-06-15 10:30:00,1
2020-06-15 10:45:00,1
2020-06-15 11:00:00,1
2020-06-16 10:45:00,3
2020-06-16 11:00:00,3
2020-06-16 11:15:00,3
2020-06-16 11:30:00,3
2020-06-16 13:15:00,3
2020-06-17 13:45:00,2
2020-06-17 14:00:00,2
2020-06-17 14:15:00,2
2020-06-17 14:30:00,2
2020-06-17 14:45:00,2
2020-06-18 14:30:00,1
2020-06-18 14:45:00,1
2020-06-18 15:00:00,1
2020-06-19 09:45:00,1
2020-06-19 10:00:00,1
2020-06-22 15:00:00,1
2020-06-23 09:45:00,1
2020-06-23 10:00:00,1
2020-06-23 10:15:00,1
2020-06-23 10:30:00,1
2020-06-24 11:15:00,3
2020-06-24 11:30:00,3
2020-06-24 13:15:00,3
2020-06-24 13:30:00,3
2020-06-24 13:45:00,3
2020-07-07 10:15:00,1
2020-07-07 10:30:00,1
2020-07-07 10:45:00,1
2020-07-07 11:00:00,1
2020-07-07 11:15:00,1
2020-07-09 09:45:00,1
2020-07-09 10:00:00,1
2020-07-09 10:15:00,1
2020-07-09 10:30:00,1
2020-07-09 10:45:00,1
2020-07-13 13:15:00,3
2020-07-13 13:30:00,3
2020-07-13 13:45:00,3
2020-07-13 14:00:00,3
2020-07-13 14:15:00,3
2020-07-14 14:45:00,1
2020-07-14 15:00:00,1
2020-07-15 09:45:00,1
2020-07-15 10:00:00,1
2020-07-15 10:15:00,1
2020-07-16 11:15:00,2
2020-07-16 11:30:00,2
2020-07-16 13:15:00,2
2020-07-16 13:30:00,2
2020-07-16 13:45:00,2
2020-07-20 10:00:00,2
2020-07-20 10:15:00,2
2020-07-20 10:30:00,2
2020-07-20 10:45:00,2
2020-07-20 11:00:00,2
2020-07-21 10:00:00,1
2020-07-21 10:15:00,1
2020-07-21 10:30:00,1
2020-07-21 10:45:00,1
2020-07-21 11:00:00,1
2020-07-27 13:30:00,3
2020-07-27 13:45:00,3
2020-07-27 14:00:00,3
2020-07-27 14:15:00,3
2020-07-27 14:30:00,3
2020-07-28 13:15:00,3
2020-07-28 13:30:00,3
2020-07-28 13:45:00,3
2020-07-28 14:00:00,3
2020-07-28 14:15:00,3
2020-07-29 14:00:00,1
2020-07-29 14:15:00,1
2020-07-29 14:30:00,1
2020-07-29 14:45:00,1
2020-07-29 15:00:00,1
2020-07-31 13:30:00,3
2020-07-31 13:45:00,3
2020-07-31 14:00:00,3
2020-07-31 14:15:00,3
2020-07-31 14:30:00,3
2020-08-03 10:15:00,1
2020-08-03 10:30:00,1
2020-08-03 10:45:00,1
2020-08-03 11:00:00,1
2020-08-03 11:15:00,1
2020-08-04 13:30:00,3
2020-08-04 13:45:00,3
2020-08-04 14:00:00,3
2020-08-04 14:15:00,3
2020-08-04 14:30:00,3
2020-08-05 10:00:00,3
2020-08-05 10:15:00,3
2020-08-05 10:30:00,3
2020-08-05 10:45:00,3
2020-08-05 11:00:00,3
2020-08-06 13:15:00,1
2020-08-06 13:30:00,1
2020-08-06 13:45:00,1
2020-08-06 14:00:00,1
2020-08-06 14:15:00,1
2020-08-11 10:00:00,3
2020-08-11 10:15:00,3
2020-08-11 10:30:00,3
2020-08-11 10:45:00,3
2020-08-11 11:00:00,3
2020-08-11 14:30:00,2
2020-08-11 14:45:00,2
2020-08-11 15:00:00,2
2020-08-12 09:45:00,2
2020-08-12 10:00:00,2
2020-08-13 13:30:00,3
2020-08-13 13:45:00,3
2020-08-13 14:00:00,3
2020-08-13 14:15:00,3
2020-08-13 14:30:00,3
2020-08-14 10:30:00,2
2020-08-14 10:45:00,2
2020-08-14 11:00:00,2
2020-08-14 11:15:00,2
2020-08-14 11:30:00,2
2020-08-17 11:00:00,3
2020-08-17 11:15:00,3
2020-08-17 11:30:00,3
2020-08-17 13:15:00,3
2020-08-17 13:30:00,3
2020-08-20 13:30:00,1
2020-08-20 13:45:00,1
2020-08-20 14:00:00,1
2020-08-20 14:15:00,1
2020-08-20 14:30:00,1
2020-08-26 10:15:00,3
2020-08-26 10:30:00,3
2020-08-26 10:45:00,3
2020-08-26 11:00:00,3
2020-08-26 11:15:00,3
2020-08-27 09:45:00,1
2020-08-27 10:00:00,1
2020-08-27 10:15:00,1
2020-08-27 10:30:00,1
2020-08-27 10:45:00,1
2020-08-28 14:15:00,1
2020-08-28 14:30:00,1
2020-08-28 14:45:00,1
2020-08-28 15:00:00,1
2020-08-31 09:45:00,1
2020-09-04 10:00:00,2
2020-09-04 10:15:00,2
2020-09-04 10:30:00,2
2020-09-04 10:45:00,2
2020-09-04 11:00:00,2
2020-09-14 13:15:00,2
2020-09-14 13:30:00,2
2020-09-14 13:45:00,2
2020-09-14 14:00:00,2
2020-09-14 14:15:00,2
2020-09-15 13:15:00,3
2020-09-15 13:30:00,3
2020-09-15 13:45:00,3
2020-09-15 14:00:00,3
2020-09-15 14:15:00,3
2020-09-16 14:15:00,2
2020-09-16 14:30:00,2
2020-09-16 14:45:00,2
2020-09-16 15:00:00,2
2020-09-17 09:45:00,2
2020-09-18 13:15:00,3
2020-09-18 13:30:00,3
2020-09-18 13:45:00,3
2020-09-18 14:00:00,3
2020-09-18 14:15:00,3
2020-09-23 10:00:00,1
2020-09-23 10:15:00,1
2020-09-23 10:30:00,1
2020-09-23 10:45:00,1
2020-09-23 11:00:00,1
2020-09-24 09:45:00,2
2020-09-24 10:00:00,2
2020-09-24 10:15:00,2
2020-09-24 10:30:00,2
2020-09-24 10:45:00,2
2020-09-28 10:15:00,2
2020-09-28 10:30:00,2
2020-09-28 10:45:00,2
2020-09-28 11:00:00,2
2020-09-28 11:15:00,2
2020-09-29 10:00:00,2
2020-09-29 10:15:00,2
2020-09-29 10:30:00,2
2020-09-29 10:45:00,2
2020-09-29 11:00:00,2
2020-10-09 11:30:00,1
2020-10-09 13:15:00,1
2020-10-09 13:30:00,1
2020-10-09 13:45:00,1
2020-10-09 14:00:00,1
2020-10-14 14:15:00,3
2020-10-14 14:30:00,3
2020-10-14 14:45:00,3
2020-10-14 15:00:00,3
2020-10-15 09:45:00,3
2020-10-15 13:15:00,3
2020-10-15 13:30:00,3
2020-10-15 13:45:00,3
2020-10-15 14:00:00,3
2020-10-15 14:15:00,3
2020-10-23 10:45:00,2
2020-10-23 11:00:00,2
2020-10-23 11:15:00,2
2020-10-23 11:30:00,2
2020-10-23 13:15:00,2
2020-10-26 10:30:00,1
2020-10-26 10:45:00,1
2020-10-26 11:00:00,1
2020-10-26 11:15:00,1
2020-10-26 11:30:00,1
2020-10-30 10:30:00,2
2020-10-30 10:45:00,2
2020-10-30 11:00:00,2
2020-10-30 11:15:00,2
2020-10-30 11:30:00,2
2020-11-03 10:00:00,1
2020-11-03 10:15:00,1
2020-11-03 10:30:00,1
2020-11-03 10:45:00,1
2020-11-03 11:00:00,1
2020-11-05 09:45:00,1
2020-11-05 10:00:00,1
2020-11-05 10:15:00,1
2020-11-05 10:30:00,1
2020-11-05 10:45:00,1
2020-11-09 15:00:00,2
2020-11-10 09:45:00,2
2020-11-10 10:00:00,2
2020-11-10 10:15:00,2
2020-11-10 10:30:00,2
2020-11-12 11:30:00,3
2020-11-12 13:15:00,3
2020-11-12 13:30:00,3
2020-11-12 13:45:00,3
2020-11-12 14:00:00,3
2020-11-13 10:00:00,2
2020-11-13 10:15:00,2
2020-11-13 10:30:00,2
2020-11-13 10:45:00,2
2020-11-13 11:00:00,2
2020-11-16 13:15:00,2
2020-11-16 13:30:00,2
2020-11-16 13:45:00,2
2020-11-16 14:00:00,2
2020-11-16 14:15:00,2
2020-11-19 14:15:00,3
2020-11-19 14:30:00,3
2020-11-19 14:45:00,3
2020-11-19 15:00:00,3
2020-11-20 09:45:00,3
2020-11-24 09:45:00,2
2020-11-24 10:00:00,2
2020-11-24 10:15:00,2
2020-11-24 10:30:00,2
2020-11-24 10:45:00,2
2020-11-30 13:45:00,1
2020-11-30 14:00:00,1
2020-11-30 14:15:00,1
2020-11-30 14:30:00,1
2020-11-30 14:45:00,1
2020-12-04 09:45:00,1
2020-12-04 10:00:00,1
2020-12-04 10:15:00,1
2020-12-04 10:30:00,1
2020-12-04 10:45:00,1
2020-12-07 14:00:00,3
2020-12-07 14:15:00,3
2020-12-07 14:30:00,3
2020-12-07 14:45:00,3
2020-12-07 15:00:00,3
2020-12-08 11:30:00,1
2020-12-08 13:15:00,1
2020-12-08 13:30:00,1
2020-12-08 13:45:00,1
2020-12-08 14:00:00,1
2020-12-09 13:30:00,2
2020-12-09 13:45:00,2
2020-12-09 14:00:00,2
2020-12-09 14:15:00,2
2020-12-09 14:30:00,2
2020-12-14 09:45:00,1
2020-12-14 10:00:00,1
2020-12-14 10:15:00,1
2020-12-14 10:30:00,1
2020-12-14 10:45:00,1
2020-12-18 10:30:00,2
2020-12-18 10:45:00,2
2020-12-18 11:00:00,2
2020-12-18 11:15:00,2
2020-12-18 11:30:00,2
2020-12-21 10:15:00,1
2020-12-21 10:30:00,1
2020-12-21 10:45:00,1
2020-12-21 11:00:00,1
2020-12-21 11:15:00,1
2020-12-22 10:45:00,2
2020-12-22 11:00:00,2
2020-12-22 11:15:00,2
2020-12-22 11:30:00,2
2020-12-22 13:15:00,2
2020-12-24 14:45:00,3
2020-12-24 15:00:00,3
2020-12-25 09:45:00,3
2020-12-25 10:00:00,3
2020-12-25 10:15:00,3
2020-12-28 14:15:00,2
2020-12-28 14:30:00,2
2020-12-28 14:45:00,2
2020-12-28 15:00:00,2
2020-12-29 09:45:00,2
2020-12-29 15:00:00,2
2020-12-30 09:45:00,2
2020-12-30 10:00:00,2
2020-12-30 10:15:00,2
2020-12-30 10:30:00,2
2021-01-04 14:45:00,2
2021-01-04 15:00:00,2
2021-01-05 09:45:00,2
2021-01-05 10:00:00,2
2021-01-05 10:15:00,2
2021-01-07 13:30:00,2
2021-01-07 13:45:00,2
2021-01-07 14:00:00,2
2021-01-07 14:15:00,2
2021-01-07 14:30:00,2
2021-01-12 13:15:00,3
2021-01-12 13:30:00,3
2021-01-12 13:45:00,3
2021-01-12 14:00:00,3
2021-01-12 14:15:00,3
2021-01-13 10:00:00,2
2021-01-13 10:15:00,2
2021-01-13 10:30:00,2
2021-01-13 10:45:00,2
2021-01-13 11:00:00,2
2021-01-15 11:00:00,3
2021-01-15 11:15:00,3
2021-01-15 11:30:00,3
2021-01-15 13:15:00,3
2021-01-15 13:30:00,3
2021-01-19 09:45:00,2
2021-01-19 10:00:00,2
2021-01-19 10:15:00,2
2021-01-19 10:30:00,2
2021-01-19 10:45:00,2
2021-01-21 10:00:00,2
2021-01-21 10:15:00,2
2021-01-21 10:30:00,2
2021-01-21 10:45:00,2
2021-01-21 11:00:00,2
2021-01-25 14:15:00,2
2021-01-25 14:30:00,2
2021-01-25 14:45:00,2
2021-01-25 15:00:00,2
2021-01-26 09:45:00,2
2021-02-01 13:45:00,1
2021-02-01 14:00:00,1
2021-02-01 14:15:00,1
2021-02-01 14:30:00,1
2021-02-01 14:45:00,1
2021-02-04 11:00:00,3
2021-02-04 11:15:00,3
2021-02-04 11:30:00,3
2021-02-04 13:15:00,3
2021-02-04 13:30:00,3
2021-02-08 09:45:00,2
2021-02-08 10:00:00,2
2021-02-08 10:15:00,2
2021-02-08 10:30:00,2
2021-02-08 10:45:00,2
2021-02-09 11:00:00,1
2021-02-09 11:15:00,1
2021-02-09 11:30:00,1
2021-02-09 13:15:00,1
2021-02-09 13:30:00,1
2021-02-18 09:45:00,2
2021-02-18 10:00:00,2
2021-02-18 10:15:00,2
2021-02-18 10:30:00,2
2021-02-18 10:45:00,2
2021-02-19 11:15:00,3
2021-02-19 11:30:00,3
2021-02-19 13:15:00,3
2021-02-19 13:30:00,3
2021-02-19 13:45:00,3
2021-02-22 10:00:00,1
2021-02-22 10:15:00,1
2021-02-22 10:30:00,1
2021-02-22 10:45:00,1
2021-02-22 11:00:00,1
2021-02-24 10:30:00,2
2021-02-24 10:45:00,2
2021-02-24 11:00:00,2
2021-02-24 11:15:00,2
2021-02-24 11:30:00,2
2021-03-03 14:00:00,3
2021-03-03 14:15:00,3
2021-03-03 14:30:00,3
2021-03-03 14:45:00,3
2021-03-03 15:00:00,3
2021-03-08 13:15:00,2
2021-03-08 13:30:00,2
2021-03-08 13:45:00,2
2021-03-08 14:00:00,2
2021-03-08 14:15:00,2
2021-03-15 10:15:00,2
2021-03-15 10:30:00,2
2021-03-15 10:45:00,2
2021-03-15 11:00:00,2
2021-03-15 11:15:00,2
2021-03-17 13:15:00,3
2021-03-17 13:30:00,3
2021-03-17 13:45:00,3
2021-03-17 14:00:00,3
2021-03-17 14:15:00,3
2021-03-18 13:30:00,2
2021-03-18 13:45:00,2
2021-03-18 14:00:00,2
2021-03-18 14:15:00,2
2021-03-18 14:30:00,2
2021-03-22 10:00:00,1
2021-03-22 10:15:00,1
2021-03-22 10:30:00,1
2021-03-22 10:45:00,1
2021-03-22 11:00:00,1
2021-03-24 09:45:00,2
2021-03-24 10:00:00,2
2021-03-24 10:15:00,2
2021-03-24 10:30:00,2
2021-03-24 10:45:00,2
2021-03-26 11:00:00,3
2021-03-26 11:15:00,3
2021-03-26 11:30:00,3
2021-03-26 13:15:00,3
2021-03-26 13:30:00,3
2021-03-30 09:45:00,3
2021-03-30 10:00:00,3
2021-03-30 10:15:00,3
2021-03-30 10:30:00,3
2021-03-30 10:45:00,3
2021-03-30 13:45:00,1
2021-03-30 14:00:00,1
2021-03-30 14:15:00,1
2021-03-30 14:30:00,1
2021-03-30 14:45:00,1
2021-04-01 13:45:00,3
2021-04-01 14:00:00,3
2021-04-01 14:15:00,3
2021-04-01 14:30:00,3
2021-04-01 14:45:00,3
2021-04-02 11:00:00,2
2021-04-02 11:15:00,2
2021-04-02 11:30:00,2
2021-04-02 13:15:00,2
2021-04-02 13:30:00,2
2021-04-07 10:15:00,2
2021-04-07 10:30:00,2
2021-04-07 10:45:00,2
2021-04-07 11:00:00,2
2021-04-07 11:15:00,2
2021-04-08 10:00:00,2
2021-04-08 10:15:00,2
2021-04-08 10:30:00,2
2021-04-08 10:45:00,2
2021-04-08 11:00:00,2
2021-04-12 10:15:00,2
2021-04-12 10:30:00,2
2021-04-12 10:45:00,2
2021-04-12 11:00:00,2
2021-04-12 11:15:00,2
2021-04-16 11:30:00,3
2021-04-16 13:15:00,3
2021-04-16 13:30:00,3
2021-04-16 13:45:00,3
2021-04-16 14:00:00,3
2021-04-20 10:15:00,3
2021-04-20 10:30:00,3
2021-04-20 10:45:00,3
2021-04-20 11:00:00,3
2021-04-20 11:15:00,3
2021-04-21 13:45:00,3
2021-04-21 14:00:00,3
2021-04-21 14:15:00,3
2021-04-21 14:30:00,3
2021-04-21 14:45:00,3
2021-04-22 10:15:00,1
2021-04-22 10:30:00,1
2021-04-22 10:45:00,1
2021-04-22 11:00:00,1
2021-04-22 11:15:00,1
2021-04-23 10:00:00,1
2021-04-23 10:15:00,1
2021-04-23 10:30:00,1
2021-04-23 10:45:00,1
2021-04-23 11:00:00,1
2021-04-26 10:00:00,1
2021-04-26 10:15:00,1
2021-04-26 10:30:00,1
2021-04-26 10:45:00,1
2021-04-26 11:00:00,1
2021-04-28 10:45:00,2
2021-04-28 11:00:00,2
2021-04-28 11:15:00,2
2021-04-28 11:30:00,2
2021-04-28 13:15:00,2
2021-04-30 09:45:00,1
2021-04-30 10:00:00,1
2021-04-30 10:15:00,1
2021-04-30 10:30:00,1
2021-04-30 10:45:00,1
2021-05-06 14:30:00,2
2021-05-06 14:45:00,2
2021-05-06 15:00:00,2
2021-05-07 09:45:00,2
2021-05-07 10:00:00,2
2021-05-13 10:15:00,1
2021-05-13 10:30:00,1
2021-05-13 10:45:00,1
2021-05-13 11:00:00,1
2021-05-13 11:15:00,1
2021-05-14 14:15:00,3
2021-05-14 14:30:00,3
2021-05-14 14:45:00,3
2021-05-14 15:00:00,3
2021-05-17 09:45:00,3
2021-05-21 09:45:00,2
2021-05-21 10:00:00,2
2021-05-21 10:15:00,2
2021-05-21 10:30:00,2
2021-05-21 10:45:00,2
2021-05-25 11:30:00,1
2021-05-25 13:15:00,1
2021-05-25 13:30:00,1
2021-05-25 13:45:00,1
2021-05-25 14:00:00,1
2021-05-31 10:00:00,1
2021-05-31 10:15:00,1
2021-05-31 10:30:00,1
2021-05-31 10:45:00,1
2021-05-31 11:00:00,1
2021-06-04 15:00:00,3
2021-06-07 09:45:00,3
2021-06-07 10:00:00,3
2021-06-07 10:15:00,3
2021-06-07 10:30:00,3
2021-06-08 10:00:00,2
2021-06-08 10:15:00,2
2021-06-08 10:30:00,2
2021-06-08 10:45:00,2
2021-06-08 11:00:00,2
2021-06-15 10:00:00,2
2021-06-15 10:15:00,2
2021-06-15 10:30:00,2
2021-06-15 10:45:00,2
2021-06-15 11:00:00,2
2021-06-23 13:45:00,1
2021-06-23 14:00:00,1
2021-06-23 14:15:00,1
2021-06-23 14:30:00,1
2021-06-23 14:45:00,1
2021-06-29 13:15:00,3
2021-06-29 13:30:00,3
2021-06-29 13:45:00,3
2021-06-29 14:00:00,3
2021-06-29 14:15:00,3
2021-07-02 10:15:00,2
2021-07-02 10:30:00,2
2021-07-02 10:45:00,2
2021-07-02 11:00:00,2
2021-07-02 11:15:00,2
2021-07-05 11:00:00,3
2021-07-05 11:15:00,3
2021-07-05 11:30:00,3
2021-07-05 13:15:00,3
2021-07-05 13:30:00,3
2021-07-06 09:45:00,2
2021-07-06 10:00:00,2
2021-07-06 10:15:00,2
2021-07-06 10:30:00,2
2021-07-06 10:45:00,2
2021-07-08 13:30:00,3
2021-07-08 13:45:00,3
2021-07-08 14:00:00,3
2021-07-08 14:15:00,3
2021-07-08 14:30:00,3
2021-07-09 14:15:00,2
2021-07-09 14:30:00,2
2021-07-09 14:45:00,2
2021-07-09 15:00:00,2
2021-07-12 09:45:00,2
2021-07-13 13:30:00,3
2021-07-13 13:45:00,3
2021-07-13 14:00:00,3
2021-07-13 14:15:00,3
2021-07-13 14:30:00,3
2021-07-14 09:45:00,1
2021-07-14 10:00:00,1
2021-07-14 10:15:00,1
2021-07-14 10:30:00,1
2021-07-14 10:45:00,1
2021-07-15 10:00:00,2
2021-07-15 10:15:00,2
2021-07-15 10:30:00,2
2021-07-15 10:45:00,2
2021-07-15 11:00:00,2
2021-07-19 10:00:00,1
2021-07-19 10:15:00,1
2021-07-19 10:30:00,1
2021-07-19 10:45:00,1
2021-07-19 11:00:00,1
2021-07-23 10:30:00,2
2021-07-23 10:45:00,2
2021-07-23 11:00:00,2
2021-07-23 11:15:00,2
2021-07-23 11:30:00,2
2021-07-26 10:00:00,2
2021-07-26 10:15:00,2
2021-07-26 10:30:00,2
2021-07-26 10:45:00,2
2021-07-26 11:00:00,2
2021-07-27 10:00:00,2
2021-07-27 10:15:00,2
2021-07-27 10:30:00,2
2021-07-27 10:45:00,2
2021-07-27 11:00:00,2
2021-07-28 10:00:00,2
2021-07-28 10:15:00,2
2021-07-28 10:30:00,2
2021-07-28 10:45:00,2
2021-07-28 11:00:00,2
2021-07-30 10:00:00,1
2021-07-30 10:15:00,1
2021-07-30 10:30:00,1
2021-07-30 10:45:00,1
2021-07-30 11:00:00,1
2021-08-03 13:45:00,3
2021-08-03 14:00:00,3
2021-08-03 14:15:00,3
2021-08-03 14:30:00,3
2021-08-03 14:45:00,3
2021-08-05 10:30:00,2
2021-08-05 10:45:00,2
2021-08-05 11:00:00,2
2021-08-05 11:15:00,2
2021-08-05 11:30:00,2
2021-08-06 14:30:00,1
2021-08-06 14:45:00,1
2021-08-06 15:00:00,1
2021-08-09 09:45:00,1
2021-08-09 10:00:00,1
2021-08-10 13:45:00,3
2021-08-10 14:00:00,3
2021-08-10 14:15:00,3
2021-08-10 14:30:00,3
2021-08-10 14:45:00,3
2021-08-11 11:30:00,2
2021-08-11 13:15:00,2
2021-08-11 13:30:00,2
2021-08-11 13:45:00,2
2021-08-11 14:00:00,2
2021-08-12 11:15:00,2
2021-08-12 11:30:00,2
2021-08-12 13:15:00,2
2021-08-12 13:30:00,2
2021-08-12 13:45:00,2
2021-08-16 11:15:00,2
2021-08-16 11:30:00,2
2021-08-16 13:15:00,2
2021-08-16 13:30:00,2
2021-08-16 13:45:00,2
2021-08-19 14:45:00,2
2021-08-19 15:00:00,2
2021-08-20 09:45:00,2
2021-08-20 10:00:00,2
2021-08-20 10:15:00,2
2021-08-24 09:45:00,3
2021-08-24 10:00:00,3
2021-08-24 10:15:00,3
2021-08-24 10:30:00,3
2021-08-24 10:45:00,3
2021-08-25 13:30:00,3
2021-08-25 13:45:00,3
2021-08-25 14:00:00,3
2021-08-25 14:15:00,3
2021-08-25 14:30:00,3
2021-08-26 10:00:00,2
2021-08-26 10:15:00,2
2021-08-26 10:30:00,2
2021-08-26 10:45:00,2
2021-08-26 11:00:00,2
2021-08-31 10:00:00,2
2021-08-31 10:15:00,2
2021-08-31 10:30:00,2
2021-08-31 10:45:00,2
2021-08-31 11:00:00,2
2021-09-01 10:30:00,1
2021-09-01 10:45:00,1
2021-09-01 11:00:00,1
2021-09-01 11:15:00,1
2021-09-01 11:30:00,1
2021-09-02 14:15:00,1
2021-09-02 14:30:00,1
2021-09-02 14:45:00,1
2021-09-02 15:00:00,1
2021-09-03 09:45:00,1
2021-09-07 11:00:00,3
2021-09-07 11:15:00,3
2021-09-07 11:30:00,3
2021-09-07 13:15:00,3
2021-09-07 13:30:00,3
2021-09-15 13:15:00,1
2021-09-15 13:30:00,1
2021-09-15 13:45:00,1
2021-09-15 14:00:00,1
2021-09-15 14:15:00,1
2021-09-17 13:30:00,3
2021-09-17 13:45:00,3
2021-09-17 14:00:00,3
2021-09-17 14:15:00,3
2021-09-17 14:30:00,3
2021-09-23 10:30:00,1
2021-09-23 10:45:00,1
2021-09-23 11:00:00,1
2021-09-23 11:15:00,1
2021-09-23 11:30:00,1
2021-09-27 14:30:00,3
2021-09-27 14:45:00,3
2021-09-27 15:00:00,3
2021-09-28 09:45:00,3
2021-09-28 10:00:00,3
2021-09-28 13:30:00,3
2021-09-28 13:45:00,3
2021-09-28 14:00:00,3
2021-09-28 14:15:00,3
2021-09-28 14:30:00,3
2021-09-30 11:15:00,3
2021-09-30 11:30:00,3
2021-09-30 13:15:00,3
2021-09-30 13:30:00,3
2021-09-30 13:45:00,3
2021-10-15 10:00:00,2
2021-10-15 10:15:00,2
2021-10-15 10:30:00,2
2021-10-15 10:45:00,2
2021-10-15 11:00:00,2
2021-10-19 10:30:00,3
2021-10-19 10:45:00,3
2021-10-19 11:00:00,3
2021-10-19 11:15:00,3
2021-10-19 11:30:00,3
2021-10-20 10:00:00,2
2021-10-20 10:15:00,2
2021-10-20 10:30:00,2
2021-10-20 10:45:00,2
2021-10-20 11:00:00,2
2021-10-22 09:45:00,1
2021-10-22 10:00:00,1
2021-10-22 10:15:00,1
2021-10-22 10:30:00,1
2021-10-22 10:45:00,1
2021-10-25 11:00:00,1
2021-10-25 11:15:00,1
2021-10-25 11:30:00,1
2021-10-25 13:15:00,1
2021-10-25 13:30:00,1
2021-10-27 09:45:00,2
2021-10-27 10:00:00,2
2021-10-27 10:15:00,2
2021-10-27 10:30:00,2
2021-10-27 10:45:00,2
2021-10-28 11:00:00,1
2021-10-28 11:15:00,1
2021-10-28 11:30:00,1
2021-10-28 13:15:00,1
2021-10-28 13:30:00,1
2021-11-01 14:00:00,1
2021-11-01 14:15:00,1
2021-11-01 14:30:00,1
2021-11-01 14:45:00,1
2021-11-01 15:00:00,1
2021-11-04 10:45:00,1
2021-11-04 11:00:00,1
2021-11-04 11:15:00,1
2021-11-04 11:30:00,1
2021-11-04 13:15:00,1
2021-11-09 10:30:00,1
2021-11-09 10:45:00,1
2021-11-09 11:00:00,1
2021-11-09 11:15:00,1
2021-11-09 11:30:00,1
2021-11-10 10:00:00,1
2021-11-10 10:15:00,1
2021-11-10 10:30:00,1
2021-11-10 10:45:00,1
2021-11-10 11:00:00,1
2021-11-11 09:45:00,2
2021-11-11 10:00:00,2
2021-11-11 10:15:00,2
2021-11-11 10:30:00,2
2021-11-11 10:45:00,2
2021-11-11 14:45:00,1
2021-11-11 15:00:00,1
2021-11-12 09:45:00,1
2021-11-12 10:00:00,1
2021-11-12 10:15:00,1
2021-11-16 11:15:00,3
2021-11-16 11:30:00,3
2021-11-16 13:15:00,3
2021-11-16 13:30:00,3
2021-11-16 13:45:00,3
2021-11-17 10:00:00,3
2021-11-17 10:15:00,3
2021-11-17 10:30:00,3
2021-11-17 10:45:00,3
2021-11-17 11:00:00,3
2021-11-18 15:00:00,2
2021-11-19 09:45:00,2
2021-11-19 10:00:00,2
2021-11-19 10:15:00,2
2021-11-19 10:30:00,2
2021-11-23 10:45:00,2
2021-11-23 11:00:00,2
2021-11-23 11:15:00,2
2021-11-23 11:30:00,2
2021-11-23 13:15:00,2
2021-11-29 10:00:00,1
2021-11-29 10:15:00,1
2021-11-29 10:30:00,1
2021-11-29 10:45:00,1
2021-11-29 11:00:00,1
2021-11-30 10:45:00,3
2021-11-30 11:00:00,3
2021-11-30 11:15:00,3
2021-11-30 11:30:00,3
2021-11-30 13:15:00,3
2021-11-30 13:45:00,1
2021-11-30 14:00:00,1
2021-11-30 14:15:00,1
2021-11-30 14:30:00,1
2021-11-30 14:45:00,1
2021-12-01 14:15:00,2
2021-12-01 14:30:00,2
2021-12-01 14:45:00,2
2021-12-01 15:00:00,2
2021-12-02 09:45:00,2
2021-12-02 14:00:00,1
2021-12-02 14:15:00,1
2021-12-02 14:30:00,1
2021-12-02 14:45:00,1
2021-12-02 15:00:00,1
2021-12-03 13:45:00,3
2021-12-03 14:00:00,3
2021-12-03 14:15:00,3
2021-12-03 14:30:00,3
2021-12-03 14:45:00,3
2021-12-07 10:00:00,2
2021-12-07 10:15:00,2
2021-12-07 10:30:00,2
2021-12-07 10:45:00,2
2021-12-07 11:00:00,2
2021-12-08 10:15:00,1
2021-12-08 10:30:00,1
2021-12-08 10:45:00,1
2021-12-08 11:00:00,1
2021-12-08 11:15:00,1
2021-12-10 10:15:00,2
2021-12-10 10:30:00,2
2021-12-10 10:45:00,2
2021-12-10 11:00:00,2
2021-12-10 11:15:00,2
2021-12-13 13:30:00,2
2021-12-13 13:45:00,2
2021-12-13 14:00:00,2
2021-12-13 14:15:00,2
2021-12-13 14:30:00,2
2021-12-15 10:00:00,2
2021-12-15 10:15:00,2
2021-12-15 10:30:00,2
2021-12-15 10:45:00,2
2021-12-15 11:00:00,2
2021-12-16 11:30:00,3
2021-12-16 13:15:00,3
2021-12-16 13:30:00,3
2021-12-16 13:45:00,3
2021-12-16 14:00:00,3
2021-12-17 10:00:00,2
2021-12-17 10:15:00,2
2021-12-17 10:30:00,2
2021-12-17 10:45:00,2
2021-12-17 11:00:00,2
2021-12-22 10:45:00,1
2021-12-22 11:00:00,1
2021-12-22 11:15:00,1
2021-12-22 11:30:00,1
2021-12-22 13:15:00,1
2021-12-29 11:15:00,3
2021-12-29 11:30:00,3
2021-12-29 13:15:00,3
2021-12-29 13:30:00,3
2021-12-29 13:45:00,3
2021-12-31 09:45:00,1
2021-12-31 10:00:00,1
2021-12-31 10:15:00,1
2021-12-31 10:30:00,1
2021-12-31 10:45:00,1
2022-01-06 09:45:00,1
2022-01-06 10:00:00,1
2022-01-06 10:15:00,1
2022-01-06 10:30:00,1
2022-01-06 10:45:00,1
2022-01-10 10:30:00,1
2022-01-10 10:45:00,1
2022-01-10 11:00:00,1
2022-01-10 11:15:00,1
2022-01-10 11:30:00,1
2022-01-14 11:15:00,3
2022-01-14 11:30:00,3
2022-01-14 13:15:00,3
2022-01-14 13:30:00,3
2022-01-14 13:45:00,3
2022-01-17 09:45:00,1
2022-01-17 10:00:00,1
2022-01-17 10:15:00,1
2022-01-17 10:30:00,1
2022-01-17 10:45:00,1
2022-01-18 10:30:00,2
2022-01-18 10:45:00,2
2022-01-18 11:00:00,2
2022-01-18 11:15:00,2
2022-01-18 11:30:00,2
2022-01-21 13:15:00,2
2022-01-21 13:30:00,2
2022-01-21 13:45:00,2
2022-01-21 14:00:00,2
2022-01-21 14:15:00,2
2022-01-25 14:45:00,2
2022-01-25 15:00:00,2
2022-01-26 09:45:00,2
2022-01-26 10:00:00,2
2022-01-26 10:15:00,2
2022-01-28 13:30:00,3
2022-01-28 13:45:00,3
2022-01-28 14:00:00,3
2022-01-28 14:15:00,3
2022-01-28 14:30:00,3
2022-02-07 10:30:00,3
2022-02-07 10:45:00,3
2022-02-07 11:00:00,3
2022-02-07 11:15:00,3
2022-02-07 11:30:00,3
2022-02-07 13:45:00,2
2022-02-07 14:00:00,2
2022-02-07 14:15:00,2
2022-02-07 14:30:00,2
2022-02-07 14:45:00,2
2022-02-08 11:30:00,3
2022-02-08 13:15:00,3
2022-02-08 13:30:00,3
2022-02-08 13:45:00,3
2022-02-08 14:00:00,3
2022-02-09 11:15:00,1
2022-02-09 11:30:00,1
2022-02-09 13:15:00,1
2022-02-09 13:30:00,1
2022-02-09 13:45:00,1
2022-02-10 14:30:00,2
2022-02-10 14:45:00,2
2022-02-10 15:00:00,2
2022-02-11 09:45:00,2
2022-02-11 10:00:00,2
2022-02-15 13:30:00,3
2022-02-15 13:45:00,3
2022-02-15 14:00:00,3
2022-02-15 14:15:00,3
2022-02-15 14:30:00,3
2022-02-17 09:45:00,2
2022-02-17 10:00:00,2
2022-02-17 10:15:00,2
2022-02-17 10:30:00,2
2022-02-17 10:45:00,2
2022-02-21 11:30:00,1
2022-02-21 13:15:00,1
2022-02-21 13:30:00,1
2022-02-21 13:45:00,1
2022-02-21 14:00:00,1
2022-02-22 14:15:00,1
2022-02-22 14:30:00,1
2022-02-22 14:45:00,1
2022-02-22 15:00:00,1
2022-02-23 09:45:00,1
2022-02-23 14:45:00,1
2022-02-23 15:00:00,1
2022-02-24 09:45:00,1
2022-02-24 10:00:00,1
2022-02-24 10:15:00,1
2022-03-01 09:45:00,1
2022-03-01 10:00:00,1
2022-03-01 10:15:00,1
2022-03-01 10:30:00,1
2022-03-01 10:45:00,1
2022-03-02 13:30:00,3
2022-03-02 13:45:00,3
2022-03-02 14:00:00,3
2022-03-02 14:15:00,3
2022-03-02 14:30:00,3
2022-03-04 10:00:00,1
2022-03-04 10:15:00,1
2022-03-04 10:30:00,1
2022-03-04 10:45:00,1
2022-03-04 11:00:00,1
2022-03-07 10:45:00,2
2022-03-07 11:00:00,2
2022-03-07 11:15:00,2
2022-03-07 11:30:00,2
2022-03-07 13:15:00,2
2022-03-10 09:45:00,1
2022-03-10 10:00:00,1
2022-03-10 10:15:00,1
2022-03-10 10:30:00,1
2022-03-10 10:45:00,1
2022-03-14 10:00:00,1
2022-03-14 10:15:00,1
2022-03-14 10:30:00,1
2022-03-14 10:45:00,1
2022-03-14 11:00:00,1
2022-03-15 09:45:00,2
2022-03-15 10:00:00,2
2022-03-15 10:15:00,2
2022-03-15 10:30:00,2
2022-03-15 10:45:00,2
2022-03-17 14:30:00,2
2022-03-17 14:45:00,2
2022-03-17 15:00:00,2
2022-03-18 09:45:00,2
2022-03-18 10:00:00,2
2022-03-22 11:15:00,2
2022-03-22 11:30:00,2
2022-03-22 13:15:00,2
2022-03-22 13:30:00,2
2022-03-22 13:45:00,2
2022-03-24 10:45:00,3
2022-03-24 11:00:00,3
2022-03-24 11:15:00,3
2022-03-24 11:30:00,3
2022-03-24 13:15:00,3
2022-03-25 14:00:00,2
2022-03-25 14:15:00,2
2022-03-25 14:30:00,2
2022-03-25 14:45:00,2
2022-03-25 15:00:00,2
2022-03-30 13:45:00,3
2022-03-30 14:00:00,3
2022-03-30 14:15:00,3
2022-03-30 14:30:00,3
2022-03-30 14:45:00,3
2022-03-31 11:00:00,2
2022-03-31 11:15:00,2
2022-03-31 11:30:00,2
2022-03-31 13:15:00,2
2022-03-31 13:30:00,2
2022-04-06 14:15:00,2
2022-04-06 14:30:00,2
2022-04-06 14:45:00,2
2022-04-06 15:00:00,2
2022-04-07 09:45:00,2
2022-04-08 10:00:00,2
2022-04-08 10:15:00,2
2022-04-08 10:30:00,2
2022-04-08 10:45:00,2
2022-04-08 11:00:00,2
2022-04-14 13:30:00,3
2022-04-14 13:45:00,3
2022-04-14 14:00:00,3
2022-04-14 14:15:00,3
2022-04-14 14:30:00,3
2022-04-15 13:45:00,3
2022-04-15 14:00:00,3
2022-04-15 14:15:00,3
2022-04-15 14:30:00,3
2022-04-15 14:45:00,3
2022-04-18 09:45:00,2
2022-04-18 10:00:00,2
2022-04-18 10:15:00,2
2022-04-18 10:30:00,2
2022-04-18 10:45:00,2
2022-04-19 09:45:00,1
2022-04-19 10:00:00,1
2022-04-19 10:15:00,1
2022-04-19 10:30:00,1
2022-04-19 10:45:00,1
2022-04-20 14:00:00,2
2022-04-20 14:15:00,2
2022-04-20 14:30:00,2
2022-04-20 14:45:00,2
2022-04-20 15:00:00,2
2022-04-22 10:00:00,2
2022-04-22 10:15:00,2
2022-04-22 10:30:00,2
2022-04-22 10:45:00,2
2022-04-22 11:00:00,2
2022-04-28 14:00:00,3
2022-04-28 14:15:00,3
2022-04-28 14:30:00,3
2022-04-28 14:45:00,3
2022-04-28 15:00:00,3
2022-05-05 11:00:00,1
2022-05-05 11:15:00,1
2022-05-05 11:30:00,1
2022-05-05 13:15:00,1
2022-05-05 13:30:00,1
2022-05-09 13:30:00,1
2022-05-09 13:45:00,1
2022-05-09 14:00:00,1
2022-05-09 14:15:00,1
2022-05-09 14:30:00,1
2022-05-12 09:45:00,1
2022-05-12 10:00:00,1
2022-05-12 10:15:00,1
2022-05-12 10:30:00,1
2022-05-12 10:45:00,1
2022-05-17 13:45:00,1
2022-05-17 14:00:00,1
2022-05-17 14:15:00,1
2022-05-17 14:30:00,1
2022-05-17 14:45:00,1
2022-05-20 10:00:00,1
2022-05-20 10:15:00,1
2022-05-20 10:30:00,1
2022-05-20 10:45:00,1
2022-05-20 11:00:00,1
2022-05-24 13:30:00,2
2022-05-24 13:45:00,2
2022-05-24 14:00:00,2
2022-05-24 14:15:00,2
2022-05-24 14:30:00,2
2022-05-30 09:45:00,2
2022-05-30 10:00:00,2
2022-05-30 10:15:00,2
2022-05-30 10:30:00,2
2022-05-30 10:45:00,2
2022-06-01 09:45:00,2
2022-06-01 10:00:00,2
2022-06-01 10:15:00,2
2022-06-01 10:30:00,2
2022-06-01 10:45:00,2
2022-06-02 13:30:00,3
2022-06-02 13:45:00,3
2022-06-02 14:00:00,3
2022-06-02 14:15:00,3
2022-06-02 14:30:00,3
2022-06-07 14:45:00,2
2022-06-07 15:00:00,2
2022-06-08 09:45:00,2
2022-06-08 10:00:00,2
2022-06-08 10:15:00,2
2022-06-10 10:30:00,1
2022-06-10 10:45:00,1
2022-06-10 11:00:00,1
2022-06-10 11:15:00,1
2022-06-10 11:30:00,1
2022-06-14 13:15:00,1
2022-06-14 13:30:00,1
2022-06-14 13:45:00,1
2022-06-14 14:00:00,1
2022-06-14 14:15:00,1
2022-06-22 10:00:00,3
2022-06-22 10:15:00,3
2022-06-22 10:30:00,3
2022-06-22 10:45:00,3
2022-06-22 11:00:00,3
2022-06-23 11:30:00,3
2022-06-23 13:15:00,3
2022-06-23 13:30:00,3
2022-06-23 13:45:00,3
2022-06-23 14:00:00,3
2022-06-28 13:30:00,3
2022-06-28 13:45:00,3
2022-06-28 14:00:00,3
2022-06-28 14:15:00,3
2022-06-28 14:30:00,3
2022-06-29 09:45:00,1
2022-06-29 10:00:00,1
2022-06-29 10:15:00,1
2022-06-29 10:30:00,1
2022-06-29 10:45:00,1
2022-06-30 10:00:00,1
2022-06-30 10:15:00,1
2022-06-30 10:30:00,1
2022-06-30 10:45:00,1
2022-06-30 11:00:00,1
2022-07-04 10:15:00,1
2022-07-04 10:30:00,1
2022-07-04 10:45:00,1
2022-07-04 11:00:00,1
2022-07-04 11:15:00,1
2022-07-05 13:45:00,3
2022-07-05 14:00:00,3
2022-07-05 14:15:00,3
2022-07-05 14:30:00,3
2022-07-05 14:45:00,3
2022-07-08 14:00:00,3
2022-07-08 14:15:00,3
2022-07-08 14:30:00,3
2022-07-08 14:45:00,3
2022-07-08 15:00:00,3
2022-07-12 09:45:00,2
2022-07-12 10:00:00,2
2022-07-12 10:15:00,2
2022-07-12 10:30:00,2
2022-07-12 10:45:00,2
2022-07-13 13:30:00,1
2022-07-13 13:45:00,1
2022-07-13 14:00:00,1
2022-07-13 14:15:00,1
2022-07-13 14:30:00,1
2022-07-14 13:15:00,2
2022-07-14 13:30:00,2
2022-07-14 13:45:00,2
2022-07-14 14:00:00,2
2022-07-14 14:15:00,2
2022-07-19 10:00:00,2
2022-07-19 10:15:00,2
2022-07-19 10:30:00,2
2022-07-19 10:45:00,2
2022-07-19 11:00:00,2
2022-07-20 11:30:00,3
2022-07-20 13:15:00,3
2022-07-20 13:30:00,3
2022-07-20 13:45:00,3
2022-07-20 14:00:00,3
2022-07-21 13:45:00,3
2022-07-21 14:00:00,3
2022-07-21 14:15:00,3
2022-07-21 14:30:00,3
2022-07-21 14:45:00,3
2022-07-22 10:30:00,2
2022-07-22 10:45:00,2
2022-07-22 11:00:00,2
2022-07-22 11:15:00,2
2022-07-22 11:30:00,2
2022-07-25 14:45:00,3
2022-07-25 15:00:00,3
2022-07-26 09:45:00,3
2022-07-26 10:00:00,3
2022-07-26 10:15:00,3
2022-07-27 13:15:00,3
2022-07-27 13:30:00,3
2022-07-27 13:45:00,3
2022-07-27 14:00:00,3
2022-07-27 14:15:00,3
2022-07-29 09:45:00,2
2022-07-29 10:00:00,2
2022-07-29 10:15:00,2
2022-07-29 10:30:00,2
2022-07-29 10:45:00,2
2022-08-01 14:15:00,2
2022-08-01 14:30:00,2
2022-08-01 14:45:00,2
2022-08-01 15:00:00,2
2022-08-02 09:45:00,2
2022-08-04 10:15:00,1
2022-08-04 10:30:00,1
2022-08-04 10:45:00,1
2022-08-04 11:00:00,1
2022-08-04 11:15:00,1
2022-08-10 10:00:00,2
2022-08-10 10:15:00,2
2022-08-10 10:30:00,2
2022-08-10 10:45:00,2
2022-08-10 11:00:00,2
2022-08-11 09:45:00,1
2022-08-11 10:00:00,1
2022-08-11 10:15:00,1
2022-08-11 10:30:00,1
2022-08-11 10:45:00,1
2022-08-15 09:45:00,3
2022-08-15 10:00:00,3
2022-08-15 10:15:00,3
2022-08-15 10:30:00,3
2022-08-15 10:45:00,3
2022-08-19 09:45:00,2
2022-08-19 10:00:00,2
2022-08-19 10:15:00,2
2022-08-19 10:30:00,2
2022-08-19 10:45:00,2
2022-08-22 13:45:00,3
2022-08-22 14:00:00,3
2022-08-22 14:15:00,3
2022-08-22 14:30:00,3
2022-08-22 14:45:00,3
2022-08-23 10:30:00,2
2022-08-23 10:45:00,2
2022-08-23 11:00:00,2
2022-08-23 11:15:00,2
2022-08-23 11:30:00,2
2022-08-24 10:00:00,2
2022-08-24 10:15:00,2
2022-08-24 10:30:00,2
2022-08-24 10:45:00,2
2022-08-24 11:00:00,2
2022-08-26 09:45:00,1
2022-08-26 10:00:00,1
2022-08-26 10:15:00,1
2022-08-26 10:30:00,1
2022-08-26 10:45:00,1
2022-08-30 14:00:00,3
2022-08-30 14:15:00,3
2022-08-30 14:30:00,3
2022-08-30 14:45:00,3
2022-08-30 15:00:00,3
2022-09-01 10:00:00,1
2022-09-01 10:15:00,1
2022-09-01 10:30:00,1
2022-09-01 10:45:00,1
2022-09-01 11:00:00,1
2022-09-05 14:45:00,1
2022-09-05 15:00:00,1
2022-09-06 09:45:00,1
2022-09-06 10:00:00,1
2022-09-06 10:15:00,1
2022-09-07 11:00:00,3
2022-09-07 11:15:00,3
2022-09-07 11:30:00,3
2022-09-07 13:15:00,3
2022-09-07 13:30:00,3
2022-09-09 15:00:00,2
2022-09-13 09:45:00,2
2022-09-13 10:00:00,2
2022-09-13 10:15:00,2
2022-09-13 10:30:00,2
2022-09-15 10:45:00,2
2022-09-15 11:00:00,2
2022-09-15 11:15:00,2
2022-09-15 11:30:00,2
2022-09-15 13:15:00,2
2022-09-19 10:00:00,2
2022-09-19 10:15:00,2
2022-09-19 10:30:00,2
2022-09-19 10:45:00,2
2022-09-19 11:00:00,2
2022-09-21 09:45:00,2
2022-09-21 10:00:00,2
2022-09-21 10:15:00,2
2022-09-21 10:30:00,2
2022-09-21 10:45:00,2
2022-09-30 09:45:00,1
2022-09-30 10:00:00,1
2022-09-30 10:15:00,1
2022-09-30 10:30:00,1
2022-09-30 10:45:00,1
2022-10-10 10:00:00,2
2022-10-10 10:15:00,2
2022-10-10 10:30:00,2
2022-10-10 10:45:00,2
2022-10-10 11:00:00,2
2022-10-11 10:00:00,2
2022-10-11 10:15:00,2
2022-10-11 10:30:00,2
2022-10-11 10:45:00,2
2022-10-11 11:00:00,2
2022-10-12 14:00:00,1
2022-10-12 14:15:00,1
2022-10-12 14:30:00,1
2022-10-12 14:45:00,1
2022-10-12 15:00:00,1
2022-10-17 10:00:00,1
2022-10-17 10:15:00,1
2022-10-17 10:30:00,1
2022-10-17 10:45:00,1
2022-10-17 11:00:00,1
2022-10-24 11:15:00,3
2022-10-24 11:30:00,3
2022-10-24 13:15:00,3
2022-10-24 13:30:00,3
2022-10-24 13:45:00,3
2022-10-26 10:15:00,1
2022-10-26 10:30:00,1
2022-10-26 10:45:00,1
2022-10-26 11:00:00,1
2022-10-26 11:15:00,1
2022-10-27 10:15:00,1
2022-10-27 10:30:00,1
2022-10-27 10:45:00,1
2022-10-27 11:00:00,1
2022-10-27 11:15:00,1
2022-10-28 10:45:00,2
2022-10-28 11:00:00,2
2022-10-28 11:15:00,2
2022-10-28 11:30:00,2
2022-10-28 13:15:00,2
2022-11-01 13:15:00,1
2022-11-01 13:30:00,1
2022-11-01 13:45:00,1
2022-11-01 14:00:00,1
2022-11-01 14:15:00,1
2022-11-03 09:45:00,2
2022-11-03 10:00:00,2
2022-11-03 10:15:00,2
2022-11-03 10:30:00,2
2022-11-03 10:45:00,2
2022-11-04 11:00:00,3
2022-11-04 11:15:00,3
2022-11-04 11:30:00,3
2022-11-04 13:15:00,3
2022-11-04 13:30:00,3
2022-11-08 11:00:00,3
2022-11-08 11:15:00,3
2022-11-08 11:30:00,3
2022-11-08 13:15:00,3
2022-11-08 13:30:00,3
2022-11-09 13:15:00,1
2022-11-09 13:30:00,1
2022-11-09 13:45:00,1
2022-11-09 14:00:00,1
2022-11-09 14:15:00,1
2022-11-14 13:15:00,1
2022-11-14 13:30:00,1
2022-11-14 13:45:00,1
2022-11-14 14:00:00,1
2022-11-14 14:15:00,1
2022-11-15 13:30:00,3
2022-11-15 13:45:00,3
2022-11-15 14:00:00,3
2022-11-15 14:15:00,3
2022-11-15 14:30:00,3
2022-11-16 10:45:00,2
2022-11-16 11:00:00,2
2022-11-16 11:15:00,2
2022-11-16 11:30:00,2
2022-11-16 13:15:00,2
2022-11-17 13:45:00,3
2022-11-17 14:00:00,3
2022-11-17 14:15:00,3
2022-11-17 14:30:00,3
2022-11-17 14:45:00,3
2022-11-21 10:00:00,1
2022-11-21 10:15:00,1
2022-11-21 10:30:00,1
2022-11-21 10:45:00,1
2022-11-21 11:00:00,1
2022-11-23 10:00:00,2
2022-11-23 10:15:00,2
2022-11-23 10:30:00,2
2022-11-23 10:45:00,2
2022-11-23 11:00:00,2
2022-11-24 10:15:00,3
2022-11-24 10:30:00,3
2022-11-24 10:45:00,3
2022-11-24 11:00:00,3
2022-11-24 11:15:00,3
2022-11-28 10:15:00,2
2022-11-28 10:30:00,2
2022-11-28 10:45:00,2
2022-11-28 11:00:00,2
2022-11-28 11:15:00,2
2022-11-29 14:15:00,3
2022-11-29 14:30:00,3
2022-11-29 14:45:00,3
2022-11-29 15:00:00,3
2022-11-30 09:45:00,3
2022-11-30 13:30:00,2
2022-11-30 13:45:00,2
2022-11-30 14:00:00,2
2022-11-30 14:15:00,2
2022-11-30 14:30:00,2
2022-12-08 13:30:00,3
2022-12-08 13:45:00,3
2022-12-08 14:00:00,3
2022-12-08 14:15:00,3
2022-12-08 14:30:00,3
2022-12-12 09:45:00,1
2022-12-12 10:00:00,1
2022-12-12 10:15:00,1
2022-12-12 10:30:00,1
2022-12-12 10:45:00,1
2022-12-13 13:15:00,1
2022-12-13 13:30:00,1
2022-12-13 13:45:00,1
2022-12-13 14:00:00,1
2022-12-13 14:15:00,1
2022-12-15 09:45:00,1
2022-12-15 10:00:00,1
2022-12-15 10:15:00,1
2022-12-15 10:30:00,1
2022-12-15 10:45:00,1
2022-12-19 09:45:00,2
2022-12-19 10:00:00,2
2022-12-19 10:15:00,2
2022-12-19 10:30:00,2
2022-12-19 10:45:00,2
2022-12-22 14:00:00,2
2022-12-22 14:15:00,2
2022-12-22 14:30:00,2
2022-12-22 14:45:00,2
2022-12-22 15:00:00,2
2022-12-26 10:00:00,1
2022-12-26 10:15:00,1
2022-12-26 10:30:00,1
2022-12-26 10:45:00,1
2022-12-26 11:00:00,1
2022-12-27 13:45:00,1
2022-12-27 14:00:00,1
2022-12-27 14:15:00,1
2022-12-27 14:30:00,1
2022-12-27 14:45:00,1
2022-12-29 10:00:00,1
2022-12-29 10:15:00,1
2022-12-29 10:30:00,1
2022-12-29 10:45:00,1
2022-12-29 11:00:00,1
2022-12-30 14:45:00,2
2022-12-30 15:00:00,2
2023-01-03 09:45:00,2
2023-01-03 10:00:00,2
2023-01-03 10:15:00,2
2023-01-03 14:45:00,1
2023-01-03 15:00:00,1
2023-01-04 09:45:00,1
2023-01-04 10:00:00,1
2023-01-04 10:15:00,1
2023-01-05 11:30:00,1
2023-01-05 13:15:00,1
2023-01-05 13:30:00,1
2023-01-05 13:45:00,1
2023-01-05 14:00:00,1
2023-01-09 14:30:00,1
2023-01-09 14:45:00,1
2023-01-09 15:00:00,1
2023-01-10 09:45:00,1
2023-01-10 10:00:00,1
2023-01-11 10:15:00,1
2023-01-11 10:30:00,1
2023-01-11 10:45:00,1
2023-01-11 11:00:00,1
2023-01-11 11:15:00,1
2023-01-12 10:00:00,2
2023-01-12 10:15:00,2
2023-01-12 10:30:00,2
2023-01-12 10:45:00,2
2023-01-12 11:00:00,2
2023-01-13 10:30:00,3
2023-01-13 10:45:00,3
2023-01-13 11:00:00,3
2023-01-13 11:15:00,3
2023-01-13 11:30:00,3
2023-01-16 13:30:00,2
2023-01-16 13:45:00,2
2023-01-16 14:00:00,2
2023-01-16 14:15:00,2
2023-01-16 14:30:00,2
2023-01-19 09:45:00,2
2023-01-19 10:00:00,2
2023-01-19 10:15:00,2
2023-01-19 10:30:00,2
2023-01-19 10:45:00,2
2023-01-30 09:45:00,2
2023-01-30 10:00:00,2
2023-01-30 10:15:00,2
2023-01-30 10:30:00,2
2023-01-30 10:45:00,2
2023-02-01 11:00:00,3
2023-02-01 11:15:00,3
2023-02-01 11:30:00,3
2023-02-01 13:15:00,3
2023-02-01 13:30:00,3
2023-02-01 14:15:00,1
2023-02-01 14:30:00,1
2023-02-01 14:45:00,1
2023-02-01 15:00:00,1
2023-02-02 09:45:00,1
2023-02-03 10:00:00,2
2023-02-03 10:15:00,2
2023-02-03 10:30:00,2
2023-02-03 10:45:00,2
2023-02-03 11:00:00,2
2023-02-09 10:45:00,3
2023-02-09 11:00:00,3
2023-02-09 11:15:00,3
2023-02-09 11:30:00,3
2023-02-09 13:15:00,3
2023-02-10 10:15:00,2
2023-02-10 10:30:00,2
2023-02-10 10:45:00,2
2023-02-10 11:00:00,2
2023-02-10 11:15:00,2
2023-02-13 15:00:00,3
2023-02-14 09:45:00,3
2023-02-14 10:00:00,3
2023-02-14 10:15:00,3
2023-02-14 10:30:00,3
2023-02-16 13:45:00,2
2023-02-16 14:00:00,2
2023-02-16 14:15:00,2
2023-02-16 14:30:00,2
2023-02-16 14:45:00,2
2023-02-21 09:45:00,2
2023-02-21 10:00:00,2
2023-02-21 10:15:00,2
2023-02-21 10:30:00,2
2023-02-21 10:45:00,2
2023-02-22 10:15:00,3
2023-02-22 10:30:00,3
2023-02-22 10:45:00,3
2023-02-22 11:00:00,3
2023-02-22 11:15:00,3
2023-02-23 10:15:00,2
2023-02-23 10:30:00,2
2023-02-23 10:45:00,2
2023-02-23 11:00:00,2
2023-02-23 11:15:00,2
2023-02-24 14:45:00,3
2023-02-24 15:00:00,3
2023-02-27 09:45:00,3
2023-02-27 10:00:00,3
2023-02-27 10:15:00,3
2023-02-28 10:15:00,3
2023-02-28 10:30:00,3
2023-02-28 10:45:00,3
2023-02-28 11:00:00,3
2023-02-28 11:15:00,3
2023-02-28 14:00:00,1
2023-02-28 14:15:00,1
2023-02-28 14:30:00,1
2023-02-28 14:45:00,1
2023-02-28 15:00:00,1
2023-03-02 09:45:00,2
2023-03-02 10:00:00,2
2023-03-02 10:15:00,2
2023-03-02 10:30:00,2
2023-03-02 10:45:00,2
2023-03-06 09:45:00,1
2023-03-06 10:00:00,1
2023-03-06 10:15:00,1
2023-03-06 10:30:00,1
2023-03-06 10:45:00,1
2023-03-07 10:15:00,2
2023-03-07 10:30:00,2
2023-03-07 10:45:00,2
2023-03-07 11:00:00,2
2023-03-07 11:15:00,2
2023-03-10 13:15:00,3
2023-03-10 13:30:00,3
2023-03-10 13:45:00,3
2023-03-10 14:00:00,3
2023-03-10 14:15:00,3
2023-03-16 13:30:00,3
2023-03-16 13:45:00,3
2023-03-16 14:00:00,3
2023-03-16 14:15:00,3
2023-03-16 14:30:00,3
2023-03-20 10:00:00,2
2023-03-20 10:15:00,2
2023-03-20 10:30:00,2
2023-03-20 10:45:00,2
2023-03-20 11:00:00,2
2023-03-21 10:00:00,1
2023-03-21 10:15:00,1
2023-03-21 10:30:00,1
2023-03-21 10:45:00,1
2023-03-21 11:00:00,1
2023-03-23 11:00:00,2
2023-03-23 11:15:00,2
2023-03-23 11:30:00,2
2023-03-23 13:15:00,2
2023-03-23 13:30:00,2
2023-03-27 10:00:00,1
2023-03-27 10:15:00,1
2023-03-27 10:30:00,1
2023-03-27 10:45:00,1
2023-03-27 11:00:00,1
2023-03-29 09:45:00,2
2023-03-29 10:00:00,2
2023-03-29 10:15:00,2
2023-03-29 10:30:00,2
2023-03-29 10:45:00,2
2023-03-29 14:30:00,3
2023-03-29 14:45:00,3
2023-03-29 15:00:00,3
2023-03-30 09:45:00,3
2023-03-30 10:00:00,3
2023-03-31 09:45:00,1
2023-03-31 10:00:00,1
2023-03-31 10:15:00,1
2023-03-31 10:30:00,1
2023-03-31 10:45:00,1
2023-04-04 09:45:00,1
2023-04-04 10:00:00,1
2023-04-04 10:15:00,1
2023-04-04 10:30:00,1
2023-04-04 10:45:00,1
2023-04-07 09:45:00,1
2023-04-07 10:00:00,1
2023-04-07 10:15:00,1
2023-04-07 10:30:00,1
2023-04-07 10:45:00,1
2023-04-10 14:45:00,3
2023-04-10 15:00:00,3
2023-04-11 09:45:00,3
2023-04-11 10:00:00,3
2023-04-11 10:15:00,3
2023-04-13 11:00:00,3
2023-04-13 11:15:00,3
2023-04-13 11:30:00,3
2023-04-13 13:15:00,3
2023-04-13 13:30:00,3
2023-04-19 10:00:00,2
2023-04-19 10:15:00,2
2023-04-19 10:30:00,2
2023-04-19 10:45:00,2
2023-04-19 11:00:00,2
2023-04-24 13:45:00,2
2023-04-24 14:00:00,2
2023-04-24 14:15:00,2
2023-04-24 14:30:00,2
2023-04-24 14:45:00,2
2023-04-26 09:45:00,1
2023-04-26 10:00:00,1
2023-04-26 10:15:00,1
2023-04-26 10:30:00,1
2023-04-26 10:45:00,1
2023-05-04 13:45:00,2
2023-05-04 14:00:00,2
2023-05-04 14:15:00,2
2023-05-04 14:30:00,2
2023-05-04 14:45:00,2
2023-05-08 10:15:00,2
2023-05-08 10:30:00,2
2023-05-08 10:45:00,2
2023-05-08 11:00:00,2
2023-05-08 11:15:00,2
2023-05-11 09:45:00,3
2023-05-11 10:00:00,3
2023-05-11 10:15:00,3
2023-05-11 10:30:00,3
2023-05-11 10:45:00,3
2023-05-12 11:30:00,2
2023-05-12 13:15:00,2
2023-05-12 13:30:00,2
2023-05-12 13:45:00,2
2023-05-12 14:00:00,2
2023-05-15 14:30:00,1
2023-05-15 14:45:00,1
2023-05-15 15:00:00,1
2023-05-16 09:45:00,1
2023-05-16 10:00:00,1
2023-05-19 10:30:00,1
2023-05-19 10:45:00,1
2023-05-19 11:00:00,1
2023-05-19 11:15:00,1
2023-05-19 11:30:00,1
2023-05-23 09:45:00,1
2023-05-23 10:00:00,1
2023-05-23 10:15:00,1
2023-05-23 10:30:00,1
2023-05-23 10:45:00,1
2023-05-24 09:45:00,2
2023-05-24 10:00:00,2
2023-05-24 10:15:00,2
2023-05-24 10:30:00,2
2023-05-24 10:45:00,2
2023-05-25 14:30:00,3
2023-05-25 14:45:00,3
2023-05-25 15:00:00,3
2023-05-26 09:45:00,3
2023-05-26 10:00:00,3
2023-05-31 14:45:00,3
2023-05-31 15:00:00,3
2023-06-01 09:45:00,3
2023-06-01 10:00:00,3
2023-06-01 10:15:00,3
2023-06-01 13:45:00,3
2023-06-01 14:00:00,3
2023-06-01 14:15:00,3
2023-06-01 14:30:00,3
2023-06-01 14:45:00,3
2023-06-06 09:45:00,2
2023-06-06 10:00:00,2
2023-06-06 10:15:00,2
2023-06-06 10:30:00,2
2023-06-06 10:45:00,2
2023-06-15 11:00:00,1
2023-06-15 11:15:00,1
2023-06-15 11:30:00,1
2023-06-15 13:15:00,1
2023-06-15 13:30:00,1
2023-06-20 15:00:00,2
2023-06-21 09:45:00,2
2023-06-21 10:00:00,2
2023-06-21 10:15:00,2
2023-06-21 10:30:00,2
2023-06-27 13:15:00,3
2023-06-27 13:30:00,3
2023-06-27 13:45:00,3
2023-06-27 14:00:00,3
2023-06-27 14:15:00,3
2023-06-28 13:30:00,1
2023-06-28 13:45:00,1
2023-06-28 14:00:00,1
2023-06-28 14:15:00,1
2023-06-28 14:30:00,1
2023-06-30 09:45:00,1
2023-06-30 10:00:00,1
2023-06-30 10:15:00,1
2023-06-30 10:30:00,1
2023-06-30 10:45:00,1
2023-07-04 10:30:00,1
2023-07-04 10:45:00,1
2023-07-04 11:00:00,1
2023-07-04 11:15:00,1
2023-07-04 11:30:00,1
2023-07-07 11:15:00,3
2023-07-07 11:30:00,3
2023-07-07 13:15:00,3
2023-07-07 13:30:00,3
2023-07-07 13:45:00,3
2023-07-10 10:00:00,1
2023-07-10 10:15:00,1
2023-07-10 10:30:00,1
2023-07-10 10:45:00,1
2023-07-10 11:00:00,1
2023-07-12 09:45:00,3
2023-07-12 10:00:00,3
2023-07-12 10:15:00,3
2023-07-12 10:30:00,3
2023-07-12 10:45:00,3
2023-07-13 13:45:00,3
2023-07-13 14:00:00,3
2023-07-13 14:15:00,3
2023-07-13 14:30:00,3
2023-07-13 14:45:00,3
2023-07-14 13:30:00,2
2023-07-14 13:45:00,2
2023-07-14 14:00:00,2
2023-07-14 14:15:00,2
2023-07-14 14:30:00,2
2023-07-18 11:30:00,3
2023-07-18 13:15:00,3
2023-07-18 13:30:00,3
2023-07-18 13:45:00,3
2023-07-18 14:00:00,3
2023-07-20 13:15:00,3
2023-07-20 13:30:00,3
2023-07-20 13:45:00,3
2023-07-20 14:00:00,3
2023-07-20 14:15:00,3
2023-07-24 10:30:00,3
2023-07-24 10:45:00,3
2023-07-24 11:00:00,3
2023-07-24 11:15:00,3
2023-07-24 11:30:00,3
2023-07-24 15:00:00,3
2023-07-25 09:45:00,3
2023-07-25 10:00:00,3
2023-07-25 10:15:00,3
2023-07-25 10:30:00,3
2023-07-26 10:30:00,1
2023-07-26 10:45:00,1
2023-07-26 11:00:00,1
2023-07-26 11:15:00,1
2023-07-26 11:30:00,1
2023-07-28 11:30:00,1
2023-07-28 13:15:00,1
2023-07-28 13:30:00,1
2023-07-28 13:45:00,1
2023-07-28 14:00:00,1
2023-08-03 09:45:00,1
2023-08-03 10:00:00,1
2023-08-03 10:15:00,1
2023-08-03 10:30:00,1
2023-08-03 10:45:00,1
2023-08-04 13:30:00,3
2023-08-04 13:45:00,3
2023-08-04 14:00:00,3
2023-08-04 14:15:00,3
2023-08-04 14:30:00,3
2023-08-07 10:00:00,2
2023-08-07 10:15:00,2
2023-08-07 10:30:00,2
2023-08-07 10:45:00,2
2023-08-07 11:00:00,2
2023-08-10 10:45:00,2
2023-08-10 11:00:00,2
2023-08-10 11:15:00,2
2023-08-10 11:30:00,2
2023-08-10 13:15:00,2
2023-08-15 13:45:00,3
2023-08-15 14:00:00,3
2023-08-15 14:15:00,3
2023-08-15 14:30:00,3
2023-08-15 14:45:00,3
2023-08-17 10:00:00,2
2023-08-17 10:15:00,2
2023-08-17 10:30:00,2
2023-08-17 10:45:00,2
2023-08-17 11:00:00,2
2023-08-21 10:00:00,2
2023-08-21 10:15:00,2
2023-08-21 10:30:00,2
2023-08-21 10:45:00,2
2023-08-21 11:00:00,2
2023-08-22 10:00:00,2
2023-08-22 10:15:00,2
2023-08-22 10:30:00,2
2023-08-22 10:45:00,2
2023-08-22 11:00:00,2
2023-08-24 10:15:00,2
2023-08-24 10:30:00,2
2023-08-24 10:45:00,2
2023-08-24 11:00:00,2
2023-08-24 11:15:00,2
2023-08-25 13:45:00,3
2023-08-25 14:00:00,3
2023-08-25 14:15:00,3
2023-08-25 14:30:00,3
2023-08-25 14:45:00,3
2023-08-29 11:15:00,1
2023-08-29 11:30:00,1
2023-08-29 13:15:00,1
2023-08-29 13:30:00,1
2023-08-29 13:45:00,1
2023-09-01 10:00:00,1
2023-09-01 10:15:00,1
2023-09-01 10:30:00,1
2023-09-01 10:45:00,1
2023-09-01 11:00:00,1
2023-09-05 13:45:00,3
2023-09-05 14:00:00,3
2023-09-05 14:15:00,3
2023-09-05 14:30:00,3
2023-09-05 14:45:00,3
2023-09-06 09:45:00,2
2023-09-06 10:00:00,2
2023-09-06 10:15:00,2
2023-09-06 10:30:00,2
2023-09-06 10:45:00,2
2023-09-11 10:30:00,1
2023-09-11 10:45:00,1
2023-09-11 11:00:00,1
2023-09-11 11:15:00,1
2023-09-11 11:30:00,1
2023-09-18 10:45:00,3
2023-09-18 11:00:00,3
2023-09-18 11:15:00,3
2023-09-18 11:30:00,3
2023-09-18 13:15:00,3
2023-09-20 10:15:00,3
2023-09-20 10:30:00,3
2023-09-20 10:45:00,3
2023-09-20 11:00:00,3
2023-09-20 11:15:00,3
2023-09-20 13:15:00,2
2023-09-20 13:30:00,2
2023-09-20 13:45:00,2
2023-09-20 14:00:00,2
2023-09-20 14:15:00,2
2023-09-22 14:00:00,1
2023-09-22 14:15:00,1
2023-09-22 14:30:00,1
2023-09-22 14:45:00,1
2023-09-22 15:00:00,1
2023-09-27 09:45:00,1
2023-09-27 10:00:00,1
2023-09-27 10:15:00,1
2023-09-27 10:30:00,1
2023-09-27 10:45:00,1
2023-09-28 13:45:00,3
2023-09-28 14:00:00,3
2023-09-28 14:15:00,3
2023-09-28 14:30:00,3
2023-09-28 14:45:00,3
2023-10-09 09:45:00,2
2023-10-09 10:00:00,2
2023-10-09 10:15:00,2
2023-10-09 10:30:00,2
2023-10-09 10:45:00,2
2023-10-10 10:15:00,2
2023-10-10 10:30:00,2
2023-10-10 10:45:00,2
2023-10-10 11:00:00,2
2023-10-10 11:15:00,2
2023-10-13 09:45:00,1
2023-10-13 10:00:00,1
2023-10-13 10:15:00,1
2023-10-13 10:30:00,1
2023-10-13 10:45:00,1
2023-10-16 11:15:00,2
2023-10-16 11:30:00,2
2023-10-16 13:15:00,2
2023-10-16 13:30:00,2
2023-10-16 13:45:00,2
2023-10-25 09:45:00,3
2023-10-25 10:00:00,3
2023-10-25 10:15:00,3
2023-10-25 10:30:00,3
2023-10-25 10:45:00,3
2023-10-26 09:45:00,2
2023-10-26 10:00:00,2
2023-10-26 10:15:00,2
2023-10-26 10:30:00,2
2023-10-26 10:45:00,2
2023-10-30 10:00:00,1
2023-10-30 10:15:00,1
2023-10-30 10:30:00,1
2023-10-30 10:45:00,1
2023-10-30 11:00:00,1
2023-11-01 09:45:00,2
2023-11-01 10:00:00,2
2023-11-01 10:15:00,2
2023-11-01 10:30:00,2
2023-11-01 10:45:00,2
2023-11-03 10:00:00,3
2023-11-03 10:15:00,3
2023-11-03 10:30:00,3
2023-11-03 10:45:00,3
2023-11-03 11:00:00,3
2023-11-06 10:00:00,1
2023-11-06 10:15:00,1
2023-11-06 10:30:00,1
2023-11-06 10:45:00,1
2023-11-06 11:00:00,1
2023-11-09 11:00:00,2
2023-11-09 11:15:00,2
2023-11-09 11:30:00,2
2023-11-09 13:15:00,2
2023-11-09 13:30:00,2
2023-11-10 11:15:00,3
2023-11-10 11:30:00,3
2023-11-10 13:15:00,3
2023-11-10 13:30:00,3
2023-11-10 13:45:00,3
2023-11-13 10:00:00,2
2023-11-13 10:15:00,2
2023-11-13 10:30:00,2
2023-11-13 10:45:00,2
2023-11-13 11:00:00,2
2023-11-15 15:00:00,2
2023-11-16 09:45:00,2
2023-11-16 10:00:00,2
2023-11-16 10:15:00,2
2023-11-16 10:30:00,2
2023-11-20 10:45:00,2
2023-11-20 11:00:00,2
2023-11-20 11:15:00,2
2023-11-20 11:30:00,2
2023-11-20 13:15:00,2
2023-11-21 15:00:00,2
2023-11-22 09:45:00,2
2023-11-22 10:00:00,2
2023-11-22 10:15:00,2
2023-11-22 10:30:00,2
2023-11-23 11:30:00,1
2023-11-23 13:15:00,1
2023-11-23 13:30:00,1
2023-11-23 13:45:00,1
2023-11-23 14:00:00,1
2023-11-27 09:45:00,2
2023-11-27 10:00:00,2
2023-11-27 10:15:00,2
2023-11-27 10:30:00,2
2023-11-27 10:45:00,2
2023-11-29 10:30:00,3
2023-11-29 10:45:00,3
2023-11-29 11:00:00,3
2023-11-29 11:15:00,3
2023-11-29 11:30:00,3
2023-11-29 14:15:00,2
2023-11-29 14:30:00,2
2023-11-29 14:45:00,2
2023-11-29 15:00:00,2
2023-11-30 09:45:00,2
2023-11-30 14:15:00,3
2023-11-30 14:30:00,3
2023-11-30 14:45:00,3
2023-11-30 15:00:00,3
2023-12-01 09:45:00,3
2023-12-04 10:00:00,2
2023-12-04 10:15:00,2
2023-12-04 10:30:00,2
2023-12-04 10:45:00,2
2023-12-04 11:00:00,2
2023-12-07 09:45:00,2
2023-12-07 10:00:00,2
2023-12-07 10:15:00,2
2023-12-07 10:30:00,2
2023-12-07 10:45:00,2
2023-12-08 11:30:00,3
2023-12-08 13:15:00,3
2023-12-08 13:30:00,3
2023-12-08 13:45:00,3
2023-12-08 14:00:00,3
2023-12-14 10:00:00,2
2023-12-14 10:15:00,2
2023-12-14 10:30:00,2
2023-12-14 10:45:00,2
2023-12-14 11:00:00,2
2023-12-18 10:00:00,2
2023-12-18 10:15:00,2
2023-12-18 10:30:00,2
2023-12-18 10:45:00,2
2023-12-18 11:00:00,2
2023-12-19 10:00:00,2
2023-12-19 10:15:00,2
2023-12-19 10:30:00,2
2023-12-19 10:45:00,2
2023-12-19 11:00:00,2
2023-12-22 11:30:00,3
2023-12-22 13:15:00,3
2023-12-22 13:30:00,3
2023-12-22 13:45:00,3
2023-12-22 14:00:00,3
2023-12-25 10:30:00,2
2023-12-25 10:45:00,2
2023-12-25 11:00:00,2
2023-12-25 11:15:00,2
2023-12-25 11:30:00,2
2023-12-27 11:30:00,3
2023-12-27 13:15:00,3
2023-12-27 13:30:00,3
2023-12-27 13:45:00,3
2023-12-27 14:00:00,3
2023-12-29 10:15:00,1
2023-12-29 10:30:00,1
2023-12-29 10:45:00,1
2023-12-29 11:00:00,1
2023-12-29 11:15:00,1
2024-01-03 13:15:00,2
2024-01-03 13:30:00,2
2024-01-03 13:45:00,2
2024-01-03 14:00:00,2
2024-01-03 14:15:00,2
2024-01-05 09:45:00,2
2024-01-05 10:00:00,2
2024-01-05 10:15:00,2
2024-01-05 10:30:00,2
2024-01-05 10:45:00,2
2024-01-08 10:00:00,2
2024-01-08 10:15:00,2
2024-01-08 10:30:00,2
2024-01-08 10:45:00,2
2024-01-08 11:00:00,2
2024-01-10 10:00:00,3
2024-01-10 10:15:00,3
2024-01-10 10:30:00,3
2024-01-10 10:45:00,3
2024-01-10 11:00:00,3
2024-01-12 11:30:00,2
2024-01-12 13:15:00,2
2024-01-12 13:30:00,2
2024-01-12 13:45:00,2
2024-01-12 14:00:00,2
2024-01-17 10:00:00,2
2024-01-17 10:15:00,2
2024-01-17 10:30:00,2
2024-01-17 10:45:00,2
2024-01-17 11:00:00,2
2024-01-18 10:00:00,2
2024-01-18 10:15:00,2
2024-01-18 10:30:00,2
2024-01-18 10:45:00,2
2024-01-18 11:00:00,2
2024-01-19 13:15:00,2
2024-01-19 13:30:00,2
2024-01-19 13:45:00,2
2024-01-19 14:00:00,2
2024-01-19 14:15:00,2
2024-01-23 14:30:00,3
2024-01-23 14:45:00,3
2024-01-23 15:00:00,3
2024-01-24 09:45:00,3
2024-01-24 10:00:00,3
2024-01-25 10:30:00,1
2024-01-25 10:45:00,1
2024-01-25 11:00:00,1
2024-01-25 11:15:00,1
2024-01-25 11:30:00,1
2024-01-26 14:15:00,2
2024-01-26 14:30:00,2
2024-01-26 14:45:00,2
2024-01-26 15:00:00,2
2024-01-29 09:45:00,2
2024-01-30 10:00:00,2
2024-01-30 10:15:00,2
2024-01-30 10:30:00,2
2024-01-30 10:45:00,2
2024-01-30 11:00:00,2
2024-01-31 10:30:00,2
2024-01-31 10:45:00,2
2024-01-31 11:00:00,2
2024-01-31 11:15:00,2
2024-01-31 11:30:00,2
2024-02-01 15:00:00,3
2024-02-02 09:45:00,3
2024-02-02 10:00:00,3
2024-02-02 10:15:00,3
2024-02-02 10:30:00,3
2024-02-02 11:30:00,2
2024-02-02 13:15:00,2
2024-02-02 13:30:00,2
2024-02-02 13:45:00,2
2024-02-02 14:00:00,2
2024-02-05 13:45:00,1
2024-02-05 14:00:00,1
2024-02-05 14:15:00,1
2024-02-05 14:30:00,1
2024-02-05 14:45:00,1
2024-02-07 10:00:00,1
2024-02-07 10:15:00,1
2024-02-07 10:30:00,1
2024-02-07 10:45:00,1
2024-02-07 11:00:00,1
2024-02-19 14:45:00,3
2024-02-19 15:00:00,3
2024-02-20 09:45:00,3
2024-02-20 10:00:00,3
2024-02-20 10:15:00,3
2024-02-21 09:45:00,3
2024-02-21 10:00:00,3
2024-02-21 10:15:00,3
2024-02-21 10:30:00,3
2024-02-21 10:45:00,3
2024-02-22 13:45:00,3
2024-02-22 14:00:00,3
2024-02-22 14:15:00,3
2024-02-22 14:30:00,3
2024-02-22 14:45:00,3
2024-02-23 15:00:00,1
2024-02-26 09:45:00,1
2024-02-26 10:00:00,1
2024-02-26 10:15:00,1
2024-02-26 10:30:00,1
2024-02-27 14:45:00,1
2024-02-27 15:00:00,1
2024-02-28 09:45:00,1
2024-02-28 10:00:00,1
2024-02-28 10:15:00,1
2024-03-05 10:30:00,2
2024-03-05 10:45:00,2
2024-03-05 11:00:00,2
2024-03-05 11:15:00,2
2024-03-05 11:30:00,2
2024-03-06 14:00:00,3
2024-03-06 14:15:00,3
2024-03-06 14:30:00,3
2024-03-06 14:45:00,3
2024-03-06 15:00:00,3
2024-03-07 11:00:00,2
2024-03-07 11:15:00,2
2024-03-07 11:30:00,2
2024-03-07 13:15:00,2
2024-03-07 13:30:00,2
2024-03-11 11:15:00,3
2024-03-11 11:30:00,3
2024-03-11 13:15:00,3
2024-03-11 13:30:00,3
2024-03-11 13:45:00,3
2024-03-12 10:00:00,1
2024-03-12 10:15:00,1
2024-03-12 10:30:00,1
2024-03-12 10:45:00,1
2024-03-12 11:00:00,1
2024-03-14 14:15:00,2
2024-03-14 14:30:00,2
2024-03-14 14:45:00,2
2024-03-14 15:00:00,2
2024-03-15 09:45:00,2
2024-03-18 13:15:00,1
2024-03-18 13:30:00,1
2024-03-18 13:45:00,1
2024-03-18 14:00:00,1
2024-03-18 14:15:00,1
2024-03-19 11:00:00,3
2024-03-19 11:15:00,3
2024-03-19 11:30:00,3
2024-03-19 13:15:00,3
2024-03-19 13:30:00,3
2024-03-21 10:30:00,2
2024-03-21 10:45:00,2
2024-03-21 11:00:00,2
2024-03-21 11:15:00,2
2024-03-21 11:30:00,2
2024-03-27 11:30:00,3
2024-03-27 13:15:00,3
2024-03-27 13:30:00,3
2024-03-27 13:45:00,3
2024-03-27 14:00:00,3
2024-04-01 10:15:00,1
2024-04-01 10:30:00,1
2024-04-01 10:45:00,1
2024-04-01 11:00:00,1
2024-04-01 11:15:00,1
2024-04-08 10:00:00,2
2024-04-08 10:15:00,2
2024-04-08 10:30:00,2
2024-04-08 10:45:00,2
2024-04-08 11:00:00,2
2024-04-10 10:00:00,1
2024-04-10 10:15:00,1
2024-04-10 10:30:00,1
2024-04-10 10:45:00,1
2024-04-10 11:00:00,1
2024-04-12 14:00:00,1
2024-04-12 14:15:00,1
2024-04-12 14:30:00,1
2024-04-12 14:45:00,1
2024-04-12 15:00:00,1
2024-04-15 14:45:00,1
2024-04-15 15:00:00,1
2024-04-16 09:45:00,1
2024-04-16 10:00:00,1
2024-04-16 10:15:00,1
2024-04-17 14:15:00,1
2024-04-17 14:30:00,1
2024-04-17 14:45:00,1
2024-04-17 15:00:00,1
2024-04-18 09:45:00,1
2024-04-18 14:45:00,3
2024-04-18 15:00:00,3
2024-04-19 09:45:00,3
2024-04-19 10:00:00,3
2024-04-19 10:15:00,3
2024-04-19 14:15:00,1
2024-04-19 14:30:00,1
2024-04-19 14:45:00,1
2024-04-19 15:00:00,1
2024-04-22 09:45:00,1
2024-04-23 14:45:00,3
2024-04-23 15:00:00,3
2024-04-24 09:45:00,3
2024-04-24 10:00:00,3
2024-04-24 10:15:00,3
2024-04-26 11:30:00,1
2024-04-26 13:15:00,1
2024-04-26 13:30:00,1
2024-04-26 13:45:00,1
2024-04-26 14:00:00,1
2024-04-30 10:15:00,1
2024-04-30 10:30:00,1
2024-04-30 10:45:00,1
2024-04-30 11:00:00,1
2024-04-30 11:15:00,1
2024-05-09 09:45:00,1
2024-05-09 10:00:00,1
2024-05-09 10:15:00,1
2024-05-09 10:30:00,1
2024-05-09 10:45:00,1
2024-05-10 09:45:00,2
2024-05-10 10:00:00,2
2024-05-10 10:15:00,2
2024-05-10 10:30:00,2
2024-05-10 10:45:00,2
2024-05-21 10:15:00,3
2024-05-21 10:30:00,3
2024-05-21 10:45:00,3
2024-05-21 11:00:00,3
2024-05-21 11:15:00,3
2024-05-22 13:30:00,3
2024-05-22 13:45:00,3
2024-05-22 14:00:00,3
2024-05-22 14:15:00,3
2024-05-22 14:30:00,3
2024-05-23 10:45:00,3
2024-05-23 11:00:00,3
2024-05-23 11:15:00,3
2024-05-23 11:30:00,3
2024-05-23 13:15:00,3
2024-05-24 09:45:00,1
2024-05-24 10:00:00,1
2024-05-24 10:15:00,1
2024-05-24 10:30:00,1
2024-05-24 10:45:00,1
2024-05-24 15:00:00,2
2024-05-27 09:45:00,2
2024-05-27 10:00:00,2
2024-05-27 10:15:00,2
2024-05-27 10:30:00,2
2024-05-28 09:45:00,2
2024-05-28 10:00:00,2
2024-05-28 10:15:00,2
2024-05-28 10:30:00,2
2024-05-28 10:45:00,2
2024-05-30 09:45:00,3
2024-05-30 10:00:00,3
2024-05-30 10:15:00,3
2024-05-30 10:30:00,3
2024-05-30 10:45:00,3
2024-05-30 13:45:00,3
2024-05-30 14:00:00,3
2024-05-30 14:15:00,3
2024-05-30 14:30:00,3
2024-05-30 14:45:00,3
2024-05-31 10:00:00,1
2024-05-31 10:15:00,1
2024-05-31 10:30:00,1
2024-05-31 10:45:00,1
2024-05-31 11:00:00,1
2024-06-04 10:00:00,1
2024-06-04 10:15:00,1
2024-06-04 10:30:00,1
2024-06-04 10:45:00,1
2024-06-04 11:00:00,1
2024-06-05 13:15:00,3
2024-06-05 13:30:00,3
2024-06-05 13:45:00,3
2024-06-05 14:00:00,3
2024-06-05 14:15:00,3
2024-06-06 11:00:00,3
2024-06-06 11:15:00,3
2024-06-06 11:30:00,3
2024-06-06 13:15:00,3
2024-06-06 13:30:00,3
2024-06-07 10:45:00,2
2024-06-07 11:00:00,2
2024-06-07 11:15:00,2
2024-06-07 11:30:00,2
2024-06-07 13:15:00,2
2024-06-12 11:30:00,2
2024-06-12 13:15:00,2
2024-06-12 13:30:00,2
2024-06-12 13:45:00,2
2024-06-12 14:00:00,2
2024-06-14 10:15:00,3
2024-06-14 10:30:00,3
2024-06-14 10:45:00,3
2024-06-14 11:00:00,3
2024-06-14 11:15:00,3
2024-06-19 09:45:00,2
2024-06-19 10:00:00,2
2024-06-19 10:15:00,2
2024-06-19 10:30:00,2
2024-06-19 10:45:00,2
2024-06-20 10:15:00,2
2024-06-20 10:30:00,2
2024-06-20 10:45:00,2
2024-06-20 11:00:00,2
2024-06-20 11:15:00,2
2024-06-21 10:00:00,1
2024-06-21 10:15:00,1
2024-06-21 10:30:00,1
2024-06-21 10:45:00,1
2024-06-21 11:00:00,1
2024-06-25 11:15:00,2
2024-06-25 11:30:00,2
2024-06-25 13:15:00,2
2024-06-25 13:30:00,2
2024-06-25 13:45:00,2
2024-06-26 13:15:00,3
2024-06-26 13:30:00,3
2024-06-26 13:45:00,3
2024-06-26 14:00:00,3
2024-06-26 14:15:00,3
2024-06-28 10:45:00,3
2024-06-28 11:00:00,3
2024-06-28 11:15:00,3
2024-06-28 11:30:00,3
2024-06-28 13:15:00,3
2024-06-28 13:45:00,2
2024-06-28 14:00:00,2
2024-06-28 14:15:00,2
2024-06-28 14:30:00,2
2024-06-28 14:45:00,2
2024-07-03 10:00:00,3
2024-07-03 10:15:00,3
2024-07-03 10:30:00,3
2024-07-03 10:45:00,3
2024-07-03 11:00:00,3
2024-07-04 10:00:00,2
2024-07-04 10:15:00,2
2024-07-04 10:30:00,2
2024-07-04 10:45:00,2
2024-07-04 11:00:00,2
2024-07-05 10:00:00,1
2024-07-05 10:15:00,1
2024-07-05 10:30:00,1
2024-07-05 10:45:00,1
2024-07-05 11:00:00,1
2024-07-08 10:00:00,1
2024-07-08 10:15:00,1
2024-07-08 10:30:00,1
2024-07-08 10:45:00,1
2024-07-08 11:00:00,1
2024-07-10 09:45:00,1
2024-07-10 10:00:00,1
2024-07-10 10:15:00,1
2024-07-10 10:30:00,1
2024-07-10 10:45:00,1
2024-07-11 13:30:00,3
2024-07-11 13:45:00,3
2024-07-11 14:00:00,3
2024-07-11 14:15:00,3
2024-07-11 14:30:00,3
2024-07-12 10:30:00,3
2024-07-12 10:45:00,3
2024-07-12 11:00:00,3
2024-07-12 11:15:00,3
2024-07-12 11:30:00,3
2024-07-15 10:30:00,2
2024-07-15 10:45:00,2
2024-07-15 11:00:00,2
2024-07-15 11:15:00,2
2024-07-15 11:30:00,2
2024-07-22 10:30:00,1
2024-07-22 10:45:00,1
2024-07-22 11:00:00,1
2024-07-22 11:15:00,1
2024-07-22 11:30:00,1
2024-07-23 10:15:00,2
2024-07-23 10:30:00,2
2024-07-23 10:45:00,2
2024-07-23 11:00:00,2
2024-07-23 11:15:00,2
2024-07-29 09:45:00,2
2024-07-29 10:00:00,2
2024-07-29 10:15:00,2
2024-07-29 10:30:00,2
2024-07-29 10:45:00,2
2024-07-31 10:15:00,1
2024-07-31 10:30:00,1
2024-07-31 10:45:00,1
2024-07-31 11:00:00,1
2024-07-31 11:15:00,1
2024-08-01 13:15:00,1
2024-08-01 13:30:00,1
2024-08-01 13:45:00,1
2024-08-01 14:00:00,1
2024-08-01 14:15:00,1
2024-08-07 14:00:00,3
2024-08-07 14:15:00,3
2024-08-07 14:30:00,3
2024-08-07 14:45:00,3
2024-08-07 15:00:00,3
2024-08-08 10:45:00,1
2024-08-08 11:00:00,1
2024-08-08 11:15:00,1
2024-08-08 11:30:00,1
2024-08-08 13:15:00,1
2024-08-12 10:00:00,1
2024-08-12 10:15:00,1
2024-08-12 10:30:00,1
2024-08-12 10:45:00,1
2024-08-12 11:00:00,1
2024-08-14 09:45:00,2
2024-08-14 10:00:00,2
2024-08-14 10:15:00,2
2024-08-14 10:30:00,2
2024-08-14 10:45:00,2
2024-08-15 11:00:00,2
2024-08-15 11:15:00,2
2024-08-15 11:30:00,2
2024-08-15 13:15:00,2
2024-08-15 13:30:00,2
2024-08-16 14:45:00,1
2024-08-16 15:00:00,1
2024-08-19 09:45:00,1
2024-08-19 10:00:00,1
2024-08-19 10:15:00,1
2024-08-21 10:00:00,2
2024-08-21 10:15:00,2
2024-08-21 10:30:00,2
2024-08-21 10:45:00,2
2024-08-21 11:00:00,2
2024-08-22 14:45:00,2
2024-08-22 15:00:00,2
2024-08-23 09:45:00,2
2024-08-23 10:00:00,2
2024-08-23 10:15:00,2
2024-08-27 11:30:00,3
2024-08-27 13:15:00,3
2024-08-27 13:30:00,3
2024-08-27 13:45:00,3
2024-08-27 14:00:00,3
2024-08-28 10:30:00,3
2024-08-28 10:45:00,3
2024-08-28 11:00:00,3
2024-08-28 11:15:00,3
2024-08-28 11:30:00,3
2024-08-29 10:45:00,1
2024-08-29 11:00:00,1
2024-08-29 11:15:00,1
2024-08-29 11:30:00,1
2024-08-29 13:15:00,1
2024-08-30 10:15:00,2
2024-08-30 10:30:00,2
2024-08-30 10:45:00,2
2024-08-30 11:00:00,2
2024-08-30 11:15:00,2
2024-09-05 13:45:00,3
2024-09-05 14:00:00,3
2024-09-05 14:15:00,3
2024-09-05 14:30:00,3
2024-09-05 14:45:00,3
2024-09-06 09:45:00,2
2024-09-06 10:00:00,2
2024-09-06 10:15:00,2
2024-09-06 10:30:00,2
2024-09-06 10:45:00,2
2024-09-09 13:45:00,2
2024-09-09 14:00:00,2
2024-09-09 14:15:00,2
2024-09-09 14:30:00,2
2024-09-09 14:45:00,2
2024-09-11 10:45:00,3
2024-09-11 11:00:00,3
2024-09-11 11:15:00,3
2024-09-11 11:30:00,3
2024-09-11 13:15:00,3
2024-09-13 09:45:00,2
2024-09-13 10:00:00,2
2024-09-13 10:15:00,2
2024-09-13 10:30:00,2
2024-09-13 10:45:00,2
2024-09-19 11:30:00,2
2024-09-19 13:15:00,2
2024-09-19 13:30:00,2
2024-09-19 13:45:00,2
2024-09-19 14:00:00,2
2024-09-23 10:15:00,2
2024-09-23 10:30:00,2
2024-09-23 10:45:00,2
2024-09-23 11:00:00,2
2024-09-23 11:15:00,2
2024-09-25 10:00:00,1
2024-09-25 10:15:00,1
2024-09-25 10:30:00,1
2024-09-25 10:45:00,1
2024-09-25 11:00:00,1
2024-09-26 13:15:00,1
2024-09-26 13:30:00,1
2024-09-26 13:45:00,1
2024-09-26 14:00:00,1
2024-09-26 14:15:00,1
2024-09-30 10:00:00,1
2024-09-30 10:15:00,1
2024-09-30 10:30:00,1
2024-09-30 10:45:00,1
2024-09-30 11:00:00,1
2024-10-11 10:30:00,2
2024-10-11 10:45:00,2
2024-10-11 11:00:00,2
2024-10-11 11:15:00,2
2024-10-11 11:30:00,2
2024-10-14 13:45:00,3
2024-10-14 14:00:00,3
2024-10-14 14:15:00,3
2024-10-14 14:30:00,3
2024-10-14 14:45:00,3
2024-10-15 14:15:00,2
2024-10-15 14:30:00,2
2024-10-15 14:45:00,2
2024-10-15 15:00:00,2
2024-10-16 09:45:00,2
2024-10-17 09:45:00,3
2024-10-17 10:00:00,3
2024-10-17 10:15:00,3
2024-10-17 10:30:00,3
2024-10-17 10:45:00,3
2024-10-18 10:30:00,3
2024-10-18 10:45:00,3
2024-10-18 11:00:00,3
2024-10-18 11:15:00,3
2024-10-18 11:30:00,3
2024-10-18 13:45:00,1
2024-10-18 14:00:00,1
2024-10-18 14:15:00,1
2024-10-18 14:30:00,1
2024-10-18 14:45:00,1
2024-10-22 09:45:00,1
2024-10-22 10:00:00,1
2024-10-22 10:15:00,1
2024-10-22 10:30:00,1
2024-10-22 10:45:00,1
2024-10-24 13:15:00,3
2024-10-24 13:30:00,3
2024-10-24 13:45:00,3
2024-10-24 14:00:00,3
2024-10-24 14:15:00,3
2024-10-29 10:00:00,2
2024-10-29 10:15:00,2
2024-10-29 10:30:00,2
2024-10-29 10:45:00,2
2024-10-29 11:00:00,2
2024-10-31 13:45:00,3
2024-10-31 14:00:00,3
2024-10-31 14:15:00,3
2024-10-31 14:30:00,3
2024-10-31 14:45:00,3
2024-11-04 13:45:00,3
2024-11-04 14:00:00,3
2024-11-04 14:15:00,3
2024-11-04 14:30:00,3
2024-11-04 14:45:00,3
2024-11-06 09:45:00,3
2024-11-06 10:00:00,3
2024-11-06 10:15:00,3
2024-11-06 10:30:00,3
2024-11-06 10:45:00,3
2024-11-07 10:15:00,1
2024-11-07 10:30:00,1
2024-11-07 10:45:00,1
2024-11-07 11:00:00,1
2024-11-07 11:15:00,1
2024-11-08 10:15:00,2
2024-11-08 10:30:00,2
2024-11-08 10:45:00,2
2024-11-08 11:00:00,2
2024-11-08 11:15:00,2
2024-11-12 14:30:00,2
2024-11-12 14:45:00,2
2024-11-12 15:00:00,2
2024-11-13 09:45:00,2
2024-11-13 10:00:00,2
2024-11-15 14:30:00,2
2024-11-15 14:45:00,2
2024-11-15 15:00:00,2
2024-11-18 09:45:00,2
2024-11-18 10:00:00,2
2024-11-20 10:30:00,1
2024-11-20 10:45:00,1
2024-11-20 11:00:00,1
2024-11-20 11:15:00,1
2024-11-20 11:30:00,1
2024-11-21 10:00:00,1
2024-11-21 10:15:00,1
2024-11-21 10:30:00,1
2024-11-21 10:45:00,1
2024-11-21 11:00:00,1
2024-11-22 09:45:00,2
2024-11-22 10:00:00,2
2024-11-22 10:15:00,2
2024-11-22 10:30:00,2
2024-11-22 10:45:00,2
2024-11-27 13:30:00,3
2024-11-27 13:45:00,3
2024-11-27 14:00:00,3
2024-11-27 14:15:00,3
2024-11-27 14:30:00,3
2024-11-28 13:15:00,3
2024-11-28 13:30:00,3
2024-11-28 13:45:00,3
2024-11-28 14:00:00,3
2024-11-28 14:15:00,3
2024-11-29 11:15:00,1
2024-11-29 11:30:00,1
2024-11-29 13:15:00,1
2024-11-29 13:30:00,1
2024-11-29 13:45:00,1
2024-12-03 14:30:00,3
2024-12-03 14:45:00,3
2024-12-03 15:00:00,3
2024-12-04 09:45:00,3
2024-12-04 10:00:00,3
2024-12-05 10:00:00,2
2024-12-05 10:15:00,2
2024-12-05 10:30:00,2
2024-12-05 10:45:00,2
2024-12-05 11:00:00,2
2024-12-06 10:45:00,1
2024-12-06 11:00:00,1
2024-12-06 11:15:00,1
2024-12-06 11:30:00,1
2024-12-06 13:15:00,1
2024-12-10 10:00:00,1
2024-12-10 10:15:00,1
2024-12-10 10:30:00,1
2024-12-10 10:45:00,1
2024-12-10 11:00:00,1
2024-12-11 09:45:00,1
2024-12-11 10:00:00,1
2024-12-11 10:15:00,1
2024-12-11 10:30:00,1
2024-12-11 10:45:00,1
2024-12-12 10:00:00,1
2024-12-12 10:15:00,1
2024-12-12 10:30:00,1
2024-12-12 10:45:00,1
2024-12-12 11:00:00,1
2024-12-16 09:45:00,2
2024-12-16 10:00:00,2
2024-12-16 10:15:00,2
2024-12-16 10:30:00,2
2024-12-16 10:45:00,2
2024-12-17 09:45:00,2
2024-12-17 10:00:00,2
2024-12-17 10:15:00,2
2024-12-17 10:30:00,2
2024-12-17 10:45:00,2
2024-12-19 11:00:00,3
2024-12-19 11:15:00,3
2024-12-19 11:30:00,3
2024-12-19 13:15:00,3
2024-12-19 13:30:00,3
2024-12-19 14:30:00,3
2024-12-19 14:45:00,3
2024-12-19 15:00:00,3
2024-12-20 09:45:00,3
2024-12-20 10:00:00,3
2024-12-20 10:30:00,1
2024-12-20 10:45:00,1
2024-12-20 11:00:00,1
2024-12-20 11:15:00,1
2024-12-20 11:30:00,1
2024-12-23 14:15:00,2
2024-12-23 14:30:00,2
2024-12-23 14:45:00,2
2024-12-23 15:00:00,2
2024-12-24 09:45:00,2
2024-12-25 10:00:00,2
2024-12-25 10:15:00,2
2024-12-25 10:30:00,2
2024-12-25 10:45:00,2
2024-12-25 11:00:00,2
2024-12-26 10:00:00,2
2024-12-26 10:15:00,2
2024-12-26 10:30:00,2
2024-12-26 10:45:00,2
2024-12-26 11:00:00,2
2024-12-30 10:00:00,1
2024-12-30 10:15:00,1
2024-12-30 10:30:00,1
2024-12-30 10:45:00,1
2024-12-30 11:00:00,1
2024-12-31 09:45:00,2
2024-12-31 10:00:00,2
2024-12-31 10:15:00,2
2024-12-31 10:30:00,2
2024-12-31 10:45:00,2
2025-01-07 10:15:00,2
2025-01-07 10:30:00,2
2025-01-07 10:45:00,2
2025-01-07 11:00:00,2
2025-01-07 11:15:00,2
